player_id,position,season,fantasy_pts,fantasy_pts_low_raw,fantasy_pts_low,fantasy_pts_high,fantasy_low_floor_applied,pg_attempts,pg_carries,pg_completions,pg_interceptions,pg_passing_tds,pg_passing_yards,pg_receiving_tds,pg_receiving_yards,pg_receptions,pg_rushing_tds,pg_rushing_yards,pg_targets,any_stat_low_n_flag,any_receiving_share_capped,any_receiving_share_normalized,display_name,team,source,low_confidence,rookie_tier,team_changed,roster_status,depth_rank,role,depth_chart_status,projected_games,projected_games_raw,role_discount_factor,role_discount_applied,nfl_depth_rank,projected_volume_games,athletic_tier,target_depth_rank,rookie_depth_band,rookie_vacancy_scale,rookie_id_unresolved,rookie_availability_cell_n,rookie_availability_fallback_used,team_pass_attempts_pg_pred,team_passing_yards_pg_pred,team_carries_pg_pred,team_rushing_yards_pg_pred,team_anchor_source_season,team_anchor_lag_team,team_anchor_provenance,fantasy_pts_season,fantasy_pts_season_low,fantasy_pts_season_high
00-0036355,QB,2026,19.41012538266803,10.618597581820577,10.618597581820577,29.5110552021975,False,31.943792858604347,4.5597396963381165,21.616408563064308,0.6022775955206809,1.770574354801335,238.42407620832068,,,,0.29246591527925697,22.40624614495683,,False,False,False,Justin Herbert,LAC,veteran_model,False,,False,ACT,1.0,starter,curated,14.906977473536433,14.906977473536433,1.0,False,1.0,14.906977473536433,,,,,,,,34.81078054136303,231.00756121830653,26.604787498731607,118.73875848668648,2025.0,LAC,canonical_source_team_frame,289.3463018379501,158.2911949527478,439.92063511944826
00-0034857,QB,2026,18.955778954310393,10.164251153462939,10.164251153462939,29.05670877383986,False,27.301620770304037,6.089131560753759,16.443915400561004,0.5713656713687033,1.3594063925709843,195.94882150769033,,,,0.5665595214949763,34.23574737486391,,False,False,False,Josh Allen,BUF,veteran_model,False,,False,ACT,1.0,starter,curated,14.054539056616985,14.054539056616985,1.0,False,1.0,14.054539056616985,,,,,,,,33.21002626467289,231.99810200162543,27.995140482336904,133.52540408900225,2025.0,BUF,canonical_source_team_frame,266.41473566195367,142.85386481760912,408.37864831867773
00-0036971,QB,2026,18.71504880834977,9.923521007502318,9.923521007502318,28.815978627879243,False,30.993919803863218,3.871564184360902,20.75222034843043,0.6110947353111241,1.7967524911371808,227.14149600080856,,,,0.2975997285789055,18.78970102917523,,False,False,False,Trevor Lawrence,JAX,veteran_model,False,,False,ACT,1.0,starter,curated,15.315024381648376,15.315024381648376,1.0,False,1.0,15.315024381648376,,,,,,,,34.281611997177656,230.87870372906116,27.439030345261777,117.85703830149006,2025.0,JAX,canonical_source_team_frame,286.62142880361614,151.97896618169787,441.3174152670291
00-0039851,QB,2026,18.214899192702777,9.423371391855323,9.423371391855323,28.315829012232243,False,28.328290631767814,5.01393504386697,19.217345530610856,0.6043403509257979,1.5634447770034101,224.4557073582642,,,,0.21655824334482868,28.922230321411934,,False,False,False,Drake Maye,NE,veteran_model,False,,False,ACT,1.0,starter,curated,14.026443916982199,14.026443916982199,1.0,False,1.0,14.026443916982199,,,,,,,,33.746856976402874,243.7564166874116,26.990735238510595,121.6874228230549,2025.0,NE,canonical_source_team_frame,255.49026197992984,132.17639033675317,397.17038760293303
00-0033077,QB,2026,17.962946721607473,9.623714495639026,9.623714495639026,28.063876541136942,False,34.696495153087284,2.8175673092169427,23.30016804636849,0.6799009671070478,1.83596928110649,254.84707116891988,,,,0.09245879429666005,12.302359188588547,,False,False,False,Dak Prescott,DAL,veteran_model,False,,False,ACT,1.0,starter,curated,13.11018395144303,13.11018395144303,1.0,False,1.0,13.11018395144303,,,,,,,,34.848900159202955,250.0561914085082,26.916637322594873,120.71500490898475,2025.0,DAL,canonical_source_team_frame,235.4975358302445,126.16866733399642,367.9225838448921
00-0033873,QB,2026,17.510806647780242,8.719278846932786,8.719278846932786,27.61173646730971,False,30.862758099353805,4.563030519281061,19.850298627072608,0.6390966439840551,1.470748449873431,230.21819374255034,,,,0.19034042487712138,25.55235837289885,,False,False,False,Patrick Mahomes,KC,veteran_model,False,,False,ACT,1.0,starter,curated,15.6095133315482,15.6095133315482,1.0,False,1.0,15.6095133315482,,,,,,,,35.16438169616012,230.57945355267083,25.927946034942906,113.12705785543977,2025.0,KC,canonical_source_team_frame,273.3351698146885,136.10369940268353,431.00576849366655
00-0039139,RB,2026,17.40737258665052,12.816377337882475,12.816377337882475,23.815478719907944,False,,14.95369964851081,,,,,0.19919179087529285,35.96996027582114,4.464996384248497,0.5724221283352501,69.48194851680901,5.529489240179408,False,False,False,Jahmyr Gibbs,DET,veteran_model,False,,False,ACT,1.0,starter,curated,15.868596027890396,15.868596027890396,1.0,False,1.0,15.868596027890396,,,,,,,,33.92979712201368,246.18859977155995,26.79038838236451,118.19015619651694,2025.0,DET,canonical_source_team_frame,276.2305634845306,203.37791451586634,377.9182110170394
00-0033119,QB,2026,17.337660250545895,9.097107626036012,9.097107626036012,27.43859007007536,False,33.85916876889593,2.5788963219590406,22.615813330422256,0.6616948720638549,1.6975677667510654,254.66264193861923,,,,0.07601219405356609,12.282000858031786,,False,False,False,Jacoby Brissett,ARI,veteran_model,False,,False,ACT,1.0,starter,curated,13.779722233164795,13.779722233164795,1.0,False,1.0,13.779722233164795,,,,,,,,36.213963863137224,240.76907152016224,24.989656676740175,107.79270996792926,2025.0,ARI,canonical_source_team_frame,238.9081424255048,125.35561621198144,378.0961496353122
00-0039732,QB,2026,17.305317891863552,8.513790091016098,8.513790091016098,27.40624771139302,False,30.576892542581994,4.040699263198057,20.749102258832345,0.6256326707288247,1.616233432609742,225.36297649621113,,,,0.20374080063152353,18.54685639244647,,False,False,False,Bo Nix,DEN,veteran_model,False,,False,ACT,1.0,starter,curated,15.44054459068686,15.44054459068686,1.0,False,1.0,15.44054459068686,,,,,,,,34.86578769636352,230.0781619883208,26.560893200255975,117.8845379552942,2025.0,DEN,canonical_source_team_frame,267.2035325653303,131.457555536082,423.16738985117365
00-0033280,RB,2026,16.756130362593915,12.165135113825865,12.165135113825865,23.164236495851334,False,,16.553919578806553,,,,,0.19913196591739085,33.59122307419014,4.262658893307192,0.561369297772601,67.02671026381353,5.3018163719955185,False,False,False,Christian McCaffrey,SF,veteran_model,False,,False,ACT,1.0,starter,curated,14.327519120543409,14.327519120543409,1.0,False,1.0,14.327519120543409,,,,,,,,34.24811794566182,240.12307936832372,26.942362571611483,112.84801793050981,2025.0,SF,canonical_source_team_frame,240.07377815638228,174.2962059473341,331.88604130709945
00-0036389,QB,2026,16.656530033158596,7.865002232311141,7.865002232311141,26.75745985268806,False,29.88252427747363,4.309725888921528,18.471903211812517,0.6363967636641609,1.3269388372794115,210.5776156329901,,,,0.3757540566584442,19.43939246099003,,False,False,False,Jalen Hurts,PHI,veteran_model,False,,False,ACT,1.0,starter,curated,14.624656145227398,14.624656145227398,1.0,False,1.0,14.624656145227398,,,,,,,,32.80438240429993,217.87396873427076,27.510207278943774,118.95507060419129,2025.0,PHI,canonical_source_team_frame,243.5960243075976,115.02295322899633,391.31864966528985
00-0026498,QB,2026,16.485435441024862,8.910735991000667,8.910735991000667,26.586365260554327,False,36.13910781437401,2.0064633369997167,25.1043168483212,0.8063777559476032,1.6598403582446333,265.3502771063709,,,,0.06111693436288015,4.781168295094186,,False,False,False,Matthew Stafford,LA,veteran_model,False,,False,ACT,1.0,starter,curated,13.559418370926062,13.559418370926062,1.0,False,1.0,13.559418370926062,,,,,,,,34.82389907724694,249.40392878109913,26.591959033295254,121.3859631065696,2025.0,LA,canonical_source_team_frame,223.5329161717481,120.82439729484649,360.4956495301108
00-0039163,QB,2026,15.704501242212743,7.061909966994065,7.061909966994065,25.805431061742212,False,30.03139472766518,3.1030564389822497,18.584556745896133,0.6906993644401557,1.515709502133016,221.76204901389954,,,,0.14301863583836513,12.944681869748182,,False,False,False,C.J. Stroud,HOU,veteran_model,False,,False,ACT,1.0,starter,curated,13.784791211476522,13.784791211476522,1.0,False,1.0,13.784791211476522,,,,,,,,34.321125448974,230.7196594149492,27.0161290584345,113.89625214465637,2025.0,HOU,canonical_source_team_frame,216.48327070427635,97.34695444925825,355.7224793082673
00-0039918,QB,2026,15.660053379075544,7.111116558646861,7.111116558646861,25.76098319860501,False,28.480234965641902,3.93038776895004,18.320994522443968,0.5428230129980227,1.4860087732126763,203.08558089039767,,,,0.12740956004003284,19.137837163647816,,False,False,False,Caleb Williams,CHI,veteran_model,False,,False,ACT,1.0,starter,curated,14.65351556232956,14.65351556232956,1.0,False,1.0,14.65351556232956,,,,,,,,33.73805380586444,231.60768553241846,27.696271758130365,127.85601286134171,2025.0,CHI,canonical_source_team_frame,229.47483589719508,104.2028571576712,377.48896820166885
00-0039040,RB,2026,15.420195398248794,10.829200149480744,10.829200149480744,21.828301531506213,False,,15.24483644074332,,,,,0.19196410185216234,30.384598573901002,3.697912719627713,0.40393842498556937,69.57364020018446,4.744591510858573,False,False,False,De'Von Achane,MIA,veteran_model,False,,False,ACT,1.0,starter,curated,15.866188966678283,15.866188966678283,1.0,False,1.0,15.866188966678283,,,,,,,,32.35681053457549,214.6121451327766,26.7390775924456,118.26868781082811,2025.0,MIA,canonical_source_team_frame,244.65973409171824,171.8181359296422,346.33195692051055
00-0034855,QB,2026,15.345714840178225,6.55418703933077,6.55418703933077,25.446644659707694,False,32.13106494566306,2.7194828708079615,19.78062816756427,0.6767700410317757,1.3047880730165045,225.60847975270698,,,,0.18382305904381085,13.528250858046151,,False,False,False,Baker Mayfield,TB,veteran_model,False,,False,ACT,1.0,starter,curated,14.111791077709055,14.111791077709055,1.0,False,1.0,14.111791077709055,,,,,,,,33.5451456097649,223.7139473344186,27.714856316659535,117.7146256375168,2025.0,TB,canonical_source_team_frame,216.55552176269453,92.4913181832643,359.09773306649583
00-0038542,RB,2026,15.199103361016952,10.608108112248903,10.608108112248903,21.60720949427437,False,,14.936057772277138,,,,,0.19387457263197883,27.40546860228291,3.994663649663118,0.41861158500738205,67.86307730120936,5.197566615483554,False,False,False,Bijan Robinson,ATL,veteran_model,False,,False,ACT,1.0,starter,curated,15.74958098568506,15.74958098568506,1.0,False,1.0,15.74958098568506,,,,,,,,33.103579364958776,223.6760928436624,27.565529595779658,121.0212845239931,2025.0,ATL,canonical_source_team_frame,239.3795092941345,167.07325781876676,340.30449580473737
00-0041027,RB,2026,15.148135870177805,6.74686783176845,6.74686783176845,22.555054878876092,False,,16.128539408517216,,,,,0.1387980851343135,24.79725836328859,3.2652215377994667,0.5022906861419415,71.89266637291682,4.377575657881974,True,False,False,Jeremiyah Love,ARI,rookie_rule,True,drafted,False,,1.0,starter,rookie_path,15.125,15.125,1.0,False,1.0,15.125,above_median,1.0,rank_1,1.0024268349689045,False,8.0,False,,,,,,,,229.1155550364393,102.0463759554978,341.1452050430009
00-0039075,WR,2026,15.07700319943011,12.09689139138243,12.09689139138243,19.185757281517233,False,,,,,,,0.5683172558961207,80.75471540207808,7.183256247691153,,,10.09187284379746,False,False,False,Puka Nacua,LA,veteran_model,False,,False,ACT,2.0,starter,curated,14.813217073136606,14.813217073136606,1.0,False,1.0,14.813217073136606,,,,,,,,34.82389907724694,249.40392878109913,26.591959033295254,121.3859631065696,2025.0,LA,canonical_source_team_frame,223.33892120553332,179.19387809070545,284.202787323626
00-0036264,QB,2026,14.675291662142076,6.353906200058615,6.353906200058615,24.77622148167155,False,28.880428117514636,2.863657806451861,18.360407081073074,0.5768682900174861,1.4691087545706931,204.49888749117827,,,,0.08948433364916253,12.357317223521717,,False,False,False,Jordan Love,GB,veteran_model,False,,False,ACT,1.0,starter,curated,13.954106580460103,13.954106580460103,1.0,False,1.0,13.954106580460103,,,,,,,,32.63743765242263,227.66151029204218,27.533819286041897,118.40278157385839,2025.0,GB,canonical_source_team_frame,204.78058395286803,88.66308431786418,345.7300352163299
00-0035710,QB,2026,14.673287270351054,6.366948810040487,6.366948810040487,24.77421708988052,False,25.505220812556118,2.964057620985912,16.50579562279677,0.7349692795655844,1.5011118983128533,209.60292464379611,,,,0.0869765000203466,12.328022503568851,,False,False,False,Daniel Jones,IND,veteran_model,False,,False,ACT,1.0,starter,curated,12.295582765638772,12.295582765638772,1.0,False,1.0,12.295582765638772,,,,,,,,33.819686508835005,234.02693422664208,26.500800154053703,117.38636019360476,2025.0,IND,canonical_source_team_frame,180.4166180765952,78.2853460584381,304.61343668252846
00-0040691,QB,2026,14.628236278639456,5.836708477791999,5.836708477791999,24.492131359867017,False,19.721519195124525,6.909550971029029,10.880993614333187,0.3989201915057553,0.8003968992242273,141.94805640802718,,,,0.46562613149423254,37.52810019467572,,False,False,False,Jaxson Dart,NYG,veteran_model,False,,False,ACT,1.0,starter,curated,13.845830872017133,13.845830872017133,1.0,False,1.0,13.845830872017133,,,,,,,,33.24318823444577,223.72200991226288,27.969267844990632,122.67699998352342,2025.0,NYG,canonical_source_team_frame,202.5400854699472,80.81407843277658,339.1139085039457
00-0041512,RB,2026,14.464730051250944,6.442483927684356,6.442483927684356,21.537487048580566,False,,15.400902834813678,,,,,0.13253623088045524,23.678533867803505,3.117911570543986,0.4796299191245317,68.64923979168678,4.1800820056578205,True,False,False,Jadarian Price,SEA,rookie_rule,True,drafted,False,,2.0,committee,rookie_path,13.0,13.0,1.0,False,2.0,13.0,above_median,2.0,rank_2,0.9572025025535296,False,5.0,False,,,,,,,,188.04149066626226,83.75229105989663,279.98733163154736
00-0037248,RB,2026,14.44727106896833,9.889707942295,9.889707942295,20.855377202225746,False,,16.367098076441483,,,,,0.06554587777344832,17.320076079756493,2.1915819017197182,0.6117128902340808,75.55919902087646,2.9111935789985024,False,False,False,James Cook,BUF,veteran_model,False,,False,ACT,1.0,starter,curated,14.193594715728404,14.193594715728404,1.0,False,1.0,14.193594715728404,,,,,,,,33.21002626467289,231.99810200162543,27.995140482336904,133.52540408900225,2025.0,BUF,canonical_source_team_frame,205.05871030120474,140.37050638985554,296.01277165203396
00-0036223,RB,2026,14.399335875122112,9.808340626354063,9.808340626354063,20.80744200837953,False,,16.33419162985127,,,,,0.1371782739064625,17.374286978027072,2.632296357048504,0.5893524594116611,69.86574598886409,3.49605153588198,False,False,False,Jonathan Taylor,IND,veteran_model,False,,False,ACT,1.0,starter,curated,13.1097949844553,13.1097949844553,1.0,False,1.0,13.1097949844553,,,,,,,,33.819686508835005,234.02693422664208,26.500800154053703,117.38636019360476,2025.0,IND,canonical_source_team_frame,188.77234123516314,128.58533474920566,272.7812988807985
00-0038543,WR,2026,14.325530619051964,11.345418811004283,11.345418811004283,18.434284701139084,False,,,,,,,0.5135259470806434,79.65170956439817,6.558407960256569,,,9.366446304287042,False,False,False,Jaxon Smith-Njigba,SEA,veteran_model,False,,False,ACT,1.0,starter,curated,14.930318439350504,14.930318439350504,1.0,False,1.0,14.930318439350504,,,,,,,,32.225845759159824,233.1409897885389,27.937986411950597,119.71889503194852,2025.0,SEA,canonical_source_team_frame,213.88473395511178,169.3907156760913,275.22974078965376
00-0039361,RB,2026,14.233991596380825,9.642996347612776,9.642996347612776,20.642097729638245,False,,15.210684440179,,,,,0.1323747332035175,21.122804519187646,2.689461277139622,0.4812308132040169,70.95347227447041,3.4924423524876835,False,False,False,Bucky Irving,TB,veteran_model,False,,False,ACT,1.0,starter,curated,13.093850071733936,13.093850071733936,1.0,False,1.0,13.093850071733936,,,,,,,,33.5451456097649,223.7139473344186,27.714856316659535,117.7146256375168,2025.0,TB,canonical_source_team_frame,186.37775188533132,126.26394841791964,270.2845328379627
00-0041562,QB,2026,14.089772547169607,7.280392156862744,7.280392156862744,23.20430631329455,False,29.37804529348647,4.237054666466431,17.98260217451394,0.6908464356993769,1.0584339135809726,196.83095368683604,,,,0.21228893655364242,20.90757997449174,,False,False,False,Fernando Mendoza,LV,rookie_rule,True,drafted,False,,2.0,backup,rookie_path,9.941176470588236,9.941176470588236,1.0,False,2.0,9.941176470588236,no_data,2.0,rank_2,1.0,False,17.0,False,,,,,,,,140.06891532186256,72.37566320645905,230.6781039380458
00-0036442,QB,2026,14.011576389246818,6.3690324295429175,6.3690324295429175,24.112506208776285,False,30.808919655067086,1.8944483377122698,19.992618775584607,0.7935978306428095,1.46179235509063,220.9734921200879,,,,0.07045229965431371,4.899491474405198,,False,False,False,Joe Burrow,CIN,veteran_model,False,,False,ACT,1.0,starter,curated,15.410357664457141,15.410357664457141,1.0,False,1.0,15.410357664457141,,,,,,,,35.761155714222895,238.6430156013012,25.120234653951606,107.36930606582474,2025.0,CIN,canonical_source_team_frame,215.92340360115642,98.14906771578279,371.58234486368605
00-0033106,QB,2026,13.846862860220497,6.340665107702567,6.340665107702567,23.947792679749966,False,30.308850598276372,1.5964280714964967,20.107458704011048,0.6852083841399293,1.4459208049430026,216.43199176369788,,,,0.06150847393159442,4.072658945908659,,False,False,False,Jared Goff,DET,veteran_model,False,,False,ACT,1.0,starter,curated,15.174676628525294,15.174676628525294,1.0,False,1.0,15.174676628525294,,,,,,,,33.92979712201368,246.18859977155995,26.79038838236451,118.19015619651694,2025.0,DET,canonical_source_team_frame,210.12166622338287,96.21754261915996,363.40000988217093
00-0035700,RB,2026,13.720975855174032,9.129980606405983,9.129980606405983,20.129081988431448,False,,14.537639926256826,,,,,0.10225613195517246,18.61187300448723,2.8261400076582257,0.5330984909975905,66.34590813179616,3.522954214900689,False,False,False,Josh Jacobs,GB,veteran_model,False,,False,ACT,1.0,starter,curated,13.409095438150018,13.409095438150018,1.0,False,1.0,13.409095438150018,,,,,,,,32.63743765242263,227.66151029204218,27.533819286041897,118.40278157385839,2025.0,GB,canonical_source_team_frame,183.98587474658066,122.4247812997566,269.9127814652238
00-0038120,RB,2026,13.647532597719009,9.173246107765017,9.173246107765017,20.055638730976426,False,,14.966123231991027,,,,,0.05166643832022545,20.410387630861603,2.3560375211252516,0.5355701793917603,69.05055367798307,3.003507739709311,False,False,False,Breece Hall,NYJ,veteran_model,False,,False,ACT,1.0,starter,curated,14.64440575098829,14.64440575098829,1.0,False,1.0,14.64440575098829,,,,,,,,32.40798584142275,201.12864296169278,27.468730025987202,119.28333380861694,2025.0,NYJ,canonical_source_team_frame,199.8600048608364,134.33673805578496,293.70291117165465
00-0036900,WR,2026,13.511291552405423,10.531179744357745,10.531179744357745,17.620045634492545,False,,,,,,,0.5417622157871591,72.2255036496583,6.076335785433276,,,9.011406894705631,False,False,False,Ja'Marr Chase,CIN,veteran_model,False,,False,ACT,1.0,starter,curated,14.81249136477743,14.81249136477743,1.0,False,1.0,14.81249136477743,,,,,,,,35.761155714222895,238.6430156013012,25.120234653951606,107.36930606582474,2025.0,CIN,canonical_source_team_frame,200.13588944699555,155.99300902421808,260.9967738079051
00-0034796,QB,2026,13.493672919776502,5.030787662135438,5.030787662135438,23.553050110460738,False,22.333715513139094,4.422580581350364,13.06264483166653,0.49666124623409047,1.1693004410553465,161.598796603169,,,,0.11306763290876286,26.67435986443961,,False,False,False,Lamar Jackson,BAL,veteran_model,False,,False,ACT,1.0,starter,curated,13.387795416018399,13.387795416018399,1.0,False,1.0,13.387795416018399,,,,,,,,31.3716833460928,213.64210242557778,28.058067379544,132.6208163798309,2025.0,BAL,canonical_source_team_frame,180.65053246063547,67.35115600209873,315.32341630207793
00-0032764,RB,2026,13.471087425517936,9.025542806411412,9.025542806411412,19.879193558775356,False,,13.494562787636148,,,,,0.04687612651231423,13.126606316276922,1.806232168331234,0.6350480711989938,71.63765523456777,2.2241550044059135,False,False,False,Derrick Henry,BAL,veteran_model,False,,False,ACT,1.0,starter,curated,15.041647400656554,15.041647400656554,1.0,False,1.0,15.041647400656554,,,,,,,,31.3716833460928,213.64210242557778,28.058067379544,132.6208163798309,2025.0,BAL,canonical_source_team_frame,202.62734715805905,135.75903249357268,299.01582012050187
00-0037834,QB,2026,13.388329294453248,4.993867910559497,4.993867910559497,23.48925911398272,False,22.907342626047747,3.011113008797006,16.103702102497962,0.6156405197301839,1.3324698368276082,190.62876542617326,,,,0.1338385923446456,8.61548815488379,,False,False,False,Brock Purdy,SF,veteran_model,False,,False,ACT,1.0,starter,curated,15.690176660849977,15.690176660849977,1.0,False,1.0,15.690176660849977,,,,,,,,34.24811794566182,240.12307936832372,26.942362571611483,112.84801793050981,2025.0,SF,canonical_source_team_frame,210.0652518236044,78.35466973762826,368.55062513086926
00-0040743,QB,2026,13.276352220266766,4.484824419419308,4.484824419419308,23.377282039796228,False,28.269970942707165,3.7263010137217583,17.883683807190597,0.5920227070205085,1.0779849729289708,189.5271364734735,,,,0.21684774022761005,12.662858422872981,,False,False,False,Tyler Shough,NO,veteran_model,False,,False,ACT,1.0,starter,curated,13.289163281527777,13.289163281527777,1.0,False,1.0,13.289163281527777,,,,,,,,34.20105181449663,231.16042627321303,26.953986866698713,109.11968596923658,2025.0,NO,canonical_source_team_frame,176.4316124381989,59.5995639986462,310.6645181051788
00-0036963,WR,2026,13.235404826365375,10.255293018317698,10.255293018317698,17.3441589084525,False,,,,,,,0.5484193874478958,71.93215339253915,5.503346324848172,,,8.448508509969034,False,False,False,Amon-Ra St. Brown,DET,veteran_model,False,,False,ACT,2.0,starter,curated,14.391730142064066,14.391730142064066,1.0,False,1.0,14.391730142064066,,,,,,,,33.92979712201368,246.18859977155995,26.79038838236451,118.19015619651694,2025.0,DET,canonical_source_team_frame,190.4803745820228,147.59140964742198,249.61245455152482
00-0038597,RB,2026,13.123099201586164,8.532103952818115,8.532103952818115,19.531205334843584,False,,13.582895524965764,,,,,0.10011010779885014,24.376769122044752,3.0829078770393865,0.40698890564388557,61.013742702055815,3.9832755423656536,False,False,False,Chase Brown,CIN,veteran_model,False,,False,ACT,1.0,starter,curated,14.644053408473052,14.644053408473052,1.0,False,1.0,14.644053408473052,,,,,,,,35.761155714222895,238.6430156013012,25.120234653951606,107.36930606582474,2025.0,CIN,canonical_source_team_frame,192.17536559271787,124.94458597171253,286.01601405530323
00-0039910,QB,2026,12.909460106531009,4.117932305683551,4.117932305683551,22.972574034656194,False,23.941318738364636,6.4402758071161355,14.280241991330028,0.4985296149545673,0.8649427744424528,156.75549958461116,,,,0.21209269795344296,29.03972067565226,,False,False,False,Jayden Daniels,WAS,veteran_model,False,,False,ACT,1.0,starter,curated,11.04053840293722,11.04053840293722,1.0,False,1.0,11.04053840293722,,,,,,,,32.67019161591956,214.93952859258042,27.26986368464489,124.1188052104396,2025.0,WAS,canonical_source_team_frame,142.5273900673416,45.46418976159505,253.62958584394013
00-0039150,QB,2026,12.810906435429647,4.042810391063837,4.042810391063837,22.911836254959113,False,24.97887721486901,2.940110676138432,16.55287749358666,0.5370936955205775,1.0949261925089362,184.09983880046448,,,,0.16393609736288706,11.57778920239155,,False,False,False,Bryce Young,CAR,veteran_model,False,,False,ACT,1.0,starter,curated,14.190156731411271,14.190156731411271,1.0,False,1.0,14.190156731411271,,,,,,,,33.08175557965288,214.53923085029226,26.979775160632926,116.45258332427315,2025.0,CAR,canonical_source_team_frame,181.78877019019197,57.368113084573935,325.1225474623009
00-0034869,QB,2026,12.565556627530844,5.320263224500191,5.320263224500191,22.556896976443856,False,27.237576858907616,1.5092548181912688,17.430697390764163,0.46264282534847945,1.2986485129720153,194.52089594116467,,,,0.04259290784161809,2.5985494164344627,,False,False,False,Sam Darnold,SEA,veteran_model,False,,False,ACT,1.0,starter,curated,13.45130991766501,13.45130991766501,1.0,False,1.0,13.45130991766501,,,,,,,,32.225845759159824,233.1409897885389,27.937986411950597,119.71889503194852,2025.0,SEA,canonical_source_team_frame,169.02319648488694,71.56450947630785,303.41981201098713
00-0037744,TE,2026,12.546334148020353,10.331157295539633,10.331157295539633,15.545041582895958,False,,,,,,,0.5644223977901156,59.782216441866936,6.363156234185933,,,8.740875674592212,False,False,False,Trey McBride,ARI,veteran_model,False,,False,ACT,1.0,starter,curated,14.586091028065104,14.586091028065104,1.0,False,1.0,14.586091028065104,,,,,,,,36.213963863137224,240.76907152016224,24.989656676740175,107.79270996792926,2025.0,ARI,canonical_source_team_frame,183.00197195154652,150.691200738,226.7413915631777
00-0037247,WR,2026,12.520262231079595,9.540150423031918,9.540150423031918,16.629016313166723,False,,,,,,,0.4806701353087085,71.16881750203711,5.038719338047267,,,7.682936699116603,False,False,False,George Pickens,DAL,veteran_model,False,,False,ACT,1.0,starter,curated,14.555451760236231,14.555451760236231,1.0,False,2.0,14.555451760236231,,,,,,,,34.848900159202955,250.0561914085082,26.916637322594873,120.71500490898475,2025.0,DAL,canonical_source_team_frame,182.23807292998669,138.86119926783834,242.0428447664796
00-0037238,WR,2026,12.477237542699033,9.497125734651355,9.497125734651355,16.585991624786153,False,,,,,,,0.5707777382315569,63.73342605832467,5.35845701495445,,,8.73457461492794,False,False,False,Drake London,ATL,veteran_model,False,,False,ACT,1.0,starter,curated,14.303243311446778,14.303243311446778,1.0,False,1.0,14.303243311446778,,,,,,,,33.103579364958776,223.6760928436624,27.565529595779658,121.0212845239931,2025.0,ATL,canonical_source_team_frame,178.46496442794256,135.83970014212107,237.23347377093484
00-0040122,RB,2026,12.443199997695775,7.8522047489277265,7.8522047489277265,18.851306130953198,False,,14.089716409590363,,,,,0.18390041023132497,17.623782752644363,3.005069765450813,0.3275610228134925,61.09518241437028,4.017393873437195,False,False,False,Ashton Jeanty,LV,veteran_model,False,,False,ACT,1.0,starter,curated,13.407282372800495,13.407282372800495,1.0,False,1.0,13.407282372800495,,,,,,,,33.852695887179124,214.57281927994063,25.407262691012978,101.26520419334778,2025.0,LV,canonical_source_team_frame,166.82949599033773,105.27672631791904,252.7447843937947
00-0040715,RB,2026,12.419959895702583,7.828964646934532,7.828964646934532,18.828066028960002,False,,13.312541271322315,,,,,0.09185303704816429,21.239786904739802,2.854562004313031,0.44958086419788656,56.2009679559578,3.4866483092375664,False,False,False,Cam Skattebo,NYG,veteran_model,False,,False,ACT,1.0,starter,curated,13.106722455563347,13.106722455563347,1.0,False,1.0,13.106722455563347,,,,,,,,33.24318823444577,223.72200991226288,27.969267844990632,122.67699998352342,2025.0,NYG,canonical_source_team_frame,162.78496726220123,102.6120667417884,246.77423581659946
00-0037239,WR,2026,12.41992414535919,9.439812337311512,9.439812337311512,16.528678227446314,False,,,,,,,0.5113939969122452,66.39214431431542,5.424691464908353,,,8.90277830647347,False,False,False,Chris Olave,NO,veteran_model,False,,False,ACT,2.0,starter,curated,14.529738993212087,14.529738993212087,1.0,False,1.0,14.529738993212087,,,,,,,,34.20105181449663,231.16042627321303,26.953986866698713,109.11968596923658,2025.0,NO,canonical_source_team_frame,180.4582561475617,137.1580094060396,240.15738054758233
00-0034844,RB,2026,11.928124362095508,7.337129113327459,7.337129113327459,18.33623049535293,False,,15.326812437748277,,,,,0.1607712226117686,16.493228036231564,2.2634120603768344,0.3373908646174063,61.581230049088845,2.8529534728349204,False,False,False,Saquon Barkley,PHI,veteran_model,False,,False,ACT,1.0,starter,curated,14.019090828638312,14.019090828638312,1.0,False,1.0,14.019090828638312,,,,,,,,32.80438240429993,217.87396873427076,27.510207278943774,118.95507060419129,2025.0,PHI,canonical_source_team_frame,167.22145884751035,102.85987946118414,257.05728076920036
00-0040676,QB,2026,11.772638662875828,3.3245055093205025,3.3245055093205025,21.8735684824053,False,26.05599966677511,3.010446771072109,16.45732407101689,0.6845560989873349,0.9650141389156985,180.5766984585847,,,,0.11060894889447309,13.949726734774778,,False,False,False,Cam Ward,TEN,veteran_model,False,,False,ACT,1.0,starter,curated,14.09126171560918,14.09126171560918,1.0,False,1.0,14.09126171560918,,,,,,,,33.99018441127937,212.01753019527843,25.99058571793473,108.16497271051462,2025.0,TEN,canonical_source_team_frame,165.8913324818826,46.84647720681979,308.2261781398734
00-0036554,WR,2026,11.709506185845534,8.729394377797856,8.729394377797856,15.818260267932656,False,,,,,,,0.4487749437933047,65.66252410068832,4.901208226033746,,,7.487505257394983,False,False,False,Nico Collins,HOU,veteran_model,False,,False,ACT,1.0,starter,curated,14.849163221193841,14.849163221193841,1.0,False,1.0,14.849163221193841,,,,,,,,34.321125448974,230.7196594149492,27.0161290584345,113.89625214465637,2025.0,HOU,canonical_source_team_frame,173.87636859319926,129.62420193809223,234.88792859385742
00-0035676,WR,2026,11.691185059384289,8.711073251336611,8.711073251336611,15.799939141471413,False,,,,,,,0.42715742251593114,68.07141218516614,4.642198611544174,,,7.857040447015668,False,False,False,A.J. Brown,NE,veteran_model,False,,True,ACT,1.0,starter,curated,14.350379364167518,14.350379364167518,1.0,False,1.0,14.350379364167518,,,,,,,,33.746856976402874,243.7564166874116,26.990735238510595,121.6874228230549,2025.0,NE,canonical_source_team_frame,167.77294081885188,125.00720582573254,226.735120610874
00-0035261,RB,2026,11.640045060187958,7.258940626666332,7.258940626666332,18.048151193445378,False,,13.784921752955258,,,,,0.03613609558149787,11.470891725010667,1.5361779281704517,0.5371955865251288,62.84876830961905,1.89740293120109,False,False,False,Tony Pollard,TEN,veteran_model,False,,False,ACT,1.0,starter,curated,14.442192891215443,14.442192891215443,1.0,False,1.0,14.442192891215443,,,,,,,,33.99018441127937,212.01753019527843,25.99058571793473,108.16497271051462,2025.0,TEN,canonical_source_team_frame,168.10777602167397,104.83502071619547,260.65488086555837
00-0023459,QB,2026,11.535381160943695,3.881429401407479,3.881429401407479,21.63631098047316,False,30.66021112716896,1.7814616461859984,19.797212161337605,0.6491924274908276,1.0831430133642093,189.42808043174492,,,,0.06806793739947178,5.156631208018856,,False,False,False,Aaron Rodgers,PIT,veteran_model,False,,False,ACT,1.0,starter,curated,14.232122404678385,14.232122404678385,1.0,False,1.0,14.232122404678385,,,,,,,,33.52835881566065,220.61884747889806,26.553754211808794,113.31380639380767,2025.0,PIT,canonical_source_team_frame,164.17295666717172,55.2409783459488,307.930626259781
00-0036139,RB,2026,11.480168870657492,6.889173621889443,6.889173621889443,17.88827500391491,False,,13.08464989079122,,,,,0.09754493405103298,14.196436831074374,2.7999265976194727,0.39362095367873107,57.13566562361733,3.6364956100971724,False,False,False,Rico Dowdle,PIT,veteran_model,True,,True,ACT,2.0,committee,curated,13.23600909315142,13.23600909315142,0.98,True,2.0,13.23600909315142,,,,,,,,33.52835881566065,220.61884747889806,26.553754211808794,113.31380639380767,2025.0,PIT,canonical_source_team_frame,151.95161956293643,91.18516470362756,236.769370612611
00-0036275,RB,2026,11.468496344667285,6.994414751838269,6.994414751838269,17.876602477924703,False,,13.69254363451511,,,,,0.051632288799396166,14.820657459687068,2.0313486042822007,0.43293393256637647,60.633589683628415,2.245036572295341,False,False,False,D'Andre Swift,CHI,veteran_model,False,,False,ACT,1.0,starter,curated,12.081166175095573,12.081166175095573,1.0,False,1.0,12.081166175095573,,,,,,,,33.73805380586444,231.60768553241846,27.696271758130365,127.85601286134171,2025.0,CHI,canonical_source_team_frame,138.55281011840162,84.50068691449799,215.97020518193364
00-0040666,RB,2026,11.45063381201829,6.859638563250242,6.859638563250242,17.85873994527571,False,,13.034382980752579,,,,,0.07642067582840045,17.778969646137508,2.7045229447426085,0.3455944073354595,57.883848760500754,3.353341559514385,False,False,False,Omarion Hampton,LAC,veteran_model,False,,False,ACT,1.0,starter,curated,13.348131100103684,13.348131100103684,1.0,False,1.0,13.348131100103684,,,,,,,,34.81078054136303,231.00756121830653,26.604787498731607,118.73875848668648,2025.0,LAC,canonical_source_team_frame,152.84456130210015,91.5633548415911,238.38080207219863
00-0039064,WR,2026,11.41378795913457,8.433676151086893,8.433676151086893,15.522542041221694,False,,,,,,,0.33596352325699363,67.41058334805045,5.313896969575127,,,8.087086850613444,False,False,False,Zay Flowers,BAL,veteran_model,False,,False,ACT,3.0,starter,curated,15.435990951747112,15.435990951747112,1.0,False,1.0,15.435990951747112,,,,,,,,31.3716833460928,213.64210242557778,28.058067379544,132.6208163798309,2025.0,BAL,canonical_source_team_frame,176.18312766236136,130.1821487581427,239.6058184964122
00-0039067,WR,2026,11.288879317305968,8.308767509258288,8.308767509258288,15.39763339939309,False,,,,,,,0.42778199036235187,57.81497667245083,5.881379415773546,,,8.450759783088222,False,False,False,Rashee Rice,KC,veteran_model,False,,False,ACT,3.0,starter,curated,13.837017483854632,13.837017483854632,1.0,False,1.0,13.837017483854632,,,,,,,,35.16438169616012,230.57945355267083,25.927946034942906,113.12705785543977,2025.0,KC,canonical_source_team_frame,156.2044204866876,114.96856129489024,213.05732255738621
00-0036973,RB,2026,11.060672644191285,6.469677395423236,6.469677395423236,17.468778777448705,False,,12.66070841408515,,,,,0.10181660422695762,15.233883298376636,2.3477931098820255,0.39712573786177685,53.697337068802014,2.9705659661107924,False,False,False,Travis Etienne,NO,veteran_model,False,,True,ACT,1.0,starter,curated,13.292984939785612,13.292984939785612,1.0,False,1.0,13.292984939785612,,,,,,,,34.20105181449663,231.16042627321303,26.953986866698713,109.11968596923658,2025.0,NO,canonical_source_team_frame,147.02935488313346,86.00132418263249,232.21221320507215
00-0039337,WR,2026,10.993388286545667,8.013276478497989,8.013276478497989,15.102142368632789,False,,,,,,,0.45076492060718515,60.639183391241104,4.44976084755689,,,7.3513315730440745,False,False,False,Malik Nabers,NYG,veteran_model,False,,False,ACT,1.0,starter,curated,13.87147688288637,13.87147688288637,1.0,False,1.0,13.87147688288637,,,,,,,,33.24318823444577,223.72200991226288,27.969267844990632,122.67699998352342,2025.0,NYG,canonical_source_team_frame,152.49453148141203,111.15597942766195,209.48901874854855
00-0036358,WR,2026,10.927660506749273,7.947548698701595,7.947548698701595,15.036414588836395,False,,,,,,,0.40333960279223374,63.31684421834667,4.351876936322407,,,7.011565189980907,False,False,False,CeeDee Lamb,DAL,veteran_model,False,,False,ACT,2.0,starter,curated,14.452389756458405,14.452389756458405,1.0,False,1.0,14.452389756458405,,,,,,,,34.848900159202955,250.0561914085082,26.916637322594873,120.71500490898475,2025.0,DAL,canonical_source_team_frame,157.93080876979826,114.86107140206926,217.31212417756083
00-0036997,RB,2026,10.891543774318823,6.319935033140498,6.319935033140498,17.29964990757624,False,,11.467823702482617,,,,,0.0678868135242808,15.20851433645993,2.0867337182870322,0.38295112214709,56.22297867501088,2.560117758871558,False,False,False,Javonte Williams,DAL,veteran_model,False,,False,ACT,1.0,starter,curated,13.236296491405112,13.236296491405112,1.0,False,1.0,13.236296491405112,,,,,,,,34.848900159202955,250.0561914085082,26.916637322594873,120.71500490898475,2025.0,DAL,canonical_source_team_frame,144.1637026460014,83.65253390506582,228.98329537418812
00-0037240,WR,2026,10.876100598008886,7.895988789961208,7.895988789961208,14.98485468009601,False,,,,,,,0.3258473141205336,68.32301568694461,4.177430289182445,,,6.711223759942801,False,False,False,Jameson Williams,DET,veteran_model,False,,False,ACT,1.0,starter,curated,14.57715955565642,14.57715955565642,1.0,False,2.0,14.57715955565642,,,,,,,,33.92979712201368,246.18859977155995,26.79038838236451,118.19015619651694,2025.0,DET,canonical_source_team_frame,158.54265376054573,115.101088440939,218.43661759008438
00-0038128,QB,2026,10.851960001334167,2.0604322004867104,2.0604322004867104,20.457370229941343,False,11.738748056629817,5.828793024557305,7.113266226119955,0.2696777651955606,0.6602954416946872,89.00222049438781,,,,0.35061184569260934,30.863738710153694,,False,False,False,Malik Willis,MIA,veteran_model,False,,True,ACT,1.0,starter,curated,8.167044235960677,8.167044235960677,1.0,False,1.0,8.167044235960677,,,,,,,,32.35681053457549,214.6121451327766,26.7390775924456,118.26868781082811,2025.0,MIA,canonical_source_team_frame,88.62843737777203,16.827640926572762,167.076247619356
00-0030565,QB,2026,10.744351238290173,2.5535669538950825,2.5535669538950825,20.84528105781964,False,22.780299248069483,1.8133091749486787,13.552428371795923,0.6825890970564801,1.1746789010171672,148.7477639569218,,,,0.122651967378101,7.2499146578898745,,False,False,False,Geno Smith,NYJ,veteran_model,False,,True,ACT,1.0,starter,curated,14.31623664995882,14.31623664995882,1.0,False,1.0,14.31623664995882,,,,,,,,32.40798584142275,201.12864296169278,27.468730025987202,119.28333380861694,2025.0,NYJ,canonical_source_team_frame,153.8186749776402,36.55746881347648,298.42597665864986
00-0035228,QB,2026,10.715756142558126,1.9242283417106703,1.9242283417106703,20.81668596208759,False,19.760234207154856,4.577984515792809,11.319813863544699,0.5188361946073153,0.7278839975293578,116.85309284531279,,,,0.29447428679127996,24.009231070951337,,False,False,False,Kyler Murray,MIN,veteran_model,False,,True,ACT,1.0,starter,curated,12.195174652346939,12.195174652346939,1.0,False,1.0,12.195174652346939,,,,,,,,33.317960572598906,212.14905129671848,25.986445691358956,113.34466242181308,2025.0,MIN,canonical_source_team_frame,130.68051769045587,23.46630069815755,253.86312099071694
00-0038559,WR,2026,10.627842657399928,7.64773084935225,7.64773084935225,14.736596739487052,False,,,,,,,0.4148546223583466,59.25128449468217,4.427172947563263,,,6.809818734301698,False,False,False,Michael Wilson,ARI,veteran_model,False,,False,ACT,2.0,starter,curated,14.900063288448205,14.900063288448205,1.0,False,2.0,14.900063288448205,,,,,,,,36.213963863137224,240.76907152016224,24.989656676740175,107.79270996792926,2025.0,ARI,canonical_source_team_frame,158.35552821492848,113.95167366836627,219.57622407469654
00-0031381,WR,2026,10.61883034342304,7.638718535375363,7.638718535375363,14.727584425510162,False,,,,,,,0.5073962073314923,53.86583287041712,4.375739624784749,,,7.289767909165578,False,False,False,Davante Adams,LA,veteran_model,False,,False,ACT,1.0,starter,curated,13.099670327108868,13.099670327108868,1.0,False,2.0,13.099670327108868,,,,,,,,34.82389907724694,249.40392878109913,26.591959033295254,121.3859631065696,2025.0,LA,canonical_source_team_frame,139.10317675834207,100.06469453499315,192.92650068884618
00-0038117,WR,2026,10.605911127808923,7.625799319761245,7.625799319761245,14.714665209896046,False,,,,,,,0.3281970888476757,59.88251594724979,5.296953999995779,,,8.089476818846675,False,False,False,Wan'Dale Robinson,TEN,veteran_model,False,,True,ACT,3.0,starter,curated,14.478772923170395,14.478772923170395,1.0,False,2.0,14.478772923170395,,,,,,,,33.99018441127937,212.01753019527843,25.99058571793473,108.16497271051462,2025.0,TEN,canonical_source_team_frame,153.5605788628714,110.41221670849032,213.05029621456026
00-0040124,WR,2026,10.516953906693413,7.536842098645734,7.536842098645734,14.625707988780535,False,,,,,,,0.4177087216086993,57.087476465470445,4.603907860988343,,,7.145568315068062,False,False,False,Tetairoa McMillan,CAR,veteran_model,False,,False,ACT,1.0,starter,curated,14.448767311534192,14.448767311534192,1.0,False,1.0,14.448767311534192,,,,,,,,33.08175557965288,214.53923085029226,26.979775160632926,116.45258332427315,2025.0,CAR,canonical_source_team_frame,151.9570198239436,108.89807774710725,211.3234514963367
00-0037840,RB,2026,10.496717975784698,6.044272291054568,6.044272291054568,16.904824109042117,False,,11.462190577870182,,,,,0.04802630411624838,17.195691755380114,2.254186873243086,0.3684847872236525,51.50988815585737,2.790931160578953,False,False,False,Kyren Williams,LA,veteran_model,False,,False,ACT,1.0,starter,curated,14.383842689440286,14.383842689440286,1.0,False,1.0,14.383842689440286,,,,,,,,34.82389907724694,249.40392878109913,26.591959033295254,121.3859631065696,2025.0,LA,canonical_source_team_frame,150.98314011910716,86.93986180667174,243.15633067711934
00-0039338,TE,2026,10.426513803152828,8.327363095302276,8.327363095302276,13.287766460975286,False,,,,,,,0.5322252908074986,45.50602008195831,5.365120100224009,,,7.3557330154811575,False,False,False,Brock Bowers,LV,veteran_model,False,,False,ACT,1.0,starter,curated,12.79990182382277,12.79990182382277,1.0,False,1.0,12.79990182382277,,,,,,,,33.852695887179124,214.57281927994063,25.407262691012978,101.26520419334778,2025.0,LV,canonical_source_team_frame,133.45835304508915,106.58943007119403,170.0821061583686
00-0039915,WR,2026,10.400159166987766,7.4200473589400895,7.4200473589400895,14.50891324907489,False,,,,,,,0.36562405666975667,59.59262224730023,4.494305204478409,,,6.811974085512165,False,False,False,Ladd McConkey,LAC,veteran_model,False,,False,ACT,3.0,starter,curated,15.024096985915586,15.024096985915586,1.0,False,1.0,15.024096985915586,,,,,,,,34.81078054136303,231.00756121830653,26.604787498731607,118.73875848668648,2025.0,LAC,canonical_source_team_frame,156.25299999378325,111.4795111608027,217.98331981433677
00-0036322,WR,2026,10.358965283457543,7.378853475409866,7.378853475409866,14.467719365544667,False,,,,,,,0.33997812211356493,60.78257818392899,4.481677464766509,,,7.177098127002663,False,False,False,Justin Jefferson,MIN,veteran_model,False,,False,ACT,1.0,starter,curated,14.945388812315928,14.945388812315928,1.0,False,1.0,14.945388812315928,,,,,,,,33.317960572598906,212.14905129671848,25.986445691358956,113.34466242181308,2025.0,MIN,canonical_source_team_frame,154.81876385455547,110.2798341791091,216.22569114553775
00-0040129,WR,2026,10.345598411093409,7.3654866030457296,7.3654866030457296,14.45435249318053,False,,,,,,,0.3478806286739502,60.24439520542177,4.467750237015059,,,7.220381580342526,False,False,False,Emeka Egbuka,TB,veteran_model,False,,False,ACT,2.0,starter,curated,14.368459355606886,14.368459355606886,1.0,False,1.0,14.368459355606886,,,,,,,,33.5451456097649,223.7139473344186,27.714856316659535,117.7146256375168,2025.0,TB,canonical_source_team_frame,148.65031027922683,105.83069489012959,207.6867763098795
00-0033906,RB,2026,10.105960603766668,5.514965354998621,5.514965354998621,16.51406673702409,False,,11.667716212971467,,,,,0.09647886505592965,17.81396500311182,1.8535587257805093,0.3968642771340294,44.377258874254785,2.4428787531572707,False,False,False,Alvin Kamara,NO,veteran_model,True,,False,ACT,2.0,committee,curated,12.751399262962828,12.751399262962828,0.98,True,2.0,12.751399262962828,,,,,,,,34.20105181449663,231.16042627321303,26.953986866698713,109.11968596923658,2025.0,NO,canonical_source_team_frame,128.86513859440166,70.32352516299494,210.57745841900794
00-0039919,WR,2026,10.084200029457154,7.104088221409477,7.104088221409477,14.192954111544278,False,,,,,,,0.42810502570652526,54.55902869811176,4.119334010813655,,,6.457714915853173,False,False,False,Rome Odunze,CHI,veteran_model,False,,False,ACT,1.0,starter,curated,14.67762964172679,14.67762964172679,1.0,False,1.0,14.67762964172679,,,,,,,,33.73805380586444,231.60768553241846,27.696271758130365,127.85601286134171,2025.0,CHI,canonical_source_team_frame,148.0121532654625,104.2711758560019,208.3189239712704
00-0037228,RB,2026,10.076668365819286,5.537442657570684,5.537442657570684,16.484774499076703,False,,12.03320467340758,,,,,0.06248964136932719,12.983560520707202,2.1982173270422813,0.30970657223087145,54.46026368626233,2.808373005549087,False,False,False,Jaylen Warren,PIT,veteran_model,False,,False,ACT,1.0,starter,curated,12.072070251130585,12.072070251130585,1.0,False,1.0,12.072070251130585,,,,,,,,33.52835881566065,220.61884747889806,26.553754211808794,113.31380639380767,2025.0,PIT,canonical_source_team_frame,121.64624840951565,66.84839677380053,199.00535582689997
00-0040128,TE,2026,9.944864119409699,7.918014046168274,7.918014046168274,12.720463085620874,False,,,,,,,0.41630704208116076,48.57936670640741,5.178170392563985,,,6.787362263878822,False,False,False,Tyler Warren,IND,veteran_model,False,,False,ACT,1.0,starter,curated,15.25967077096091,15.25967077096091,1.0,False,1.0,15.25967077096091,,,,,,,,33.819686508835005,234.02693422664208,26.500800154053703,117.38636019360476,2025.0,IND,canonical_source_team_frame,151.7553523241341,120.82628750437193,194.11007874073607
00-0036212,QB,2026,9.939952987435081,2.7569261448670237,2.7569261448670237,19.939939470458423,False,23.14182931773611,1.6892644533657077,14.86759559258935,0.46696589240364234,0.8875968156923646,171.75879203105873,,,,0.05736673842221703,1.0894539769725602,,False,False,False,Tua Tagovailoa,ATL,veteran_model,False,,True,ACT,2.0,backup,curated,13.185977404135983,13.185977404135983,1.0,False,1.0,13.185977404135983,,,,,,,,33.103579364958776,223.6760928436624,27.565529595779658,121.0212845239931,2025.0,ATL,canonical_source_team_frame,131.06799549049293,36.3527658510883,262.927591297304
00-0033288,TE,2026,9.861185181638106,7.7609416014785495,7.7609416014785495,12.723732552131237,False,,,,,,,0.4919249003463162,47.72147997879037,4.274975563362342,,,5.556281647145868,False,False,False,George Kittle,SF,veteran_model,False,,False,ACT,1.0,starter,curated,13.396132381396306,13.396132381396306,1.0,False,1.0,13.396132381396306,,,,,,,,34.24811794566182,240.12307936832372,26.942362571611483,112.84801793050981,2025.0,SF,canonical_source_team_frame,132.10174213068765,103.9666010976925,170.44880565383153
00-0034348,WR,2026,9.860362494635375,6.880250686587696,6.880250686587696,13.969116576722495,False,,,,,,,0.3898244649896791,54.64836899121637,4.1131576111513235,,,6.251558092510642,False,False,False,Courtland Sutton,DEN,veteran_model,False,,False,ACT,1.0,starter,curated,14.124807682900903,14.124807682900903,1.0,False,1.0,14.124807682900903,,,,,,,,34.86578769636352,230.0781619883208,26.560893200255975,117.8845379552942,2025.0,DEN,canonical_source_team_frame,139.27572392041364,97.1822177581981,197.31108514622827
00-0038134,RB,2026,9.823426443084077,5.41154790309033,5.41154790309033,16.2315325763415,False,,11.804013009089006,,,,,0.04126511332685165,13.668964111788076,1.8321121773363689,0.31858418465352706,53.81378155354814,2.12584062936001,False,False,False,Kenneth Walker III,KC,veteran_model,False,,True,ACT,1.0,starter,curated,14.27337274473312,14.27337274473312,1.0,False,1.0,14.27337274473312,,,,,,,,35.16438169616012,230.57945355267083,25.927946034942906,113.12705785543977,2025.0,KC,canonical_source_team_frame,140.2134272526069,77.24104034678719,231.67871468040053
00-0036970,TE,2026,9.807521282755097,7.738409648613679,7.738409648613679,12.633187011504514,False,,,,,,,0.3528271065685733,52.33354377244761,4.914408532197789,,,7.385342318625031,False,False,False,Kyle Pitts,ATL,veteran_model,False,,False,ACT,1.0,starter,curated,14.79197356559776,14.79197356559776,1.0,False,1.0,14.79197356559776,,,,,,,,33.103579364958776,223.6760928436624,27.565529595779658,121.0212845239931,2025.0,ATL,canonical_source_team_frame,145.07259555855083,114.46635096206019,186.86976832342773
00-0038996,TE,2026,9.786511164320867,7.642672765327189,7.642672765327189,12.700704791979717,False,,,,,,,0.45548712917589596,48.55512158678815,4.396152461173354,,,5.80709628361997,False,False,False,Tucker Kraft,GB,veteran_model,False,,False,ACT,1.0,starter,curated,11.736831780239822,11.736831780239822,1.0,False,1.0,11.736831780239822,,,,,,,,32.63743765242263,227.66151029204218,27.533819286041897,118.40278157385839,2025.0,GB,canonical_source_team_frame,114.86263525107297,89.70076459806552,149.06603563395174
00-0033293,RB,2026,9.753682511364863,5.1626872625968145,5.1626872625968145,16.161788644622284,False,,11.82691088351014,,,,,0.08224569913881354,14.904260340474066,1.9656538535014358,0.35887860633794355,46.33683717706196,2.464282041671192,False,False,False,Aaron Jones,MIN,veteran_model,False,,False,ACT,1.0,starter,curated,12.297248824755156,12.297248824755156,1.0,False,1.0,12.297248824755156,,,,,,,,33.317960572598906,212.14905129671848,25.986445691358956,113.34466242181308,2025.0,MIN,canonical_source_team_frame,119.94346079991648,63.48684987254709,198.74553641602262
00-0036613,WR,2026,9.736054638221633,6.7559428301739555,6.7559428301739555,13.844808720308755,False,,,,,,,0.32942717798036025,56.768172997905765,4.1653485410977895,,,6.559168732644338,False,False,False,Jaylen Waddle,DEN,veteran_model,False,,True,ACT,2.0,starter,curated,14.421053844530928,14.421053844530928,1.0,False,2.0,14.421053844530928,,,,,,,,34.86578769636352,230.0781619883208,26.560893200255975,117.8845379552942,2025.0,DEN,canonical_source_team_frame,140.40416817108925,97.42781532451127,199.65673202280388
00-0036410,WR,2026,9.703265815156122,6.723154007108445,6.723154007108445,13.812019897243246,False,,,,,,,0.41140464698968165,54.07218734983723,3.65523839646862,,,6.238281002316277,False,False,False,Tee Higgins,CIN,veteran_model,False,,False,ACT,2.0,starter,curated,14.458685066657125,14.458685066657125,1.0,False,2.0,14.458685066657125,,,,,,,,35.761155714222895,238.6430156013012,25.120234653951606,107.36930606582474,2025.0,CIN,canonical_source_team_frame,140.2964645394024,97.20796644341488,199.703645828642
00-0039893,WR,2026,9.63303995256268,6.652928144515001,6.652928144515001,13.741794034649804,False,,,,,,,0.34958740149765016,54.71696754986924,4.127637577179708,,,6.729546073941862,False,False,False,Brian Thomas Jr.,JAX,veteran_model,False,,False,ACT,1.0,starter,curated,14.471525320863547,14.471525320863547,1.0,False,1.0,14.471525320863547,,,,,,,,34.281611997177656,230.87870372906116,27.439030345261777,117.85703830149006,2025.0,JAX,canonical_source_team_frame,139.404781590401,96.27801810123458,198.86472032652628
00-0026158,QB,2026,9.615396059613856,2.2354611789695458,2.2354611789695458,19.716325879143326,False,21.41941867090424,1.3311442011561068,13.232192570489872,0.5704833547827156,1.0214201290598024,150.51570966583165,,,,0.05511471437053074,3.19365580083627,,False,False,False,Joe Flacco,CIN,veteran_model,True,,False,ACT,2.0,backup,curated,8.259082051596472,8.259082051596472,0.77,True,2.0,8.259082051596472,,,,,,,,35.761155714222895,238.6430156013012,25.120234653951606,107.36930606582474,2025.0,CIN,canonical_source_team_frame,79.41434501494824,18.462857300268066,162.8387531918597
00-0035640,WR,2026,9.463077145687233,6.4829653376395555,6.4829653376395555,13.571831227774357,False,,,,,,,0.34332978664021235,52.72197317806217,4.2618022160794835,,,6.88292256937503,False,False,False,DK Metcalf,PIT,veteran_model,False,,False,ACT,1.0,starter,curated,14.928274599541474,14.928274599541474,1.0,False,1.0,14.928274599541474,,,,,,,,33.52835881566065,220.61884747889806,26.553754211808794,113.31380639380767,2025.0,PIT,canonical_source_team_frame,141.26741418746417,96.77948677959239,202.60402338684773
00-0036912,WR,2026,9.406202137285462,6.426090329237784,6.426090329237784,13.514956219372584,False,,,,,,,0.32401020992813934,53.75432549691962,4.173416656049326,,,6.622619042171904,False,False,False,DeVonta Smith,PHI,veteran_model,False,,False,ACT,1.0,starter,curated,14.94869314458404,14.94869314458404,1.0,False,1.0,14.94869314458404,,,,,,,,32.80438240429993,217.87396873427076,27.510207278943774,118.95507060419129,2025.0,PHI,canonical_source_team_frame,140.61042940621093,96.06165245115466,202.03093338588837
00-0037664,WR,2026,9.372803427863282,6.392691619815604,6.392691619815604,13.481557509950406,False,,,,,,,0.36070924546917715,55.53386198370083,3.3103235133562716,,,5.9286966364672855,False,False,False,Alec Pierce,IND,veteran_model,False,,False,ACT,1.0,starter,curated,13.94477766300902,13.94477766300902,1.0,False,1.0,13.94477766300902,,,,,,,,33.819686508835005,234.02693422664208,26.500800154053703,117.38636019360476,2025.0,IND,canonical_source_team_frame,130.70165988064227,89.14466330650959,187.99732202732793
00-0036919,RB,2026,9.35296105562654,4.761965806858491,4.761965806858491,15.761067188883956,False,,7.346099857618673,,,,,0.124782119834369,22.376519612278525,3.0104735570847607,0.2565983947694653,33.21789228233301,4.213387472176946,False,False,False,Kenny Gainwell,TB,veteran_model,True,,True,ACT,2.0,committee,curated,14.339723939737743,14.339723939737743,0.98,True,2.0,14.339723939737743,,,,,,,,33.5451456097649,223.7139473344186,27.714856316659535,117.7146256375168,2025.0,TB,canonical_source_team_frame,134.11887955680268,68.28527508082126,226.00935248425432
00-0036945,QB,2026,9.346939465886422,0.5554116650389674,0.5554116650389674,19.120943120378186,False,15.375293039406301,4.566828013027441,9.376399124472846,0.35397447813785426,0.6936672943854392,99.73534984010635,,,,0.21819960788569528,19.81607603701949,,False,False,False,Justin Fields,KC,veteran_model,True,,True,ACT,2.0,backup,curated,8.673886201883095,8.673886201883095,0.77,True,2.0,8.673886201883095,,,,,,,,35.16438169616012,230.57945355267083,25.927946034942906,113.12705785543977,2025.0,KC,canonical_source_team_frame,81.07428926298877,4.817577577746415,165.85288469883983
00-0037740,WR,2026,9.227878249929041,6.247766441881364,6.247766441881364,13.336632332016165,False,,,,,,,0.38030999285376427,48.50582740194979,4.190871105222956,,,6.937026673396688,False,False,False,Garrett Wilson,NYJ,veteran_model,False,,False,ACT,2.0,starter,curated,13.558072394327144,13.558072394327144,1.0,False,1.0,13.558072394327144,,,,,,,,32.40798584142275,201.12864296169278,27.468730025987202,119.28333380861694,2025.0,NYJ,canonical_source_team_frame,125.11224135857482,84.70766972187525,180.81902665399923
00-0039384,RB,2026,9.146019799124346,4.753904368954452,4.753904368954452,15.554125932381766,False,,10.060348197720359,,,,,0.03797126168954267,15.229619071065416,2.1754218744372533,0.2703985455936397,46.851281111000844,3.008077435791083,False,False,False,Tyrone Tracy Jr.,NYG,veteran_model,True,,False,ACT,2.0,committee,curated,13.472126984217747,13.472126984217747,0.98,True,2.0,13.472126984217747,,,,,,,,33.24318823444577,223.72200991226288,27.969267844990632,122.67699998352342,2025.0,NYG,canonical_source_team_frame,123.21634013397288,64.04520332938192,209.5471596895614
00-0030506,TE,2026,9.121462854584372,7.093989373164823,7.093989373164823,11.897800364960837,False,,,,,,,0.40684880981177673,43.982421710812645,4.564255649264895,,,6.62093612559537,False,False,False,Travis Kelce,KC,veteran_model,False,,False,ACT,1.0,starter,curated,14.095604049138757,14.095604049138757,1.0,False,1.0,14.095604049138757,,,,,,,,35.16438169616012,230.57945355267083,25.927946034942906,113.12705785543977,2025.0,KC,canonical_source_team_frame,128.57252874714825,99.9940653329294,167.70668300018656
00-0036252,WR,2026,9.065948232607209,6.085836424559531,6.085836424559531,13.174702314694331,False,,,,,,,0.26744726751925507,53.541742335442684,4.21418078789482,,,6.332902989622439,False,False,False,Michael Pittman,PIT,veteran_model,False,,True,ACT,2.0,starter,curated,15.395492323080044,15.395492323080044,1.0,False,2.0,15.395492323080044,,,,,,,,33.52835881566065,220.61884747889806,26.553754211808794,113.31380639380767,2025.0,PIT,canonical_source_team_frame,139.57473641654536,93.69444795382717,202.83102834474144
00-0040663,TE,2026,9.046943978394967,7.020093905153542,7.020093905153542,11.822542944606145,False,,,,,,,0.41748237713272457,44.406145269209624,4.202870377355313,,,5.53372063520109,False,False,False,Harold Fannin Jr.,CLE,veteran_model,False,,False,ACT,1.0,starter,curated,14.304499076267128,14.304499076267128,1.0,False,1.0,14.304499076267128,,,,,,,,33.8207695174603,210.10348431687345,26.544928262008405,109.302851392357,2025.0,CLE,canonical_source_team_frame,129.41200178199125,100.41892678157733,169.11555463024703
00-0036972,QB,2026,9.011106841095923,1.3917764864090638,1.3917764864090638,18.929360994970995,False,19.205935029292288,1.7024864018942103,12.205178138069378,0.4260997278295084,0.8063190942854165,143.71451448159783,,,,0.0889430039994804,3.5579131635247774,,False,False,False,Mac Jones,SF,veteran_model,True,,False,ACT,2.0,backup,curated,6.472008600202613,6.472008600202613,0.77,True,2.0,6.472008600202613,,,,,,,,34.24811794566182,240.12307936832372,26.942362571611483,112.84801793050981,2025.0,SF,canonical_source_team_frame,58.319960972917414,9.007589389599236,122.51098715579217
00-0038544,WR,2026,8.994321079341006,6.014209271293328,6.014209271293328,13.10307516142813,False,,,,,,,0.36168568228941284,48.66915849875345,3.9145822714583702,,,6.247012964684693,False,False,False,Quentin Johnston,LAC,veteran_model,False,,False,ACT,1.0,starter,curated,14.419237110774622,14.419237110774622,1.0,False,2.0,14.419237110774622,,,,,,,,34.81078054136303,231.00756121830653,26.604787498731607,118.73875848668648,2025.0,LAC,canonical_source_team_frame,129.69124829345628,86.72030951659755,188.93634763293366
00-0040784,RB,2026,8.94944314961035,4.546758251038376,4.546758251038376,15.357549282867769,False,,11.866120555657192,,,,,0.03973283975655596,9.541048605119471,1.6632361227961554,0.31302135470594283,50.47195060925333,1.8273268679028596,False,False,False,Quinshon Judkins,CLE,veteran_model,False,,False,ACT,1.0,starter,curated,13.472449698788925,13.472449698788925,1.0,False,1.0,13.472449698788925,,,,,,,,33.8207695174603,210.10348431687345,26.544928262008405,109.302851392357,2025.0,CLE,canonical_source_team_frame,120.57092266529656,61.255971829668034,206.90381021010793
00-0039065,TE,2026,8.944634294273719,6.870840724881663,6.870840724881663,11.77584665536282,False,,,,,,,0.38586465268095077,44.66175945509372,4.326540865357286,,,5.937959180292894,False,False,False,Sam LaPorta,DET,veteran_model,False,,False,ACT,1.0,starter,curated,13.880722245949265,13.880722245949265,1.0,False,1.0,13.880722245949265,,,,,,,,33.92979712201368,246.18859977155995,26.79038838236451,118.19015619651694,2025.0,DET,canonical_source_team_frame,124.15798423040592,95.37223169823908,163.45725663398193
00-0034753,TE,2026,8.841677378741977,6.814827305500552,6.814827305500552,11.617276344953153,False,,,,,,,0.44233145691063885,41.457271861933236,4.08392290216964,,,5.586285709665583,False,False,False,Mark Andrews,BAL,veteran_model,False,,False,ACT,1.0,starter,curated,16.145194267058358,16.145194267058358,1.0,False,1.0,16.145194267058358,,,,,,,,31.3716833460928,213.64210242557778,28.058067379544,132.6208163798309,2025.0,BAL,canonical_source_team_frame,142.75059892644452,110.02671074376028,187.56318344337032
00-0039849,WR,2026,8.789340765650568,5.809228957602889,5.809228957602889,12.898094847737688,False,,,,,,,0.3398545991213885,50.399310813320014,3.4205641791804684,,,5.819709056985978,False,False,False,Marvin Harrison Jr.,ARI,veteran_model,False,,False,ACT,1.0,starter,curated,13.652204475987899,13.652204475987899,1.0,False,1.0,13.652204475987899,,,,,,,,36.213963863137224,240.76907152016224,24.989656676740175,107.79270996792926,2025.0,ARI,canonical_source_team_frame,119.9938773417976,79.30878157702467,176.08742821200093
00-0038124,WR,2026,8.627218647008183,5.647106838960505,5.647106838960505,12.735972729095305,False,,,,,,,0.2721981637846707,51.11818400539279,3.7644225275217575,,,6.144325431305084,False,False,False,Christian Watson,GB,veteran_model,False,,False,ACT,2.0,starter,curated,13.773113660348837,13.773113660348837,1.0,False,1.0,13.773113660348837,,,,,,,,32.63743765242263,227.66151029204218,27.533819286041897,118.40278157385839,2025.0,GB,canonical_source_team_frame,118.82366299792461,77.77824434513627,175.4139999729328
00-0034960,WR,2026,8.598360294838223,5.618248486790543,5.618248486790543,12.707114376925343,False,,,,,,,0.24711594790534622,50.63831065517326,4.103667083777636,,,6.5447412017145785,False,False,False,Jakobi Meyers,JAX,veteran_model,False,,False,ACT,3.0,starter,curated,14.092298418113733,14.092298418113733,1.0,False,2.0,14.092298418113733,,,,,,,,34.281611997177656,230.87870372906116,27.439030345261777,117.85703830149006,2025.0,JAX,canonical_source_team_frame,121.17065918132062,79.17403426296825,179.0724478327353
00-0040583,RB,2026,8.52425833164901,3.997032328333318,3.997032328333318,14.932364464906431,False,,9.402619103938381,,,,,0.06048969054717575,12.55478531659531,1.7268310671202265,0.34257395830258675,39.86982373330792,2.1098710770184077,False,False,False,Woody Marks,HOU,veteran_model,True,,False,ACT,2.0,committee,curated,14.764951466541007,14.764951466541007,0.98,True,2.0,14.764951466541007,,,,,,,,34.321125448974,230.7196594149492,27.0161290584345,113.89625214465637,2025.0,HOU,canonical_source_team_frame,125.86026055505545,59.015988338036834,220.47563660504503
00-0039376,QB,2026,8.508659227559216,0.48464204213925344,0.48464204213925344,18.516615076031545,False,21.55452556446507,2.677348686534231,13.322189377286557,0.47095057512813615,0.5688221185241065,140.99700556370314,,,,0.09475935903730587,9.66835526947102,,False,False,False,Spencer Rattler,NO,veteran_model,True,,False,ACT,2.0,backup,curated,6.627108528019592,6.627108528019592,0.77,True,2.0,6.627108528019592,,,,,,,,34.20105181449663,231.16042627321303,26.953986866698713,109.11968596923658,2025.0,NO,canonical_source_team_frame,56.38780812897028,3.211775410497877,122.71161768042481
00-0037816,WR,2026,8.502603632498682,5.522491824451004,5.522491824451004,12.611357714585804,False,,,,,,,0.30596985380901554,48.96117067476168,3.5413348843368397,,,5.873844765298266,False,False,False,Romeo Doubs,NE,veteran_model,False,,True,ACT,2.0,starter,curated,14.5882651595198,14.5882651595198,1.0,False,2.0,14.5882651595198,,,,,,,,33.746856976402874,243.7564166874116,26.990735238510595,121.6874228230549,2025.0,NE,canonical_source_team_frame,124.038236337187,80.56357507637152,183.97783036193334
00-0039917,QB,2026,8.440874251445734,0.6729793686914918,0.6729793686914918,18.42493454431168,False,20.622362945479402,1.8118374576607874,12.57814411611189,0.4590027973249429,0.6494187230277811,143.0797771391938,,,,0.05225194510866942,7.245021977647291,,False,False,False,Michael Penix Jr.,ATL,veteran_model,True,,False,ACT,1.0,starter,curated,6.893372033583433,6.893372033583433,0.77,True,2.0,6.893372033583433,,,,,,,,33.103579364958776,223.6760928436624,27.565529595779658,121.0212845239931,2025.0,ATL,canonical_source_team_frame,58.18608650391052,4.639097159316564,127.00992850836344
00-0038606,WR,2026,8.401112067956362,5.421000259908684,5.421000259908684,12.509866150043486,False,,,,,,,0.3256250643800119,46.99194208489989,3.4963349463726043,,,5.575725290570064,False,False,False,Parker Washington,JAX,veteran_model,True,,False,ACT,,deep_bench,deep_bench_discounted,6.0,6.011989614456325,0.97,True,3.0,6.0,,,,,,,,34.281611997177656,230.87870372906116,27.439030345261777,117.85703830149006,2025.0,JAX,canonical_source_team_frame,50.40667240773817,32.526001559452105,75.05919690026091
00-0029604,QB,2026,8.335414098258214,1.0319332581223901,1.0319332581223901,18.43634391778768,False,24.938113296231776,1.43264658423989,14.8050941514003,0.6322485318880836,0.785774377017168,147.0803457041846,,,,0.027698551913106505,4.074085143196863,,False,False,False,Kirk Cousins,LV,veteran_model,False,,True,ACT,1.0,starter,curated,12.720714542421616,12.720714542421616,1.0,False,1.0,12.720714542421616,,,,,,,,33.852695887179124,214.57281927994063,25.407262691012978,101.26520419334778,2025.0,LV,canonical_source_team_frame,106.03242333681942,13.126928403406007,234.52346818408807
00-0036875,RB,2026,8.3251235845612,3.86737319072755,3.86737319072755,14.73322971781862,False,,8.261488841993817,,,,,0.04891042230016877,14.621100870053446,2.05872508941924,0.36056099697009414,33.76822437224659,2.37493777673634,False,False,False,Rhamondre Stevenson,NE,veteran_model,False,,False,ACT,1.0,starter,curated,14.195341509474813,14.195341509474813,1.0,False,1.0,14.195341509474813,,,,,,,,33.746856976402874,243.7564166874116,26.990735238510595,121.6874228230549,2025.0,NE,canonical_source_team_frame,118.17797239142936,54.898683186964846,209.14322738197856
00-0041511,WR,2026,8.258513534576396,2.4570800867279172,2.4570800867279172,13.504969477822574,False,,,,,,,0.28125212586574816,47.507630552842684,3.6404754481952772,,,6.068063562877754,False,False,False,Omar Cooper Jr.,NYJ,rookie_rule,True,drafted,False,,3.0,starter,rookie_path,14.0,14.0,1.0,False,3.0,14.0,above_median,2.0,rank_2,0.9812751880063298,False,18.0,False,,,,,,,,115.61918948406955,34.39912121419084,189.06957268951604
00-0039916,WR,2026,8.156562684784436,5.176450876736757,5.176450876736757,12.265316766871559,False,,,,,,,0.2917542046393413,47.970710880719366,3.217932737752901,,,5.131584237583338,False,False,False,Ricky Pearsall,SF,veteran_model,True,,False,ACT,,deep_bench,deep_bench_discounted,0.0,3.6304146565142177,1.0,False,2.0,0.0,,,,,,,,34.24811794566182,240.12307936832372,26.942362571611483,112.84801793050981,2025.0,SF,canonical_source_team_frame,0.0,0.0,0.0
00-0040730,RB,2026,8.14051148330933,3.7005826713737333,3.7005826713737333,14.54861761656675,False,,8.047118934348429,,,,,0.045940158650492974,15.203590384811623,2.1593347586220615,0.228910998979153,38.91378119739261,2.71233654781779,False,False,False,RJ Harvey,DEN,veteran_model,True,,False,ACT,2.0,committee,curated,13.583744762455675,13.583744762455675,0.98,True,2.0,13.583744762455675,,,,,,,,34.86578769636352,230.0781619883208,26.560893200255975,117.8845379552942,2025.0,DEN,canonical_source_team_frame,110.5786302251134,50.26777048030718,197.62470835000894
00-0039868,WR,2026,8.117147626299412,5.137035818251733,5.137035818251733,12.225901708386534,False,,,,,,,0.293248067826085,45.547477691284165,3.6058229004289686,,,5.6456276619917825,False,False,False,Troy Franklin,DEN,veteran_model,True,,False,ACT,,deep_bench,deep_bench_discounted,6.0,7.1922306548103325,0.97,True,3.0,6.0,,,,,,,,34.86578769636352,230.0781619883208,26.560893200255975,117.8845379552942,2025.0,DEN,canonical_source_team_frame,48.702885757796466,30.8222149095104,73.35541025031921
00-0040734,RB,2026,8.112016557067223,3.749894698296268,3.749894698296268,14.52012269032464,False,,8.550763768867888,,,,,0.03297233312305246,13.654017125732969,1.8054465847145436,0.31764098156981846,37.40211663979428,2.2542903064172326,False,False,False,TreVeyon Henderson,NE,veteran_model,True,,False,ACT,2.0,committee,curated,14.302348155417244,14.302348155417244,0.98,True,2.0,14.302348155417244,,,,,,,,33.746856976402874,243.7564166874116,26.990735238510595,121.6874228230549,2025.0,NE,canonical_source_team_frame,116.02088504168454,53.63229952118653,207.6718499763967
00-0033090,TE,2026,8.066479714788546,6.039629641547121,6.039629641547121,10.842078680999723,False,,,,,,,0.3576848871610715,40.75683122564912,3.689374538514407,,,5.198755853634103,False,False,False,Hunter Henry,NE,veteran_model,False,,False,ACT,1.0,starter,curated,14.702176511582346,14.702176511582346,1.0,False,1.0,14.702176511582346,,,,,,,,33.746856976402874,243.7564166874116,26.990735238510595,121.6874228230549,2025.0,NE,canonical_source_team_frame,118.59480859391962,88.79570105461059,159.40215452052183
00-0034351,TE,2026,8.00980686341541,5.9829567901739855,5.9829567901739855,10.785405829626587,False,,,,,,,0.3097966583115502,42.41493654681377,3.819066517729465,,,5.489210800837134,False,False,False,Dallas Goedert,PHI,veteran_model,False,,False,ACT,1.0,starter,curated,14.526022918091947,14.526022918091947,1.0,False,1.0,14.526022918091947,,,,,,,,32.80438240429993,217.87396873427076,27.510207278943774,118.95507060419129,2025.0,PHI,canonical_source_team_frame,116.35063806746241,86.90856745202115,156.66905226207828
00-0032268,QB,2026,7.927579183205954,-0.03161880622328661,0.0,17.715976331792035,True,15.882819064901211,2.965080548517683,9.41045380511134,0.36117122518501205,0.6219062108368346,104.83138697196468,,,,0.033939611679718734,17.654036412717392,,False,False,False,Marcus Mariota,WAS,veteran_model,True,,False,ACT,2.0,backup,curated,6.6374016997308996,6.6374016997308996,0.77,True,2.0,6.6374016997308996,,,,,,,,32.67019161591956,214.93952859258042,27.26986368464489,124.1188052104396,2025.0,WAS,canonical_source_team_frame,52.6185275453625,0.0,117.58805141702884
00-0035659,WR,2026,7.902713936178034,4.922602128130356,4.922602128130356,12.011468018265159,False,,,,,,,0.28825450662495183,44.45272237472928,3.4558293179107906,,,5.660155520222032,False,False,False,Terry McLaurin,WAS,veteran_model,False,,False,ACT,1.0,starter,curated,13.497181689891045,13.497181689891045,1.0,False,1.0,13.497181689891045,,,,,,,,32.67019161591956,214.93952859258042,27.26986368464489,124.1188052104396,2025.0,WAS,canonical_source_team_frame,106.66436583982895,66.44125531041973,162.12096620484039
00-0035719,WR,2026,7.895285677217956,4.915173869170278,4.915173869170278,12.00403975930508,False,,,,,,,0.24372798057204523,44.34600517225952,3.996634553119466,,,5.83604363288966,False,False,False,Deebo Samuel Sr.,SF,veteran_model,False,,True,,2.0,starter,curated,13.160734847125108,13.160734847125108,1.0,False,4.0,13.160734847125108,,,,,,,,34.24811794566182,240.12307936832372,26.942362571611483,112.84801793050981,2025.0,SF,canonical_source_team_frame,103.90776134017011,64.68730001966803,157.98198436656165
00-0039165,RB,2026,7.868104708053609,3.547939667023942,3.547939667023942,14.276210841311029,False,,9.077993944247444,,,,,0.025979530166171303,10.234167689953798,1.6483362733167375,0.2960349300158353,40.8843304130782,2.0415853332318563,False,False,False,Zach Charbonnet,SEA,veteran_model,False,,False,ACT,1.0,starter,curated,13.72660096819716,13.72660096819716,1.0,False,1.0,13.72660096819716,,,,,,,,32.225845759159824,233.1409897885389,27.937986411950597,119.71889503194852,2025.0,SEA,canonical_source_team_frame,108.0023337034453,48.70115206847595,195.96384955652675
00-0040867,WR,2026,7.804109116618974,2.321885291440627,2.321885291440627,12.761891710932712,False,,,,,,,0.2657769186122592,44.89363989707657,3.4401672304755233,,,5.734183273177467,False,False,False,Makai Lemon,PHI,rookie_rule,True,drafted,False,,3.0,starter,rookie_path,14.3125,14.3125,1.0,False,2.0,14.3125,no_data,1.0,rank_1,1.0014655660798644,False,16.0,False,,,,,,,,111.69631173160907,33.231983233743975,182.65457511272444
00-0035685,RB,2026,7.442653594263737,3.1593916113083176,3.1593916113083176,13.850759727521154,False,,10.258416803371116,,,,,0.01982902048713008,7.816629379769527,1.2036413435413178,0.30459358795910385,41.126343338387215,1.585804242633409,False,False,False,David Montgomery,HOU,veteran_model,False,,True,ACT,1.0,starter,curated,14.028300891828012,14.028300891828012,1.0,False,1.0,14.028300891828012,,,,,,,,34.321125448974,230.7196594149492,27.0161290584345,113.89625214465637,2025.0,HOU,canonical_source_team_frame,104.40778405397694,44.32089615855041,194.30262503808052
00-0037197,RB,2026,7.368349368943878,3.019707993885019,3.019707993885019,13.776455502201298,False,,8.319724958910317,,,,,0.030725585837703243,10.250373111085436,1.1946859922402258,0.3137707123303713,36.78991272706774,1.6711189499476213,False,False,False,Isiah Pacheco,DET,veteran_model,True,,True,ACT,2.0,committee,curated,13.27545346938587,13.27545346938587,0.98,True,2.0,13.27545346938587,,,,,,,,33.92979712201368,246.18859977155995,26.79038838236451,118.19015619651694,2025.0,DET,canonical_source_team_frame,97.8181791935932,40.08799296395312,182.88869399253826
00-0041438,WR,2026,7.3251271117960925,2.1793781512605044,2.1793781512605044,11.978622745098043,False,,,,,,,0.24946469649821224,42.13826509126987,3.2290248473596623,,,5.382244242191916,False,False,False,Carnell Tate,TEN,rookie_rule,True,drafted,False,,2.0,starter,rookie_path,14.3125,14.3125,1.0,False,1.0,14.3125,below_median,1.0,rank_1,1.0,False,16.0,False,,,,,,,,104.84088178758158,31.19234978991597,171.44403803921574
00-0036555,RB,2026,7.319266523381791,2.728271274613742,2.728271274613742,13.72737265663921,False,,6.950793109917617,,,,,0.08655405845434368,13.738142748660714,2.3119624098950786,0.21817976664884858,29.61068092949026,2.8066981890633564,False,False,False,Chuba Hubbard,CAR,veteran_model,False,,False,ACT,1.0,starter,curated,14.286401563955263,14.286401563955263,1.0,False,1.0,14.286401563955263,,,,,,,,33.08175557965288,214.53923085029226,26.979775160632926,116.45258332427315,2025.0,CAR,canonical_source_team_frame,104.56598070664701,38.97717900453598,196.11475819080712
00-0036040,TE,2026,7.314359954103436,5.260553661690912,5.260553661690912,10.121893628721669,False,,,,,,,0.21282542572510582,40.52605350410399,3.969604098684803,,,5.649213850094216,False,False,False,Juwan Johnson,NO,veteran_model,False,,False,ACT,1.0,starter,curated,14.9732598495546,14.9732598495546,1.0,False,1.0,14.9732598495546,,,,,,,,34.20105181449663,231.16042627321303,26.953986866698713,109.11968596923658,2025.0,NO,canonical_source_team_frame,109.519812225967,78.76763692902396,151.55774347240066
00-0038935,TE,2026,7.234554497653611,5.207704424412185,5.207704424412185,10.010153463864787,False,,,,,,,0.2725084590620653,36.55897817315204,3.887211851932029,,,5.0896183618041,False,False,False,Brenton Strange,JAX,veteran_model,False,,False,ACT,1.0,starter,curated,13.913893445151288,13.913893445151288,1.0,False,1.0,13.913893445151288,,,,,,,,34.281611997177656,230.87870372906116,27.439030345261777,117.85703830149006,2025.0,JAX,canonical_source_team_frame,100.66082040349235,72.45944445511407,139.28020866582673
00-0040126,TE,2026,7.19059729467535,5.163747221433925,5.163747221433925,9.966196260886527,False,,,,,,,0.22632919228071938,40.262238184246954,3.612796645132676,,,4.947665239580899,False,False,False,Colston Loveland,CHI,veteran_model,False,,False,ACT,1.0,starter,curated,14.410499048749188,14.410499048749188,1.0,False,1.0,14.410499048749188,,,,,,,,33.73805380586444,231.60768553241846,27.696271758130365,127.85601286134171,2025.0,CHI,canonical_source_team_frame,103.62009547485762,74.41217442245484,143.617861737153
00-0037809,TE,2026,7.141917437047172,5.115067363805748,5.115067363805748,9.91751640325835,False,,,,,,,0.31753303302950026,35.23886816198768,3.4256648453428054,,,4.801276334475958,False,False,False,Chig Okonkwo,WAS,veteran_model,False,,True,ACT,1.0,starter,curated,15.298269957766749,15.298269957766749,1.0,False,1.0,15.298269957766749,,,,,,,,32.67019161591956,214.93952859258042,27.26986368464489,124.1188052104396,2025.0,WAS,canonical_source_team_frame,109.25898096802925,78.25168138366264,151.72084324762616
00-0037261,WR,2026,7.035181143461967,4.055069335414289,4.055069335414289,11.14393522554909,False,,,,,,,0.2740981852310729,35.36225264389753,3.7087335353715543,,,5.5906746396668225,False,False,False,Khalil Shakir,BUF,veteran_model,False,,False,ACT,3.0,starter,curated,12.343590663709074,12.343590663709074,1.0,False,2.0,12.343590663709074,,,,,,,,33.21002626467289,231.99810200162543,27.995140482336904,133.52540408900225,2025.0,BUF,canonical_source_team_frame,86.83939627993927,50.05411598931278,137.5561748070664
00-0039391,RB,2026,7.005806835016157,2.4842506941344937,2.4842506941344937,13.413912968273577,False,,7.784297542470285,,,,,0.05954471347483749,8.912364932307057,1.1168408534328387,0.27315783871729904,35.599346019162134,1.5983916463273067,False,False,False,Kimani Vidal,LAC,veteran_model,True,,False,ACT,,deep_bench,deep_bench_discounted,6.0,7.759899660954856,0.98,True,2.0,6.0,,,,,,,,34.81078054136303,231.00756121830653,26.604787498731607,118.73875848668648,2025.0,LAC,canonical_source_team_frame,42.03484101009694,14.905504164806963,80.48347780964146
00-0041523,WR,2026,6.970521752704286,1.0977465145636627,1.0977465145636627,15.141556650372223,False,,,,,,,0.2548851136235505,39.34862543564916,3.012697054796134,,,4.885723109503715,False,False,False,Caleb Douglas,MIA,rookie_rule,True,drafted,False,,2.0,starter,rookie_path,13.830188679245284,13.830188679245284,1.0,False,4.0,13.830188679245284,above_median,2.0,rank_2,1.3206131978293425,False,53.0,False,,,,,,,,96.40363103268382,15.182041418399336,209.41058537212905
00-0040704,QB,2026,6.95925413407147,-0.5704968939573124,0.0,16.628023058674348,True,16.211614762323624,2.2993476953386383,9.94699075574757,0.30135711319341096,0.5227682456657696,106.13885906455273,,,,0.03763085391271926,9.995558917367882,,False,False,False,Dillon Gabriel,CLE,veteran_model,True,,False,ACT,,deep_bench,deep_bench_discounted,1.8505893594754903,1.8505893594754903,0.84,True,3.0,1.8505893594754903,,,,,,,,33.8207695174603,210.10348431687345,26.544928262008405,109.302851392357,2025.0,CLE,canonical_source_team_frame,12.878721650398479,0.0,30.771642541495844
00-0038994,WR,2026,6.89211297410295,3.912001166055272,3.912001166055272,11.000867056190074,False,,,,,,,0.29087622714365874,37.65963624616204,2.761783973249587,,,5.042096031495026,False,False,False,Jordan Addison,MIN,veteran_model,False,,False,ACT,2.0,starter,curated,14.87695466303093,14.87695466303093,1.0,False,2.0,14.87695466303093,,,,,,,,33.317960572598906,212.14905129671848,25.986445691358956,113.34466242181308,2025.0,MIN,canonical_source_team_frame,102.53365224821685,58.198663989128406,163.65940044897025
00-0036158,RB,2026,6.842630875786236,2.4682457608317145,2.4682457608317145,13.250737009043654,False,,8.272751768560246,,,,,0.035016209153647095,6.68480643978383,0.9549769923990036,0.25884237730923954,39.335102168310314,1.2925965460541418,False,False,False,J.K. Dobbins,DEN,veteran_model,False,,False,ACT,1.0,starter,curated,12.319007866872266,12.319007866872266,1.0,False,1.0,12.319007866872266,,,,,,,,34.86578769636352,230.0781619883208,26.560893200255975,117.8845379552942,2025.0,DEN,canonical_source_team_frame,84.2944235889137,30.40633894506001,163.23593345626423
00-0041056,QB,2026,6.829093894611137,-2.5,0.0,18.398547619047623,True,16.397450490122903,2.3219218042493903,9.726393864755934,0.6076304921132507,0.49725767527491666,108.52019891028512,,,,0.13200726476588545,9.224726327312533,,False,False,False,Cade Klubnik,NYJ,rookie_rule,True,drafted,False,,2.0,backup,rookie_path,4.888888888888889,4.888888888888889,1.0,False,2.0,4.888888888888889,no_data,2.0,rank_2,1.0,False,9.0,False,,,,,,,,33.386681262543334,0.0,89.94845502645505
00-0037324,QB,2026,6.812581638629176,-0.47356835421085286,0.0,16.6990366124266,True,17.439228656707936,1.7256646861819827,10.895466487752254,0.4102001377906833,0.5629626050539805,114.00422378807784,,,,0.04042224322620408,5.784290831142831,,False,False,False,Chris Oladokun,KC,veteran_model,True,,False,ACT,,deep_bench,deep_bench_discounted,2.1816748048587513,2.1816748048587513,0.84,True,4.0,2.1816748048587513,,,,,,,,35.16438169616012,230.57945355267083,25.927946034942906,113.12705785543977,2025.0,KC,canonical_source_team_frame,14.86283771704062,0.0,36.431867442744945
00-0041561,QB,2026,6.7811762810355205,-1.2930543616516403,0.0,13.781493600911354,True,17.19849851507948,2.394384274919171,10.217127795051297,0.41383079376674686,0.4273645643253178,107.12500560752255,,,,0.09637265533617113,10.361434549498147,,True,False,False,Carson Beck,ARI,rookie_rule,True,drafted,False,,,deep_bench,deep_bench_discounted,4.461538461538462,4.461538461538462,1.0,False,3.0,4.461538461538462,no_data,,off_chart,0.8012907694371005,False,13.0,False,,,,,,,,30.254478792312323,0.0,61.4866637579122
00-0034383,TE,2026,6.754024569518062,4.727174496276637,4.727174496276637,9.52962353572924,False,,,,,,,0.2126368662334331,35.37573742146946,3.881259259941036,,,5.465731005062004,False,False,False,Dalton Schultz,HOU,veteran_model,False,,False,ACT,1.0,starter,curated,14.841474965756067,14.841474965756067,1.0,False,1.0,14.841474965756067,,,,,,,,34.321125448974,230.7196594149492,27.0161290584345,113.89625214465637,2025.0,HOU,canonical_source_team_frame,100.23968656660372,70.15824194525025,141.43366913860532
00-0031503,QB,2026,6.716399578540335,-0.8326612640368584,0.0,16.442559856506303,True,14.163764309777617,1.4861732261387495,8.245277276413717,0.33005278987495623,0.6625507096535166,97.67806228591216,,,,0.01582446317653846,7.242330491804639,,False,False,False,Jameis Winston,NYG,veteran_model,True,,False,ACT,2.0,backup,curated,7.4013058975885535,7.4013058975885535,0.77,True,2.0,7.4013058975885535,,,,,,,,33.24318823444577,223.72200991226288,27.969267844990632,122.67699998352342,2025.0,NYG,canonical_source_team_frame,49.710127811211855,0.0,121.69641523741291
00-0035993,QB,2026,6.715093897535997,-0.7781531930465856,0.0,16.552772399675806,True,13.463969836127049,3.7845936312275397,7.601034754513916,0.38581190196187615,0.40977383529286,83.55458503788847,,,,0.09770271223459226,19.192226853652166,,False,False,False,Tyler Huntley,BAL,veteran_model,True,,False,ACT,2.0,backup,curated,5.169340672209779,5.169340672209779,0.77,True,2.0,5.169340672209779,,,,,,,,31.3716833460928,213.64210242557778,28.058067379544,132.6208163798309,2025.0,BAL,canonical_source_team_frame,34.71260800224052,0.0,85.56691960347561
00-0031408,WR,2026,6.691949228050502,3.711837420002824,3.711837420002824,10.800703310137624,False,,,,,,,0.2739299778222207,36.501364752731405,2.796465771688074,,,4.789699671369772,False,False,False,Mike Evans,SF,veteran_model,False,,True,ACT,1.0,starter,curated,12.727470253047477,12.727470253047477,1.0,False,1.0,12.727470253047477,,,,,,,,34.24811794566182,240.12307936832372,26.942362571611483,112.84801793050981,2025.0,SF,canonical_source_team_frame,85.17158473491679,47.24230034723443,137.46563009176802
00-0036259,WR,2026,6.687810251656075,3.707698443608397,3.707698443608397,10.796564333743198,False,,,,,,,0.22784906201949662,36.53678284544597,3.334075189988997,,,5.38734817255769,False,False,False,Jauan Jennings,MIN,veteran_model,True,,True,ACT,3.0,starter,curated,13.318751667915206,13.318751667915206,0.97,True,3.0,13.318751667915206,,,,,,,,33.317960572598906,212.14905129671848,25.986445691358956,113.34466242181308,2025.0,MIN,canonical_source_team_frame,89.07328394394477,49.38191482993595,143.79675922779606
00-0038041,TE,2026,6.620298659497443,4.593448586256018,4.593448586256018,9.39589762570862,False,,,,,,,0.1953061657137415,35.66499312361201,3.7639247057075873,,,5.304136520262686,False,False,False,Jake Ferguson,DAL,veteran_model,False,,False,ACT,1.0,starter,curated,15.327387762820232,15.327387762820232,1.0,False,1.0,15.327387762820232,,,,,,,,34.848900159202955,250.0561914085082,26.916637322594873,120.71500490898475,2025.0,DAL,canonical_source_team_frame,101.4718846597963,70.4055676501244,144.01456628899797
00-0038997,WR,2026,6.539068997853996,3.558957189806318,3.558957189806318,10.64782307994112,False,,,,,,,0.214186323469017,34.48618927949697,3.6106642581803943,,,5.6780404950392,False,False,False,Josh Downs,IND,veteran_model,False,,False,ACT,3.0,starter,curated,14.55034734970605,14.55034734970605,1.0,False,2.0,14.55034734970605,,,,,,,,33.819686508835005,234.02693422664208,26.500800154053703,117.38636019360476,2025.0,IND,canonical_source_team_frame,95.14572526246988,51.78406331441565,154.92952433136017
00-0040668,QB,2026,6.525356073980005,-0.6147879917351402,0.0,16.15981171124274,True,15.76454106190105,1.8943794265031333,9.689509057141217,0.2842004695233393,0.4623456230732269,104.17374943660346,,,,0.062184058918217815,7.043201897603303,,False,False,False,Shedeur Sanders,CLE,veteran_model,True,,False,ACT,1.0,starter,curated,6.483928473420664,6.483928473420664,0.77,True,2.0,6.483928473420664,,,,,,,,33.8207695174603,210.10348431687345,26.544928262008405,109.302851392357,2025.0,CLE,canonical_source_team_frame,42.30994204728743,0.0,104.7790632796435
00-0038129,TE,2026,6.4595695365354056,4.43271946329398,4.43271946329398,9.235168502746582,False,,,,,,,0.2968886271830165,30.716077910583795,3.2132599647578526,,,4.52339517586202,False,False,False,Cade Otton,TB,veteran_model,False,,False,ACT,1.0,starter,curated,15.770671655990126,15.770671655990126,1.0,False,1.0,15.770671655990126,,,,,,,,33.5451456097649,223.7139473344186,27.714856316659535,117.7146256375168,2025.0,TB,canonical_source_team_frame,101.8717501997362,69.90696319872613,145.6448101445583
00-0039032,RB,2026,6.457610571365446,1.9113385961165923,1.9113385961165923,12.865716704622866,False,,5.4133875736054025,,,,,0.06366401920270243,13.69661294631614,1.8411297681749723,0.2254172885380942,24.328965462015656,2.29572608326341,False,False,False,Tyjae Spears,TEN,veteran_model,True,,False,ACT,2.0,committee,curated,13.107086735287917,13.107086735287917,0.98,True,2.0,13.107086735287917,,,,,,,,33.99018441127937,212.01753019527843,25.99058571793473,108.16497271051462,2025.0,TEN,canonical_source_team_frame,84.64046186159906,25.052080759803616,168.63206475913452
00-0026300,QB,2026,6.422505047192929,-0.9939081765837154,0.0,16.282881558084963,True,16.8196176232612,2.305547373759066,9.379389147612022,0.39716090633798984,0.4454182631893512,100.3437666561216,,,,0.06659257945749826,10.218476641216503,,False,False,False,Josh Johnson,CIN,veteran_model,True,,True,ACT,,deep_bench,deep_bench_discounted,5.0191808612649575,5.0191808612649575,0.84,True,3.0,5.0191808612649575,,,,,,,,35.761155714222895,238.6430156013012,25.120234653951606,107.36930606582474,2025.0,CIN,canonical_source_team_frame,32.23571441424834,0.0,81.72672748258418
00-0040189,TE,2026,6.399596477237919,4.372746403996494,4.372746403996494,9.175195443449095,False,,,,,,,0.2013700187394669,35.04686250974645,3.373380227652946,,,4.530259233084224,False,False,False,Oronde Gadsden II,LAC,veteran_model,False,,False,ACT,1.0,starter,curated,14.35629845478945,14.35629845478945,1.0,False,1.0,14.35629845478945,,,,,,,,34.81078054136303,231.00756121830653,26.604787498731607,118.73875848668648,2025.0,LAC,canonical_source_team_frame,91.87451701744675,62.776452442880995,131.72184416717943
00-0037256,RB,2026,6.3883375126686595,1.9537575245954992,1.9537575245954992,12.796443645926079,False,,5.6921044318595975,,,,,0.0450486880067536,10.223047036748877,1.5020642112813845,0.26399422773131764,27.607432089246522,1.9315639118114265,False,False,False,Rachaad White,WAS,veteran_model,True,,True,ACT,2.0,committee,curated,13.237541186169942,13.237541186169942,0.98,True,2.0,13.237541186169942,,,,,,,,32.67019161591956,214.93952859258042,27.26986368464489,124.1188052104396,2025.0,WAS,canonical_source_team_frame,84.56588093510582,25.862945699622355,169.39344979944912
00-0040736,TE,2026,6.373795229426827,4.346945156185403,4.346945156185403,9.149394195638004,False,,,,,,,0.36782060010593376,26.890526800820815,2.9556378974182875,,,3.9358969019986327,False,False,False,Mason Taylor,NYJ,veteran_model,True,,False,ACT,1.0,starter,curated,14.504683036495676,14.504683036495676,0.9,True,2.0,14.504683036495676,,,,,,,,32.40798584142275,201.12864296169278,27.468730025987202,119.28333380861694,2025.0,NYJ,canonical_source_team_frame,92.44987954236437,63.05106166749946,132.70906278368255
00-0039847,TE,2026,6.369025916765175,4.34217584352375,4.34217584352375,9.14462488297635,False,,,,,,,0.2693393353471665,32.26802599464754,3.052374610434844,,,4.265908329067773,False,False,False,Theo Johnson,NYG,veteran_model,True,,False,ACT,2.0,backup,curated,14.54783788821907,14.54783788821907,0.9,True,2.0,14.54783788821907,,,,,,,,33.24318823444577,223.72200991226288,27.969267844990632,122.67699998352342,2025.0,NYG,canonical_source_team_frame,92.6555565429656,63.1692702537244,133.03452034611422
00-0039344,RB,2026,6.305805636557036,0.0,0.0,12.611611273114072,False,,6.596748157523289,,,,,0.06126226055875149,12.31827146102659,1.610239997801449,0.1878534717999034,27.741640974017223,2.094604195506891,True,False,False,Jonathon Brooks,CAR,replacement_level,True,,False,,2.0,committee,replacement_level,12.414985590778098,12.414985590778098,1.0,False,,12.414985590778098,,,,,,,,,,,,,,,78.2864861161029,0.0,156.5729722322058
00-0039811,RB,2026,6.305805636557036,0.0,0.0,12.611611273114072,False,,6.596748157523289,,,,,0.06126226055875149,12.31827146102659,1.610239997801449,0.1878534717999034,27.741640974017223,2.094604195506891,True,False,False,MarShawn Lloyd,GB,replacement_level,True,,False,,2.0,committee,replacement_level,12.414985590778098,12.414985590778098,1.0,False,,12.414985590778098,,,,,,,,,,,,,,,78.2864861161029,0.0,156.5729722322058
00-0033553,RB,2026,6.224671083366793,1.6336758345987445,1.6336758345987445,12.632777216624213,False,,7.519429932224282,,,,,0.0736891860220613,7.824424139444271,1.16813748718895,0.27934761732400354,27.39939105751502,1.5476700415881037,False,False,False,James Conner,ARI,veteran_model,True,,False,ACT,,deep_bench,deep_bench_discounted,2.6829971754198723,2.6829971754198723,0.73,True,3.0,2.6829971754198723,,,,,,,,36.213963863137224,240.76907152016224,24.989656676740175,107.79270996792926,2025.0,ARI,canonical_source_team_frame,16.700774934590864,4.383147649780134,33.89370558991128
00-0036898,QB,2026,6.217343482462077,-1.119396945425185,0.0,16.13395667293355,True,14.764224889867785,2.5092077755496907,8.94766529616284,0.42527924612770784,0.4685858463712696,98.61246442457076,,,,0.04946685449540503,9.522588852771534,,False,False,False,Davis Mills,HOU,veteran_model,True,,False,ACT,2.0,backup,curated,4.552540252739628,4.552540252739628,0.77,True,2.0,4.552540252739628,,,,,,,,34.321125448974,230.7196594149492,27.0161290584345,113.89625214465637,2025.0,HOU,canonical_source_team_frame,28.30470646901698,0.0,73.4504871894871
00-0040242,RB,2026,6.168116442848211,2.0535136891603245,2.0535136891603245,12.576222576105629,False,,8.18752034425662,,,,,0.025696615556904386,7.268031732453844,1.0519962272281393,0.16670191292215922,37.60923985114375,1.4687112653140058,False,False,False,Jacory Croskey-Merritt,WAS,veteran_model,False,,False,ACT,1.0,starter,curated,12.327409705752153,12.327409705752153,1.0,False,1.0,12.327409705752153,,,,,,,,32.67019161591956,214.93952859258042,27.26986368464489,124.1188052104396,2025.0,WAS,canonical_source_team_frame,76.03689850377648,25.314504582649896,155.03224824638386
00-0040735,WR,2026,6.165546851016703,3.1854350429690257,3.1854350429690257,10.274300933103827,False,,,,,,,0.2176810297528012,35.997954804074055,2.5193303841849812,,,3.9942923585112777,False,False,False,Luther Burden III,CHI,veteran_model,False,,False,ACT,2.0,starter,curated,15.24410192898453,15.24410192898453,1.0,False,2.0,15.24410192898453,,,,,,,,33.73805380586444,231.60768553241846,27.696271758130365,127.85601286134171,2025.0,CHI,canonical_source_team_frame,93.98822464482822,48.55909648317905,156.62249067329563
00-0036407,WR,2026,6.161572728969425,3.1814609209217473,3.1814609209217473,10.270326811056549,False,,,,,,,0.22170237895946998,32.46739356428814,3.1692381975675836,,,5.4946691556867995,False,False,False,Jerry Jeudy,CLE,veteran_model,False,,False,ACT,2.0,starter,curated,15.249375556843223,15.249375556843223,1.0,False,1.0,15.249375556843223,,,,,,,,33.8207695174603,210.10348431687345,26.544928262008405,109.302851392357,2025.0,CLE,canonical_source_team_frame,93.96013656485813,48.51529240255602,156.61607063331735
00-0038563,WR,2026,6.096260114225008,3.11614830617733,3.11614830617733,10.205014196312131,False,,,,,,,0.20891534202606357,33.07421334296441,3.0706934555443706,,,5.123588965622962,False,False,False,Tre Tucker,LV,veteran_model,False,,False,ACT,1.0,starter,curated,15.59208274967656,15.59208274967656,1.0,False,1.0,15.59208274967656,,,,,,,,33.852695887179124,214.57281927994063,25.407262691012978,101.26520419334778,2025.0,LV,canonical_source_team_frame,95.05339216454901,48.58724225018138,159.1174258105228
00-0038611,RB,2026,6.019373220483104,1.814447385770596,1.814447385770596,12.427479353740523,False,,7.765619191780959,,,,,0.006772995779978071,6.666823448824379,0.9093277340617958,0.3018793768014963,30.461127730809213,1.191550102136408,False,False,False,Chris Rodriguez Jr.,JAX,veteran_model,True,,True,ACT,2.0,committee,curated,13.203953171718942,13.203953171718942,0.98,True,2.0,13.203953171718942,,,,,,,,34.281611997177656,230.87870372906116,27.439030345261777,117.85703830149006,2025.0,JAX,canonical_source_team_frame,79.47952212635794,23.957878314262803,164.09185542929384
00-0039738,RB,2026,5.988202669751686,1.639519331122913,1.639519331122913,12.396308803009106,False,,7.724348644597961,,,,,0.035181908868800606,6.933788201976625,1.1637349497474772,0.19623005043374414,33.244846188650165,1.5733208397414302,False,False,False,Blake Corum,LA,veteran_model,True,,False,ACT,2.0,committee,curated,12.711109590082124,12.711109590082124,0.98,True,2.0,12.711109590082124,,,,,,,,34.82389907724694,249.40392878109913,26.591959033295254,121.3859631065696,2025.0,LA,canonical_source_team_frame,76.11670038283604,20.84010989296149,157.5708397075485
00-0039901,WR,2026,5.839844361360932,2.8597325533132536,2.8597325533132536,9.948598443448056,False,,,,,,,0.2052388666924319,32.95515471422671,2.6257913795673384,,,4.3530862958954515,False,False,False,Keon Coleman,BUF,veteran_model,False,,False,ACT,1.0,starter,curated,12.566358328446922,12.566358328446922,1.0,False,4.0,12.566358328446922,,,,,,,,33.21002626467289,231.99810200162543,27.995140482336904,133.52540408900225,2025.0,BUF,canonical_source_team_frame,73.38557682722174,35.936423988458785,125.01765290619755
00-0040236,RB,2026,5.838960925939659,1.5451752190188799,1.5451752190188799,12.247067059197079,False,,7.47766426195899,,,,,0.03762950503364777,9.759057761250327,1.3078892469271783,0.18463284898423135,28.755364022437625,1.622560448010486,False,False,False,Kyle Monangai,CHI,veteran_model,True,,False,ACT,2.0,committee,curated,13.217850957890708,13.217850957890708,0.98,True,2.0,13.217850957890708,,,,,,,,33.73805380586444,231.60768553241846,27.696271758130365,127.85601286134171,2025.0,CHI,canonical_source_team_frame,77.17851526801793,20.423895748817685,161.87990705975983
00-0032950,QB,2026,5.8228246180106815,-1.5333162872698742,0.0,15.548238281076397,True,11.021713369945552,1.9631947781723502,5.620442169934914,0.3296794824248302,0.5985500753140377,75.36821928506207,,,,0.07811633475774757,6.045565016552236,,False,False,False,Carson Wentz,MIN,veteran_model,True,,False,ACT,,deep_bench,deep_bench_discounted,2.6013573081691455,2.6013573081691455,0.84,True,3.0,2.6013573081691455,,,,,,,,33.317960572598906,212.14905129671848,25.986445691358956,113.34466242181308,2025.0,MIN,canonical_source_team_frame,15.147247374249298,0.0,40.44652328163336
00-0035229,TE,2026,5.80743778030191,3.7805877070604854,3.7805877070604854,8.583036746513088,False,,,,,,,0.22137696242082286,27.931778031772897,3.371996405199366,,,4.1973911057151625,False,False,False,T.J. Hockenson,MIN,veteran_model,False,,False,ACT,1.0,starter,curated,15.556089466111638,15.556089466111638,1.0,False,1.0,15.556089466111638,,,,,,,,33.317960572598906,212.14905129671848,25.986445691358956,113.34466242181308,2025.0,MIN,canonical_source_team_frame,90.3410216792533,58.81116060551477,133.51848751968134
00-0031588,WR,2026,5.795937394935338,2.8158255868876596,2.8158255868876596,9.90469147702246,False,,,,,,,0.20329750937460214,31.78219509474815,2.795865658425819,,,4.4438977843608205,False,False,False,Stefon Diggs,WAS,veteran_model,True,,True,,2.0,starter,curated,13.472970290854693,13.472970290854693,0.79,True,,13.472970290854693,,,,,,,,32.67019161591956,214.93952859258042,27.26986368464489,124.1188052104396,2025.0,WAS,canonical_source_team_frame,78.08849232961755,37.93753447636592,133.4456140100053
00-0028118,QB,2026,5.785692260161847,-1.0228366526698938,0.0,15.000626288627583,True,9.417310471757922,1.9550929464633682,5.859535634434727,0.07443966512483992,0.4565829851036404,73.6861597607172,,,,0.023918743439489756,10.172807989313384,,False,False,False,Tyrod Taylor,GB,veteran_model,True,,True,ACT,2.0,backup,curated,5.498862873276104,5.498862873276104,0.77,True,2.0,5.498862873276104,,,,,,,,32.63743765242263,227.66151029204218,27.533819286041897,118.40278157385839,2025.0,GB,canonical_source_team_frame,31.81472836560489,0.0,82.48638697442372
00-0040718,WR,2026,5.714143599965743,2.7340317919180652,2.7340317919180652,9.822897682052865,False,,,,,,,0.18225775578055992,31.639244333436203,2.913345263877527,,,4.6324915764363395,False,False,False,Travis Hunter,JAX,veteran_model,False,,False,ACT,2.0,starter,curated,12.222503557984037,12.222503557984037,1.0,False,4.0,12.222503557984037,,,,,,,,34.281611997177656,230.87870372906116,27.439030345261777,117.85703830149006,2025.0,JAX,canonical_source_team_frame,69.841140481413,33.41671330436002,120.0604018686043
00-0039923,QB,2026,5.683979045752604,-1.5036641294242852,0.0,15.379740550972732,True,10.321464684483518,2.0552011636572343,6.23833509836709,0.31485340350203556,0.489287112584377,80.62698813185028,,,,0.0799968719679699,6.514766453373364,,False,False,False,J.J. McCarthy,MIN,veteran_model,True,,False,ACT,2.0,backup,curated,7.781876889188678,7.781876889188678,0.77,True,2.0,7.781876889188678,,,,,,,,33.317960572598906,212.14905129671848,25.986445691358956,113.34466242181308,2025.0,MIN,canonical_source_team_frame,44.232025174774904,0.0,119.68324755533264
00-0041547,WR,2026,5.648337896013617,1.6804983741081418,1.6804983741081418,9.236605421390175,False,,,,,,,0.19235992460517062,32.49242722409603,2.4898712519459787,,,4.150198850449648,False,False,False,KC Concepcion,CLE,rookie_rule,True,drafted,False,,3.0,starter,rookie_path,14.3125,14.3125,1.0,False,2.0,14.3125,no_data,1.0,rank_1,0.7248253226490354,False,16.0,False,,,,,,,,80.8418361366949,24.05213297942278,132.1989150936469
00-0037263,RB,2026,5.636070250574148,1.0891208218881225,1.0891208218881225,12.044176383831568,False,,6.904126978797424,,,,,0.06399569837181786,6.2854677687455265,1.1487770367455648,0.21118568871016738,27.820466328349013,1.3361355610845436,False,False,False,Tyler Allgeier,ARI,veteran_model,True,,True,ACT,2.0,committee,curated,11.352992997624328,11.352992997624328,0.98,True,2.0,11.352992997624328,,,,,,,,36.213963863137224,240.76907152016224,24.989656676740175,107.79270996792926,2025.0,ARI,canonical_source_team_frame,63.9862660888871,12.364781064462708,136.7374501477921
00-0038933,TE,2026,5.5993662831745254,3.5725162099331,3.5725162099331,8.374965249385701,False,,,,,,,0.184568571462886,30.603292410974504,2.8632512265995165,,,3.876974688846775,False,False,False,Dalton Kincaid,BUF,veteran_model,False,,False,ACT,1.0,starter,curated,13.936216043345972,13.936216043345972,1.0,False,1.0,13.936216043345972,,,,,,,,33.21002626467289,231.99810200162543,27.995140482336904,133.52540408900225,2025.0,BUF,canonical_source_team_frame,78.03397822814733,49.78735771998321,116.71532507095401
00-0039894,WR,2026,5.550872453468484,2.5707606454208065,2.5707606454208065,9.659626535555606,False,,,,,,,0.19080109902650105,32.17969975671854,2.3761917672752473,,,4.855733624701313,False,False,False,Xavier Worthy,KC,veteran_model,False,,False,ACT,1.0,starter,curated,14.441638654518712,14.441638654518712,1.0,False,2.0,14.441638654518712,,,,,,,,35.16438169616012,230.57945355267083,25.927946034942906,113.12705785543977,2025.0,KC,canonical_source_team_frame,80.16369419031358,37.12599630842459,139.5008359640945
00-0039890,WR,2026,5.548570121709347,2.568458313661669,2.568458313661669,9.65732420379647,False,,,,,,,0.24705172774665501,28.04855648038517,2.5228082143818003,,,4.2954457868483775,False,False,False,Adonai Mitchell,NYJ,veteran_model,False,,False,ACT,1.0,starter,curated,14.74121560943588,14.74121560943588,1.0,False,2.0,14.74121560943588,,,,,,,,32.40798584142275,201.12864296169278,27.468730025987202,119.28333380861694,2025.0,NYJ,canonical_source_team_frame,81.79266848819137,37.862197785534754,142.36069829838746
00-0037545,WR,2026,5.462828563265315,2.5619134597794777,2.5619134597794777,9.571582645352438,False,,,,,,,0.14454571990422457,32.34413519828307,2.722281448023321,,,4.209214456276808,False,False,False,Rashid Shaheed,SEA,veteran_model,False,,False,ACT,2.0,starter,curated,14.681066000200902,14.681066000200902,1.0,False,2.0,14.681066000200902,,,,,,,,32.225845759159824,233.1409897885389,27.937986411950597,119.71889503194852,2025.0,SEA,canonical_source_team_frame,80.20014668508077,37.61162058982555,140.52103654279668
00-0038608,WR,2026,5.4561279884164,2.476016180368722,2.476016180368722,9.564882070503522,False,,,,,,,0.21544689949044765,31.942365037337687,1.9384201754798907,,,3.482519662585442,False,False,False,Kayshon Boutte,NE,veteran_model,True,,False,ACT,,deep_bench,deep_bench_discounted,4.419465045056695,4.419465045056695,0.97,True,3.0,4.419465045056695,,,,,,,,33.746856976402874,243.7564166874116,26.990735238510595,121.6874228230549,2025.0,NE,canonical_source_team_frame,24.113166926161778,10.94266696013436,42.27166197067982
00-0041029,WR,2026,5.453697633097171,1.6225888348084627,1.6225888348084627,8.918314387678524,False,,,,,,,0.185731251358451,31.37274658633621,2.404070932625688,,,4.007184071539704,False,False,False,Jordyn Tyson,NO,rookie_rule,True,drafted,False,,1.0,starter,rookie_path,14.3125,14.3125,1.0,False,2.0,14.3125,no_data,1.0,rank_1,0.6998480295114428,False,16.0,False,,,,,,,,78.05604737370327,23.22330269819612,127.64337467364888
00-0040206,QB,2026,5.442420671535468,-1.2930430123722059,0.0,15.467411756451135,True,13.269591482139646,1.5351637618307663,9.068981233595965,0.47946819334980545,0.4399184333028155,96.98076011200013,,,,0.030616109552257416,5.7875626323026745,,False,False,False,Riley Leonard,IND,veteran_model,True,,False,ACT,2.0,backup,curated,5.310112001372448,5.310112001372448,0.84,True,3.0,5.310112001372448,,,,,,,,33.819686508835005,234.02693422664208,26.500800154053703,117.38636019360476,2025.0,IND,canonical_source_team_frame,28.899863324437987,0.0,82.13368879810047
00-0036894,TE,2026,5.4257588108090635,3.4296137982272703,3.4296137982272703,8.201357777020238,False,,,,,,,0.1250215302708582,32.155492158293406,2.920160826709147,,,4.210934386945116,False,False,False,Pat Freiermuth,PIT,veteran_model,False,,False,ACT,1.0,starter,curated,14.307595607724986,14.307595607724986,1.0,False,1.0,14.307595607724986,,,,,,,,33.52835881566065,220.61884747889806,26.553754211808794,113.31380639380767,2025.0,PIT,canonical_source_team_frame,77.6295629301069,49.0695273157095,117.34171050787592
00-0040130,WR,2026,5.3790130335726065,2.398901225524928,2.398901225524928,9.487767115659729,False,,,,,,,0.1820567210262878,31.25136465368616,2.3230724840925268,,,4.125516817307525,False,False,False,Jayden Higgins,HOU,veteran_model,False,,False,ACT,2.0,starter,curated,14.852362068548793,14.852362068548793,1.0,False,2.0,14.852362068548793,,,,,,,,34.321125448974,230.7196594149492,27.0161290584345,113.89625214465637,2025.0,HOU,canonical_source_team_frame,79.89104914606335,35.62934956818165,140.91575242384914
00-0038400,QB,2026,5.369180115049441,-1.1570858389315675,0.0,15.072362848301031,True,15.531863983140036,1.5880520088381733,10.427212532799285,0.3185640175177665,0.40786754401475345,92.33448065641413,,,,0.036415758108212536,4.629641991201207,,False,False,False,Tanner McKee,PHI,veteran_model,True,,False,ACT,2.0,backup,curated,5.534660660820866,5.534660660820866,0.84,True,3.0,5.534660660820866,,,,,,,,32.80438240429993,217.87396873427076,27.510207278943774,118.95507060419129,2025.0,PHI,canonical_source_team_frame,29.716589963625793,0.0,83.42041372210966
00-0034827,WR,2026,5.297419752705748,2.3399056243637557,2.3399056243637557,9.40617383479287,False,,,,,,,0.15397889071358392,30.800196762247744,2.5870534643989416,,,4.060489582825455,False,False,False,DJ Moore,BUF,veteran_model,False,,True,ACT,2.0,starter,curated,14.511957939231891,14.511957939231891,1.0,False,1.0,14.511957939231891,,,,,,,,33.21002626467289,231.99810200162543,27.995140482336904,133.52540408900225,2025.0,BUF,canonical_source_team_frame,76.87593263772202,33.95661200253896,136.50199905961767
00-0041044,WR,2026,5.278246320846673,0.8312400000000001,0.8312400000000001,11.465550000000004,False,,,,,,,0.19300512371260453,29.79572330514754,2.281286496112583,,,3.699586765855628,False,False,False,Zachariah Branch,ATL,rookie_rule,True,drafted,False,,,deep_bench,deep_bench_discounted,6.0,7.888888888888889,1.0,False,4.0,6.0,above_median,,off_chart,1.0,False,9.0,False,,,,,,,,31.669477925080038,4.98744,68.79330000000002
00-0041051,WR,2026,5.278246320846673,0.8312400000000001,0.8312400000000001,11.465550000000004,False,,,,,,,0.19300512371260453,29.79572330514754,2.281286496112583,,,3.699586765855628,False,False,False,Zavion Thomas,CHI,rookie_rule,True,drafted,False,,,deep_bench,deep_bench_discounted,6.0,7.888888888888889,1.0,False,4.0,6.0,above_median,,off_chart,1.0,False,9.0,False,,,,,,,,31.669477925080038,4.98744,68.79330000000002
00-0041040,WR,2026,5.278246320846673,0.8312400000000001,0.8312400000000001,11.465550000000004,False,,,,,,,0.19300512371260453,29.79572330514754,2.281286496112583,,,3.699586765855628,False,False,False,Antonio Williams,WAS,rookie_rule,True,drafted,False,,,deep_bench,deep_bench_discounted,6.0,7.888888888888889,1.0,False,2.0,6.0,above_median,,off_chart,1.0,False,9.0,False,,,,,,,,31.669477925080038,4.98744,68.79330000000002
00-0041035,WR,2026,5.278246320846673,0.8312400000000001,0.8312400000000001,11.465550000000004,False,,,,,,,0.19300512371260453,29.79572330514754,2.281286496112583,,,3.699586765855628,False,False,False,De'Zhaun Stribling,SF,rookie_rule,True,drafted,False,,3.0,starter,rookie_path,12.9,12.9,1.0,False,5.0,12.9,above_median,3.0,rank_3_plus,1.0,False,20.0,False,,,,,,,,68.08937753892208,10.722996000000002,147.90559500000006
00-0040311,WR,2026,5.272216379667082,2.2921045716194035,2.2921045716194035,9.380970461754204,False,,,,,,,0.22004174454502926,28.710735467626538,2.1617847312685043,,,3.6243418686080666,False,False,False,Theo Wease Jr.,MIA,veteran_model,True,,False,ACT,,deep_bench,deep_bench_discounted,3.0497659144476565,3.0497659144476565,0.94,True,7.0,3.0497659144476565,,,,,,,,32.35681053457549,214.6121451327766,26.7390775924456,118.26868781082811,2025.0,MIA,canonical_source_team_frame,16.079025808301292,6.990382394874504,28.609763958698267
00-0040719,RB,2026,5.252998194643856,1.0684087228791264,1.0684087228791264,11.661104327901274,False,,6.18624497933874,,,,,0.03495096125988005,7.664396693902959,1.1004591540669615,0.16911202023199082,27.119510592688542,1.5054542802399928,False,False,False,Bhayshul Tuten,JAX,veteran_model,False,,False,ACT,1.0,starter,curated,10.897506832527261,10.897506832527261,1.0,False,1.0,10.897506832527261,,,,,,,,34.281611997177656,230.87870372906116,27.439030345261777,117.85703830149006,2025.0,JAX,canonical_source_team_frame,57.24458371738479,11.642991357507004,127.07696408811735
00-0039794,RB,2026,5.150742769242649,0.8089217564654879,0.8089217564654879,11.558848902500069,False,,5.614674152460175,,,,,0.029588858790753823,7.232673316762266,0.8611194953135604,0.2412591321250998,23.71827744414521,1.1047313394417204,False,False,False,Braelon Allen,NYJ,veteran_model,True,,False,ACT,2.0,committee,curated,11.574091002450642,11.574091002450642,0.98,True,2.0,11.574091002450642,,,,,,,,32.40798584142275,201.12864296169278,27.468730025987202,119.28333380861694,2025.0,NYJ,canonical_source_team_frame,59.61516554142905,9.362534023193772,133.7831690811125
00-0037525,RB,2026,5.1310483852743225,1.1887694682721501,1.1887694682721501,11.539154518531742,False,,7.7477898361784785,,,,,0.021185072692022033,4.780987267811842,0.8269573195339766,0.1677862616179041,31.05642992866593,1.0808268884153387,False,False,False,Jordan Mason,MIN,veteran_model,True,,False,ACT,2.0,committee,curated,12.142754787197616,12.142754787197616,0.98,True,2.0,12.142754787197616,,,,,,,,33.317960572598906,212.14905129671848,25.986445691358956,113.34466242181308,2025.0,MIN,canonical_source_team_frame,62.30506234363237,14.434936151736014,140.11712377011432
00-0040870,WR,2026,5.0983299628938195,0.8029060299095818,0.8029060299095818,11.074730801248505,False,,,,,,,0.18642627596397546,28.780094686517025,2.2035256769165277,,,3.5734812117789945,False,False,False,Ja'Kobi Lane,BAL,rookie_rule,True,drafted,False,,,deep_bench,deep_bench_discounted,6.0,7.888888888888889,1.0,False,4.0,6.0,above_median,,off_chart,0.9659136108820338,False,9.0,False,,,,,,,,30.589979777362917,4.817436179457491,66.44838480749102
00-0032434,QB,2026,5.018902563653342,-1.5160360374329542,0.0,14.727035976882139,True,13.930934849637064,0.9982641313870881,8.151668175294096,0.3210393575063702,0.5748966121612429,80.98426248376543,,,,0.008642933711443647,0.7016672840183293,,False,False,False,Brandon Allen,NYG,veteran_model,True,,True,ACT,,deep_bench,deep_bench_discounted,1.310830878399554,1.310830878399554,0.84,True,3.0,1.310830878399554,,,,,,,,33.24318823444577,223.72200991226288,27.969267844990632,122.67699998352342,2025.0,NYG,canonical_source_team_frame,6.578932456115484,0.0,19.304653505798246
00-0037252,TE,2026,4.990505963406271,2.9636558901648464,2.9636558901648464,7.7661049296174465,False,,,,,,,0.200741144512827,26.9144238111279,2.189233430433038,,,3.3285185929628804,False,False,False,Greg Dulcich,MIA,veteran_model,False,,False,ACT,1.0,starter,curated,13.645712715102196,13.645712715102196,1.0,False,1.0,13.645712715102196,,,,,,,,32.35681053457549,214.6121451327766,26.7390775924456,118.26868781082811,2025.0,MIA,canonical_source_team_frame,68.09901067964628,40.44119686360996,105.97403678489863
00-0039793,TE,2026,4.975305779500898,2.948455706259473,2.948455706259473,7.7509047457120746,False,,,,,,,0.14267014162992986,27.20602812673467,2.7973642340957032,,,3.6895680559153203,False,False,False,AJ Barner,SEA,veteran_model,False,,False,ACT,1.0,starter,curated,15.185898706058415,15.185898706058415,1.0,False,1.0,15.185898706058415,,,,,,,,32.225845759159824,233.1409897885389,27.937986411950597,119.71889503194852,2025.0,SEA,canonical_source_team_frame,75.55448959916764,44.774949694556284,117.70445434869102
00-0037012,QB,2026,4.906987038234002,-0.8865783586045806,0.0,14.22922151865909,True,10.681891173834105,2.9453089110515047,6.172939113923788,0.12808989110451582,0.20970331063205175,62.70799191989233,,,,0.08631278487391326,12.98157191875654,,False,False,False,Trey Lance,LAC,veteran_model,True,,False,ACT,2.0,backup,curated,3.138394014409848,3.138394014409848,0.77,True,2.0,3.138394014409848,,,,,,,,34.81078054136303,231.00756121830653,26.604787498731607,118.73875848668648,2025.0,LAC,canonical_source_team_frame,15.400058749580298,0.0,44.656903643871495
00-0041525,WR,2026,4.887265111895067,0.7696666666666666,0.7696666666666666,10.616250000000003,False,,,,,,,0.1787084478820412,27.588632689951424,2.1123023112153545,,,3.425543301718174,False,False,False,Chris Bell,MIA,rookie_rule,True,drafted,False,,,deep_bench,deep_bench_discounted,6.0,7.888888888888889,1.0,False,5.0,6.0,no_data,,off_chart,1.0,False,9.0,False,,,,,,,,29.3235906713704,4.617999999999999,63.69750000000002
00-0041048,WR,2026,4.887265111895067,0.7696666666666666,0.7696666666666666,10.616250000000003,False,,,,,,,0.1787084478820412,27.588632689951424,2.1123023112153545,,,3.425543301718174,False,False,False,Ted Hurst III,TB,rookie_rule,True,drafted,False,,,deep_bench,deep_bench_discounted,6.0,7.888888888888889,1.0,False,4.0,6.0,no_data,,off_chart,1.0,False,9.0,False,,,,,,,,29.3235906713704,4.617999999999999,63.69750000000002
00-0039855,WR,2026,4.854675397051169,1.8960444001272574,1.8960444001272574,8.963429479138291,False,,,,,,,0.15416503547723703,30.134438346490043,1.8324826990774854,,,2.8930058353627612,False,False,False,Jalen McMillan,TB,veteran_model,True,,False,ACT,1.0,starter,curated,11.12901604796764,11.12901604796764,0.97,True,3.0,11.12901604796764,,,,,,,,33.5451456097649,223.7139473344186,27.714856316659535,117.7146256375168,2025.0,TB,canonical_source_team_frame,54.02776040145614,21.101108556675428,99.75415051815628
00-0041052,RB,2026,4.8510770085297175,0.8687155737655552,0.8687155737655552,9.727198405011574,False,,5.271121655988814,,,,,0.03942760155267852,7.883188190805697,0.9720893344892589,0.16080213229976997,23.75335119089827,1.2501446074174694,False,False,False,Kaelon Black,SF,rookie_rule,True,drafted,False,,,deep_bench,deep_bench_discounted,6.0,7.6,1.0,False,3.0,6.0,no_data,,off_chart,0.6179908683182744,False,5.0,False,,,,,,,,29.106462051178305,5.212293442593332,58.363190430069444
00-0033319,QB,2026,4.839016521035464,-1.0087308716792087,0.0,14.039844768510514,True,9.368794448223976,1.6019491657977332,6.088744965172246,0.06738677462949738,0.47212884235616076,49.84603138182053,,,,0.0809211508373418,6.059065405729434,,False,False,False,Nick Mullens,JAX,veteran_model,True,,False,ACT,2.0,backup,curated,4.544126426925981,4.544126426925981,0.77,True,2.0,4.544126426925981,,,,,,,,34.281611997177656,230.87870372906116,27.439030345261777,117.85703830149006,2025.0,JAX,canonical_source_team_frame,21.989102853568674,0.0,63.79882964252711
00-0039491,WR,2026,4.828890347882966,1.8487785398352878,1.8487785398352878,8.937644429970089,False,,,,,,,0.16147588983881586,28.25425843954661,2.069218329790819,,,3.861005742713339,False,False,False,Jalen Coker,CAR,veteran_model,False,,False,ACT,3.0,starter,curated,13.329674456057095,13.329674456057095,1.0,False,2.0,13.329674456057095,,,,,,,,33.08175557965288,214.53923085029226,26.979775160632926,116.45258332427315,2025.0,CAR,canonical_source_team_frame,64.36753632127623,24.64361607734897,119.13589065549327
00-0040162,RB,2026,4.815256114210449,1.0244795478717967,1.0244795478717967,11.223362247467868,False,,4.469003473596529,,,,,0.057273039287783774,11.030761965342425,1.9018883886856888,0.1018550943559985,18.06466921470668,2.053616529561941,False,False,False,Dylan Sampson,CLE,veteran_model,True,,False,ACT,2.0,committee,curated,11.084217156133715,11.084217156133715,0.98,True,2.0,11.084217156133715,,,,,,,,33.8207695174603,210.10348431687345,26.544928262008405,109.302851392357,2025.0,CLE,canonical_source_team_frame,53.373344432309224,11.35555378062868,124.4021843728868
00-0040170,WR,2026,4.763265729401475,1.7831539213537968,1.7831539213537968,8.872019811488599,False,,,,,,,0.16657422876521785,25.969082825844104,2.333824148451514,,,4.077803993851955,False,False,False,Elic Ayomanor,TEN,veteran_model,True,,False,ACT,,deep_bench,deep_bench_discounted,6.0,6.601480431237152,0.86,True,5.0,6.0,,,,,,,,33.99018441127937,212.01753019527843,25.99058571793473,108.16497271051462,2025.0,TEN,canonical_source_team_frame,28.57959437640885,10.69892352812278,53.23211886893159
00-0033526,RB,2026,4.756841962421474,0.4953956356659756,0.4953956356659756,11.164948095678891,False,,5.123277650685989,,,,,0.024098702159130944,5.8242565222014635,0.8781374398126492,0.2247690788549895,22.421409042102795,1.1081736157457365,False,False,False,Samaje Perine,CIN,veteran_model,True,,False,ACT,2.0,committee,curated,10.407524070928854,10.407524070928854,0.98,True,2.0,10.407524070928854,,,,,,,,35.761155714222895,238.6430156013012,25.120234653951606,107.36930606582474,2025.0,CIN,canonical_source_team_frame,49.50694722550594,5.155842002826742,116.19946605644934
00-0040667,WR,2026,4.68657858098006,1.7064667729323824,1.7064667729323824,8.795332663067184,False,,,,,,,0.16327620214997993,26.247684362534944,2.1643058636533725,,,3.1127218080652805,False,False,False,Matthew Golden,GB,veteran_model,True,,False,ACT,1.0,starter,curated,12.828223441703674,12.828223441703674,0.97,True,3.0,12.828223441703674,,,,,,,,32.63743765242263,227.66151029204218,27.533819286041897,118.40278157385839,2025.0,GB,canonical_source_team_frame,60.120477213914754,21.89093705901961,112.82849264594044
00-0041032,TE,2026,4.652459023569469,2.4818838820992775,2.4818838820992775,6.924426845997523,False,,,,,,,0.15297783915673444,26.296824529872193,2.2098190712836865,,,3.4194030131036617,True,False,False,Kenyon Sadiq,NYJ,rookie_rule,True,drafted,False,,2.0,backup,rookie_path,15.272727272727273,15.272727272727273,1.0,False,1.0,15.272727272727273,above_median,1.0,rank_1,0.5982811500144616,False,3.0,True,,,,,,,,71.05573781451554,37.905135653879874,105.75488273887126
00-0036679,QB,2026,4.624208543140706,-1.2528412891156673,0.0,14.216575227175975,True,14.592093232281016,1.2955055828310946,9.18270265072594,0.26315599290960623,0.32562747158595734,87.17019317140362,,,,0.032764519173099534,1.6461580072134674,,False,False,False,Shane Buechele,BUF,veteran_model,True,,True,ACT,,deep_bench,deep_bench_discounted,0.7769279864985157,0.7769279864985157,0.84,True,3.0,0.7769279864985157,,,,,,,,33.21002626467289,231.99810200162543,27.995140482336904,133.52540408900225,2025.0,BUF,canonical_source_team_frame,3.5926770325715434,0.0,11.045255166154508
00-0033881,TE,2026,4.601718435796823,2.5748683625553985,2.5748683625553985,7.377317402008,False,,,,,,,0.21214334329248494,21.221103491892364,2.4134960537053542,,,3.036402856006704,False,False,False,Evan Engram,DEN,veteran_model,False,,False,ACT,2.0,backup,curated,14.640082909760176,14.640082909760176,1.0,False,1.0,14.640082909760176,,,,,,,,34.86578769636352,230.0781619883208,26.560893200255975,117.8845379552942,2025.0,DEN,canonical_source_team_frame,67.36953942743739,37.69628630952946,108.00453841701366
00-0041489,WR,2026,4.5940292051813625,0.7234866666666666,0.7234866666666666,9.979275000000001,False,,,,,,,0.16798594100911873,25.933314728554336,1.9855641725424331,,,3.2200107036150833,False,False,False,Germie Bernard,PIT,rookie_rule,True,drafted,False,,,deep_bench,deep_bench_discounted,6.0,7.888888888888889,1.0,False,4.0,6.0,below_median,,off_chart,1.0,False,9.0,False,,,,,,,,27.564175231088175,4.34092,59.87565000000001
00-0041042,WR,2026,4.5940292051813625,0.7234866666666666,0.7234866666666666,9.979275000000001,False,,,,,,,0.16798594100911873,25.933314728554336,1.9855641725424331,,,3.2200107036150833,False,False,False,Malachi Fields,NYG,rookie_rule,True,drafted,False,,,deep_bench,deep_bench_discounted,6.0,7.888888888888889,1.0,False,5.0,6.0,below_median,,off_chart,1.0,False,9.0,False,,,,,,,,27.564175231088175,4.34092,59.87565000000001
00-0040705,WR,2026,4.559291443861323,1.7253803131148016,1.7253803131148016,8.668045525948447,False,,,,,,,0.13337839111433858,26.29596104531305,2.2588499852879727,,,3.632177591652342,False,False,False,Chimere Dike,TEN,veteran_model,True,,False,ACT,,deep_bench,deep_bench_discounted,6.0,7.642792542691389,1.0,False,4.0,6.0,,,,,,,,33.99018441127937,212.01753019527843,25.99058571793473,108.16497271051462,2025.0,TEN,canonical_source_team_frame,27.355748663167937,10.35228187868881,52.00827315569068
00-0040398,QB,2026,4.545276872795506,-1.8627745065340127,0.0,14.60014875512536,True,9.66910321604949,2.0617942137795526,5.259942661049721,0.49440859205689935,0.3742321616533253,61.62085761489836,,,,0.13106847537009805,7.859202534794807,,False,False,False,Brady Cook,NYJ,veteran_model,True,,False,ACT,,deep_bench,deep_bench_discounted,3.3277645760124552,3.3277645760124552,0.84,True,3.0,3.3277645760124552,,,,,,,,32.40798584142275,201.12864296169278,27.468730025987202,119.28333380861694,2025.0,NYJ,canonical_source_team_frame,15.125611365457557,0.0,48.58585783181852
00-0041194,QB,2026,4.516786243386244,-2.4,0.0,13.419200000000002,True,13.533121693121693,1.9857936507936507,7.756507936507936,0.49206349206349204,0.32314814814814813,78.33103174603175,,,,0.0674074074074074,6.7063492063492065,,True,False,False,Jack Strand,ATL,rookie_rule,True,udfa,False,,,deep_bench,deep_bench_discounted,0.5882352941176471,0.5882352941176471,1.0,False,3.0,0.5882352941176471,no_data,,off_chart,1.0,False,102.0,False,,,,,,,,2.6569330843448498,0.0,7.893647058823531
00-0041156,QB,2026,4.516786243386244,-2.4,0.0,13.419200000000002,True,13.533121693121693,1.9857936507936507,7.756507936507936,0.49206349206349204,0.32314814814814813,78.33103174603175,,,,0.0674074074074074,6.7063492063492065,,True,False,False,Mark Gronowski,MIA,rookie_rule,True,udfa,False,,,deep_bench,deep_bench_discounted,0.5882352941176471,0.5882352941176471,1.0,False,4.0,0.5882352941176471,no_data,,off_chart,1.0,False,102.0,False,,,,,,,,2.6569330843448498,0.0,7.893647058823531
00-0040996,QB,2026,4.516786243386244,-2.4,0.0,13.419200000000002,True,13.533121693121693,1.9857936507936507,7.756507936507936,0.49206349206349204,0.32314814814814813,78.33103174603175,,,,0.0674074074074074,6.7063492063492065,,True,False,False,Jacob Clark,LV,rookie_rule,True,udfa,False,,,deep_bench,deep_bench_discounted,0.5882352941176471,0.5882352941176471,1.0,False,4.0,0.5882352941176471,no_data,,off_chart,1.0,False,102.0,False,,,,,,,,2.6569330843448498,0.0,7.893647058823531
00-0033921,WR,2026,4.462669072101551,1.6550701163708996,1.6550701163708996,8.571423154188675,False,,,,,,,0.1289930286116938,23.582608460819042,2.66090010869897,,,4.468452300503901,False,False,False,Chris Godwin Jr.,TB,veteran_model,False,,False,ACT,3.0,starter,curated,13.286021626508075,13.286021626508075,1.0,False,2.0,13.286021626508075,,,,,,,,33.5451456097649,223.7139473344186,27.714856316659535,117.7146256375168,2025.0,TB,canonical_source_team_frame,59.29111780388994,21.989297359491008,113.88011339650281
00-0041013,RB,2026,4.461834356024882,0.11070000000000008,0.11070000000000008,10.700128361344543,False,,5.375578854607302,,,,,0.04485281955267491,7.810019662353077,1.0383969685088297,0.12865707580750976,21.205745333740513,1.3626268309800134,False,False,False,Emmett Johnson,KC,rookie_rule,True,drafted,False,,,deep_bench,deep_bench_discounted,4.142857142857143,4.142857142857143,1.0,False,2.0,4.142857142857143,above_median,,off_chart,1.0,False,42.0,False,,,,,,,,18.484742332103085,0.4586142857142861,44.32910321128454
00-0033869,QB,2026,4.455602338821994,-1.6475577487006245,0.0,14.295257463318462,True,12.443825681191012,1.3102781858947912,8.408687519610867,0.3868002131402053,0.4164466147043754,79.48039875090804,,,,0.0062713502665058445,3.4657225464954746,,False,False,False,Mitchell Trubisky,TEN,veteran_model,True,,True,ACT,2.0,backup,curated,4.759312384126819,4.759312384126819,0.77,True,2.0,4.759312384126819,,,,,,,,33.99018441127937,212.01753019527843,25.99058571793473,108.16497271051462,2025.0,TEN,canonical_source_team_frame,21.205603389899935,0.0,68.03559587945288
00-0039405,RB,2026,4.439950436376992,0.5427202301014763,0.5427202301014763,10.848056569634412,False,,5.698923215159631,,,,,0.027603483558476877,4.419236083316697,0.5688497383596661,0.1790983479341562,24.733909699096905,0.7678010172805646,False,False,False,Jawhar Jordan,HOU,veteran_model,True,,False,ACT,,deep_bench,deep_bench_discounted,2.635070606445051,2.635070606445051,0.73,True,3.0,2.635070606445051,,,,,,,,34.321125448974,230.7196594149492,27.0161290584345,113.89625214465637,2025.0,HOU,canonical_source_team_frame,11.69958288896989,1.4301061258634946,28.585395003696767
00-0033949,QB,2026,4.40703977728095,-1.1888124935075473,0.0,13.78794964658434,True,9.44068072789141,1.4892612512367214,5.433386984735953,0.15742758554366665,0.3832950505397438,54.590935232465654,,,,0.10593818433035528,3.694482309285507,,False,False,False,Joshua Dobbs,DET,veteran_model,False,,True,,2.0,backup,curated,4.539433751357378,4.539433751357378,1.0,False,,4.539433751357378,,,,,,,,33.92979712201368,246.18859977155995,26.79038838236451,118.19015619651694,2025.0,DET,canonical_source_team_frame,20.005465108563644,0.0,62.58948398772098
00-0039880,WR,2026,4.376774267300846,1.3966624592531676,1.3966624592531676,8.48552834938797,False,,,,,,,0.18235037490058537,20.54766891497685,2.4558102527992967,,,3.7611347655946212,False,False,False,Malik Washington,MIA,veteran_model,False,,False,ACT,3.0,starter,curated,14.318723541454712,14.318723541454712,1.0,False,1.0,14.318723541454712,,,,,,,,32.35681053457549,214.6121451327766,26.7390775924456,118.26868781082811,2025.0,MIA,canonical_source_team_frame,62.66982073683382,19.998423634774362,121.50193453806287
00-0036924,RB,2026,4.363562298642341,0.38012505868332236,0.38012505868332236,10.77166843189976,False,,3.7805869210141663,,,,,0.01534005234259478,8.684883942499187,1.0823550148773877,0.17324425293594542,18.223905652824875,1.264937526266642,False,False,False,Michael Carter,TEN,veteran_model,True,,True,ACT,,deep_bench,deep_bench_discounted,4.211347799121822,4.211347799121822,0.7,True,4.0,4.211347799121822,,,,,,,,33.99018441127937,212.01753019527843,25.99058571793473,108.16497271051462,2025.0,TEN,canonical_source_team_frame,18.376478482718383,1.600838829277063,45.36324214355106
00-0040202,RB,2026,4.354717758643487,0.35219421233830744,0.35219421233830744,10.762823891900906,False,,4.56425885855221,,,,,0.04475814114441483,6.116113235258345,0.9602884430442791,0.1320018652585708,22.02402175177599,1.1546669582639302,False,False,False,Devin Neal,NO,veteran_model,True,,False,ACT,,deep_bench,deep_bench_discounted,3.6513305047261033,3.6513305047261033,0.73,True,3.0,3.6513305047261033,,,,,,,,34.20105181449663,231.16042627321303,26.953986866698713,109.11968596923658,2025.0,NO,canonical_source_team_frame,15.900513791607448,1.2859774710988445,39.2986271934927
00-0033555,WR,2026,4.345987966536191,1.4243202261778753,1.4243202261778753,8.454742048623313,False,,,,,,,0.14800449271630414,25.43393204904132,1.8291356106684658,,,3.20033772598761,False,False,False,Mack Hollins,NE,veteran_model,True,,False,ACT,,deep_bench,deep_bench_discounted,3.7369438786538804,3.7369438786538804,1.0,False,4.0,3.7369438786538804,,,,,,,,33.746856976402874,243.7564166874116,26.990735238510595,121.6874228230549,2025.0,NE,canonical_source_team_frame,16.240713128250842,5.322604750458321,31.59489654420046
00-0039342,WR,2026,4.344504222467773,1.3643924144200947,1.3643924144200947,8.453258304554897,False,,,,,,,0.16692202142140425,23.563575613437063,1.973229065191282,,,3.204077037242667,False,False,False,Xavier Legette,CAR,veteran_model,True,,False,ACT,2.0,starter,curated,13.375812826017029,13.375812826017029,0.97,True,3.0,13.375812826017029,,,,,,,,33.08175557965288,214.53923085029226,26.979775160632926,116.45258332427315,2025.0,CAR,canonical_source_team_frame,58.11127530156958,18.249857556520645,113.06920085170036
00-0040494,QB,2026,4.2782677192630745,-1.757371011612434,0.0,14.227736106671351,True,16.354639716544455,1.3128815798982918,9.864958733465787,0.44170684459611,0.3328156075794616,78.86315171045587,,,,0.031234708744317975,4.884846572533051,,False,False,False,Max Brosmer,MIN,veteran_model,True,,False,ACT,,deep_bench,deep_bench_discounted,1.920226417080566,1.920226417080566,0.84,True,4.0,1.920226417080566,,,,,,,,33.317960572598906,212.14905129671848,25.986445691358956,113.34466242181308,2025.0,MIN,canonical_source_team_frame,8.215242693871978,0.0,27.32047472728133
00-0040134,WR,2026,4.249270332005209,1.2941209592445528,1.2941209592445528,8.358024414092332,False,,,,,,,0.1535847647833611,23.304760536368576,1.9945713793363697,,,3.0221925049294227,False,False,False,Pat Bryant,DEN,veteran_model,True,,False,ACT,,deep_bench,deep_bench_discounted,4.4434580309464895,4.4434580309464895,1.0,False,4.0,4.4434580309464895,,,,,,,,34.86578769636352,230.0781619883208,26.560893200255975,117.8845379552942,2025.0,DEN,canonical_source_team_frame,18.881454382411203,5.750372169371383,37.1385307056454
00-0040021,RB,2026,4.2447175699714395,0.3373606059470392,0.3373606059470392,10.652823703228858,False,,3.704420426389261,,,,,0.02391481961287122,7.390932964613186,1.0556784721451324,0.13394274392227803,20.30639656226659,1.305769050520347,False,False,False,Phil Mafah,DAL,veteran_model,True,,False,ACT,,deep_bench,deep_bench_discounted,2.323708042439213,2.323708042439213,0.7,True,4.0,2.323708042439213,,,,,,,,34.848900159202955,250.0561914085082,26.916637322594873,120.71500490898475,2025.0,DAL,canonical_source_team_frame,9.863484355225665,0.7839275532413011,24.754052113879975
00-0041568,QB,2026,4.226931764150883,2.1841176470588235,2.1841176470588235,6.961291893988364,False,8.81341358804594,1.2711163999399293,5.394780652354181,0.20725393070981304,0.3175301740742918,59.04928610605081,,,,0.06368668096609273,6.272273992347522,,False,False,False,Ty Simpson,LA,rookie_rule,True,drafted,False,,,deep_bench,deep_bench_discounted,6.0,11.457142857142857,1.0,False,2.0,6.0,no_data,,off_chart,0.3,False,4.0,True,,,,,,,,25.361590584905294,13.104705882352942,41.76775136393019
00-0039410,WR,2026,4.219283185631058,1.384203417383763,1.384203417383763,8.32803726771818,False,,,,,,,0.13357316403113415,24.50604162320007,1.9344800782484914,,,2.6656294857838474,False,False,False,Ryan Flournoy,DAL,veteran_model,True,,False,ACT,3.0,starter,curated,14.404125532462054,14.404125532462054,0.97,True,3.0,14.404125532462054,,,,,,,,34.848900159202955,250.0561914085082,26.916637322594873,120.71500490898475,2025.0,DAL,canonical_source_team_frame,60.77508466283615,19.938239786458688,119.95809424323495
00-0039398,QB,2026,4.212464165438428,-1.4362789004211414,0.0,13.849388331008722,True,11.816262280378636,2.3369202641424653,6.427871358927699,0.2854347336771187,0.21502067613128412,65.28007423103182,,,,0.04148360397032622,10.631463352042989,,False,False,False,Joe Milton III,DAL,veteran_model,True,,False,ACT,2.0,backup,curated,3.3195039224406218,3.3195039224406218,0.77,True,2.0,3.3195039224406218,,,,,,,,34.848900159202955,250.0561914085082,26.916637322594873,120.71500490898475,2025.0,DAL,canonical_source_team_frame,13.983291320313421,0.0,45.973098888186826
00-0038619,WR,2026,4.182689391366507,1.2576836184277638,1.2576836184277638,8.29144347345363,False,,,,,,,0.14856083147970883,23.756064178552762,1.8314359692659543,,,2.665699033172922,False,False,False,Andrei Iosivas,CIN,veteran_model,True,,False,ACT,3.0,starter,curated,13.923309398585985,13.923309398585985,0.97,True,3.0,13.923309398585985,,,,,,,,35.761155714222895,238.6430156013012,25.120234653951606,107.36930606582474,2025.0,CIN,canonical_source_team_frame,58.23687851417918,17.511118144902913,115.44433284178135
00-0040586,RB,2026,4.182405694332301,0.059458359371013805,0.059458359371013805,10.590511827589719,False,,5.121495796388397,,,,,0.014770070843338859,6.335326300814741,0.6772421740053387,0.1891959474397161,19.864558675498273,0.723304796855356,False,False,False,Jaydon Blue,DAL,veteran_model,True,,False,ACT,2.0,committee,curated,11.276646487027415,11.276646487027415,0.98,True,2.0,11.276646487027415,,,,,,,,34.848900159202955,250.0561914085082,26.916637322594873,120.71500490898475,2025.0,DAL,canonical_source_team_frame,47.1635104803158,0.6704908993255564,119.4254579964119
00-0036309,WR,2026,4.14791063780501,1.1798817138129376,1.1798817138129376,8.256664719892132,False,,,,,,,0.15573135665526383,23.791881442735875,1.6686687071996795,,,3.257597553286903,False,False,False,Darnell Mooney,NYG,veteran_model,True,,True,ACT,,deep_bench,deep_bench_discounted,3.7999383857015028,3.7999383857015028,0.97,True,3.0,3.7999383857015028,,,,,,,,33.24318823444577,223.72200991226288,27.969267844990632,122.67699998352342,2025.0,NYG,canonical_source_team_frame,15.76180485305486,4.483477814905057,31.37481720698546
00-0041096,RB,2026,4.131328107430446,0.10250000000000004,0.10250000000000004,9.907526260504204,False,,4.9773878283400945,,,,,0.04153038847469898,7.23149968736396,0.9614786745452126,0.1191269220439905,19.634949383093065,1.261691510166679,False,False,False,Kaytron Allen,WAS,rookie_rule,True,drafted,False,,,deep_bench,deep_bench_discounted,4.142857142857143,4.142857142857143,1.0,False,3.0,4.142857142857143,no_data,,off_chart,1.0,False,42.0,False,,,,,,,,17.115502159354705,0.4246428571428573,41.04546593637456
00-0027973,QB,2026,4.126766913154422,-1.5259825186925013,0.0,13.844846807642767,True,12.7956818663732,1.0727537675933205,8.551551338605528,0.3260125981361437,0.45361335176296586,67.35910237873544,,,,0.006837595039238407,2.2894903698999807,,False,False,False,Andy Dalton,PHI,veteran_model,True,,True,ACT,,deep_bench,deep_bench_discounted,2.250244565778556,2.250244565778556,0.77,True,2.0,2.250244565778556,,,,,,,,32.80438240429993,217.87396873427076,27.510207278943774,118.95507060419129,2025.0,PHI,canonical_source_team_frame,9.286234820560484,0.0,31.154291292934726
00-0040388,WR,2026,4.125082564044302,1.2240363073603886,1.2240363073603886,8.233836646131426,False,,,,,,,0.1445675787705707,23.801473314924767,1.755059519856803,,,2.8874247241543287,False,False,False,Jakobie Keeney-James,GB,veteran_model,True,,False,ACT,,deep_bench,deep_bench_discounted,3.7963074143878055,3.7963074143878055,0.79,True,,3.7963074143878055,,,,,,,,32.63743765242263,227.66151029204218,27.533819286041897,118.40278157385839,2025.0,GB,canonical_source_team_frame,15.660081522843242,4.646818109112114,31.258175108566753
00-0040648,WR,2026,4.089387146795959,1.1401426190231847,1.1401426190231847,8.198141228883081,False,,,,,,,0.15260062395204738,22.29780858345153,1.8880050894770426,,,2.9635850382635,False,False,False,Tory Horton,SEA,veteran_model,True,,False,ACT,,deep_bench,deep_bench_discounted,4.73767073374527,4.73767073374527,1.0,False,4.0,4.73767073374527,,,,,,,,32.225845759159824,233.1409897885389,27.937986411950597,119.71889503194852,2025.0,SEA,canonical_source_team_frame,19.374169804329288,5.401620318441826,38.840093771189856
00-0039146,WR,2026,4.0720515100615025,1.4250672748946602,1.4250672748946602,8.180805592148626,False,,,,,,,0.1022239085177255,24.220474627076154,2.0733211924950687,,,3.1789740913627162,False,False,False,Jayden Reed,GB,veteran_model,False,,False,ACT,3.0,starter,curated,12.845079818025354,12.845079818025354,1.0,False,2.0,12.845079818025354,,,,,,,,32.63743765242263,227.66151029204218,27.533819286041897,118.40278157385839,2025.0,GB,canonical_source_team_frame,52.305826669850674,18.30510289207779,105.08310080689728
00-0038104,WR,2026,4.070225518528297,1.0901137104806193,1.0901137104806193,8.17897960061542,False,,,,,,,0.16860971154427873,23.121688963342095,1.492796705856831,,,2.898990422453826,False,False,False,Tyquan Thornton,KC,veteran_model,True,,False,ACT,2.0,starter,curated,13.143340437420914,13.143340437420914,0.97,True,3.0,13.143340437420914,,,,,,,,35.16438169616012,230.57945355267083,25.927946034942906,113.12705785543977,2025.0,KC,canonical_source_team_frame,53.49635964709548,14.32773561234688,107.49911332160941
00-0037291,WR,2026,4.029571296939765,1.0494594888920867,1.0494594888920867,8.138325379026888,False,,,,,,,0.17769978225150376,20.81402513722858,1.7639401794157683,,,2.9699015265104696,False,False,False,Jalen Nailor,LV,veteran_model,False,,True,ACT,2.0,starter,curated,15.385119074036472,15.385119074036472,1.0,False,2.0,15.385119074036472,,,,,,,,33.852695887179124,214.57281927994063,25.407262691012978,101.26520419334778,2025.0,LV,canonical_source_team_frame,61.99543422073786,16.14605919998221,125.20910501958168
00-0033908,WR,2026,3.9870552517711477,1.0765054104256488,1.0765054104256488,8.09580933385827,False,,,,,,,0.14615150954750147,21.605074654887833,1.8992774579947103,,,2.9464496420922077,False,False,False,Cooper Kupp,SEA,veteran_model,True,,False,ACT,3.0,starter,curated,13.31954995758473,13.31954995758473,0.97,True,3.0,13.31954995758473,,,,,,,,32.225845759159824,233.1409897885389,27.937986411950597,119.71889503194852,2025.0,SEA,canonical_source_team_frame,53.105781609616365,14.338567593774684,107.83253686940598
00-0039373,RB,2026,3.9489149588777193,0.016078369127276827,0.016078369127276827,10.357021092135138,False,,4.13814046783591,,,,,0.04773099360465752,6.407264250429509,0.8097855741792324,0.1333305431162058,18.16926526419972,1.0458324231406217,False,False,False,Audric Estimé,NO,veteran_model,True,,False,ACT,,deep_bench,deep_bench_discounted,3.0464371501378325,3.0464371501378325,0.7,True,6.0,3.0464371501378325,,,,,,,,34.20105181449663,231.16042627321303,26.953986866698713,109.11968596923658,2025.0,NO,canonical_source_team_frame,12.030121233460095,0.048981741022965326,31.55201381984159
00-0038618,WR,2026,3.938605208145712,1.1615849257529192,1.1615849257529192,8.047359290232835,False,,,,,,,0.1238965830553839,23.567186182339114,1.6770141831589946,,,2.590744567572991,False,False,False,Xavier Hutchinson,HOU,veteran_model,True,,False,ACT,,deep_bench,deep_bench_discounted,4.078943832504521,4.078943832504521,1.0,False,4.0,4.078943832504521,,,,,,,,34.321125448974,230.7196594149492,27.0161290584345,113.89625214465637,2025.0,HOU,canonical_source_team_frame,16.06534942243614,4.738039668830091,32.82472654484318
00-0035662,WR,2026,3.861400966397709,1.133676109837899,1.133676109837899,7.970155048484831,False,,,,,,,0.11568067874988681,22.6838034220737,1.7978731033820368,,,3.15535042989487,False,False,False,Marquise Brown,PHI,veteran_model,True,,True,ACT,,deep_bench,deep_bench_discounted,4.446436976875052,4.446436976875052,1.0,False,4.0,4.446436976875052,,,,,,,,32.80438240429993,217.87396873427076,27.510207278943774,118.95507060419129,2025.0,PHI,canonical_source_team_frame,17.169476039531833,5.040819374583097,35.43879211901033
00-0037157,RB,2026,3.8455202120005847,0.10465666988055788,0.10465666988055788,10.253626345258004,False,,4.528820048912055,,,,,0.02904718498082699,5.781640763527912,1.0086762288675495,0.14846578585667963,16.97940196188979,1.2748465064210739,False,False,False,Bam Knight,ARI,veteran_model,True,,False,ACT,,deep_bench,deep_bench_discounted,4.471450767427213,4.471450767427213,0.7,True,5.0,4.471450767427213,,,,,,,,36.213963863137224,240.76907152016224,24.989656676740175,107.79270996792926,2025.0,ARI,canonical_source_team_frame,17.195054303106875,0.4679671468537971,45.84858539041579
00-0038393,WR,2026,3.826865456569441,1.006242502972925,1.006242502972925,7.935619538656564,False,,,,,,,0.13116369492267102,21.53781275171798,1.7722040237232333,,,2.7591422698417327,False,False,False,Dontayvion Wicks,PHI,veteran_model,True,,True,ACT,2.0,starter,curated,12.847700409547741,12.847700409547741,0.97,True,3.0,12.847700409547741,,,,,,,,32.80438240429993,217.87396873427076,27.510207278943774,118.95507060419129,2025.0,PHI,canonical_source_team_frame,49.16642089365131,12.927902217549592,101.95446239681299
00-0034771,QB,2026,3.7741093051754007,-1.645046654275593,0.0,13.611253335246836,True,14.432427493834966,1.245559212952589,9.397705756685513,0.3855446659276896,0.2754461342633789,73.98502607904794,,,,0.021937748629719072,3.5238656503703236,,False,False,False,Mason Rudolph,PIT,veteran_model,True,,False,ACT,2.0,backup,curated,4.468939431242268,4.468939431242268,0.77,True,2.0,4.468939431242268,,,,,,,,33.52835881566065,220.61884747889806,26.553754211808794,113.31380639380767,2025.0,PIT,canonical_source_team_frame,16.866265891716708,0.0,60.82786673851243
00-0034837,WR,2026,3.7692748937126934,0.9195469378575862,0.9195469378575862,7.878028975799816,False,,,,,,,0.13601452863243624,21.649505782304125,1.5764742873753266,,,2.952156943489654,False,False,False,Calvin Ridley,TEN,veteran_model,True,,False,ACT,1.0,starter,curated,11.18693921987065,11.18693921987065,0.97,True,3.0,11.18693921987065,,,,,,,,33.99018441127937,212.01753019527843,25.99058571793473,108.16497271051462,2025.0,TEN,canonical_source_team_frame,42.16664913894831,10.28691570363099,88.13103132465237
00-0035535,WR,2026,3.751006430823006,0.7708946227753275,0.7708946227753275,7.859760512910128,False,,,,,,,0.16449506162324537,20.081161073710884,1.5118399074248896,,,2.960360345247721,False,False,False,Darius Slayton,NYG,veteran_model,False,,False,ACT,2.0,starter,curated,13.641631614415031,13.641631614415031,1.0,False,2.0,13.641631614415031,,,,,,,,33.24318823444577,223.72200991226288,27.969267844990632,122.67699998352342,2025.0,NYG,canonical_source_team_frame,51.169847912589205,10.516260457434457,107.21995749464571
00-0039874,RB,2026,3.750368508712494,0.016354001893140402,0.016354001893140402,10.158474641969914,False,,5.079337673585084,,,,,0.01116478474176156,6.09119753372016,0.8040954283165738,0.1212589767725561,19.446584720962846,1.027214755846914,False,False,False,Jaylen Wright,MIA,veteran_model,True,,False,ACT,2.0,committee,curated,8.911234813762894,8.911234813762894,0.98,True,2.0,8.911234813762894,,,,,,,,32.35681053457549,214.6121451327766,26.7390775924456,118.26868781082811,2025.0,MIA,canonical_source_team_frame,33.4204144192788,0.14573435101449703,90.52455288424984
00-0039164,QB,2026,3.748354106405759,-1.3556274600882916,0.0,13.296078942289892,True,9.31370937793138,1.7543396794851436,5.702836776620531,0.24083506883403888,0.3300641039146285,47.57979494800113,,,,0.04329320555990136,7.468167971358692,,False,False,False,Anthony Richardson,IND,veteran_model,True,,False,ACT,,deep_bench,deep_bench_discounted,2.237545838991807,2.237545838991807,0.77,True,2.0,2.237545838991807,,,,,,,,33.819686508835005,234.02693422664208,26.500800154053703,117.38636019360476,2025.0,IND,canonical_source_team_frame,8.387114133856059,0.0,29.750586112227335
00-0038979,WR,2026,3.733995089039084,0.8302232442326326,0.8302232442326326,7.842749171126206,False,,,,,,,0.14502184345766028,20.37365771178452,1.6529965142293404,,,2.6820842655055013,False,False,False,Cedric Tillman,CLE,veteran_model,True,,False,ACT,,deep_bench,deep_bench_discounted,3.9225977233015463,3.9225977233015463,1.0,False,4.0,3.9225977233015463,,,,,,,,33.8207695174603,210.10348431687345,26.544928262008405,109.302851392357,2025.0,CLE,canonical_source_team_frame,14.646960635083865,3.256631807658948,30.763950043084744
00-0037837,WR,2026,3.7188754505000547,0.9325716919665248,0.9325716919665248,7.827629532587178,False,,,,,,,0.12544382907884008,21.48857681887536,1.634709588278957,,,3.0187417749283556,False,False,False,Calvin Austin III,NYG,veteran_model,False,,True,ACT,3.0,starter,curated,13.126754612147163,13.126754612147163,1.0,False,4.0,13.126754612147163,,,,,,,,33.24318823444577,223.72200991226288,27.969267844990632,122.67699998352342,2025.0,NYG,canonical_source_team_frame,48.816765471852456,12.241639758679463,102.75137206906808
00-0040234,QB,2026,3.650848775015082,-1.3666364040299703,0.0,13.209582554840896,True,8.125442134035643,1.313590193304759,5.387005753652477,0.24633954080487822,0.31208663666582237,55.219835144317265,,,,0.03821455050960941,4.5710060113120194,,False,False,False,Quinn Ewers,MIA,veteran_model,True,,False,ACT,2.0,backup,curated,6.0445881613967085,6.0445881613967085,0.77,True,2.0,6.0445881613967085,,,,,,,,32.35681053457549,214.6121451327766,26.7390775924456,118.26868781082811,2025.0,MIA,canonical_source_team_frame,22.06787728450584,0.0,79.84648632798377
00-0038951,RB,2026,3.650140531267679,0.0,0.0,10.058246664525099,False,,4.838154330535831,,,,,0.03304323383779713,5.635192930829285,0.633874363025841,0.12122779412635662,18.440578888869073,0.9887850137431107,False,False,False,Sean Tucker,TB,veteran_model,True,,False,ACT,,deep_bench,deep_bench_discounted,4.847589384148888,4.847589384148888,0.73,True,3.0,4.847589384148888,,,,,,,,33.5451456097649,223.7139473344186,27.714856316659535,117.7146256375168,2025.0,TB,canonical_source_team_frame,17.694382490024783,0.0,48.75824975410283
00-0037746,RB,2026,3.646577825590121,0.11042859057867627,0.11042859057867627,10.05468395884754,False,,5.232578517555095,,,,,0.03225803794070163,5.91674541737905,1.0202200702637862,0.07837019574439372,18.810238466097505,1.2909515404193554,False,False,False,Brian Robinson,ATL,veteran_model,True,,True,ACT,2.0,committee,curated,11.028634568887144,11.028634568887144,0.98,True,2.0,11.028634568887144,,,,,,,,33.103579364958776,223.6760928436624,27.565529595779658,121.0212845239931,2025.0,ATL,canonical_source_team_frame,40.21677426544052,1.2178765714494741,110.88943508778102
00-0038621,WR,2026,3.6145157878637617,0.9022995539957614,0.9022995539957614,7.723269869950885,False,,,,,,,0.11309590830125182,21.52108768317342,1.5676631394778182,,,2.404867563619256,False,False,False,DeMario Douglas,NE,veteran_model,True,,False,ACT,3.0,starter,curated,10.084711590265137,10.084711590265137,0.86,True,5.0,10.084711590265137,,,,,,,,33.746856976402874,243.7564166874116,26.990735238510595,121.6874228230549,2025.0,NE,canonical_source_team_frame,36.451349259066,9.09943077007212,77.8869491722392
00-0040782,WR,2026,3.5718109752912826,0.7779843832211594,0.7779843832211594,7.680565057378406,False,,,,,,,0.1266976346682723,21.589183597131512,1.3054136151369955,,,2.4560216434016002,False,False,False,Isaiah Bond,CLE,veteran_model,True,,False,ACT,,deep_bench,deep_bench_discounted,5.48026168655516,5.48026168655516,0.86,True,5.0,5.48026168655516,,,,,,,,33.8207695174603,210.10348431687345,26.544928262008405,109.302851392357,2025.0,CLE,canonical_source_team_frame,19.574458839506036,4.263558008105167,42.09150641504521
00-0034975,RB,2026,3.559787096351557,0.7595638131491143,0.7595638131491143,9.967893229608976,False,,2.6371014151516468,,,,,0.06269841005911712,9.311515219006917,1.7159062685074253,0.09864732541871175,8.02608027330179,2.0599228736155752,False,False,False,Justice Hill,BAL,veteran_model,True,,False,ACT,2.0,committee,curated,11.998044405134191,11.998044405134191,0.98,True,2.0,11.998044405134191,,,,,,,,31.3716833460928,213.64210242557778,28.058067379544,132.6208163798309,2025.0,BAL,canonical_source_team_frame,42.71048365484969,9.113280358696123,119.59522559448496
00-0036550,WR,2026,3.552660928718429,0.7329904103197669,0.7329904103197669,7.661415010805552,False,,,,,,,0.13100495572302875,19.229509106473465,1.68736056746582,,,2.636463312732564,False,False,False,Rashod Bateman,BAL,veteran_model,False,,False,ACT,1.0,starter,curated,14.166861943926216,14.166861943926216,1.0,False,2.0,14.166861943926216,,,,,,,,31.3716833460928,213.64210242557778,28.058067379544,132.6208163798309,2025.0,BAL,canonical_source_team_frame,50.33005691073468,10.384173949221967,108.53820875320623
00-0040727,WR,2026,3.5325088905646655,0.7220804669140567,0.7220804669140567,7.641262972651788,False,,,,,,,0.12946460659835315,18.991602724364714,1.7131219570761498,,,2.671635441576221,False,False,False,Tre Harris,LAC,veteran_model,True,,False,ACT,2.0,starter,curated,14.074821580041656,14.074821580041656,0.97,True,3.0,14.074821580041656,,,,,,,,34.81078054136303,231.00756121830653,26.604787498731607,118.73875848668648,2025.0,LAC,canonical_source_team_frame,49.719432364608565,10.16315373824852,107.54941298625263
00-0038579,QB,2026,3.5008919358742987,-1.3917310610739375,0.0,13.08472037274408,True,12.765881319183743,1.5883612042227986,7.410946503014965,0.25888686932686183,0.214283362764598,53.235702461036546,,,,0.028799559051243664,8.59306770720706,,False,False,False,Aidan O'Connell,LV,veteran_model,True,,False,ACT,,deep_bench,deep_bench_discounted,1.2655878428881933,1.2655878428881933,0.84,True,3.0,1.2655878428881933,,,,,,,,33.852695887179124,214.57281927994063,25.407262691012978,101.26520419334778,2025.0,LV,canonical_source_team_frame,4.430686273307825,0.0,16.559863031336377
00-0040584,TE,2026,3.494789182066535,1.6449153636722786,1.6449153636722786,6.270388148277711,False,,,,,,,0.10064299790626871,19.150507142968433,1.9517609606641588,,,2.973219969561395,False,False,False,Gunnar Helm,TEN,veteran_model,False,,False,ACT,1.0,starter,curated,15.13169867289183,15.13169867289183,1.0,False,1.0,15.13169867289183,,,,,,,,33.99018441127937,212.01753019527843,25.99058571793473,108.16497271051462,2025.0,TEN,canonical_source_team_frame,52.88209682831291,24.890363625499198,94.8816240218105
00-0038551,RB,2026,3.4656047881279406,0.0,0.0,9.87371092138536,False,,4.126846599387335,,,,,0.02575539893199555,4.248316219500717,0.5158895923076253,0.12711786802610278,18.65588768275466,0.6150833514441529,False,False,False,Kendre Miller,NO,veteran_model,True,,False,ACT,,deep_bench,deep_bench_discounted,2.7177116714317067,2.7177116714317067,0.7,True,4.0,2.7177116714317067,,,,,,,,34.20105181449663,231.16042627321303,26.953986866698713,109.11968596923658,2025.0,NO,canonical_source_team_frame,9.418514581264912,0.0,26.8338994113917
00-0040673,QB,2026,3.4493215219835203,-1.4463068361714457,0.0,13.087725733950808,True,11.47900863346571,1.3965946641397942,5.36137681884041,0.28617475687561583,0.33245968544068727,48.623501518581485,,,,0.05120844364440582,4.396415713623084,,False,False,False,Jalen Milroe,SEA,veteran_model,True,,False,ACT,,deep_bench,deep_bench_discounted,2.0832650611049037,2.0832650611049037,0.84,True,3.0,2.0832650611049037,,,,,,,,32.225845759159824,233.1409897885389,27.937986411950597,119.71889503194852,2025.0,SEA,canonical_source_team_frame,7.1858510112654574,0.0,27.265201750863252
00-0034829,TE,2026,3.4385327408053996,1.4460796097246666,1.4460796097246666,6.214131707016576,False,,,,,,,0.12440621668734818,19.20500828123589,1.5431892251154433,,,2.6147936326979733,False,False,False,Mike Gesicki,CIN,veteran_model,False,,False,ACT,2.0,backup,curated,13.029548964290973,13.029548964290973,1.0,False,1.0,13.029548964290973,,,,,,,,35.761155714222895,238.6430156013012,25.120234653951606,107.36930606582474,2025.0,CIN,canonical_source_team_frame,44.802530711641595,18.841765081170323,80.96733334712552
00-0040198,RB,2026,3.423632470136482,0.0,0.0,9.831738603393902,False,,4.71765742498581,,,,,0.012776929718514931,5.724110514378126,0.6433839775072072,0.08856366535443003,19.21485859507396,0.7624991738197497,False,False,False,Ollie Gordon II,MIA,veteran_model,True,,False,ACT,,deep_bench,deep_bench_discounted,3.689497552896779,3.689497552896779,0.73,True,3.0,3.689497552896779,,,,,,,,32.35681053457549,214.6121451327766,26.7390775924456,118.26868781082811,2025.0,MIA,canonical_source_team_frame,12.631483620586506,0.0,36.274175517942595
00-0039875,RB,2026,3.422064850242708,0.2713126762784034,0.2713126762784034,9.830170983500127,False,,3.490759714079756,,,,,0.0389097922780956,7.957281772841973,1.0102506839989926,0.06799409555442601,14.797880039638846,1.5792737592536825,False,False,False,Ray Davis,BUF,veteran_model,True,,False,ACT,,deep_bench,deep_bench_discounted,6.0,6.014915498780308,0.98,True,2.0,6.0,,,,,,,,33.21002626467289,231.99810200162543,27.995140482336904,133.52540408900225,2025.0,BUF,canonical_source_team_frame,20.532389101456246,1.6278760576704203,58.98102590100076
00-0038797,RB,2026,3.414045677485017,0.0,0.0,9.822151810742437,False,,3.609757527894984,,,,,0.03696553914682327,4.849173163727571,0.7555027484026261,0.10762053558406505,16.83860538525617,1.0214882360054633,False,False,False,Emanuel Wilson,SEA,veteran_model,True,,True,ACT,,deep_bench,deep_bench_discounted,4.717997130082353,4.717997130082353,0.7,True,4.0,4.717997130082353,,,,,,,,32.225845759159824,233.1409897885389,27.937986411950597,119.71889503194852,2025.0,SEA,canonical_source_team_frame,16.107457708344374,0.0,46.34088405431601
00-0036988,WR,2026,3.4047562565497707,0.6280564928408866,0.6280564928408866,7.513510338636894,False,,,,,,,0.12384316327473238,19.851045910875627,1.3531853716276272,,,2.323905958827385,False,False,False,Josh Palmer,BUF,veteran_model,True,,False,ACT,,deep_bench,deep_bench_discounted,2.7769783125625174,2.7769783125625174,0.97,True,3.0,2.7769783125625174,,,,,,,,33.21002626467289,231.99810200162543,27.995140482336904,133.52540408900225,2025.0,BUF,canonical_source_team_frame,9.454934284000256,1.744099259683218,20.86485526160891
00-0035689,TE,2026,3.3857686959996505,1.5768668202054932,1.5768668202054932,6.161367662210827,False,,,,,,,0.09381434080625221,17.520257364171325,2.1417138294900093,,,2.9349991507787103,False,False,False,Dawson Knox,BUF,veteran_model,True,,False,ACT,2.0,backup,curated,15.386179224678681,15.386179224678681,0.9,True,2.0,15.386179224678681,,,,,,,,33.21002626467289,231.99810200162543,27.995140482336904,133.52540408900225,2025.0,BUF,canonical_source_team_frame,52.094043969957255,24.261955509130892,94.79990711991528
00-0037013,QB,2026,3.3856762933311786,-1.8972133677845104,0.0,13.474987036911532,True,11.696486616835026,1.9221838178341175,6.539730675765925,0.5116280226821482,0.26506137070419916,68.09944726762086,,,,0.01885969498767944,5.11550795247767,,False,False,False,Zach Wilson,NO,veteran_model,True,,True,ACT,,deep_bench,deep_bench_discounted,1.0575184107177955,1.0575184107177955,0.84,True,3.0,1.0575184107177955,,,,,,,,34.20105181449663,231.16042627321303,26.953986866698713,109.11968596923658,2025.0,NO,canonical_source_team_frame,3.580415012928505,0.0,14.25004687571758
00-0039066,TE,2026,3.3854879597293914,1.5762973475268471,1.5762973475268471,6.161086925940568,False,,,,,,,0.09386246354098336,18.109379843130526,2.022750388340877,,,2.9202794637935887,False,False,False,Michael Mayer,LV,veteran_model,True,,False,ACT,2.0,backup,curated,12.854809435231406,12.854809435231406,0.9,True,2.0,12.854809435231406,,,,,,,,33.852695887179124,214.57281927994063,25.407262691012978,101.26520419334778,2025.0,LV,canonical_source_team_frame,43.519802567591704,20.263002015718353,79.19959834686166
00-0037801,WR,2026,3.3811881601042844,0.523042933627204,0.523042933627204,7.4899422421914075,False,,,,,,,0.1374174070694318,17.395035309546294,1.6343603734661283,,,2.5384035713905795,False,False,False,KaVontae Turpin,DAL,veteran_model,True,,False,ACT,,deep_bench,deep_bench_discounted,5.7549850224748065,5.7549850224748065,1.0,False,4.0,5.7549850224748065,,,,,,,,34.848900159202955,250.0561914085082,26.916637322594873,120.71500490898475,2025.0,DAL,canonical_source_team_frame,19.458687219569306,3.010104249135843,43.10450542301292
00-0029892,RB,2026,3.3767404586431415,0.17959052261493397,0.17959052261493397,9.78484659190056,False,,2.3765603994205664,,,,,0.05915537417021327,7.42008111970535,0.9342465072993783,0.11867782138597562,11.00609919685784,1.206252753359944,False,False,False,Kyle Juszczyk,SF,veteran_model,True,,False,ACT,,deep_bench,deep_bench_discounted,4.462897113271014,4.462897113271014,0.86,True,,4.462897113271014,,,,,,,,34.24811794566182,240.12307936832372,26.942362571611483,112.84801793050981,2025.0,SF,canonical_source_team_frame,15.070045245143916,0.8014940249490216,43.66876360879273
00-0041217,RB,2026,3.3602152562929213,0.0,0.0,8.956928571428573,False,,3.907144370771919,,,,,0.01923205885553003,5.4068384347161285,0.739336264492642,0.12453148773183718,15.872820010507839,0.9772861730581592,False,False,False,J'Mari Taylor,JAX,rookie_rule,True,udfa,False,,,deep_bench,deep_bench_discounted,0.71,0.71,1.0,False,6.0,0.71,above_median,,off_chart,1.0,False,300.0,False,,,,,,,,2.385752831967974,0.0,6.359419285714287
00-0041178,RB,2026,3.3602152562929213,0.0,0.0,8.956928571428573,False,,3.907144370771919,,,,,0.01923205885553003,5.4068384347161285,0.739336264492642,0.12453148773183718,15.872820010507839,0.9772861730581592,False,False,False,Robert Henry Jr.,WAS,rookie_rule,True,udfa,False,,,deep_bench,deep_bench_discounted,0.71,0.71,1.0,False,6.0,0.71,above_median,,off_chart,1.0,False,300.0,False,,,,,,,,2.385752831967974,0.0,6.359419285714287
00-0039424,WR,2026,3.3520108938844677,0.7052757248937119,0.7052757248937119,7.460764975971591,False,,,,,,,0.10218239748837764,19.533059701672034,1.5712210775739963,,,2.5108740656898902,False,False,False,Devaughn Vele,NO,veteran_model,True,,False,ACT,3.0,starter,curated,12.458125520174471,12.458125520174471,0.97,True,3.0,12.458125520174471,,,,,,,,34.20105181449663,231.16042627321303,26.953986866698713,109.11968596923658,2025.0,NO,canonical_source_team_frame,41.75977246100493,8.786413507057903,92.94714654717555
00-0031237,QB,2026,3.3478474096358433,-1.3336880635781758,0.0,12.87363284900986,True,7.795026113075535,1.0756892552816237,4.4529509970123895,0.22986537057898096,0.34395108527821294,49.35446502877742,,,,0.041554241647300025,2.0826975864605637,,False,False,False,Teddy Bridgewater,DET,veteran_model,True,,True,ACT,,deep_bench,deep_bench_discounted,1.4460094871760807,1.4460094871760807,0.77,True,2.0,1.4460094871760807,,,,,,,,33.92979712201368,246.18859977155995,26.79038838236451,118.19015619651694,2025.0,DET,canonical_source_team_frame,4.841019115951296,0.0,18.615395234089895
00-0037742,WR,2026,3.3451280792105242,0.4813786000329127,0.4813786000329127,7.453882161297647,False,,,,,,,0.13835144918618697,18.10541916337528,1.4089549355117486,,,2.4281997552200676,False,False,False,Treylon Burks,WAS,veteran_model,True,,False,ACT,,deep_bench,deep_bench_discounted,3.4405568623449594,3.4405568623449594,1.0,False,4.0,3.4405568623449594,,,,,,,,32.67019161591956,214.93952859258042,27.26986368464489,124.1188052104396,2025.0,WAS,canonical_source_team_frame,11.509103368350582,1.6562104457292472,25.6455054211633
00-0033307,WR,2026,3.322496353301413,0.566578713791965,0.566578713791965,7.431250435388536,False,,,,,,,0.12037947590815969,19.404999025885402,1.3194391905278289,,,2.073455615044366,False,False,False,Kendrick Bourne,ARI,veteran_model,True,,True,ACT,3.0,starter,curated,12.761669584878772,12.761669584878772,0.97,True,3.0,12.761669584878772,,,,,,,,36.213963863137224,240.76907152016224,24.989656676740175,107.79270996792926,2025.0,ARI,canonical_source_team_frame,42.40060065779728,7.230490339238655,94.83516265891502
00-0039798,RB,2026,3.3132322259149367,0.09630602938137062,0.09630602938137062,9.721338359172355,False,,2.562142487629342,,,,,0.0246891181280267,5.3845191955470515,0.991974947869175,0.12547858427486852,13.777866180082727,1.2352468493538804,False,False,False,Isaiah Davis,NYJ,veteran_model,True,,False,ACT,,deep_bench,deep_bench_discounted,5.544443724846231,5.544443724846231,0.73,True,3.0,5.544443724846231,,,,,,,,32.40798584142275,201.12864296169278,27.468730025987202,119.28333380861694,2025.0,NYJ,canonical_source_team_frame,18.370029623932382,0.5339633602683971,53.899413462620124
00-0035100,QB,2026,3.2784044562656764,-1.5828020373611182,0.0,13.053303869422637,True,8.98942327855931,1.5469817793667582,5.676361441664963,0.3544223574704522,0.23157695695209435,61.324474176595146,,,,0.05894795195327306,2.542746646147593,,False,False,False,Jake Browning,TB,veteran_model,True,,True,ACT,2.0,backup,curated,6.532094693851412,6.532094693851412,0.77,True,2.0,6.532094693851412,,,,,,,,33.5451456097649,223.7139473344186,27.714856316659535,117.7146256375168,2025.0,TB,canonical_source_team_frame,21.414848353071847,0.0,85.2654169426857
00-0041483,TE,2026,3.274734215999209,0.39388235294117646,0.39388235294117646,6.8580000000000005,False,,,,,,,0.13530720785670572,16.792524599503796,1.56727701781719,,,2.3619366709330847,False,False,False,Eli Stowers,PHI,rookie_rule,True,drafted,False,,,deep_bench,deep_bench_discounted,6.0,12.465116279069768,1.0,False,2.0,6.0,above_median,,off_chart,1.0,False,4.0,True,,,,,,,,19.648405295995254,2.363294117647059,41.148
00-0041558,TE,2026,3.274734215999209,0.39388235294117646,0.39388235294117646,6.8580000000000005,False,,,,,,,0.13530720785670572,16.792524599503796,1.56727701781719,,,2.3619366709330847,False,False,False,Sam Roush,CHI,rookie_rule,True,drafted,False,,,deep_bench,deep_bench_discounted,6.0,12.465116279069768,1.0,False,3.0,6.0,above_median,,off_chart,1.0,False,4.0,True,,,,,,,,19.648405295995254,2.363294117647059,41.148
00-0038102,QB,2026,3.274117313532953,-1.4929747966530305,0.0,12.959189485981826,True,10.248130487112219,1.4513495506283212,5.3015648319230335,0.30950873711640825,0.22603268737029097,64.84382625946657,,,,0.03291146308248086,1.9778220941105793,,False,False,False,Kenny Pickett,CAR,veteran_model,True,,True,ACT,2.0,backup,curated,4.848220952867177,4.848220952867177,0.77,True,2.0,4.848220952867177,,,,,,,,33.08175557965288,214.53923085029226,26.979775160632926,116.45258332427315,2025.0,CAR,canonical_source_team_frame,15.873644161615653,0.0,62.829013998113105
00-0036423,TE,2026,3.2709504764471906,1.4114913838607774,1.4114913838607774,6.0465494426583675,False,,,,,,,0.10224054360496154,14.627611295516857,2.3894921705314713,,,4.184311596423797,False,False,False,Albert Okwuegbunam,LV,veteran_model,True,,False,ACT,,deep_bench,deep_bench_discounted,4.630437759023367,4.630437759023367,1.0,False,5.0,4.630437759023367,,,,,,,,33.852695887179124,214.57281927994063,25.407262691012978,101.26520419334778,2025.0,LV,canonical_source_team_frame,15.145932594036545,6.53582300036509,27.998170851087004
00-0040131,WR,2026,3.238477088008496,0.5508938799390375,0.5508938799390375,7.347231170095618,False,,,,,,,0.10899040400149486,19.011382343084286,1.366792859382197,,,2.476440382973701,False,False,False,Kyle Williams,NE,veteran_model,True,,False,ACT,,deep_bench,deep_bench_discounted,4.849437675917464,4.849437675917464,0.94,True,6.0,4.849437675917464,,,,,,,,33.746856976402874,243.7564166874116,26.990735238510595,121.6874228230549,2025.0,NE,canonical_source_team_frame,15.704792803183878,2.6715255368087205,35.629939649936844
00-0040878,RB,2026,3.2173673925403627,0.07982424759298533,0.07982424759298533,7.715715407341376,False,,3.876255984153474,,,,,0.03234275133889985,5.631697770855965,0.7487737733880231,0.0927728480022415,15.291171327139068,0.9825714682293902,False,False,False,Mike Washington Jr.,LV,rookie_rule,True,drafted,False,,2.0,committee,rookie_path,12.294117647058824,12.294117647058824,1.0,False,,12.294117647058824,above_median,2.0,rank_2,0.7210862474524415,False,17.0,False,,,,,,,,39.55469323770211,0.9813686909961138,94.85791294907928
00-0035250,RB,2026,3.205818967674649,0.0,0.0,9.613925100932068,False,,3.875843077373405,,,,,0.01641201229545301,4.796283726205084,0.6632241942417101,0.11618353460360849,15.990052165389166,0.7738247927892297,False,False,False,Devin Singletary,NYG,veteran_model,True,,False,ACT,,deep_bench,deep_bench_discounted,4.869082985375058,4.869082985375058,0.73,True,3.0,4.869082985375058,,,,,,,,33.24318823444577,223.72200991226288,27.969267844990632,122.67699998352342,2025.0,NYG,canonical_source_team_frame,15.609398589697266,0.0,46.810999131618516
00-0040669,WR,2026,3.1953517042592603,0.31495812469610523,0.31495812469610523,7.3041057863463825,False,,,,,,,0.14112546591711086,17.058559328000346,1.2854859519131205,,,2.1138544389615257,False,False,False,Isaac TeSlaa,DET,veteran_model,True,,False,ACT,3.0,starter,curated,12.893436291454888,12.893436291454888,0.97,True,3.0,12.893436291454888,,,,,,,,33.92979712201368,246.18859977155995,26.79038838236451,118.19015619651694,2025.0,DET,canonical_source_team_frame,41.199063627658575,4.060892515245337,94.1750226223041
00-0036290,TE,2026,3.1896162631368457,1.4498429251200873,1.4498429251200873,5.965215229348022,False,,,,,,,0.08229291784335238,18.194185349085462,1.75288044233637,,,2.599423408031062,False,False,False,Cole Kmet,CHI,veteran_model,True,,False,ACT,2.0,backup,curated,14.441426646217465,14.441426646217465,0.9,True,2.0,14.441426646217465,,,,,,,,33.73805380586444,231.60768553241846,27.696271758130365,127.85601286134171,2025.0,CHI,canonical_source_team_frame,46.06260929367302,20.9378002516591,86.14621816352876
00-0038555,RB,2026,3.188843968894898,0.0,0.0,9.596950102152316,False,,4.806800046157405,,,,,0.00046249576519480086,4.1549111847667355,0.754536736704672,0.09776584924307738,18.06714412016255,0.9599726713955126,False,False,False,Tank Bigsby,PHI,veteran_model,True,,False,ACT,2.0,committee,curated,9.371570132414941,9.371570132414941,0.98,True,2.0,9.371570132414941,,,,,,,,32.80438240429993,217.87396873427076,27.510207278943774,118.95507060419129,2025.0,PHI,canonical_source_team_frame,29.884474895826948,0.0,89.93849093960716
00-0040581,WR,2026,3.183809909330167,0.23093297323308085,0.23093297323308085,7.292563991417289,False,,,,,,,0.17761482068344756,15.41966134688558,1.1523097010818466,,,2.0769236102047826,False,False,False,Dont'e Thornton Jr.,LV,veteran_model,True,,False,ACT,,deep_bench,deep_bench_discounted,4.271857364973688,4.271857364973688,1.0,False,4.0,4.271857364973688,,,,,,,,33.852695887179124,214.57281927994063,25.407262691012978,101.26520419334778,2025.0,LV,canonical_source_team_frame,13.600781809848284,0.9865127225210081,31.152793196277862
00-0040237,WR,2026,3.169362362996703,0.4547003949975321,0.4547003949975321,7.278116445083826,False,,,,,,,0.11350353065644685,18.095043552154326,1.3576736476851783,,,2.149732628531951,False,False,False,Tez Johnson,TB,veteran_model,True,,False,ACT,,deep_bench,deep_bench_discounted,4.513218866959912,4.513218866959912,0.86,True,5.0,4.513218866959912,,,,,,,,33.5451456097649,223.7139473344186,27.714856316659535,117.7146256375168,2025.0,TB,canonical_source_team_frame,14.30402601290937,2.0521624015169864,32.84773245588352
00-0034577,QB,2026,3.1693534250024924,-1.2514962661722961,0.0,12.612947066970632,True,9.21758711662277,0.8866708183057798,5.255392108380297,0.18876947187604107,0.3130090770967431,43.62919093370183,,,,0.042133967470195266,2.9688461819835728,,False,False,False,Kyle Allen,BUF,veteran_model,True,,True,ACT,2.0,backup,curated,4.184319984781939,4.184319984781939,0.77,True,2.0,4.184319984781939,,,,,,,,33.21002626467289,231.99810200162543,27.995140482336904,133.52540408900225,2025.0,BUF,canonical_source_team_frame,13.261588875075015,0.0,52.776606479321956
00-0041485,RB,2026,3.111310422493445,0.0,0.0,8.293452380952381,False,,3.617726269233258,,,,,0.017807461903268543,5.006331883996415,0.6845706152709647,0.11530693308503442,14.697055565285035,0.9048946046834807,False,False,False,Miles Davis,CAR,rookie_rule,True,udfa,False,,,deep_bench,deep_bench_discounted,0.71,0.71,1.0,False,6.0,0.71,no_data,,off_chart,1.0,False,300.0,False,,,,,,,,2.209030399970346,0.0,5.8883511904761905
00-0040964,RB,2026,3.111310422493445,0.0,0.0,8.293452380952381,False,,3.617726269233258,,,,,0.017807461903268543,5.006331883996415,0.6845706152709647,0.11530693308503442,14.697055565285035,0.9048946046834807,False,False,False,EJ Smith,KC,rookie_rule,True,udfa,False,,,deep_bench,deep_bench_discounted,0.71,0.71,1.0,False,6.0,0.71,no_data,,off_chart,1.0,False,300.0,False,,,,,,,,2.209030399970346,0.0,5.8883511904761905
00-0040959,RB,2026,3.111310422493445,0.0,0.0,8.293452380952381,False,,3.617726269233258,,,,,0.017807461903268543,5.006331883996415,0.6845706152709647,0.11530693308503442,14.697055565285035,0.9048946046834807,False,False,False,Jaydn Ott,KC,rookie_rule,True,udfa,False,,,deep_bench,deep_bench_discounted,0.71,0.71,1.0,False,5.0,0.71,no_data,,off_chart,1.0,False,300.0,False,,,,,,,,2.209030399970346,0.0,5.8883511904761905
00-0041433,RB,2026,3.111310422493445,0.0,0.0,8.293452380952381,False,,3.617726269233258,,,,,0.017807461903268543,5.006331883996415,0.6845706152709647,0.11530693308503442,14.697055565285035,0.9048946046834807,False,False,False,Kadarius Calloway,TB,rookie_rule,True,udfa,False,,,deep_bench,deep_bench_discounted,0.71,0.71,1.0,False,5.0,0.71,no_data,,off_chart,1.0,False,300.0,False,,,,,,,,2.209030399970346,0.0,5.8883511904761905
00-0041191,RB,2026,3.111310422493445,0.0,0.0,8.293452380952381,False,,3.617726269233258,,,,,0.017807461903268543,5.006331883996415,0.6845706152709647,0.11530693308503442,14.697055565285035,0.9048946046834807,False,False,False,Cash Jones,ATL,rookie_rule,True,udfa,False,,,deep_bench,deep_bench_discounted,0.71,0.71,1.0,False,5.0,0.71,no_data,,off_chart,1.0,False,300.0,False,,,,,,,,2.209030399970346,0.0,5.8883511904761905
00-0040946,RB,2026,3.111310422493445,0.0,0.0,8.293452380952381,False,,3.617726269233258,,,,,0.017807461903268543,5.006331883996415,0.6845706152709647,0.11530693308503442,14.697055565285035,0.9048946046834807,False,False,False,Jaden Nixon,GB,rookie_rule,True,udfa,False,,,deep_bench,deep_bench_discounted,0.71,0.71,1.0,False,6.0,0.71,no_data,,off_chart,1.0,False,300.0,False,,,,,,,,2.209030399970346,0.0,5.8883511904761905
00-0041307,RB,2026,3.111310422493445,0.0,0.0,8.293452380952381,False,,3.617726269233258,,,,,0.017807461903268543,5.006331883996415,0.6845706152709647,0.11530693308503442,14.697055565285035,0.9048946046834807,False,False,False,Joshua Pitsenberger,HOU,rookie_rule,True,udfa,False,,,deep_bench,deep_bench_discounted,0.71,0.71,1.0,False,,0.71,no_data,,off_chart,1.0,False,300.0,False,,,,,,,,2.209030399970346,0.0,5.8883511904761905
00-0041312,RB,2026,3.111310422493445,0.0,0.0,8.293452380952381,False,,3.617726269233258,,,,,0.017807461903268543,5.006331883996415,0.6845706152709647,0.11530693308503442,14.697055565285035,0.9048946046834807,False,False,False,Noah Whittington,HOU,rookie_rule,True,udfa,False,,,deep_bench,deep_bench_discounted,0.71,0.71,1.0,False,5.0,0.71,no_data,,off_chart,1.0,False,300.0,False,,,,,,,,2.209030399970346,0.0,5.8883511904761905
00-0038976,WR,2026,3.1068712113363857,0.39764909378820595,0.39764909378820595,7.215625293423509,False,,,,,,,0.11259688891461497,16.84674107511067,1.493231540675257,,,2.3065399634617245,False,False,False,Marvin Mims Jr.,DEN,veteran_model,True,,False,ACT,3.0,starter,curated,11.513364690395997,11.513364690395997,0.86,True,5.0,11.513364690395997,,,,,,,,34.86578769636352,230.0781619883208,26.560893200255975,117.8845379552942,2025.0,DEN,canonical_source_team_frame,35.77054130220818,4.578279035589097,83.07612547243049
00-0040138,WR,2026,3.1009265003384527,0.5260708984797028,0.5260708984797028,7.209680582425576,False,,,,,,,0.09020246963304336,17.5131259761571,1.616798169848965,,,2.6403556293368227,False,False,False,Jaylin Noel,HOU,veteran_model,True,,False,ACT,3.0,starter,curated,13.676146903882554,13.676146903882554,0.97,True,3.0,13.676146903882554,,,,,,,,34.321125448974,230.7196594149492,27.0161290584345,113.89625214465637,2025.0,HOU,canonical_source_team_frame,42.40872635677109,7.194622889465901,98.60065077532171
00-0033885,TE,2026,3.080811053032145,1.0539609797907206,1.0539609797907206,5.856410019243322,False,,,,,,,0.13436197431827077,14.882162934380103,1.5728458273690207,,,2.4340018137697617,False,False,False,David Njoku,LAC,veteran_model,True,,True,ACT,,deep_bench,deep_bench_discounted,5.603505061674901,5.603505061674901,0.9,True,2.0,5.603505061674901,,,,,,,,34.81078054136303,231.00756121830653,26.604787498731607,118.73875848668648,2025.0,LAC,canonical_source_team_frame,17.263340329729605,5.905875685065141,32.81642318607356
00-0037838,TE,2026,3.03354834831827,1.1243122757172372,1.1243122757172372,5.809147314529447,False,,,,,,,0.11053670694073144,15.189386194799594,1.7027789743878434,,,2.4483164246776226,False,False,False,Isaiah Likely,NYG,veteran_model,False,,True,ACT,1.0,starter,curated,13.37136920761494,13.37136920761494,1.0,False,1.0,13.37136920761494,,,,,,,,33.24318823444577,223.72200991226288,27.969267844990632,122.67699998352342,2025.0,NYG,canonical_source_team_frame,40.56269497451407,15.033594543268945,77.67625352399807
00-0041524,TE,2026,3.0321613111103787,0.3647058823529412,0.3647058823529412,6.3500000000000005,False,,,,,,,0.12528445171917196,15.54863388842944,1.4511824239048055,,,2.186978399012115,False,False,False,Will Kacmarek,MIA,rookie_rule,True,drafted,False,,2.0,backup,rookie_path,14.368421052631579,14.368421052631579,1.0,False,2.0,14.368421052631579,no_data,2.0,rank_2,1.0,False,19.0,False,,,,,,,,43.56737041753333,5.2402476780185765,91.23947368421054
00-0040406,WR,2026,3.0160892625878404,0.19867311054671322,0.19867311054671322,7.124843344674963,False,,,,,,,0.1399214806656666,13.744975455556117,1.6041256660764576,,,2.3443275119273426,False,False,False,Quentin Skinner,NYJ,veteran_model,True,,False,RES,,deep_bench,deep_bench_discounted,4.045908788162326,4.045908788162326,0.94,True,14.0,4.045908788162326,,,,,,,,32.40798584142275,201.12864296169278,27.468730025987202,119.28333380861694,2025.0,NYJ,canonical_source_team_frame,12.202822053386173,0.8038132839324924,28.826466302500293
00-0041239,RB,2026,3.011361089997893,0.0,0.0,8.027029261109671,False,,3.5015085742236725,,,,,0.01723540585967863,4.845505909693397,0.6625791175574168,0.11160275400002935,14.224919810915969,0.8758253060808495,False,False,False,Chip Trayanum,NYJ,rookie_rule,True,udfa,False,,,deep_bench,deep_bench_discounted,0.71,0.71,1.0,False,6.0,0.71,no_data,,off_chart,0.967875486877503,False,300.0,False,,,,,,,,2.138066373898504,0.0,5.699190775387867
00-0041200,RB,2026,3.011361089997893,0.0,0.0,8.027029261109671,False,,3.5015085742236725,,,,,0.01723540585967863,4.845505909693397,0.6625791175574168,0.11160275400002935,14.224919810915969,0.8758253060808495,False,False,False,Sam Scott,NYJ,rookie_rule,True,udfa,False,,,deep_bench,deep_bench_discounted,0.71,0.71,1.0,False,5.0,0.71,no_data,,off_chart,0.967875486877503,False,300.0,False,,,,,,,,2.138066373898504,0.0,5.699190775387867
00-0036755,RB,2026,2.9986512499351323,0.0,0.0,9.406757383192552,False,,4.174329004411803,,,,,0.00785053134913495,2.99852706395381,0.3818724044501185,0.1179422141028944,17.53105868602516,0.48730174113638836,False,False,False,Jaret Patterson,LAC,veteran_model,True,,False,ACT,,deep_bench,deep_bench_discounted,2.7726856091533443,2.7726856091533443,0.7,True,4.0,2.7726856091533443,,,,,,,,34.81078054136303,231.00756121830653,26.604787498731607,118.73875848668648,2025.0,LAC,canonical_source_team_frame,8.31431716756483,0.0,26.08198082517496
00-0040238,RB,2026,2.978822093093877,0.0,0.0,9.386928226351296,False,,2.941070840590071,,,,,0.01976832280752927,3.940674324612551,0.517367568702869,0.10104378608854794,16.01198222904724,0.7112174799878553,False,False,False,LeQuint Allen Jr.,JAX,veteran_model,True,,False,ACT,,deep_bench,deep_bench_discounted,2.365238037167798,2.365238037167798,0.73,True,3.0,2.365238037167798,,,,,,,,34.281611997177656,230.87870372906116,27.439030345261777,117.85703830149006,2025.0,JAX,canonical_source_team_frame,7.045623320541433,0.0,22.20231969313014
00-0041395,TE,2026,2.9661347239908293,0.35676425846045434,0.35676425846045434,6.2117260807751675,False,,,,,,,0.12255633011962169,15.210055849634925,1.4195823166192134,,,2.139356025076453,False,False,False,Eli Raridon,NE,rookie_rule,True,drafted,False,,2.0,backup,rookie_path,14.368421052631579,14.368421052631579,1.0,False,2.0,14.368421052631579,above_median,2.0,rank_2,0.9057634996755858,False,19.0,False,,,,,,,,42.61867261313139,5.126139082089686,89.25269579219056
00-0035208,WR,2026,2.946397329843787,0.32378382157234464,0.32378382157234464,7.055151411930911,False,,,,,,,0.09816212070182548,15.500992776671888,1.614650655931291,,,2.1683454673579083,False,False,False,Olamide Zaccheaus,ATL,veteran_model,True,,True,ACT,3.0,starter,curated,13.665894766770377,13.665894766770377,0.97,True,3.0,13.665894766770377,,,,,,,,33.103579364958776,223.6760928436624,27.565529595779658,121.0212845239931,2025.0,ATL,canonical_source_team_frame,40.265155850738424,4.424795632790418,96.41495675907927
00-0036244,TE,2026,2.9441520586191006,1.0018876826626582,1.0018876826626582,5.719751024830277,False,,,,,,,0.11604142416663307,14.129436223911913,1.6699197824562217,,,2.1983624760997764,False,False,False,Colby Parkinson,LA,veteran_model,False,,False,ACT,1.0,starter,curated,14.391458740072695,14.391458740072695,1.0,False,1.0,14.391458740072695,,,,,,,,34.82389907724694,249.40392878109913,26.591959033295254,121.3859631065696,2025.0,LA,canonical_source_team_frame,42.37064287611687,14.41862524722669,82.31556087733344
00-0034775,WR,2026,2.9424447751950256,0.21987469980574048,0.21987469980574048,7.051198857282148,False,,,,,,,0.11482154855479919,15.2995614334044,1.4471186810515804,,,2.284935088169308,False,False,False,Christian Kirk,SF,veteran_model,True,,True,ACT,,deep_bench,deep_bench_discounted,2.518605653773646,2.518605653773646,0.97,True,3.0,2.518605653773646,,,,,,,,34.24811794566182,240.12307936832372,26.942362571611483,112.84801793050981,2025.0,SF,canonical_source_team_frame,7.4108580467229155,0.5537776620525211,17.75918930783309
00-0039921,RB,2026,2.900998363114618,0.04370371322701222,0.04370371322701222,9.309104496372036,False,,2.919847207701913,,,,,0.05250012828809327,5.825788721298643,0.8867703155604582,0.06095521454813997,11.943022761871251,1.0365671094590643,False,False,False,Trey Benson,ARI,veteran_model,True,,False,ACT,,deep_bench,deep_bench_discounted,2.6095465116901138,2.6095465116901138,0.7,True,4.0,2.6095465116901138,,,,,,,,36.213963863137224,240.76907152016224,24.989656676740175,107.79270996792926,2025.0,ARI,canonical_source_team_frame,7.5702901588844815,0.11404687239945482,24.2925411654664
00-0037666,WR,2026,2.832570666256951,0.05700734234138494,0.05700734234138494,6.941324748344073,False,,,,,,,0.1409564889247435,13.264346678755892,1.320794129665801,,,2.142039952462198,False,False,False,Jalen Tolbert,MIA,veteran_model,False,,True,ACT,1.0,starter,curated,12.884748287115501,12.884748287115501,1.0,False,2.0,12.884748287115501,,,,,,,,32.35681053457549,214.6121451327766,26.7390775924456,118.26868781082811,2025.0,MIA,canonical_source_team_frame,36.496960040187865,0.7345252565861665,89.43722216153873
00-0041037,WR,2026,2.8272236391036794,0.44524283917685137,0.44524283917685137,6.141371968052728,False,,,,,,,0.10338067135542019,15.959689668100388,1.2219412883222385,,,1.981635286332064,False,False,False,Denzel Boston,CLE,rookie_rule,True,drafted,False,,1.0,starter,rookie_path,13.830188679245284,13.830188679245284,1.0,False,3.0,13.830188679245284,below_median,2.0,rank_2,0.6154126395006377,False,53.0,False,,,,,,,,39.10103636722636,6.157792473898718,84.93633306759718
00-0032775,WR,2026,2.8192593233058965,0.0,0.0,6.928013405393019,False,,,,,,,0.14300222402508722,14.105635655793938,1.1013648271519583,,,1.804287342067075,False,False,False,Demarcus Robinson,SF,veteran_model,True,,False,ACT,,deep_bench,deep_bench_discounted,2.627903437437697,2.627903437437697,0.94,True,6.0,2.627903437437697,,,,,,,,34.24811794566182,240.12307936832372,26.942362571611483,112.84801793050981,2025.0,SF,canonical_source_team_frame,7.408741266743841,0.0,18.20615024264676
00-0039074,TE,2026,2.807826460903801,0.7857177907949733,0.7857177907949733,5.583425427114976,False,,,,,,,0.12934880652536387,13.764922030347893,1.310482837433656,,,1.8460751708967607,False,False,False,Davis Allen,LA,veteran_model,True,,False,ACT,,deep_bench,deep_bench_discounted,5.680459221881851,5.680459221881851,1.0,False,5.0,5.680459221881851,,,,,,,,34.82389907724694,249.40392878109913,26.591959033295254,121.3859631065696,2025.0,LA,canonical_source_team_frame,15.949743713284875,4.463237870517941,31.716420457144878
00-0039739,WR,2026,2.800021050934708,0.20893509578752192,0.20893509578752192,6.90877513302183,False,,,,,,,0.09290752851444944,15.992840528081448,1.2865836540797335,,,1.9927699342878737,False,False,False,Roman Wilson,PIT,veteran_model,True,,False,ACT,3.0,starter,curated,12.227814134208922,12.227814134208922,0.97,True,3.0,12.227814134208922,,,,,,,,33.52835881566065,220.61884747889806,26.553754211808794,113.31380639380767,2025.0,PIT,canonical_source_team_frame,34.238136982701945,2.5548195174029553,84.47921822163546
00-0039355,WR,2026,2.7773165966732183,0.07365272018302012,0.07365272018302012,6.886070678760341,False,,,,,,,0.11167051540495143,14.871335443580122,1.240319919770995,,,2.218857739023312,False,False,False,Luke McCaffrey,WAS,veteran_model,True,,False,ACT,3.0,starter,curated,11.524151154993811,11.524151154993811,0.97,True,3.0,11.524151154993811,,,,,,,,32.67019161591956,214.93952859258042,27.26986368464489,124.1188052104396,2025.0,WAS,canonical_source_team_frame,32.00621626533515,0.8487850803655873,79.356119366005
00-0040522,WR,2026,2.7759495761770925,0.2602551876373144,0.2602551876373144,6.884703658264215,False,,,,,,,0.08034226741321472,15.521402965749436,1.483511350245721,,,2.326036196881188,False,False,False,Xavier Restrepo,TEN,veteran_model,True,,False,ACT,,deep_bench,deep_bench_discounted,2.174366122586883,2.174366122586883,0.94,True,9.0,2.174366122586883,,,,,,,,33.99018441127937,212.01753019527843,25.99058571793473,108.16497271051462,2025.0,TEN,canonical_source_team_frame,6.035930716448886,0.565890063226069,14.969866398579688
00-0039451,WR,2026,2.768388158693857,0.2159626920827704,0.2159626920827704,6.87714224078098,False,,,,,,,0.11676346681030196,12.484549432577591,1.638704829148572,,,2.1122392949743465,False,False,False,Isaiah Williams,NYJ,veteran_model,True,,False,ACT,,deep_bench,deep_bench_discounted,4.358725037885663,4.358725037885663,0.86,True,5.0,4.358725037885663,,,,,,,,32.40798584142275,201.12864296169278,27.468730025987202,119.28333380861694,2025.0,NYJ,canonical_source_team_frame,12.066642781885104,0.9413219932303633,29.975572073993174
00-0032392,TE,2026,2.7358770508272707,0.9422343444929593,0.9422343444929593,5.511476017038447,False,,,,,,,0.09127114589627798,14.87670603298348,1.4011591443025104,,,1.9658824822852015,False,False,False,Austin Hooper,ATL,veteran_model,True,,True,ACT,,deep_bench,deep_bench_discounted,6.0,6.23119487337249,0.9,True,2.0,6.0,,,,,,,,33.103579364958776,223.6760928436624,27.565529595779658,121.0212845239931,2025.0,ATL,canonical_source_team_frame,16.415262304963626,5.653406066957755,33.06885610223068
00-0040466,RB,2026,2.735765139324293,0.0,0.0,9.143871272581713,False,,4.198882103779509,,,,,0.01122256006115987,3.212828374827561,0.34649086678167607,0.10816400476638999,15.249174794854001,0.41920252983617934,False,False,False,Raheim Sanders,CLE,veteran_model,True,,False,ACT,,deep_bench,deep_bench_discounted,2.089403013735628,2.089403013735628,0.73,True,3.0,2.089403013735628,,,,,,,,33.8207695174603,210.10348431687345,26.544928262008405,109.302851392357,2025.0,CLE,canonical_source_team_frame,5.716115926977048,0.0,19.105232194142864
00-0040649,RB,2026,2.734711123965966,0.0,0.0,9.142817257223385,False,,2.112730450897449,,,,,0.023681138980974237,4.113571740954133,0.6443509046933461,0.08740449970754996,13.34664665392734,0.7166077713486309,False,False,False,Robbie Ouzts,SEA,veteran_model,True,,False,ACT,,deep_bench,deep_bench_discounted,2.754403483764565,2.754403483764565,0.86,True,,2.754403483764565,,,,,,,,32.225845759159824,233.1409897885389,27.937986411950597,119.71889503194852,2025.0,SEA,canonical_source_team_frame,7.532497846941565,0.0,25.183007704718875
00-0040737,TE,2026,2.7220701897373742,0.8987980579845594,0.8987980579845594,5.49766915594855,False,,,,,,,0.09620938346602848,14.461885213849067,1.3972507351125931,,,1.819087657264461,False,False,False,Terrance Ferguson,LA,veteran_model,True,,False,ACT,,deep_bench,deep_bench_discounted,5.256704977411274,5.256704977411274,0.83,True,3.0,5.256704977411274,,,,,,,,34.82389907724694,249.40392878109913,26.591959033295254,121.3859631065696,2025.0,LA,canonical_source_team_frame,14.309119915255305,4.72471622509502,28.89962481623518
00-0035264,QB,2026,2.687050769621212,-1.3550126291305404,0.0,12.234160774547593,True,9.917193723286,0.7283659096818578,5.83610221767897,0.24052765335516324,0.325181250316873,40.6504898383391,,,,0.022692000762203377,1.0520947695726246,,False,False,False,Jarrett Stidham,DEN,veteran_model,True,,False,ACT,2.0,backup,curated,3.4942155153360583,3.4942155153360583,0.77,True,2.0,3.4942155153360583,,,,,,,,34.86578769636352,230.0781619883208,26.560893200255975,117.8845379552942,2025.0,DEN,canonical_source_team_frame,9.389134489706136,0.0,42.74879439554001
00-0041047,WR,2026,2.6830810675454657,0.42254267251186894,0.42254267251186894,5.828261559619918,False,,,,,,,0.09810993309033228,15.1460042283591,1.1596420923351236,,,1.8806040123600631,False,False,False,Chris Brazzell II,CAR,rookie_rule,True,drafted,False,,,deep_bench,deep_bench_discounted,6.0,7.888888888888889,1.0,False,13.0,6.0,no_data,,off_chart,0.5489943774515404,False,9.0,False,,,,,,,,16.098486405272794,2.535256035071214,34.96956935771951
00-0040164,WR,2026,2.667623039955136,0.0,0.0,6.776377122042258,False,,,,,,,0.1427843374587902,13.013621223751933,1.0191097856544027,,,1.6561330466378628,False,False,False,Jaylin Lane,WAS,veteran_model,True,,False,ACT,,deep_bench,deep_bench_discounted,3.5360301331503816,3.5360301331503816,0.94,True,6.0,3.5360301331503816,,,,,,,,32.67019161591956,214.93952859258042,27.26986368464489,124.1188052104396,2025.0,WAS,canonical_source_team_frame,9.432795453167586,0.0,23.961473697132288
00-0036415,WR,2026,2.6580928773798886,0.017553299387885524,0.017553299387885524,6.766846959467012,False,,,,,,,0.1153640530062048,14.478043609568596,1.0362083967716007,,,2.0519347897818894,False,False,False,Van Jefferson,WAS,veteran_model,True,,True,ACT,,deep_bench,deep_bench_discounted,3.270374286741295,3.270374286741295,0.94,True,7.0,3.270374286741295,,,,,,,,32.67019161591956,214.93952859258042,27.26986368464489,124.1188052104396,2025.0,WAS,canonical_source_team_frame,8.69295859795337,0.05740585896561253,22.13012229855443
00-0037276,RB,2026,2.63977419910262,0.0,0.0,9.047880332360037,False,,3.5845535719667803,,,,,0.030055764679886743,4.670159587056178,0.5189941910365942,0.038746699653203334,15.004463588801642,0.7679635244247747,False,False,False,Ty Chandler,NO,veteran_model,True,,True,ACT,,deep_bench,deep_bench_discounted,2.190501189799446,2.190501189799446,0.7,True,5.0,2.190501189799446,,,,,,,,34.20105181449663,231.16042627321303,26.953986866698713,109.11968596923658,2025.0,NO,canonical_source_team_frame,5.782428523936169,0.0,19.81939263319767
00-0040547,RB,2026,2.6028001481967777,0.0,0.0,9.010906281454197,False,,3.024235555293434,,,,,0.026188379259589674,3.9077550906825893,0.5639089511016768,0.08684942886749906,12.518433148151479,0.7058999859450843,False,False,False,Nate Carter,ATL,veteran_model,True,,False,ACT,,deep_bench,deep_bench_discounted,3.108107622949905,3.108107622949905,0.7,True,4.0,3.108107622949905,,,,,,,,33.103579364958776,223.6760928436624,27.565529595779658,121.0212845239931,2025.0,ATL,canonical_source_team_frame,8.089782981625547,0.0,28.00686650307497
00-0038839,WR,2026,2.5989462101521252,0.0,0.0,6.707700292239248,False,,,,,,,0.11141300191183678,14.170589252897381,1.026818546782733,,,1.8723688813119101,False,False,False,Mitchell Tinsley,CIN,veteran_model,True,,False,ACT,,deep_bench,deep_bench_discounted,4.931678285354967,4.931678285354967,0.86,True,5.0,4.931678285354967,,,,,,,,35.761155714222895,238.6430156013012,25.120234653951606,107.36930606582474,2025.0,CIN,canonical_source_team_frame,12.817166589412823,0.0,33.08021987590546
00-0035644,TE,2026,2.5971024942331846,0.8434384687373473,0.8434384687373473,5.372701460444361,False,,,,,,,0.08460803242319892,13.401513502103066,1.4986058989673694,,,2.3380641883534232,False,False,False,Noah Fant,NO,veteran_model,True,,True,ACT,2.0,backup,curated,13.942166343275273,13.942166343275273,0.9,True,2.0,13.942166343275273,,,,,,,,34.20105181449663,231.16042627321303,26.953986866698713,109.11968596923658,2025.0,NO,canonical_source_team_frame,36.209234985134174,11.759359431453477,74.90709747427327
00-0040729,WR,2026,2.595054878852005,0.0,0.0,6.703808960939128,False,,,,,,,0.12821356431408745,12.255034315819781,1.2005401227710046,,,1.7815520170849872,False,False,False,Jack Bech,LV,veteran_model,True,,False,ACT,3.0,starter,curated,12.718355821686547,12.718355821686547,0.97,True,3.0,12.718355821686547,,,,,,,,33.852695887179124,214.57281927994063,25.407262691012978,101.26520419334778,2025.0,LV,canonical_source_team_frame,33.00483132604348,0.0,85.2614277258346
00-0039356,TE,2026,2.594765946029243,0.7809341326461174,0.7809341326461174,5.3703649122404205,False,,,,,,,0.09463599707108032,12.514171966851345,1.5510655338352537,,,2.1268228231018984,False,False,False,Ja'Tavion Sanders,CAR,veteran_model,True,,False,ACT,2.0,backup,curated,14.071673554675337,14.071673554675337,0.9,True,2.0,14.071673554675337,,,,,,,,33.08175557965288,214.53923085029226,26.979775160632926,116.45258332427315,2025.0,CAR,canonical_source_team_frame,36.51269934331184,10.989050182299692,75.57002191452986
00-0037741,WR,2026,2.594167088975012,0.0,0.0,6.702921171062135,False,,,,,,,0.1330139675837997,13.152297725956487,0.9617070217531298,,,1.6270106188886257,False,False,False,Jahan Dotson,ATL,veteran_model,False,,True,ACT,2.0,starter,curated,14.932798531412457,14.932798531412457,1.0,False,2.0,14.932798531412457,,,,,,,,33.103579364958776,223.6760928436624,27.565529595779658,121.0212845239931,2025.0,ATL,canonical_source_team_frame,38.73817449648459,0.0,100.09337141941012
00-0038558,TE,2026,2.592022891089554,0.910086314022178,0.910086314022178,5.36762185730073,False,,,,,,,0.07265345768512199,14.297994215797367,1.4526054467981706,,,2.1590335432395094,False,False,False,Darnell Washington,PIT,veteran_model,True,,False,ACT,2.0,backup,curated,13.895916307622603,13.895916307622603,0.9,True,2.0,13.895916307622603,,,,,,,,33.52835881566065,220.61884747889806,26.553754211808794,113.31380639380767,2025.0,PIT,canonical_source_team_frame,36.01853316202242,12.646483252364929,74.58802410001674
00-0035537,RB,2026,2.585801127910451,0.10697644198713019,0.10697644198713019,8.99390726116787,False,,2.0683950738277326,,,,,0.029390307767621096,6.098474042281368,1.013315773080694,0.08206468459394557,8.005658829725673,1.262969607267705,False,False,False,Ty Johnson,BUF,veteran_model,True,,False,ACT,2.0,committee,curated,11.864281522137837,11.864281522137837,0.73,True,3.0,11.864281522137837,,,,,,,,33.21002626467289,231.99810200162543,27.995140482336904,133.52540408900225,2025.0,BUF,canonical_source_team_frame,30.678672541791144,1.269198623971959,106.70624773049528
00-0035704,QB,2026,2.5609463862842463,-1.0192283235798487,0.0,11.772272085659937,True,7.420659540644197,0.824118961168865,3.8022081169019475,0.07263550057981737,0.28844774528839157,28.665017325215466,,,,0.03782882680813991,1.788527524328566,,False,False,False,Drew Lock,SEA,veteran_model,True,,False,ACT,2.0,backup,curated,4.754219821599253,4.754219821599253,0.77,True,2.0,4.754219821599253,,,,,,,,32.225845759159824,233.1409897885389,27.937986411950597,119.71889503194852,2025.0,SEA,canonical_source_team_frame,12.17530207172554,0.0,55.967969294904044
00-0037112,TE,2026,2.555667308645204,0.6792899919633129,0.6792899919633129,5.331266274856381,False,,,,,,,0.10506024762087458,11.806730798487079,1.4892654861424979,,,2.0445021976830344,False,False,False,Jake Tonges,SF,veteran_model,True,,False,ACT,2.0,backup,curated,14.732607659595317,14.732607659595317,0.9,True,2.0,14.732607659595317,,,,,,,,34.24811794566182,240.12307936832372,26.942362571611483,112.84801793050981,2025.0,SF,canonical_source_team_frame,37.65164376672369,10.007712938685144,78.5434543562913
00-0038454,RB,2026,2.548956673810162,0.0,0.0,8.957062807067581,False,,3.205170830948586,,,,,0.009785023094757712,3.3103316965347434,0.5285268758326056,0.07066230652517888,14.709760885207649,0.8587895651805137,False,False,False,Keaton Mitchell,LAC,veteran_model,True,,True,ACT,2.0,committee,curated,7.952476191090372,7.952476191090372,0.73,True,3.0,7.952476191090372,,,,,,,,34.81078054136303,231.00756121830653,26.604787498731607,118.73875848668648,2025.0,LAC,canonical_source_team_frame,20.27051726059622,0.0,71.23082871530603
00-0041565,QB,2026,2.538844776334776,-0.4841142857142853,0.0,5.159735064935064,True,6.4390477855477855,0.8964477189477188,3.825251026751027,0.15493656343656342,0.160003552003552,40.10716572316572,,,,0.036081529581529576,3.8792788877788875,,True,False,False,Drew Allar,PIT,rookie_rule,True,drafted,False,,,deep_bench,deep_bench_discounted,4.461538461538462,4.461538461538462,1.0,False,4.0,4.461538461538462,no_data,,off_chart,0.3,False,13.0,False,,,,,,,,11.327153617493616,0.0,23.02035644355644
00-0038614,RB,2026,2.5360235852045774,0.0,0.0,8.944129718461996,False,,2.422287008659278,,,,,0.01844108230219067,3.081344454463648,0.5166183709461175,0.10862614101141406,12.071766144035252,0.6590334991197081,False,False,False,Scott Matlock,LAC,veteran_model,True,,False,ACT,,deep_bench,deep_bench_discounted,4.9194533641874685,4.9194533641874685,0.86,True,,4.9194533641874685,,,,,,,,34.81078054136303,231.00756121830653,26.604787498731607,118.73875848668648,2025.0,LAC,canonical_source_team_frame,12.475849757893423,0.0,44.00022903321698
00-0040998,RB,2026,2.5182113644581676,0.0,0.0,6.712498336816449,False,,2.928090793775892,,,,,0.014412882948860171,4.051991004621655,0.5540731296647387,0.09332634480838689,11.895403326201503,0.7323974684996648,False,False,False,Roman Hemby,LV,rookie_rule,True,udfa,False,,,deep_bench,deep_bench_discounted,0.71,0.71,1.0,False,4.0,0.71,no_data,,off_chart,0.8093732294446015,False,300.0,False,,,,,,,,1.787930068765299,0.0,4.765873819139678
00-0039751,WR,2026,2.516414554078893,0.0,0.0,6.6251686361660145,False,,,,,,,0.11432769452636252,12.869694788082736,1.0869578162248879,,,1.622333835187087,False,False,False,Jordan Whittington,LA,veteran_model,True,,False,ACT,3.0,starter,curated,13.348665587751677,13.348665587751677,0.97,True,3.0,13.348665587751677,,,,,,,,34.82389907724694,249.40392878109913,26.591959033295254,121.3859631065696,2025.0,LA,canonical_source_team_frame,33.5907763625504,0.0,88.43716058664099
00-0041117,QB,2026,2.5120718721167834,-0.9196212231387931,0.0,6.76787794616236,True,6.031777390433851,0.8541154278625831,3.5778392890546025,0.22351595854944578,0.18291548462058868,39.91899122285661,,,,0.04855867291488404,3.393301643297512,,False,False,False,Athan Kaliakmanis,WAS,rookie_rule,True,drafted,False,,,deep_bench,deep_bench_discounted,1.4259259259259258,1.4259259259259258,1.0,False,3.0,1.4259259259259258,no_data,,off_chart,0.3678484892555173,False,54.0,False,,,,,,,,3.582028410240598,0.0,9.650492626935216
00-0038679,WR,2026,2.5068209383865163,0.0,0.0,6.61557502047364,False,,,,,,,0.1280497649178417,12.456330555667671,0.9857785866253984,,,1.5636638288443905,False,False,False,Tyrell Shavers,BUF,veteran_model,True,,False,ACT,,deep_bench,deep_bench_discounted,3.5783196242986963,3.5783196242986963,0.94,True,7.0,3.5783196242986963,,,,,,,,33.21002626467289,231.99810200162543,27.995140482336904,133.52540408900225,2025.0,BUF,canonical_source_team_frame,8.970206558431345,0.0,23.67264192178108
00-0040067,RB,2026,2.505748713583934,0.0,0.0,8.913854846841353,False,,2.945522981183662,,,,,0.01757356446029058,3.8074312444507763,0.584289935083751,0.07460386587762688,12.79796039569476,0.7801887998441315,False,False,False,Jacardia Wright,SEA,veteran_model,True,,False,ACT,,deep_bench,deep_bench_discounted,1.5407959015945443,1.5407959015945443,0.7,True,6.0,1.5407959015945443,,,,,,,,32.225845759159824,233.1409897885389,27.937986411950597,119.71889503194852,2025.0,SEA,canonical_source_team_frame,3.860847348315927,0.0,13.734431015421821
00-0041397,WR,2026,2.505581596074994,0.0,0.0,6.670240045248871,False,,,,,,,0.08748684568732588,13.847116143160562,1.1918978152699644,,,2.0158942893840854,False,False,False,Kaden Wetjen,PIT,rookie_rule,True,drafted,False,,,deep_bench,deep_bench_discounted,2.1636363636363636,2.1636363636363636,1.0,False,6.0,2.1636363636363636,above_median,,off_chart,1.0,False,55.0,False,,,,,,,,5.4211674533258964,0.0,14.43197391608392
00-0041529,WR,2026,2.505581596074994,0.0,0.0,6.670240045248871,False,,,,,,,0.08748684568732588,13.847116143160562,1.1918978152699644,,,2.0158942893840854,False,False,False,Kevin Coleman Jr.,MIA,rookie_rule,True,drafted,False,,,deep_bench,deep_bench_discounted,2.1636363636363636,2.1636363636363636,1.0,False,6.0,2.1636363636363636,above_median,,off_chart,1.0,False,55.0,False,,,,,,,,5.4211674533258964,0.0,14.43197391608392
00-0040078,RB,2026,2.4805277426855064,0.061812435438262536,0.061812435438262536,8.888633875942926,False,,1.9519834232930429,,,,,0.022951554520548194,6.090719942199576,0.9229877599829588,0.046035149746804595,9.960416428699528,1.0527817569822273,False,False,False,Brashard Smith,KC,veteran_model,True,,False,ACT,,deep_bench,deep_bench_discounted,3.76970897532762,3.76970897532762,0.7,True,4.0,3.76970897532762,,,,,,,,35.16438169616012,230.57945355267083,25.927946034942906,113.12705785543977,2025.0,KC,canonical_source_team_frame,9.350867695150715,0.23301489265847733,33.50756290054318
00-0041550,WR,2026,2.4778379816201506,0.0,0.0,6.596382315599781,False,,,,,,,0.08651812795711036,13.693790842484232,1.1787002592581304,,,1.9935728475144596,False,False,False,Brenen Thompson,LAC,rookie_rule,True,drafted,False,,,deep_bench,deep_bench_discounted,2.1636363636363636,2.1636363636363636,1.0,False,4.0,2.1636363636363636,above_median,,off_chart,0.9889272756080649,False,55.0,False,,,,,,,,5.36114036023269,0.0,14.272172646479525
00-0035125,RB,2026,2.4726332943544502,0.0,0.0,8.880739427611868,False,,2.2295082399361443,,,,,0.016480665939728835,3.04254550691716,0.5180531463765756,0.1125187161922034,11.353558776828526,0.6542204363709271,False,False,False,Alec Ingold,LAC,veteran_model,True,,True,ACT,,deep_bench,deep_bench_discounted,5.4445239586672445,5.4445239586672445,0.86,True,,5.4445239586672445,,,,,,,,34.81078054136303,231.00756121830653,26.604787498731607,118.73875848668648,2025.0,LAC,canonical_source_team_frame,13.462311212111121,0.0,48.35139858431364
00-0039041,TE,2026,2.4329488060156774,0.736722091555273,0.736722091555273,5.208547772226854,False,,,,,,,0.0750351472506267,12.95199193384353,1.375077458255128,,,1.850574818644564,False,False,False,Elijah Higgins,ARI,veteran_model,True,,False,ACT,2.0,backup,curated,14.681099722121274,14.681099722121274,0.83,True,3.0,14.681099722121274,,,,,,,,36.213963863137224,240.76907152016224,24.989656676740175,107.79270996792926,2025.0,ARI,canonical_source_team_frame,35.71836403993205,10.815890493612724,76.46720925149505
00-0037614,WR,2026,2.4317500929723304,0.0,0.0,6.540504175059453,False,,,,,,,0.10073090891712566,12.469675175708119,1.1607942437975285,,,1.902911112206234,False,False,False,John Metchie III,CAR,veteran_model,True,,True,ACT,,deep_bench,deep_bench_discounted,3.2946566811113622,3.2946566811113622,0.86,True,5.0,3.2946566811113622,,,,,,,,33.08175557965288,214.53923085029226,26.979775160632926,116.45258332427315,2025.0,CAR,canonical_source_team_frame,8.011781690604465,0.0,21.548715778196385
00-0040556,RB,2026,2.3903661064418484,0.0,0.0,8.798472239699267,False,,2.833221413669614,,,,,0.026476808709516648,4.850825070871722,0.6255368271955861,0.06862866217621726,10.218823604424795,0.7459075107351134,False,False,False,Corey Kiner,ARI,veteran_model,True,,False,ACT,,deep_bench,deep_bench_discounted,4.345146344151377,4.345146344151377,0.7,True,6.0,4.345146344151377,,,,,,,,36.213963863137224,240.76907152016224,24.989656676740175,107.79270996792926,2025.0,ARI,canonical_source_team_frame,10.38649054858916,0.0,38.23064948644665
00-0037563,RB,2026,2.385365398623157,0.0,0.0,8.793471531880575,False,,3.8021848218882566,,,,,0.005525566744636088,3.4378340284316367,0.5679069351338782,0.06314937266370586,13.455788917630022,0.6945487552272921,False,False,False,Malik Davis,DAL,veteran_model,True,,False,ACT,,deep_bench,deep_bench_discounted,2.9984723244410953,2.9984723244410953,0.73,True,3.0,2.9984723244410953,,,,,,,,34.848900159202955,250.0561914085082,26.916637322594873,120.71500490898475,2025.0,DAL,canonical_source_team_frame,7.1524521314509375,0.0,26.366981024104547
00-0036165,WR,2026,2.3773376368323635,0.0,0.0,6.486091718919486,False,,,,,,,0.07172639527410742,13.591057866243808,1.1757469571266763,,,1.8938416724646936,False,False,False,Isaiah Hodgins,NYG,veteran_model,True,,False,ACT,,deep_bench,deep_bench_discounted,2.3946899251813143,2.3946899251813143,0.94,True,8.0,2.3946899251813143,,,,,,,,33.24318823444577,223.72200991226288,27.969267844990632,122.67699998352342,2025.0,NYG,canonical_source_team_frame,5.692986487676815,0.0,15.532178493098446
00-0040590,WR,2026,2.3716873075401237,0.0,0.0,6.480441389627247,False,,,,,,,0.09224894210911211,12.741737326005508,1.088039844569801,,,1.804247530950863,False,False,False,Konata Mumpfield,LA,veteran_model,True,,False,ACT,,deep_bench,deep_bench_discounted,4.071358507748806,4.071358507748806,0.86,True,5.0,4.071358507748806,,,,,,,,34.82389907724694,249.40392878109913,26.591959033295254,121.3859631065696,2025.0,LA,canonical_source_team_frame,9.65598929727334,0.0,26.384200185626383
00-0041094,TE,2026,2.3656897470815634,0.0,0.0,5.825858823529413,False,,,,,,,0.09359354584034892,12.272254485923286,1.1538060468942821,,,1.626165125156174,False,False,False,Bauer Sharp,TB,rookie_rule,True,drafted,False,,,deep_bench,deep_bench_discounted,2.4814814814814814,2.4814814814814814,1.0,False,4.0,2.4814814814814814,above_median,,off_chart,1.0,False,27.0,False,,,,,,,,5.870415298313509,0.0,14.456760784313728
00-0041398,TE,2026,2.3656897470815634,0.0,0.0,5.825858823529413,False,,,,,,,0.09359354584034892,12.272254485923286,1.1538060468942821,,,1.626165125156174,False,False,False,Riley Nowakowski,PIT,rookie_rule,True,drafted,False,,,deep_bench,deep_bench_discounted,2.4814814814814814,2.4814814814814814,1.0,False,,2.4814814814814814,above_median,,off_chart,1.0,False,27.0,False,,,,,,,,5.870415298313509,0.0,14.456760784313728
00-0040177,RB,2026,2.3560639093182427,0.0,0.0,8.764170042575662,False,,1.8568865103780599,,,,,0.028713409381431652,4.781065037716231,0.49978070157701737,0.0521728328461894,11.427496013923845,0.6110983306288604,False,False,False,Jordan James,SF,veteran_model,True,,False,ACT,2.0,committee,curated,10.538860309790932,10.538860309790932,0.98,True,2.0,10.538860309790932,,,,,,,,34.24811794566182,240.12307936832372,26.942362571611483,112.84801793050981,2025.0,SF,canonical_source_team_frame,24.83022842124489,0.0,92.36436380995934
00-0036626,WR,2026,2.3491030960313815,0.0,0.0,6.457857178118504,False,,,,,,,0.10047873377433718,11.956758737829304,1.1011096392048554,,,1.7177388708693053,False,False,False,Dyami Brown,WAS,veteran_model,True,,True,ACT,,deep_bench,deep_bench_discounted,3.1005807977945943,3.1005807977945943,0.86,True,5.0,3.1005807977945943,,,,,,,,32.67019161591956,214.93952859258042,27.26986368464489,124.1188052104396,2025.0,WAS,canonical_source_team_frame,7.283583951594732,0.0,20.02310796137422
00-0035359,WR,2026,2.3402705194346387,0.0,0.0,6.449024601521762,False,,,,,,,0.07098422608844425,13.930880265978226,1.0425542726123012,,,1.5556682333962126,False,False,False,David Sills,TB,veteran_model,True,,True,ACT,,deep_bench,deep_bench_discounted,2.8526673199383956,2.8526673199383956,0.94,True,7.0,2.8526673199383956,,,,,,,,33.5451456097649,223.7139473344186,27.714856316659535,117.7146256375168,2025.0,TB,canonical_source_team_frame,6.676013230606448,0.0,18.396921726239864
00-0037005,TE,2026,2.3400833875654303,0.48978850195287027,0.48978850195287027,5.115682353776607,False,,,,,,,0.100713175775986,10.780602857778804,1.3154880942632676,,,1.6527742599065032,False,False,False,Tommy Tremble,CAR,veteran_model,False,,False,ACT,1.0,starter,curated,15.329263525607825,15.329263525607825,1.0,False,1.0,15.329263525607825,,,,,,,,33.08175557965288,214.53923085029226,26.979775160632926,116.45258332427315,2025.0,CAR,canonical_source_team_frame,35.87175491988755,7.508097018248231,78.41964291434333
00-0038115,TE,2026,2.3303352849026036,0.5253822431055906,0.5253822431055906,5.10593425111378,False,,,,,,,0.09315620180672819,11.900599018728208,1.1626763443788275,,,1.7256685357021453,False,False,False,Daniel Bellinger,TEN,veteran_model,True,,True,ACT,2.0,backup,curated,15.254628999197205,15.254628999197205,0.9,True,2.0,15.254628999197205,,,,,,,,33.99018441127937,212.01753019527843,25.99058571793473,108.16497271051462,2025.0,TEN,canonical_source_team_frame,35.54840021492774,8.014511201341818,77.88913269503453
00-0040890,WR,2026,2.319982959328698,0.0,0.0,6.17614819004525,False,,,,,,,0.08100633859937581,12.82140383625978,1.10360908821293,,,1.8665687864667455,False,False,False,Cyrus Allen,KC,rookie_rule,True,drafted,False,,,deep_bench,deep_bench_discounted,2.1636363636363636,2.1636363636363636,1.0,False,5.0,2.1636363636363636,no_data,,off_chart,1.0,False,55.0,False,,,,,,,,5.019599493820273,0.0,13.362938811188814
00-0038705,RB,2026,2.3193855497146982,0.0,0.0,8.727491682972117,False,,2.030889696437993,,,,,0.015889001172528627,4.914169215323585,0.7690421742819031,0.06391823400378312,9.646041299835176,1.020330674158435,False,False,False,Emari Demercado,KC,veteran_model,True,,True,ACT,2.0,committee,curated,9.095026738136768,9.095026738136768,0.73,True,3.0,9.095026738136768,,,,,,,,35.16438169616012,230.57945355267083,25.927946034942906,113.12705785543977,2025.0,KC,canonical_source_team_frame,21.094873590703227,0.0,79.37677021349766
00-0033955,RB,2026,2.283214575310742,0.051462025974821524,0.051462025974821524,8.691320708568162,False,,1.9821848796862265,,,,,0.01791782397039185,5.524124904841755,0.9022869410560768,0.04454632689345794,9.048737091154292,1.089788981143221,False,False,False,Jeremy McNichols,WAS,veteran_model,True,,False,ACT,,deep_bench,deep_bench_discounted,2.9885999283324804,2.9885999283324804,0.7,True,4.0,2.9885999283324804,,,,,,,,32.67019161591956,214.93952859258042,27.26986368464489,124.1188052104396,2025.0,WAS,canonical_source_team_frame,6.8236149161413575,0.15379940714019585,25.974880446741412
00-0034959,RB,2026,2.273069758472756,0.0,0.0,8.681175891730174,False,,2.0835111078897,,,,,0.01958951198804134,3.955426483958714,0.6213475025522359,0.07207841374260282,10.168458044169014,0.7965971014612042,False,False,False,Andrew Beck,NYJ,veteran_model,True,,False,ACT,,deep_bench,deep_bench_discounted,3.7599311060180263,3.7599311060180263,0.86,True,,3.7599311060180263,,,,,,,,32.40798584142275,201.12864296169278,27.468730025987202,119.28333380861694,2025.0,NYJ,canonical_source_team_frame,8.546585691030598,0.0,32.64062327213006
00-0038359,WR,2026,2.249320826613518,0.0,0.0,6.35807490870064,False,,,,,,,0.0916131253552486,12.568170456577015,0.8856500576486496,,,1.5593030308802562,False,False,False,Xavier Smith,LA,veteran_model,True,,False,ACT,,deep_bench,deep_bench_discounted,3.148673155473848,3.148673155473848,1.0,False,4.0,3.148673155473848,,,,,,,,34.82389907724694,249.40392878109913,26.591959033295254,121.3859631065696,2025.0,LA,canonical_source_team_frame,7.08237610480623,0.0,20.019499785517542
00-0041503,TE,2026,2.2389405024221007,0.26929793229653964,0.26929793229653964,4.688824482485718,False,,,,,,,0.0925097329914415,11.481073266972453,1.0715495555524126,,,1.6148595055047916,False,False,False,Nate Boerkircher,JAX,rookie_rule,True,drafted,False,,2.0,backup,rookie_path,14.368421052631579,14.368421052631579,1.0,False,2.0,14.368421052631579,no_data,2.0,rank_2,0.7383975562969636,False,19.0,False,,,,,,,,32.17003985059124,3.869386079839754,67.37100440624216
00-0038685,RB,2026,2.2312673732128365,0.0,0.0,8.639373506470255,False,,2.6997346654860315,,,,,0.028007609543608782,3.8219595161825914,0.6136066160046117,0.06417316886282981,9.891834431536399,0.8949519286103341,False,False,False,Chris Brooks,GB,veteran_model,True,,False,ACT,,deep_bench,deep_bench_discounted,3.0052772997878465,3.0052772997878465,0.73,True,3.0,3.0052772997878465,,,,,,,,32.63743765242263,227.66151029204218,27.533819286041897,118.40278157385839,2025.0,GB,canonical_source_team_frame,6.7055771864737945,0.0,25.96371308338359
00-0040901,TE,2026,2.220683789402814,0.0,0.0,5.468760332888683,False,,,,,,,0.08785668970193417,11.520021435581846,1.0830830152660487,,,1.5264886432303622,False,False,False,Jaren Kanak,TEN,rookie_rule,True,drafted,False,,,deep_bench,deep_bench_discounted,2.4814814814814814,2.4814814814814814,1.0,False,4.0,2.4814814814814814,above_median,,off_chart,0.9387045753325701,False,27.0,False,,,,,,,,5.510585699629205,0.0,13.57062749272377
00-0040879,TE,2026,2.212729779582336,0.0,0.0,5.4491724142479425,False,,,,,,,0.08754200601035295,11.478759206322556,1.0792036457759262,,,1.521021090525631,False,False,False,Matthew Hibner,BAL,rookie_rule,True,drafted,False,,,deep_bench,deep_bench_discounted,2.4814814814814814,2.4814814814814814,1.0,False,3.0,2.4814814814814814,above_median,,off_chart,0.9353423382385936,False,27.0,False,,,,,,,,5.490847971556167,0.0,13.522020435356005
00-0040887,TE,2026,2.212729779582336,0.0,0.0,5.4491724142479425,False,,,,,,,0.08754200601035295,11.478759206322556,1.0792036457759262,,,1.521021090525631,False,False,False,Josh Cuevas,BAL,rookie_rule,True,drafted,False,,,deep_bench,deep_bench_discounted,2.4814814814814814,2.4814814814814814,1.0,False,4.0,2.4814814814814814,above_median,,off_chart,0.9353423382385936,False,27.0,False,,,,,,,,5.490847971556167,0.0,13.522020435356005
00-0041092,QB,2026,2.2126264218540084,-0.81,0.0,5.961129428571428,True,5.312773958799821,0.7523026645768025,3.1513516121809224,0.19687227944469324,0.161111486789073,35.16054444693238,,,,0.04277035378414689,2.988811330049261,,False,False,False,Taylen Green,CLE,rookie_rule,True,drafted,False,,,deep_bench,deep_bench_discounted,1.4259259259259258,1.4259259259259258,1.0,False,4.0,1.4259259259259258,above_median,,off_chart,0.3,False,54.0,False,,,,,,,,3.155041379310345,0.0,8.500128999999998
00-0038416,QB,2026,2.205634788906232,-1.4255432321911998,0.0,11.823275396893276,True,6.193732475380701,1.0744795976624675,3.728147566351124,0.275792954885493,0.160857755281591,37.63134991669471,,,,0.04345067333610086,3.4783164086646066,,False,False,False,Tyson Bagent,CHI,veteran_model,True,,False,ACT,2.0,backup,curated,3.4508404441809346,3.4508404441809346,0.77,True,2.0,3.4508404441809346,,,,,,,,33.73805380586444,231.60768553241846,27.696271758130365,127.85601286134171,2025.0,CHI,canonical_source_team_frame,7.611293734650104,0.0,40.80023692228871
00-0035500,WR,2026,2.203542647397495,0.01190127585629186,0.01190127585629186,6.3122967294846175,False,,,,,,,0.058602291096325844,12.366379024717322,1.2305819966956149,,,2.1052027954624495,False,False,False,Greg Dortch,DET,veteran_model,True,,True,ACT,,deep_bench,deep_bench_discounted,4.098155979700166,4.098155979700166,1.0,False,4.0,4.098155979700166,,,,,,,,33.92979712201368,246.18859977155995,26.79038838236451,118.19015619651694,2025.0,DET,canonical_source_team_frame,9.030461476956377,0.048773284816523696,25.868776587579184
00-0039521,WR,2026,2.2021091934886545,0.0,0.0,6.310863275575777,False,,,,,,,0.12461860519241058,10.539890940052167,0.800816936657949,,,1.266027373043282,False,False,False,Xavier Weaver,ARI,veteran_model,True,,False,ACT,,deep_bench,deep_bench_discounted,2.237543872717706,2.237543872717706,1.0,False,4.0,2.237543872717706,,,,,,,,36.213963863137224,240.76907152016224,24.989656676740175,107.79270996792926,2025.0,ARI,canonical_source_team_frame,4.927315932945868,0.0,14.120833453823773
00-0040876,WR,2026,2.1936396941473637,0.0,0.0,5.8398031641318315,False,,,,,,,0.07659483838646419,12.123166800350573,1.043507967587043,,,1.7649178694979386,False,False,False,Elijah Sarratt,BAL,rookie_rule,True,drafted,False,,,deep_bench,deep_bench_discounted,2.1636363636363636,2.1636363636363636,1.0,False,5.0,2.1636363636363636,no_data,,off_chart,0.9455412960369795,False,55.0,False,,,,,,,,4.7462386109733865,0.0,12.635210482394326
TRA291459,TE,2026,2.190453469519966,0.0,0.0,5.394313725490196,False,,,,,,,0.08666069059291566,11.363198598077116,1.0683389323095205,,,1.5057084492186794,False,False,False,Seydou Traore,MIA,rookie_rule,True,drafted,False,,,deep_bench,deep_bench_discounted,2.4814814814814814,2.4814814814814814,1.0,False,3.0,2.4814814814814814,no_data,,off_chart,1.0,True,27.0,False,,,,,,,,5.435569720660656,0.0,13.3858896151053
00-0037231,WR,2026,2.186242948232262,0.0,0.0,6.294997030319385,False,,,,,,,0.06272298233374192,12.616255065393174,1.0965590953809856,,,1.7537014580479378,False,False,False,Kevin Austin Jr.,NO,veteran_model,True,,False,ACT,,deep_bench,deep_bench_discounted,2.458976602577272,2.458976602577272,0.94,True,11.0,2.458976602577272,,,,,,,,34.20105181449663,231.16042627321303,26.953986866698713,109.11968596923658,2025.0,NO,canonical_source_team_frame,5.3759202572526865,0.0,15.479250410848776
00-0041132,WR,2026,2.180783278548591,0.0,0.0,5.805577426562705,False,,,,,,,0.07614593372922059,12.052115719731278,1.03739220840028,,,1.754574093494749,False,False,False,Deion Burks,IND,rookie_rule,True,drafted,False,,,deep_bench,deep_bench_discounted,2.1636363636363636,2.1636363636363636,1.0,False,5.0,2.1636363636363636,above_median,,off_chart,0.8703700897088322,False,55.0,False,,,,,,,,4.718422002677861,0.0,12.561158432017487
00-0040739,TE,2026,2.178158951397288,0.42089329848281615,0.42089329848281615,4.953757917608463,False,,,,,,,0.08520830365963795,11.130808489458056,1.107656560987309,,,1.637523141430484,False,False,False,Elijah Arroyo,SEA,veteran_model,True,,False,ACT,,deep_bench,deep_bench_discounted,6.0,6.183512246547901,0.9,True,2.0,6.0,,,,,,,,32.225845759159824,233.1409897885389,27.937986411950597,119.71889503194852,2025.0,SEA,canonical_source_team_frame,13.068953708383727,2.5253597908968968,29.72254750565078
00-0040187,TE,2026,2.1711622593832196,0.6066863448850872,0.6066863448850872,4.946761225594396,False,,,,,,,0.05307668059024802,12.1186556791451,1.2816732158544426,,,1.7229387756943786,False,False,False,Mitchell Evans,CAR,veteran_model,True,,False,ACT,,deep_bench,deep_bench_discounted,6.0,7.2377080855602856,0.83,True,3.0,6.0,,,,,,,,33.08175557965288,214.53923085029226,26.979775160632926,116.45258332427315,2025.0,CAR,canonical_source_team_frame,13.026973556299318,3.6401180693105233,29.680567353566374
00-0040582,WR,2026,2.150170946650648,0.0,0.0,6.258925028737771,False,,,,,,,0.12769703119520923,9.107064463248472,0.9465646263090902,,,1.3156309202435004,False,False,False,Arian Smith,NYJ,veteran_model,True,,False,ACT,,deep_bench,deep_bench_discounted,4.299495492613219,4.299495492613219,0.94,True,6.0,4.299495492613219,,,,,,,,32.40798584142275,201.12864296169278,27.468730025987202,119.28333380861694,2025.0,NYJ,canonical_source_team_frame,9.244650293472358,0.0,26.910219949662107
00-0040563,WR,2026,2.132636472796654,0.0,0.0,6.241390554883777,False,,,,,,,0.08463438477422887,12.273286907867451,0.7950029467290719,,,1.4807353035821416,False,False,False,Efton Chism III,NE,veteran_model,True,,False,ACT,,deep_bench,deep_bench_discounted,2.4987562444879057,2.4987562444879057,0.94,True,7.0,2.4987562444879057,,,,,,,,33.746856976402874,243.7564166874116,26.990735238510595,121.6874228230549,2025.0,NE,canonical_source_team_frame,5.328938703623301,0.0,15.595713623303674
00-0033857,WR,2026,2.1142803758914495,0.0,0.0,6.223034457978573,False,,,,,,,0.073468034014876,11.739107951233507,0.9991227533576854,,,1.6270485084620478,False,False,False,JuJu Smith-Schuster,NYG,veteran_model,True,,True,ACT,,deep_bench,deep_bench_discounted,3.681925377198853,3.681925377198853,0.94,True,6.0,3.681925377198853,,,,,,,,33.24318823444577,223.72200991226288,27.969267844990632,122.67699998352342,2025.0,NYG,canonical_source_team_frame,7.784622570508258,0.0,22.912748494014217
00-0040179,RB,2026,2.09707234936298,0.0,0.0,8.5051784826204,False,,2.6165782819463455,,,,,0.005971985270008622,3.4354668502764105,0.5102776667644696,0.04819111854516571,11.734082080620585,0.7698805038765774,False,False,False,DJ Giddens,IND,veteran_model,True,,False,ACT,2.0,committee,curated,10.54460802946551,10.54460802946551,0.98,True,2.0,10.54460802946551,,,,,,,,33.819686508835005,234.02693422664208,26.500800154053703,117.38636019360476,2025.0,IND,canonical_source_team_frame,22.11280593346298,0.0,89.68377331987634
00-0039577,QB,2026,2.0822707722562317,-1.4236369193594238,0.0,11.698005067411499,True,6.564772114027444,1.8254187836867777,3.6759664532523226,0.27483979846960493,0.0965842664116761,30.59286648019404,,,,0.059334677358263165,6.658905801913962,,False,False,False,Kedon Slovis,ARI,veteran_model,True,,False,ACT,,deep_bench,deep_bench_discounted,0.6186026500124635,0.6186026500124635,0.84,True,4.0,0.6186026500124635,,,,,,,,36.213963863137224,240.76907152016224,24.989656676740175,107.79270996792926,2025.0,ARI,canonical_source_team_frame,1.2880982177612037,0.0,7.23641693455998
00-0038794,RB,2026,2.0802359277528852,0.0,0.0,8.488342061010304,False,,2.9976608317600557,,,,,0.005817397892241415,3.37472353957169,0.4343072585982384,0.03266979913019833,12.946867623619585,0.6545206760311068,False,False,False,Jaleel McLaughlin,DEN,veteran_model,True,,False,ACT,,deep_bench,deep_bench_discounted,2.8914278376560985,2.8914278376560985,0.7,True,4.0,2.8914278376560985,,,,,,,,34.86578769636352,230.0781619883208,26.560893200255975,117.8845379552942,2025.0,DEN,canonical_source_team_frame,6.014852070397053,0.0,24.543428530752333
00-0037267,RB,2026,2.073828007309907,0.0015220041149567876,0.0015220041149567876,8.481934140567327,False,,1.6858897388360528,,,,,0.02361391005065846,3.6756319760106773,0.8024068973363473,0.0686971077630598,7.511952541583561,0.9062734627839601,False,False,False,Jerome Ford,WAS,veteran_model,True,,True,ACT,,deep_bench,deep_bench_discounted,1.1449990329311597,1.1449990329311597,0.7,True,5.0,1.1449990329311597,,,,,,,,32.67019161591956,214.93952859258042,27.26986368464489,124.1188052104396,2025.0,WAS,canonical_source_team_frame,2.3745310628353975,0.0017426932397427673,9.711806388335377
00-0039305,RB,2026,2.0607495067329618,0.0,0.0,8.46885563999038,False,,2.465910842600217,,,,,0.011027391550111839,3.9902712245274405,0.5191109494252065,0.040590817764266984,10.924576536813417,0.7742769055730265,False,False,False,Jack Westover,NE,veteran_model,True,,False,ACT,,deep_bench,deep_bench_discounted,3.061409498117676,3.061409498117676,0.86,True,,3.061409498117676,,,,,,,,33.746856976402874,243.7564166874116,26.990735238510595,121.6874228230549,2025.0,NE,canonical_source_team_frame,6.308798113153604,0.0,25.926635094454
00-0036841,WR,2026,2.0592399204011373,0.0,0.0,6.1679940024882605,False,,,,,,,0.10790487411444737,9.341585931666677,0.9553041650955708,,,1.6548531003682179,False,False,False,Austin Trammell,JAX,veteran_model,True,,False,ACT,,deep_bench,deep_bench_discounted,2.03527208612651,2.03527208612651,0.94,True,8.0,2.03527208612651,,,,,,,,34.281611997177656,230.87870372906116,27.439030345261777,117.85703830149006,2025.0,JAX,canonical_source_team_frame,4.191113528629811,0.0,12.553546020660084
00-0040891,QB,2026,2.0487281683833407,-0.75,0.0,5.519564285714286,True,4.919235147036871,0.696576541274817,2.91791815942678,0.18228914763397522,0.149177302582475,32.556059673085535,,,,0.039602179429765634,2.76741789819376,,False,False,False,Cole Payton,PHI,rookie_rule,True,drafted,False,,,deep_bench,deep_bench_discounted,1.4259259259259258,1.4259259259259258,1.0,False,4.0,1.4259259259259258,no_data,,off_chart,0.3,False,54.0,False,,,,,,,,2.9213346104725413,0.0,7.870489814814815
00-0040906,QB,2026,2.0487281683833407,-0.75,0.0,5.519564285714286,True,4.919235147036871,0.696576541274817,2.91791815942678,0.18228914763397522,0.149177302582475,32.556059673085535,,,,0.039602179429765634,2.76741789819376,,False,False,False,Garrett Nussmeier,KC,rookie_rule,True,drafted,False,,,deep_bench,deep_bench_discounted,1.4259259259259258,1.4259259259259258,1.0,False,3.0,1.4259259259259258,no_data,,off_chart,0.3,False,54.0,False,,,,,,,,2.9213346104725413,0.0,7.870489814814815
00-0041123,QB,2026,2.0487281683833407,-0.75,0.0,5.519564285714286,True,4.919235147036871,0.696576541274817,2.91791815942678,0.18228914763397522,0.149177302582475,32.556059673085535,,,,0.039602179429765634,2.76741789819376,,False,False,False,Behren Morton,NE,rookie_rule,True,drafted,False,,,deep_bench,deep_bench_discounted,1.4259259259259258,1.4259259259259258,1.0,False,3.0,1.4259259259259258,no_data,,off_chart,0.3,False,54.0,False,,,,,,,,2.9213346104725413,0.0,7.870489814814815
00-0039299,RB,2026,2.0450860490404894,0.0,0.0,8.453192182297908,False,,2.7191081325910282,,,,,0.023695228415992513,3.3401975221539337,0.4599965793192502,0.050057294506508636,10.385528696304641,0.5883471675496658,False,False,False,George Holani,SEA,veteran_model,True,,False,ACT,,deep_bench,deep_bench_discounted,1.8333511448411548,1.8333511448411548,0.73,True,3.0,1.8333511448411548,,,,,,,,32.225845759159824,233.1409897885389,27.937986411950597,119.71889503194852,2025.0,SEA,canonical_source_team_frame,3.749360849307055,0.0,15.49766956497817
00-0038720,TE,2026,2.0335987002185996,0.32502657361395393,0.32502657361395393,4.809197666429776,False,,,,,,,0.07709271594133364,10.607009986165064,1.020682811908183,,,1.4376117020324704,False,False,False,Julian Hill,NE,veteran_model,True,,True,RES,,deep_bench,deep_bench_discounted,6.0,6.019446399057746,1.0,False,7.0,6.0,,,,,,,,33.746856976402874,243.7564166874116,26.990735238510595,121.6874228230549,2025.0,NE,canonical_source_team_frame,12.201592201311598,1.9501594416837236,28.85518599857866
00-0033375,WR,2026,2.0330514742223667,0.0,0.0,6.14180555630949,False,,,,,,,0.061676051435374565,11.217940344387962,1.0824022623426461,,,1.9289267931101064,False,False,False,Tim Patrick,NYJ,veteran_model,True,,True,ACT,,deep_bench,deep_bench_discounted,3.18978598936894,3.18978598936894,1.0,False,4.0,3.18978598936894,,,,,,,,32.40798584142275,201.12864296169278,27.468730025987202,119.28333380861694,2025.0,NYJ,canonical_source_team_frame,6.484999108140374,0.0,19.59104531294432
00-0039359,TE,2026,1.99555305470368,0.2955548763307595,0.2955548763307595,4.771152020914856,False,,,,,,,0.0756637245693794,9.82885467151095,1.117370480272617,,,1.3224131243306425,False,False,False,Cade Stover,HOU,veteran_model,True,,False,ACT,,deep_bench,deep_bench_discounted,3.7955773740245733,3.7955773740245733,1.0,False,5.0,3.7955773740245733,,,,,,,,34.321125448974,230.7196594149492,27.0161290584345,113.89625214465637,2025.0,HOU,canonical_source_team_frame,7.574276023098909,1.1218014013836617,18.109276658616047
00-0041472,TE,2026,1.9901925622783112,0.2393787335186898,0.2393787335186898,4.167892626345575,False,,,,,,,0.08223183346709999,10.20551756430425,0.9524996100905727,,,1.435447424129078,False,False,False,Marlin Klein,HOU,rookie_rule,True,drafted,False,,,deep_bench,deep_bench_discounted,6.0,12.465116279069768,1.0,False,4.0,6.0,above_median,,off_chart,0.607741706962026,False,4.0,True,,,,,,,,11.941155373669867,1.4362724011121388,25.007355758073448
00-0032104,RB,2026,1.9869439198861405,0.0,0.0,8.39505005314356,False,,1.7053199806212092,,,,,0.022835286275366025,3.0716326234400593,0.4956009132845074,0.058873584190866066,9.417269781024883,0.6431674289376691,False,False,False,Ameer Abdullah,JAX,veteran_model,True,,True,ACT,,deep_bench,deep_bench_discounted,1.5374867319223107,1.5374867319223107,0.7,True,4.0,1.5374867319223107,,,,,,,,34.281611997177656,230.87870372906116,27.439030345261777,117.85703830149006,2025.0,JAX,canonical_source_team_frame,3.0548999138986477,0.0,12.907278070531913
00-0036182,WR,2026,1.9797154792833167,0.0,0.0,6.08846956137044,False,,,,,,,0.10841869348054409,9.241149997456521,0.8101766373088002,,,1.3714844511660977,False,False,False,Nick Westbrook-Ikhine,IND,veteran_model,True,,True,ACT,,deep_bench,deep_bench_discounted,2.0244307064827165,2.0244307064827165,1.0,False,4.0,2.0244307064827165,,,,,,,,33.819686508835005,234.02693422664208,26.500800154053703,117.38636019360476,2025.0,IND,canonical_source_team_frame,4.007796806360295,0.0,12.325684735523675
00-0036637,TE,2026,1.9709697152511112,0.29143426388156585,0.29143426388156585,4.746568681462287,False,,,,,,,0.07225327006881689,10.004014958712544,1.074097197933911,,,1.4544539590405046,False,False,False,Noah Gray,KC,veteran_model,True,,False,ACT,2.0,backup,curated,13.966997193225652,13.966997193225652,0.9,True,2.0,13.966997193225652,,,,,,,,35.16438169616012,230.57945355267083,25.927946034942906,113.12705785543977,2025.0,KC,canonical_source_team_frame,27.528528480845033,4.070461545643614,66.29531145143655
00-0038647,WR,2026,1.964577826989947,0.0,0.0,6.07333190907707,False,,,,,,,0.0666211152476212,10.769944274074312,0.9757134161935771,,,1.5171752891499355,False,False,False,Ronnie Bell,NO,veteran_model,True,,False,ACT,,deep_bench,deep_bench_discounted,1.6880220792016294,1.6880220792016294,0.94,True,8.0,1.6880220792016294,,,,,,,,34.20105181449663,231.16042627321303,26.953986866698713,109.11968596923658,2025.0,NO,canonical_source_team_frame,3.316250748268989,0.0,10.251918356841877
00-0039144,TE,2026,1.9611231119892951,0.28435523290880993,0.28435523290880993,4.736722078200471,False,,,,,,,0.0717920080206402,10.074737448329547,1.0457946380649985,,,1.4932625965804636,False,False,False,Luke Musgrave,GB,veteran_model,True,,False,ACT,,deep_bench,deep_bench_discounted,6.0,8.023484284248624,0.9,True,2.0,6.0,,,,,,,,32.63743765242263,227.66151029204218,27.533819286041897,118.40278157385839,2025.0,GB,canonical_source_team_frame,11.766738671935771,1.7061313974528596,28.420332469202826
00-0036187,RB,2026,1.9452313665864067,0.0,0.0,8.353337499843827,False,,1.9342170937228742,,,,,0.009434226417396534,3.72899995846085,0.5688949687847746,0.039858792268560934,9.921257742321897,0.8063976150851615,False,False,False,Reggie Gilliam,NE,veteran_model,True,,True,ACT,,deep_bench,deep_bench_discounted,3.601554228231724,3.601554228231724,0.86,True,,3.601554228231724,,,,,,,,33.746856976402874,243.7564166874116,26.990735238510595,121.6874228230549,2025.0,NE,canonical_source_team_frame,7.005856253218248,0.0,30.08499799240915
00-0041326,RB,2026,1.9403049063046245,0.0,0.0,5.172041410149449,False,,2.2561207583507215,,,,,0.011105258237798813,3.1220961582234996,0.4269184180142754,0.07190880292058117,9.165517145248568,0.5643189533459805,False,False,False,CJ Donaldson,NO,rookie_rule,True,udfa,False,,,deep_bench,deep_bench_discounted,0.71,0.71,1.0,False,7.0,0.71,no_data,,off_chart,0.6236294817376784,False,300.0,False,,,,,,,,1.3776164834762834,0.0,3.6721494012061084
00-0036422,TE,2026,1.9320436863441492,0.22525148858791075,0.22525148858791075,4.707642652555325,False,,,,,,,0.07679606113326573,9.70972059297268,1.0005905204945735,,,1.4043317508249957,False,False,False,Adam Trautman,DEN,veteran_model,True,,False,ACT,1.0,starter,curated,15.121652241397355,15.121652241397355,0.9,True,2.0,15.121652241397355,,,,,,,,34.86578769636352,230.0781619883208,26.560893200255975,117.8845379552942,2025.0,DEN,canonical_source_team_frame,29.21569274008361,3.406174677283471,71.18733506871102
00-0035249,TE,2026,1.9299054910169098,0.15967763253451772,0.15967763253451772,4.705504457228086,False,,,,,,,0.08736867125429133,8.988657845222951,1.0136553579377332,,,1.3213988825880267,False,False,False,Josh Oliver,MIN,veteran_model,True,,False,ACT,2.0,backup,curated,15.211267893471,15.211267893471,0.9,True,2.0,15.211267893471,,,,,,,,33.317960572598906,212.14905129671848,25.986445691358956,113.34466242181308,2025.0,MIN,canonical_source_team_frame,29.356309432938904,2.4288992450777696,71.57668887281827
00-0038738,RB,2026,1.9232966342468862,0.0,0.0,8.331402767504304,False,,2.2773023251205458,,,,,0.030122665054969675,3.792057901539606,0.6550815191365957,0.04079025116542922,7.910725872022345,0.890490527118671,False,False,False,Hunter Luepke,DAL,veteran_model,True,,False,ACT,,deep_bench,deep_bench_discounted,3.015865490230485,3.015865490230485,0.86,True,,3.015865490230485,,,,,,,,34.848900159202955,250.0561914085082,26.916637322594873,120.71500490898475,2025.0,DAL,canonical_source_team_frame,5.8004039467016275,0.0,25.126390091726986
00-0034613,TE,2026,1.9147096262979826,0.10567485470317842,0.10567485470317842,4.690308592509158,False,,,,,,,0.1056999084109784,9.135276723984987,0.7339650068672267,,,1.1628786106505102,False,False,False,Tanner Hudson,CIN,veteran_model,True,,False,ACT,,deep_bench,deep_bench_discounted,4.344976021214209,4.344976021214209,1.0,False,4.0,4.344976021214209,,,,,,,,35.761155714222895,238.6430156013012,25.120234653951606,107.36930606582474,2025.0,CIN,canonical_source_team_frame,8.319367413852753,0.4591547097306058,20.379278366547258
00-0037004,TE,2026,1.9141202867283333,0.2658900701336467,0.2658900701336467,4.6897192529395095,False,,,,,,,0.06703573093967377,10.048456906700713,1.0141204208404389,,,1.2086265724066423,False,False,False,Hunter Long,JAX,veteran_model,True,,False,ACT,,deep_bench,deep_bench_discounted,2.805327488038503,2.805327488038503,1.0,False,5.0,2.805327488038503,,,,,,,,34.281611997177656,230.87870372906116,27.439030345261777,117.85703830149006,2025.0,JAX,canonical_source_team_frame,5.369734255771134,0.7459087225424045,13.156198331454599
00-0036427,WR,2026,1.9056520363628842,0.0,0.0,6.014406118450006,False,,,,,,,0.04874230754711723,11.572201491444849,0.9119560838713916,,,1.6164621185304284,False,False,False,Tyler Johnson,DAL,veteran_model,True,,True,ACT,,deep_bench,deep_bench_discounted,2.031470670047861,2.031470670047861,0.94,True,8.0,2.031470670047861,,,,,,,,34.848900159202955,250.0561914085082,26.916637322594873,120.71500490898475,2025.0,DAL,canonical_source_team_frame,3.8712762191881787,0.0,12.218089627387588
00-0040985,QB,2026,1.889220085070312,-1.003839446865102,0.0,5.61280096057174,True,5.660450581158914,0.8305908333337207,3.244286931912042,0.2058136432064693,0.1351620242885496,32.763241491795526,,,,0.028194256069359346,2.8050407824107513,,True,False,False,Diego Pavia,BAL,rookie_rule,True,udfa,False,,,deep_bench,deep_bench_discounted,0.5882352941176471,0.5882352941176471,1.0,False,,0.5882352941176471,no_data,,off_chart,0.4182664361937925,False,102.0,False,,,,,,,,1.1113059323943013,0.0,3.3016476238657297
00-0040981,QB,2026,1.889220085070312,-1.003839446865102,0.0,5.61280096057174,True,5.660450581158914,0.8305908333337207,3.244286931912042,0.2058136432064693,0.1351620242885496,32.763241491795526,,,,0.028194256069359346,2.8050407824107513,,True,False,False,Joe Fagnano,BAL,rookie_rule,True,udfa,False,,,deep_bench,deep_bench_discounted,0.5882352941176471,0.5882352941176471,1.0,False,3.0,0.5882352941176471,no_data,,off_chart,0.4182664361937925,False,102.0,False,,,,,,,,1.1113059323943013,0.0,3.3016476238657297
00-0036842,RB,2026,1.888047008472323,0.0,0.0,8.296153141729741,False,,2.046422876259181,,,,,0.015805221978235664,4.094187118859355,0.49966663944909,0.046312938096796784,8.560860164116479,0.6514609937027069,False,False,False,Kene Nwangwu,NYJ,veteran_model,True,,False,ACT,,deep_bench,deep_bench_discounted,1.7394998657325194,1.7394998657325194,0.7,True,4.0,1.7394998657325194,,,,,,,,32.40798584142275,201.12864296169278,27.468730025987202,119.28333380861694,2025.0,NYJ,canonical_source_team_frame,3.2842575177342908,0.0,14.431157276135304
00-0040172,WR,2026,1.8868251039075539,0.0,0.0,5.995579185994677,False,,,,,,,0.10746626964040351,9.18683233320333,0.6466885054895994,,,1.1214026190855826,False,False,False,Jordan Watkins,SF,veteran_model,True,,False,ACT,,deep_bench,deep_bench_discounted,1.8891368425380939,1.8891368425380939,0.94,True,7.0,1.8891368425380939,,,,,,,,34.24811794566182,240.12307936832372,26.942362571611483,112.84801793050981,2025.0,SF,canonical_source_team_frame,3.564470819217527,0.0,11.326469532617098
00-0035406,WR,2026,1.8822311153637996,0.0,0.0,5.990985197450922,False,,,,,,,0.0718598293007629,10.123988198585728,0.8773466394012986,,,1.5951414898420961,False,False,False,Lil'Jordan Humphrey,DEN,veteran_model,True,,False,ACT,,deep_bench,deep_bench_discounted,1.9706269100011922,1.9706269100011922,0.94,True,6.0,1.9706269100011922,,,,,,,,34.86578769636352,230.0781619883208,26.560893200255975,117.8845379552942,2025.0,DEN,canonical_source_team_frame,3.709175286777462,0.0,11.805996647515592
00-0040888,RB,2026,1.8733074048874068,0.04647755007780921,0.04647755007780921,4.492463882144329,False,,2.2569443126668745,,,,,0.01883151912276772,3.279047696167024,0.4359724219016655,0.05401685351136429,8.903261885150796,0.5721007838684734,False,False,False,Adam Randall,BAL,rookie_rule,True,drafted,False,,,deep_bench,deep_bench_discounted,4.142857142857143,4.142857142857143,1.0,False,4.0,4.142857142857143,above_median,,off_chart,0.4198514008835518,False,42.0,False,,,,,,,,7.760844963104971,0.19254985032235244,18.611636083169365
00-0040942,QB,2026,1.8646794177823898,-0.9907997327149684,0.0,5.539891572186959,True,5.586922231810047,0.8198015910139292,3.2021441626223304,0.2031401568397091,0.1334062911718842,32.33765221552331,,,,0.02782801718427843,2.7686037504766805,,True,False,False,Kyron Drones,GB,rookie_rule,True,udfa,False,,,deep_bench,deep_bench_discounted,0.5882352941176471,0.5882352941176471,1.0,False,4.0,0.5882352941176471,no_data,,off_chart,0.4128332219645701,False,102.0,False,,,,,,,,1.0968702457543469,0.0,3.25875974834527
00-0038938,WR,2026,1.8588285433840832,0.0,0.0,5.967582625471206,False,,,,,,,0.0694594336139843,10.737459681690105,0.736651947062334,,,1.398586543254291,False,False,False,Jalin Hyatt,NYG,veteran_model,True,,False,ACT,,deep_bench,deep_bench_discounted,3.1809554137666467,3.1809554137666467,0.94,True,10.0,3.1809554137666467,,,,,,,,33.24318823444577,223.72200991226288,27.969267844990632,122.67699998352342,2025.0,NYG,canonical_source_team_frame,5.91285071834157,0.0,18.98261425959241
00-0034272,WR,2026,1.8554022939285661,0.0,0.0,5.964156376015689,False,,,,,,,0.07807584079225223,9.913752109777915,0.7911440763945222,,,1.4167315270643726,False,False,False,Marquez Valdes-Scantling,DAL,veteran_model,True,,True,ACT,,deep_bench,deep_bench_discounted,1.796632782761624,1.796632782761624,0.86,True,5.0,1.796632782761624,,,,,,,,34.848900159202955,250.0561914085082,26.916637322594873,120.71500490898475,2025.0,DAL,canonical_source_team_frame,3.3334765864831803,0.0,10.715398866666549
00-0040644,RB,2026,1.840845992062822,0.0,0.0,8.24895212532024,False,,1.632263273306837,,,,,0.010984080353636967,3.5181262850871393,0.44827585172124607,0.043822747763114595,9.360544689929753,0.6548506423701635,False,False,False,Trevor Etienne,CAR,veteran_model,True,,False,ACT,,deep_bench,deep_bench_discounted,2.3359547655831494,2.3359547655831494,0.73,True,3.0,2.3359547655831494,,,,,,,,33.08175557965288,214.53923085029226,26.979775160632926,116.45258332427315,2025.0,CAR,canonical_source_team_frame,4.30013296786379,0.0,19.269179028209063
00-0038440,RB,2026,1.8308476048523632,0.0,0.0,8.238953738109782,False,,2.0557476705065634,,,,,0.015095183732695411,3.837739083818294,0.5760421571177653,0.043178992656412805,8.094075595770017,0.7443744346810663,False,False,False,Zavier Scott,MIN,veteran_model,True,,False,ACT,,deep_bench,deep_bench_discounted,2.812016123012087,2.812016123012087,0.7,True,4.0,2.812016123012087,,,,,,,,33.317960572598906,212.14905129671848,25.986445691358956,113.34466242181308,2025.0,MIN,canonical_source_team_frame,5.148372983622908,0.0,23.16807074831541
00-0033110,TE,2026,1.8272777556205284,0.041902552355197874,0.041902552355197874,4.602876721831706,False,,,,,,,0.08989322871811443,8.424233215390158,0.8909901235456521,,,1.4459301681766834,False,False,False,Tyler Higbee,LA,veteran_model,True,,False,ACT,2.0,backup,curated,11.937201407707434,11.937201407707434,0.9,True,2.0,11.937201407707434,,,,,,,,34.82389907724694,249.40392878109913,26.591959033295254,121.3859631065696,2025.0,LA,canonical_source_team_frame,21.81258259666585,0.5001992069610025,54.945466483353215
00-0030035,WR,2026,1.8162161710961655,0.0,0.0,5.924970253183288,False,,,,,,,0.08905583542319542,9.1513414813798,0.7334940208380255,,,1.3883143368923483,False,False,False,Adam Thielen,MIN,veteran_model,True,,False,RET,,deep_bench,deep_bench_discounted,2.4164662434853668,2.4164662434853668,0.79,True,,2.4164662434853668,,,,,,,,33.317960572598906,212.14905129671848,25.986445691358956,113.34466242181308,2025.0,MIN,canonical_source_team_frame,4.388825068326128,0.0,14.317490610472362
00-0035891,WR,2026,1.8040809487920315,0.0,0.0,5.912835030879155,False,,,,,,,0.04960450926890137,11.451567733091116,0.7225942397390234,,,1.2232590050388097,False,False,False,Cody White,SEA,veteran_model,True,,False,ACT,,deep_bench,deep_bench_discounted,1.5158307259503032,1.5158307259503032,0.94,True,7.0,1.5158307259503032,,,,,,,,32.225845759159824,233.1409897885389,27.937986411950597,119.71889503194852,2025.0,SEA,canonical_source_team_frame,2.7346813342805367,0.0,8.962857017281932
00-0037098,WR,2026,1.7860576769555594,0.0,0.0,5.894811759042682,False,,,,,,,0.06572569137350628,9.123115192267079,0.9587840189756275,,,1.2459574355705472,False,False,False,Samori Toure,PHI,veteran_model,True,,True,ACT,,deep_bench,deep_bench_discounted,2.052538285785364,2.052538285785364,0.94,True,10.0,2.052538285785364,,,,,,,,32.80438240429993,217.87396873427076,27.510207278943774,118.95507060419129,2025.0,PHI,canonical_source_team_frame,3.665951762572153,0.0,12.099326822932872
00-0039623,WR,2026,1.7792679202818336,0.0,0.0,5.888022002368956,False,,,,,,,0.03903372299108901,10.147044612959442,1.0607222420787101,,,1.3309323915132816,False,False,False,Mason Tipton,NO,veteran_model,True,,False,ACT,,deep_bench,deep_bench_discounted,2.6386660598344034,2.6386660598344034,0.94,True,7.0,2.6386660598344034,,,,,,,,34.20105181449663,231.16042627321303,26.953986866698713,109.11968596923658,2025.0,NO,canonical_source_team_frame,4.6948938725998195,0.0,15.536523817209167
00-0033376,RB,2026,1.774504989964461,0.0,0.0,8.18261112322188,False,,1.8379876923206189,,,,,0.007484134882379254,2.8022809142119627,0.39855681024770456,0.07180003236963202,8.192934899073446,0.5007080038562468,False,False,False,Patrick Ricard,NYG,veteran_model,True,,True,ACT,,deep_bench,deep_bench_discounted,1.9339593180924932,1.9339593180924932,0.86,True,,1.9339593180924932,,,,,,,,33.24318823444577,223.72200991226288,27.969267844990632,122.67699998352342,2025.0,NYG,canonical_source_team_frame,3.4318204603433955,0.0,15.824837028082237
00-0040429,RB,2026,1.759625645883927,0.0,0.0,8.167731779141347,False,,1.6559006610541946,,,,,0.021418966583705765,3.6363585881745797,0.4916709604702666,0.04830191135010728,7.318290392284576,0.5473564728800766,False,False,False,Josh Williams,TB,veteran_model,True,,False,ACT,,deep_bench,deep_bench_discounted,2.19205385072774,2.19205385072774,0.7,True,4.0,2.19205385072774,,,,,,,,33.5451456097649,223.7139473344186,27.714856316659535,117.7146256375168,2025.0,TB,canonical_source_team_frame,3.8571941728991486,0.0,17.904107898178122
00-0041041,TE,2026,1.747251607772542,0.21015799422357417,0.21015799422357417,3.6591218510378765,False,,,,,,,0.0721938700599877,8.95973952991184,0.8362288688428635,,,1.260223692531191,False,False,False,Oscar Delp,NO,rookie_rule,True,drafted,False,,,deep_bench,deep_bench_discounted,6.0,12.465116279069768,1.0,False,3.0,6.0,no_data,,off_chart,0.5762396615807679,False,4.0,True,,,,,,,,10.483509646635252,1.260947965341445,21.954731106227257
00-0041084,TE,2026,1.7442711480736435,0.0,0.0,4.295524157877773,False,,,,,,,0.06900842422664481,9.04858274337159,0.8507246567532315,,,1.1990046088303419,False,False,False,Tanner Koziol,JAX,rookie_rule,True,drafted,False,,,deep_bench,deep_bench_discounted,2.4814814814814814,2.4814814814814814,1.0,False,3.0,2.4814814814814814,above_median,,off_chart,0.7373203313010366,False,27.0,False,,,,,,,,4.328376552627189,0.0,10.65926365103003
00-0037557,RB,2026,1.7408701120722283,0.0,0.0,8.148976245329647,False,,1.787350410933398,,,,,0.02683939033947962,3.397067769236467,0.6195020780304217,0.011394160710663027,8.620109898325149,0.8919629516308842,False,False,False,Ronnie Rivers,LA,veteran_model,True,,False,ACT,,deep_bench,deep_bench_discounted,1.8191233558943518,1.8191233558943518,0.73,True,3.0,1.8191233558943518,,,,,,,,34.82389907724694,249.40392878109913,26.591959033295254,121.3859631065696,2025.0,LA,canonical_source_team_frame,3.1668574804490084,0.0,14.823993014507423
00-0032464,WR,2026,1.740753211395619,0.0,0.0,5.849507293482741,False,,,,,,,0.0677027734775662,8.54958001386867,0.9591571382867092,,,1.665880403186397,False,False,False,Kalif Raymond,CHI,veteran_model,True,,True,ACT,3.0,starter,curated,13.378222816195525,13.378222816195525,0.97,True,3.0,13.378222816195525,,,,,,,,33.73805380586444,231.60768553241846,27.696271758130365,127.85601286134171,2025.0,CHI,canonical_source_team_frame,23.288184330058503,0.0,78.25601193717294
00-0036754,TE,2026,1.7346710582188591,0.11091313247588791,0.11091313247588791,4.510270024430036,False,,,,,,,0.06295701579772121,9.076039894970444,0.898649947870975,,,1.29395871304118,False,False,False,Brock Wright,DET,veteran_model,True,,False,ACT,2.0,backup,curated,14.152915604355908,14.152915604355908,0.9,True,2.0,14.152915604355908,,,,,,,,33.92979712201368,246.18859977155995,26.79038838236451,118.19015619651694,2025.0,DET,canonical_source_team_frame,24.550653088290268,1.569744203345988,63.83347100861456
00-0041100,WR,2026,1.7292226385151162,0.0,0.0,4.603454187500031,False,,,,,,,0.06037888942503009,9.556562336828677,0.8225861365641358,,,1.391265823279126,False,False,False,Josh Cameron,JAX,rookie_rule,True,drafted,False,,,deep_bench,deep_bench_discounted,2.1636363636363636,2.1636363636363636,1.0,False,5.0,2.1636363636363636,no_data,,off_chart,0.7453600603236663,False,55.0,False,,,,,,,,3.7414089815145237,0.0,9.960200878409157
00-0041106,WR,2026,1.7292226385151162,0.0,0.0,4.603454187500031,False,,,,,,,0.06037888942503009,9.556562336828677,0.8225861365641358,,,1.391265823279126,False,False,False,C.J. Williams,JAX,rookie_rule,True,drafted,False,,,deep_bench,deep_bench_discounted,2.1636363636363636,2.1636363636363636,1.0,False,6.0,2.1636363636363636,no_data,,off_chart,0.7453600603236663,False,55.0,False,,,,,,,,3.7414089815145237,0.0,9.960200878409157
00-0040218,WR,2026,1.7079638452450838,0.0,0.0,5.816717927332206,False,,,,,,,0.08124948349393257,7.575417721302235,0.9258503443025297,,,1.477903663048074,False,False,False,Jimmy Horn Jr.,CAR,veteran_model,True,,False,ACT,,deep_bench,deep_bench_discounted,3.9767462409740117,3.9767462409740117,1.0,False,4.0,3.9767462409740117,,,,,,,,33.08175557965288,214.53923085029226,26.979775160632926,116.45258332427315,2025.0,CAR,canonical_source_team_frame,6.792138801297906,0.0,23.131611152324496
00-0039792,WR,2026,1.704494028972092,0.0,0.0,5.813248111059215,False,,,,,,,0.04264191662324217,10.60777432603661,0.775730193257956,,,1.3334005133000706,False,False,False,Devontez Walker,BAL,veteran_model,True,,False,ACT,2.0,starter,curated,11.46132334757572,11.46132334757572,0.97,True,3.0,11.46132334757572,,,,,,,,31.3716833460928,213.64210242557778,28.058067379544,132.6208163798309,2025.0,BAL,canonical_source_team_frame,19.53575721006124,0.0,66.62751630053343
00-0040208,RB,2026,1.6865238033525387,0.0,0.0,8.094629936609959,False,,1.9562950148713032,,,,,0.010284528609202596,2.420235446808912,0.2654610427580319,0.047708178618064256,9.638134939290303,0.3533406392567919,False,False,False,Tahj Brooks,CIN,veteran_model,True,,False,ACT,,deep_bench,deep_bench_discounted,1.9244240059889701,1.9244240059889701,0.73,True,3.0,1.9244240059889701,,,,,,,,35.761155714222895,238.6430156013012,25.120234653951606,107.36930606582474,2025.0,CIN,canonical_source_team_frame,3.2455868938434467,0.0,15.57750016960918
00-0038891,WR,2026,1.6819833223283505,0.0,0.0,5.790737404415474,False,,,,,,,0.055274027926874185,9.5846312443873,0.7837520606567504,,,1.2366345052028913,False,False,False,Shedrick Jackson,LV,veteran_model,True,,False,ACT,,deep_bench,deep_bench_discounted,3.01489967542061,3.01489967542061,0.94,True,7.0,3.01489967542061,,,,,,,,33.852695887179124,214.57281927994063,25.407262691012978,101.26520419334778,2025.0,LV,canonical_source_team_frame,5.0710109725506225,0.0,17.458492321018195
00-0040277,WR,2026,1.660750774206985,0.0,0.0,5.769504856294107,False,,,,,,,0.05686391306233771,9.632762600766936,0.71258207151253,,,1.3497413380749528,False,False,False,Jahdae Walker,CHI,veteran_model,True,,False,ACT,,deep_bench,deep_bench_discounted,3.1777746168172873,3.1777746168172873,0.86,True,5.0,3.1777746168172873,,,,,,,,33.73805380586444,231.60768553241846,27.696271758130365,127.85601286134171,2025.0,CHI,canonical_source_team_frame,5.2774916551346145,0.0,18.334186083935485
00-0037258,RB,2026,1.643091743733802,0.0,0.0,8.051197876991221,False,,2.514087415796041,,,,,0.0016996248940572714,3.0555510960322305,0.435075278428488,0.029270167980017914,9.341802376718837,0.5686005851662268,False,False,False,Dameon Pierce,PHI,veteran_model,True,,True,ACT,,deep_bench,deep_bench_discounted,1.025042920218596,1.025042920218596,0.7,True,4.0,1.025042920218596,,,,,,,,32.80438240429993,217.87396873427076,27.510207278943774,118.95507060419129,2025.0,PHI,canonical_source_team_frame,1.6842395591839614,0.0,8.252823383088842
00-0039603,RB,2026,1.640637342391714,0.0,0.0,8.048743475649133,False,,2.0495236776295838,,,,,0.009109115638204723,2.1988550960103552,0.31429651864013014,0.057012623827713396,8.668731366751047,0.45156872568404477,False,False,False,British Brooks,HOU,veteran_model,True,,False,ACT,,deep_bench,deep_bench_discounted,2.5353335439385853,2.5353335439385853,0.7,True,4.0,2.5353335439385853,,,,,,,,34.321125448974,230.7196594149492,27.0161290584345,113.89625214465637,2025.0,HOU,canonical_source_team_frame,4.1595628876039665,0.0,20.406249320370083
00-0035639,WR,2026,1.639258018594361,0.0,0.0,5.748012100681484,False,,,,,,,0.13761618330949507,5.82649646974468,0.46182254352584534,,,0.8050777287644144,False,False,False,Parris Campbell,DAL,veteran_model,True,,False,RET,,deep_bench,deep_bench_discounted,1.2032126910406225,1.2032126910406225,0.79,True,,1.2032126910406225,,,,,,,,34.848900159202955,250.0561914085082,26.916637322594873,120.71500490898475,2025.0,DAL,canonical_source_team_frame,1.97237605186284,0.0,6.916081107795029
00-0040317,WR,2026,1.629357138127356,0.0,0.0,5.7381112202144795,False,,,,,,,0.05302970369001711,9.869146823877774,0.6485284671989519,,,1.0731382145002322,False,False,False,Jacoby Jones,WAS,veteran_model,True,,False,ACT,,deep_bench,deep_bench_discounted,1.880091177192639,1.880091177192639,0.94,True,9.0,1.880091177192639,,,,,,,,32.67019161591956,214.93952859258042,27.26986368464489,124.1188052104396,2025.0,WAS,canonical_source_team_frame,3.06333997988909,0.0,10.788172278875331
00-0041070,WR,2026,1.6172256957063094,0.0,0.0,4.305301258040856,False,,,,,,,0.05646831661897366,8.937610362891029,0.7693095194067289,,,1.3011574038245668,False,False,False,Reggie Virgil,ARI,rookie_rule,True,drafted,False,,,deep_bench,deep_bench_discounted,2.1636363636363636,2.1636363636363636,1.0,False,5.0,2.1636363636363636,no_data,,off_chart,0.6970851614247477,False,55.0,False,,,,,,,,3.4990883234372876,0.0,9.31510635830658
00-0035021,WR,2026,1.6130702641100894,0.0,0.0,5.721824346197211,False,,,,,,,0.04527110315703211,9.344675183968013,0.8139522535421907,,,1.1374721070531328,False,False,False,Ashton Dulin,IND,veteran_model,True,,False,ACT,2.0,starter,curated,11.484588283342237,11.484588283342237,0.97,True,3.0,11.484588283342237,,,,,,,,33.819686508835005,234.02693422664208,26.500800154053703,117.38636019360476,2025.0,IND,canonical_source_team_frame,18.5254478554065,0.0,65.71279684567885
00-0037348,TE,2026,1.6082636687284273,0.07587204194140057,0.07587204194140057,4.383862634939604,False,,,,,,,0.047729299305063796,8.437227690204145,0.9563302077552602,,,1.1496572605966218,False,False,False,Tanner Conner,NYG,veteran_model,True,,True,ACT,,deep_bench,deep_bench_discounted,4.829775944749626,4.829775944749626,1.0,False,5.0,4.829775944749626,,,,,,,,33.24318823444577,223.72200991226288,27.969267844990632,122.67699998352342,2025.0,NYG,canonical_source_team_frame,7.767553180039339,0.36644496304761115,21.17307429931801
00-0036849,WR,2026,1.6053555306736347,0.0,0.0,5.714109612760757,False,,,,,,,0.05466669795842844,9.303475306695177,0.6940156245070926,,,1.3362452671206688,False,False,False,Tutu Atwell,MIA,veteran_model,True,,True,ACT,,deep_bench,deep_bench_discounted,2.2096208522340657,2.2096208522340657,0.97,True,3.0,2.2096208522340657,,,,,,,,32.35681053457549,214.6121451327766,26.7390775924456,118.26868781082811,2025.0,MIA,canonical_source_team_frame,3.5472270558257475,0.0,12.626015752307291
00-0040629,WR,2026,1.6033689401434024,0.0,0.0,5.712123022230525,False,,,,,,,0.1004090635171128,6.911419768088071,0.619545164463837,,,0.9455045589828354,False,False,False,Dalevon Campbell,LAC,veteran_model,True,,True,ACT,,deep_bench,deep_bench_discounted,1.3019194830210379,1.3019194830210379,0.94,True,7.0,1.3019194830210379,,,,,,,,34.81078054136303,231.00756121830653,26.604787498731607,118.73875848668648,2025.0,LAC,canonical_source_team_frame,2.087457261643488,0.0,7.436724252054933
00-0040628,TE,2026,1.5883761295297798,0.0,0.0,4.363975095740956,False,,,,,,,0.05928823311490442,8.042454450006549,0.8568025716793967,,,1.3357418575219748,False,False,False,Drake Dabney,GB,veteran_model,True,,False,ACT,,deep_bench,deep_bench_discounted,4.841092198321841,4.841092198321841,1.0,False,4.0,4.841092198321841,,,,,,,,32.63743765242263,227.66151029204218,27.533819286041897,118.40278157385839,2025.0,GB,canonical_source_team_frame,7.68947528866726,0.0,21.126405789662353
00-0038488,RB,2026,1.5872587827061755,0.0,0.0,7.995364915963595,False,,1.9341102219981678,,,,,0.01264527768297289,2.905080156576611,0.4582359172996525,0.03272357957466413,7.95419664852866,0.5913648523738216,False,False,False,Brady Russell,SEA,veteran_model,True,,False,ACT,,deep_bench,deep_bench_discounted,2.094359047242567,2.094359047242567,0.86,True,,2.094359047242567,,,,,,,,32.225845759159824,233.1409897885389,27.937986411950597,119.71889503194852,2025.0,SEA,canonical_source_team_frame,3.3242897918759025,0.0,16.74516484775416
00-0034386,WR,2026,1.586692084651134,0.0,0.0,5.695446166738257,False,,,,,,,0.08071893095368562,7.863255314680516,0.6321059349219375,,,1.154021947321948,False,False,False,Justin Watson,HOU,veteran_model,True,,False,ACT,,deep_bench,deep_bench_discounted,1.0706301143789814,1.0706301143789814,0.94,True,7.0,1.0706301143789814,,,,,,,,34.321125448974,230.7196594149492,27.0161290584345,113.89625214465637,2025.0,HOU,canonical_source_team_frame,1.698760328074268,0.0,6.097716180934311
00-0040534,WR,2026,1.5865213649272283,0.0,0.0,5.6952754470143505,False,,,,,,,0.059492238623746446,7.755178160488903,0.9081002342717182,,,0.9580815758516077,False,False,False,Ke'Shawn Williams,CIN,veteran_model,True,,True,ACT,,deep_bench,deep_bench_discounted,3.540130533654514,3.540130533654514,0.94,True,7.0,3.540130533654514,,,,,,,,35.761155714222895,238.6430156013012,25.120234653951606,107.36930606582474,2025.0,CIN,canonical_source_team_frame,5.616492726274116,0.0,20.162018507548364
00-0039757,RB,2026,1.5846091511139067,0.0,0.0,7.992715284371325,False,,3.135619131846194,,,,,0.0002918217876012617,2.8011223796050957,0.34182047230630447,0.03319889790709844,9.326423588320466,0.4431879756055082,False,False,False,Terrell Jennings,NE,veteran_model,True,,False,ACT,,deep_bench,deep_bench_discounted,2.6204671130689277,2.6204671130689277,0.7,True,4.0,2.6204671130689277,,,,,,,,33.746856976402874,243.7564166874116,26.990735238510595,121.6874228230549,2025.0,NE,canonical_source_team_frame,4.152416167562063,0.0,20.94464754681842
00-0040184,WR,2026,1.5799645181911774,0.0,0.0,5.6887186002783,False,,,,,,,0.07252752766289802,7.758805235947643,0.7378376572380501,,,1.29313431404856,False,False,False,KeAndre Lambert-Smith,LAC,veteran_model,True,,False,ACT,,deep_bench,deep_bench_discounted,3.0139544190129666,3.0139544190129666,0.86,True,5.0,3.0139544190129666,,,,,,,,34.81078054136303,231.00756121830653,26.604787498731607,118.73875848668648,2025.0,LAC,canonical_source_team_frame,4.761941041485992,0.0,17.14553856383004
00-0035289,QB,2026,1.5724378485617772,-1.1468995938666982,0.0,10.911434818224318,True,5.947279161006799,1.3936526277501546,3.2970536756298965,0.13647113572324213,0.10572697995012345,17.7702307066342,,,,0.03641242955351725,4.931883946212961,,False,False,False,Gardner Minshew,ARI,veteran_model,True,,True,ACT,2.0,backup,curated,3.0833462009484633,3.0833462009484633,0.77,True,2.0,3.0833462009484633,,,,,,,,36.213963863137224,240.76907152016224,24.989656676740175,107.79270996792926,2025.0,ARI,canonical_source_team_frame,4.848370266590531,0.0,33.64373109366874
00-0039746,RB,2026,1.567817034971443,0.0,0.0,7.975923168228862,False,,1.8908218614202914,,,,,0.007722019965253653,2.9329962496158872,0.385588861924939,0.028521360689027716,8.642626951216966,0.57240098001801,False,False,False,Will Shipley,PHI,veteran_model,True,,False,ACT,,deep_bench,deep_bench_discounted,2.1000131587344733,2.1000131587344733,0.73,True,3.0,2.1000131587344733,,,,,,,,32.80438240429993,217.87396873427076,27.510207278943774,118.95507060419129,2025.0,PHI,canonical_source_team_frame,3.2924364039280962,0.0,16.74954360633576
00-0040009,WR,2026,1.564026881343986,0.0,0.0,5.672780963431109,False,,,,,,,0.052191495909666194,8.200058304483482,0.8617441508752809,,,1.1335490119408038,False,False,False,Savion Williams,GB,veteran_model,True,,False,ACT,,deep_bench,deep_bench_discounted,4.60258293987344,4.60258293987344,1.0,False,4.0,4.60258293987344,,,,,,,,32.63743765242263,227.66151029204218,27.533819286041897,118.40278157385839,2025.0,GB,canonical_source_team_frame,7.198563441577291,0.0,26.10944488392684
00-0039394,WR,2026,1.544178920143524,0.0,0.0,5.652933002230647,False,,,,,,,0.07138298426522642,7.779052064196864,0.6759516162649587,,,1.0237056435372942,False,False,False,Casey Washington,ATL,veteran_model,True,,False,ACT,,deep_bench,deep_bench_discounted,2.7673201994463184,2.7673201994463184,0.94,True,11.0,2.7673201994463184,,,,,,,,33.103579364958776,223.6760928436624,27.565529595779658,121.0212845239931,2025.0,ATL,canonical_source_team_frame,4.273237517272378,0.0,15.643475683189589
00-0038576,WR,2026,1.5199371445873484,0.0,0.0,5.628691226674471,False,,,,,,,0.08565144975560587,7.390036691206161,0.534049553866194,,,0.8517297066072932,False,False,False,Charlie Jones,CIN,veteran_model,True,,False,ACT,,deep_bench,deep_bench_discounted,2.477487359968712,2.477487359968712,0.94,True,6.0,2.477487359968712,,,,,,,,35.761155714222895,238.6430156013012,25.120234653951606,107.36930606582474,2025.0,CIN,canonical_source_team_frame,3.7656250636620925,0.0,13.945011367252787
00-0037085,RB,2026,1.512012565614632,0.0,0.0,7.9201186988720504,False,,1.514783348073887,,,,,0.024417475020301747,4.000254941476207,0.6180085267576404,0.018580067244797095,5.449975544975978,0.8346609709417637,False,False,False,Tyler Badie,DEN,veteran_model,True,,False,ACT,,deep_bench,deep_bench_discounted,2.4523443786485473,2.4523443786485473,0.7,True,5.0,2.4523443786485473,,,,,,,,34.86578769636352,230.0781619883208,26.560893200255975,117.8845379552942,2025.0,DEN,canonical_source_team_frame,3.70797551573101,0.0,19.42285856940812
00-0038547,TE,2026,1.4992668583420445,0.01507208836506635,0.01507208836506635,4.2748658245532205,False,,,,,,,0.04075362396744424,8.229249060603866,0.8636404169539847,,,1.2203270327974096,False,False,False,Luke Schoonmaker,DAL,veteran_model,True,,False,ACT,,deep_bench,deep_bench_discounted,5.470000464405863,5.470000464405863,0.83,True,3.0,5.470000464405863,,,,,,,,34.848900159202955,250.0561914085082,26.916637322594873,120.71500490898475,2025.0,DAL,canonical_source_team_frame,8.200990411399303,0.08244433035647913,23.383518045578867
00-0038728,WR,2026,1.4907715335111957,0.0,0.0,5.599525615598319,False,,,,,,,0.03522283194367821,8.674211363157484,0.8240268110667558,,,1.350453969654706,False,False,False,Jared Wayne,HOU,veteran_model,True,,False,ACT,,deep_bench,deep_bench_discounted,2.5224543304516254,2.5224543304516254,0.94,True,9.0,2.5224543304516254,,,,,,,,34.321125448974,230.7196594149492,27.0161290584345,113.89625214465637,2025.0,HOU,canonical_source_team_frame,3.760403110419326,0.0,14.124547637540783
00-0037805,TE,2026,1.4834443306527103,0.0,0.0,4.2590432968638865,False,,,,,,,0.06087310346914173,7.030148572838012,0.8303817051081173,,,1.1912425460602412,False,False,False,Jeremy Ruckert,NYJ,veteran_model,True,,False,ACT,,deep_bench,deep_bench_discounted,6.0,6.3941338870423445,0.83,True,3.0,6.0,,,,,,,,32.40798584142275,201.12864296169278,27.468730025987202,119.28333380861694,2025.0,NYJ,canonical_source_team_frame,8.900665983916262,0.0,25.55425978118332
00-0039589,WR,2026,1.4740687621904103,0.0,0.0,5.582822844277533,False,,,,,,,0.04960617846311751,9.070265174231297,0.5388103479771508,,,0.8978071893363954,False,False,False,Kameron Johnson,TB,veteran_model,True,,False,ACT,,deep_bench,deep_bench_discounted,2.665815198325546,2.665815198325546,0.94,True,6.0,2.665815198325546,,,,,,,,33.5451456097649,223.7139473344186,27.714856316659535,117.7146256375168,2025.0,TB,canonical_source_team_frame,3.9295949096241207,0.0,14.882773987834101
00-0040984,RB,2026,1.4662248417910277,0.0,0.0,3.9083422268801096,False,,1.7048765331807563,,,,,0.008391879776141071,2.359265768371425,0.32260826011248683,0.05433912620796018,6.926080989930343,0.426437342605722,False,False,False,Dontae McMillan,BAL,rookie_rule,True,udfa,False,,,deep_bench,deep_bench_discounted,0.71,0.71,1.0,False,5.0,0.71,no_data,,off_chart,0.47125636554644257,False,300.0,False,,,,,,,,1.0410196376716296,0.0,2.7749229810848774
00-0040991,RB,2026,1.4662248417910277,0.0,0.0,3.9083422268801096,False,,1.7048765331807563,,,,,0.008391879776141071,2.359265768371425,0.32260826011248683,0.05433912620796018,6.926080989930343,0.426437342605722,False,False,False,Elijah Tau-Tolliver,BAL,rookie_rule,True,udfa,False,,,deep_bench,deep_bench_discounted,0.71,0.71,1.0,False,6.0,0.71,no_data,,off_chart,0.47125636554644257,False,300.0,False,,,,,,,,1.0410196376716296,0.0,2.7749229810848774
00-0041251,QB,2026,1.4634387428571434,-0.7776000000000001,0.0,4.3478208,True,4.3847314285714285,0.6433971428571429,2.5131085714285715,0.15942857142857142,0.10469999999999999,25.37925428571429,,,,0.021840000000000002,2.172857142857143,,True,False,False,Jalon Daniels,TB,rookie_rule,True,udfa,False,,,deep_bench,deep_bench_discounted,0.5882352941176471,0.5882352941176471,1.0,False,4.0,0.5882352941176471,above_median,,off_chart,0.3,False,102.0,False,,,,,,,,0.8608463193277314,0.0,2.5575416470588235
00-0041453,QB,2026,1.4634387428571434,-0.7776000000000001,0.0,4.3478208,True,4.3847314285714285,0.6433971428571429,2.5131085714285715,0.15942857142857142,0.10469999999999999,25.37925428571429,,,,0.021840000000000002,2.172857142857143,,True,False,False,Luke Altmyer,DET,rookie_rule,True,udfa,False,,,deep_bench,deep_bench_discounted,0.5882352941176471,0.5882352941176471,1.0,False,3.0,0.5882352941176471,above_median,,off_chart,0.3,False,102.0,False,,,,,,,,0.8608463193277314,0.0,2.5575416470588235
00-0040142,RB,2026,1.4603299588730196,0.0,0.0,7.8684360921304375,False,,1.4706452138005794,,,,,0.006903131129658417,2.167279423072672,0.33082870623682875,0.04091186870603806,7.912976644331591,0.5007295172602213,False,False,False,Kaleb Johnson,PIT,veteran_model,True,,False,ACT,,deep_bench,deep_bench_discounted,1.7368467408186967,1.7368467408186967,0.73,True,3.0,1.7368467408186967,,,,,,,,33.52835881566065,220.61884747889806,26.553754211808794,113.31380639380767,2025.0,PIT,canonical_source_team_frame,2.5363693295885055,0.0,13.666267581956953
00-0041099,WR,2026,1.4574295273320352,0.0,0.0,3.879899505794145,False,,,,,,,0.05088874868716657,8.054495597769492,0.6932949508641733,,,1.1725915715260782,False,False,False,Barion Brown,NO,rookie_rule,True,drafted,False,,,deep_bench,deep_bench_discounted,2.1636363636363636,2.1636363636363636,1.0,False,6.0,2.1636363636363636,above_median,,off_chart,0.5816731451153321,False,55.0,False,,,,,,,,3.153347522772949,0.0,8.394691657990968
00-0036425,RB,2026,1.4563008618521516,0.0,0.0,7.8644069951095705,False,,1.7374881395169666,,,,,0.006600425654357216,2.478713353580871,0.35951884830050995,0.02328845845303739,8.493367976994417,0.40180870219564674,False,False,False,DeeJay Dallas,JAX,veteran_model,True,,True,ACT,,deep_bench,deep_bench_discounted,0.8664078755572471,0.8664078755572471,0.7,True,5.0,0.8664078755572471,,,,,,,,34.281611997177656,230.87870372906116,27.439030345261777,117.85703830149006,2025.0,JAX,canonical_source_team_frame,1.2617505358895107,0.0,6.813784157150436
00-0036727,RB,2026,1.4516347907246896,0.0,0.0,7.859740923982109,False,,1.774997056449681,,,,,0.009524679081352402,2.8845277208195736,0.5345691919421601,0.03252141518731675,6.4362085705963725,0.7279613899337913,False,False,False,Adam Prentice,DEN,veteran_model,True,,False,ACT,,deep_bench,deep_bench_discounted,2.938373515368245,2.938373515368245,0.86,True,,2.938373515368245,,,,,,,,34.86578769636352,230.0781619883208,26.560893200255975,117.8845379552942,2025.0,DEN,canonical_source_team_frame,4.265445223052553,0.0,23.094854568684966
00-0039796,RB,2026,1.4391555479720244,0.0,0.0,7.847261681229444,False,,1.170836172618807,,,,,0.022380537366187978,3.810420485178105,0.40976634497574244,0.04076302373196744,4.743689603774101,0.44512104670065167,False,False,False,Rasheen Ali,BAL,veteran_model,True,,False,ACT,,deep_bench,deep_bench_discounted,3.0118439733778204,3.0118439733778204,0.73,True,3.0,3.0118439733778204,,,,,,,,31.3716833460928,213.64210242557778,28.058067379544,132.6208163798309,2025.0,BAL,canonical_source_team_frame,4.334511963912797,0.0,23.634727802129603
00-0039379,WR,2026,1.4359818999020706,0.0,0.0,5.544735981989193,False,,,,,,,0.05973877871070113,7.443014471848922,0.666495560905943,,,1.0753607831950411,False,False,False,Jamari Thrash,CLE,veteran_model,True,,False,ACT,,deep_bench,deep_bench_discounted,2.8706651990807046,2.8706651990807046,0.94,True,8.0,2.8706651990807046,,,,,,,,33.8207695174603,210.10348431687345,26.544928262008405,109.302851392357,2025.0,CLE,canonical_source_team_frame,4.122223266558666,0.0,15.917080621586953
00-0040506,WR,2026,1.4322520811681336,0.0,0.0,5.541006163255256,False,,,,,,,0.09671987346719974,5.836269048881219,0.5366118709536265,,,0.8805394498078999,False,False,False,Myles Price,MIN,veteran_model,True,,False,ACT,,deep_bench,deep_bench_discounted,1.9752035517259101,1.9752035517259101,0.86,True,5.0,1.9752035517259101,,,,,,,,33.317960572598906,212.14905129671848,25.986445691358956,113.34466242181308,2025.0,MIN,canonical_source_team_frame,2.828989397690124,0.0,10.944615053796939
00-0038397,RB,2026,1.4259318884281063,0.0,0.0,7.834038021685525,False,,2.2273773174007667,,,,,0.002944140436053912,2.2932625801526227,0.289821083290679,0.05343849998464361,7.133992462433192,0.4027110580688261,False,False,False,Evan Hull,HOU,veteran_model,True,,True,ACT,,deep_bench,deep_bench_discounted,1.5221717881460592,1.5221717881460592,0.7,True,6.0,1.5221717881460592,,,,,,,,34.321125448974,230.7196594149492,27.0161290584345,113.89625214465637,2025.0,HOU,canonical_source_team_frame,2.1705132923830974,0.0,11.924751663873272
00-0040024,WR,2026,1.4237614647488759,0.0,0.0,5.532515546835999,False,,,,,,,0.03850739426559635,8.407562206249295,0.7039217570607363,,,1.0578535295336897,False,False,False,Darius Cooper,PHI,veteran_model,True,,False,ACT,,deep_bench,deep_bench_discounted,3.074821096348941,3.074821096348941,0.94,True,7.0,3.074821096348941,,,,,,,,32.80438240429993,217.87396873427076,27.510207278943774,118.95507060419129,2025.0,PHI,canonical_source_team_frame,4.377811787978512,0.0,17.011495519289827
00-0041467,WR,2026,1.4232451192266722,0.0,0.0,3.7888954019067627,False,,,,,,,0.04969513917091238,7.86557520097951,0.6770335282064935,,,1.145088115564585,False,False,False,Lewis Bond,HOU,rookie_rule,True,drafted,False,,,deep_bench,deep_bench_discounted,2.1636363636363636,2.1636363636363636,1.0,False,6.0,2.1636363636363636,no_data,,off_chart,0.6134722298298679,False,55.0,False,,,,,,,,3.0793848943268,0.0,8.197791869580087
00-0038840,WR,2026,1.4193228956013582,0.0,0.0,5.528076977688481,False,,,,,,,0.056528410291355316,7.5269185718656955,0.6549211533333131,,,1.0999979286036181,False,False,False,Brycen Tremayne,CAR,veteran_model,True,,False,ACT,,deep_bench,deep_bench_discounted,3.6752557035694093,3.6752557035694093,0.94,True,7.0,3.6752557035694093,,,,,,,,33.08175557965288,214.53923085029226,26.979775160632926,116.45258332427315,2025.0,CAR,canonical_source_team_frame,5.216374567265541,0.0,20.317096442020333
00-0041257,WR,2026,1.4128521933213847,0.0,0.0,4.481859740259741,False,,,,,,,0.03147513974995593,8.799836197993184,0.6880354700446613,,,1.2346448615722514,False,False,False,Eric Rivers Jr.,TB,rookie_rule,True,udfa,False,,,deep_bench,deep_bench_discounted,0.6584992343032159,0.6584992343032159,1.0,False,10.0,0.6584992343032159,above_median,,off_chart,1.0,False,653.0,False,,,,,,,,0.930362087485751,0.0,2.951301207215449
00-0040953,WR,2026,1.4128521933213847,0.0,0.0,4.481859740259741,False,,,,,,,0.03147513974995593,8.799836197993184,0.6880354700446613,,,1.2346448615722514,False,False,False,Jeff Caldwell,KC,rookie_rule,True,udfa,False,,,deep_bench,deep_bench_discounted,0.6584992343032159,0.6584992343032159,1.0,False,10.0,0.6584992343032159,above_median,,off_chart,1.0,False,653.0,False,,,,,,,,0.930362087485751,0.0,2.951301207215449
00-0041179,WR,2026,1.4128521933213847,0.0,0.0,4.481859740259741,False,,,,,,,0.03147513974995593,8.799836197993184,0.6880354700446613,,,1.2346448615722514,False,False,False,Chris Hilton Jr.,WAS,rookie_rule,True,udfa,False,,,deep_bench,deep_bench_discounted,0.6584992343032159,0.6584992343032159,1.0,False,12.0,0.6584992343032159,above_median,,off_chart,1.0,False,653.0,False,,,,,,,,0.930362087485751,0.0,2.951301207215449
00-0038090,WR,2026,1.4054203849011224,0.0,0.0,5.514174466988246,False,,,,,,,0.0587168849687165,7.579084938396441,0.5904211624983585,,,0.7766025859392038,False,False,False,Skyy Moore,GB,veteran_model,True,,True,ACT,,deep_bench,deep_bench_discounted,2.346408471417165,2.346408471417165,0.94,True,6.0,2.346408471417165,,,,,,,,32.63743765242263,227.66151029204218,27.533819286041897,118.40278157385839,2025.0,GB,canonical_source_team_frame,3.2976902970343667,0.0,12.938505682213451
00-0037086,TE,2026,1.4035009961761988,0.0,0.0,4.179099962387376,False,,,,,,,0.04884203719698065,6.885411406831173,0.8438152646223952,,,0.937512319649851,False,False,False,Grant Calcaterra,PHI,veteran_model,True,,False,ACT,,deep_bench,deep_bench_discounted,5.9273685119134285,5.9273685119134285,1.0,False,4.0,5.9273685119134285,,,,,,,,32.80438240429993,217.87396873427076,27.510207278943774,118.95507060419129,2025.0,PHI,canonical_source_team_frame,8.31906761117393,0.0,24.771065525193524
00-0040194,TE,2026,1.4003035952636589,0.0,0.0,4.175902561474835,False,,,,,,,0.06525771032552412,6.9166288502045585,0.6341888965801163,,,0.9622778929436644,False,False,False,Jackson Hawes,BUF,veteran_model,True,,False,ACT,,deep_bench,deep_bench_discounted,6.0,7.660548606829121,0.83,True,3.0,6.0,,,,,,,,33.21002626467289,231.99810200162543,27.995140482336904,133.52540408900225,2025.0,BUF,canonical_source_team_frame,8.401821571581953,0.0,25.05541536884901
00-0037120,RB,2026,1.3824153981916916,0.0,0.0,7.7905215314491105,False,,1.2842969287143757,,,,,0.032946175425245014,2.2346438093607652,0.3493938107802272,0.03500959355296034,5.765194979962694,0.36392073151480464,False,False,False,Tyler Goodson,ATL,veteran_model,True,,True,ACT,,deep_bench,deep_bench_discounted,1.875289471213938,1.875289471213938,0.73,True,3.0,1.875289471213938,,,,,,,,33.103579364958776,223.6760928436624,27.565529595779658,121.0212845239931,2025.0,ATL,canonical_source_team_frame,2.592429041072903,0.0,14.609483003192002
00-0039920,WR,2026,1.3812580975713447,0.0,0.0,5.490012179658468,False,,,,,,,0.055999775577663,6.158696469975467,0.8587795942156395,,,1.1792875768764681,False,False,False,Malachi Corley,CLE,veteran_model,True,,False,ACT,,deep_bench,deep_bench_discounted,4.770601813161013,4.770601813161013,0.94,True,7.0,4.770601813161013,,,,,,,,33.8207695174603,210.10348431687345,26.544928262008405,109.302851392357,2025.0,CLE,canonical_source_team_frame,6.589432384717188,0.0,26.190662058554732
00-0040120,WR,2026,1.3809624418716202,0.0,0.0,5.489716523958743,False,,,,,,,0.07853338227700465,6.539537378794191,0.5116168206603464,,,0.7644063241033033,False,False,False,Jimmy Holiday,KC,veteran_model,True,,False,ACT,,deep_bench,deep_bench_discounted,1.2928112441015083,1.2928112441015083,0.94,True,8.0,1.2928112441015083,,,,,,,,35.16438169616012,230.57945355267083,25.927946034942906,113.12705785543977,2025.0,KC,canonical_source_team_frame,1.785323772533506,0.0,7.09716724910371
00-0039397,WR,2026,1.3786686548439449,0.0,0.0,5.487422736931068,False,,,,,,,0.07516762925996548,6.857105500955463,0.4839046583772113,,,0.7816345442006767,False,False,False,Tejhaun Palmer,ARI,veteran_model,True,,False,ACT,,deep_bench,deep_bench_discounted,0.8842147932752391,0.8842147932752391,0.94,True,9.0,0.8842147932752391,,,,,,,,36.213963863137224,240.76907152016224,24.989656676740175,107.79270996792926,2025.0,ARI,canonical_source_team_frame,1.2190392196378907,0.0,4.852060360949351
00-0036980,WR,2026,1.3677361832165933,0.0,0.0,5.476490265303716,False,,,,,,,0.03151271027563589,7.722212342088142,0.8128773747079273,,,1.213866189497803,False,False,False,Elijah Moore,PHI,veteran_model,True,,True,ACT,,deep_bench,deep_bench_discounted,4.5986739286112375,4.5986739286112375,0.86,True,5.0,4.5986739286112375,,,,,,,,32.80438240429993,217.87396873427076,27.510207278943774,118.95507060419129,2025.0,PHI,canonical_source_team_frame,6.28977272697639,0.0,25.184593003345437
00-0037091,WR,2026,1.3644194604619102,0.0,0.0,5.473173542549032,False,,,,,,,0.043397656333711426,7.670807061706851,0.6739056325779127,,,1.0704558714095473,False,False,False,Bo Melton,GB,veteran_model,True,,False,ACT,,deep_bench,deep_bench_discounted,2.0865607997054294,2.0865607997054294,0.86,True,5.0,2.0865607997054294,,,,,,,,32.63743765242263,227.66151029204218,27.533819286041897,118.40278157385839,2025.0,GB,canonical_source_team_frame,2.846944160555054,0.0,11.420109363867708
00-0041149,QB,2026,1.360400897178646,-0.7228507122756825,0.0,4.041699282570766,True,4.076011106327711,0.5980968145452994,2.336165536115311,0.1482035190512312,0.09732827877477361,23.592350871211732,,,,0.020302288523792317,2.0198705419079093,,True,False,False,Haynes King,CAR,rookie_rule,True,udfa,False,,,deep_bench,deep_bench_discounted,0.5882352941176471,0.5882352941176471,1.0,False,3.0,0.5882352941176471,no_data,,off_chart,0.3011877967815344,False,102.0,False,,,,,,,,0.8002358218697918,0.0,2.3774701662180977
00-0032918,RB,2026,1.356340929134384,0.0,0.0,7.7644470623918025,False,,1.7009095158337955,,,,,0.0033305698294188524,1.8878148129634067,0.39505162387069975,0.06021668150004969,5.887501279258822,0.4279410272715411,False,False,False,C.J. Ham,MIN,veteran_model,True,,False,RET,,deep_bench,deep_bench_discounted,1.8211731196771495,1.8211731196771495,0.86,True,,1.8211731196771495,,,,,,,,33.317960572598906,212.14905129671848,25.986445691358956,113.34466242181308,2025.0,MIN,canonical_source_team_frame,2.4701316412574696,0.0,14.140402279184158
00-0041414,QB,2026,1.3550358730158731,-0.72,0.0,4.02576,True,4.0599365079365075,0.5957380952380952,2.3269523809523807,0.1476190476190476,0.09694444444444443,23.499309523809526,,,,0.02022222222222222,2.011904761904762,,True,False,False,Matthew Caldwell,LA,rookie_rule,True,udfa,False,,,deep_bench,deep_bench_discounted,0.5882352941176471,0.5882352941176471,1.0,False,4.0,0.5882352941176471,no_data,,off_chart,0.3,False,102.0,False,,,,,,,,0.7970799253034548,0.0,2.368094117647059
00-0041172,QB,2026,1.3550358730158731,-0.72,0.0,4.02576,True,4.0599365079365075,0.5957380952380952,2.3269523809523807,0.1476190476190476,0.09694444444444443,23.499309523809526,,,,0.02022222222222222,2.011904761904762,,True,False,False,Miller Moss,CHI,rookie_rule,True,udfa,False,,,deep_bench,deep_bench_discounted,0.5882352941176471,0.5882352941176471,1.0,False,4.0,0.5882352941176471,no_data,,off_chart,0.3,False,102.0,False,,,,,,,,0.7970799253034548,0.0,2.368094117647059
00-0041203,QB,2026,1.3550358730158731,-0.72,0.0,4.02576,True,4.0599365079365075,0.5957380952380952,2.3269523809523807,0.1476190476190476,0.09694444444444443,23.499309523809526,,,,0.02022222222222222,2.011904761904762,,True,False,False,Joey Aguilar,JAX,rookie_rule,True,udfa,False,,,deep_bench,deep_bench_discounted,0.5882352941176471,0.5882352941176471,1.0,False,4.0,0.5882352941176471,no_data,,off_chart,0.3,False,102.0,False,,,,,,,,0.7970799253034548,0.0,2.368094117647059
00-0041129,RB,2026,1.3547306949223654,0.033611442281670754,0.033611442281670754,3.2488414347226744,False,,1.6321676459096932,,,,,0.013618500050270326,2.3713281400171096,0.3152847314588654,0.03906368453146026,6.438624077008381,0.41372947679259825,False,False,False,Jam Miller,NE,rookie_rule,True,drafted,False,,,deep_bench,deep_bench_discounted,4.142857142857143,4.142857142857143,1.0,False,5.0,4.142857142857143,no_data,,off_chart,0.3279165100650804,False,42.0,False,,,,,,,,5.612455736106943,0.1392474037383503,13.459485943851082
00-0039062,WR,2026,1.35423506451812,0.0,0.0,5.462989146605243,False,,,,,,,0.04820263095413511,7.760168947433083,0.5780047681000021,,,0.9437404644401328,False,False,False,Jonathan Mingo,DAL,veteran_model,True,,False,ACT,,deep_bench,deep_bench_discounted,2.9721400162098828,2.9721400162098828,0.94,True,6.0,2.9721400162098828,,,,,,,,34.848900159202955,250.0561914085082,26.916637322594873,120.71500490898475,2025.0,DAL,canonical_source_team_frame,4.024976226608877,0.0,16.23676865074572
00-0041067,WR,2026,1.3494717845666993,0.0,0.0,3.5924995424019865,False,,,,,,,0.047119211747376454,7.45786629423101,0.6419397693186789,,,1.0857329365982205,False,False,False,Bryce Lance,NO,rookie_rule,True,drafted,False,,,deep_bench,deep_bench_discounted,2.1636363636363636,2.1636363636363636,1.0,False,4.0,2.1636363636363636,no_data,,off_chart,0.5816731451153321,False,55.0,False,,,,,,,,2.9197662247897673,0.0,7.772862646287934
00-0040154,WR,2026,1.3445335225431099,0.0,0.0,5.4532876046302325,False,,,,,,,0.04557583293282702,7.116591868580256,0.718838676176244,,,1.0880831050302573,False,False,False,Tai Felton,MIN,veteran_model,True,,False,ACT,,deep_bench,deep_bench_discounted,2.214376462924176,2.214376462924176,1.0,False,4.0,2.214376462924176,,,,,,,,33.317960572598906,212.14905129671848,25.986445691358956,113.34466242181308,2025.0,MIN,canonical_source_team_frame,2.9773033859319944,0.0,12.075631717249347
00-0040259,WR,2026,1.3443406486238363,0.0,0.0,5.4530947307109585,False,,,,,,,0.026407752299759033,7.997634294592974,0.7722614107319691,,,1.300345165524789,False,False,False,Gage Larvadain,CLE,veteran_model,True,,False,ACT,,deep_bench,deep_bench_discounted,3.0049101685028607,3.0049101685028607,0.94,True,9.0,3.0049101685028607,,,,,,,,33.8207695174603,210.10348431687345,26.544928262008405,109.302851392357,2025.0,CLE,canonical_source_team_frame,4.039622884981497,0.0,16.386059806122727
00-0041104,RB,2026,1.3385503068074645,0.03321000000000002,0.03321000000000002,3.210038508403362,False,,1.6126736563821906,,,,,0.01345584586580247,2.3430058987059232,0.31151909055264887,0.03859712274225292,6.361723600122153,0.40878804929400403,False,False,False,Demond Claiborne,MIN,rookie_rule,True,drafted,False,,,deep_bench,deep_bench_discounted,4.142857142857143,4.142857142857143,1.0,False,3.0,4.142857142857143,above_median,,off_chart,0.3,False,42.0,False,,,,,,,,5.545422699630925,0.1375842857142858,13.298730963385358
00-0041125,RB,2026,1.3385503068074645,0.03321000000000002,0.03321000000000002,3.210038508403362,False,,1.6126736563821906,,,,,0.01345584586580247,2.3430058987059232,0.31151909055264887,0.03859712274225292,6.361723600122153,0.40878804929400403,False,False,False,Seth McGowan,IND,rookie_rule,True,drafted,False,,,deep_bench,deep_bench_discounted,4.142857142857143,4.142857142857143,1.0,False,3.0,4.142857142857143,above_median,,off_chart,0.3,False,42.0,False,,,,,,,,5.545422699630925,0.1375842857142858,13.298730963385358
00-0040075,WR,2026,1.3359265154120954,0.0,0.0,5.444680597499218,False,,,,,,,0.060123274333232606,6.759357783950075,0.5985021820353846,,,0.779387801213294,False,False,False,LaJohntay Wester,BAL,veteran_model,True,,False,ACT,,deep_bench,deep_bench_discounted,2.433712176371657,2.433712176371657,0.94,True,7.0,2.433712176371657,,,,,,,,31.3716833460928,213.64210242557778,28.058067379544,132.6208163798309,2025.0,BAL,canonical_source_team_frame,3.251260627296175,0.0,13.250785466588356
00-0039884,WR,2026,1.333791474930808,0.0,0.0,5.442545557017931,False,,,,,,,0.07546624311343979,6.488393354066797,0.4643093616869791,,,0.9508305683521209,False,False,False,Tahj Washington,MIA,veteran_model,True,,False,ACT,,deep_bench,deep_bench_discounted,2.280084020140077,2.280084020140077,0.94,True,8.0,2.280084020140077,,,,,,,,32.35681053457549,214.6121451327766,26.7390775924456,118.26868781082811,2025.0,MIA,canonical_source_team_frame,3.0411566281887996,0.0,12.40946115344096
00-0038640,WR,2026,1.3292517540601263,0.0,0.0,5.43800583614725,False,,,,,,,0.04272776386559564,8.093299864443873,0.5271103688443302,,,0.9346735737789592,False,False,False,Jalen Brooks,ARI,veteran_model,True,,False,ACT,,deep_bench,deep_bench_discounted,2.1184024439112976,2.1184024439112976,0.94,True,8.0,2.1184024439112976,,,,,,,,36.213963863137224,240.76907152016224,24.989656676740175,107.79270996792926,2025.0,ARI,canonical_source_team_frame,2.8158901643743506,0.0,11.519884853298233
00-0038783,TE,2026,1.3270417168051738,0.0,0.0,4.10264068301635,False,,,,,,,0.03488654877158679,6.905107429498265,0.8544233624516532,,,1.1145525518426027,False,False,False,Nate Adkins,DEN,veteran_model,True,,False,ACT,,deep_bench,deep_bench_discounted,4.198919699462558,4.198919699462558,1.0,False,4.0,4.198919699462558,,,,,,,,34.86578769636352,230.0781619883208,26.560893200255975,117.8845379552942,2025.0,DEN,canonical_source_team_frame,5.572141606701858,0.0,17.22665878373388
00-0036959,WR,2026,1.3108842491876413,0.0,0.0,5.419638331274765,False,,,,,,,0.029421939890847414,7.972770324409703,0.6741511548031728,,,1.168165663282378,False,False,False,Michael Bandy,DEN,veteran_model,True,,False,ACT,,deep_bench,deep_bench_discounted,1.7400961151122807,1.7400961151122807,0.94,True,7.0,1.7400961151122807,,,,,,,,34.86578769636352,230.0781619883208,26.560893200255975,117.8845379552942,2025.0,DEN,canonical_source_team_frame,2.2810645893732935,0.0,9.430691605564823
00-0041374,WR,2026,1.3081964752975783,0.0,0.0,4.14987012987013,False,,,,,,,0.02914364791662586,8.147996479623318,0.6370698796709826,,,1.1431896866409734,False,False,False,Sincere Brown,LAC,rookie_rule,True,udfa,False,,,deep_bench,deep_bench_discounted,0.6584992343032159,0.6584992343032159,1.0,False,11.0,0.6584992343032159,no_data,,off_chart,1.0,False,653.0,False,,,,,,,,0.8614463773016212,0.0,2.7326863029772674
00-0041380,WR,2026,1.3081964752975783,0.0,0.0,4.14987012987013,False,,,,,,,0.02914364791662586,8.147996479623318,0.6370698796709826,,,1.1431896866409734,False,False,False,Devonte Ross,LAC,rookie_rule,True,udfa,False,,,deep_bench,deep_bench_discounted,0.6584992343032159,0.6584992343032159,1.0,False,10.0,0.6584992343032159,no_data,,off_chart,1.0,False,653.0,False,,,,,,,,0.8614463773016212,0.0,2.7326863029772674
00-0041407,WR,2026,1.3081964752975783,0.0,0.0,4.14987012987013,False,,,,,,,0.02914364791662586,8.147996479623318,0.6370698796709826,,,1.1431896866409734,False,False,False,Kyron Hudson,CHI,rookie_rule,True,udfa,False,,,deep_bench,deep_bench_discounted,0.6584992343032159,0.6584992343032159,1.0,False,11.0,0.6584992343032159,no_data,,off_chart,1.0,False,653.0,False,,,,,,,,0.8614463773016212,0.0,2.7326863029772674
00-0041266,WR,2026,1.3081964752975783,0.0,0.0,4.14987012987013,False,,,,,,,0.02914364791662586,8.147996479623318,0.6370698796709826,,,1.1431896866409734,False,False,False,Keelan Marion,ATL,rookie_rule,True,udfa,False,,,deep_bench,deep_bench_discounted,0.6584992343032159,0.6584992343032159,1.0,False,10.0,0.6584992343032159,no_data,,off_chart,1.0,False,653.0,False,,,,,,,,0.8614463773016212,0.0,2.7326863029772674
00-0041359,WR,2026,1.3081964752975783,0.0,0.0,4.14987012987013,False,,,,,,,0.02914364791662586,8.147996479623318,0.6370698796709826,,,1.1431896866409734,False,False,False,Wesley Grimes,SF,rookie_rule,True,udfa,False,,,deep_bench,deep_bench_discounted,0.6584992343032159,0.6584992343032159,1.0,False,14.0,0.6584992343032159,no_data,,off_chart,1.0,False,653.0,False,,,,,,,,0.8614463773016212,0.0,2.7326863029772674
00-0040967,WR,2026,1.3081964752975783,0.0,0.0,4.14987012987013,False,,,,,,,0.02914364791662586,8.147996479623318,0.6370698796709826,,,1.1431896866409734,False,False,False,Jacob De Jesus,KC,rookie_rule,True,udfa,False,,,deep_bench,deep_bench_discounted,0.6584992343032159,0.6584992343032159,1.0,False,12.0,0.6584992343032159,no_data,,off_chart,1.0,False,653.0,False,,,,,,,,0.8614463773016212,0.0,2.7326863029772674
00-0040954,WR,2026,1.3081964752975783,0.0,0.0,4.14987012987013,False,,,,,,,0.02914364791662586,8.147996479623318,0.6370698796709826,,,1.1431896866409734,False,False,False,Omari Evans,KC,rookie_rule,True,udfa,False,,,deep_bench,deep_bench_discounted,0.6584992343032159,0.6584992343032159,1.0,False,11.0,0.6584992343032159,no_data,,off_chart,1.0,False,653.0,False,,,,,,,,0.8614463773016212,0.0,2.7326863029772674
00-0040989,WR,2026,1.3081964752975783,0.0,0.0,4.14987012987013,False,,,,,,,0.02914364791662586,8.147996479623318,0.6370698796709826,,,1.1431896866409734,False,False,False,Octavian Smith,BAL,rookie_rule,True,udfa,False,,,deep_bench,deep_bench_discounted,0.6584992343032159,0.6584992343032159,1.0,False,12.0,0.6584992343032159,no_data,,off_chart,1.0,False,653.0,False,,,,,,,,0.8614463773016212,0.0,2.7326863029772674
00-0040977,WR,2026,1.3081964752975783,0.0,0.0,4.14987012987013,False,,,,,,,0.02914364791662586,8.147996479623318,0.6370698796709826,,,1.1431896866409734,False,False,False,Cortez Braham,BAL,rookie_rule,True,udfa,False,,,deep_bench,deep_bench_discounted,0.6584992343032159,0.6584992343032159,1.0,False,11.0,0.6584992343032159,no_data,,off_chart,1.0,False,653.0,False,,,,,,,,0.8614463773016212,0.0,2.7326863029772674
00-0041265,WR,2026,1.3081964752975783,0.0,0.0,4.14987012987013,False,,,,,,,0.02914364791662586,8.147996479623318,0.6370698796709826,,,1.1431896866409734,False,False,False,Squirrel White,CHI,rookie_rule,True,udfa,False,,,deep_bench,deep_bench_discounted,0.6584992343032159,0.6584992343032159,1.0,False,,0.6584992343032159,no_data,,off_chart,1.0,False,653.0,False,,,,,,,,0.8614463773016212,0.0,2.7326863029772674
00-0040948,WR,2026,1.3081964752975783,0.0,0.0,4.14987012987013,False,,,,,,,0.02914364791662586,8.147996479623318,0.6370698796709826,,,1.1431896866409734,False,False,False,J. Michael Sturdivant,GB,rookie_rule,True,udfa,False,,,deep_bench,deep_bench_discounted,0.6584992343032159,0.6584992343032159,1.0,False,9.0,0.6584992343032159,no_data,,off_chart,1.0,False,653.0,False,,,,,,,,0.8614463773016212,0.0,2.7326863029772674
00-0041020,WR,2026,1.3081964752975783,0.0,0.0,4.14987012987013,False,,,,,,,0.02914364791662586,8.147996479623318,0.6370698796709826,,,1.1431896866409734,False,False,False,Xavier Loyd,KC,rookie_rule,True,udfa,False,,,deep_bench,deep_bench_discounted,0.6584992343032159,0.6584992343032159,1.0,False,13.0,0.6584992343032159,no_data,,off_chart,1.0,False,653.0,False,,,,,,,,0.8614463773016212,0.0,2.7326863029772674
00-0041373,WR,2026,1.3081964752975783,0.0,0.0,4.14987012987013,False,,,,,,,0.02914364791662586,8.147996479623318,0.6370698796709826,,,1.1431896866409734,False,False,False,Jerand Bradley,LAC,rookie_rule,True,udfa,False,,,deep_bench,deep_bench_discounted,0.6584992343032159,0.6584992343032159,1.0,False,,0.6584992343032159,no_data,,off_chart,1.0,False,653.0,False,,,,,,,,0.8614463773016212,0.0,2.7326863029772674
00-0040919,WR,2026,1.3081964752975783,0.0,0.0,4.14987012987013,False,,,,,,,0.02914364791662586,8.147996479623318,0.6370698796709826,,,1.1431896866409734,False,False,False,Tyren Montgomery,TEN,rookie_rule,True,udfa,False,,,deep_bench,deep_bench_discounted,0.6584992343032159,0.6584992343032159,1.0,False,12.0,0.6584992343032159,no_data,,off_chart,1.0,False,653.0,False,,,,,,,,0.8614463773016212,0.0,2.7326863029772674
00-0041361,WR,2026,1.3081964752975783,0.0,0.0,4.14987012987013,False,,,,,,,0.02914364791662586,8.147996479623318,0.6370698796709826,,,1.1431896866409734,False,False,False,Will Pauling,SF,rookie_rule,True,udfa,False,,,deep_bench,deep_bench_discounted,0.6584992343032159,0.6584992343032159,1.0,False,15.0,0.6584992343032159,no_data,,off_chart,1.0,False,653.0,False,,,,,,,,0.8614463773016212,0.0,2.7326863029772674
00-0041176,WR,2026,1.3081964752975783,0.0,0.0,4.14987012987013,False,,,,,,,0.02914364791662586,8.147996479623318,0.6370698796709826,,,1.1431896866409734,False,False,False,Jaden Bradley,WAS,rookie_rule,True,udfa,False,,,deep_bench,deep_bench_discounted,0.6584992343032159,0.6584992343032159,1.0,False,11.0,0.6584992343032159,no_data,,off_chart,1.0,False,653.0,False,,,,,,,,0.8614463773016212,0.0,2.7326863029772674
00-0041158,WR,2026,1.3081964752975783,0.0,0.0,4.14987012987013,False,,,,,,,0.02914364791662586,8.147996479623318,0.6370698796709826,,,1.1431896866409734,False,False,False,Donaven McCulley,MIA,rookie_rule,True,udfa,False,,,deep_bench,deep_bench_discounted,0.6584992343032159,0.6584992343032159,1.0,False,12.0,0.6584992343032159,no_data,,off_chart,1.0,False,653.0,False,,,,,,,,0.8614463773016212,0.0,2.7326863029772674
00-0041435,WR,2026,1.3081964752975783,0.0,0.0,4.14987012987013,False,,,,,,,0.02914364791662586,8.147996479623318,0.6370698796709826,,,1.1431896866409734,False,False,False,Dean Patterson,TB,rookie_rule,True,udfa,False,,,deep_bench,deep_bench_discounted,0.6584992343032159,0.6584992343032159,1.0,False,11.0,0.6584992343032159,no_data,,off_chart,1.0,False,653.0,False,,,,,,,,0.8614463773016212,0.0,2.7326863029772674
00-0041187,WR,2026,1.3081964752975783,0.0,0.0,4.14987012987013,False,,,,,,,0.02914364791662586,8.147996479623318,0.6370698796709826,,,1.1431896866409734,False,False,False,Le'Meke Brockington,ATL,rookie_rule,True,udfa,False,,,deep_bench,deep_bench_discounted,0.6584992343032159,0.6584992343032159,1.0,False,9.0,0.6584992343032159,no_data,,off_chart,1.0,False,653.0,False,,,,,,,,0.8614463773016212,0.0,2.7326863029772674
00-0041168,WR,2026,1.3081964752975783,0.0,0.0,4.14987012987013,False,,,,,,,0.02914364791662586,8.147996479623318,0.6370698796709826,,,1.1431896866409734,False,False,False,Omari Kelly,CHI,rookie_rule,True,udfa,False,,,deep_bench,deep_bench_discounted,0.6584992343032159,0.6584992343032159,1.0,False,10.0,0.6584992343032159,no_data,,off_chart,1.0,False,653.0,False,,,,,,,,0.8614463773016212,0.0,2.7326863029772674
00-0040912,WR,2026,1.3081964752975783,0.0,0.0,4.14987012987013,False,,,,,,,0.02914364791662586,8.147996479623318,0.6370698796709826,,,1.1431896866409734,False,False,False,Hank Beatty,TEN,rookie_rule,True,udfa,False,,,deep_bench,deep_bench_discounted,0.6584992343032159,0.6584992343032159,1.0,False,13.0,0.6584992343032159,no_data,,off_chart,1.0,False,653.0,False,,,,,,,,0.8614463773016212,0.0,2.7326863029772674
00-0040986,WR,2026,1.3081964752975783,0.0,0.0,4.14987012987013,False,,,,,,,0.02914364791662586,8.147996479623318,0.6370698796709826,,,1.1431896866409734,False,False,False,Ty Pezza,BAL,rookie_rule,True,udfa,False,,,deep_bench,deep_bench_discounted,0.6584992343032159,0.6584992343032159,1.0,False,,0.6584992343032159,no_data,,off_chart,1.0,False,653.0,False,,,,,,,,0.8614463773016212,0.0,2.7326863029772674
00-0041474,WR,2026,1.3081964752975783,0.0,0.0,4.14987012987013,False,,,,,,,0.02914364791662586,8.147996479623318,0.6370698796709826,,,1.1431896866409734,False,False,False,Mante Morrow,LAC,rookie_rule,True,udfa,False,,,deep_bench,deep_bench_discounted,0.6584992343032159,0.6584992343032159,1.0,False,12.0,0.6584992343032159,no_data,,off_chart,1.0,False,653.0,False,,,,,,,,0.8614463773016212,0.0,2.7326863029772674
00-0041087,TE,2026,1.3053673656665505,0.0,0.0,3.214659062794518,False,,,,,,,0.051644117969284815,6.771725045028427,0.6366603066959978,,,0.8973040053889806,False,False,False,Joe Royer,CLE,rookie_rule,True,drafted,False,,,deep_bench,deep_bench_discounted,2.4814814814814814,2.4814814814814814,1.0,False,2.0,2.4814814814814814,no_data,,off_chart,0.5959347613773415,False,27.0,False,,,,,,,,3.2392449444318103,0.0,7.977116933601211
00-0041131,TE,2026,1.3053673656665505,0.0,0.0,3.214659062794518,False,,,,,,,0.051644117969284815,6.771725045028427,0.6366603066959978,,,0.8973040053889806,False,False,False,Carsen Ryan,CLE,rookie_rule,True,drafted,False,,,deep_bench,deep_bench_discounted,2.4814814814814814,2.4814814814814814,1.0,False,5.0,2.4814814814814814,no_data,,off_chart,0.5959347613773415,False,27.0,False,,,,,,,,3.2392449444318103,0.0,7.977116933601211
00-0036775,WR,2026,1.30357693732183,0.0,0.0,5.412331019408953,False,,,,,,,0.05475513717511232,7.109656221788772,0.5281609841845578,,,0.8301099650027334,False,False,False,Brandon Smith,PIT,veteran_model,True,,True,ACT,,deep_bench,deep_bench_discounted,0.4327440021633605,0.4327440021633605,0.94,True,11.0,0.4327440021633605,,,,,,,,33.52835881566065,220.61884747889806,26.553754211808794,113.31380639380767,2025.0,PIT,canonical_source_team_frame,0.5641151009845049,0.0,2.342153786371931
00-0034867,WR,2026,1.2983519618279011,0.0,0.0,5.407106043915023,False,,,,,,,0.059777666510817895,6.7336433745590565,0.5326432506141758,,,0.8145299455293136,False,False,False,Malik Turner,SF,veteran_model,True,,False,ACT,,deep_bench,deep_bench_discounted,1.2179791939276998,1.2179791939276998,0.94,True,10.0,1.2179791939276998,,,,,,,,34.24811794566182,240.12307936832372,26.942362571611483,112.84801793050981,2025.0,SF,canonical_source_team_frame,1.5813656759015946,0.0,6.585742660849214
00-0040039,RB,2026,1.2952650117988664,0.0,0.0,7.703371145056286,False,,1.4832810792546638,,,,,0.02210030306960402,2.1668272976840663,0.36951023316610754,0.024022342293281918,6.170912932700904,0.47139656269309055,False,False,False,Amar Johnson,LAC,veteran_model,True,,False,ACT,,deep_bench,deep_bench_discounted,1.9302625423961675,1.9302625423961675,0.7,True,5.0,1.9302625423961675,,,,,,,,34.81078054136303,231.00756121830653,26.604787498731607,118.73875848668648,2025.0,LAC,canonical_source_team_frame,2.5002015347516817,0.0,14.869528771477622
00-0040894,WR,2026,1.289511314481562,0.0,0.0,3.4328756333980435,False,,,,,,,0.04502558510121357,7.12649429079355,0.613416749589851,,,1.0374910555823467,False,False,False,Malik Benson,LV,rookie_rule,True,drafted,False,,,deep_bench,deep_bench_discounted,2.1636363636363636,2.1636363636363636,1.0,False,5.0,2.1636363636363636,no_data,,off_chart,0.5558279250700576,False,55.0,False,,,,,,,,2.790033571332834,0.0,7.427494552261221
00-0040431,WR,2026,1.2788779679567992,0.0,0.0,5.387632050043922,False,,,,,,,0.0813129054756714,5.406590842154166,0.5006829017747083,,,0.7013445836768758,False,False,False,Dalen Cambre,NYG,veteran_model,True,,False,ACT,,deep_bench,deep_bench_discounted,1.9896963557389913,1.9896963557389913,0.94,True,12.0,1.9896963557389913,,,,,,,,33.24318823444577,223.72200991226288,27.969267844990632,122.67699998352342,2025.0,NYG,canonical_source_team_frame,2.5445788322785297,0.0,10.719751856034982
00-0041319,WR,2026,1.274120555320756,0.0,0.0,4.04177425503031,False,,,,,,,0.0283845137705002,7.935757354037907,0.620475474587928,,,1.11341186578922,False,False,False,Cameron Dorner,NE,rookie_rule,True,udfa,False,,,deep_bench,deep_bench_discounted,0.6584992343032159,0.6584992343032159,1.0,False,9.0,0.6584992343032159,no_data,,off_chart,0.9739519860966824,False,653.0,False,,,,,,,,0.839007410088706,0.0,2.6615052521639098
00-0041318,WR,2026,1.274120555320756,0.0,0.0,4.04177425503031,False,,,,,,,0.0283845137705002,7.935757354037907,0.620475474587928,,,1.11341186578922,False,False,False,Kyle Dixon,NE,rookie_rule,True,udfa,False,,,deep_bench,deep_bench_discounted,0.6584992343032159,0.6584992343032159,1.0,False,8.0,0.6584992343032159,no_data,,off_chart,0.9739519860966824,False,653.0,False,,,,,,,,0.839007410088706,0.0,2.6615052521639098
00-0041322,WR,2026,1.274120555320756,0.0,0.0,4.04177425503031,False,,,,,,,0.0283845137705002,7.935757354037907,0.620475474587928,,,1.11341186578922,False,False,False,Jimmy Kibble,NE,rookie_rule,True,udfa,False,,,deep_bench,deep_bench_discounted,0.6584992343032159,0.6584992343032159,1.0,False,13.0,0.6584992343032159,no_data,,off_chart,0.9739519860966824,False,653.0,False,,,,,,,,0.839007410088706,0.0,2.6615052521639098
00-0041317,WR,2026,1.274120555320756,0.0,0.0,4.04177425503031,False,,,,,,,0.0283845137705002,7.935757354037907,0.620475474587928,,,1.11341186578922,False,False,False,Nick DeGennaro,NE,rookie_rule,True,udfa,False,,,deep_bench,deep_bench_discounted,0.6584992343032159,0.6584992343032159,1.0,False,10.0,0.6584992343032159,no_data,,off_chart,0.9739519860966824,False,653.0,False,,,,,,,,0.839007410088706,0.0,2.6615052521639098
00-0038573,WR,2026,1.2722207481291175,0.0,0.0,5.380974830216241,False,,,,,,,0.029389311436458267,7.697637232025289,0.6522423126156777,,,1.0242044425357895,False,False,False,Derius Davis,LAC,veteran_model,True,,False,ACT,,deep_bench,deep_bench_discounted,2.4025116923248677,2.4025116923248677,0.94,True,6.0,2.4025116923248677,,,,,,,,34.81078054136303,231.00756121830653,26.604787498731607,118.73875848668648,2025.0,LAC,canonical_source_team_frame,3.0565252225984954,0.0,12.927854945700338
00-0037539,TE,2026,1.2695307858878642,0.0,0.0,4.04512975209904,False,,,,,,,0.024578423028422558,6.867343789367226,0.8706517375612126,,,1.1422884254212655,False,False,False,Lucas Krull,DEN,veteran_model,True,,False,ACT,,deep_bench,deep_bench_discounted,2.3122799295561234,2.3122799295561234,1.0,False,5.0,2.3122799295561234,,,,,,,,34.86578769636352,230.0781619883208,26.560893200255975,117.8845379552942,2025.0,DEN,canonical_source_team_frame,2.9355105561621206,0.0,9.353472338228947
00-0040646,WR,2026,1.2663783360313419,0.0,0.0,5.375132418118465,False,,,,,,,0.02806100299614054,8.076886223649668,0.5806473913790637,,,0.887911540036326,False,False,False,Jalen Royals,KC,veteran_model,True,,False,ACT,,deep_bench,deep_bench_discounted,3.230923936818354,3.230923936818354,1.0,False,4.0,3.230923936818354,,,,,,,,35.16438169616012,230.57945355267083,25.927946034942906,113.12705785543977,2025.0,KC,canonical_source_team_frame,4.0915720789518595,0.0,17.36664399326727
00-0036862,WR,2026,1.2592399883503127,0.0,0.0,5.367994070437435,False,,,,,,,0.03170707285477081,8.101876444080075,0.5176198136273604,,,0.983807076120752,False,False,False,Ben Skowronek,PIT,veteran_model,True,,False,ACT,,deep_bench,deep_bench_discounted,3.6033938368691465,3.6033938368691465,0.86,True,5.0,3.6033938368691465,,,,,,,,33.52835881566065,220.61884747889806,26.553754211808794,113.31380639380767,2025.0,PIT,canonical_source_team_frame,4.537537613160692,0.0,19.342996749764374
00-0040205,RB,2026,1.2561833831196316,0.0,0.0,7.6642895163770515,False,,1.4465737781932544,,,,,0.007204438242222133,2.110551235886439,0.19448395898045032,0.04654138624696214,6.254113331056567,0.20957045363911025,False,False,False,Kalel Mullings,TEN,veteran_model,True,,False,ACT,,deep_bench,deep_bench_discounted,2.151551957490453,2.151551957490453,0.7,True,5.0,2.151551957490453,,,,,,,,33.99018441127937,212.01753019527843,25.99058571793473,108.16497271051462,2025.0,TEN,canonical_source_team_frame,2.7027438169180233,0.0,16.4901171117346
00-0036646,WR,2026,1.2541771625295701,0.0,0.0,5.362931244616693,False,,,,,,,0.061794769117128036,6.093944166996782,0.548028262254247,,,0.9781452835079619,False,False,False,Simi Fehoko,ARI,veteran_model,True,,False,ACT,,deep_bench,deep_bench_discounted,1.4887113929920395,1.4887113929920395,0.94,True,7.0,1.4887113929920395,,,,,,,,36.213963863137224,240.76907152016224,24.989656676740175,107.79270996792926,2025.0,ARI,canonical_source_team_frame,1.8671078306881999,0.0,7.983856843693848
00-0040653,WR,2026,1.25379675915513,0.0,0.0,5.3625508412422525,False,,,,,,,0.0737213066601799,5.504952288082032,0.5219473807716947,,,0.7282350718221051,False,False,False,Ricky White III,SEA,veteran_model,True,,False,ACT,,deep_bench,deep_bench_discounted,0.7622934717494325,0.7622934717494325,0.94,True,8.0,0.7622934717494325,,,,,,,,32.225845759159824,233.1409897885389,27.937986411950597,119.71889503194852,2025.0,SEA,canonical_source_team_frame,0.9557610844045511,0.0,4.087837498203396
00-0037745,RB,2026,1.2530122461465414,0.0,0.0,7.661118379403961,False,,1.4462502487642113,,,,,0.01854336515906919,2.136423960833174,0.38700538404600804,0.013983849098848257,6.507038724927151,0.5359037381694137,False,False,False,Velus Jones Jr.,SEA,veteran_model,True,,False,ACT,,deep_bench,deep_bench_discounted,1.258968858270071,1.258968858270071,0.7,True,5.0,1.258968858270071,,,,,,,,32.225845759159824,233.1409897885389,27.937986411950597,119.71889503194852,2025.0,SEA,canonical_source_team_frame,1.5775033969295285,0.0,9.645109459190062
00-0040886,RB,2026,1.2393984322291338,0.030750000000000017,0.030750000000000017,2.972257878151261,False,,1.4932163485020282,,,,,0.012459116542409695,2.169449906209188,0.28844360236356376,0.035738076613197146,5.89048481492792,0.3785074530500037,False,False,False,Nicholas Singleton,TEN,rookie_rule,True,drafted,False,,,deep_bench,deep_bench_discounted,4.142857142857143,4.142857142857143,1.0,False,3.0,4.142857142857143,no_data,,off_chart,0.3,False,42.0,False,,,,,,,,5.134650647806412,0.12739285714285722,12.313639780912368
00-0041496,RB,2026,1.2393984322291338,0.030750000000000017,0.030750000000000017,2.972257878151261,False,,1.4932163485020282,,,,,0.012459116542409695,2.169449906209188,0.28844360236356376,0.035738076613197146,5.89048481492792,0.3785074530500037,False,False,False,Jonah Coleman,DEN,rookie_rule,True,drafted,False,,,deep_bench,deep_bench_discounted,4.142857142857143,4.142857142857143,1.0,False,3.0,4.142857142857143,no_data,,off_chart,0.3,False,42.0,False,,,,,,,,5.134650647806412,0.12739285714285722,12.313639780912368
00-0036265,RB,2026,1.2358547659822134,0.0,0.0,7.643960899239633,False,,1.2502707256623944,,,,,0.009048959322068967,3.11547735481085,0.39006229438025314,0.020640970866061183,5.51136302182221,0.589170438123187,False,False,False,AJ Dillon,CAR,veteran_model,True,,True,ACT,,deep_bench,deep_bench_discounted,1.729221822684426,1.729221822684426,0.7,True,4.0,1.729221822684426,,,,,,,,33.08175557965288,214.53923085029226,26.979775160632926,116.45258332427315,2025.0,CAR,canonical_source_team_frame,2.1370670310049977,0.0,13.218103998711642
00-0041185,WR,2026,1.2297046867797234,0.0,0.0,3.9008779220779215,False,,,,,,,0.027395029041628306,7.659116690845918,0.5988456868907236,,,1.074598305442515,False,False,False,Vinny Anthony II,ATL,rookie_rule,True,udfa,False,,,deep_bench,deep_bench_discounted,0.6584992343032159,0.6584992343032159,1.0,False,6.0,0.6584992343032159,below_median,,off_chart,1.0,False,653.0,False,,,,,,,,0.8097595946635238,0.0,2.568725124798631
00-0040476,RB,2026,1.227425115536778,0.0,0.0,7.635531248794196,False,,1.3445983091559286,,,,,0.007917112657127584,2.1205403761247728,0.2417388722769872,0.0311551248554454,6.60068216710369,0.31605534507867156,False,False,False,Ulysses Bentley IV,IND,veteran_model,True,,False,ACT,,deep_bench,deep_bench_discounted,1.8964187657155218,1.8964187657155218,0.7,True,4.0,1.8964187657155218,,,,,,,,33.819686508835005,234.02693422664208,26.500800154053703,117.38636019360476,2025.0,IND,canonical_source_team_frame,2.327712022614488,0.0,14.480164746420586
00-0038824,WR,2026,1.22680121483778,0.0,0.0,5.335555296924904,False,,,,,,,0.02643794747199308,7.89423947357564,0.5574991652965151,,,0.9807495475441209,False,False,False,Ryan Miller,NYG,veteran_model,True,,True,ACT,,deep_bench,deep_bench_discounted,2.432604327332912,2.432604327332912,0.94,True,14.0,2.432604327332912,,,,,,,,33.24318823444577,223.72200991226288,27.969267844990632,122.67699998352342,2025.0,NYG,canonical_source_team_frame,2.984321943991657,0.0,12.97929490402356
00-0038590,WR,2026,1.2216141321490874,0.0,0.0,5.33036821423621,False,,,,,,,0.06561399383304405,5.769772701171695,0.5019057980673075,,,0.7567507412314046,False,False,False,Justin Shorter,LV,veteran_model,True,,False,RES,,deep_bench,deep_bench_discounted,1.4645017396156454,1.4645017396156454,0.94,True,13.0,1.4645017396156454,,,,,,,,33.852695887179124,214.57281927994063,25.407262691012978,101.26520419334778,2025.0,LV,canonical_source_team_frame,1.7890560216713955,0.0,7.806333522540871
00-0038911,WR,2026,1.214296724875646,0.0,0.0,5.323050806962769,False,,,,,,,0.06689635554529358,5.397041488026693,0.5464288856024306,,,0.8853855734995953,False,False,False,Malik Cunningham,DET,veteran_model,True,,False,ACT,,deep_bench,deep_bench_discounted,2.641485773836429,2.641485773836429,0.94,True,8.0,2.641485773836429,,,,,,,,33.92979712201368,246.18859977155995,26.79038838236451,118.19015619651694,2025.0,DET,canonical_source_team_frame,3.207547523975187,0.0,14.060762980000678
00-0041228,WR,2026,1.2128966535979344,0.0,0.0,3.8475593601034244,False,,,,,,,0.027020584215892478,7.554429208666717,0.5906604548718156,,,1.0599103204578668,False,False,False,Sahmir Hagans,IND,rookie_rule,True,udfa,False,,,deep_bench,deep_bench_discounted,0.6584992343032159,0.6584992343032159,1.0,False,10.0,0.6584992343032159,no_data,,off_chart,0.9271517516679092,False,653.0,False,,,,,,,,0.7986915176831727,0.0,2.5336148925642763
00-0041229,WR,2026,1.2128966535979344,0.0,0.0,3.8475593601034244,False,,,,,,,0.027020584215892478,7.554429208666717,0.5906604548718156,,,1.0599103204578668,False,False,False,E.J. Horton,IND,rookie_rule,True,udfa,False,,,deep_bench,deep_bench_discounted,0.6584992343032159,0.6584992343032159,1.0,False,11.0,0.6584992343032159,no_data,,off_chart,0.9271517516679092,False,653.0,False,,,,,,,,0.7986915176831727,0.0,2.5336148925642763
00-0041233,WR,2026,1.2128966535979344,0.0,0.0,3.8475593601034244,False,,,,,,,0.027020584215892478,7.554429208666717,0.5906604548718156,,,1.0599103204578668,False,False,False,Raylen Sharpe,IND,rookie_rule,True,udfa,False,,,deep_bench,deep_bench_discounted,0.6584992343032159,0.6584992343032159,1.0,False,12.0,0.6584992343032159,no_data,,off_chart,0.9271517516679092,False,653.0,False,,,,,,,,0.7986915176831727,0.0,2.5336148925642763
00-0033589,WR,2026,1.207706194605195,0.0,0.0,5.316460276692318,False,,,,,,,0.08470885925027787,4.286508454953133,0.5416043872164292,,,0.867699790988939,False,False,False,David Moore,CAR,veteran_model,True,,False,ACT,,deep_bench,deep_bench_discounted,1.0316945357271845,1.0316945357271845,0.94,True,6.0,1.0316945357271845,,,,,,,,33.08175557965288,214.53923085029226,26.979775160632926,116.45258332427315,2025.0,CAR,canonical_source_team_frame,1.2459838817380513,0.0,5.4849630168741
00-0039266,RB,2026,1.1928866203525572,0.0,0.0,7.600992753609976,False,,1.57280866348833,,,,,0.003514079727427818,2.073449479306234,0.16704227057413978,0.028683501174434953,7.088350517236873,0.2275332119220642,False,False,False,Kendall Milton,CIN,veteran_model,True,,False,ACT,,deep_bench,deep_bench_discounted,1.4893972604544492,1.4893972604544492,0.7,True,5.0,1.4893972604544492,,,,,,,,35.761155714222895,238.6430156013012,25.120234653951606,107.36930606582474,2025.0,CIN,canonical_source_team_frame,1.7766820643858654,0.0,11.320897783960818
00-0035645,WR,2026,1.1835770002541461,0.0,0.0,5.292331082341269,False,,,,,,,0.024929709579744493,7.408967887382127,0.5862039080749326,,,1.1420056077018834,False,False,False,Gunner Olszewski,NYG,veteran_model,True,,False,RES,,deep_bench,deep_bench_discounted,2.751305496844456,2.751305496844456,0.94,True,15.0,2.751305496844456,,,,,,,,33.24318823444577,223.72200991226288,27.969267844990632,122.67699998352342,2025.0,NYG,canonical_source_team_frame,3.2563819067379045,0.0,14.560819597966303
00-0036331,WR,2026,1.1815614931034732,0.0,0.0,5.290315575190596,False,,,,,,,0.052651884708415225,6.256700972782531,0.4799601751494574,,,0.8849002672033616,False,False,False,Devin Duvernay,ARI,veteran_model,True,,True,ACT,,deep_bench,deep_bench_discounted,1.5826533300016772,1.5826533300016772,0.94,True,6.0,1.5826533300016772,,,,,,,,36.213963863137224,240.76907152016224,24.989656676740175,107.79270996792926,2025.0,ARI,canonical_source_team_frame,1.8700022316619658,0.0,8.372735561835135
00-0040432,WR,2026,1.1712688899086126,0.0,0.0,5.280022971995735,False,,,,,,,0.019307279072894402,7.510839606286897,0.6086825096851126,,,0.9807573763555617,False,False,False,Beaux Collins,NYG,veteran_model,True,,False,ACT,,deep_bench,deep_bench_discounted,2.5887260398380825,2.5887260398380825,0.94,True,11.0,2.5887260398380825,,,,,,,,33.24318823444577,223.72200991226288,27.969267844990632,122.67699998352342,2025.0,NYG,canonical_source_team_frame,3.0320942749586695,0.0,13.668532958548623
00-0039737,TE,2026,1.167797309184503,0.0,0.0,3.9433962753956795,False,,,,,,,0.031918542022225126,6.092340696255196,0.7341039748512652,,,0.8882960401845681,False,False,False,Tip Reiman,ARI,veteran_model,True,,False,ACT,,deep_bench,deep_bench_discounted,1.993087435869309,1.993087435869309,0.9,True,2.0,1.993087435869309,,,,,,,,36.213963863137224,240.76907152016224,24.989656676740175,107.79270996792926,2025.0,ARI,canonical_source_team_frame,2.3275221445776197,0.0,7.859533571144958
00-0037132,WR,2026,1.149251664200456,0.0,0.0,5.258005746287579,False,,,,,,,0.04380413975344453,5.831294524354919,0.6065947464885939,,,1.0102555475799233,False,False,False,Britain Covey,PHI,veteran_model,True,,False,ACT,,deep_bench,deep_bench_discounted,1.1457109838602302,1.1457109838602302,0.94,True,8.0,1.1457109838602302,,,,,,,,32.80438240429993,217.87396873427076,27.510207278943774,118.95507060419129,2025.0,PHI,canonical_source_team_frame,1.3167102548941114,0.0,6.024154936721886
00-0041323,RB,2026,1.1451654849287758,0.0,0.0,3.052532254224804,False,,1.3315595986484383,,,,,0.006554309270582011,1.8426571769256574,0.2519667066767641,0.042440483915504104,5.409476547813113,0.3330603276645483,False,False,False,Myles Montgomery,NE,rookie_rule,True,udfa,False,,,deep_bench,deep_bench_discounted,0.71,0.71,1.0,False,6.0,0.71,no_data,,off_chart,0.36806532599567005,False,300.0,False,,,,,,,,0.8130674942994308,0.0,2.167297900499611
00-0041446,WR,2026,1.1375712564115976,0.0,0.0,3.028388044008286,False,,,,,,,0.03972032725811899,6.286796380260851,0.541139309673597,,,0.9152459465538718,False,False,False,Kendrick Law,DET,rookie_rule,True,drafted,False,,,deep_bench,deep_bench_discounted,2.1636363636363636,2.1636363636363636,1.0,False,,2.1636363636363636,no_data,,off_chart,0.4903360396839989,False,55.0,False,,,,,,,,2.4612905365996385,0.0,6.5523304952179275
00-0041201,WR,2026,1.136543144951844,0.0,0.0,3.605350218873996,False,,,,,,,0.025319601362629146,7.078867524009436,0.5534775687502509,,,0.9931875114064146,False,False,False,DT Sheffield,NYJ,rookie_rule,True,udfa,False,,,deep_bench,deep_bench_discounted,0.6584992343032159,0.6584992343032159,1.0,False,9.0,0.6584992343032159,no_data,,off_chart,0.8687862766892962,False,653.0,False,,,,,,,,0.7484127907033581,0.0,2.374120358523458
00-0041267,WR,2026,1.136543144951844,0.0,0.0,3.605350218873996,False,,,,,,,0.025319601362629146,7.078867524009436,0.5534775687502509,,,0.9931875114064146,False,False,False,Malik McClain,NYJ,rookie_rule,True,udfa,False,,,deep_bench,deep_bench_discounted,0.6584992343032159,0.6584992343032159,1.0,False,10.0,0.6584992343032159,no_data,,off_chart,0.8687862766892962,False,653.0,False,,,,,,,,0.7484127907033581,0.0,2.374120358523458
00-0041199,WR,2026,1.136543144951844,0.0,0.0,3.605350218873996,False,,,,,,,0.025319601362629146,7.078867524009436,0.5534775687502509,,,0.9931875114064146,False,False,False,Caullin Lacy,NYJ,rookie_rule,True,udfa,False,,,deep_bench,deep_bench_discounted,0.6584992343032159,0.6584992343032159,1.0,False,8.0,0.6584992343032159,no_data,,off_chart,0.8687862766892962,False,653.0,False,,,,,,,,0.7484127907033581,0.0,2.374120358523458
00-0041311,WR,2026,1.136543144951844,0.0,0.0,3.605350218873996,False,,,,,,,0.025319601362629146,7.078867524009436,0.5534775687502509,,,0.9931875114064146,False,False,False,Jalen Walthall,NYJ,rookie_rule,True,udfa,False,,,deep_bench,deep_bench_discounted,0.6584992343032159,0.6584992343032159,1.0,False,,0.6584992343032159,no_data,,off_chart,0.8687862766892962,False,653.0,False,,,,,,,,0.7484127907033581,0.0,2.374120358523458
00-0040241,WR,2026,1.1363741277212434,0.0,0.0,5.2451282098083665,False,,,,,,,0.03558488972307991,6.291151550304963,0.5874992687045351,,,0.9426200197893427,False,False,False,Dominic Lovett,DET,veteran_model,True,,False,ACT,,deep_bench,deep_bench_discounted,2.2080944285751785,2.2080944285751785,0.86,True,5.0,2.2080944285751785,,,,,,,,33.92979712201368,246.18859977155995,26.79038838236451,118.19015619651694,2025.0,DET,canonical_source_team_frame,2.5092213801982557,0.0,11.581738377240354
00-0037594,RB,2026,1.1355923963393129,0.0,0.0,7.543698529596732,False,,1.3173965550399336,,,,,0.0,2.082949363419751,0.17175095004055888,0.04800237959245391,5.534077074223349,0.24766419284027713,False,False,False,Julius Chestnut,TEN,veteran_model,True,,False,ACT,,deep_bench,deep_bench_discounted,1.940941731868129,1.940941731868129,0.7,True,6.0,1.940941731868129,,,,,,,,33.99018441127937,212.01753019527843,25.99058571793473,108.16497271051462,2025.0,TEN,canonical_source_team_frame,2.2041186724471045,0.0,14.641879288726539
00-0033455,TE,2026,1.1234217055820077,0.0,0.0,3.899020671793184,False,,,,,,,0.02945569148283842,6.256014675166224,0.6421721783367096,,,0.6752460351099072,False,False,False,Anthony Firkser,WAS,veteran_model,True,,True,ACT,,deep_bench,deep_bench_discounted,4.525826938740477,4.525826938740477,1.0,False,4.0,4.525826938740477,,,,,,,,32.67019161591956,214.93952859258042,27.26986368464489,124.1188052104396,2025.0,WAS,canonical_source_team_frame,5.084412218688823,0.0,17.646292791107584
00-0038896,RB,2026,1.1208781849826366,0.0,0.0,7.528984318240056,False,,1.4351194140823396,,,,,0.006909757197914936,2.5209259942561655,0.2548613276995454,0.02213555943161073,5.6708302193009335,0.21950957396507234,False,False,False,Jacob Saylors,DET,veteran_model,True,,False,ACT,,deep_bench,deep_bench_discounted,2.2339788781864,2.2339788781864,0.7,True,4.0,2.2339788781864,,,,,,,,33.92979712201368,246.18859977155995,26.79038838236451,118.19015619651694,2025.0,DET,canonical_source_team_frame,2.5040181902711187,0.0,16.819591941144918
00-0036567,RB,2026,1.1194642722826749,0.0,0.0,7.527570405540095,False,,1.1229026397972146,,,,,0.011557026738098452,2.1059598025344624,0.3026373525442045,0.024844171423219256,5.391424267892202,0.32303288830624094,False,False,False,Elijah Mitchell,PHI,veteran_model,True,,True,ACT,,deep_bench,deep_bench_discounted,1.5129414607531493,1.5129414607531493,0.7,True,5.0,1.5129414607531493,,,,,,,,32.80438240429993,217.87396873427076,27.510207278943774,118.95507060419129,2025.0,PHI,canonical_source_team_frame,1.6936839113683113,0.0,11.388773365280008
00-0040225,TE,2026,1.118108634525011,0.0,0.0,3.893707600736187,False,,,,,,,0.038515971530844975,6.2879414459533605,0.5164373214892101,,,0.8705085707398371,False,False,False,Thomas Fidone II,NYG,veteran_model,True,,False,ACT,,deep_bench,deep_bench_discounted,2.8689492500233014,2.8689492500233014,1.0,False,4.0,2.8689492500233014,,,,,,,,33.24318823444577,223.72200991226288,27.969267844990632,122.67699998352342,2025.0,NYG,canonical_source_team_frame,3.207796928465108,0.0,11.170849500942111
00-0034270,TE,2026,1.117150585769806,0.0,0.0,3.8927495519809825,False,,,,,,,0.05264839123418195,5.667963144519082,0.4689278478256125,,,0.5001657894036164,False,False,False,Tyler Conklin,DET,veteran_model,True,,True,ACT,,deep_bench,deep_bench_discounted,5.454511447368032,5.454511447368032,0.83,True,3.0,5.454511447368032,,,,,,,,33.92979712201368,246.18859977155995,26.79038838236451,118.19015619651694,2025.0,DET,canonical_source_team_frame,6.093510658515309,0.0,21.233046993017044
00-0032951,WR,2026,1.1086701330788489,0.0,0.0,5.2174242151659715,False,,,,,,,0.05710471456858887,5.6403333925914065,0.40401701281635005,,,0.7461714295811053,False,False,False,Laquon Treadwell,IND,veteran_model,True,,False,ACT,,deep_bench,deep_bench_discounted,0.7820362218331074,0.7820362218331074,0.94,True,7.0,0.7820362218331074,,,,,,,,33.819686508835005,234.02693422664208,26.500800154053703,117.38636019360476,2025.0,IND,canonical_source_team_frame,0.8670202021321913,0.0,4.080214720928962
00-0037093,WR,2026,1.1023216853186337,0.0,0.0,5.211075767405756,False,,,,,,,0.05018130663542644,5.652277977452352,0.4720120955216794,,,0.797147194382565,False,False,False,Dareke Young,LV,veteran_model,True,,True,ACT,,deep_bench,deep_bench_discounted,1.9929719885219546,1.9929719885219546,0.94,True,6.0,1.9929719885219546,,,,,,,,33.852695887179124,214.57281927994063,25.407262691012978,101.26520419334778,2025.0,LV,canonical_source_team_frame,2.1968962411803497,0.0,10.385528034505219
00-0040352,WR,2026,1.098710077772626,0.0,0.0,5.207464159859748,False,,,,,,,0.034163296164507785,6.136850687816069,0.5600904640079447,,,0.8472274330120587,False,False,False,Coleman Owen,IND,veteran_model,True,,False,ACT,,deep_bench,deep_bench_discounted,1.3117178541324095,1.3117178541324095,0.94,True,8.0,1.3117178541324095,,,,,,,,33.819686508835005,234.02693422664208,26.500800154053703,117.38636019360476,2025.0,IND,canonical_source_team_frame,1.4411976255295618,0.0,6.8307237132426595
00-0037708,WR,2026,1.0919603495544892,0.0,0.0,5.200714431641612,False,,,,,,,0.06526452910933161,5.257111312030654,0.3493240873908678,,,0.6618800705401011,False,False,False,Maurice Alexander,CHI,veteran_model,True,,False,ACT,,deep_bench,deep_bench_discounted,0.7770837491883715,0.7770837491883715,0.94,True,7.0,0.7770837491883715,,,,,,,,33.73805380586444,231.60768553241846,27.696271758130365,127.85601286134171,2025.0,CHI,canonical_source_team_frame,0.8485446423968471,0.0,4.041390668998135
00-0038519,WR,2026,1.0888976348415662,0.0,0.0,5.197651716928689,False,,,,,,,0.03687654984221132,6.772977714163529,0.38068112874389076,,,0.6503373536391727,False,False,False,Nikko Remigio,KC,veteran_model,True,,False,ACT,,deep_bench,deep_bench_discounted,2.82224665185682,2.82224665185682,0.94,True,6.0,2.82224665185682,,,,,,,,35.16438169616012,230.57945355267083,25.927946034942906,113.12705785543977,2025.0,KC,canonical_source_team_frame,3.0731377041464203,0.0,14.669055155619844
00-0039364,RB,2026,1.0785570442224413,0.0,0.0,7.48666317747986,False,,1.4966245318287257,,,,,0.005067204896512849,2.56302238092198,0.25318850466693393,0.008073115583745294,6.168186309152275,0.23984945087069778,False,False,False,Sione Vaki,DET,veteran_model,True,,False,ACT,,deep_bench,deep_bench_discounted,1.5492388421567296,1.5492388421567296,0.73,True,3.0,1.5492388421567296,,,,,,,,33.92979712201368,246.18859977155995,26.79038838236451,118.19015619651694,2025.0,DET,canonical_source_team_frame,1.6709424663911594,0.0,11.59862939269632
00-0036630,WR,2026,1.0603337944528703,0.0,0.0,5.169087876539994,False,,,,,,,0.032470935172081015,6.414174150320382,0.4481815367766921,,,0.9560710432568483,False,False,False,Tylan Wallace,CLE,veteran_model,True,,True,ACT,,deep_bench,deep_bench_discounted,1.9551268403349609,1.9551268403349609,0.94,True,6.0,1.9551268403349609,,,,,,,,33.8207695174603,210.10348431687345,26.544928262008405,109.302851392357,2025.0,CLE,canonical_source_team_frame,2.07308706124902,0.0,10.10622244747339
00-0035631,TE,2026,1.0524501422868426,0.0,0.0,3.828049108498019,False,,,,,,,0.05684931840418646,4.9776455031758395,0.42717936308827986,,,0.6308704025992915,False,False,False,Drew Sample,CIN,veteran_model,True,,False,ACT,1.0,starter,curated,16.7446596254095,16.7446596254095,0.9,True,2.0,16.7446596254095,,,,,,,,35.761155714222895,238.6430156013012,25.120234653951606,107.36930606582474,2025.0,CIN,canonical_source_team_frame,17.622919405306977,0.0,64.09937935115161
00-0039816,WR,2026,1.040634334554122,0.0,0.0,5.149388416641244,False,,,,,,,0.03131336415164727,5.943791335775553,0.5167500321333662,,,0.8312063210952066,False,False,False,Anthony Gould,IND,veteran_model,True,,False,ACT,,deep_bench,deep_bench_discounted,1.661171019456829,1.661171019456829,0.94,True,6.0,1.661171019456829,,,,,,,,33.819686508835005,234.02693422664208,26.500800154053703,117.38636019360476,2025.0,IND,canonical_source_team_frame,1.7286715984130496,0.0,8.554014805651121
00-0041205,WR,2026,1.0386900165590047,0.0,0.0,3.2949398315203546,False,,,,,,,0.023139655784674133,6.469397187771436,0.5058247261476329,,,0.9076768948464651,False,False,False,Brady Boyd,JAX,rookie_rule,True,udfa,False,,,deep_bench,deep_bench_discounted,0.6584992343032159,0.6584992343032159,1.0,False,10.0,0.6584992343032159,no_data,,off_chart,0.7939862521971187,False,653.0,False,,,,,,,,0.6839765805824992,0.0,2.1697153561313205
00-0041220,WR,2026,1.0386900165590047,0.0,0.0,3.2949398315203546,False,,,,,,,0.023139655784674133,6.469397187771436,0.5058247261476329,,,0.9076768948464651,False,False,False,Michael Wortham,JAX,rookie_rule,True,udfa,False,,,deep_bench,deep_bench_discounted,0.6584992343032159,0.6584992343032159,1.0,False,13.0,0.6584992343032159,no_data,,off_chart,0.7939862521971187,False,653.0,False,,,,,,,,0.6839765805824992,0.0,2.1697153561313205
00-0041216,WR,2026,1.0386900165590047,0.0,0.0,3.2949398315203546,False,,,,,,,0.023139655784674133,6.469397187771436,0.5058247261476329,,,0.9076768948464651,False,False,False,Trebor Pena,JAX,rookie_rule,True,udfa,False,,,deep_bench,deep_bench_discounted,0.6584992343032159,0.6584992343032159,1.0,False,12.0,0.6584992343032159,no_data,,off_chart,0.7939862521971187,False,653.0,False,,,,,,,,0.6839765805824992,0.0,2.1697153561313205
00-0041215,WR,2026,1.0386900165590047,0.0,0.0,3.2949398315203546,False,,,,,,,0.023139655784674133,6.469397187771436,0.5058247261476329,,,0.9076768948464651,False,False,False,Ben Patterson,JAX,rookie_rule,True,udfa,False,,,deep_bench,deep_bench_discounted,0.6584992343032159,0.6584992343032159,1.0,False,11.0,0.6584992343032159,no_data,,off_chart,0.7939862521971187,False,653.0,False,,,,,,,,0.6839765805824992,0.0,2.1697153561313205
00-0041206,WR,2026,1.0386900165590047,0.0,0.0,3.2949398315203546,False,,,,,,,0.023139655784674133,6.469397187771436,0.5058247261476329,,,0.9076768948464651,False,False,False,Alex Bullock,JAX,rookie_rule,True,udfa,False,,,deep_bench,deep_bench_discounted,0.6584992343032159,0.6584992343032159,1.0,False,,0.6584992343032159,no_data,,off_chart,0.7939862521971187,False,653.0,False,,,,,,,,0.6839765805824992,0.0,2.1697153561313205
00-0035140,WR,2026,1.0287621495144523,0.0,0.0,5.137516231601575,False,,,,,,,0.02717890176822582,5.600264661431844,0.6113245455238262,,,0.9918647213816484,False,False,False,Mecole Hardman,BUF,veteran_model,True,,False,ACT,,deep_bench,deep_bench_discounted,0.48896525867020385,0.48896525867020385,0.94,True,6.0,0.48896525867020385,,,,,,,,33.21002626467289,231.99810200162543,27.995140482336904,133.52540408900225,2025.0,BUF,canonical_source_team_frame,0.5030289505474491,0.0,2.512066953107435
00-0038953,WR,2026,1.02350350061092,0.0,0.0,5.132257582698042,False,,,,,,,0.03784970571484342,5.112169460765832,0.5703766404905524,,,0.9129044680458559,False,False,False,Dylan Drummond,ATL,veteran_model,True,,False,ACT,,deep_bench,deep_bench_discounted,2.2878185397307256,2.2878185397307256,0.86,True,5.0,2.2878185397307256,,,,,,,,33.103579364958776,223.6760928436624,27.565529595779658,121.0212845239931,2025.0,ATL,canonical_source_team_frame,2.341590284176961,0.0,11.741674048370177
00-0040390,WR,2026,1.02113166728082,0.0,0.0,5.129885749367943,False,,,,,,,0.030293289582906627,5.695321493900183,0.5396795607867241,,,0.8415037278323111,False,False,False,Jackson Meeks,DET,veteran_model,True,,False,ACT,,deep_bench,deep_bench_discounted,1.4314236400329337,1.4314236400329337,0.79,True,,1.4314236400329337,,,,,,,,33.92979712201368,246.18859977155995,26.79038838236451,118.19015619651694,2025.0,DET,canonical_source_team_frame,1.4616720081320098,0.0,7.343039732313334
00-0034487,WR,2026,1.012486962724297,0.0,0.0,5.12124104481142,False,,,,,,,0.019243158914205957,6.335970331134087,0.5268619522513048,,,0.8753253175873027,False,False,False,Trent Sherfield,BUF,veteran_model,True,,True,ACT,,deep_bench,deep_bench_discounted,1.4033815501506581,1.4033815501506581,0.94,True,8.0,1.4033815501506581,,,,,,,,33.21002626467289,231.99810200162543,27.995140482336904,133.52540408900225,2025.0,BUF,canonical_source_team_frame,1.4209055232553556,0.0,7.187055196162627
00-0036628,TE,2026,0.9900471239350486,0.0,0.0,3.7656460901462254,False,,,,,,,0.02917192305158189,4.845246896024447,0.6609817920462252,,,0.8467238266654293,False,False,False,John Bates,WAS,veteran_model,True,,False,ACT,2.0,backup,curated,15.469138323069886,15.469138323069886,0.9,True,2.0,15.469138323069886,,,,,,,,32.67019161591956,214.93952859258042,27.26986368464489,124.1188052104396,2025.0,WAS,canonical_source_team_frame,15.315175906508781,0.0,58.25130024419926
00-0038492,WR,2026,0.9898431039434449,0.0,0.0,5.098597186030568,False,,,,,,,0.02264244991401175,6.652658137765956,0.37744518136555744,,,0.6368525940017883,False,False,False,Jason Brownlee,KC,veteran_model,True,,False,ACT,,deep_bench,deep_bench_discounted,1.7173177721433965,1.7173177721433965,0.94,True,7.0,1.7173177721433965,,,,,,,,35.16438169616012,230.57945355267083,25.927946034942906,113.12705785543977,2025.0,KC,canonical_source_team_frame,1.6998751540356611,0.0,8.755911560570604
00-0034419,WR,2026,0.9772760184179496,0.0,0.0,5.086030100505072,False,,,,,,,0.0034251584671750146,6.1548886130185405,0.682472412626091,,,1.080560900302868,False,False,False,Braxton Berrios,NYG,veteran_model,True,,True,ACT,,deep_bench,deep_bench_discounted,1.9299329674921968,1.9299329674921968,0.94,True,9.0,1.9299329674921968,,,,,,,,33.24318823444577,223.72200991226288,27.969267844990632,122.67699998352342,2025.0,NYG,canonical_source_team_frame,1.8860772062843123,0.0,9.815697164622389
00-0041081,TE,2026,0.970946139149358,0.0,0.0,2.391097623394349,False,,,,,,,0.03841344457577011,5.036881157584346,0.4735547118726054,,,0.667424268899823,False,False,False,Max Bredeson,MIN,rookie_rule,True,drafted,False,,,deep_bench,deep_bench_discounted,2.4814814814814814,2.4814814814814814,1.0,False,,2.4814814814814814,no_data,,off_chart,0.44326261783690807,False,27.0,False,,,,,,,,2.4093848638150734,0.0,5.933464472867458
00-0035976,WR,2026,0.9676662179621522,0.0,0.0,5.076420300049275,False,,,,,,,0.07165808423608658,3.566662926459204,0.36210283979942476,,,0.6372594759372606,False,False,False,Dan Chisena,CAR,veteran_model,True,,False,ACT,,deep_bench,deep_bench_discounted,0.033830196514096515,0.033830196514096515,0.94,True,14.0,0.033830196514096515,,,,,,,,33.08175557965288,214.53923085029226,26.979775160632926,116.45258332427315,2025.0,CAR,canonical_source_team_frame,0.032736338313712164,0.0,0.17173629633881576
00-0033217,TE,2026,0.966048571741051,0.0,0.0,3.741647537952227,False,,,,,,,0.045127942210053104,4.603493113894615,0.4698632141825416,,,0.6542295360874953,False,False,False,Mo Alie-Cox,IND,veteran_model,True,,False,ACT,2.0,backup,curated,15.066224795757206,15.066224795757206,0.9,True,2.0,15.066224795757206,,,,,,,,33.819686508835005,234.02693422664208,26.500800154053703,117.38636019360476,2025.0,IND,canonical_source_team_frame,14.554704945470856,0.0,56.372502913279746
00-0035298,WR,2026,0.9652331968597072,0.0,0.0,5.07398727894683,False,,,,,,,0.02105879692421355,6.124860349160598,0.452788760796732,,,0.8285302643894191,False,False,False,Scott Miller,CHI,veteran_model,True,,True,ACT,,deep_bench,deep_bench_discounted,1.8989282435011867,1.8989282435011867,0.94,True,6.0,1.8989282435011867,,,,,,,,33.73805380586444,231.60768553241846,27.696271758130365,127.85601286134171,2025.0,CHI,canonical_source_team_frame,1.832908579081839,0.0,9.63513775115787
00-0040244,TE,2026,0.9460522633734924,0.0,0.0,3.7216512295846687,False,,,,,,,0.011829234373967245,5.763556026458844,0.5974425089676089,,,0.7634527469159953,False,False,False,Moliki Matavao,NO,veteran_model,True,,False,ACT,,deep_bench,deep_bench_discounted,4.583009106524509,4.583009106524509,1.0,False,4.0,4.583009106524509,,,,,,,,34.20105181449663,231.16042627321303,26.953986866698713,109.11968596923658,2025.0,NO,canonical_source_team_frame,4.335766138288839,0.0,17.056361476494672
00-0041281,RB,2026,0.9402821362646487,0.0,0.0,2.5063989325505727,False,,1.0933281874616778,,,,,0.005381667543940472,1.512984498332837,0.20688694895160167,0.03484739053470306,4.4416586348370295,0.2734719833272858,False,False,False,TJ Harden,CLE,rookie_rule,True,udfa,False,,,deep_bench,deep_bench_discounted,0.71,0.71,1.0,False,6.0,0.71,no_data,,off_chart,0.3022141826372613,False,300.0,False,,,,,,,,0.6676003167479005,0.0,1.7795432421109065
00-0041277,RB,2026,0.9402821362646487,0.0,0.0,2.5063989325505727,False,,1.0933281874616778,,,,,0.005381667543940472,1.512984498332837,0.20688694895160167,0.03484739053470306,4.4416586348370295,0.2734719833272858,False,False,False,Davon Booth,CLE,rookie_rule,True,udfa,False,,,deep_bench,deep_bench_discounted,0.71,0.71,1.0,False,5.0,0.71,no_data,,off_chart,0.3022141826372613,False,300.0,False,,,,,,,,0.6676003167479005,0.0,1.7795432421109065
00-0041376,RB,2026,0.9333931267480335,0.0,0.0,2.488035714285714,False,,1.0853178807699775,,,,,0.005342238570980563,1.5018995651989244,0.20537118458128942,0.034592079925510326,4.409116669585511,0.2714683814050442,False,False,False,Gregory Desrosiers,LAC,rookie_rule,True,udfa,False,,,deep_bench,deep_bench_discounted,0.71,0.71,1.0,False,,0.71,no_data,,off_chart,0.3,False,300.0,False,,,,,,,,0.6627091199911038,0.0,1.7665053571428568
00-0041273,RB,2026,0.9333931267480335,0.0,0.0,2.488035714285714,False,,1.0853178807699775,,,,,0.005342238570980563,1.5018995651989244,0.20537118458128942,0.034592079925510326,4.409116669585511,0.2714683814050442,False,False,False,Desmond Reid,BUF,rookie_rule,True,udfa,False,,,deep_bench,deep_bench_discounted,0.71,0.71,1.0,False,,0.71,no_data,,off_chart,0.3,False,300.0,False,,,,,,,,0.6627091199911038,0.0,1.7665053571428568
00-0041350,RB,2026,0.9333931267480335,0.0,0.0,2.488035714285714,False,,1.0853178807699775,,,,,0.005342238570980563,1.5018995651989244,0.20537118458128942,0.034592079925510326,4.409116669585511,0.2714683814050442,False,False,False,Kejon Owens,MIN,rookie_rule,True,udfa,False,,,deep_bench,deep_bench_discounted,0.71,0.71,1.0,False,6.0,0.71,no_data,,off_chart,0.3,False,300.0,False,,,,,,,,0.6627091199911038,0.0,1.7665053571428568
00-0041486,RB,2026,0.9333931267480335,0.0,0.0,2.488035714285714,False,,1.0853178807699775,,,,,0.005342238570980563,1.5018995651989244,0.20537118458128942,0.034592079925510326,4.409116669585511,0.2714683814050442,False,False,False,Anderson Castle,IND,rookie_rule,True,udfa,False,,,deep_bench,deep_bench_discounted,0.71,0.71,1.0,False,5.0,0.71,no_data,,off_chart,0.3,False,300.0,False,,,,,,,,0.6627091199911038,0.0,1.7665053571428568
00-0041139,RB,2026,0.9333931267480335,0.0,0.0,2.488035714285714,False,,1.0853178807699775,,,,,0.005342238570980563,1.5018995651989244,0.20537118458128942,0.034592079925510326,4.409116669585511,0.2714683814050442,False,False,False,Damon Bankston,NYG,rookie_rule,True,udfa,False,,,deep_bench,deep_bench_discounted,0.71,0.71,1.0,False,6.0,0.71,no_data,,off_chart,0.3,False,300.0,False,,,,,,,,0.6627091199911038,0.0,1.7665053571428568
00-0041157,RB,2026,0.9333931267480335,0.0,0.0,2.488035714285714,False,,1.0853178807699775,,,,,0.005342238570980563,1.5018995651989244,0.20537118458128942,0.034592079925510326,4.409116669585511,0.2714683814050442,False,False,False,Anthony Hankerson,MIA,rookie_rule,True,udfa,False,,,deep_bench,deep_bench_discounted,0.71,0.71,1.0,False,6.0,0.71,no_data,,off_chart,0.3,False,300.0,False,,,,,,,,0.6627091199911038,0.0,1.7665053571428568
00-0041231,RB,2026,0.9333931267480335,0.0,0.0,2.488035714285714,False,,1.0853178807699775,,,,,0.005342238570980563,1.5018995651989244,0.20537118458128942,0.034592079925510326,4.409116669585511,0.2714683814050442,False,False,False,Lincoln Pare,IND,rookie_rule,True,udfa,False,,,deep_bench,deep_bench_discounted,0.71,0.71,1.0,False,,0.71,no_data,,off_chart,0.3,False,300.0,False,,,,,,,,0.6627091199911038,0.0,1.7665053571428568
00-0041221,RB,2026,0.9333931267480335,0.0,0.0,2.488035714285714,False,,1.0853178807699775,,,,,0.005342238570980563,1.5018995651989244,0.20537118458128942,0.034592079925510326,4.409116669585511,0.2714683814050442,False,False,False,Jackson Acker,BUF,rookie_rule,True,udfa,False,,,deep_bench,deep_bench_discounted,0.71,0.71,1.0,False,,0.71,no_data,,off_chart,0.3,False,300.0,False,,,,,,,,0.6627091199911038,0.0,1.7665053571428568
00-0041161,RB,2026,0.9333931267480335,0.0,0.0,2.488035714285714,False,,1.0853178807699775,,,,,0.005342238570980563,1.5018995651989244,0.20537118458128942,0.034592079925510326,4.409116669585511,0.2714683814050442,False,False,False,Le'Veon Moss,MIA,rookie_rule,True,udfa,False,,,deep_bench,deep_bench_discounted,0.71,0.71,1.0,False,,0.71,no_data,,off_chart,0.3,False,300.0,False,,,,,,,,0.6627091199911038,0.0,1.7665053571428568
00-0041165,RB,2026,0.9333931267480335,0.0,0.0,2.488035714285714,False,,1.0853178807699775,,,,,0.005342238570980563,1.5018995651989244,0.20537118458128942,0.034592079925510326,4.409116669585511,0.2714683814050442,False,False,False,Coleman Bennett,CHI,rookie_rule,True,udfa,False,,,deep_bench,deep_bench_discounted,0.71,0.71,1.0,False,6.0,0.71,no_data,,off_chart,0.3,False,300.0,False,,,,,,,,0.6627091199911038,0.0,1.7665053571428568
00-0041415,RB,2026,0.9333931267480335,0.0,0.0,2.488035714285714,False,,1.0853178807699775,,,,,0.005342238570980563,1.5018995651989244,0.20537118458128942,0.034592079925510326,4.409116669585511,0.2714683814050442,False,False,False,Dean Connors,LA,rookie_rule,True,udfa,False,,,deep_bench,deep_bench_discounted,0.71,0.71,1.0,False,6.0,0.71,no_data,,off_chart,0.3,False,300.0,False,,,,,,,,0.6627091199911038,0.0,1.7665053571428568
00-0041436,RB,2026,0.9333931267480335,0.0,0.0,2.488035714285714,False,,1.0853178807699775,,,,,0.005342238570980563,1.5018995651989244,0.20537118458128942,0.034592079925510326,4.409116669585511,0.2714683814050442,False,False,False,DJ Herman,MIA,rookie_rule,True,udfa,False,,,deep_bench,deep_bench_discounted,0.71,0.71,1.0,False,,0.71,no_data,,off_chart,0.3,False,300.0,False,,,,,,,,0.6627091199911038,0.0,1.7665053571428568
00-0040937,RB,2026,0.9333931267480335,0.0,0.0,2.488035714285714,False,,1.0853178807699775,,,,,0.005342238570980563,1.5018995651989244,0.20537118458128942,0.034592079925510326,4.409116669585511,0.2714683814050442,False,False,False,Dominic Richardson,DAL,rookie_rule,True,udfa,False,,,deep_bench,deep_bench_discounted,0.71,0.71,1.0,False,6.0,0.71,no_data,,off_chart,0.3,False,300.0,False,,,,,,,,0.6627091199911038,0.0,1.7665053571428568
00-0041241,RB,2026,0.9333931267480335,0.0,0.0,2.488035714285714,False,,1.0853178807699775,,,,,0.005342238570980563,1.5018995651989244,0.20537118458128942,0.034592079925510326,4.409116669585511,0.2714683814050442,False,False,False,Kentrel Bullock,CIN,rookie_rule,True,udfa,False,,,deep_bench,deep_bench_discounted,0.71,0.71,1.0,False,6.0,0.71,no_data,,off_chart,0.3,False,300.0,False,,,,,,,,0.6627091199911038,0.0,1.7665053571428568
00-0041244,RB,2026,0.9333931267480335,0.0,0.0,2.488035714285714,False,,1.0853178807699775,,,,,0.005342238570980563,1.5018995651989244,0.20537118458128942,0.034592079925510326,4.409116669585511,0.2714683814050442,False,False,False,Jamal Haynes,CIN,rookie_rule,True,udfa,False,,,deep_bench,deep_bench_discounted,0.71,0.71,1.0,False,7.0,0.71,no_data,,off_chart,0.3,False,300.0,False,,,,,,,,0.6627091199911038,0.0,1.7665053571428568
00-0038496,WR,2026,0.9329791406826509,0.0,0.0,5.041733222769773,False,,,,,,,0.014446867997507482,5.7773505272583074,0.5371257599435503,,,0.7498533323574257,False,False,False,Xavier Gipson,NYG,veteran_model,True,,True,ACT,,deep_bench,deep_bench_discounted,1.6460751504033522,1.6460751504033522,0.94,True,13.0,1.6460751504033522,,,,,,,,33.24318823444577,223.72200991226288,27.969267844990632,122.67699998352342,2025.0,NYG,canonical_source_team_frame,1.5357537793223848,0.0,8.299071772964332
00-0041368,WR,2026,0.9131319347805665,0.0,0.0,2.8966435946973594,False,,,,,,,0.02034250673440984,5.687368778708296,0.44468003300655584,,,0.7979558346892865,False,False,False,Harrison Wallace III,ARI,rookie_rule,True,udfa,False,,,deep_bench,deep_bench_discounted,0.6584992343032159,0.6584992343032159,1.0,False,10.0,0.6584992343032159,below_median,,off_chart,0.7425619700383687,False,653.0,False,,,,,,,,0.6012966798708171,0.0,1.907437589157526
00-0037304,TE,2026,0.9124701591338606,0.0,0.0,3.688069125345037,False,,,,,,,0.03544516850349389,4.435087692523303,0.5125807577211339,,,0.70973683543705,False,False,False,Connor Heyward,LV,veteran_model,True,,True,ACT,,deep_bench,deep_bench_discounted,3.079208987088432,3.079208987088432,0.77,True,,3.079208987088432,,,,,,,,33.852695887179124,214.57281927994063,25.407262691012978,101.26520419334778,2025.0,LV,canonical_source_team_frame,2.809686314454995,0.0,11.35633559576581
00-0037329,RB,2026,0.91223854429288,0.0,0.0,7.320344677550299,False,,1.768235185392343,,,,,0.0060731438972962005,1.5462819566263626,0.31219322405138644,0.010532581762468095,5.018793826459647,0.3343694731603584,False,False,False,Brittain Brown,CHI,veteran_model,True,,False,ACT,,deep_bench,deep_bench_discounted,3.281894530591213,3.281894530591213,0.7,True,4.0,3.281894530591213,,,,,,,,33.73805380586444,231.60768553241846,27.696271758130365,127.85601286134171,2025.0,CHI,canonical_source_team_frame,2.993870689109293,0.0,24.024599159294823
00-0039650,WR,2026,0.9119045561930716,0.0,0.0,5.020658638280194,False,,,,,,,0.03293254898666148,5.068668940855349,0.4148847363751357,,,0.6157224462719649,False,False,False,Bryce Oliver,TEN,veteran_model,True,,False,ACT,,deep_bench,deep_bench_discounted,1.1125883274592467,1.1125883274592467,0.94,True,6.0,1.1125883274592467,,,,,,,,33.99018441127937,212.01753019527843,25.99058571793473,108.16497271051462,2025.0,TEN,canonical_source_team_frame,1.0145743649773162,0.0,5.58592619710798
00-0041510,TE,2026,0.9096483933331136,0.10941176470588235,0.10941176470588235,1.9049999999999998,False,,,,,,,0.037585335515751585,4.664590166528832,0.43535472717144164,,,0.6560935197036345,False,False,False,Max Klare,LA,rookie_rule,True,drafted,False,,,deep_bench,deep_bench_discounted,6.0,12.465116279069768,1.0,False,4.0,6.0,no_data,,off_chart,0.3,False,4.0,True,,,,,,,,5.457890359998682,0.6564705882352941,11.43
00-0036176,WR,2026,0.9000979197138861,0.0,0.0,5.008852001801008,False,,,,,,,0.04164692528171223,4.522928792299803,0.3958469775872647,,,0.6317266957008997,False,False,False,Mason Kinsey,TEN,veteran_model,True,,False,ACT,,deep_bench,deep_bench_discounted,1.0968234040732565,1.0968234040732565,0.94,True,7.0,1.0968234040732565,,,,,,,,33.99018441127937,212.01753019527843,25.99058571793473,108.16497271051462,2025.0,TEN,canonical_source_team_frame,0.9872484642998413,0.0,5.493826103114527
00-0036497,WR,2026,0.8724877308987464,0.0,0.0,4.9812418129858695,False,,,,,,,0.02992516653982635,4.545540537260746,0.4767653558674276,,,0.6810680046738474,False,False,False,Tim Jones,JAX,veteran_model,True,,False,ACT,,deep_bench,deep_bench_discounted,1.7158189839317814,1.7158189839317814,0.94,True,7.0,1.7158189839317814,,,,,,,,34.281611997177656,230.87870372906116,27.439030345261777,117.85703830149006,2025.0,JAX,canonical_source_team_frame,1.4970310119236327,0.0,8.54690926627592
00-0038752,WR,2026,0.8708813335966444,0.0,0.0,4.979635415683767,False,,,,,,,0.013126463846086003,5.863808326691576,0.4114834357019415,,,0.6215979504976578,False,False,False,Jake Bobo,SEA,veteran_model,True,,False,ACT,,deep_bench,deep_bench_discounted,2.5328039167894594,2.5328039167894594,0.86,True,5.0,2.5328039167894594,,,,,,,,32.225845759159824,233.1409897885389,27.937986411950597,119.71889503194852,2025.0,SEA,canonical_source_team_frame,2.205771652792409,0.0,12.612440085027353
00-0039912,TE,2026,0.868189439144458,0.0,0.0,3.6437884053556346,False,,,,,,,0.020288332668541374,5.156250862717182,0.46166871372298307,,,0.7369867182574621,False,False,False,Ben Sinnott,WAS,veteran_model,True,,False,ACT,,deep_bench,deep_bench_discounted,6.0,7.526716211585213,0.83,True,3.0,6.0,,,,,,,,32.67019161591956,214.93952859258042,27.26986368464489,124.1188052104396,2025.0,WAS,canonical_source_team_frame,5.2091366348667485,0.0,21.86273043213381
00-0038046,TE,2026,0.8658989951051748,0.0,0.0,3.641497961316351,False,,,,,,,0.031814276563009274,4.1992231391132995,0.5101820436315783,,,0.6651941293838357,False,False,False,Charlie Kolar,LAC,veteran_model,True,,True,ACT,2.0,backup,curated,13.037226536330648,13.037226536330648,0.83,True,3.0,13.037226536330648,,,,,,,,34.81078054136303,231.00756121830653,26.604787498731607,118.73875848668648,2025.0,LAC,canonical_source_team_frame,11.288921356767226,0.0,47.47503385326749
00-0034418,WR,2026,0.856246829234574,0.0,0.0,4.965000911321697,False,,,,,,,0.013581247458744899,5.5757493114287975,0.4343688266784495,,,0.7945795839216069,False,False,False,Cedrick Wilson Jr.,DET,veteran_model,True,,True,ACT,,deep_bench,deep_bench_discounted,1.319397774738218,1.319397774738218,0.94,True,6.0,1.319397774738218,,,,,,,,33.92979712201368,246.18859977155995,26.79038838236451,118.19015619651694,2025.0,DET,canonical_source_team_frame,1.1297301611187518,0.0,6.550811153971071
00-0041309,WR,2026,0.8548988797223359,0.0,0.0,2.7119162847554312,False,,,,,,,0.019045206454388435,5.324668881122773,0.416321505767456,,,0.7470678914626989,False,False,False,Daniel Sobkowicz,HOU,rookie_rule,True,udfa,False,,,deep_bench,deep_bench_discounted,0.6584992343032159,0.6584992343032159,1.0,False,12.0,0.6584992343032159,no_data,,off_chart,0.6534942540094142,False,653.0,False,,,,,,,,0.5629502577038352,0.0,1.7857947970058734
00-0041308,WR,2026,0.8548988797223359,0.0,0.0,2.7119162847554312,False,,,,,,,0.019045206454388435,5.324668881122773,0.416321505767456,,,0.7470678914626989,False,False,False,Treyvhon Saunders,HOU,rookie_rule,True,udfa,False,,,deep_bench,deep_bench_discounted,0.6584992343032159,0.6584992343032159,1.0,False,11.0,0.6584992343032159,no_data,,off_chart,0.6534942540094142,False,653.0,False,,,,,,,,0.5629502577038352,0.0,1.7857947970058734
00-0039021,RB,2026,0.8461294650044429,0.0,0.0,7.254235598261863,False,,1.368798727152253,,,,,0.005415012450847921,2.175039970543752,0.28209093632196314,0.010440197665815597,3.9244873908910494,0.44754482250829186,False,False,False,Roschon Johnson,CHI,veteran_model,True,,False,ACT,,deep_bench,deep_bench_discounted,1.7408610392602253,1.7408610392602253,0.73,True,3.0,1.7408610392602253,,,,,,,,33.73805380586444,231.60768553241846,27.696271758130365,127.85601286134171,2025.0,CHI,canonical_source_team_frame,1.4729938197963328,0.0,12.628616122628669
00-0040387,TE,2026,0.8403538958976874,0.0,0.0,3.6159528621088635,False,,,,,,,0.016672385473505136,5.455275540058875,0.389584058101538,,,0.6176085523818746,False,False,False,Zach Horton,DET,veteran_model,True,,False,ACT,,deep_bench,deep_bench_discounted,4.219720841702541,4.219720841702541,0.77,True,,4.219720841702541,,,,,,,,33.92979712201368,246.18859977155995,26.79038838236451,118.19015619651694,2025.0,DET,canonical_source_team_frame,3.5460588489253992,0.0,15.258311654854726
00-0041287,WR,2026,0.8395150125195621,0.0,0.0,2.6631154721923505,False,,,,,,,0.018702488813865988,5.228851702145372,0.40882981884365804,,,0.7336244380832171,False,False,False,Kole Wilson,CLE,rookie_rule,True,udfa,False,,,deep_bench,deep_bench_discounted,0.6584992343032159,0.6584992343032159,1.0,False,12.0,0.6584992343032159,no_data,,off_chart,0.6417346540614978,False,653.0,False,,,,,,,,0.5528199929301864,0.0,1.75365949929971
00-0038396,RB,2026,0.836438921191361,0.0,0.0,7.24454505444878,False,,1.0660762167504227,,,,,0.0002527189076819105,1.8496414949342632,0.2670107690604239,0.0014721803138864847,5.076199918383122,0.3244306699760984,False,False,False,Eric Gray,NYG,veteran_model,True,,False,ACT,,deep_bench,deep_bench_discounted,1.3525057957471878,1.3525057957471878,0.7,True,4.0,1.3525057957471878,,,,,,,,33.24318823444577,223.72200991226288,27.969267844990632,122.67699998352342,2025.0,NYG,canonical_source_team_frame,1.1312884886998409,0.0,9.7982891736936
00-0041443,WR,2026,0.8322514239124474,0.0,0.0,2.215580120875874,False,,,,,,,0.02905954131006725,4.599443955558765,0.39589956099233453,,,0.6695973882571017,False,False,False,Skyler Bell,BUF,rookie_rule,True,drafted,False,,,deep_bench,deep_bench_discounted,2.1636363636363636,2.1636363636363636,1.0,False,5.0,2.1636363636363636,above_median,,off_chart,0.3321589786643442,False,55.0,False,,,,,,,,1.8006894444651136,0.0,4.793709716076891
00-0039530,TE,2026,0.8303824480736123,0.0,0.0,3.6059814142847886,False,,,,,,,0.038334581140109764,3.930578867343076,0.4146341489972921,,,0.6517768476710601,False,False,False,Brevyn Spann-Ford,DAL,veteran_model,True,,False,ACT,2.0,backup,curated,15.136501110174297,15.136501110174297,0.9,True,2.0,15.136501110174297,,,,,,,,34.848900159202955,250.0561914085082,26.916637322594873,120.71500490898475,2025.0,DAL,canonical_source_team_frame,12.569084847135484,0.0,54.58194168058959
00-0038710,TE,2026,0.8160796709248573,0.0,0.0,3.5916786371360336,False,,,,,,,0.033848626146726096,3.9359847281077913,0.43877888246744323,,,0.6500511774963361,False,False,False,Blake Whiteheart,CLE,veteran_model,False,,False,ACT,2.0,backup,curated,11.205568756404011,11.205568756404011,1.0,False,4.0,11.205568756404011,,,,,,,,33.8207695174603,210.10348431687345,26.544928262008405,109.302851392357,2025.0,CLE,canonical_source_team_frame,9.144636863252048,0.0,40.246801919335276
00-0041451,WR,2026,0.8105855423342826,0.0,0.0,2.571345201853141,False,,,,,,,0.018058005886863352,5.04866682496673,0.3947416490328588,,,0.7083439297037123,False,False,False,Brock Rechsteiner,NO,rookie_rule,True,udfa,False,,,deep_bench,deep_bench_discounted,0.6584992343032159,0.6584992343032159,1.0,False,13.0,0.6584992343032159,no_data,,off_chart,0.6196206438714773,False,653.0,False,,,,,,,,0.5337699589643821,0.0,1.6932288465495413
00-0040788,WR,2026,0.8105855423342826,0.0,0.0,2.571345201853141,False,,,,,,,0.018058005886863352,5.04866682496673,0.3947416490328588,,,0.7083439297037123,False,False,False,Damien Alford,NO,rookie_rule,True,udfa,False,,,deep_bench,deep_bench_discounted,0.6584992343032159,0.6584992343032159,1.0,False,,0.6584992343032159,no_data,,off_chart,0.6196206438714773,False,653.0,False,,,,,,,,0.5337699589643821,0.0,1.6932288465495413
00-0037277,TE,2026,0.8085265408017246,0.0,0.0,3.5841255070129012,False,,,,,,,0.04713535250009124,3.432124706182338,0.36500391036588675,,,0.5411960910748574,False,False,False,Teagan Quitoriano,ARI,veteran_model,True,,True,ACT,,deep_bench,deep_bench_discounted,4.019776315734194,4.019776315734194,1.0,False,4.0,4.019776315734194,,,,,,,,36.213963863137224,240.76907152016224,24.989656676740175,107.79270996792926,2025.0,ARI,canonical_source_team_frame,3.2500958393572685,0.0,14.407382825709268
00-0041491,WR,2026,0.7891441117683884,0.0,0.0,2.5033285438608095,False,,,,,,,0.017580339485034027,4.915120600016649,0.38430002971303856,,,0.689606971798224,False,False,False,Aaron Anderson,CLE,rookie_rule,True,udfa,False,,,deep_bench,deep_bench_discounted,0.6584992343032159,0.6584992343032159,1.0,False,11.0,0.6584992343032159,below_median,,off_chart,0.6417346540614978,False,653.0,False,,,,,,,,0.5196507933543751,0.0,1.6484399293417273
00-0035039,TE,2026,0.7828535023062941,0.0,0.0,3.558452468517471,False,,,,,,,0.05731147219969805,2.9963866552329024,0.2786920071696312,,,0.33283992117687466,False,False,False,Stephen Carlson,CHI,veteran_model,True,,False,ACT,,deep_bench,deep_bench_discounted,0.6069955328574438,0.6069955328574438,1.0,False,5.0,0.6069955328574438,,,,,,,,33.73805380586444,231.60768553241846,27.696271758130365,127.85601286134171,2025.0,CHI,canonical_source_team_frame,0.4751885787817251,0.0,2.1599647522756484
00-0036825,TE,2026,0.7819283208643701,0.0,0.0,3.5575272870755468,False,,,,,,,0.038099366151127204,3.8018086216921585,0.3463025235767821,,,0.7574067501893547,False,False,False,Feleipe Franks,CAR,veteran_model,True,,True,ACT,,deep_bench,deep_bench_discounted,3.559977601343396,3.559977601343396,1.0,False,4.0,3.559977601343396,,,,,,,,33.08175557965288,214.53923085029226,26.979775160632926,116.45258332427315,2025.0,CAR,canonical_source_team_frame,2.78364730813321,0.0,12.664717458156884
00-0041005,WR,2026,0.7745691611706074,0.0,0.0,2.4570937822847196,False,,,,,,,0.017255642670262892,4.824341693022277,0.3772022716936043,,,0.6768704039192325,False,False,False,Corey Rucker,LV,rookie_rule,True,udfa,False,,,deep_bench,deep_bench_discounted,0.6584992343032159,0.6584992343032159,1.0,False,,0.6584992343032159,no_data,,off_chart,0.5920893197594148,False,653.0,False,,,,,,,,0.5100531995457291,0.0,1.6179943742456806
00-0041011,WR,2026,0.7745691611706074,0.0,0.0,2.4570937822847196,False,,,,,,,0.017255642670262892,4.824341693022277,0.3772022716936043,,,0.6768704039192325,False,False,False,E.J. Williams Jr.,LV,rookie_rule,True,udfa,False,,,deep_bench,deep_bench_discounted,0.6584992343032159,0.6584992343032159,1.0,False,11.0,0.6584992343032159,no_data,,off_chart,0.5920893197594148,False,653.0,False,,,,,,,,0.5100531995457291,0.0,1.6179943742456806
00-0041022,WR,2026,0.7745691611706074,0.0,0.0,2.4570937822847196,False,,,,,,,0.017255642670262892,4.824341693022277,0.3772022716936043,,,0.6768704039192325,False,False,False,Jonathan Brady,LV,rookie_rule,True,udfa,False,,,deep_bench,deep_bench_discounted,0.6584992343032159,0.6584992343032159,1.0,False,,0.6584992343032159,no_data,,off_chart,0.5920893197594148,False,653.0,False,,,,,,,,0.5100531995457291,0.0,1.6179943742456806
00-0040509,TE,2026,0.7584579757261928,0.0,0.0,3.5340569419373695,False,,,,,,,0.026586393310052782,3.7066692488908886,0.4565453819535744,,,0.567932007468319,False,False,False,Ben Yurosek,MIN,veteran_model,True,,False,ACT,,deep_bench,deep_bench_discounted,5.575872588216691,5.575872588216691,0.83,True,3.0,5.575872588216691,,,,,,,,33.317960572598906,212.14905129671848,25.986445691358956,113.34466242181308,2025.0,MIN,canonical_source_team_frame,4.2290650361659985,0.0,19.705451227745485
00-0039686,TE,2026,0.7565692667771222,0.0,0.0,3.5321682329882984,False,,,,,,,0.028012161513157923,3.752165047529113,0.42655958589052667,,,0.5815794589537703,False,False,False,Colson Yankoff,WAS,veteran_model,True,,False,ACT,,deep_bench,deep_bench_discounted,5.682902165436102,5.682902165436102,1.0,False,4.0,5.682902165436102,,,,,,,,32.67019161591956,214.93952859258042,27.26986368464489,124.1188052104396,2025.0,WAS,canonical_source_team_frame,4.299509124470111,0.0,20.07296649993381
00-0041069,WR,2026,0.751674478822498,0.0,0.0,2.001072013574661,False,,,,,,,0.026246053706197765,4.154134842948168,0.3575693445809893,,,0.6047682868152255,False,False,False,Colbie Young,CIN,rookie_rule,True,drafted,False,,,deep_bench,deep_bench_discounted,2.1636363636363636,2.1636363636363636,1.0,False,4.0,2.1636363636363636,above_median,,off_chart,0.3,False,55.0,False,,,,,,,,1.6263502359977684,0.0,4.3295921748251756
00-0036463,WR,2026,0.7489571244329667,0.0,0.0,4.85771120652009,False,,,,,,,0.037413372935366916,3.381642277822716,0.3726253180769873,,,0.6352509776716531,False,False,False,Chris Blair,ATL,veteran_model,True,,False,ACT,,deep_bench,deep_bench_discounted,0.16884768690424992,0.16884768690424992,0.94,True,7.0,0.16884768690424992,,,,,,,,33.103579364958776,223.6760928436624,27.565529595779658,121.0212845239931,2025.0,ATL,canonical_source_team_frame,0.12645967805096492,0.0,0.8202133008697703
00-0041152,WR,2026,0.7489105554175437,0.0,0.0,2.375699371277358,False,,,,,,,0.016684027178080273,4.66452913176274,0.3647069583455761,,,0.6544481959219082,False,False,False,Kobe Prentice,CAR,rookie_rule,True,udfa,False,,,deep_bench,deep_bench_discounted,0.6584992343032159,0.6584992343032159,1.0,False,11.0,0.6584992343032159,no_data,,off_chart,0.5724755948812562,False,653.0,False,,,,,,,,0.49315702730404865,0.0,1.5643962169207717
00-0041542,WR,2026,0.7489105554175437,0.0,0.0,2.375699371277358,False,,,,,,,0.016684027178080273,4.66452913176274,0.3647069583455761,,,0.6544481959219082,False,False,False,Malick Meiga,CAR,rookie_rule,True,udfa,False,,,deep_bench,deep_bench_discounted,0.6584992343032159,0.6584992343032159,1.0,False,10.0,0.6584992343032159,no_data,,off_chart,0.5724755948812562,False,653.0,False,,,,,,,,0.49315702730404865,0.0,1.5643962169207717
00-0039648,TE,2026,0.7419605389205606,0.0,0.0,3.5175595051317368,False,,,,,,,0.028410719587515145,3.417292350944125,0.4595339726021143,,,0.6492024308093356,False,False,False,David Martin-Robinson,TEN,veteran_model,True,,False,ACT,,deep_bench,deep_bench_discounted,5.530856690786166,5.530856690786166,1.0,False,5.0,5.530856690786166,,,,,,,,33.99018441127937,212.01753019527843,25.99058571793473,108.16497271051462,2025.0,TEN,canonical_source_team_frame,4.103677410988092,0.0,19.455117524196343
00-0038564,TE,2026,0.7361113931817922,0.0,0.0,3.5117103593929686,False,,,,,,,0.044961713866049274,2.901706438111928,0.3523409323486074,,,0.5261959436438473,False,False,False,Cameron Latu,PHI,veteran_model,True,,False,ACT,,deep_bench,deep_bench_discounted,6.0,6.000445633247802,1.0,False,6.0,6.0,,,,,,,,32.80438240429993,217.87396873427076,27.510207278943774,118.95507060419129,2025.0,PHI,canonical_source_team_frame,4.416668359090753,0.0,21.070262156357813
00-0037292,TE,2026,0.7328116689381866,0.0,0.0,3.508410635149363,False,,,,,,,0.029864996225117752,3.5064416057784062,0.40595506201927894,,,0.48519641462328117,False,False,False,Andrew Ogletree,IND,veteran_model,True,,False,ACT,,deep_bench,deep_bench_discounted,3.550333146849331,3.550333146849331,0.83,True,3.0,3.550333146849331,,,,,,,,33.819686508835005,234.02693422664208,26.500800154053703,117.38636019360476,2025.0,IND,canonical_source_team_frame,2.6017255586292225,0.0,12.456026570729499
00-0041004,WR,2026,0.7280950115003708,0.0,0.0,2.3096681553476364,False,,,,,,,0.01622030411004712,4.534881191440941,0.35457013539198806,,,0.6362581796840785,False,False,False,Chase Roberts,LV,rookie_rule,True,udfa,False,,,deep_bench,deep_bench_discounted,0.6584992343032159,0.6584992343032159,1.0,False,10.0,0.6584992343032159,below_median,,off_chart,0.5920893197594148,False,653.0,False,,,,,,,,0.47945000757298534,0.0,1.5209147117909396
00-0040488,TE,2026,0.7255645080605033,0.0,0.0,3.5011634742716797,False,,,,,,,0.03865405021486635,2.8502641284194934,0.4172275878587117,,,0.5477729865464125,False,False,False,Carter Runyon,LV,veteran_model,True,,False,ACT,,deep_bench,deep_bench_discounted,4.538014689999395,4.538014689999395,1.0,False,4.0,4.538014689999395,,,,,,,,33.852695887179124,214.57281927994063,25.407262691012978,101.26520419334778,2025.0,LV,canonical_source_team_frame,3.2926223961207484,0.0,15.888331278334201
00-0034981,TE,2026,0.721472244917676,0.0,0.0,3.497071211128852,False,,,,,,,0.021254315507514193,3.250780646281161,0.5377365744889495,,,0.5403293662777109,False,False,False,Foster Moreau,HOU,veteran_model,True,,True,ACT,2.0,backup,curated,12.47236097038573,12.47236097038573,0.9,True,2.0,12.47236097038573,,,,,,,,34.321125448974,230.7196594149492,27.0161290584345,113.89625214465637,2025.0,HOU,canonical_source_team_frame,8.998462268727796,0.0,43.61673448434305
00-0037475,TE,2026,0.7188226258043529,0.0,0.0,3.49442159201553,False,,,,,,,0.040955734612271255,2.612049989651079,0.4237664383312349,,,0.5152959591017745,False,False,False,Stone Smartt,PHI,veteran_model,True,,True,ACT,,deep_bench,deep_bench_discounted,3.9022647563963617,3.9022647563963617,1.0,False,5.0,3.9022647563963617,,,,,,,,32.80438240429993,217.87396873427076,27.510207278943774,118.95507060419129,2025.0,PHI,canonical_source_team_frame,2.805036198776616,0.0,13.636158222512668
00-0035594,RB,2026,0.7172261743397872,0.0,0.0,7.125332307597207,False,,1.2025495744914267,,,,,0.004138168198560688,1.3874560070194184,0.25107921631187907,0.008600661340143166,3.7650798824968272,0.2668998393539148,False,False,False,Travis Homer,PIT,veteran_model,True,,True,ACT,,deep_bench,deep_bench_discounted,1.2062348344906588,1.2062348344906588,0.7,True,5.0,1.2062348344906588,,,,,,,,33.52835881566065,220.61884747889806,26.553754211808794,113.31380639380767,2025.0,PIT,canonical_source_team_frame,0.8651431956971216,0.0,8.594824036745461
00-0041133,TE,2026,0.7097069241244689,0.0,0.0,1.7477576470588236,False,,,,,,,0.028078063752104674,3.6816763457769857,0.34614181406828465,,,0.4878495375468521,False,False,False,Dallen Bentley,DEN,rookie_rule,True,drafted,False,,,deep_bench,deep_bench_discounted,2.4814814814814814,2.4814814814814814,1.0,False,6.0,2.4814814814814814,above_median,,off_chart,0.3,False,27.0,False,,,,,,,,1.7611245894940524,0.0,4.337028235294118
00-0041116,TE,2026,0.7097069241244689,0.0,0.0,1.7477576470588236,False,,,,,,,0.028078063752104674,3.6816763457769857,0.34614181406828465,,,0.4878495375468521,False,False,False,Jack Endries,CIN,rookie_rule,True,drafted,False,,,deep_bench,deep_bench_discounted,2.4814814814814814,2.4814814814814814,1.0,False,5.0,2.4814814814814814,above_median,,off_chart,0.3,False,27.0,False,,,,,,,,1.7611245894940524,0.0,4.337028235294118
00-0040900,WR,2026,0.6959948877986093,0.0,0.0,1.8528444570135751,False,,,,,,,0.024301901579812744,3.8464211508779336,0.331082726463879,,,0.5599706359400236,False,False,False,Anthony Smith,DAL,rookie_rule,True,drafted,False,,,deep_bench,deep_bench_discounted,2.1636363636363636,2.1636363636363636,1.0,False,7.0,2.1636363636363636,no_data,,off_chart,0.3,False,55.0,False,,,,,,,,1.505879848146082,0.0,4.008881643356644
00-0040895,WR,2026,0.6959948877986093,0.0,0.0,1.8528444570135751,False,,,,,,,0.024301901579812744,3.8464211508779336,0.331082726463879,,,0.5599706359400236,False,False,False,Emmanuel Henderson Jr.,SEA,rookie_rule,True,drafted,False,,,deep_bench,deep_bench_discounted,2.1636363636363636,2.1636363636363636,1.0,False,6.0,2.1636363636363636,no_data,,off_chart,0.3,False,55.0,False,,,,,,,,1.505879848146082,0.0,4.008881643356644
00-0041399,WR,2026,0.6959948877986093,0.0,0.0,1.8528444570135751,False,,,,,,,0.024301901579812744,3.8464211508779336,0.331082726463879,,,0.5599706359400236,False,False,False,CJ Daniels,LA,rookie_rule,True,drafted,False,,,deep_bench,deep_bench_discounted,2.1636363636363636,2.1636363636363636,1.0,False,6.0,2.1636363636363636,no_data,,off_chart,0.3,False,55.0,False,,,,,,,,1.505879848146082,0.0,4.008881643356644
00-0036887,TE,2026,0.6914333008264529,0.0,0.0,3.467032267037629,False,,,,,,,0.026637557715755687,3.0249764823407785,0.4582206125956819,,,0.5699497902306627,False,False,False,Luke Farrell,SF,veteran_model,True,,False,ACT,,deep_bench,deep_bench_discounted,5.941559681873617,5.941559681873617,0.83,True,3.0,5.941559681873617,,,,,,,,34.24811794566182,240.12307936832372,26.942362571611483,112.84801793050981,2025.0,SF,canonical_source_team_frame,4.108192222895244,0.0,20.59957913358566
00-0041536,WR,2026,0.6833035150255937,0.0,0.0,2.1675802528018213,False,,,,,,,0.015222451243471588,4.255900959889311,0.3327574231516661,,,0.5971163704940385,False,False,False,Kyre Duplessis,DET,rookie_rule,True,udfa,False,,,deep_bench,deep_bench_discounted,0.6584992343032159,0.6584992343032159,1.0,False,,0.6584992343032159,no_data,,off_chart,0.5223248402883528,False,653.0,False,,,,,,,,0.4499548414410494,0.0,1.4273499367607705
00-0039458,TE,2026,0.6755030720250248,0.0,0.0,3.451102038236201,False,,,,,,,0.024408262377224987,3.62610712716987,0.3328855700893757,,,0.5312031142095227,False,False,False,Brenden Bates,CLE,veteran_model,True,,False,ACT,,deep_bench,deep_bench_discounted,3.3730479796911506,3.3730479796911506,1.0,False,6.0,3.3730479796911506,,,,,,,,33.8207695174603,210.10348431687345,26.544928262008405,109.302851392357,2025.0,CLE,canonical_source_team_frame,2.2785042723691755,0.0,11.64073275778063
00-0036876,TE,2026,0.6669449572065307,0.0,0.0,3.4425439234177073,False,,,,,,,0.02621530089522465,3.2582638821235,0.3676535272456657,,,0.5349208586746396,False,False,False,Kylen Granson,TEN,veteran_model,True,,True,ACT,,deep_bench,deep_bench_discounted,3.4195595853971965,3.4195595853971965,0.83,True,3.0,3.4195595853971965,,,,,,,,33.99018441127937,212.01753019527843,25.99058571793473,108.16497271051462,2025.0,TEN,canonical_source_team_frame,2.280658021347915,0.0,11.771984071473893
00-0036741,TE,2026,0.6613609085998566,0.0,0.0,3.4369598748110333,False,,,,,,,0.023046255488294726,3.301533391241032,0.38586007309197007,,,0.6051640853651791,False,False,False,Jack Stoll,CLE,veteran_model,True,,True,ACT,,deep_bench,deep_bench_discounted,4.763520899255809,4.763520899255809,0.83,True,3.0,4.763520899255809,,,,,,,,33.8207695174603,210.10348431687345,26.544928262008405,109.302851392357,2025.0,CLE,canonical_source_team_frame,3.150406510066228,0.0,16.372030193565987
00-0041077,TE,2026,0.6571360408559896,0.0,0.0,1.6182941176470589,False,,,,,,,0.025998207177874696,3.4089595794231347,0.32050167969285615,,,0.4517125347656038,False,False,False,Justin Joly,DEN,rookie_rule,True,drafted,False,,,deep_bench,deep_bench_discounted,2.4814814814814814,2.4814814814814814,1.0,False,3.0,2.4814814814814814,no_data,,off_chart,0.3,False,27.0,False,,,,,,,,1.6306709161981965,0.0,4.01576688453159
00-0040363,TE,2026,0.6537966156378949,0.0,0.0,3.4293955818490716,False,,,,,,,0.022505265168638575,2.9685063837001766,0.44382877251209163,,,0.5861835487953295,False,False,False,Keleki Latu,BUF,veteran_model,True,,False,ACT,,deep_bench,deep_bench_discounted,6.0,6.681589169491128,1.0,False,5.0,6.0,,,,,,,,33.21002626467289,231.99810200162543,27.995140482336904,133.52540408900225,2025.0,BUF,canonical_source_team_frame,3.9227796938273696,0.0,20.57637349109443
00-0039407,RB,2026,0.6368175094459768,0.0,0.0,7.044923642703395,False,,0.6865520251774601,,,,,0.006441861195101069,1.3096446086075046,0.22977902678803208,0.0,3.5231236802060386,0.21505293335899353,False,False,False,Dylan Laube,LV,veteran_model,True,,False,ACT,,deep_bench,deep_bench_discounted,1.5385990374290945,1.5385990374290945,0.73,True,3.0,1.5385990374290945,,,,,,,,33.852695887179124,214.57281927994063,25.407262691012978,101.26520419334778,2025.0,LV,canonical_source_team_frame,0.9798068070515732,0.0,10.839312735424913
00-0041352,WR,2026,0.6244402009755872,0.0,0.0,1.9808536308196603,False,,,,,,,0.013911110223775799,3.8892755448886205,0.30409197028814067,,,0.5456776647536267,False,False,False,Marcus Sanders Jr.,MIN,rookie_rule,True,udfa,False,,,deep_bench,deep_bench_discounted,0.6584992343032159,0.6584992343032159,1.0,False,12.0,0.6584992343032159,no_data,,off_chart,0.47732906544756165,False,653.0,False,,,,,,,,0.4111933942105704,0.0,1.3043905991614915
00-0041481,WR,2026,0.6244402009755872,0.0,0.0,1.9808536308196603,False,,,,,,,0.013911110223775799,3.8892755448886205,0.30409197028814067,,,0.5456776647536267,False,False,False,Terrill Davis,MIN,rookie_rule,True,udfa,False,,,deep_bench,deep_bench_discounted,0.6584992343032159,0.6584992343032159,1.0,False,11.0,0.6584992343032159,no_data,,off_chart,0.47732906544756165,False,653.0,False,,,,,,,,0.4111933942105704,0.0,1.3043905991614915
00-0040970,WR,2026,0.6244402009755872,0.0,0.0,1.9808536308196603,False,,,,,,,0.013911110223775799,3.8892755448886205,0.30409197028814067,,,0.5456776647536267,False,False,False,Michael Briscoe,MIN,rookie_rule,True,udfa,False,,,deep_bench,deep_bench_discounted,0.6584992343032159,0.6584992343032159,1.0,False,10.0,0.6584992343032159,no_data,,off_chart,0.47732906544756165,False,653.0,False,,,,,,,,0.4111933942105704,0.0,1.3043905991614915
00-0041475,WR,2026,0.6244402009755872,0.0,0.0,1.9808536308196603,False,,,,,,,0.013911110223775799,3.8892755448886205,0.30409197028814067,,,0.5456776647536267,False,False,False,Trayvon Rudolph,MIN,rookie_rule,True,udfa,False,,,deep_bench,deep_bench_discounted,0.6584992343032159,0.6584992343032159,1.0,False,9.0,0.6584992343032159,no_data,,off_chart,0.47732906544756165,False,653.0,False,,,,,,,,0.4111933942105704,0.0,1.3043905991614915
00-0041342,WR,2026,0.6244402009755872,0.0,0.0,1.9808536308196603,False,,,,,,,0.013911110223775799,3.8892755448886205,0.30409197028814067,,,0.5456776647536267,False,False,False,Dillon Bell,MIN,rookie_rule,True,udfa,False,,,deep_bench,deep_bench_discounted,0.6584992343032159,0.6584992343032159,1.0,False,6.0,0.6584992343032159,no_data,,off_chart,0.47732906544756165,False,653.0,False,,,,,,,,0.4111933942105704,0.0,1.3043905991614915
00-0041356,WR,2026,0.6244402009755872,0.0,0.0,1.9808536308196603,False,,,,,,,0.013911110223775799,3.8892755448886205,0.30409197028814067,,,0.5456776647536267,False,False,False,Luke Wysong,MIN,rookie_rule,True,udfa,False,,,deep_bench,deep_bench_discounted,0.6584992343032159,0.6584992343032159,1.0,False,,0.6584992343032159,no_data,,off_chart,0.47732906544756165,False,653.0,False,,,,,,,,0.4111933942105704,0.0,1.3043905991614915
00-0034365,TE,2026,0.6124422475229372,0.0,0.0,3.388041213734114,False,,,,,,,0.0342143693727204,2.159837818696762,0.38234449883387706,,,0.5499041803318523,False,False,False,Ian Thomas,LV,veteran_model,True,,False,ACT,,deep_bench,deep_bench_discounted,5.764607822575078,5.764607822575078,0.83,True,3.0,5.764607822575078,,,,,,,,33.852695887179124,214.57281927994063,25.407262691012978,101.26520419334778,2025.0,LV,canonical_source_team_frame,3.530489370946186,0.0,19.530728883898433
00-0039050,TE,2026,0.596659858467756,0.0,0.0,3.3722588246789327,False,,,,,,,0.02479687864579973,2.601209028279416,0.37551536753003223,,,0.4746870044376563,False,False,False,Payne Durham,TB,veteran_model,True,,False,ACT,2.0,backup,curated,15.301515636297612,15.301515636297612,0.9,True,2.0,15.301515636297612,,,,,,,,33.5451456097649,223.7139473344186,27.714856316659535,117.7146256375168,2025.0,TB,canonical_source_team_frame,9.12980015389549,0.0,51.600671135467294
00-0035544,WR,2026,0.594026998252326,0.0,0.0,4.702781080339449,False,,,,,,,0.0,4.392431449624228,0.3095677065798063,,,0.668875104016685,False,False,False,Tom Kennedy,DET,veteran_model,True,,False,ACT,,deep_bench,deep_bench_discounted,1.1585380690529343,1.1585380690529343,0.94,True,7.0,1.1585380690529343,,,,,,,,33.92979712201368,246.18859977155995,26.79038838236451,118.19015619651694,2025.0,DET,canonical_source_team_frame,0.6882028915205605,0.0,5.448350911995138
00-0038643,TE,2026,0.5905292262052134,0.0,0.0,3.36612819241639,False,,,,,,,0.03331858112949779,2.337059097492495,0.3138236593579544,,,0.4449914550941535,False,False,False,Brayden Willis,SF,veteran_model,True,,False,ACT,,deep_bench,deep_bench_discounted,6.0,6.0794718332732725,1.0,False,4.0,6.0,,,,,,,,34.24811794566182,240.12307936832372,26.942362571611483,112.84801793050981,2025.0,SF,canonical_source_team_frame,3.5431753572312807,0.0,20.19676915449834
00-0036590,TE,2026,0.5876187481805983,0.0,0.0,3.3632177143917747,False,,,,,,,0.00966746286451626,3.225365912381977,0.414154759510606,,,0.6342353845639989,False,False,False,Quintin Morris,JAX,veteran_model,True,,False,ACT,,deep_bench,deep_bench_discounted,2.90344399217985,2.90344399217985,1.0,False,4.0,2.90344399217985,,,,,,,,34.281611997177656,230.87870372906116,27.439030345261777,117.85703830149006,2025.0,JAX,canonical_source_team_frame,1.7061181240972025,0.0,9.764914267243645
00-0040945,TE,2026,0.5806298553642932,0.0,0.0,1.691305174825176,False,,,,,,,0.020858450187191808,3.117000041284107,0.2875583002254633,,,0.4824194885531446,False,False,False,RJ Maryland,GB,rookie_rule,True,udfa,False,,,deep_bench,deep_bench_discounted,0.837037037037037,0.837037037037037,1.0,False,7.0,0.837037037037037,above_median,,off_chart,1.0,False,270.0,False,,,,,,,,0.4860086937493714,0.0,1.4156850722610732
00-0038589,TE,2026,0.5735572378406157,0.0,0.0,3.349156204051792,False,,,,,,,0.01870974262661469,2.843718444200102,0.3538538753218349,,,0.4579927319394658,False,False,False,Josh Whyle,GB,veteran_model,True,,False,ACT,2.0,backup,curated,10.49383053172821,10.49383053172821,0.83,True,3.0,10.49383053172821,,,,,,,,32.63743765242263,227.66151029204218,27.533819286041897,118.40278157385839,2025.0,GB,canonical_source_team_frame,6.018812454145553,0.0,35.14547762960565
00-0033576,TE,2026,0.5728738250490346,0.0,0.0,3.3484727912602112,False,,,,,,,0.03222609742625461,2.490080760449818,0.2610183288930502,,,0.43356091453901885,False,False,False,Eric Saubert,SEA,veteran_model,True,,False,ACT,2.0,backup,curated,10.435346896157357,10.435346896157357,0.83,True,3.0,10.435346896157357,,,,,,,,32.225845759159824,233.1409897885389,27.937986411950597,119.71889503194852,2025.0,SEA,canonical_source_team_frame,5.978137092115237,0.0,34.942475149144606
00-0036534,TE,2026,0.558634774965299,0.0,0.0,3.3342337411764755,False,,,,,,,0.01142402328838887,3.0283763842101115,0.37450599362790926,,,0.3584768280218659,False,False,False,Shane Zylstra,BUF,veteran_model,True,,True,ACT,,deep_bench,deep_bench_discounted,3.940497163836009,3.940497163836009,1.0,False,4.0,3.940497163836009,,,,,,,,33.21002626467289,231.99810200162543,27.995140482336904,133.52540408900225,2025.0,BUF,canonical_source_team_frame,2.2012987463709277,0.0,13.138538600672227
00-0033246,TE,2026,0.5581041722635357,0.0,0.0,3.333703138474712,False,,,,,,,0.03185565964139548,2.288762257009048,0.2761879774285159,,,0.39734192110511884,False,False,False,Johnny Mundt,PHI,veteran_model,True,,True,ACT,2.0,backup,curated,12.354252336153431,12.354252336153431,0.83,True,3.0,12.354252336153431,,,,,,,,32.80438240429993,217.87396873427076,27.510207278943774,118.95507060419129,2025.0,PHI,canonical_source_team_frame,6.8949597740037625,0.0,41.18540978654324
00-0040566,TE,2026,0.5547799338103363,0.0,0.0,3.330378900021513,False,,,,,,,0.031184240893807374,2.580375873131509,0.21927380226868246,,,0.4268777527203206,False,False,False,CJ Dippre,NE,veteran_model,True,,False,ACT,,deep_bench,deep_bench_discounted,3.376317109339703,3.376317109339703,0.83,True,3.0,3.376317109339703,,,,,,,,33.746856976402874,243.7564166874116,26.990735238510595,121.6874228230549,2025.0,NE,canonical_source_team_frame,1.8731129824421864,0.0,11.244415260726575
00-0034798,TE,2026,0.5470192653874775,0.0,0.0,3.322618231598654,False,,,,,,,0.04074351432392738,1.9739650114145415,0.210323356604918,,,0.32726214383727326,False,False,False,Durham Smythe,BAL,veteran_model,True,,True,ACT,2.0,backup,curated,12.423272160476085,12.423272160476085,0.9,True,2.0,12.423272160476085,,,,,,,,31.3716833460928,213.64210242557778,28.058067379544,132.6208163798309,2025.0,BAL,canonical_source_team_frame,6.795769210932328,0.0,41.27779057650984
00-0039754,TE,2026,0.5459251974776301,0.0,0.0,3.3215241636888067,False,,,,,,,0.013574800468982863,2.570760979959907,0.4148005933354846,,,0.4684238158862035,False,False,False,Devin Culp,TB,veteran_model,True,,False,ACT,,deep_bench,deep_bench_discounted,3.498721798279714,3.498721798279714,1.0,False,5.0,3.498721798279714,,,,,,,,33.5451456097649,223.7139473344186,27.714856316659535,117.7146256375168,2025.0,TB,canonical_source_team_frame,1.910040388645142,0.0,11.621088995010824
00-0036145,TE,2026,0.5453707142627036,0.0,0.0,3.3209696804738797,False,,,,,,,0.02976955001458475,2.38245385501163,0.2570160573480642,,,0.34385092820373336,False,False,False,Lawrence Cager,WAS,veteran_model,True,,False,ACT,,deep_bench,deep_bench_discounted,1.8773469170245347,1.8773469170245347,1.0,False,5.0,1.8773469170245347,,,,,,,,32.67019161591956,214.93952859258042,27.26986368464489,124.1188052104396,2025.0,WAS,canonical_source_team_frame,1.0238500290565549,0.0,6.234612191169592
00-0038498,TE,2026,0.5443591690119751,0.0,0.0,3.3199581352231515,False,,,,,,,0.031179903911495062,2.055851398675337,0.30338921135094216,,,0.33792235953202493,False,False,False,E.J. Jenkins,PHI,veteran_model,True,,False,ACT,,deep_bench,deep_bench_discounted,0.8417088589723564,0.8417088589723564,1.0,False,7.0,0.8417088589723564,,,,,,,,32.80438240429993,217.87396873427076,27.510207278943774,118.95507060419129,2025.0,PHI,canonical_source_team_frame,0.45819193502020966,0.0,2.794438173834671
00-0041180,TE,2026,0.5376202364484196,0.0,0.0,1.566023310023311,False,,,,,,,0.019313379802955378,2.8861111493371356,0.2662576853939475,,,0.446684711623282,False,False,False,Quentin Moore,WAS,rookie_rule,True,udfa,False,,,deep_bench,deep_bench_discounted,0.837037037037037,0.837037037037037,1.0,False,6.0,0.837037037037037,no_data,,off_chart,1.0,False,270.0,False,,,,,,,,0.4500080497679364,0.0,1.3108195113528454
00-0041384,TE,2026,0.5376202364484196,0.0,0.0,1.566023310023311,False,,,,,,,0.019313379802955378,2.8861111493371356,0.2662576853939475,,,0.446684711623282,False,False,False,Evan Svoboda,LAC,rookie_rule,True,udfa,False,,,deep_bench,deep_bench_discounted,0.837037037037037,0.837037037037037,1.0,False,5.0,0.837037037037037,no_data,,off_chart,1.0,False,270.0,False,,,,,,,,0.4500080497679364,0.0,1.3108195113528454
00-0041263,TE,2026,0.5376202364484196,0.0,0.0,1.566023310023311,False,,,,,,,0.019313379802955378,2.8861111493371356,0.2662576853939475,,,0.446684711623282,False,False,False,Lake McRee,PIT,rookie_rule,True,udfa,False,,,deep_bench,deep_bench_discounted,0.837037037037037,0.837037037037037,1.0,False,6.0,0.837037037037037,no_data,,off_chart,1.0,False,270.0,False,,,,,,,,0.4500080497679364,0.0,1.3108195113528454
00-0040927,TE,2026,0.5376202364484196,0.0,0.0,1.566023310023311,False,,,,,,,0.019313379802955378,2.8861111493371356,0.2662576853939475,,,0.446684711623282,False,False,False,Dae'Quan Wright,PHI,rookie_rule,True,udfa,False,,,deep_bench,deep_bench_discounted,0.837037037037037,0.837037037037037,1.0,False,8.0,0.837037037037037,no_data,,off_chart,1.0,False,270.0,False,,,,,,,,0.4500080497679364,0.0,1.3108195113528454
00-0041252,TE,2026,0.5376202364484196,0.0,0.0,1.566023310023311,False,,,,,,,0.019313379802955378,2.8861111493371356,0.2662576853939475,,,0.446684711623282,False,False,False,Kenny Fletcher Jr.,TB,rookie_rule,True,udfa,False,,,deep_bench,deep_bench_discounted,0.837037037037037,0.837037037037037,1.0,False,6.0,0.837037037037037,no_data,,off_chart,1.0,False,270.0,False,,,,,,,,0.4500080497679364,0.0,1.3108195113528454
00-0041170,TE,2026,0.5376202364484196,0.0,0.0,1.566023310023311,False,,,,,,,0.019313379802955378,2.8861111493371356,0.2662576853939475,,,0.446684711623282,False,False,False,Hayden Large,CHI,rookie_rule,True,udfa,False,,,deep_bench,deep_bench_discounted,0.837037037037037,0.837037037037037,1.0,False,7.0,0.837037037037037,no_data,,off_chart,1.0,False,270.0,False,,,,,,,,0.4500080497679364,0.0,1.3108195113528454
00-0041357,TE,2026,0.5376202364484196,0.0,0.0,1.566023310023311,False,,,,,,,0.019313379802955378,2.8861111493371356,0.2662576853939475,,,0.446684711623282,False,False,False,Khalil Dinkins,SF,rookie_rule,True,udfa,False,,,deep_bench,deep_bench_discounted,0.837037037037037,0.837037037037037,1.0,False,,0.837037037037037,no_data,,off_chart,1.0,False,270.0,False,,,,,,,,0.4500080497679364,0.0,1.3108195113528454
00-0040955,TE,2026,0.5376202364484196,0.0,0.0,1.566023310023311,False,,,,,,,0.019313379802955378,2.8861111493371356,0.2662576853939475,,,0.446684711623282,False,False,False,John Michael Gyllenborg,KC,rookie_rule,True,udfa,False,,,deep_bench,deep_bench_discounted,0.837037037037037,0.837037037037037,1.0,False,7.0,0.837037037037037,no_data,,off_chart,1.0,False,270.0,False,,,,,,,,0.4500080497679364,0.0,1.3108195113528454
00-0041452,TE,2026,0.5376202364484196,0.0,0.0,1.566023310023311,False,,,,,,,0.019313379802955378,2.8861111493371356,0.2662576853939475,,,0.446684711623282,False,False,False,Johnny Pascuzzi,LAC,rookie_rule,True,udfa,False,,,deep_bench,deep_bench_discounted,0.837037037037037,0.837037037037037,1.0,False,6.0,0.837037037037037,no_data,,off_chart,1.0,False,270.0,False,,,,,,,,0.4500080497679364,0.0,1.3108195113528454
00-0041195,TE,2026,0.5376202364484196,0.0,0.0,1.566023310023311,False,,,,,,,0.019313379802955378,2.8861111493371356,0.2662576853939475,,,0.446684711623282,False,False,False,Jack Velling,ATL,rookie_rule,True,udfa,False,,,deep_bench,deep_bench_discounted,0.837037037037037,0.837037037037037,1.0,False,5.0,0.837037037037037,no_data,,off_chart,1.0,False,270.0,False,,,,,,,,0.4500080497679364,0.0,1.3108195113528454
00-0041314,TE,2026,0.528873486061807,0.0,0.0,1.5405450745259293,False,,,,,,,0.01899916299933529,2.8391558970980513,0.26192583671198005,,,0.4394174262623453,False,False,False,Tanner Arkin,NE,rookie_rule,True,udfa,False,,,deep_bench,deep_bench_discounted,0.837037037037037,0.837037037037037,1.0,False,4.0,0.837037037037037,no_data,,off_chart,0.9837306154165723,False,270.0,False,,,,,,,,0.4426866957406236,0.0,1.2894932846031852
00-0038394,TE,2026,0.5260265601508016,0.0,0.0,3.301625526361978,False,,,,,,,0.015589189237236548,3.0858152741010616,0.24781979463455234,,,0.3563187890654102,False,False,False,Will Mallory,IND,veteran_model,True,,False,ACT,,deep_bench,deep_bench_discounted,0.7584746627992281,0.7584746627992281,1.0,False,4.0,0.7584746627992281,,,,,,,,33.819686508835005,234.02693422664208,26.500800154053703,117.38636019360476,2025.0,IND,canonical_source_team_frame,0.39897781783381714,0.0,2.5041993077967253
00-0036032,TE,2026,0.524003412904083,0.0,0.0,3.2996023791152593,False,,,,,,,0.03195595360458114,2.093981766143213,0.24573902932454983,,,0.3520812358444728,False,False,False,Sean McKeon,IND,veteran_model,True,,False,ACT,,deep_bench,deep_bench_discounted,0.6550998170736638,0.6550998170736638,1.0,False,5.0,0.6550998170736638,,,,,,,,33.819686508835005,234.02693422664208,26.500800154053703,117.38636019360476,2025.0,IND,canonical_source_team_frame,0.34327453993944035,0.0,2.1615689149742323
00-0039631,TE,2026,0.5227676180455991,0.0,0.0,3.2983665842567755,False,,,,,,,0.021045237630465247,2.46364619830073,0.3002631448654693,,,0.42991145526546337,False,False,False,Cam Grandy,CIN,veteran_model,True,,False,ACT,,deep_bench,deep_bench_discounted,6.0,6.984394965372354,1.0,False,6.0,6.0,,,,,,,,35.761155714222895,238.6430156013012,25.120234653951606,107.36930606582474,2025.0,CIN,canonical_source_team_frame,3.1366057082735948,0.0,19.790199505540652
00-0039489,TE,2026,0.5195686961298855,0.0,0.0,3.295167662341062,False,,,,,,,0.02649992313118426,2.38587565697995,0.2439631832895701,,,0.43843085154792594,False,False,False,Hayden Rucci,SF,veteran_model,True,,True,ACT,,deep_bench,deep_bench_discounted,3.5481950008664693,3.5481950008664693,1.0,False,5.0,3.5481950008664693,,,,,,,,34.24811794566182,240.12307936832372,26.942362571611483,112.84801793050981,2025.0,SF,canonical_source_team_frame,1.8435310502147695,0.0,11.691897426535407
00-0037755,TE,2026,0.5193668308416098,0.0,0.0,3.294965797052786,False,,,,,,,0.028574297625833304,1.8527019028745269,0.3253017095983145,,,0.5773978856180784,False,False,False,Jelani Woods,NYJ,veteran_model,True,,False,ACT,,deep_bench,deep_bench_discounted,2.5536666744001155,2.5536666744001155,1.0,False,4.0,2.5536666744001155,,,,,,,,32.40798584142275,201.12864296169278,27.468730025987202,119.28333380861694,2025.0,NYJ,canonical_source_team_frame,1.326289767709021,0.0,8.414244349221914
00-0036429,TE,2026,0.5076279698661046,0.0,0.0,3.2832269360772806,False,,,,,,,0.022780708964604168,2.2741959875752693,0.28704823464190526,,,0.5468166881218502,False,False,False,Charlie Woerner,ATL,veteran_model,True,,False,ACT,2.0,backup,curated,13.575334342682874,13.575334342682874,0.83,True,3.0,13.575334342682874,,,,,,,,33.103579364958776,223.6760928436624,27.565529595779658,121.0212845239931,2025.0,ATL,canonical_source_team_frame,6.891219412629717,0.0,44.57090338015138
00-0040853,TE,2026,0.5034601150905627,0.0,0.0,1.46651897091393,False,,,,,,,0.018086217294606168,2.702729088116902,0.24933980502247088,,,0.41830258810324483,False,False,False,Carson Towt,IND,rookie_rule,True,udfa,False,,,deep_bench,deep_bench_discounted,0.837037037037037,0.837037037037037,1.0,False,6.0,0.837037037037037,no_data,,off_chart,0.9364604993600639,False,270.0,False,,,,,,,,0.4214147630017302,0.0,1.2275306941724005
00-0031484,TE,2026,0.47269719286419437,0.0,0.0,3.248296159075371,False,,,,,,,0.025827065548342264,2.1665693892475235,0.20215572129877687,,,0.3389806342369086,False,False,False,Chris Manhertz,NYG,veteran_model,True,,False,ACT,,deep_bench,deep_bench_discounted,3.3620849981051277,3.3620849981051277,0.77,True,,3.3620849981051277,,,,,,,,33.24318823444577,223.72200991226288,27.969267844990632,122.67699998352342,2025.0,NYG,canonical_source_team_frame,1.5892481407751142,0.0,10.921047785829812
00-0041237,TE,2026,0.47176661001204023,0.0,0.0,1.374199589379507,False,,,,,,,0.01694766509852058,2.5325885834123834,0.23364352215935674,,,0.39196986619929713,False,False,False,Chase Curtis,NYJ,rookie_rule,True,udfa,False,,,deep_bench,deep_bench_discounted,0.837037037037037,0.837037037037037,1.0,False,5.0,0.837037037037037,no_data,,off_chart,0.8775090259410324,False,270.0,False,,,,,,,,0.3948861254174855,0.0,1.1502559525917353
00-0041272,WR,2026,0.4628772500894025,0.0,0.0,1.4683424930536448,False,,,,,,,0.010311854419385237,2.882993705795039,0.2254135059871743,,,0.40449313881737153,False,False,False,Ja'Mori Maclin,BUF,rookie_rule,True,udfa,False,,,deep_bench,deep_bench_discounted,0.6584992343032159,0.6584992343032159,1.0,False,13.0,0.6584992343032159,no_data,,off_chart,0.35382854091860383,False,653.0,False,,,,,,,,0.3048043147602497,0.0,0.9669024073707002
00-0041222,WR,2026,0.4628772500894025,0.0,0.0,1.4683424930536448,False,,,,,,,0.010311854419385237,2.882993705795039,0.2254135059871743,,,0.40449313881737153,False,False,False,Gabriel Benyard,BUF,rookie_rule,True,udfa,False,,,deep_bench,deep_bench_discounted,0.6584992343032159,0.6584992343032159,1.0,False,,0.6584992343032159,no_data,,off_chart,0.35382854091860383,False,653.0,False,,,,,,,,0.3048043147602497,0.0,0.9669024073707002
00-0039824,TE,2026,0.4614493716589507,0.0,0.0,3.237048337870127,False,,,,,,,0.011809732752293703,2.062103843834748,0.36876118152342746,,,0.4354448235771801,False,False,False,Jared Wiley,KC,veteran_model,True,,False,ACT,,deep_bench,deep_bench_discounted,2.63219402358519,2.63219402358519,0.83,True,3.0,2.63219402358519,,,,,,,,35.16438169616012,230.57945355267083,25.927946034942906,113.12705785543977,2025.0,KC,canonical_source_team_frame,1.2146242782678311,0.0,8.52053928899812
00-0038809,TE,2026,0.44259915618462525,0.0,0.0,3.2181981223958016,False,,,,,,,0.0059012231185319106,2.922528308777882,0.2298779731912911,,,0.42243053821323007,False,False,False,Ben Sims,MIA,veteran_model,True,,True,ACT,,deep_bench,deep_bench_discounted,5.001799523375089,5.001799523375089,1.0,False,4.0,5.001799523375089,,,,,,,,32.35681053457549,214.6121451327766,26.7390775924456,118.26868781082811,2025.0,MIA,canonical_source_team_frame,2.213792248450475,0.0,16.096781834725927
00-0039518,TE,2026,0.441828846282182,0.0,0.0,3.217427812493358,False,,,,,,,0.014075932814679544,2.3234744973836747,0.2500515993114745,,,0.41810999362396606,False,False,False,Treyton Welch,NO,veteran_model,True,,False,ACT,,deep_bench,deep_bench_discounted,0.9061491483087009,0.9061491483087009,1.0,False,6.0,0.9061491483087009,,,,,,,,34.20105181449663,231.16042627321303,26.953986866698713,109.11968596923658,2025.0,NO,canonical_source_team_frame,0.4003628327568151,0.0,2.915469472035583
00-0037282,TE,2026,0.43783800810779605,0.0,0.0,3.213436974318973,False,,,,,,,0.020584886269449477,1.8279662285432383,0.2630641352735507,,,0.46821511778485303,False,False,False,James Mitchell,CAR,veteran_model,True,,False,ACT,,deep_bench,deep_bench_discounted,4.79986683161207,4.79986683161207,1.0,False,5.0,4.79986683161207,,,,,,,,33.08175557965288,214.53923085029226,26.979775160632926,116.45258332427315,2025.0,CAR,canonical_source_team_frame,2.1015641327357066,0.0,15.424069548509484
00-0040058,TE,2026,0.4365162390215023,0.0,0.0,3.2121152052326787,False,,,,,,,0.009592076069243576,2.6071986252012542,0.23648784017183083,,,0.5618392544461726,False,False,False,Nick Kallerup,SEA,veteran_model,True,,False,ACT,,deep_bench,deep_bench_discounted,2.6245974069628577,2.6245974069628577,1.0,False,5.0,2.6245974069628577,,,,,,,,32.225845759159824,233.1409897885389,27.937986411950597,119.71889503194852,2025.0,SEA,canonical_source_team_frame,1.145679389033014,0.0,8.430509238519656
00-0041207,TE,2026,0.43114884827901023,0.0,0.0,1.2558849178650902,False,,,,,,,0.015488519393220818,2.314539918106861,0.21352748021799833,,,0.35822237688163566,False,False,False,Ethan Conner,JAX,rookie_rule,True,udfa,False,,,deep_bench,deep_bench_discounted,0.837037037037037,0.837037037037037,1.0,False,7.0,0.837037037037037,no_data,,off_chart,0.80195799757693,False,270.0,False,,,,,,,,0.3608875544853937,0.0,1.0512221905092978
00-0037340,TE,2026,0.4121563004007951,0.0,0.0,3.1877552666119713,False,,,,,,,0.009244742736260811,1.9463574950667446,0.32410418895311144,,,0.40372244455570394,False,False,False,Zaire Mitchell-Paden,NO,veteran_model,True,,True,ACT,,deep_bench,deep_bench_discounted,3.0285756875076646,3.0285756875076646,1.0,False,5.0,3.0285756875076646,,,,,,,,34.20105181449663,231.16042627321303,26.953986866698713,109.11968596923658,2025.0,NO,canonical_source_team_frame,1.2482465508469536,0.0,9.65435809818553
00-0041366,TE,2026,0.40322453603183095,0.0,0.0,1.174544743275796,False,,,,,,,0.014485371052435036,2.164633602365177,0.199697898961406,,,0.33502130944077774,False,False,False,Jameson Geers,ARI,rookie_rule,True,udfa,False,,,deep_bench,deep_bench_discounted,0.837037037037037,0.837037037037037,1.0,False,7.0,0.837037037037037,no_data,,off_chart,0.750017407632529,False,270.0,False,,,,,,,,0.33751387090071777,0.0,0.9831374517789997
00-0041293,WR,2026,0.3924589425892735,0.0,0.0,1.2449610389610388,False,,,,,,,0.008743094374987758,2.4443989438869953,0.19112096390129477,,,0.342956905992292,False,False,False,Dane Key,DEN,rookie_rule,True,udfa,False,,,deep_bench,deep_bench_discounted,0.6584992343032159,0.6584992343032159,1.0,False,9.0,0.6584992343032159,no_data,,off_chart,0.3,False,653.0,False,,,,,,,,0.25843391319048636,0.0,0.8198058908931802
00-0041476,WR,2026,0.3924589425892735,0.0,0.0,1.2449610389610388,False,,,,,,,0.008743094374987758,2.4443989438869953,0.19112096390129477,,,0.342956905992292,False,False,False,Rashad Rochelle,SEA,rookie_rule,True,udfa,False,,,deep_bench,deep_bench_discounted,0.6584992343032159,0.6584992343032159,1.0,False,11.0,0.6584992343032159,no_data,,off_chart,0.3,False,653.0,False,,,,,,,,0.25843391319048636,0.0,0.8198058908931802
00-0041299,WR,2026,0.3924589425892735,0.0,0.0,1.2449610389610388,False,,,,,,,0.008743094374987758,2.4443989438869953,0.19112096390129477,,,0.342956905992292,False,False,False,Cameron Ross,DEN,rookie_rule,True,udfa,False,,,deep_bench,deep_bench_discounted,0.6584992343032159,0.6584992343032159,1.0,False,12.0,0.6584992343032159,no_data,,off_chart,0.3,False,653.0,False,,,,,,,,0.25843391319048636,0.0,0.8198058908931802
00-0040930,WR,2026,0.3924589425892735,0.0,0.0,1.2449610389610388,False,,,,,,,0.008743094374987758,2.4443989438869953,0.19112096390129477,,,0.342956905992292,False,False,False,Camden Brown,DAL,rookie_rule,True,udfa,False,,,deep_bench,deep_bench_discounted,0.6584992343032159,0.6584992343032159,1.0,False,12.0,0.6584992343032159,no_data,,off_chart,0.3,False,653.0,False,,,,,,,,0.25843391319048636,0.0,0.8198058908931802
00-0040934,WR,2026,0.3924589425892735,0.0,0.0,1.2449610389610388,False,,,,,,,0.008743094374987758,2.4443989438869953,0.19112096390129477,,,0.342956905992292,False,False,False,Jordan Hudson,DAL,rookie_rule,True,udfa,False,,,deep_bench,deep_bench_discounted,0.6584992343032159,0.6584992343032159,1.0,False,11.0,0.6584992343032159,no_data,,off_chart,0.3,False,653.0,False,,,,,,,,0.25843391319048636,0.0,0.8198058908931802
00-0041294,WR,2026,0.3924589425892735,0.0,0.0,1.2449610389610388,False,,,,,,,0.008743094374987758,2.4443989438869953,0.19112096390129477,,,0.342956905992292,False,False,False,Joseph Manjack,DEN,rookie_rule,True,udfa,False,,,deep_bench,deep_bench_discounted,0.6584992343032159,0.6584992343032159,1.0,False,11.0,0.6584992343032159,no_data,,off_chart,0.3,False,653.0,False,,,,,,,,0.25843391319048636,0.0,0.8198058908931802
00-0041516,WR,2026,0.3924589425892735,0.0,0.0,1.2449610389610388,False,,,,,,,0.008743094374987758,2.4443989438869953,0.19112096390129477,,,0.342956905992292,False,False,False,Romello Brinson,DAL,rookie_rule,True,udfa,False,,,deep_bench,deep_bench_discounted,0.6584992343032159,0.6584992343032159,1.0,False,,0.6584992343032159,no_data,,off_chart,0.3,False,653.0,False,,,,,,,,0.25843391319048636,0.0,0.8198058908931802
00-0041248,WR,2026,0.3924589425892735,0.0,0.0,1.2449610389610388,False,,,,,,,0.008743094374987758,2.4443989438869953,0.19112096390129477,,,0.342956905992292,False,False,False,Noah Thomas,CIN,rookie_rule,True,udfa,False,,,deep_bench,deep_bench_discounted,0.6584992343032159,0.6584992343032159,1.0,False,12.0,0.6584992343032159,no_data,,off_chart,0.3,False,653.0,False,,,,,,,,0.25843391319048636,0.0,0.8198058908931802
00-0041292,WR,2026,0.3924589425892735,0.0,0.0,1.2449610389610388,False,,,,,,,0.008743094374987758,2.4443989438869953,0.19112096390129477,,,0.342956905992292,False,False,False,Kolbe Katsis,DEN,rookie_rule,True,udfa,False,,,deep_bench,deep_bench_discounted,0.6584992343032159,0.6584992343032159,1.0,False,10.0,0.6584992343032159,no_data,,off_chart,0.3,False,653.0,False,,,,,,,,0.25843391319048636,0.0,0.8198058908931802
00-0040785,WR,2026,0.3924589425892735,0.0,0.0,1.2449610389610388,False,,,,,,,0.008743094374987758,2.4443989438869953,0.19112096390129477,,,0.342956905992292,False,False,False,Dohnte Meyers,CIN,rookie_rule,True,udfa,False,,,deep_bench,deep_bench_discounted,0.6584992343032159,0.6584992343032159,1.0,False,11.0,0.6584992343032159,no_data,,off_chart,0.3,False,653.0,False,,,,,,,,0.25843391319048636,0.0,0.8198058908931802
00-0037311,TE,2026,0.3728356680825219,0.0,0.0,3.1484346342936984,False,,,,,,,0.011927950439108792,1.8073856087431655,0.2410588091471052,,,0.31322557967978787,False,False,False,Ko Kieft,TB,veteran_model,True,,False,ACT,,deep_bench,deep_bench_discounted,1.6883785527876465,1.6883785527876465,0.83,True,3.0,1.6883785527876465,,,,,,,,33.5451456097649,223.7139473344186,27.714856316659535,117.7146256375168,2025.0,TB,canonical_source_team_frame,0.6294877457047836,0.0,5.315749511395298
00-0033757,TE,2026,0.37137059867182504,0.0,0.0,3.1469695648830016,False,,,,,,,0.01519128660251681,2.001786960385583,0.1600883660363317,,,0.30330470886778077,False,False,False,Robert Tonyan,PIT,veteran_model,True,,True,ACT,,deep_bench,deep_bench_discounted,3.0503104472670075,3.0503104472670075,0.83,True,3.0,3.0503104472670075,,,,,,,,33.52835881566065,220.61884747889806,26.553754211808794,113.31380639380767,2025.0,PIT,canonical_source_team_frame,1.132795616936471,0.0,9.599234140993929
00-0036232,TE,2026,0.3651366570746345,0.0,0.0,3.140735623285811,False,,,,,,,0.008978245604931791,2.2437767571227494,0.17377901546553753,,,0.4441507728191481,False,False,False,Harrison Bryant,SEA,veteran_model,True,,True,ACT,,deep_bench,deep_bench_discounted,3.0020422246757446,3.0020422246757446,0.77,True,,3.0020422246757446,,,,,,,,32.225845759159824,233.1409897885389,27.937986411950597,119.71889503194852,2025.0,SEA,canonical_source_team_frame,1.0961556623150002,0.0,9.428620957647297
00-0041535,TE,2026,0.35485916058803557,0.0,0.0,1.0336622016449817,False,,,,,,,0.012747901362995303,1.9049933584778795,0.1757448331245516,,,0.2948366729297296,False,False,False,Louis Hansen,HOU,rookie_rule,True,udfa,False,,,deep_bench,deep_bench_discounted,0.837037037037037,0.837037037037037,1.0,False,,0.837037037037037,no_data,,off_chart,0.6600554378910205,False,270.0,False,,,,,,,,0.2970302603440594,0.0,0.8652135465620958
00-0041327,TE,2026,0.33646517963734546,0.0,0.0,0.9800827398241296,False,,,,,,,0.012087119055886057,1.8062487988363358,0.16663517083679097,,,0.27955393333115897,False,False,False,Cody Hardy,NO,rookie_rule,True,udfa,False,,,deep_bench,deep_bench_discounted,0.837037037037037,0.837037037037037,1.0,False,7.0,0.837037037037037,no_data,,off_chart,0.6258417314423889,False,270.0,False,,,,,,,,0.281633817029778,0.0,0.8203655525935307
00-0041016,TE,2026,0.32151517433225985,0.0,0.0,0.9365351662666335,False,,,,,,,0.011550057556079553,1.725992562057205,0.15923114558012408,,,0.2671326397195496,False,False,False,Patrick Gurd,LV,rookie_rule,True,udfa,False,,,deep_bench,deep_bench_discounted,0.837037037037037,0.837037037037037,1.0,False,6.0,0.837037037037037,no_data,,off_chart,0.5980339885571005,False,270.0,False,,,,,,,,0.2691201088855212,0.0,0.7839146206528117
00-0041457,TE,2026,0.2836318043223903,0.0,0.0,0.8261854500996797,False,,,,,,,0.010189141683474196,1.5226229543909606,0.14046931756489817,,,0.23565703470891083,False,False,False,Miles Kitselman,DET,rookie_rule,True,udfa,False,,,deep_bench,deep_bench_discounted,0.837037037037037,0.837037037037037,1.0,False,7.0,0.837037037037037,no_data,,off_chart,0.5275690628687906,False,270.0,False,,,,,,,,0.23741032509948226,0.0,0.6915478211945467
00-0040938,TE,2026,0.16128607093452588,0.0,0.0,0.46980699300699325,False,,,,,,,0.005794013940886613,0.8658333448011407,0.07987730561818425,,,0.13400541348698458,False,False,False,DJ Rogers,DAL,rookie_rule,True,udfa,False,,,deep_bench,deep_bench_discounted,0.837037037037037,0.837037037037037,1.0,False,6.0,0.837037037037037,no_data,,off_chart,0.3,False,270.0,False,,,,,,,,0.13500241493038093,0.0,0.3932458534058536
00-0041403,TE,2026,0.16128607093452588,0.0,0.0,0.46980699300699325,False,,,,,,,0.005794013940886613,0.8658333448011407,0.07987730561818425,,,0.13400541348698458,False,False,False,Rohan Jones,LA,rookie_rule,True,udfa,False,,,deep_bench,deep_bench_discounted,0.837037037037037,0.837037037037037,1.0,False,8.0,0.837037037037037,no_data,,off_chart,0.3,False,270.0,False,,,,,,,,0.13500241493038093,0.0,0.3932458534058536
00-0040939,TE,2026,0.16128607093452588,0.0,0.0,0.46980699300699325,False,,,,,,,0.005794013940886613,0.8658333448011407,0.07987730561818425,,,0.13400541348698458,False,False,False,Michael Trigg,DAL,rookie_rule,True,udfa,False,,,deep_bench,deep_bench_discounted,0.837037037037037,0.837037037037037,1.0,False,5.0,0.837037037037037,no_data,,off_chart,0.3,False,270.0,False,,,,,,,,0.13500241493038093,0.0,0.3932458534058536
00-0040974,TE,2026,0.16128607093452588,0.0,0.0,0.46980699300699325,False,,,,,,,0.005794013940886613,0.8658333448011407,0.07987730561818425,,,0.13400541348698458,False,False,False,Lance Mason,SEA,rookie_rule,True,udfa,False,,,deep_bench,deep_bench_discounted,0.837037037037037,0.837037037037037,1.0,False,6.0,0.837037037037037,no_data,,off_chart,0.3,False,270.0,False,,,,,,,,0.13500241493038093,0.0,0.3932458534058536
00-0041246,TE,2026,0.16128607093452588,0.0,0.0,0.46980699300699325,False,,,,,,,0.005794013940886613,0.8658333448011407,0.07987730561818425,,,0.13400541348698458,False,False,False,Josh Kattus,CIN,rookie_rule,True,udfa,False,,,deep_bench,deep_bench_discounted,0.837037037037037,0.837037037037037,1.0,False,7.0,0.837037037037037,no_data,,off_chart,0.3,False,270.0,False,,,,,,,,0.13500241493038093,0.0,0.3932458534058536
00-0041422,TE,2026,0.16128607093452588,0.0,0.0,0.46980699300699325,False,,,,,,,0.005794013940886613,0.8658333448011407,0.07987730561818425,,,0.13400541348698458,False,False,False,Dan Villari,LA,rookie_rule,True,udfa,False,,,deep_bench,deep_bench_discounted,0.837037037037037,0.837037037037037,1.0,False,7.0,0.837037037037037,no_data,,off_chart,0.3,False,270.0,False,,,,,,,,0.13500241493038093,0.0,0.3932458534058536
