player_id,position,season,fantasy_pts,fantasy_pts_low_raw,fantasy_pts_low,fantasy_pts_high,fantasy_low_floor_applied,pg_attempts,pg_carries,pg_completions,pg_interceptions,pg_passing_tds,pg_passing_yards,pg_receiving_tds,pg_receiving_yards,pg_receptions,pg_rushing_tds,pg_rushing_yards,pg_targets,any_stat_low_n_flag,any_stat_constraint_applied,normalization_scale_attempts,normalization_scale_passing_yards,normalization_scale_receiving_yards,normalization_scale_carries,normalization_scale_rushing_yards,normalization_scale_receptions,normalization_scale_receiving_tds,any_receiving_share_capped,any_receiving_share_normalized,display_name,team,source,low_confidence,rookie_tier,team_changed,roster_status,depth_rank,role,depth_chart_status,projected_games,projected_games_raw,role_discount_factor,role_discount_applied,nfl_depth_rank,projected_volume_games,team_qb_raw_appearance_games,team_qb_volume_allocation_direction,team_qb_roster_resolved,qb_volume_games_scale,qb_volume_allocation_adjusted,team_qb_attempt_anchor_fully_allocated,athletic_tier,target_depth_rank,rookie_depth_band,rookie_vacancy_scale,rookie_id_unresolved,rookie_availability_cell_n,rookie_availability_fallback_used,team_pass_catch_ratio_pre_normalization,team_pass_catch_pre_normalization_flag,team_pass_catch_ratio,team_pass_catch_coherence_flag,team_pass_attempts_pg_pred,team_passing_yards_pg_pred,team_carries_pg_pred,team_rushing_yards_pg_pred,team_anchor_source_season,team_anchor_lag_team,team_anchor_provenance,team_unmodeled_qb_volume_games,team_unmodeled_qb_attempts_season,team_unmodeled_qb_completions_season,team_unmodeled_qb_passing_yards_season,team_unmodeled_qb_passing_tds_season,team_unmodeled_receiving_yards_season,team_unmodeled_receptions_season,team_unmodeled_receiving_tds_season,team_unmodeled_carries_season,team_unmodeled_rushing_yards_season,coherence_receiver_exposure_basis,fantasy_pts_season,fantasy_pts_season_low,fantasy_pts_season_high
00-0034857,QB,2026,24.447086261834478,10.551650784010548,10.551650784010548,37.046995788290175,False,38.83721631819453,6.937917613313389,23.32323528377947,0.8345232769292681,1.7709439821092552,270.7328716645278,,,,0.6445484070290978,43.35751578500294,,False,False,1.3734743638989928,1.3649430301892047,,1.2458520720551196,1.1115236379698006,,,False,False,Josh Allen,BUF,veteran_model,False,,False,ACT,1.0,starter,curated,13.62187820480728,13.62187820480728,1.0,False,1.0,13.62187820480728,20.07985848410768,downward,True,1.0,False,True,,,,,,,,0.7844531400579932,True,1.0000000000000002,False,33.20980278431125,231.99901556001677,27.99616806245821,133.52559682822502,2025.0,BUF,canonical_source_team_frame,0.0,0.0,0.0,0.0,0.0,850.1132083311727,39.78679072911751,7.808599833668275,5.684341886080803e-14,0.0,projected_games,333.01523152112657,143.73330183945092,504.649664482097
00-0036971,QB,2026,23.572248653092984,10.581853881422656,10.581853881422656,35.504901263489124,False,37.05182383118026,6.935569938496629,24.599763763886376,0.7254996861388905,2.175173401316586,248.61320424914808,,,,0.5594535833834196,30.21304749837981,,False,False,1.1505377754401,0.9997780483989548,,1.8397139675952137,1.8080542903628176,,,False,False,Trevor Lawrence,JAX,veteran_model,False,,False,ACT,1.0,starter,curated,15.359472322120634,15.359472322120634,1.0,False,1.0,15.359472322120634,20.206407261437764,downward,True,1.0,False,True,,,,,,,,0.8618509111010552,False,1.0000000000000002,False,34.28151954965283,230.8790754929431,27.42470108063263,117.85711799660008,2025.0,JAX,canonical_source_team_frame,0.0,0.0,0.0,0.0,0.0,542.2274767280733,103.90199907631133,11.6552462028087,0.0,2.273736754432321e-13,projected_games,362.0573007573271,162.5316918084361,545.3365482561871
00-0039851,QB,2026,22.3299054153081,9.908997745152915,9.908997745152915,33.653132646654626,False,36.40696916601539,6.865218692644047,23.53204071159546,0.7163951929133857,1.8871221734166617,263.57875439112746,,,,0.327452451345423,37.063422237505904,,False,False,1.1734158879607446,1.084730136781282,,1.4102971962032642,1.370590558345626,,,False,False,Drake Maye,NE,veteran_model,False,,False,ACT,1.0,starter,curated,13.34693172224702,13.34693172224702,1.0,False,1.0,15.523765677258474,14.772857648172948,upward,True,1.1630962082006495,True,True,,,,,,,,1.0201427567537114,False,1.0,False,33.74673756144342,243.75690325453,26.991281582048,121.68752580253285,2025.0,NE,canonical_source_team_frame,0.0,0.0,0.0,0.0,0.0,0.0,25.51114389997366,2.053035900254038,1.1368683772161605e-13,0.0,projected_games,346.644219262588,153.82495909223644,522.4233455123638
00-0039918,QB,2026,21.1904257254502,8.496000313903433,8.496000313903433,33.20334925247067,False,38.64424435991653,5.051200521501541,25.33988934468,0.6995941351457599,1.9932516847581512,268.1901408221646,,,,0.1767596535333878,28.284437026222054,,False,False,1.2457530518371054,1.2083411717223231,,1.432464540362438,1.4470605471701958,,,False,False,Caleb Williams,CHI,veteran_model,False,,False,ACT,1.0,starter,curated,14.242487092145506,14.242487092145506,1.0,False,1.0,14.242487092145506,18.449464280783285,downward,True,1.0,False,True,,,,,,,,0.9135686161925484,False,1.0000000000000002,False,33.737891607375786,231.6083524098304,27.69702416995268,127.85615277062598,2025.0,CHI,canonical_source_team_frame,0.0,0.0,0.0,0.0,0.0,340.3099168024751,65.69620810933344,6.574845673487438,0.0,0.0,projected_games,301.80436487179253,121.00417480563382,472.8982731443127
00-0033077,QB,2026,21.155959284729967,8.624978852843592,8.624978852843592,33.48558066399715,False,40.06205461737216,3.848428359531917,26.09053852533844,0.8339549252280242,2.100233036310005,297.21253563886125,,,,0.1573856012816032,15.90121956701924,,False,False,1.2156867719087474,1.2485383415200362,,1.4278312196056446,1.5606847068920775,,,False,False,Dak Prescott,DAL,veteran_model,False,,False,ACT,1.0,starter,curated,12.98700977042388,12.98700977042388,1.0,False,1.0,13.46807434971357,16.468086823371205,upward,True,1.0370419817797665,True,True,,,,,,,,0.93527049390564,False,1.0,False,34.84872978596818,250.0568833557896,26.917412919796803,120.7151518201046,2025.0,DAL,canonical_source_team_frame,0.0,0.0,0.0,0.0,0.0,275.16299543695914,57.23726737025993,5.15908901380503,0.0,0.0,projected_games,284.9300325862563,116.16185645480475,450.9862900260447
00-0036355,QB,2026,21.08528468501715,9.686260641205905,9.686260641205905,31.551899689489932,False,37.842989299570334,5.013226174916084,26.178828100809373,0.7247822368798396,1.929382780176617,257.11990688409594,,,,0.3347042834980148,25.242960617184345,,False,False,1.1519477090035024,1.002087581635438,,1.135186720108519,1.161643765156437,,,False,False,Justin Herbert,LAC,veteran_model,False,,False,ACT,1.0,starter,curated,14.538226359868824,14.538226359868824,1.0,False,1.0,14.538226359868824,18.14132108931228,downward,True,1.0,False,True,,,,,,,,0.896434828715537,False,1.0,False,34.810666017945884,231.0080210563423,26.605299733204117,118.73885720842677,2025.0,LAC,canonical_source_team_frame,0.0,0.0,0.0,0.0,0.0,406.7145495693435,95.61154335628294,8.79102244326705,0.0,0.0,projected_games,306.54264161305474,140.8210497825396,458.7086597696795
00-0035228,QB,2026,20.890657584774438,5.289356185596393,5.289356185596393,34.92305010813582,False,39.21820971810276,6.992796653953568,24.91953763904005,0.8549866896249576,1.6676317833123502,243.74450080907823,,,,0.4338130383721543,35.774455681788986,,False,False,1.512037963334603,1.4706392694832942,,1.4366355718674124,1.5359554882961344,,,False,False,Kyler Murray,MIN,veteran_model,False,,True,ACT,1.0,starter,curated,11.820926286415151,11.820926286415151,1.0,False,1.0,11.820926286415151,23.81008358971931,downward,True,1.0,False,True,,,,,,,,0.8282117242306364,False,1.0,False,33.3178469069799,212.14951525474893,25.942735935008912,113.22736292046942,2025.0,MIN,canonical_source_team_frame,0.0,0.0,0.0,0.0,0.0,619.5615903256335,79.08820679380477,5.267654923665397,5.684341886080803e-14,4.547473508864641e-13,projected_games,246.9469233843582,62.525089572528984,412.8228010250562
00-0036389,QB,2026,20.721520106359463,7.268147351334918,7.268147351334918,32.85248375211075,False,35.88684992452795,5.36715036623955,22.878605557306717,0.7428975012827089,1.7467023041704108,240.42621839052052,,,,0.4767322346275712,27.43063748856989,,False,False,1.3076597234675735,1.2306449410603404,,1.2851906002510975,1.406957869337138,,,False,False,Jalen Hurts,PHI,veteran_model,False,,False,ACT,1.0,starter,curated,14.198192752678631,14.198192752678631,1.0,False,1.0,14.198192752678631,22.734366573198308,downward,True,1.0,False,True,,,,,,,,0.9852092383981552,False,1.0,False,32.80466217687678,217.87283255481577,27.5089337932841,118.95482935957656,2025.0,PHI,canonical_source_team_frame,0.0,1.1368683772161605e-13,7.218158658701871e-14,9.094947017729282e-13,5.402090322974834e-15,54.78258713922742,30.42911752801558,3.044085996966416,0.0,0.0,projected_games,294.2081365985975,103.19455704912383,466.44589671671133
00-0039150,QB,2026,20.654072464384967,4.79416047681222,4.79416047681222,35.43447821551724,False,37.44842142837233,8.011188415369032,22.37853487372242,0.6855183654769261,1.6637963812724763,239.96784269616484,,,,0.4043007809101864,33.45405276941205,,False,False,1.350391062606592,1.1924210111329558,,2.536702854772178,2.7092536683903155,,,False,False,Bryce Young,CAR,veteran_model,False,,False,ACT,1.0,starter,curated,13.686303686501214,13.686303686501214,1.0,False,1.0,13.686303686501214,19.92286534491023,downward,True,1.0,False,True,,,,,,,,0.762642225796171,True,1.0000000000000002,False,33.081719189069275,214.5393770638172,26.97993809377384,116.45261469433012,2025.0,CAR,canonical_source_team_frame,0.0,0.0,0.0,0.0,0.0,865.6840133220421,82.42672504867357,7.690814341352549,0.0,2.273736754432321e-13,projected_games,282.6779081105752,65.6143362074735,484.9670298302805
00-0039732,QB,2026,20.556675645348232,8.233538307990802,8.233538307990802,31.838695066971,False,38.10702379679169,5.643614663791846,24.7339077796795,0.7410623429191532,1.937882046502994,254.0494688173004,,,,0.2904599650181636,23.82533602373564,,False,False,1.161003210469191,1.0840048007997944,,1.359908976610727,1.3801883949674771,,,False,False,Bo Nix,DEN,veteran_model,False,,False,ACT,1.0,starter,curated,15.122957488854953,15.122957488854953,1.0,False,1.0,15.122957488854953,18.024518158614,downward,True,1.0,False,True,,,,,,,,0.9854034591801514,False,1.0,False,34.865759372852125,230.0782856671356,26.41359970598278,116.8514641863358,2025.0,DEN,canonical_source_team_frame,0.0,0.0,0.0,0.0,0.0,57.091900504519344,48.03783450360993,4.639782232459449,0.0,0.0,projected_games,310.87773189678126,124.51544981460363,481.4952319984183
00-0040691,QB,2026,20.415460922008336,4.492329670380491,4.492329670380491,34.1876217735564,False,34.60296253175683,7.041502785370154,18.834766204336866,0.6987655831927583,1.5005799138092109,228.41393128411195,,,,0.4776067218995036,38.08474850395509,,False,False,1.6640716732746657,1.692966681095334,,0.959334846994094,0.9845499814443978,,,False,False,Jaxson Dart,NYG,veteran_model,False,,False,ACT,1.0,starter,curated,13.851225436790896,13.851225436790896,1.0,False,1.0,13.851225436790896,23.01824991096567,downward,True,1.0,False,True,,,,,,,,0.969501997801332,False,1.0,False,33.2431579562698,223.72213877664484,27.96941585077396,122.67702612627788,2025.0,NYG,canonical_source_team_frame,0.0,0.0,0.0,0.0,0.0,115.99233076511427,0.0,0.95835366558714,5.684341886080803e-14,0.0,projected_games,282.77915162673236,62.22427100082472,473.5404563332707
00-0039910,QB,2026,20.367397292117374,5.043443280791683,5.043443280791683,33.95150852909281,False,39.66425426840506,9.030630137864176,24.41770388931544,0.7450211328717626,1.3231120932010518,260.6054915533996,,,,0.3000204086017415,43.4064907131026,,False,False,1.4944184664617728,1.4494017550973348,,1.3914203755543118,1.4814179724420815,,,False,False,Jayden Daniels,WAS,veteran_model,False,,False,ACT,1.0,starter,curated,9.50565120217457,9.50565120217457,1.0,False,1.0,9.50565120217457,17.0832969419234,downward,True,1.0,False,True,,,,,,,,0.7734083043982058,True,1.0000000000000002,False,32.6701069973832,214.93987374561607,27.270251462105467,124.11887818477246,2025.0,WAS,canonical_source_team_frame,0.0,0.0,0.0,0.0,0.0,827.96103755573,70.84056173480843,1.8215509938874952,0.0,0.0,projected_games,193.6053745549826,47.94121268515672,322.7311978652113
00-0033873,QB,2026,20.203092361588208,8.446076520744956,8.446076520744956,30.926671244135317,False,36.86422442166136,5.767922537704443,25.47083848043397,0.7102412841977133,1.8117816365997492,244.44778407165936,,,,0.2392536956649946,31.63014846728298,,False,False,1.1787051529711297,1.057058172805325,,1.2026855326552586,1.1120457669163175,,,False,False,Patrick Mahomes,KC,veteran_model,False,,False,ACT,1.0,starter,curated,15.278941410969994,15.278941410969994,1.0,False,1.0,15.278941410969994,26.280421420954912,downward,True,1.0,False,True,,,,,,,,0.7601284095142968,True,1.0,False,35.16444525693558,230.5791949901617,25.92765596122493,113.12700304519306,2025.0,KC,canonical_source_team_frame,0.0,0.0,0.0,0.0,0.0,940.259769998454,130.5185425896733,7.9994206468329025,1.1368683772161605e-13,0.0,projected_games,308.68186451312164,129.0471083130315,472.526797975474
00-0035700,RB,2026,20.062697847649716,13.109299066502949,13.109299066502949,28.508096243348845,False,,25.0,,,,,0.0680099070759862,19.39739893287285,2.539049985492965,0.8802049372160441,111.64143895863764,3.289191147971504,False,False,,,1.0,1.662248412627743,1.5987729663265875,1.0,1.0,False,False,Josh Jacobs,GB,veteran_model,False,,False,ACT,1.0,starter,curated,13.787094693398547,13.787094693398547,1.0,False,1.0,13.787094693398547,20.08091338164539,downward,True,,False,True,,,,,,,,0.7132851478920521,True,1.0,False,32.63758427248949,227.66090813078225,27.533140288417208,118.4026551060812,2025.0,GB,canonical_source_team_frame,0.0,0.0,0.0,0.0,0.0,1109.653981293132,100.51157356910396,10.99654943968886,0.0,0.0,projected_games,276.6063150305898,180.73914759395734,393.04382243556995
00-0035710,QB,2026,20.047397041425633,6.970756404443766,6.970756404443766,32.93148363809719,False,38.836679002990266,4.521029139210229,23.872196722120684,0.9260306173900548,2.067051910337476,275.684393095518,,,,0.1245321647247844,18.566819226864112,,False,False,1.3417823877570716,1.2706103499121044,,1.46505357594124,1.5042572336421245,,,False,False,Daniel Jones,IND,veteran_model,False,,False,ACT,1.0,starter,curated,12.77962804695746,12.77962804695746,1.0,False,1.0,12.77962804695746,22.377203022332637,downward,True,1.0,False,True,,,,,,,,0.7292128354928176,True,0.9999999999999998,False,33.81962358341313,234.02719158280576,26.501089706236453,117.38641446396322,2025.0,IND,canonical_source_team_frame,0.0,0.0,0.0,0.0,0.0,1077.316513646881,80.42225690596678,8.539487741748761,1.1368683772161605e-13,2.273736754432321e-13,projected_games,256.198277499095,89.0836740547379,420.8521119293476
00-0034796,QB,2026,20.039297565170028,5.005628003814656,5.005628003814656,34.03894895195631,False,35.105099697713385,6.12673942542074,22.765651354980537,0.7377830338606755,1.7881758576552789,245.82780296125776,,,,0.1465697004783066,36.49629880950114,,False,False,1.585132911484987,1.5350934568434365,,1.46385909502777,1.2998830708134892,,,False,False,Lamar Jackson,BAL,veteran_model,False,,False,ACT,1.0,starter,curated,13.432684138270552,13.432684138270552,1.0,False,1.0,13.432684138270552,18.421690320520103,downward,True,1.0,False,True,,,,,,,,0.8405930073619484,False,1.0,False,31.371651182397663,213.6422320700136,28.05821210195141,132.6208441085526,2025.0,BAL,canonical_source_team_frame,0.0,0.0,0.0,0.0,0.0,578.9531171509466,55.41434962128113,4.989568733629504,5.684341886080803e-14,4.547473508864641e-13,projected_games,269.18155454574315,67.23901988892402,457.23444967034453
00-0039139,RB,2026,19.830964940999053,14.167470268370698,14.167470268370698,26.647837399845486,False,,18.84531247962543,,,,,0.1819778485990014,34.21282128249467,4.348811266772312,0.7142501305390542,88.57909304535093,5.407681262956127,False,False,,,1.0,1.2383454255285062,1.1873054200979285,1.0,1.0,False,False,Jahmyr Gibbs,DET,veteran_model,False,,False,ACT,1.0,starter,curated,15.625692413100513,15.625692413100513,1.0,False,1.0,15.625692413100513,22.61533745621171,downward,True,,False,True,,,,,,,,0.9785289193999536,False,0.9999999999999998,False,33.929940625091575,246.18800924276172,26.78972180276002,118.19003241053174,2025.0,DET,canonical_source_team_frame,0.0,0.0,0.0,0.0,0.0,89.86068401667671,8.57475959461226,2.843661959408699,0.0,4.547473508864641e-13,projected_games,309.87255842303114,221.3765326853071,416.3909106843017
00-0036223,RB,2026,19.81769116364319,13.217525543980145,13.217525543980145,27.721875916364304,False,,23.32217008718284,,,,,0.121275885189053,18.391574173530856,2.520624721917308,0.8980063584066553,106.02527923757198,3.3051553002384533,False,False,,,1.0,1.46505357594124,1.5042572336421245,1.0,1.0,False,False,Jonathan Taylor,IND,veteran_model,False,,False,ACT,1.0,starter,curated,13.209148626307538,13.209148626307538,1.0,False,1.0,13.209148626307538,22.377203022332637,downward,True,,False,True,,,,,,,,0.7292128354928176,True,0.9999999999999998,False,33.81962358341313,234.02719158280576,26.501089706236453,117.38641446396322,2025.0,IND,canonical_source_team_frame,0.0,0.0,0.0,0.0,0.0,1077.316513646881,80.42225690596678,8.539487741748761,1.1368683772161605e-13,2.273736754432321e-13,projected_games,261.7748280108245,174.59225938245012,366.18237917931157
00-0033280,RB,2026,19.73942558112458,13.593510456315066,13.593510456315066,27.110600466195095,False,,21.06011154845894,,,,,0.195088181517181,33.149945524386226,3.866949871195383,0.7244707156640559,89.73602710000844,5.114151810578496,False,False,,,1.0,1.339469418966762,1.3597196626730543,1.0,1.0,False,False,Christian McCaffrey,SF,veteran_model,False,,False,ACT,1.0,starter,curated,13.892391698439152,13.892391698439152,1.0,False,1.0,13.892391698439152,20.268882541673257,downward,True,,False,True,,,,,,,,0.991540844247621,False,1.0000000000000002,False,34.24847968425997,240.1216094230843,26.911226973415506,112.91814451887672,2025.0,SF,canonical_source_team_frame,0.0,0.0,0.0,0.0,0.0,34.530843591570374,14.986003777602036,7.225861317038813,0.0,0.0,projected_games,274.2278320751725,188.84637181595724,376.6310808562693
00-0038542,RB,2026,19.609401754740453,13.523086298174423,13.523086298174423,26.911185484574403,False,,21.91984728756753,,,,,0.174815222150852,27.804187744727468,4.115711524653405,0.625344770706806,99.70167260795054,5.250360174457883,False,False,,,1.0,1.3394780631993604,1.3734396489025866,1.0,0.820921459452458,False,False,Bijan Robinson,ATL,veteran_model,False,,False,ACT,1.0,starter,curated,14.715560653259322,14.715560653259322,1.0,False,1.0,14.715560653259322,20.515452025454977,downward,True,,False,True,,,,,,,,0.9033427562717592,False,1.0000000000000002,False,33.103575893134035,223.67610131731223,27.56553569236133,121.02128748507276,2025.0,ATL,canonical_source_team_frame,0.0,1.1368683772161605e-13,7.073038149771035e-14,9.094947017729282e-13,4.276533072858189e-15,367.538562500572,13.838496018552236,0.0,5.684341886080803e-14,0.0,projected_games,288.5633408960129,198.99979664004582,396.0131822493665
00-0038128,QB,2026,19.482966488478528,-0.7432531538415925,0.0,41.34135815004983,True,36.54409033878092,6.421320625794977,24.62727570985617,1.0711581675875914,1.4596671121207208,236.6471901935729,,,,0.4732361961669258,34.81309590426356,,False,True,2.754102633007809,2.885459183034638,,1.1652049249551069,1.0810354942078026,,,False,False,Malik Willis,MIA,veteran_model,False,,True,ACT,1.0,starter,curated,9.300088823888562,9.300088823888562,1.0,False,1.0,10.24080985392946,15.820591246614065,upward,True,1.1011518328324483,True,True,,,,,,,,0.8973004686307117,False,1.0,False,32.35673046917577,214.6124638790677,26.70994351578604,118.05744126358432,2025.0,MIA,canonical_source_team_frame,0.0,0.0,0.0,0.0,0.0,374.6901909286057,43.11113101787174,0.0,5.684341886080803e-14,2.273736754432321e-13,projected_games,199.52135519898835,0.0,423.3689879178572
00-0026498,QB,2026,19.316000334528056,8.994703802747232,8.994703802747232,30.6075319572199,False,42.0,2.458533348971706,27.93158818815742,0.8356473368041866,1.8416036831486724,305.3984019417446,,,,0.1064317334291463,7.6635379729708095,,False,False,1.1161026327350352,1.0874345335110287,,1.3680396892437836,1.5382646428592714,,,False,False,Matthew Stafford,LA,veteran_model,False,,False,ACT,1.0,starter,curated,13.070094115074689,13.070094115074689,1.0,False,1.0,13.070094115074689,23.599505879780573,downward,True,1.0,False,True,,,,,,,,0.7985958779872415,True,1.0,False,34.823713349866885,249.40469135191364,26.59281878800156,121.38612330535705,2025.0,LA,canonical_source_team_frame,0.0,0.0,0.0,0.0,0.0,853.9292590891182,65.83737867987509,0.0,0.0,0.0,projected_games,252.46194229909585,117.56162523912651,400.0433233110203
00-0041562,QB,2026,19.18363190256496,9.481248863943602,9.481248863943602,31.810264022399167,False,38.86111955873298,7.227673994586742,23.787288980586364,0.9138479318904992,1.4000906612329092,248.5473356997599,,,,0.3621277861271588,32.96304976660974,,False,False,1.322794596117974,1.2627451680958992,,1.7058250514889846,1.5766076134505411,,,False,False,Fernando Mendoza,LV,rookie_rule,True,drafted,False,,2.0,backup,rookie_path,9.941176470588236,9.941176470588236,1.0,False,2.0,4.039693441751756,24.159418900454952,downward,True,0.4063596953241411,True,True,no_data,2.0,rank_2,1.0,False,17.0,False,0.6965108832860549,True,1.0000000000000002,False,33.852824030940056,214.57229132943425,25.40666637485797,101.2650936526983,2025.0,LV,canonical_source_team_frame,0.0,0.0,0.0,0.0,0.0,1107.0460378365742,61.55691682746948,0.0,0.0,2.273736754432321e-13,projected_games,77.49599198577144,38.30133885528925,128.50371495167775
00-0036264,QB,2026,18.924258547876466,5.956296410494199,5.956296410494199,31.732392149669497,False,36.83961962403748,4.720288214103736,22.12331088957005,0.7121104427210716,1.7930184455357707,258.4239999833071,,,,0.1525682179504415,19.240363441405915,,False,False,1.2391041593986032,1.2678160062503527,,1.80478007745504,1.5987729663265875,,,False,False,Jordan Love,GB,veteran_model,False,,False,ACT,1.0,starter,curated,14.37208320853019,14.37208320853019,1.0,False,1.0,14.37208320853019,20.08091338164539,downward,True,1.0,False,True,,,,,,,,0.7132851478920521,True,1.0,False,32.63758427248949,227.66090813078225,27.533140288417208,118.4026551060812,2025.0,GB,canonical_source_team_frame,0.0,0.0,0.0,0.0,0.0,1109.653981293132,100.51157356910396,10.99654943968886,0.0,0.0,projected_games,271.9810185098193,85.60438762629232,456.0605803807602
00-0040122,RB,2026,18.903278885364,11.947753430571929,11.947753430571929,27.270882123292953,False,,24.74254767484198,,,,,0.1274501393156454,18.858544354748418,2.9772466197009595,0.759206937046938,102.08858681863175,3.6083071250048113,False,False,,,1.0,1.7058250514889843,1.5766076134505411,1.0,0.8187354071744638,False,False,Ashton Jeanty,LV,veteran_model,False,,False,ACT,1.0,starter,curated,13.44818974001252,13.44818974001252,1.0,False,1.0,13.44818974001252,24.159418900454952,downward,True,,False,True,,,,,,,,0.6965108832860549,True,1.0000000000000002,False,33.852824030940056,214.57229132943425,25.40666637485797,101.2650936526983,2025.0,LV,canonical_source_team_frame,0.0,0.0,0.0,0.0,0.0,1107.0460378365742,61.55691682746948,0.0,0.0,2.273736754432321e-13,projected_games,254.21488115874743,160.6756551012168,366.74399717155916
00-0033119,QB,2026,18.730365027343638,7.812544397602952,7.812544397602952,29.503491987407646,False,40.09683619966432,2.1689926501232266,26.62426816451284,0.7978039751015854,2.0250942808452765,269.9597292608211,,,,0.048172501575404,11.38171674280436,,False,False,1.2572294063439828,1.1137272557848292,,0.9180466734374538,0.9153185490843228,,,False,False,Jacoby Brissett,ARI,veteran_model,False,,False,ACT,1.0,starter,curated,14.55732554366566,14.55732554366566,1.0,False,1.0,14.55732554366566,24.338087108826755,downward,True,1.0,False,True,,,,,,,,0.943688680030244,False,0.9999999999999998,False,36.21418096404104,240.76817941837584,24.988650455385,107.79252270381906,2025.0,ARI,canonical_source_team_frame,0.0,0.0,0.0,0.0,0.0,230.485557825984,61.09721757041359,2.4522766638891937,0.0,0.0,projected_games,272.6640212547315,113.72975212024751,429.49193753562446
00-0034869,QB,2026,18.608446988209973,6.720875082923129,6.720875082923129,30.86242075409865,False,39.68813261979789,1.845753236778983,25.1559725140928,0.7074966794090223,1.9095229135657423,288.1064455460214,,,,0.0735771134285824,4.196281903526955,,False,False,1.36079681843636,1.3608073325551249,,1.159187685050679,1.1642434898897351,,,False,False,Sam Darnold,SEA,veteran_model,False,,False,ACT,1.0,starter,curated,12.466671102975935,12.466671102975935,1.0,False,1.0,12.466671102975935,19.49564219328384,downward,True,1.0,False,True,,,,,,,,0.8711510504345189,False,0.9999999999999998,False,32.225819234062534,233.14110074227904,27.938112728980386,119.71891792298418,2025.0,SEA,canonical_source_team_frame,0.0,0.0,0.0,0.0,0.0,510.67976083010535,11.991597195078668,6.6499636008200405,0.0,0.0,projected_games,231.98538833917684,83.78693918298876,384.7516489830064
00-0039163,QB,2026,18.33186237912277,6.397200841903527,6.397200841903527,29.679683533552225,False,38.078364091444776,3.872055270375674,23.784928505950504,0.8137691723336968,1.7817292281047912,256.9824755665941,,,,0.1547144367448298,16.248981682382603,,False,False,1.2014170357650575,1.1618402621459012,,1.182294644853782,1.227665519999898,,,False,False,C.J. Stroud,HOU,veteran_model,False,,False,ACT,1.0,starter,curated,14.08016993914836,14.08016993914836,1.0,False,1.0,14.08016993914836,18.04941432689289,downward,True,1.0,False,True,,,,,,,,0.8352594114599872,False,1.0,False,34.32116198114704,230.71951669895023,27.0159725075953,113.89622067613276,2025.0,HOU,canonical_source_team_frame,0.0,0.0,0.0,0.0,0.0,646.1507724670905,60.24697481013885,7.455446411296052,0.0,0.0,projected_games,258.1157375991292,90.07367498886462,417.8949878925586
00-0037834,QB,2026,18.288940099679273,3.5966957455561186,3.5966957455561186,32.787782278318694,False,33.042474455736226,3.312912683565211,21.49916262667144,0.9941739322810216,2.161447881321735,241.8059155791476,,,,0.1522917059066856,10.455095803483594,,False,False,1.690522513628592,1.4732342337904534,,1.339469418966762,1.3597196626730546,,,False,False,Brock Purdy,SF,veteran_model,False,,False,ACT,1.0,starter,curated,14.69924548764811,14.69924548764811,1.0,False,1.0,14.69924548764811,20.268882541673257,downward,True,1.0,False,True,,,,,,,,0.991540844247621,False,1.0000000000000002,False,34.24847968425997,240.1216094230843,26.911226973415506,112.91814451887672,2025.0,SF,canonical_source_team_frame,0.0,0.0,0.0,0.0,0.0,34.530843591570374,14.986003777602036,7.225861317038813,0.0,0.0,projected_games,268.8336202340771,52.86871370830893,481.9556607045647
00-0034855,QB,2026,17.649210573371896,6.070844349618397,6.070844349618397,28.37705787218722,False,38.04462397924311,3.5839314022103825,22.843946004314336,0.8228304565560567,1.54825629416117,256.97631766143047,,,,0.1952918720688106,16.51042370969246,,False,False,1.1164870687434998,1.1284275120730982,,1.1405657422002882,1.1085471631241024,,,False,False,Baker Mayfield,TB,veteran_model,False,,False,ACT,1.0,starter,curated,14.095817389732956,14.095817389732956,1.0,False,1.0,14.095817389732956,21.316686768416005,downward,True,1.0,False,True,,,,,,,,0.9038657520217732,False,1.0000000000000002,False,33.545248910042254,223.71352331356564,27.714378326754787,117.7145365367365,2025.0,TB,canonical_source_team_frame,0.0,0.0,0.0,0.0,0.0,365.61103254725504,31.463300491173584,2.398950037365104,0.0,0.0,projected_games,248.7800493151943,85.57351335371305,399.99782582423506
00-0038120,RB,2026,16.990621442791284,11.384796049206408,11.384796049206408,23.726437264789112,False,,19.38663288916695,,,,,0.0835732825897269,20.42987162564809,2.3392016552764288,0.7377142645862564,88.5030816953236,3.302811860690472,False,False,,,0.925532119166682,1.2416984053088027,1.213633067642623,0.945230425597829,0.924926104234489,False,False,Breece Hall,NYJ,veteran_model,False,,False,ACT,1.0,starter,curated,14.516201139508745,14.516201139508745,1.0,False,1.0,14.516201139508745,22.00089020868356,downward,True,,False,True,,,,,,,,1.0804595316479846,False,1.0,False,32.407872629000565,201.1291021889327,27.45450069012769,119.16603389972052,2025.0,NYJ,canonical_source_team_frame,0.0,0.0,0.0,0.0,0.0,0.0,0.0,0.0,0.0,2.273736754432321e-13,projected_games,246.63927834880855,165.26398938256472,344.41773565961444
00-0036275,RB,2026,16.821645951707197,10.409326798404141,10.409326798404141,24.543550174286075,False,,19.50761657420184,,,,,0.077232750885993,15.544713339584924,2.044629688324422,0.7855049358633699,90.68433653090317,2.6754586692568707,False,False,,,1.0,1.4324645403624383,1.447060547170196,1.0,1.0,False,False,D'Andre Swift,CHI,veteran_model,False,,False,ACT,1.0,starter,curated,12.459272229389622,12.459272229389622,1.0,False,1.0,12.459272229389622,18.449464280783285,downward,True,,False,True,,,,,,,,0.9135686161925484,False,1.0000000000000002,False,33.737891607375786,231.6083524098304,27.69702416995268,127.85615277062598,2025.0,CHI,canonical_source_team_frame,0.0,0.0,0.0,0.0,0.0,340.3099168024751,65.69620810933344,6.574845673487438,0.0,0.0,projected_games,209.58546625872984,129.6926363059979,305.7947730971133
00-0032764,RB,2026,16.821525869436574,10.966583795081297,10.966583795081297,24.267357663464995,False,,20.10940638248438,,,,,0.0290155351905456,11.823356233111364,1.703701485230739,0.8874992781283758,92.8825062359654,2.059458208860108,False,False,,,1.0,1.4638590950277697,1.2998830708134894,1.0,1.0,False,False,Derrick Henry,BAL,veteran_model,False,,False,ACT,1.0,starter,curated,14.96766333911892,14.96766333911892,1.0,False,1.0,14.96766333911892,18.421690320520103,downward,True,,False,True,,,,,,,,0.8405930073619484,False,1.0,False,31.371651182397663,213.6422320700136,28.05821210195141,132.6208441085526,2025.0,BAL,canonical_source_team_frame,0.0,0.0,0.0,0.0,0.0,578.9531171509466,55.41434962128113,4.989568733629504,5.684341886080803e-14,4.547473508864641e-13,projected_games,251.7789360640063,164.14413422501394,363.22563963673156
00-0040704,QB,2026,16.73700590719557,-2.9611126137036234,0.0,34.67028645683415,True,41.50591562790271,3.260511636713021,27.38355814207854,0.8468660969851065,1.5839949215222002,252.49132154873703,,,,0.0596722167959486,16.3707225235181,,False,True,2.640533834997136,2.594083897297229,,1.5414969511534773,1.5559727222788613,,,False,False,Dillon Gabriel,CLE,veteran_model,True,,False,ACT,,deep_bench,deep_bench_discounted,2.4762929020456887,2.4762929020456887,0.84,True,3.0,2.794959309330993,10.284063846891716,upward,True,1.128686879901021,True,True,,,,,,,,0.8164913489925817,False,1.0,False,33.8207863840279,210.1034066660231,26.544835692755186,109.30283679541014,2025.0,CLE,canonical_source_team_frame,0.0,0.0,0.0,0.0,0.0,655.4484763988635,98.14797606559432,2.452388874511467,5.684341886080803e-14,2.273736754432321e-13,projected_games,46.77925047064408,0.0,96.90203988970084
00-0039040,RB,2026,16.670352865839565,11.36137391217392,11.36137391217392,23.077585398467576,False,,16.55426575415252,,,,,0.1893301211775161,32.07910933149588,3.899071031370519,0.4948907538917866,74.075811665889,4.736983082423295,False,False,,,1.0,1.1652049249551069,1.0810354942078024,1.0,0.9107012721721982,False,False,De'Von Achane,MIA,veteran_model,False,,False,ACT,1.0,starter,curated,15.516647939578656,15.516647939578656,1.0,False,1.0,15.516647939578656,15.820591246614065,upward,True,,False,True,,,,,,,,0.8973004686307117,False,1.0,False,32.35673046917577,214.6124638790677,26.70994351578604,118.05744126358432,2025.0,MIA,canonical_source_team_frame,0.0,0.0,0.0,0.0,0.0,374.6901909286057,43.11113101787174,0.0,5.684341886080803e-14,2.273736754432321e-13,projected_games,258.6679964477786,176.29043910511615,358.0867679235824
00-0033106,QB,2026,16.61559018431392,7.13190300261884,7.13190300261884,27.219998706733737,False,35.865816033304704,2.117470217416351,21.967114266151864,0.7627277834318855,1.745207658494447,260.8052367988888,,,,0.0311833417051564,5.409055950134128,,False,False,1.0705243827737907,1.0888276515319248,,1.2383454255285065,1.1873054200979285,,,False,False,Jared Goff,DET,veteran_model,False,,False,ACT,1.0,starter,curated,15.747165754302747,15.747165754302747,1.0,False,1.0,15.747165754302747,22.61533745621171,downward,True,1.0,False,True,,,,,,,,0.9785289193999536,False,0.9999999999999998,False,33.929940625091575,246.18800924276172,26.78972180276002,118.19003241053174,2025.0,DET,canonical_source_team_frame,0.0,0.0,0.0,0.0,0.0,89.86068401667671,8.57475959461226,2.843661959408699,0.0,4.547473508864641e-13,projected_games,261.64845273795703,112.30725872584833,428.63783146684256
00-0037248,RB,2026,16.556318727002445,11.248515269427383,11.248515269427383,23.216544345651485,False,,19.28329071853495,,,,,0.0475477610924754,18.376179697188256,2.360657276919554,0.7936942502499762,84.90920050769132,2.890461192929597,False,False,,,1.0,1.2458520720551194,1.1115236379698006,1.0,1.0,False,False,James Cook,BUF,veteran_model,False,,False,ACT,1.0,starter,curated,15.242816536858747,15.242816536858747,1.0,False,1.0,15.242816536858747,20.07985848410768,downward,True,,False,True,,,,,,,,0.7844531400579932,True,1.0000000000000002,False,33.20980278431125,231.99901556001677,27.99616806245821,133.52559682822502,2025.0,BUF,canonical_source_team_frame,0.0,0.0,0.0,0.0,0.0,850.1132083311727,39.78679072911751,7.808599833668275,5.684341886080803e-14,0.0,projected_games,252.36492888145702,171.45905456393584,353.8855260806109
00-0040743,QB,2026,16.16154165992998,3.5661340717436207,3.5661340717436207,27.557263605642568,False,36.63070553258972,3.870958891906341,23.636038567887244,0.7442788097645346,1.2740190279891852,247.2853807742037,,,,0.1952554865472663,14.91075017250564,,False,False,1.2468078673113467,1.282633154216486,,1.0067147255508837,0.9856975381239048,,,False,False,Tyler Shough,NO,veteran_model,False,,False,ACT,1.0,starter,curated,13.726076537363756,13.726076537363756,1.0,False,1.0,13.726076537363756,21.59325303282543,downward,True,1.0,False,True,,,,,,,,0.8801009681156396,False,1.0,False,34.116960253547056,231.15975941032937,26.95323708907626,109.1195451687137,2025.0,NO,canonical_source_team_frame,0.0,0.0,0.0,0.0,0.0,471.16913318664274,47.16906708270608,0.0,5.684341886080803e-14,0.0,projected_games,221.8345577859918,48.94902921125359,378.2531094113586
00-0040676,QB,2026,16.147298351914646,3.7947221103508384,3.7947221103508384,27.98878083889085,False,36.14177917605869,4.197705866526458,24.004746821173537,0.8409679241702278,1.5240432618214643,225.6797388631477,,,,0.1706908808406181,16.817263133996285,,False,False,1.3078702075855486,1.1389077027590386,,1.291959423543185,1.256681329702728,,,False,False,Cam Ward,TEN,veteran_model,False,,False,ACT,1.0,starter,curated,14.515333499506568,14.515333499506568,1.0,False,1.0,14.515333499506568,19.399084873783885,downward,True,1.0,False,True,,,,,,,,0.9452763183553666,False,1.0000000000000002,False,33.99018463096149,212.0175347434573,25.99059410477733,108.16497255264404,2025.0,TEN,canonical_source_team_frame,0.0,0.0,0.0,0.0,0.0,197.2404612644764,53.34315299665252,3.6287139661061296,0.0,0.0,projected_games,234.38342069407386,55.08165696969378,406.2664881210999
00-0041512,RB,2026,16.050356182456206,7.289645951914585,7.289645951914585,23.699112225270277,False,,17.852536904778106,,,,,0.1325362308804552,23.678533867803505,3.117911570543986,0.5559810956310102,79.9244305133507,4.1800820056578205,True,False,,,1.0,1.1591876850506788,1.1642434898897351,1.0,1.0,False,False,Jadarian Price,SEA,rookie_rule,True,drafted,False,,2.0,committee,rookie_path,13.0,13.0,1.0,False,2.0,13.0,19.49564219328384,downward,True,,False,True,above_median,2.0,rank_2,0.9572025025535296,False,5.0,False,0.8711510504345189,False,0.9999999999999998,False,32.225819234062534,233.14110074227904,27.938112728980386,119.71891792298418,2025.0,SEA,canonical_source_team_frame,0.0,0.0,0.0,0.0,0.0,510.67976083010535,11.991597195078668,6.6499636008200405,0.0,0.0,projected_games,208.65463037193066,94.7653973748896,308.0884589285136
00-0038597,RB,2026,15.90416030199837,9.412454849325572,9.412454849325572,23.657091891114135,False,,18.600700225855896,,,,,0.112800127249955,23.24292105812228,2.8482121414484705,0.5052196566050381,84.47643422331949,4.157002086196167,False,False,,,1.0,1.3692978965895573,1.5083201568968156,1.0,1.0,False,False,Chase Brown,CIN,veteran_model,False,,False,ACT,1.0,starter,curated,14.895426290259795,14.895426290259795,1.0,False,1.0,14.895426290259795,28.701985495349312,downward,True,,False,True,,,,,,,,0.8041969537750469,False,1.0000000000000002,False,35.7612028620279,238.64282026275723,25.12001337082607,107.36926538839045,2025.0,CIN,canonical_source_team_frame,0.0,0.0,0.0,0.0,0.0,794.3588498417512,105.60842751061163,2.3639751147743238,0.0,0.0,projected_games,236.8992474868927,140.20252741852744,352.3824685059933
00-0036972,QB,2026,15.865232184601604,4.737310085392171,4.737310085392171,27.03377333635878,False,41.95350289220592,2.799905312463635,24.426980863840644,0.7677302649588008,1.7256843896812133,229.36077877756563,,,,0.1050565478473325,6.931847176077309,,False,False,1.6905225136285924,1.4732342337904534,,1.3394694189667615,1.3597196626730543,,,False,False,Mac Jones,SF,veteran_model,True,,False,ACT,2.0,backup,curated,5.569637054025146,5.569637054025146,0.77,True,2.0,2.30075451235189,20.268882541673257,downward,True,0.413088768627957,True,True,,,,,,,,0.991540844247621,False,1.0000000000000002,False,34.24847968425997,240.1216094230843,26.911226973415506,112.91814451887672,2025.0,SF,canonical_source_team_frame,0.0,0.0,0.0,0.0,0.0,34.530843591570374,14.986003777602036,7.225861317038813,0.0,0.0,projected_games,36.502004538232576,10.899387555376155,62.19807598952568
00-0036442,QB,2026,15.768612771804943,6.0907833847889155,6.0907833847889155,26.33713218567849,False,36.33768624164527,2.7948548700808624,22.457228275506083,0.7812256450765233,1.5245954759002411,242.6712282763974,,,,0.1313413884349883,7.377846966911989,,False,False,1.0238419171165023,0.9913975078345734,,1.369297896589557,1.5083201568968152,,,False,False,Joe Burrow,CIN,veteran_model,False,,False,ACT,1.0,starter,curated,16.251651117501957,16.251651117501957,1.0,False,1.0,16.251651117501957,28.701985495349312,downward,True,1.0,False,True,,,,,,,,0.8041969537750469,False,1.0000000000000002,False,35.7612028620279,238.64282026275723,25.12001337082607,107.36926538839045,2025.0,CIN,canonical_source_team_frame,0.0,0.0,0.0,0.0,0.0,794.3588498417512,105.60842751061163,2.3639751147743238,0.0,0.0,projected_games,256.2659933743594,98.98528660186713,428.02188371717864
00-0023459,QB,2026,15.361696633960475,3.379372165514582,3.379372165514582,27.77541757943905,False,39.88199943054856,2.2161311856758847,24.600910560175254,0.6697926658711834,1.227700264679891,265.0847772498163,,,,0.0487120205083913,8.948176939402796,,False,False,1.228204826847629,1.418025899382263,,1.2702969926923138,1.4165793634523915,,,False,False,Aaron Rodgers,PIT,veteran_model,False,,False,ACT,1.0,starter,curated,12.832334717109823,12.832334717109823,1.0,False,1.0,12.832334717109823,21.24394245613634,downward,True,1.0,False,True,,,,,,,,0.877056421443679,False,1.0,False,33.528333841849026,220.6189626135148,26.33273552345513,112.30420927129472,2025.0,PIT,canonical_source_team_frame,0.0,0.0,0.0,0.0,0.0,461.1026409385077,45.487651964804456,0.196712414829836,0.0,2.273736754432321e-13,projected_games,197.12643302968013,43.36523476156738,356.4234552868582
00-0030565,QB,2026,15.069508694064437,1.8960331262052277,1.8960331262052277,28.299938106037477,False,34.38782746048226,2.7201915452842047,20.076322836854928,0.9404173221732844,1.6906148006910784,213.54065570823832,,,,0.1660129437711494,6.5018024469026345,,False,False,1.4853246940903837,1.370903744763996,,1.2416984053088027,1.2136330676426232,,,False,False,Geno Smith,NYJ,veteran_model,False,,True,ACT,1.0,starter,curated,14.10709622553662,14.10709622553662,1.0,False,1.0,14.10709622553662,22.00089020868356,downward,True,1.0,False,True,,,,,,,,1.0804595316479846,False,1.0,False,32.407872629000565,201.1291021889327,27.45450069012769,119.16603389972052,2025.0,NYJ,canonical_source_team_frame,0.0,0.0,0.0,0.0,0.0,0.0,0.0,0.0,0.0,2.273736754432321e-13,projected_games,212.5870092187277,26.747521758182167,399.22995003860126
00-0034844,RB,2026,14.65798542681339,8.480000715276692,8.480000715276692,22.043759917853556,False,,19.83358244921438,,,,,0.1166606997892195,16.28277994785483,2.139631535352681,0.4920853266106223,83.07415505952515,2.764353671333786,False,False,,,1.0,1.2851906002510978,1.4069578693371383,1.0,1.0,False,False,Saquon Barkley,PHI,veteran_model,False,,False,ACT,1.0,starter,curated,14.421037626996654,14.421037626996654,1.0,False,1.0,14.421037626996654,22.734366573198308,downward,True,,False,True,,,,,,,,0.9852092383981552,False,1.0,False,32.80466217687678,217.87283255481577,27.5089337932841,118.95482935957656,2025.0,PHI,canonical_source_team_frame,0.0,1.1368683772161605e-13,7.218158658701871e-14,9.094947017729282e-13,5.402090322974834e-15,54.78258713922742,30.42911752801558,3.044085996966416,0.0,0.0,projected_games,211.3833593760445,122.2904093919637,317.8938912158468
00-0039075,WR,2026,14.624845528652443,11.44482471214663,11.44482471214663,18.58425461151348,False,,,,,,,0.528559906988775,78.22455750047837,7.262060673343915,,,9.281007618672463,False,False,,,1.0,,,1.0,0.9838875051154712,False,False,Puka Nacua,LA,veteran_model,False,,False,ACT,2.0,starter,curated,14.45211091198568,14.45211091198568,1.0,False,1.0,14.45211091198568,23.599505879780573,downward,True,,False,True,,,,,,,,0.7985958779872415,True,1.0,False,34.823713349866885,249.40469135191364,26.59281878800156,121.38612330535705,2025.0,LA,canonical_source_team_frame,0.0,0.0,0.0,0.0,0.0,853.9292590891182,65.83737867987509,0.0,0.0,0.0,projected_games,211.35988965074296,165.40187610817767,268.58170886217414
00-0039361,RB,2026,14.605648794301588,9.225509957081806,9.225509957081806,21.082945440074667,False,,16.976430099629653,,,,,0.1082081479536213,21.452827594258427,2.7645580686059525,0.5380168846880448,72.00736804722773,3.506410463825549,False,False,,,1.0,1.1405657422002882,1.1085471631241024,1.0,1.0,False,False,Bucky Irving,TB,veteran_model,False,,False,ACT,1.0,starter,curated,13.76564640958557,13.76564640958557,1.0,False,1.0,13.76564640958557,21.316686768416005,downward,True,,False,True,,,,,,,,0.9038657520217732,False,1.0000000000000002,False,33.545248910042254,223.71352331356564,27.714378326754787,117.7145365367365,2025.0,TB,canonical_source_team_frame,0.0,0.0,0.0,0.0,0.0,365.61103254725504,31.463300491173584,2.398950037365104,0.0,0.0,projected_games,201.05619688494545,126.99510801729909,290.22037220065226
00-0041027,RB,2026,14.516507637403603,6.388233250822219,6.388233250822219,21.723890895140755,False,,15.0389752519555,,,,,0.1409749399602266,25.186168854995323,3.3164319940197804,0.4683584177614554,66.83674608564087,4.446231840619933,True,False,,,1.0,0.918046673437454,0.9153185490843228,1.0,1.0,False,False,Jeremiyah Love,ARI,rookie_rule,True,drafted,False,,1.0,starter,rookie_path,15.125,15.125,1.0,False,1.0,15.125,24.338087108826755,downward,True,,False,True,above_median,1.0,rank_1,1.0181485049848504,False,8.0,False,0.943688680030244,False,0.9999999999999998,False,36.21418096404104,240.76817941837584,24.988650455385,107.79252270381906,2025.0,ARI,canonical_source_team_frame,0.0,0.0,0.0,0.0,0.0,230.485557825984,61.09721757041359,2.4522766638891937,0.0,0.0,projected_games,219.5621780157295,96.62202791868606,328.57384978900393
00-0036997,RB,2026,14.474244052899202,7.883012169496178,7.883012169496178,22.442105321247524,False,,17.85443009286711,,,,,0.0685689849579182,18.567074938760733,2.0253996235616256,0.5073118512204107,81.49551730172342,2.539249633214017,False,False,,,1.0,1.4278312196056449,1.5606847068920775,1.0,1.0,False,False,Javonte Williams,DAL,veteran_model,False,,False,ACT,1.0,starter,curated,13.439415395971066,13.439415395971066,1.0,False,1.0,13.439415395971066,16.468086823371205,upward,True,,False,True,,,,,,,,0.93527049390564,False,1.0,False,34.84872978596818,250.0568833557896,26.917412919796803,120.7151518201046,2025.0,DAL,canonical_source_team_frame,0.0,0.0,0.0,0.0,0.0,275.16299543695914,57.23726737025993,5.15908901380503,0.0,0.0,projected_games,194.52537836957617,105.94307511735421,301.6087757723782
00-0036212,QB,2026,14.406493328510692,2.9643110831709203,2.9643110831709203,26.933315850744023,False,36.80592214548178,2.3410612899250003,21.67544214988361,0.7903649480760949,1.407633559623699,238.14145295050764,,,,0.054634121220793,5.032261408230212,,False,False,1.3272930631709494,1.2949191607963342,,1.3394780631993606,1.3734396489025866,,,False,False,Tua Tagovailoa,ATL,veteran_model,False,,True,ACT,2.0,backup,curated,12.65787991191158,12.65787991191158,1.0,False,1.0,9.424645817059458,20.515452025454977,downward,True,0.7445674854436313,True,True,,,,,,,,0.9033427562717592,False,1.0000000000000002,False,33.103575893134035,223.67610131731223,27.56553569236133,121.02128748507276,2025.0,ATL,canonical_source_team_frame,0.0,1.1368683772161605e-13,7.073038149771035e-14,9.094947017729282e-13,4.276533072858189e-15,367.538562500572,13.838496018552236,0.0,5.684341886080803e-14,0.0,projected_games,135.77609708704327,27.937582050469807,253.83696257225586
00-0038543,WR,2026,14.151814408873836,10.95587704428403,10.95587704428403,18.133732896469944,False,,,,,,,0.5022944787726913,78.92030824373143,6.492033423729092,,,9.49402969134082,False,False,,,1.0,,,1.0,1.0,False,False,Jaxon Smith-Njigba,SEA,veteran_model,False,,False,ACT,1.0,starter,curated,15.294298795902934,15.294298795902934,1.0,False,1.0,15.294298795902934,19.49564219328384,downward,True,,False,True,,,,,,,,0.8711510504345189,False,0.9999999999999998,False,32.225819234062534,233.14110074227904,27.938112728980386,119.71891792298418,2025.0,SEA,canonical_source_team_frame,0.0,0.0,0.0,0.0,0.0,510.67976083010535,11.991597195078668,6.6499636008200405,0.0,0.0,projected_games,216.4420780734809,167.56245708645383,277.3427292037057
00-0037840,RB,2026,14.028856836569698,7.486935828777145,7.486935828777145,21.837544532471416,False,,16.019934474138495,,,,,0.0802975292116261,17.15829767850605,2.208722759021375,0.5425227264123329,74.71744155464651,2.6790286385247746,False,False,,,1.0,1.3680396892437834,1.5382646428592717,1.0,0.9838875051154712,False,False,Kyren Williams,LA,veteran_model,False,,False,ACT,1.0,starter,curated,14.51542564795071,14.51542564795071,1.0,False,1.0,14.51542564795071,23.599505879780573,downward,True,,False,True,,,,,,,,0.7985958779872415,True,1.0,False,34.823713349866885,249.40469135191364,26.59281878800156,121.38612330535705,2025.0,LA,canonical_source_team_frame,0.0,0.0,0.0,0.0,0.0,853.9292590891182,65.83737867987509,0.0,0.0,0.0,projected_games,203.63482833697248,108.67606035359287,316.9812539949014
00-0040666,RB,2026,13.914175690633277,8.47309866381797,8.47309866381797,20.501027095705076,False,,16.395421617142993,,,,,0.0748898799281501,19.84468538281364,2.777718402626012,0.4934483284762356,71.30818700612592,3.737793482855452,False,False,,,1.0,1.135186720108519,1.161643765156437,1.0,1.0,False,False,Omarion Hampton,LAC,veteran_model,False,,False,ACT,1.0,starter,curated,12.521680684514584,12.521680684514584,1.0,False,1.0,12.521680684514584,18.14132108931228,downward,True,,False,True,,,,,,,,0.896434828715537,False,1.0,False,34.810666017945884,231.0080210563423,26.605299733204117,118.73885720842677,2025.0,LAC,canonical_source_team_frame,0.0,0.0,0.0,0.0,0.0,406.7145495693435,95.61154335628294,8.79102244326705,0.0,0.0,projected_games,174.22886498634506,106.09743587671579,256.70731499700037
00-0036900,WR,2026,13.671542378078193,10.475605013488387,10.475605013488387,17.6534608656743,False,,,,,,,0.555350827451054,74.60320835445805,5.758233155852131,,,8.962190665362774,False,False,,,1.0,,,1.0,1.0,False,False,Ja'Marr Chase,CIN,veteran_model,False,,False,ACT,1.0,starter,curated,14.88284169661519,14.88284169661519,1.0,False,1.0,14.88284169661519,28.701985495349312,downward,True,,False,True,,,,,,,,0.8041969537750469,False,1.0000000000000002,False,35.7612028620279,238.64282026275723,25.12001337082607,107.36926538839045,2025.0,CIN,canonical_source_team_frame,0.0,0.0,0.0,0.0,0.0,794.3588498417512,105.60842751061163,2.3639751147743238,0.0,0.0,projected_games,203.47140096150372,155.9067710920161,262.73366346122197
00-0040668,QB,2026,13.574115139993602,-3.4598323684082373,0.0,30.259042235024502,True,34.66475003256008,2.479421094448682,22.485354399817204,0.8993372178341189,1.374022198498337,216.0122297293307,,,,0.0611196763507534,8.69493534390741,,False,True,2.6405338349971363,2.594083897297229,,1.5414969511534775,1.5559727222788613,,,False,False,Shedeur Sanders,CLE,veteran_model,True,,False,ACT,1.0,starter,curated,6.381845018920102,6.381845018920102,0.77,True,2.0,12.583221912111444,10.284063846891716,upward,True,1.971721637677861,True,True,,,,,,,,0.8164913489925817,False,1.0,False,33.8207863840279,210.1034066660231,26.544835692755186,109.30283679541014,2025.0,CLE,canonical_source_team_frame,0.0,0.0,0.0,0.0,0.0,655.4484763988635,98.14797606559432,2.452388874511467,5.684341886080803e-14,2.273736754432321e-13,projected_games,170.8061030670912,0.0,380.75624329126595
00-0036555,RB,2026,13.464094851364397,3.211790042210584,3.211790042210584,25.85323207349496,False,,18.021093125716675,,,,,0.0566244813393004,11.05940448192606,1.8786954142772103,0.5141577396938277,79.94113369834416,2.26764406313828,False,False,,,1.0,2.5367028547721784,2.7092536683903155,1.0,1.0,False,False,Chuba Hubbard,CAR,veteran_model,False,,False,ACT,1.0,starter,curated,14.158261135107765,14.158261135107765,1.0,False,1.0,14.158261135107765,19.92286534491023,downward,True,,False,True,,,,,,,,0.762642225796171,True,1.0000000000000002,False,33.081719189069275,214.5393770638172,26.97993809377384,116.45261469433012,2025.0,CAR,canonical_source_team_frame,0.0,0.0,0.0,0.0,0.0,865.6840133220421,82.42672504867357,7.690814341352549,0.0,2.273736754432321e-13,projected_games,190.6281708534771,45.473362128756236,366.03681088308525
00-0036963,WR,2026,13.444123103071558,10.24818573848175,10.24818573848175,17.426041590667662,False,,,,,,,0.5424949270942805,73.87207520829354,5.603892039353039,,,8.597540872643862,False,False,,,1.0,,,1.0,1.0,False,False,Amon-Ra St. Brown,DET,veteran_model,False,,False,ACT,2.0,starter,curated,14.674486891275482,14.674486891275482,1.0,False,1.0,14.674486891275482,22.61533745621171,downward,True,,False,True,,,,,,,,0.9785289193999536,False,0.9999999999999998,False,33.929940625091575,246.18800924276172,26.78972180276002,118.19003241053174,2025.0,DET,canonical_source_team_frame,0.0,0.0,0.0,0.0,0.0,89.86068401667671,8.57475959461226,2.843661959408699,0.0,4.547473508864641e-13,projected_games,197.28560824071744,150.38686727870677,255.71821888907394
00-0032268,QB,2026,13.41414874320563,2.6632162087386653,2.6632162087386653,23.878983277006032,False,27.025742508244,4.474372235677779,16.556683970744707,0.5762007129759124,1.1011273446067635,178.6606468466521,,,,0.039365627267227,27.79421153260954,,False,False,1.494418466461773,1.4494017550973348,,1.3914203755543115,1.4814179724420815,,,False,False,Marcus Mariota,WAS,veteran_model,True,,False,ACT,2.0,backup,curated,6.151719813822904,6.151719813822904,0.77,True,2.0,6.151719813822904,17.0832969419234,downward,True,1.0,False,True,,,,,,,,0.7734083043982058,True,1.0000000000000002,False,32.6701069973832,214.93987374561607,27.270251462105467,124.11887818477246,2025.0,WAS,canonical_source_team_frame,0.0,0.0,0.0,0.0,0.0,827.96103755573,70.84056173480843,1.8215509938874952,0.0,0.0,projected_games,82.52008460914568,16.383359919791964,146.8968145591038
00-0031503,QB,2026,13.231011179591482,1.8442337701631342,1.8442337701631342,23.94275280048116,False,27.95088164640689,1.6303742966206212,18.51546561965458,0.5916383816572576,1.2911792694475417,208.60466737052644,,,,0.0448637267603298,6.362018097327936,,False,False,1.6640716732746652,1.692966681095334,,0.959334846994094,0.984549981444398,,,False,False,Jameis Winston,NYG,veteran_model,True,,False,ACT,2.0,backup,curated,8.090064765240236,8.090064765240236,0.77,True,2.0,2.990188289444652,23.01824991096567,downward,True,0.3696124043768218,True,True,,,,,,,,0.969501997801332,False,1.0,False,33.2431579562698,223.72213877664484,27.96941585077396,122.67702612627788,2025.0,NYG,canonical_source_team_frame,0.0,0.0,0.0,0.0,0.0,115.99233076511427,0.0,0.95835366558714,5.684341886080803e-14,0.0,projected_games,39.56321468672572,5.514606222540164,71.59333904106691
00-0039917,QB,2026,13.041526446135341,3.100317745641121,3.100317745641121,22.767992990632973,False,28.940906612519598,2.621052362387424,19.628796654229035,0.7101040307391197,1.0690862470705496,210.067967738366,,,,0.0873291490363817,12.586959155784506,,False,False,1.3272930631709492,1.2949191607963342,,1.3394780631993606,1.3734396489025866,,,False,False,Michael Penix Jr.,ATL,veteran_model,True,,False,ACT,1.0,starter,curated,7.26933681942575,7.26933681942575,0.77,True,2.0,7.26933681942575,20.515452025454977,downward,True,1.0,False,True,,,,,,,,0.9033427562717592,False,1.0000000000000002,False,33.103575893134035,223.67610131731223,27.56553569236133,121.02128748507276,2025.0,ATL,canonical_source_team_frame,0.0,1.1368683772161605e-13,7.073038149771035e-14,9.094947017729282e-13,4.276533072858189e-15,367.538562500572,13.838496018552236,0.0,5.684341886080803e-14,0.0,projected_games,94.80324837640629,22.537253940308037,165.50820975123568
00-0040784,RB,2026,13.030320121856752,6.4893495537996975,6.4893495537996975,21.177972354680115,False,,20.391961065940134,,,,,0.0248354882894475,10.065647914435816,1.5112636152749208,0.4422977202746662,84.65324271391027,1.636126794796376,False,True,,,1.0,1.541496951153477,1.5559727222788613,1.0,1.0,False,False,Quinshon Judkins,CLE,veteran_model,False,,False,ACT,1.0,starter,curated,13.087188240036028,13.087188240036028,1.0,False,1.0,13.087188240036028,10.284063846891716,upward,True,,False,True,,,,,,,,0.8164913489925817,False,1.0,False,33.8207863840279,210.1034066660231,26.544835692755186,109.30283679541014,2025.0,CLE,canonical_source_team_frame,0.0,0.0,0.0,0.0,0.0,655.4484763988635,98.14797606559432,2.452388874511467,5.684341886080803e-14,2.273736754432321e-13,projected_games,170.5302522626685,84.92733916597045,277.1601107479777
00-0035261,RB,2026,12.778270289184157,7.180524477099853,7.180524477099853,19.83982107685656,False,,17.109652325519495,,,,,0.0361215731502517,11.330238125317477,1.4736803781989096,0.635047902952117,68.81389430938742,1.94961596893986,False,False,,,1.0,1.2919594235431853,1.256681329702728,1.0,1.0,False,False,Tony Pollard,TEN,veteran_model,False,,False,ACT,1.0,starter,curated,13.38097861809995,13.38097861809995,1.0,False,1.0,13.38097861809995,19.399084873783885,downward,True,,False,True,,,,,,,,0.9452763183553666,False,1.0000000000000002,False,33.99018463096149,212.0175347434573,25.99059410477733,108.16497255264404,2025.0,TEN,canonical_source_team_frame,0.0,0.0,0.0,0.0,0.0,197.2404612644764,53.34315299665252,3.6287139661061296,0.0,0.0,projected_games,170.98576151587508,96.08244449481646,265.4762216163464
00-0032950,QB,2026,12.429059957772047,0.6005568625719726,0.6005568625719726,24.083405960654705,False,26.92130171995433,2.9584863603489917,16.140685151930615,0.6517569609145126,1.216717039267582,179.35885076475776,,,,0.1267205315915124,9.310285023913597,,False,False,1.512037963334603,1.4706392694832942,,1.4366355718674126,1.5359554882961342,,,False,False,Carson Wentz,MIN,veteran_model,True,,False,ACT,,deep_bench,deep_bench_discounted,2.87897961876728,2.87897961876728,0.84,True,3.0,0.5948113323298289,23.81008358971931,downward,True,0.206604912536517,True,True,,,,,,,,0.8282117242306364,False,1.0,False,33.3178469069799,212.14951525474893,25.942735935008912,113.22736292046942,2025.0,MIN,canonical_source_team_frame,0.0,0.0,0.0,0.0,0.0,619.5615903256335,79.08820679380477,5.267654923665397,5.684341886080803e-14,4.547473508864641e-13,projected_games,7.392945713089718,0.357218027566257,14.325082786497166
00-0037239,WR,2026,12.195520700530196,9.082230913255309,9.082230913255309,16.060557829282832,False,,,,,,,0.4121850224182444,68.84886637327608,5.675047857386245,,,9.016877416834646,False,False,,,1.0,,,1.0,0.9163349578264096,False,False,Chris Olave,NO,veteran_model,False,,False,ACT,2.0,starter,curated,14.27336522018867,14.27336522018867,1.0,False,1.0,14.27336522018867,21.59325303282543,downward,True,,False,True,,,,,,,,0.8801009681156396,False,1.0,False,34.116960253547056,231.15975941032937,26.95323708907626,109.1195451687137,2025.0,NO,canonical_source_team_frame,0.0,0.0,0.0,0.0,0.0,471.16913318664274,47.16906708270608,0.0,5.684341886080803e-14,0.0,projected_games,174.07112100903865,129.6339988389807,229.2382075373144
00-0037247,WR,2026,12.096070780067588,8.900133415477782,8.900133415477782,16.077989267663696,False,,,,,,,0.4521143575294475,69.19791401550233,4.927186466681341,,,7.6987286351579876,False,False,,,1.0,,,1.0,1.0,False,False,George Pickens,DAL,veteran_model,False,,False,ACT,1.0,starter,curated,15.027439584003174,15.027439584003174,1.0,False,2.0,15.027439584003174,16.468086823371205,upward,True,,False,True,,,,,,,,0.93527049390564,False,1.0,False,34.84872978596818,250.0568833557896,26.917412919796803,120.7151518201046,2025.0,DAL,canonical_source_team_frame,0.0,0.0,0.0,0.0,0.0,275.16299543695914,57.23726737025993,5.15908901380503,0.0,0.0,projected_games,181.77297285129183,133.7462171906602,241.61101235206763
00-0037238,WR,2026,11.98689134976368,8.96785472102287,8.96785472102287,15.718634344524023,False,,,,,,,0.4608958441530427,65.20322949304808,5.402386671081229,,,8.768759569517124,False,False,,,1.0,,,1.0,0.820921459452458,False,False,Drake London,ATL,veteran_model,False,,False,ACT,1.0,starter,curated,14.488815410549782,14.488815410549782,1.0,False,1.0,14.488815410549782,20.515452025454977,downward,True,,False,True,,,,,,,,0.9033427562717592,False,1.0000000000000002,False,33.103575893134035,223.67610131731223,27.56553569236133,121.02128748507276,2025.0,ATL,canonical_source_team_frame,0.0,1.1368683772161605e-13,7.073038149771035e-14,9.094947017729282e-13,4.276533072858189e-15,367.538562500572,13.838496018552236,0.0,5.684341886080803e-14,0.0,projected_games,173.67585611304187,129.9335916815278,227.74439152373674
00-0037744,TE,2026,11.9415877190281,9.236703420526986,9.236703420526986,14.831374591131722,False,,,,,,,0.5626538438157543,56.76284486107965,5.778760340051214,,,8.35706426443649,False,False,,,1.0,,,1.0,1.0,False,False,Trey McBride,ARI,veteran_model,False,,False,ACT,1.0,starter,curated,14.622791702034345,14.622791702034345,1.0,False,1.0,14.622791702034345,24.338087108826755,downward,True,,False,True,,,,,,,,0.943688680030244,False,0.9999999999999998,False,36.21418096404104,240.76817941837584,24.988650455385,107.79252270381906,2025.0,ARI,canonical_source_team_frame,0.0,0.0,0.0,0.0,0.0,230.485557825984,61.09721757041359,2.4522766638891937,0.0,0.0,projected_games,174.61934980691933,135.06639013183425,216.87610130096397
00-0035676,WR,2026,11.833750869825835,8.669330295987077,8.669330295987077,15.779216594776027,False,,,,,,,0.4571167838989962,67.25992960928811,4.730114411006092,,,7.723207024328361,False,False,,,0.9802549627291288,,,1.0,1.0,False,False,A.J. Brown,NE,veteran_model,False,,True,ACT,1.0,starter,curated,14.440560003402094,14.440560003402094,1.0,False,1.0,14.440560003402094,14.772857648172948,upward,True,,False,True,,,,,,,,1.0201427567537114,False,1.0,False,33.74673756144342,243.75690325453,26.991281582048,121.68752580253285,2025.0,NE,canonical_source_team_frame,0.0,0.0,0.0,0.0,0.0,0.0,25.51114389997366,2.053035900254038,1.1368683772161605e-13,0.0,projected_games,170.8859895010317,125.18998432851302,227.8607240435413
00-0036554,WR,2026,11.805297821372898,8.60936045678309,8.60936045678309,15.787216308969002,False,,,,,,,0.4505506575245517,65.23182583903422,5.157622584644333,,,7.680426727526783,False,False,,,1.0,,,1.0,1.0,False,False,Nico Collins,HOU,veteran_model,False,,False,ACT,1.0,starter,curated,14.504758961227571,14.504758961227571,1.0,False,1.0,14.504758961227571,18.04941432689289,downward,True,,False,True,,,,,,,,0.8352594114599872,False,1.0,False,34.32116198114704,230.71951669895023,27.0159725075953,113.89622067613276,2025.0,HOU,canonical_source_team_frame,0.0,0.0,0.0,0.0,0.0,646.1507724670905,60.24697481013885,7.455446411296052,0.0,0.0,projected_games,171.23299936451886,124.87669823596282,228.9897672303562
00-0038134,RB,2026,11.741024176170104,6.5085668202800315,6.5085668202800315,18.330141191327424,False,,15.134300957153132,,,,,0.0435933766911257,13.540920717142372,1.820846358872116,0.4437702478190904,65.52327177958512,2.368678772125846,False,False,,,1.0,1.2026855326552583,1.1120457669163175,1.0,1.0,False,False,Kenneth Walker III,KC,veteran_model,False,,True,ACT,1.0,starter,curated,14.292153804337714,14.292153804337714,1.0,False,1.0,14.292153804337714,26.280421420954912,downward,True,,False,True,,,,,,,,0.7601284095142968,True,1.0,False,35.16444525693558,230.5791949901617,25.92765596122493,113.12700304519306,2025.0,KC,canonical_source_team_frame,0.0,0.0,0.0,0.0,0.0,940.259769998454,130.5185425896733,7.9994206468329025,1.1368683772161605e-13,0.0,projected_games,167.80452334627063,93.02143804125147,261.9771971616777
00-0040867,WR,2026,11.722816185472347,3.2790381853074146,3.2790381853074146,19.28312882591238,False,,,,,,,0.4027863619186522,67.37741930848605,5.136712166223656,,,8.57057394672574,False,False,,,1.0,,,1.0,1.0,False,False,Makai Lemon,PHI,rookie_rule,True,drafted,False,,3.0,starter,rookie_path,13.875,13.875,1.0,False,2.0,13.875,22.734366573198308,downward,True,,False,True,no_data,1.0,rank_1,1.5012235993135796,False,16.0,False,0.9852092383981552,False,1.0,False,32.80466217687678,217.87283255481577,27.5089337932841,118.95482935957656,2025.0,PHI,canonical_source_team_frame,0.0,1.1368683772161605e-13,7.218158658701871e-14,9.094947017729282e-13,5.402090322974834e-15,54.78258713922742,30.42911752801558,3.044085996966416,0.0,0.0,projected_games,162.6540745734288,45.496654821140375,267.5534124595343
00-0036139,RB,2026,11.45736361614015,5.732901049381314,5.732901049381314,18.7118580601078,False,,15.459955720088075,,,,,0.0226579321290715,10.727257278900078,1.7968210022635407,0.4600544881772397,65.89952865280503,2.333937331600579,False,False,,,1.0,1.2702969926923138,1.4165793634523915,1.0,1.0,False,False,Rico Dowdle,PIT,veteran_model,True,,True,ACT,2.0,committee,curated,12.895802272616336,12.895802272616336,0.98,True,2.0,12.895802272616336,21.24394245613634,downward,True,,False,True,,,,,,,,0.877056421443679,False,1.0,False,33.528333841849026,220.6189626135148,26.33273552345513,112.30420927129472,2025.0,PIT,canonical_source_team_frame,0.0,0.0,0.0,0.0,0.0,461.1026409385077,45.487651964804456,0.196712414829836,0.0,2.273736754432321e-13,projected_games,147.75189575921186,73.93035838129613,241.30442169641248
00-0039067,WR,2026,11.445315550892573,8.249378186302767,8.249378186302767,15.427234038488681,False,,,,,,,0.4347042384091131,60.2541965547378,5.62334092992823,,,8.684556702051799,False,False,,,1.0,,,1.0,1.0,False,False,Rashee Rice,KC,veteran_model,False,,False,ACT,3.0,starter,curated,13.316926292739534,13.316926292739534,1.0,False,1.0,13.316926292739534,26.280421420954912,downward,True,,False,True,,,,,,,,0.7601284095142968,True,1.0,False,35.16444525693558,230.5791949901617,25.92765596122493,113.12700304519306,2025.0,KC,canonical_source_team_frame,0.0,0.0,0.0,0.0,0.0,940.259769998454,130.5185425896733,7.9994206468329025,1.1368683772161605e-13,0.0,projected_games,152.41642358838197,109.8563612679273,205.44333859139624
00-0037228,RB,2026,11.394928905477094,5.402118809740424,5.402118809740424,18.77725088720252,False,,15.18618710235735,,,,,0.0508923578316341,11.88877416097073,2.1661361182442294,0.3848710180635932,65.08403174886543,2.844935211724709,False,False,,,1.0,1.2702969926923138,1.4165793634523915,1.0,1.0,False,False,Jaylen Warren,PIT,veteran_model,False,,False,ACT,1.0,starter,curated,12.227256267522309,12.227256267522309,1.0,False,1.0,12.227256267522309,21.24394245613634,downward,True,,False,True,,,,,,,,0.877056421443679,False,1.0,False,33.528333841849026,220.6189626135148,26.33273552345513,112.30420927129472,2025.0,PIT,canonical_source_team_frame,0.0,0.0,0.0,0.0,0.0,461.1026409385077,45.487651964804456,0.196712414829836,0.0,2.273736754432321e-13,projected_games,139.32871587746592,66.05309107429875,229.59425859738585
00-0040734,RB,2026,11.388909855024712,5.480433656263049,5.480433656263049,18.752918761152728,False,,12.478493050781127,,,,,0.0434810498791687,13.766539345353484,1.7395640686121028,0.4758737634459749,60.263450062324495,2.3520680701321544,False,False,,,0.9802549627291288,1.4102971962032642,1.370590558345626,1.0,1.0,False,False,TreVeyon Henderson,NE,veteran_model,True,,False,ACT,2.0,committee,curated,13.946533447280228,13.946533447280228,0.98,True,2.0,13.946533447280228,14.772857648172948,upward,True,,False,True,,,,,,,,1.0201427567537114,False,1.0,False,33.74673756144342,243.75690325453,26.991281582048,121.68752580253285,2025.0,NE,canonical_source_team_frame,0.0,0.0,0.0,0.0,0.0,0.0,25.51114389997366,2.053035900254038,1.1368683772161605e-13,0.0,projected_games,158.83581222116155,76.43305129267289,261.5382087365454
00-0040715,RB,2026,11.364489880090884,6.50031300114054,6.50031300114054,17.21710408338238,False,,11.721096863146972,,,,,0.1069089345074471,21.67761894056354,2.689941703428886,0.3717173878341132,49.799992002707256,3.5640710606374224,False,False,,,1.0,0.959334846994094,0.984549981444398,0.9182512412543492,1.0,False,False,Cam Skattebo,NYG,veteran_model,False,,False,ACT,1.0,starter,curated,14.594616485475944,14.594616485475944,1.0,False,1.0,14.594616485475944,23.01824991096567,downward,True,,False,True,,,,,,,,0.969501997801332,False,1.0,False,33.2431579562698,223.72213877664484,27.96941585077396,122.67702612627788,2025.0,NYG,canonical_source_team_frame,0.0,0.0,0.0,0.0,0.0,115.99233076511427,0.0,0.95835366558714,5.684341886080803e-14,0.0,projected_games,165.86037135299895,94.86957528719934,251.2770310874877
00-0029604,QB,2026,11.331708107232622,-0.07077771856625059,0.0,24.464105243745394,True,32.60050065344092,2.6366436543702405,18.72477869606548,0.8912147257041746,0.9768673982174612,206.39870937619992,,,,0.0582476179581199,6.012338829744094,,False,False,1.322794596117974,1.2627451680958992,,1.7058250514889846,1.5766076134505411,,,False,False,Kirk Cousins,LV,veteran_model,False,,True,ACT,1.0,starter,curated,12.692666326371366,12.692666326371366,1.0,False,1.0,12.692666326371366,24.159418900454952,downward,True,1.0,False,True,,,,,,,,0.6965108832860549,True,1.0000000000000002,False,33.852824030940056,214.57229132943425,25.40666637485797,101.2650936526983,2025.0,LV,canonical_source_team_frame,0.0,0.0,0.0,0.0,0.0,1107.0460378365742,61.55691682746948,0.0,0.0,2.273736754432321e-13,projected_games,143.82958991294092,0.0,310.5147248320923
00-0040730,RB,2026,11.236526790516605,5.223443862350121,5.223443862350121,18.558426060849285,False,,12.160355633200927,,,,,0.0652642914104133,14.62042836538833,2.091253928993558,0.4375764856444761,57.118123271516566,2.623584618066953,False,False,,,1.0,1.359908976610727,1.3801883949674771,1.0,1.0,False,False,RJ Harvey,DEN,veteran_model,True,,False,ACT,2.0,committee,curated,14.727238566086452,14.727238566086452,0.98,True,2.0,14.727238566086452,18.024518158614,downward,True,,False,True,,,,,,,,0.9854034591801514,False,1.0,False,34.865759372852125,230.0782856671356,26.41359970598278,116.8514641863358,2025.0,DEN,canonical_source_team_frame,0.0,0.0,0.0,0.0,0.0,57.091900504519344,48.03783450360993,4.639782232459449,0.0,0.0,projected_games,165.48301069815977,76.92690389739028,273.31436800920346
00-0039064,WR,2026,11.233423199180336,8.03748583459053,8.03748583459053,15.215341686776442,False,,,,,,,0.353999386251785,65.9262158933375,5.033610584671754,,,7.860286842613459,False,False,,,1.0,,,1.0,1.0,False,False,Zay Flowers,BAL,veteran_model,False,,False,ACT,3.0,starter,curated,15.350682178797308,15.350682178797308,1.0,False,1.0,15.350682178797308,18.421690320520103,downward,True,,False,True,,,,,,,,0.8405930073619484,False,1.0,False,31.371651182397663,213.6422320700136,28.05821210195141,132.6208441085526,2025.0,BAL,canonical_source_team_frame,0.0,0.0,0.0,0.0,0.0,578.9531171509466,55.41434962128113,4.989568733629504,5.684341886080803e-14,4.547473508864641e-13,projected_games,172.44070931054583,123.38089056338467,233.56587447551092
00-0036973,RB,2026,11.185284147567945,6.265532399687052,6.265532399687052,17.11741814351759,False,,12.265165724806405,,,,,0.0881047950661647,15.56530662644017,2.275188791764564,0.4482772297760624,52.72866939988284,2.8987518217709214,False,False,,,1.0,1.0067147255508837,0.9856975381239048,1.0,0.9163349578264096,False,False,Travis Etienne,NO,veteran_model,False,,True,ACT,1.0,starter,curated,13.524286690352326,13.524286690352326,1.0,False,1.0,13.524286690352326,21.59325303282543,downward,True,,False,True,,,,,,,,0.8801009681156396,False,1.0,False,34.116960253547056,231.15975941032937,26.95323708907626,109.1195451687137,2025.0,NO,canonical_source_team_frame,0.0,0.0,0.0,0.0,0.0,471.16913318664274,47.16906708270608,0.0,5.684341886080803e-14,0.0,projected_games,151.272989524762,84.73685644105886,231.50087037157036
00-0031381,WR,2026,11.174764085327137,7.994743268821322,7.994743268821322,15.13417316818817,False,,,,,,,0.5154574127154553,56.04707088206001,4.954625041656805,,,7.481625984431012,False,False,,,1.0,,,1.0,0.9838875051154712,False,False,Davante Adams,LA,veteran_model,False,,False,ACT,1.0,starter,curated,12.771775901173774,12.771775901173774,1.0,False,2.0,12.771775901173774,23.599505879780573,downward,True,,False,True,,,,,,,,0.7985958779872415,True,1.0,False,34.823713349866885,249.40469135191364,26.59281878800156,121.38612330535705,2025.0,LA,canonical_source_team_frame,0.0,0.0,0.0,0.0,0.0,853.9292590891182,65.83737867987509,0.0,0.0,0.0,projected_games,142.7215826462833,102.1070694168034,193.2902681536564
00-0038559,WR,2026,11.093164987036223,7.897227622446415,7.897227622446415,15.07508347463233,False,,,,,,,0.4185329819075144,63.42530536318267,4.478873118545738,,,7.08937557771839,False,False,,,1.0,,,1.0,1.0,False,False,Michael Wilson,ARI,veteran_model,False,,False,ACT,2.0,starter,curated,15.02698678448151,15.02698678448151,1.0,False,2.0,15.02698678448151,24.338087108826755,downward,True,,False,True,,,,,,,,0.943688680030244,False,0.9999999999999998,False,36.21418096404104,240.76817941837584,24.988650455385,107.79252270381906,2025.0,ARI,canonical_source_team_frame,0.0,0.0,0.0,0.0,0.0,230.485557825984,61.09721757041359,2.4522766638891937,0.0,0.0,projected_games,166.69684365826632,118.67153511654462,226.5330801482556
00-0041156,QB,2026,11.08662655059307,-6.609846319218741,0.0,32.16050388542921,True,37.27160608784156,2.313856541849343,21.362218930882477,1.3551933590990806,0.8899831656664122,226.02099486816508,,,,0.0785434430895664,7.249801528615818,,True,True,2.7541026330078093,2.885459183034638,,1.1652049249551066,1.0810354942078024,,,False,False,Mark Gronowski,MIA,rookie_rule,True,udfa,False,,,,rookie_path,0.5882352941176471,0.5882352941176471,1.0,False,4.0,0.5985564752061219,15.820591246614065,upward,True,1.017546007850407,True,True,no_data,,off_chart,1.0,False,102.0,False,0.8973004686307117,False,1.0,False,32.35673046917577,214.6124638790677,26.70994351578604,118.05744126358432,2025.0,MIA,canonical_source_team_frame,0.0,0.0,0.0,0.0,0.0,374.6901909286057,43.11113101787174,0.0,5.684341886080803e-14,2.273736754432321e-13,projected_games,6.635972110049594,0.0,19.249877846515293
00-0036945,QB,2026,11.078334408713879,2.0203383495581058,2.0203383495581058,18.9950707269443,False,21.568109998133654,6.310002164055076,11.85344907423198,0.3766760781668142,0.654239703063116,115.32119658706692,,,,0.2915832780990764,28.523802207179077,,False,False,1.1787051529711297,1.057058172805325,,1.2026855326552586,1.1120457669163175,,,False,False,Justin Fields,KC,veteran_model,True,,True,ACT,2.0,backup,curated,8.260299720223516,8.260299720223516,0.77,True,2.0,1.4839618489115531,26.280421420954912,downward,True,0.1796498794442532,True,True,,,,,,,,0.7601284095142968,True,1.0,False,35.16444525693558,230.5791949901617,25.92765596122493,113.12700304519306,2025.0,KC,canonical_source_team_frame,0.0,0.0,0.0,0.0,0.0,940.259769998454,130.5185425896733,7.9994206468329025,1.1368683772161605e-13,0.0,projected_games,16.439825612015525,2.9981050326371625,28.18796027616198
00-0039337,WR,2026,10.958541441109908,7.812627006555896,7.812627006555896,14.880069700258561,False,,,,,,,0.437727682122379,62.53290582426124,4.157769531899016,,,7.5783421973539,False,False,,,1.0,,,0.9182512412543492,1.0,False,False,Malik Nabers,NYG,veteran_model,False,,False,ACT,1.0,starter,curated,13.420261417439484,13.420261417439484,1.0,False,1.0,13.420261417439484,23.01824991096567,downward,True,,False,True,,,,,,,,0.969501997801332,False,1.0,False,33.2431579562698,223.72213877664484,27.96941585077396,122.67702612627788,2025.0,NYG,canonical_source_team_frame,0.0,0.0,0.0,0.0,0.0,115.99233076511427,0.0,0.95835366558714,5.684341886080803e-14,0.0,projected_games,147.06649089353897,104.84749678492783,199.69442528719028
00-0033293,RB,2026,10.91756564062096,4.406340953081234,4.406340953081234,18.844949595390258,False,,14.710124435648908,,,,,0.0603706557545716,14.736171282865506,1.929493654322412,0.3626411367213755,59.41130930317522,2.200849623180761,False,True,,,1.0,1.4366355718674122,1.5359554882961344,1.0,1.0,False,False,Aaron Jones,MIN,veteran_model,False,,False,ACT,1.0,starter,curated,12.692586278625557,12.692586278625557,1.0,False,1.0,12.692586278625557,23.81008358971931,downward,True,,False,True,,,,,,,,0.8282117242306364,False,1.0,False,33.3178469069799,212.14951525474893,25.942735935008912,113.22736292046942,2025.0,MIN,canonical_source_team_frame,0.0,0.0,0.0,0.0,0.0,619.5615903256335,79.08820679380477,5.267654923665397,5.684341886080803e-14,4.547473508864641e-13,projected_games,138.57214384613943,55.92786272002473,239.19114865584064
00-0036322,WR,2026,10.912417814499658,7.7164804499098505,7.7164804499098505,14.894336302095763,False,,,,,,,0.357216795876384,64.04286340630016,4.729661397222676,,,7.310167600733865,False,False,,,1.0,,,1.0,1.0,False,False,Justin Jefferson,MIN,veteran_model,False,,False,ACT,1.0,starter,curated,14.845624260865195,14.845624260865195,1.0,False,1.0,14.845624260865195,23.81008358971931,downward,True,,False,True,,,,,,,,0.8282117242306364,False,1.0,False,33.3178469069799,212.14951525474893,25.942735935008912,113.22736292046942,2025.0,MIN,canonical_source_team_frame,0.0,0.0,0.0,0.0,0.0,619.5615903256335,79.08820679380477,5.267654923665397,5.684341886080803e-14,4.547473508864641e-13,projected_games,162.0016546516337,114.55596937567366,221.11572035587804
00-0040124,WR,2026,10.878005325922135,7.6820679613323275,7.6820679613323275,14.85992381351824,False,,,,,,,0.4291820407768162,60.05679985286441,4.594466191949593,,,7.408621949711247,False,False,,,1.0,,,1.0,1.0,False,False,Tetairoa McMillan,CAR,veteran_model,False,,False,ACT,1.0,starter,curated,14.61082004341626,14.61082004341626,1.0,False,1.0,14.61082004341626,19.92286534491023,downward,True,,False,True,,,,,,,,0.762642225796171,True,1.0000000000000002,False,33.081719189069275,214.5393770638172,26.97993809377384,116.45261469433012,2025.0,CAR,canonical_source_team_frame,0.0,0.0,0.0,0.0,0.0,865.6840133220421,82.42672504867357,7.690814341352549,0.0,2.273736754432321e-13,projected_games,158.93657824837194,112.24131254432025,217.11567269819088
00-0036358,WR,2026,10.850434705811288,7.65449734122148,7.65449734122148,14.832353193407393,False,,,,,,,0.4040916991951928,61.91853780664112,4.468061459952038,,,6.962106992394636,False,False,,,1.0,,,1.0,1.0,False,False,CeeDee Lamb,DAL,veteran_model,False,,False,ACT,2.0,starter,curated,14.242150926419082,14.242150926419082,1.0,False,1.0,14.242150926419082,16.468086823371205,upward,True,,False,True,,,,,,,,0.93527049390564,False,1.0,False,34.84872978596818,250.0568833557896,26.917412919796803,120.7151518201046,2025.0,DAL,canonical_source_team_frame,0.0,0.0,0.0,0.0,0.0,275.16299543695914,57.23726737025993,5.15908901380503,0.0,0.0,projected_games,154.53352869742,109.0165063995499,211.24461277446213
00-0038117,WR,2026,10.69541780976185,7.4994804451720425,7.4994804451720425,14.677336297357954,False,,,,,,,0.3583772939150685,58.98686938372818,5.29293421579724,,,8.023371336327713,False,False,,,1.0,,,1.0,1.0,False,False,Wan'Dale Robinson,TEN,veteran_model,False,,True,ACT,3.0,starter,curated,14.275869727125734,14.275869727125734,1.0,False,2.0,14.275869727125734,19.399084873783885,downward,True,,False,True,,,,,,,,0.9452763183553666,False,1.0000000000000002,False,33.99018463096149,212.0175347434573,25.99059410477733,108.16497255264404,2025.0,TEN,canonical_source_team_frame,0.0,0.0,0.0,0.0,0.0,197.2404612644764,53.34315299665252,3.6287139661061296,0.0,0.0,projected_games,152.6863913293406,107.06160585640299,209.5317409222961
00-0037240,WR,2026,10.585865691810179,7.389928327220371,7.389928327220371,14.567784179406285,False,,,,,,,0.3075141193414128,67.48177242335811,3.985207466851781,,,6.787411783358713,False,False,,,1.0,,,1.0,1.0,False,False,Jameson Williams,DET,veteran_model,False,,False,ACT,1.0,starter,curated,15.25127344350602,15.25127344350602,1.0,False,2.0,15.25127344350602,22.61533745621171,downward,True,,False,True,,,,,,,,0.9785289193999536,False,0.9999999999999998,False,33.929940625091575,246.18800924276172,26.78972180276002,118.19003241053174,2025.0,DET,canonical_source_team_frame,0.0,0.0,0.0,0.0,0.0,89.86068401667671,8.57475959461226,2.843661959408699,0.0,4.547473508864641e-13,projected_games,161.44793230202606,112.70581764634892,222.1772599861062
00-0026158,QB,2026,10.513597488650657,3.3457259061659075,3.3457259061659075,18.65135743733329,False,24.86496625980901,1.993985340731903,15.939105934561622,0.5297407192898398,1.0458647128111078,162.4696422620407,,,,0.0621265038868857,5.180753621829607,,False,False,1.0238419171165023,0.9913975078345734,,1.369297896589557,1.5083201568968152,,,False,False,Joe Flacco,CIN,veteran_model,True,,False,ACT,2.0,backup,curated,7.7584015278317215,7.7584015278317215,0.77,True,2.0,0.6206769668944256,28.701985495349312,downward,True,0.0800006244415,True,True,,,,,,,,0.8041969537750469,False,1.0000000000000002,False,35.7612028620279,238.64282026275723,25.12001337082607,107.36926538839045,2025.0,CIN,canonical_source_team_frame,0.0,0.0,0.0,0.0,0.0,794.3588498417512,105.60842751061163,2.3639751147743238,0.0,0.0,projected_games,6.52554780040454,2.0766150074991594,11.576467962667813
00-0040128,TE,2026,10.416459527164237,7.950039938632953,7.950039938632953,13.071581101149613,False,,,,,,,0.4370709010980236,50.364967291865874,5.515074782779016,,,7.098041640385932,False,False,,,1.0,,,1.0,1.0,False,False,Tyler Warren,IND,veteran_model,False,,False,ACT,1.0,starter,curated,15.164665546024832,15.164665546024832,1.0,False,1.0,15.164665546024832,22.377203022332637,downward,True,,False,True,,,,,,,,0.7292128354928176,True,0.9999999999999998,False,33.81962358341313,234.02719158280576,26.501089706236453,117.38641446396322,2025.0,IND,canonical_source_team_frame,0.0,0.0,0.0,0.0,0.0,1077.316513646881,80.42225690596678,8.539487741748761,1.1368683772161605e-13,2.273736754432321e-13,projected_games,157.96212490314963,120.55969674690851,198.22615555667286
00-0034348,WR,2026,10.24186643825886,7.045929073669052,7.045929073669052,14.223784925854964,False,,,,,,,0.3945725674189917,58.571070534459736,4.034647960597872,,,6.434561809829308,False,False,,,1.0,,,1.0,1.0,False,False,Courtland Sutton,DEN,veteran_model,False,,False,ACT,1.0,starter,curated,14.45620872913874,14.45620872913874,1.0,False,1.0,14.45620872913874,18.024518158614,downward,True,,False,True,,,,,,,,0.9854034591801514,False,1.0,False,34.865759372852125,230.0782856671356,26.41359970598278,116.8514641863358,2025.0,DEN,canonical_source_team_frame,0.0,0.0,0.0,0.0,0.0,57.091900504519344,48.03783450360993,4.639782232459449,0.0,0.0,projected_games,148.05855900743083,101.85742137966699,205.62200380653658
00-0040129,WR,2026,10.201727150678279,7.00578978608847,7.00578978608847,14.183645638274383,False,,,,,,,0.3247305410309387,60.55178399999525,4.396331008986242,,,7.081311381710285,False,False,,,1.0,,,1.0,1.0,False,False,Emeka Egbuka,TB,veteran_model,False,,False,ACT,2.0,starter,curated,14.476567717929235,14.476567717929235,1.0,False,1.0,14.476567717929235,21.316686768416005,downward,True,,False,True,,,,,,,,0.9038657520217732,False,1.0000000000000002,False,33.545248910042254,223.71352331356564,27.714378326754787,117.7145365367365,2025.0,TB,canonical_source_team_frame,0.0,0.0,0.0,0.0,0.0,365.61103254725504,31.463300491173584,2.398950037365104,0.0,0.0,projected_games,147.68599393663138,101.41979025588671,205.33050656959074
00-0036613,WR,2026,10.195956174853066,7.000018810263258,7.000018810263258,14.177874662449172,False,,,,,,,0.3540750550360697,59.010781231287496,4.340855443015797,,,7.124910802470319,False,False,,,1.0,,,1.0,1.0,False,False,Jaylen Waddle,DEN,veteran_model,False,,True,ACT,2.0,starter,curated,14.227370596641308,14.227370596641308,1.0,False,2.0,14.227370596641308,18.024518158614,downward,True,,False,True,,,,,,,,0.9854034591801514,False,1.0,False,34.865759372852125,230.0782856671356,26.41359970598278,116.8514641863358,2025.0,DEN,canonical_source_team_frame,0.0,0.0,0.0,0.0,0.0,57.091900504519344,48.03783450360993,4.639782232459449,0.0,0.0,projected_games,145.06164708674788,99.59186179707555,201.71387709539516
00-0040583,RB,2026,10.182312258470185,4.701130544877438,4.701130544877438,16.879015135612267,False,,12.533326283699928,,,,,0.0639001406909083,13.830335222843084,1.8815694614918184,0.3904613431586053,51.32325102342886,2.494847922138532,False,False,,,1.0,1.182294644853782,1.227665519999898,1.0,1.0,False,False,Woody Marks,HOU,veteran_model,True,,False,ACT,2.0,committee,curated,14.510129622148362,14.510129622148362,0.98,True,2.0,14.510129622148362,18.04941432689289,downward,True,,False,True,,,,,,,,0.8352594114599872,False,1.0,False,34.32116198114704,230.71951669895023,27.0159725075953,113.89622067613276,2025.0,HOU,canonical_source_team_frame,0.0,0.0,0.0,0.0,0.0,646.1507724670905,60.24697481013885,7.455446411296052,0.0,0.0,projected_games,147.74667072359262,68.21401357681259,244.9166975119381
00-0036912,WR,2026,10.158783325754545,6.962845961164736,6.962845961164736,14.140701813350649,False,,,,,,,0.3548461581014966,58.49831708201822,4.359749337887483,,,6.815827516091785,False,False,,,1.0,,,1.0,1.0,False,False,DeVonta Smith,PHI,veteran_model,False,,False,ACT,1.0,starter,curated,14.44674445798223,14.44674445798223,1.0,False,1.0,14.44674445798223,22.734366573198308,downward,True,,False,True,,,,,,,,0.9852092383981552,False,1.0,False,32.80466217687678,217.87283255481577,27.5089337932841,118.95482935957656,2025.0,PHI,canonical_source_team_frame,0.0,1.1368683772161605e-13,7.218158658701871e-14,9.094947017729282e-13,5.402090322974834e-15,54.78258713922742,30.42911752801558,3.044085996966416,0.0,0.0,projected_games,146.76134671118677,100.59045630124061,204.28710555400278
00-0039919,WR,2026,10.057992255419816,6.862054890830008,6.862054890830008,14.039910743015922,False,,,,,,,0.4085299107484524,56.00454895159149,4.012715791539904,,,6.423741150907256,False,False,,,1.0,,,1.0,1.0,False,False,Rome Odunze,CHI,veteran_model,False,,False,ACT,1.0,starter,curated,14.598266523127291,14.598266523127291,1.0,False,1.0,14.598266523127291,18.449464280783285,downward,True,,False,True,,,,,,,,0.9135686161925484,False,1.0000000000000002,False,33.737891607375786,231.6083524098304,27.69702416995268,127.85615277062598,2025.0,CHI,canonical_source_team_frame,0.0,0.0,0.0,0.0,0.0,340.3099168024751,65.69620810933344,6.574845673487438,0.0,0.0,projected_games,146.82925163216865,100.1741061926656,204.95835898746455
00-0039923,QB,2026,9.984751367870857,-1.2541252235744662,0.0,20.41210963193135,True,18.540346676882347,3.5024585490078235,10.644783914474097,0.4695477615473339,0.88612173794949,135.82180335108947,,,,0.129775240166017,11.678363641278848,,False,False,1.5120379633346028,1.4706392694832942,,1.4366355718674124,1.5359554882961346,,,False,False,J.J. McCarthy,MIN,veteran_model,True,,False,ACT,2.0,backup,curated,7.002569425475008,7.002569425475008,0.77,True,2.0,4.136086847840432,23.81008358971931,downward,True,0.5906527442332166,True,True,,,,,,,,0.8282117242306364,False,1.0,False,33.3178469069799,212.14951525474893,25.942735935008912,113.22736292046942,2025.0,MIN,canonical_source_team_frame,0.0,0.0,0.0,0.0,0.0,619.5615903256335,79.08820679380477,5.267654923665397,5.684341886080803e-14,4.547473508864641e-13,projected_games,41.297798811607414,0.0,84.42625818530827
00-0039893,WR,2026,9.955309576987792,6.759372212397985,6.759372212397985,13.937228064583898,False,,,,,,,0.3901577565536813,56.84583854362124,3.859558366607161,,,6.673876646755242,False,False,,,1.0,,,1.0,1.0,False,False,Brian Thomas Jr.,JAX,veteran_model,False,,False,ACT,1.0,starter,curated,14.545259430058216,14.545259430058216,1.0,False,1.0,14.545259430058216,20.206407261437764,downward,True,,False,True,,,,,,,,0.8618509111010552,False,1.0000000000000002,False,34.28151954965283,230.8790754929431,27.42470108063263,117.85711799660008,2025.0,JAX,canonical_source_team_frame,0.0,0.0,0.0,0.0,0.0,542.2274767280733,103.90199907631133,11.6552462028087,0.0,2.273736754432321e-13,projected_games,144.80256050383056,98.31682241365526,202.72059793526097
00-0039338,TE,2026,9.835506574290296,7.45954280597927,7.45954280597927,12.402855950899,False,,,,,,,0.4356493003844418,45.374393959218,5.368342752123689,,,7.490242555397325,False,False,,,1.0,,,1.0,0.8187354071744638,False,False,Brock Bowers,LV,veteran_model,False,,False,ACT,1.0,starter,curated,12.576718916635482,12.576718916635482,1.0,False,1.0,12.576718916635482,24.159418900454952,downward,True,,False,True,,,,,,,,0.6965108832860549,True,1.0000000000000002,False,33.852824030940056,214.57229132943425,25.40666637485797,101.2650936526983,2025.0,LV,canonical_source_team_frame,0.0,0.0,0.0,0.0,0.0,1107.0460378365742,61.55691682746948,0.0,0.0,2.273736754432321e-13,projected_games,123.6984015875694,93.81657311741161,155.9872330579764
00-0039915,WR,2026,9.794519112884537,6.598581748294729,6.598581748294729,13.77643760048064,False,,,,,,,0.3660076673308879,55.1942979022468,4.158086637349056,,,6.497935944292211,False,False,,,1.0,,,1.0,1.0,False,False,Ladd McConkey,LAC,veteran_model,False,,False,ACT,3.0,starter,curated,15.836086894048773,15.836086894048773,1.0,False,1.0,15.836086894048773,18.14132108931228,downward,True,,False,True,,,,,,,,0.896434828715537,False,1.0,False,34.810666017945884,231.0080210563423,26.605299733204117,118.73885720842677,2025.0,LAC,canonical_source_team_frame,0.0,0.0,0.0,0.0,0.0,406.7145495693435,95.61154335628294,8.79102244326705,0.0,0.0,projected_games,155.10685575706103,104.49571394347959,218.1648629316522
00-0030506,TE,2026,9.713159159716884,7.246100915951132,7.246100915951132,12.368909213367068,False,,,,,,,0.43366440371045,47.908307112105504,4.6406840524872655,,,6.71334079282802,False,False,,,1.0,,,1.0,1.0,False,False,Travis Kelce,KC,veteran_model,False,,False,ACT,1.0,starter,curated,14.04589414338128,14.04589414338128,1.0,False,1.0,14.04589414338128,26.280421420954912,downward,True,,False,True,,,,,,,,0.7601284095142968,True,1.0,False,35.16444525693558,230.5791949901617,25.92765596122493,113.12700304519306,2025.0,KC,canonical_source_team_frame,0.0,0.0,0.0,0.0,0.0,940.259769998454,130.5185425896733,7.9994206468329025,1.1368683772161605e-13,0.0,projected_games,136.43000535519764,101.77796641770774,173.73238948004726
00-0038611,RB,2026,9.652735605045692,2.589153354810453,2.589153354810453,18.698200051978702,False,,12.964760806025945,,,,,0.0140609761140569,6.356446691695554,0.90661197121927,0.4883017613638858,55.49608525398845,1.051769691395224,False,True,,,1.0,1.8397139675952137,1.8080542903628176,1.0,1.0,False,False,Chris Rodriguez Jr.,JAX,veteran_model,True,,True,ACT,2.0,committee,curated,12.244136418147203,12.244136418147203,0.98,True,2.0,12.244136418147203,20.206407261437764,downward,True,,False,True,,,,,,,,0.8618509111010552,False,1.0000000000000002,False,34.28151954965283,230.8790754929431,27.42470108063263,117.85711799660008,2025.0,JAX,canonical_source_team_frame,0.0,0.0,0.0,0.0,0.0,542.2274767280733,103.90199907631133,11.6552462028087,0.0,2.273736754432321e-13,projected_games,118.18941155648614,31.701946883802677,228.94331221023435
00-0037664,WR,2026,9.58807902220243,6.392141657612623,6.392141657612623,13.569997509798537,False,,,,,,,0.369281953557821,56.977998104012194,3.349174980908569,,,6.166937370848537,False,False,,,1.0,,,1.0,1.0,False,False,Alec Pierce,IND,veteran_model,False,,False,ACT,1.0,starter,curated,14.13114957303078,14.13114957303078,1.0,False,1.0,14.13114957303078,22.377203022332637,downward,True,,False,True,,,,,,,,0.7292128354928176,True,0.9999999999999998,False,33.81962358341313,234.02719158280576,26.501089706236453,117.38641446396322,2025.0,IND,canonical_source_team_frame,0.0,0.0,0.0,0.0,0.0,1077.316513646881,80.42225690596678,8.539487741748761,1.1368683772161605e-13,2.273736754432321e-13,projected_games,135.49057878078128,90.32830985572488,191.75966451661836
00-0036919,RB,2026,9.583334043796466,4.295989839108601,4.295989839108601,15.950903658530818,False,,7.455123283380484,,,,,0.1009257778639579,22.46835982824846,3.121885209605785,0.2977854353190914,33.832881770704304,3.879077170777962,False,False,,,1.0,1.1405657422002882,1.1085471631241024,1.0,1.0,False,False,Kenny Gainwell,TB,veteran_model,True,,True,ACT,2.0,committee,curated,14.669025850518494,14.669025850518494,0.98,True,2.0,14.669025850518494,21.316686768416005,downward,True,,False,True,,,,,,,,0.9038657520217732,False,1.0000000000000002,False,33.545248910042254,223.71352331356564,27.714378326754787,117.7145365367365,2025.0,TB,canonical_source_team_frame,0.0,0.0,0.0,0.0,0.0,365.61103254725504,31.463300491173584,2.398950037365104,0.0,0.0,projected_games,140.5781748226043,63.017986003448854,233.9842181061186
00-0036410,WR,2026,9.566869073777841,6.3709317091880315,6.3709317091880315,13.548787561373945,False,,,,,,,0.3686940279572835,55.324013023565655,3.644607207355147,,,6.279063570907796,False,False,,,1.0,,,1.0,1.0,False,False,Tee Higgins,CIN,veteran_model,False,,False,ACT,2.0,starter,curated,14.11070620587942,14.11070620587942,1.0,False,2.0,14.11070620587942,28.701985495349312,downward,True,,False,True,,,,,,,,0.8041969537750469,False,1.0000000000000002,False,35.7612028620279,238.64282026275723,25.12001337082607,107.36926538839045,2025.0,CIN,canonical_source_team_frame,0.0,0.0,0.0,0.0,0.0,794.3588498417512,105.60842751061163,2.3639751147743238,0.0,0.0,projected_games,134.9952788101929,89.89834560607353,191.18296072442124
00-0036970,TE,2026,9.523776943664295,7.1747540403315675,7.1747540403315675,12.064573637127317,False,,,,,,,0.3121796321222653,51.30662252936547,5.040073795988311,,,7.352211250400654,False,False,,,1.0,,,1.0,0.820921459452458,False,False,Kyle Pitts,ATL,veteran_model,False,,False,ACT,1.0,starter,curated,14.85060479166979,14.85060479166979,1.0,False,1.0,14.85060479166979,20.515452025454977,downward,True,,False,True,,,,,,,,0.9033427562717592,False,1.0000000000000002,False,33.103575893134035,223.67610131731223,27.56553569236133,121.02128748507276,2025.0,ATL,canonical_source_team_frame,0.0,1.1368683772161605e-13,7.073038149771035e-14,9.094947017729282e-13,4.276533072858189e-15,367.538562500572,13.838496018552236,0.0,5.684341886080803e-14,0.0,projected_games,141.43384751437526,106.54943673040016,179.16621506497597
00-0033288,TE,2026,9.521077159215947,6.9694851469499515,6.9694851469499515,12.260014121271485,False,,,,,,,0.4672994867892937,45.82147217993072,4.270266040974224,,,5.584418303515948,False,False,,,1.0,,,1.0,1.0,False,False,George Kittle,SF,veteran_model,False,,False,ACT,1.0,starter,curated,13.176759333036347,13.176759333036347,1.0,False,1.0,13.176759333036347,20.268882541673257,downward,True,,False,True,,,,,,,,0.991540844247621,False,1.0000000000000002,False,34.24847968425997,240.1216094230843,26.911226973415506,112.91814451887672,2025.0,SF,canonical_source_team_frame,0.0,0.0,0.0,0.0,0.0,34.530843591570374,14.986003777602036,7.225861317038813,0.0,0.0,projected_games,125.45694231825793,91.83522845653097,161.54725549562147
00-0036158,RB,2026,9.508287805925328,3.637971516155037,3.637971516155037,16.959390222717104,False,,12.614204504821744,,,,,0.0248675048441083,9.013465117827728,1.148330072394122,0.4053322749882296,54.515775789514656,1.5018082887469306,False,False,,,1.0,1.359908976610727,1.3801883949674771,1.0,1.0,False,False,J.K. Dobbins,DEN,veteran_model,False,,False,ACT,1.0,starter,curated,11.450295331600172,11.450295331600172,1.0,False,1.0,11.450295331600172,18.024518158614,downward,True,,False,True,,,,,,,,0.9854034591801514,False,1.0,False,34.865759372852125,230.0782856671356,26.41359970598278,116.8514641863358,2025.0,DEN,canonical_source_team_frame,0.0,0.0,0.0,0.0,0.0,57.091900504519344,48.03783450360993,4.639782232459449,0.0,0.0,projected_games,108.87270347569762,41.65584826792442,194.19002669396326
00-0038996,TE,2026,9.393818093304787,6.787800569501899,6.787800569501899,12.186313415805607,False,,,,,,,0.4459620987967824,45.41331382517201,4.353428236013785,,,5.923239116847722,False,False,,,1.0,,,1.0,1.0,False,False,Tucker Kraft,GB,veteran_model,False,,False,ACT,1.0,starter,curated,11.617833502684514,11.617833502684514,1.0,False,1.0,11.617833502684514,20.08091338164539,downward,True,,False,True,,,,,,,,0.7132851478920521,True,1.0,False,32.63758427248949,227.66090813078225,27.533140288417208,118.4026551060812,2025.0,GB,canonical_source_team_frame,0.0,0.0,0.0,0.0,0.0,1109.653981293132,100.51157356910396,10.99654943968886,0.0,0.0,projected_games,109.13581456252032,78.85953686590018,141.57856027636012
00-0039065,TE,2026,9.332828883745547,6.81812758409202,6.81812758409202,12.035462905738822,False,,,,,,,0.3739801196539174,48.213249203715534,4.535246490900978,,,5.871781965325663,False,False,,,1.0,,,1.0,1.0,False,False,Sam LaPorta,DET,veteran_model,False,,False,ACT,1.0,starter,curated,12.975795299110612,12.975795299110612,1.0,False,1.0,12.975795299110612,22.61533745621171,downward,True,,False,True,,,,,,,,0.9785289193999536,False,0.9999999999999998,False,33.929940625091575,246.18800924276172,26.78972180276002,118.19003241053174,2025.0,DET,canonical_source_team_frame,0.0,0.0,0.0,0.0,0.0,89.86068401667671,8.57475959461226,2.843661959408699,0.0,4.547473508864641e-13,projected_games,121.10087715710921,88.47062785439762,156.16970299490595
00-0033906,RB,2026,9.307785345472286,4.471620488336533,4.471620488336533,15.141095563379675,False,,10.990013821661789,,,,,0.0869334953009576,17.851440994693395,1.9240392285515573,0.3369237779850212,40.17477992011295,2.322608512392192,False,False,,,1.0,1.0067147255508837,0.9856975381239048,1.0,0.9163349578264096,False,False,Alvin Kamara,NO,veteran_model,True,,False,ACT,2.0,committee,curated,13.283673550515736,13.283673550515736,0.98,True,2.0,13.283673550515736,21.59325303282543,downward,True,,False,True,,,,,,,,0.8801009681156396,False,1.0,False,34.116960253547056,231.15975941032937,26.95323708907626,109.1195451687137,2025.0,NO,canonical_source_team_frame,0.0,0.0,0.0,0.0,0.0,471.16913318664274,47.16906708270608,0.0,5.684341886080803e-14,0.0,projected_games,123.64158200752819,59.39954680886026,201.12937066109777
00-0041523,WR,2026,9.264410333232632,1.4881532415851373,1.4881532415851373,20.012032153674532,False,,,,,,,0.3146777256701252,53.34271957789463,4.084144042844835,,,6.623300175801846,False,False,,,1.0,,,1.0,0.9107012721721982,False,False,Caleb Douglas,MIA,rookie_rule,True,drafted,False,,2.0,starter,rookie_path,13.830188679245284,13.830188679245284,1.0,False,4.0,13.830188679245284,15.820591246614065,upward,True,,False,True,above_median,2.0,rank_2,1.7902810759649888,False,53.0,False,0.8973004686307117,False,1.0,False,32.35673046917577,214.6124638790677,26.70994351578604,118.05744126358432,2025.0,MIA,canonical_source_team_frame,0.0,0.0,0.0,0.0,0.0,374.6901909286057,43.11113101787174,0.0,5.684341886080803e-14,2.273736754432321e-13,projected_games,128.12854291055697,20.581440114752937,276.77018054044214
00-0041056,QB,2026,9.203151702728638,-3.71331173522596,0.0,25.127436046580396,True,24.355538133104016,2.8831266015882058,14.446852991771197,0.9025285748181036,0.738589104411811,148.77074706864357,,,,0.1639132101489768,11.19543291077998,,False,False,1.485324694090384,1.370903744763996,,1.2416984053088027,1.2136330676426232,,,False,False,Cade Klubnik,NYJ,rookie_rule,True,drafted,False,,2.0,backup,rookie_path,4.888888888888889,4.888888888888889,1.0,False,2.0,2.3886009041284377,22.00089020868356,downward,True,0.4885774576626349,True,True,no_data,2.0,rank_2,1.0,False,9.0,False,1.0804595316479846,False,1.0,False,32.407872629000565,201.1291021889327,27.45450069012769,119.16603389972052,2025.0,NYJ,canonical_source_team_frame,0.0,0.0,0.0,0.0,0.0,0.0,0.0,0.0,0.0,2.273736754432321e-13,projected_games,21.982656477968796,0.0,60.01941645929143
00-0039849,WR,2026,9.124989319889561,5.929051955299755,5.929051955299755,13.106907807485667,False,,,,,,,0.3421275779996386,52.84144780192715,3.5761581433980303,,,6.115047346292984,False,False,,,1.0,,,1.0,1.0,False,False,Marvin Harrison Jr.,ARI,veteran_model,False,,False,ACT,1.0,starter,curated,13.89573202790448,13.89573202790448,1.0,False,1.0,13.89573202790448,24.338087108826755,downward,True,,False,True,,,,,,,,0.943688680030244,False,0.9999999999999998,False,36.21418096404104,240.76817941837584,24.988650455385,107.79252270381906,2025.0,ARI,canonical_source_team_frame,0.0,0.0,0.0,0.0,0.0,230.485557825984,61.09721757041359,2.4522766638891937,0.0,0.0,projected_games,126.79840634667569,82.38851715036849,182.13007860726987
00-0040719,RB,2026,9.049273075892275,1.6728181343605126,1.6728181343605126,18.25911546880684,False,,12.717882362583016,,,,,0.0325185786237351,8.06957085951676,1.1104015897466328,0.3650270644874687,53.0184133640006,1.322059851911522,False,True,,,1.0,1.8397139675952128,1.8080542903628176,1.0,1.0,False,False,Bhayshul Tuten,JAX,veteran_model,False,,False,ACT,1.0,starter,curated,10.956261383040555,10.956261383040555,1.0,False,1.0,10.956261383040555,20.206407261437764,downward,True,,False,True,,,,,,,,0.8618509111010552,False,1.0000000000000002,False,34.28151954965283,230.8790754929431,27.42470108063263,117.85711799660008,2025.0,JAX,canonical_source_team_frame,0.0,0.0,0.0,0.0,0.0,542.2274767280733,103.90199907631133,11.6552462028087,0.0,2.273736754432321e-13,projected_games,99.14620114598716,18.32783272634403,200.05164169936683
00-0037740,WR,2026,8.993529171701638,6.024131532979251,6.024131532979251,12.692627737810414,False,,,,,,,0.3761148687909699,46.94240980237837,4.085197957435963,,,7.3012874829699665,False,False,,,0.925532119166682,,,0.945230425597829,0.924926104234489,False,False,Garrett Wilson,NYJ,veteran_model,False,,False,ACT,2.0,starter,curated,13.834094206052075,13.834094206052075,1.0,False,1.0,13.834094206052075,22.00089020868356,downward,True,,False,True,,,,,,,,1.0804595316479846,False,1.0,False,32.407872629000565,201.1291021889327,27.45450069012769,119.16603389972052,2025.0,NYJ,canonical_source_team_frame,0.0,0.0,0.0,0.0,0.0,0.0,0.0,0.0,0.0,2.273736754432321e-13,projected_games,124.41732980619796,83.33840313688385,175.5910078472189
00-0039164,QB,2026,8.976448190735178,-0.7805185874709173,0.0,18.36310692479066,True,17.610482860880023,2.656894517806242,10.938189019374864,0.3890282774801386,0.8617148675595795,116.97412744646796,,,,0.0597024700959559,12.70465357022684,,False,True,1.3417823877570714,1.2706103499121044,,1.46505357594124,1.504257233642124,,,False,False,Anthony Richardson,IND,veteran_model,True,,False,ACT,,deep_bench,deep_bench_discounted,5.1183267972959685,5.1183267972959685,0.77,True,2.0,1.1585320725202064,22.377203022332637,downward,True,0.226349765929808,True,True,,,,,,,,0.7292128354928176,True,0.9999999999999998,False,33.81962358341313,234.02719158280576,26.501089706236453,117.38641446396322,2025.0,IND,canonical_source_team_frame,0.0,0.0,0.0,0.0,0.0,1077.316513646881,80.42225690596678,8.539487741748761,1.1368683772161605e-13,2.273736754432321e-13,projected_games,10.399503126282683,0.0,21.27424832348788
00-0038544,WR,2026,8.969206334503953,5.773268969914145,5.773268969914145,12.95112482210006,False,,,,,,,0.3625527058190432,49.4959421268615,3.688591773807086,,,5.934860947898359,False,False,,,1.0,,,1.0,1.0,False,False,Quentin Johnston,LAC,veteran_model,False,,False,ACT,1.0,starter,curated,15.19490765198722,15.19490765198722,1.0,False,2.0,15.19490765198722,18.14132108931228,downward,True,,False,True,,,,,,,,0.896434828715537,False,1.0,False,34.810666017945884,231.0080210563423,26.605299733204117,118.73885720842677,2025.0,LAC,canonical_source_team_frame,0.0,0.0,0.0,0.0,0.0,406.7145495693435,95.61154335628294,8.79102244326705,0.0,0.0,projected_games,136.28626196440638,87.72428884792882,196.79114566116982
00-0039376,QB,2026,8.968162678351252,0.408069400411442,0.408069400411442,17.815947028946624,False,23.883237209737107,2.5501103302708543,15.03021684869078,0.6144930165329682,0.4981755393020268,165.27552087592915,,,,0.0835488879220213,10.921323916397872,,False,False,1.2468078673113463,1.282633154216486,,1.0067147255508837,0.9856975381239048,,,False,False,Spencer Rattler,NO,veteran_model,True,,False,ACT,2.0,backup,curated,6.0146137863897415,6.0146137863897415,0.77,True,2.0,2.944506527434626,21.59325303282543,downward,True,0.4895587035193592,True,True,,,,,,,,0.8801009681156396,False,1.0,False,34.116960253547056,231.15975941032937,26.95323708907626,109.1195451687137,2025.0,NO,canonical_source_team_frame,0.0,0.0,0.0,0.0,0.0,471.16913318664274,47.16906708270608,0.0,5.684341886080803e-14,0.0,projected_games,26.406813545500857,1.201563013157825,52.45917231916286
00-0039738,RB,2026,8.961428401340244,2.7174964796465506,2.7174964796465506,16.633761245200667,False,,12.042988011738158,,,,,0.0483651102681462,7.716338277432521,1.2393832786088093,0.2812317363439707,55.92521854619886,1.6289184459477162,False,False,,,1.0,1.3680396892437836,1.5382646428592717,1.0,0.9838875051154712,False,False,Blake Corum,LA,veteran_model,True,,False,ACT,2.0,committee,curated,13.101915411942285,13.101915411942285,0.98,True,2.0,13.101915411942285,23.599505879780573,downward,True,,False,True,,,,,,,,0.7985958779872415,True,1.0,False,34.823713349866885,249.40469135191364,26.59281878800156,121.38612330535705,2025.0,LA,canonical_source_team_frame,0.0,0.0,0.0,0.0,0.0,853.9292590891182,65.83737867987509,0.0,0.0,0.0,projected_games,117.41187688453705,35.60440900858004,217.9341328170629
00-0040234,QB,2026,8.92532601922551,-3.6049925378549688,0.0,25.979092576678436,True,24.918569187536608,1.5320984328002734,13.825204078231486,0.9361942780639584,0.7567944997050631,176.87574637777894,,,,0.0314867662431731,5.065861239629781,,False,False,2.7541026330078093,2.885459183034638,,1.1652049249551069,1.0810354942078024,,,False,False,Quinn Ewers,MIA,veteran_model,True,,False,ACT,2.0,backup,curated,5.932267128607855,5.932267128607855,0.77,True,2.0,6.160633670864419,15.820591246614065,upward,True,1.038495660648066,True,True,,,,,,,,0.8973004686307117,False,1.0,False,32.35673046917577,214.6124638790677,26.70994351578604,118.05744126358432,2025.0,MIA,canonical_source_team_frame,0.0,0.0,0.0,0.0,0.0,374.6901909286057,43.11113101787174,0.0,5.684341886080803e-14,2.273736754432321e-13,projected_games,54.985663997482966,0.0,160.04767246638906
00-0036875,RB,2026,8.911135870997644,2.8846176327045647,2.8846176327045647,16.405606615086935,False,,10.741472520533842,,,,,0.0464138998118467,14.884127548214954,1.8719349817916435,0.3842588260826095,39.027192699135895,2.207683318121059,False,False,,,0.9802549627291288,1.4102971962032642,1.3705905583456257,1.0,1.0,False,False,Rhamondre Stevenson,NE,veteran_model,False,,False,ACT,1.0,starter,curated,13.605922460264402,13.605922460264402,1.0,False,1.0,13.605922460264402,14.772857648172948,upward,True,,False,True,,,,,,,,1.0201427567537114,False,1.0,False,33.74673756144342,243.75690325453,26.991281582048,121.68752580253285,2025.0,NE,canonical_source_team_frame,0.0,0.0,0.0,0.0,0.0,0.0,25.51114389997366,2.053035900254038,1.1368683772161605e-13,0.0,projected_games,121.24422369367463,39.24788383808977,223.21341151847358
00-0035640,WR,2026,8.887136447495594,5.691199082905787,5.691199082905787,12.8690549350917,False,,,,,,,0.2707286312419701,51.87201115294621,4.1511270894983054,,,6.955269198258991,False,False,,,1.0,,,1.0,1.0,False,False,DK Metcalf,PIT,veteran_model,False,,False,ACT,1.0,starter,curated,14.61000714082668,14.61000714082668,1.0,False,1.0,14.61000714082668,21.24394245613634,downward,True,,False,True,,,,,,,,0.877056421443679,False,1.0,False,33.528333841849026,220.6189626135148,26.33273552345513,112.30420927129472,2025.0,PIT,canonical_source_team_frame,0.0,0.0,0.0,0.0,0.0,461.1026409385077,45.487651964804456,0.196712414829836,0.0,2.273736754432321e-13,projected_games,129.8411269594117,83.1484592411198,188.01698449738058
00-0034960,WR,2026,8.879932414951323,5.683995050361515,5.683995050361515,12.861850902547427,False,,,,,,,0.2962907927819299,50.10446566562138,4.18348218339521,,,6.10546178651843,False,False,,,1.0,,,1.0,1.0,False,False,Jakobi Meyers,JAX,veteran_model,False,,False,ACT,2.0,starter,curated,14.387789478794248,14.387789478794248,1.0,False,2.0,14.387789478794248,20.206407261437764,downward,True,,False,True,,,,,,,,0.8618509111010552,False,1.0000000000000002,False,34.28151954965283,230.8790754929431,27.42470108063263,117.85711799660008,2025.0,JAX,canonical_source_team_frame,0.0,0.0,0.0,0.0,0.0,542.2274767280733,103.90199907631133,11.6552462028087,0.0,2.273736754432321e-13,projected_games,127.76259817224064,81.78012418310999,185.05360309349217
00-0039165,RB,2026,8.857594424478304,3.616248953459618,3.616248953459618,15.490436059596345,False,,10.366464266763517,,,,,0.0358149924018374,8.624414444241795,1.576623944486398,0.3974076955155162,46.07504880306803,2.13991990970915,False,False,,,1.0,1.1591876850506788,1.1642434898897351,1.0,1.0,False,False,Zach Charbonnet,SEA,veteran_model,False,,False,ACT,1.0,starter,curated,13.668082816621542,13.668082816621542,1.0,False,1.0,13.668082816621542,19.49564219328384,downward,True,,False,True,,,,,,,,0.8711510504345189,False,0.9999999999999998,False,32.225819234062534,233.14110074227904,27.938112728980386,119.71891792298418,2025.0,SEA,canonical_source_team_frame,0.0,0.0,0.0,0.0,0.0,510.67976083010535,11.991597195078668,6.6499636008200405,0.0,0.0,projected_games,121.06633414981468,49.42719018140704,211.7245629281435
00-0038102,QB,2026,8.828679965603978,-0.36846959893794917,0.0,19.97200145954205,True,15.724296962528648,3.920112957224486,11.01002989017015,0.4090536742003454,0.930720245546476,115.29692566646584,,,,0.0869446618570087,7.903613340180774,,False,True,1.3503910626065918,1.1924210111329558,,2.536702854772177,2.7092536683903155,,,False,False,Kenny Pickett,CAR,veteran_model,True,,True,ACT,2.0,backup,curated,5.648326364291371,5.648326364291371,0.77,True,2.0,3.0938560427364528,19.92286534491023,downward,True,0.5477473933333175,True,True,,,,,,,,0.762642225796171,True,1.0000000000000002,False,33.081719189069275,214.5393770638172,26.97993809377384,116.45261469433012,2025.0,CAR,canonical_source_team_frame,0.0,0.0,0.0,0.0,0.0,865.6840133220421,82.42672504867357,7.690814341352549,0.0,2.273736754432321e-13,projected_games,27.314664860970126,0.0,61.79049740114542
00-0035685,RB,2026,8.772113600180507,3.47425721671328,3.47425721671328,15.585260513716571,False,,11.39533055903801,,,,,0.0185249201637861,7.806629496151306,1.290931381559523,0.3757236434103521,49.80493578340785,1.602115524493689,False,False,,,1.0,1.182294644853782,1.2276655199998978,1.0,1.0,False,False,David Montgomery,HOU,veteran_model,False,,True,ACT,1.0,starter,curated,13.523871921582854,13.523871921582854,1.0,False,1.0,13.523871921582854,18.04941432689289,downward,True,,False,True,,,,,,,,0.8352594114599872,False,1.0,False,34.32116198114704,230.71951669895023,27.0159725075953,113.89622067613276,2025.0,HOU,canonical_source_team_frame,0.0,0.0,0.0,0.0,0.0,646.1507724670905,60.24697481013885,7.455446411296052,0.0,0.0,projected_games,118.63294081041624,46.98540962146532,210.7730670520055
00-0040242,RB,2026,8.657969977232955,2.7106747357531544,2.7106747357531544,16.387870942966188,False,,12.420673755236216,,,,,0.0170575686588622,7.78554539298998,1.0010521969155106,0.2622589184313378,57.02990416935002,1.2925243076423,False,False,,,1.0,1.3914203755543118,1.4814179724420815,1.0,1.0,False,False,Jacory Croskey-Merritt,WAS,veteran_model,False,,False,ACT,1.0,starter,curated,11.569763198251003,11.569763198251003,1.0,False,1.0,11.569763198251003,17.0832969419234,downward,True,,False,True,,,,,,,,0.7734083043982058,True,1.0000000000000002,False,32.6701069973832,214.93987374561607,27.270251462105467,124.11887818477246,2025.0,WAS,canonical_source_team_frame,0.0,0.0,0.0,0.0,0.0,827.96103755573,70.84056173480843,1.8215509938874952,0.0,0.0,projected_games,100.17066241415192,31.361864800145607,189.60378613361718
00-0040663,TE,2026,8.632162606897008,6.165743018365724,6.165743018365724,11.287284180882384,False,,,,,,,0.3880093997537243,42.858535523253245,4.036505312098677,,,5.589755138217407,False,False,,,1.0,,,1.0,1.0,False,False,Harold Fannin Jr.,CLE,veteran_model,False,,False,ACT,1.0,starter,curated,14.279119402435326,14.279119402435326,1.0,False,1.0,14.279119402435326,10.284063846891716,upward,True,,False,True,,,,,,,,0.8164913489925817,False,1.0,False,33.8207863840279,210.1034066660231,26.544835692755186,109.30283679541014,2025.0,CLE,canonical_source_team_frame,0.0,0.0,0.0,0.0,0.0,655.4484763988635,98.14797606559432,2.452388874511467,5.684341886080803e-14,2.273736754432321e-13,projected_games,123.25968056511977,88.04138076397616,161.17247854803898
00-0036252,WR,2026,8.584179120687006,5.388241756097198,5.388241756097198,12.566097608283112,False,,,,,,,0.2374619997893617,51.017143770536535,4.115385489794364,,,6.602350401565912,False,False,,,1.0,,,1.0,1.0,False,False,Michael Pittman,PIT,veteran_model,False,,True,ACT,2.0,starter,curated,14.973822789039088,14.973822789039088,1.0,False,2.0,14.973822789039088,21.24394245613634,downward,True,,False,True,,,,,,,,0.877056421443679,False,1.0,False,33.528333841849026,220.6189626135148,26.33273552345513,112.30420927129472,2025.0,PIT,canonical_source_team_frame,0.0,0.0,0.0,0.0,0.0,461.1026409385077,45.487651964804456,0.196712414829836,0.0,2.273736754432321e-13,projected_games,128.5379769425366,80.68257720030022,188.16251873619925
00-0041438,WR,2026,8.380655703629085,2.3441884300949547,2.3441884300949547,13.785532505318,False,,,,,,,0.2879524653419743,48.16819990091143,3.67224184297219,,,6.127113851619928,False,False,,,1.0,,,1.0,1.0,False,False,Carnell Tate,TEN,rookie_rule,True,drafted,False,,2.0,starter,rookie_path,13.875,13.875,1.0,False,1.0,13.875,19.399084873783885,downward,True,,False,True,below_median,1.0,rank_1,1.141730422160646,False,16.0,False,0.9452763183553666,False,1.0000000000000002,False,33.99018463096149,212.0175347434573,25.99059410477733,108.16497255264404,2025.0,TEN,canonical_source_team_frame,0.0,0.0,0.0,0.0,0.0,197.2404612644764,53.34315299665252,3.6287139661061296,0.0,0.0,projected_games,116.28159788785355,32.52561446756749,191.27426351128727
00-0039032,RB,2026,8.353396316993464,2.611966005872704,2.611966005872704,15.293534990789153,False,,7.337807134017659,,,,,0.0755376868648576,14.53398076030272,2.051991521370055,0.3305020120699224,34.377642866694856,2.5949761916913654,False,False,,,1.0,1.291959423543185,1.256681329702728,1.0,1.0,False,False,Tyjae Spears,TEN,veteran_model,True,,False,ACT,2.0,committee,curated,13.18894361829637,13.18894361829637,0.98,True,2.0,13.18894361829637,19.399084873783885,downward,True,,False,True,,,,,,,,0.9452763183553666,False,1.0000000000000002,False,33.99018463096149,212.0175347434573,25.99059410477733,108.16497255264404,2025.0,TEN,canonical_source_team_frame,0.0,0.0,0.0,0.0,0.0,197.2404612644764,53.34315299665252,3.6287139661061296,0.0,0.0,projected_games,110.17247304611136,34.449072384361855,201.70557071796085
00-0037013,QB,2026,8.345704568973245,-1.2490549908007915,0.0,17.997832951440923,True,20.84928841862826,2.097556450623804,12.43390111942807,0.8144497476449389,0.7684692896327507,148.14962935508743,,,,0.0484030115348185,6.843236623197118,,False,False,1.2468078673113467,1.282633154216486,,1.0067147255508837,0.9856975381239048,,,False,False,Zach Wilson,NO,veteran_model,True,,True,ACT,,deep_bench,deep_bench_discounted,1.8525627090719323,1.8525627090719323,0.84,True,3.0,0.3294169352016179,21.59325303282543,downward,True,0.1778168877028967,True,True,,,,,,,,0.8801009681156396,False,1.0,False,34.116960253547056,231.15975941032937,26.95323708907626,109.1195451687137,2025.0,NO,canonical_source_team_frame,0.0,0.0,0.0,0.0,0.0,471.16913318664274,47.16906708270608,0.0,5.684341886080803e-14,0.0,projected_games,2.7492164212093058,0.0,5.928790971134358
00-0039916,WR,2026,8.327024927397284,5.131087562807476,5.131087562807476,12.30894341499339,False,,,,,,,0.2942181533419606,49.86710434482948,3.150011145725145,,,5.31025743578396,False,False,,,1.0,,,1.0,1.0,False,False,Ricky Pearsall,SF,veteran_model,True,,False,ACT,,deep_bench,deep_bench_discounted,13.39441107239054,13.39441107239054,1.0,False,2.0,13.39441107239054,20.268882541673257,downward,True,,False,True,,,,,,,,0.991540844247621,False,1.0000000000000002,False,34.24847968425997,240.1216094230843,26.911226973415506,112.91814451887672,2025.0,SF,canonical_source_team_frame,0.0,0.0,0.0,0.0,0.0,34.530843591570374,14.986003777602036,7.225861317038813,0.0,0.0,projected_games,111.53559488760222,68.72789606467384,164.87104796721607
00-0040236,RB,2026,8.322068831434395,2.2897951400985885,2.2897951400985885,15.90935387143843,False,,11.356531618386375,,,,,0.035357831129481,9.195557851866583,1.317079536873264,0.2815746465020304,48.42378412022036,1.833125115277605,False,False,,,1.0,1.432464540362438,1.447060547170196,1.0,1.0,False,False,Kyle Monangai,CHI,veteran_model,True,,False,ACT,2.0,committee,curated,10.765272175325071,10.765272175325071,0.98,True,2.0,10.765272175325071,18.449464280783285,downward,True,,False,True,,,,,,,,0.9135686161925484,False,1.0000000000000002,False,33.737891607375786,231.6083524098304,27.69702416995268,127.85615277062598,2025.0,CHI,canonical_source_team_frame,0.0,0.0,0.0,0.0,0.0,340.3099168024751,65.69620810933344,6.574845673487438,0.0,0.0,projected_games,89.58933603218073,24.65026790889791,171.26852455959633
00-0039384,RB,2026,8.311146419929168,3.707662062486627,3.707662062486627,14.066527241031572,False,,10.40307863531713,,,,,0.0507182926167816,15.19325936301755,2.148686781416734,0.2106374845250664,41.49342430067957,3.15373939296267,False,False,,,1.0,0.959334846994094,0.984549981444398,0.9182512412543492,1.0,False,False,Tyrone Tracy Jr.,NYG,veteran_model,True,,False,ACT,2.0,committee,curated,14.139450483252862,14.139450483252862,0.98,True,2.0,14.139450483252862,23.01824991096567,downward,True,,False,True,,,,,,,,0.969501997801332,False,1.0,False,33.2431579562698,223.72213877664484,27.96941585077396,122.67702612627788,2025.0,NYG,canonical_source_team_frame,0.0,0.0,0.0,0.0,0.0,115.99233076511427,0.0,0.95835366558714,5.684341886080803e-14,0.0,projected_games,117.51504326365277,52.42430414116484,198.8929653958934
00-0033869,QB,2026,8.28876613914465,-0.21955811917528267,0.0,17.222315537799826,True,21.420645672069902,1.970546315401852,13.413922600899824,0.5472946356021074,0.7922795764848571,132.2034232334193,,,,0.054242885468904,6.006428622592406,,False,False,1.3078702075855488,1.1389077027590386,,1.291959423543185,1.256681329702728,,,False,False,Mitchell Trubisky,TEN,veteran_model,True,,True,ACT,2.0,backup,curated,4.883751374277316,4.883751374277316,0.77,True,2.0,2.4846665004934323,19.399084873783885,downward,True,0.5087618738292357,True,True,,,,,,,,0.9452763183553666,False,1.0000000000000002,False,33.99018463096149,212.0175347434573,25.99059410477733,108.16497255264404,2025.0,TEN,canonical_source_team_frame,0.0,0.0,0.0,0.0,0.0,197.2404612644764,53.34315299665252,3.6287139661061296,0.0,0.0,projected_games,20.594819556356995,0.0,42.79171047769876
00-0038124,WR,2026,8.257534766887503,5.061597402297695,5.061597402297695,12.239453254483607,False,,,,,,,0.2168239262858761,52.79854813168389,3.3534727920077128,,,5.809892288209435,False,False,,,1.0,,,1.0,1.0,False,False,Christian Watson,GB,veteran_model,False,,False,ACT,2.0,starter,curated,13.947447869727704,13.947447869727704,1.0,False,1.0,13.947447869727704,20.08091338164539,downward,True,,False,True,,,,,,,,0.7132851478920521,True,1.0,False,32.63758427248949,227.66090813078225,27.533140288417208,118.4026551060812,2025.0,GB,canonical_source_team_frame,0.0,0.0,0.0,0.0,0.0,1109.653981293132,100.51157356910396,10.99654943968886,0.0,0.0,projected_games,115.17153569362755,70.59636590609625,170.7091362208792
00-0027973,QB,2026,8.228637260260669,-0.4560421685106544,0.0,17.114328213331497,True,18.837935279471505,1.846187164030433,11.424959334987404,0.3444555489088551,0.8639728932974333,116.80949810769536,,,,0.028026252226306,6.211193472229962,,False,False,1.3076597234675735,1.2306449410603404,,1.2851906002510975,1.406957869337138,,,False,False,Andy Dalton,PHI,veteran_model,True,,True,ACT,,deep_bench,deep_bench_discounted,5.498854704892285,5.498854704892285,0.77,True,2.0,1.2381606622226862,22.734366573198308,downward,True,0.225167008162828,True,True,,,,,,,,0.9852092383981552,False,1.0,False,32.80466217687678,217.87283255481577,27.5089337932841,118.95482935957656,2025.0,PHI,canonical_source_team_frame,0.0,1.1368683772161605e-13,7.218158658701871e-14,9.094947017729282e-13,5.402090322974834e-15,54.78258713922742,30.42911752801558,3.044085996966416,0.0,0.0,projected_games,10.18837495935462,0.0,21.19028795411493
00-0039868,WR,2026,8.159271010728926,5.011326128292713,5.011326128292713,12.077117145779836,False,,,,,,,0.2976830118334754,45.64281521648646,3.617782836158856,,,5.474947802809818,False,False,,,1.0,,,1.0,1.0,False,False,Troy Franklin,DEN,veteran_model,True,,False,ACT,,deep_bench,deep_bench_discounted,13.598253983888329,13.598253983888329,0.97,True,3.0,13.598253983888329,18.024518158614,downward,True,,False,True,,,,,,,,0.9854034591801514,False,1.0,False,34.865759372852125,230.0782856671356,26.41359970598278,116.8514641863358,2025.0,DEN,canonical_source_team_frame,0.0,0.0,0.0,0.0,0.0,57.091900504519344,48.03783450360993,4.639782232459449,0.0,0.0,projected_games,110.95183952726916,68.14528548862006,164.22770634148668
00-0040126,TE,2026,7.984042946593352,5.517623358062066,5.517623358062066,10.639164520578728,False,,,,,,,0.2545367643105847,44.209205491756855,4.071803623108314,,,5.720968877591503,False,False,,,1.0,,,1.0,1.0,False,False,Colston Loveland,CHI,veteran_model,False,,False,ACT,1.0,starter,curated,14.7062715356377,14.7062715356377,1.0,False,1.0,14.7062715356377,18.449464280783285,downward,True,,False,True,,,,,,,,0.9135686161925484,False,1.0000000000000002,False,33.737891607375786,231.6083524098304,27.69702416995268,127.85615277062598,2025.0,CHI,canonical_source_team_frame,0.0,0.0,0.0,0.0,0.0,340.3099168024751,65.69620810933344,6.574845673487438,0.0,0.0,projected_games,117.41550352479476,81.14366733503786,156.46244235195346
00-0038606,WR,2026,7.894419972220057,4.746475089783844,4.746475089783844,11.812266107270965,False,,,,,,,0.3143270909078999,44.319631071211234,3.1529886393030693,,,5.237531960822636,False,False,,,1.0,,,1.0,1.0,False,False,Parker Washington,JAX,veteran_model,True,,False,ACT,3.0,starter,curated,12.599697985394394,12.599697985394394,0.97,True,3.0,12.599697985394394,20.206407261437764,downward,True,,False,True,,,,,,,,0.8618509111010552,False,1.0000000000000002,False,34.28151954965283,230.8790754929431,27.42470108063263,117.85711799660008,2025.0,JAX,canonical_source_team_frame,0.0,0.0,0.0,0.0,0.0,542.2274767280733,103.90199907631133,11.6552462028087,0.0,2.273736754432321e-13,projected_games,99.46730741983833,59.80415262647417,148.83098547472446
00-0035659,WR,2026,7.872515846053615,4.676578481463808,4.676578481463808,11.85443433364972,False,,,,,,,0.2713528527810625,45.16130323279705,3.4565368121750684,,,6.036498866943133,False,False,,,1.0,,,1.0,1.0,False,False,Terry McLaurin,WAS,veteran_model,False,,False,ACT,1.0,starter,curated,13.480444908407,13.480444908407,1.0,False,1.0,13.480444908407,17.0832969419234,downward,True,,False,True,,,,,,,,0.7734083043982058,True,1.0000000000000002,False,32.6701069973832,214.93987374561607,27.270251462105467,124.11887818477246,2025.0,WAS,canonical_source_team_frame,0.0,0.0,0.0,0.0,0.0,827.96103755573,70.84056173480843,1.8215509938874952,0.0,0.0,projected_games,106.12501615328688,63.04235857921452,159.8030489550935
00-0037816,WR,2026,7.866778115069492,4.702357541230735,4.702357541230735,11.812243840019686,False,,,,,,,0.3120930926777228,44.366012714895135,3.115236575027282,,,5.551424232814151,False,False,,,0.9802549627291288,,,1.0,1.0,False,False,Romeo Doubs,NE,veteran_model,False,,True,ACT,2.0,starter,curated,14.894674456786326,14.894674456786326,1.0,False,2.0,14.894674456786326,14.772857648172948,upward,True,,False,True,,,,,,,,1.0201427567537114,False,1.0,False,33.74673756144342,243.75690325453,26.991281582048,121.68752580253285,2025.0,NE,canonical_source_team_frame,0.0,0.0,0.0,0.0,0.0,0.0,25.51114389997366,2.053035900254038,1.1368683772161605e-13,0.0,projected_games,117.17309904773124,70.04008475604599,175.93952660127286
00-0041511,WR,2026,7.836233830998776,2.194372687386406,2.194372687386406,12.882670407656935,False,,,,,,,0.2678574311159769,44.83609420221044,3.49095964816374,,,6.1621435591459,False,False,,,0.925532119166682,,,0.945230425597829,0.924926104234489,False,False,Omar Cooper Jr.,NYJ,rookie_rule,True,drafted,False,,3.0,starter,rookie_path,14.0,14.0,1.0,False,3.0,14.0,22.00089020868356,downward,True,,False,True,above_median,2.0,rank_2,0.999409637065995,False,18.0,False,1.0804595316479846,False,1.0,False,32.407872629000565,201.1291021889327,27.45450069012769,119.16603389972052,2025.0,NYJ,canonical_source_team_frame,0.0,0.0,0.0,0.0,0.0,0.0,0.0,0.0,0.0,2.273736754432321e-13,projected_games,109.70727363398285,30.721217623409686,180.3573857071971
00-0035719,WR,2026,7.76068884911091,4.564751484521102,4.564751484521102,11.742607336707016,False,,,,,,,0.2395000653464666,43.010019969903865,4.045372920083446,,,5.944474850308974,False,False,,,1.0,,,1.0,1.0,False,False,Deebo Samuel Sr.,SF,veteran_model,False,,True,,2.0,starter,curated,13.537446663193728,13.537446663193728,1.0,False,4.0,13.537446663193728,20.268882541673257,downward,True,,False,True,,,,,,,,0.991540844247621,False,1.0000000000000002,False,34.24847968425997,240.1216094230843,26.911226973415506,112.91814451887672,2025.0,SF,canonical_source_team_frame,0.0,0.0,0.0,0.0,0.0,34.530843591570374,14.986003777602036,7.225861317038813,0.0,0.0,projected_games,105.05991136448127,61.79507975243881,158.9649205074986
00-0037256,RB,2026,7.701551613454376,1.5565967746080767,1.5565967746080767,15.29667346174968,False,,8.958024226146428,,,,,0.0465363079320741,9.98672838999852,1.5957612643609251,0.3357730799252166,36.11141815130318,1.9489644366236136,False,False,,,1.0,1.3914203755543118,1.4814179724420815,1.0,1.0,False,False,Rachaad White,WAS,veteran_model,True,,True,ACT,2.0,committee,curated,13.618366443721875,13.618366443721875,0.98,True,2.0,13.618366443721875,17.0832969419234,downward,True,,False,True,,,,,,,,0.7734083043982058,True,1.0000000000000002,False,32.6701069973832,214.93987374561607,27.270251462105467,124.11887818477246,2025.0,WAS,canonical_source_team_frame,0.0,0.0,0.0,0.0,0.0,827.96103755573,70.84056173480843,1.8215509938874952,0.0,0.0,projected_games,104.88255205725915,21.198305281728334,208.31570457206277
00-0033090,TE,2026,7.687462821301714,5.241042830592428,5.241042830592428,10.318401599024774,False,,,,,,,0.286764004960267,39.84323409401264,3.965110764277696,,,5.07904186946685,False,False,,,0.9802549627291288,,,1.0,1.0,False,False,Hunter Henry,NE,veteran_model,False,,False,ACT,1.0,starter,curated,14.958125953053209,14.958125953053209,1.0,False,1.0,14.958125953053209,14.772857648172948,upward,True,,False,True,,,,,,,,1.0201427567537114,False,1.0,False,33.74673756144342,243.75690325453,26.991281582048,121.68752580253285,2025.0,NE,canonical_source_team_frame,0.0,0.0,0.0,0.0,0.0,0.0,25.51114389997366,2.053035900254038,1.1368683772161605e-13,0.0,projected_games,114.99003714044481,78.39617878534804,154.3439507523982
00-0040162,RB,2026,7.632522590128097,1.2251163789323645,1.2251163789323645,15.637040680171733,False,,8.446676497735325,,,,,0.0786923846611802,11.5876493376489,2.1235488031264715,0.2598335238648691,33.80827803643676,2.362185129151259,False,True,,,1.0,1.5414969511534775,1.5559727222788613,1.0,1.0,False,False,Dylan Sampson,CLE,veteran_model,True,,False,ACT,2.0,committee,curated,10.619445604038903,10.619445604038903,0.98,True,2.0,10.619445604038903,10.284063846891716,upward,True,,False,True,,,,,,,,0.8164913489925817,False,1.0,False,33.8207863840279,210.1034066660231,26.544835692755186,109.30283679541014,2025.0,CLE,canonical_source_team_frame,0.0,0.0,0.0,0.0,0.0,655.4484763988635,98.14797606559432,2.452388874511467,5.684341886080803e-14,2.273736754432321e-13,projected_games,81.05315846746345,13.010056744689358,166.0567029112272
00-0035993,QB,2026,7.614473892611092,-0.5846451429374571,0.0,18.192219675171277,True,19.321216807642028,4.845984700176412,9.445897882032336,0.4671000434400935,0.3745390700484885,102.59506202075038,,,,0.0700121801742909,25.266421374215643,,False,False,1.585132911484987,1.5350934568434365,,1.4638590950277692,1.2998830708134892,,,False,False,Tyler Huntley,BAL,veteran_model,True,,False,ACT,2.0,backup,curated,3.81253559401426,3.81253559401426,0.77,True,2.0,2.8751938205983443,18.421690320520103,downward,True,0.7541421580725549,True,True,,,,,,,,0.8405930073619484,False,1.0,False,31.371651182397663,213.6422320700136,28.05821210195141,132.6208441085526,2025.0,BAL,canonical_source_team_frame,0.0,0.0,0.0,0.0,0.0,578.9531171509466,55.41434962128113,4.989568733629504,5.684341886080803e-14,4.547473508864641e-13,projected_games,21.89308828314283,0.0,52.306157593020075
00-0037261,WR,2026,7.5124022031073086,4.316464838517501,4.316464838517501,11.494320690703415,False,,,,,,,0.2643990643839977,39.529666081906754,3.946082417225293,,,5.297008137676314,False,False,,,1.0,,,1.0,1.0,False,False,Khalil Shakir,BUF,veteran_model,False,,False,ACT,3.0,starter,curated,12.54056730376146,12.54056730376146,1.0,False,2.0,12.54056730376146,20.07985848410768,downward,True,,False,True,,,,,,,,0.7844531400579932,True,1.0000000000000002,False,33.20980278431125,231.99901556001677,27.99616806245821,133.52559682822502,2025.0,BUF,canonical_source_team_frame,0.0,0.0,0.0,0.0,0.0,850.1132083311727,39.78679072911751,7.808599833668275,5.684341886080803e-14,0.0,projected_games,94.20978544099307,54.13091782174856,144.14530223278408
00-0034351,TE,2026,7.461008686832731,4.9945890983014465,4.9945890983014465,10.116130260818107,False,,,,,,,0.2966751906774001,37.975049795884864,3.766905126359687,,,5.408256713556684,False,False,,,1.0,,,1.0,1.0,False,False,Dallas Goedert,PHI,veteran_model,False,,False,ACT,1.0,starter,curated,14.162848950788211,14.162848950788211,1.0,False,1.0,14.162848950788211,22.734366573198308,downward,True,,False,True,,,,,,,,0.9852092383981552,False,1.0,False,32.80466217687678,217.87283255481577,27.5089337932841,118.95482935957656,2025.0,PHI,canonical_source_team_frame,0.0,1.1368683772161605e-13,7.218158658701871e-14,9.094947017729282e-13,5.402090322974834e-15,54.78258713922742,30.42911752801558,3.044085996966416,0.0,0.0,projected_games,105.66913905213067,70.73761097049687,143.2732248504646
00-0037525,RB,2026,7.454697841479357,1.7508232066859353,1.7508232066859353,15.243353019030002,False,,10.50227540926795,,,,,0.0018837304733705,4.445547090146617,0.790441951382511,0.3117404366861721,47.33177153816184,0.9754658921859404,False,False,,,1.0,1.4366355718674126,1.5359554882961344,1.0,1.0,False,False,Jordan Mason,MIN,veteran_model,True,,False,ACT,2.0,committee,curated,11.54314208771863,11.54314208771863,0.98,True,2.0,11.54314208771863,23.81008358971931,downward,True,,False,True,,,,,,,,0.8282117242306364,False,1.0,False,33.3178469069799,212.14951525474893,25.942735935008912,113.22736292046942,2025.0,MIN,canonical_source_team_frame,0.0,0.0,0.0,0.0,0.0,619.5615903256335,79.08820679380477,5.267654923665397,5.684341886080803e-14,4.547473508864641e-13,projected_games,86.0506364052056,20.210001045250912,175.95618979191806
00-0034753,TE,2026,7.450952691907855,4.98453310337657,4.98453310337657,10.10607426589323,False,,,,,,,0.3527864399508254,35.87867020457064,3.492734063491676,,,5.192701253327568,False,False,,,1.0,,,1.0,1.0,False,False,Mark Andrews,BAL,veteran_model,False,,False,ACT,1.0,starter,curated,15.97704168884038,15.97704168884038,1.0,False,1.0,15.97704168884038,18.421690320520103,downward,True,,False,True,,,,,,,,0.8405930073619484,False,1.0,False,31.371651182397663,213.6422320700136,28.05821210195141,132.6208441085526,2025.0,BAL,canonical_source_team_frame,0.0,0.0,0.0,0.0,0.0,578.9531171509466,55.41434962128113,4.989568733629504,5.684341886080803e-14,4.547473508864641e-13,projected_games,119.04418178018925,79.63809319205238,161.46516985669308
00-0039391,RB,2026,7.438853541966299,2.2004798074447205,2.2004798074447205,13.913786820813396,False,,8.449234026166438,,,,,0.055277099667937,9.152157610750404,1.2673108958305574,0.280629830975862,38.74540749113186,1.6278105755294756,False,False,,,1.0,1.135186720108519,1.161643765156437,1.0,1.0,False,False,Kimani Vidal,LAC,veteran_model,True,,False,ACT,,deep_bench,deep_bench_discounted,13.06406229722858,13.06406229722858,0.98,True,2.0,13.06406229722858,18.14132108931228,downward,True,,False,True,,,,,,,,0.896434828715537,False,1.0,False,34.810666017945884,231.0080210563423,26.605299733204117,118.73885720842677,2025.0,LAC,canonical_source_team_frame,0.0,0.0,0.0,0.0,0.0,406.7145495693435,95.61154335628294,8.79102244326705,0.0,0.0,projected_games,97.1816460922072,28.747205288251376,181.7705778174642
00-0041561,QB,2026,7.360191142174382,-1.746772399176936,0.0,15.128146557496702,True,21.62245807812124,2.198156518520495,12.845273512312946,0.5202802431742263,0.537295297499174,119.30803852120052,,,,0.0884745956417061,9.484013238278818,,True,False,1.2572294063439826,1.1137272557848292,,0.9180466734374538,0.9153185490843228,,,False,False,Carson Beck,ARI,rookie_rule,True,drafted,False,,,,rookie_path,4.461538461538462,4.461538461538462,1.0,False,3.0,0.8415028187475053,24.338087108826755,downward,True,0.1886127007537512,True,True,no_data,,off_chart,0.8012907694371005,False,13.0,False,0.943688680030244,False,0.9999999999999998,False,36.21418096404104,240.76817941837584,24.988650455385,107.79252270381906,2025.0,ARI,canonical_source_team_frame,0.0,0.0,0.0,0.0,0.0,230.485557825984,61.09721757041359,2.4522766638891937,0.0,0.0,projected_games,6.193621592660163,0.0,12.730377970558845
00-0037012,QB,2026,7.234174959364241,-0.618419164367248,0.0,14.76199173485581,True,16.903007269025558,3.555784293764258,10.68371663155276,0.2923439334212404,0.6630629159044515,76.80192320134005,,,,0.0798108248393555,16.1566928549918,,False,False,1.151947709003502,1.002087581635438,,1.1351867201085195,1.1616437651564373,,,False,False,Trey Lance,LAC,veteran_model,True,,False,ACT,2.0,backup,curated,3.603094729443455,3.603094729443455,0.77,True,2.0,2.4617736401311774,18.14132108931228,downward,True,0.6832386670309472,True,True,,,,,,,,0.896434828715537,False,1.0,False,34.810666017945884,231.0080210563423,26.605299733204117,118.73885720842677,2025.0,LAC,canonical_source_team_frame,0.0,0.0,0.0,0.0,0.0,406.7145495693435,95.61154335628294,8.79102244326705,0.0,0.0,projected_games,17.80890122305992,0.0,36.34068212870234
00-0038994,WR,2026,7.125277121267701,3.9293397566778925,3.9293397566778925,11.107195608863806,False,,,,,,,0.2847205395197182,39.275127092880645,2.978882349722654,,,4.999271688712032,False,False,,,1.0,,,1.0,1.0,False,False,Jordan Addison,MIN,veteran_model,False,,False,ACT,2.0,starter,curated,14.16319580232702,14.16319580232702,1.0,False,2.0,14.16319580232702,23.81008358971931,downward,True,,False,True,,,,,,,,0.8282117242306364,False,1.0,False,33.3178469069799,212.14951525474893,25.942735935008912,113.22736292046942,2025.0,MIN,canonical_source_team_frame,0.0,0.0,0.0,0.0,0.0,619.5615903256335,79.08820679380477,5.267654923665397,5.684341886080803e-14,4.547473508864641e-13,projected_games,100.91669501435547,55.652008347697006,157.313386223085
00-0031408,WR,2026,7.016538927846819,3.8206015632570107,3.8206015632570107,10.998457415442923,False,,,,,,,0.2825629204492225,39.06043328382959,2.830236153537048,,,5.167079636939766,False,False,,,1.0,,,1.0,1.0,False,False,Mike Evans,SF,veteran_model,False,,True,ACT,1.0,starter,curated,13.17757742179814,13.17757742179814,1.0,False,1.0,13.17757742179814,20.268882541673257,downward,True,,False,True,,,,,,,,0.991540844247621,False,1.0000000000000002,False,34.24847968425997,240.1216094230843,26.911226973415506,112.91814451887672,2025.0,SF,canonical_source_team_frame,0.0,0.0,0.0,0.0,0.0,34.530843591570374,14.986003777602036,7.225861317038813,0.0,0.0,projected_games,92.46098495476197,50.34627289766227,144.933024112349
00-0036040,TE,2026,7.007787717659019,4.587601987015554,4.587601987015554,9.617966644229101,False,,,,,,,0.1703641733493681,40.40423343580409,3.8903586679648026,,,5.05801064226342,False,False,,,1.0,,,1.0,0.9163349578264096,False,False,Juwan Johnson,NO,veteran_model,False,,False,ACT,1.0,starter,curated,14.879480315994003,14.879480315994003,1.0,False,1.0,14.879480315994003,21.59325303282543,downward,True,,False,True,,,,,,,,0.8801009681156396,False,1.0,False,34.116960253547056,231.15975941032937,26.95323708907626,109.1195451687137,2025.0,NO,canonical_source_team_frame,0.0,0.0,0.0,0.0,0.0,471.16913318664274,47.16906708270608,0.0,5.684341886080803e-14,0.0,projected_games,104.27223940357192,68.26113346341292,143.1103453626938
00-0037197,RB,2026,6.995392296398664,1.7882904763651908,1.7882904763651908,13.695746207944907,False,,9.446467343288656,,,,,0.0265754436015012,7.109041889396455,0.973594011478638,0.2460730930633116,41.61799881730823,1.3873286153598363,False,False,,,1.0,1.2383454255285062,1.1873054200979285,1.0,1.0,False,False,Isiah Pacheco,DET,veteran_model,True,,True,ACT,2.0,committee,curated,11.089833544582016,11.089833544582016,0.98,True,2.0,11.089833544582016,22.61533745621171,downward,True,,False,True,,,,,,,,0.9785289193999536,False,0.9999999999999998,False,33.929940625091575,246.18800924276172,26.78972180276002,118.19003241053174,2025.0,DET,canonical_source_team_frame,0.0,0.0,0.0,0.0,0.0,89.86068401667671,8.57475959461226,2.843661959408699,0.0,4.547473508864641e-13,projected_games,77.57773614611251,19.831843712251246,151.88354571494938
00-0038041,TE,2026,6.9089707282335455,4.44255113970226,4.44255113970226,9.56409230221892,False,,,,,,,0.2074726884496784,37.94927932241057,3.738413330588836,,,5.371253775372886,False,False,,,1.0,,,1.0,1.0,False,False,Jake Ferguson,DAL,veteran_model,False,,False,ACT,1.0,starter,curated,15.691162023876942,15.691162023876942,1.0,False,1.0,15.691162023876942,16.468086823371205,upward,True,,False,True,,,,,,,,0.93527049390564,False,1.0,False,34.84872978596818,250.0568833557896,26.917412919796803,120.7151518201046,2025.0,DAL,canonical_source_team_frame,0.0,0.0,0.0,0.0,0.0,275.16299543695914,57.23726737025993,5.15908901380503,0.0,0.0,projected_games,108.40977911493563,69.70878973242733,150.07172192543132
00-0041485,RB,2026,6.891255761105555,0.0,0.0,18.208037200571923,False,,9.458028082140602,,,,,0.0183525882880624,5.159586941669775,0.7055268585955862,0.3014534904032139,41.03697165493126,0.9325954599288934,False,False,,,1.0,2.536702854772178,2.7092536683903155,1.0,1.0,False,False,Miles Davis,CAR,rookie_rule,True,udfa,False,,,,rookie_path,0.7,0.7,1.0,False,6.0,0.7,19.92286534491023,downward,True,,False,True,no_data,,off_chart,1.0,False,300.0,False,0.762642225796171,True,1.0000000000000002,False,33.081719189069275,214.5393770638172,26.97993809377384,116.45261469433012,2025.0,CAR,canonical_source_team_frame,0.0,0.0,0.0,0.0,0.0,865.6840133220421,82.42672504867357,7.690814341352549,0.0,2.273736754432321e-13,projected_games,4.823879032773888,0.0,12.745626040400346
00-0038935,TE,2026,6.800031760577745,4.333612172046461,4.333612172046461,9.455153334563121,False,,,,,,,0.2597480887299259,34.84560143780378,3.513966168835624,,,4.654106138076218,False,False,,,1.0,,,1.0,1.0,False,False,Brenton Strange,JAX,veteran_model,False,,False,ACT,1.0,starter,curated,13.807332167163224,13.807332167163224,1.0,False,1.0,13.807332167163224,20.206407261437764,downward,True,,False,True,,,,,,,,0.8618509111010552,False,1.0000000000000002,False,34.28151954965283,230.8790754929431,27.42470108063263,117.85711799660008,2025.0,JAX,canonical_source_team_frame,0.0,0.0,0.0,0.0,0.0,542.2274767280733,103.90199907631133,11.6552462028087,0.0,2.273736754432321e-13,projected_games,93.89029726555668,59.835622743107194,130.550442781774
00-0034383,TE,2026,6.777965727507899,4.311546138976613,4.311546138976613,9.433087301493273,False,,,,,,,0.1892811142134316,36.4817445150012,3.988209181454378,,,5.45148658237044,False,False,,,1.0,,,1.0,1.0,False,False,Dalton Schultz,HOU,veteran_model,False,,False,ACT,1.0,starter,curated,15.262833069180555,15.262833069180555,1.0,False,1.0,15.262833069180555,18.04941432689289,downward,True,,False,True,,,,,,,,0.8352594114599872,False,1.0,False,34.32116198114704,230.71951669895023,27.0159725075953,113.89622067613276,2025.0,HOU,canonical_source_team_frame,0.0,0.0,0.0,0.0,0.0,646.1507724670905,60.24697481013885,7.455446411296052,0.0,0.0,projected_games,103.45095944758,65.80640898927,143.9756368096987
00-0040398,QB,2026,6.617572924293122,-2.2918759141385694,0.0,17.42374477631672,True,15.161094186298902,2.525668671179803,9.630746772584343,0.6362561236086802,0.5791723403922631,101.92727652211808,,,,0.1347698486968045,6.876856568758802,,False,False,1.485324694090384,1.370903744763996,,1.2416984053088027,1.2136330676426232,,,False,False,Brady Cook,NYJ,veteran_model,True,,False,ACT,,deep_bench,deep_bench_discounted,3.004905094258053,3.004905094258053,0.84,True,3.0,0.5043028703349434,22.00089020868356,downward,True,0.1678265550877445,True,True,,,,,,,,1.0804595316479846,False,1.0,False,32.407872629000565,201.1291021889327,27.45450069012769,119.16603389972052,2025.0,NYJ,canonical_source_team_frame,0.0,0.0,0.0,0.0,0.0,0.0,0.0,0.0,0.0,2.273736754432321e-13,projected_games,3.3372610203718263,0.0,8.786844502679998
00-0026300,QB,2026,6.572679762142283,-1.2835188644095032,0.0,15.086617480688252,True,15.35136046692442,2.9469152014159854,9.289097705397928,0.3643144366406639,0.408103925018061,96.17339438755091,,,,0.0642479819199335,14.364692683297296,,False,False,1.0238419171165023,0.9913975078345734,,1.3692978965895573,1.5083201568968152,,,False,False,Josh Johnson,CIN,veteran_model,True,,True,ACT,,deep_bench,deep_bench_discounted,4.691932850015634,4.691932850015634,0.84,True,3.0,0.127671915603617,28.701985495349312,downward,True,0.0272109426295799,True,True,,,,,,,,0.8041969537750469,False,1.0000000000000002,False,35.7612028620279,238.64282026275723,25.12001337082607,107.36926538839045,2025.0,CIN,canonical_source_team_frame,0.0,0.0,0.0,0.0,0.0,794.3588498417512,105.60842751061163,2.3639751147743238,0.0,0.0,projected_games,0.839146615881831,0.0,1.9261373537384832
00-0036407,WR,2026,6.5482263752459815,3.3522890106561727,3.3522890106561727,10.530144862842086,False,,,,,,,0.1987739279452976,37.39233697913672,3.2326982193210463,,,5.4239364644405,False,False,,,1.0,,,1.0,1.0,False,False,Jerry Jeudy,CLE,veteran_model,False,,False,ACT,2.0,starter,curated,15.954770902483382,15.954770902483382,1.0,False,1.0,15.954770902483382,10.284063846891716,upward,True,,False,True,,,,,,,,0.8164913489925817,False,1.0,False,33.8207863840279,210.1034066660231,26.544835692755186,109.30283679541014,2025.0,CLE,canonical_source_team_frame,0.0,0.0,0.0,0.0,0.0,655.4484763988635,98.14797606559432,2.452388874511467,5.684341886080803e-14,2.273736754432321e-13,projected_games,104.47545163464882,53.48500316393191,168.00604885660778
00-0040494,QB,2026,6.503289465292091,-2.6262160581400473,0.0,18.442640884730668,True,22.55868764189815,1.7154119628677285,12.274976606532082,0.7942596691924739,0.5631456113492517,126.73724207089435,,,,0.0328846591437313,5.724287205818691,,False,False,1.5120379633346028,1.4706392694832942,,1.4366355718674126,1.5359554882961344,,,False,False,Max Brosmer,MIN,veteran_model,True,,False,ACT,,deep_bench,deep_bench_discounted,2.10760825906187,2.10760825906187,0.84,True,4.0,0.4481755334145879,23.81008358971931,downward,True,0.2126465065258749,True,True,,,,,,,,0.8282117242306364,False,1.0,False,33.3178469069799,212.14951525474893,25.942735935008912,113.22736292046942,2025.0,MIN,canonical_source_team_frame,0.0,0.0,0.0,0.0,0.0,619.5615903256335,79.08820679380477,5.267654923665397,5.684341886080803e-14,4.547473508864641e-13,projected_games,2.9146152250567527,0.0,8.265540416087854
00-0038400,QB,2026,6.500064498502866,-1.5594554135926162,0.0,16.10402761998223,True,18.711794470694468,2.225645952524363,11.40889037397869,0.3310107306016178,0.4649903405584149,109.03015073762128,,,,0.0267430200647364,7.804604475791717,,False,False,1.3076597234675738,1.2306449410603404,,1.2851906002510975,1.406957869337138,,,False,False,Tanner McKee,PHI,veteran_model,True,,False,ACT,2.0,backup,curated,1.6113931897014675,1.6113931897014675,0.84,True,3.0,1.2026937239114397,22.734366573198308,downward,True,0.746368876074408,True,True,,,,,,,,0.9852092383981552,False,1.0,False,32.80466217687678,217.87283255481577,27.5089337932841,118.95482935957656,2025.0,PHI,canonical_source_team_frame,0.0,1.1368683772161605e-13,7.218158658701871e-14,9.094947017729282e-13,5.402090322974834e-15,54.78258713922742,30.42911752801558,3.044085996966416,0.0,0.0,projected_games,7.817586777368956,0.0,19.368212948249106
00-0035704,QB,2026,6.467076397795223,-0.8577446109506168,0.0,14.814759624347463,True,11.419788160007906,1.2756591274872453,6.690602679794404,0.0008341565539249,0.6408414518763881,82.50134717872903,,,,0.0528325538168725,2.883296933471243,,False,False,1.36079681843636,1.3608073325551249,,1.1591876850506788,1.1642434898897351,,,False,False,Drew Lock,SEA,veteran_model,True,,False,ACT,2.0,backup,curated,4.810220904959374,4.810220904959374,0.77,True,2.0,3.8992196142937434,19.49564219328384,downward,True,0.8106113401722606,True,True,,,,,,,,0.8711510504345189,False,0.9999999999999998,False,32.225819234062534,233.14110074227904,27.938112728980386,119.71891792298418,2025.0,SEA,canonical_source_team_frame,0.0,0.0,0.0,0.0,0.0,510.67976083010535,11.991597195078668,6.6499636008200405,0.0,0.0,projected_games,25.216551137419263,0.0,57.76600130830264
00-0038997,WR,2026,6.412418078501104,3.2164807139112965,3.2164807139112965,10.39433656609721,False,,,,,,,0.2028654002884325,34.553166332621366,3.4798180870167448,,,5.400409318123268,False,False,,,1.0,,,1.0,1.0,False,False,Josh Downs,IND,veteran_model,False,,False,ACT,3.0,starter,curated,14.513373745084516,14.513373745084516,1.0,False,2.0,14.513373745084516,22.377203022332637,downward,True,,False,True,,,,,,,,0.7292128354928176,True,0.9999999999999998,False,33.81962358341313,234.02719158280576,26.501089706236453,117.38641446396322,2025.0,IND,canonical_source_team_frame,0.0,0.0,0.0,0.0,0.0,1077.316513646881,80.42225690596678,8.539487741748761,1.1368683772161605e-13,2.273736754432321e-13,projected_games,93.06582018302322,46.68198674485091,150.8568914159672
00-0040586,RB,2026,6.3737437063165014,0.3959743956092913,0.3959743956092913,14.202066651174597,False,,7.600632993372789,,,,,0.0330491376936627,8.396912343245194,0.9214110356127762,0.2323626582727489,34.80876178387125,0.9907269752673906,False,True,,,1.0,1.4278312196056449,1.5606847068920775,1.0,1.0,False,False,Jaydon Blue,DAL,veteran_model,True,,False,ACT,2.0,committee,curated,11.293450880705311,11.293450880705311,0.98,True,2.0,11.293450880705311,16.468086823371205,upward,True,,False,True,,,,,,,,0.93527049390564,False,1.0,False,34.84872978596818,250.0568833557896,26.917412919796803,120.7151518201046,2025.0,DAL,canonical_source_team_frame,0.0,0.0,0.0,0.0,0.0,275.16299543695914,57.23726737025993,5.15908901380503,0.0,0.0,projected_games,71.98156147349003,4.471917386830504,160.39034212954328
00-0040735,WR,2026,6.359402363303493,3.163464998713684,3.163464998713684,10.341320850899598,False,,,,,,,0.2248660521108113,37.03656169847859,2.613099761581531,,,3.813560722352893,False,False,,,1.0,,,1.0,1.0,False,False,Luther Burden III,CHI,veteran_model,False,,False,ACT,2.0,starter,curated,14.998290328883987,14.998290328883987,1.0,False,2.0,14.998290328883987,18.449464280783285,downward,True,,False,True,,,,,,,,0.9135686161925484,False,1.0000000000000002,False,33.737891607375786,231.6083524098304,27.69702416995268,127.85615277062598,2025.0,CHI,canonical_source_team_frame,0.0,0.0,0.0,0.0,0.0,340.3099168024751,65.69620810933344,6.574845673487438,0.0,0.0,projected_games,95.38016296301676,47.446566495970444,155.10213250593375
00-0040189,TE,2026,6.331215245996463,3.864795657465178,3.864795657465178,8.986336819981839,False,,,,,,,0.1498525469297512,37.33684915140108,3.3968300985556947,,,4.209917056080059,False,False,,,1.0,,,1.0,1.0,False,False,Oronde Gadsden II,LAC,veteran_model,False,,False,ACT,1.0,starter,curated,14.278569053453284,14.278569053453284,1.0,False,1.0,14.278569053453284,18.14132108931228,downward,True,,False,True,,,,,,,,0.896434828715537,False,1.0,False,34.810666017945884,231.0080210563423,26.605299733204117,118.73885720842677,2025.0,LAC,canonical_source_team_frame,0.0,0.0,0.0,0.0,0.0,406.7145495693435,95.61154335628294,8.79102244326705,0.0,0.0,projected_games,90.40069408223671,55.183751672602924,128.31203082170046
00-0038129,TE,2026,6.319032717385912,3.852613128854628,3.852613128854628,8.974154291371288,False,,,,,,,0.2936150695315646,30.43380620306882,3.027923359779285,,,4.467527798763844,False,False,,,1.0,,,1.0,1.0,False,False,Cade Otton,TB,veteran_model,False,,False,ACT,1.0,starter,curated,15.473647902461224,15.473647902461224,1.0,False,1.0,15.473647902461224,21.316686768416005,downward,True,,False,True,,,,,,,,0.9038657520217732,False,1.0000000000000002,False,33.545248910042254,223.71352331356564,27.714378326754787,117.7145365367365,2025.0,TB,canonical_source_team_frame,0.0,0.0,0.0,0.0,0.0,365.61103254725504,31.463300491173584,2.398950037365104,0.0,0.0,projected_games,97.77848735296237,59.61397906029599,138.86290372704073
00-0039794,RB,2026,6.318130912980236,0.9309832458524383,0.9309832458524383,12.937573448791643,False,,7.910768688474337,,,,,0.0534186406868865,7.032030823257086,0.8388932953290157,0.272898951727739,32.37575628502267,1.1417654123335934,False,True,,,0.925532119166682,1.2416984053088025,1.2136330676426232,0.945230425597829,0.924926104234489,False,False,Braelon Allen,NYJ,veteran_model,True,,False,ACT,2.0,committee,curated,11.366492290248152,11.366492290248152,0.98,True,2.0,11.366492290248152,22.00089020868356,downward,True,,False,True,,,,,,,,1.0804595316479846,False,1.0,False,32.407872629000565,201.1291021889327,27.45450069012769,119.16603389972052,2025.0,NYJ,canonical_source_team_frame,0.0,0.0,0.0,0.0,0.0,0.0,0.0,0.0,0.0,2.273736754432321e-13,projected_games,71.81498631116837,10.58201388633194,147.0548288602094
00-0039847,TE,2026,6.2955773451001775,4.015660484029404,4.015660484029404,8.766689922059989,False,,,,,,,0.27234701811586,32.02208945072923,2.918572582664188,,,4.462289298005992,False,False,,,1.0,,,0.9182512412543492,1.0,False,False,Theo Johnson,NYG,veteran_model,True,,False,ACT,2.0,backup,curated,14.648993221748894,14.648993221748894,0.9,True,2.0,14.648993221748894,23.01824991096567,downward,True,,False,True,,,,,,,,0.969501997801332,False,1.0,False,33.2431579562698,223.72213877664484,27.96941585077396,122.67702612627788,2025.0,NYG,canonical_source_team_frame,0.0,0.0,0.0,0.0,0.0,115.99233076511427,0.0,0.95835366558714,5.684341886080803e-14,0.0,projected_games,92.22386985536839,58.82538321139162,128.42318124543112
00-0036898,QB,2026,6.220559809077791,-1.4010859429070006,0.0,14.727958732099935,True,16.202969104781896,2.606450819482048,11.315126049862672,0.4722281174585975,0.3868147134754625,104.07278854880902,,,,0.038394355102823,12.24479517523838,,False,True,1.2014170357650575,1.1618402621459012,,1.182294644853782,1.2276655199998978,,,False,False,Davis Mills,HOU,veteran_model,True,,False,ACT,2.0,backup,curated,3.96924438774453,3.96924438774453,0.77,True,2.0,2.919830060851641,18.04941432689289,downward,True,0.7356135766965953,True,True,,,,,,,,0.8352594114599872,False,1.0,False,34.32116198114704,230.71951669895023,27.0159725075953,113.89622067613276,2025.0,HOU,canonical_source_team_frame,0.0,0.0,0.0,0.0,0.0,646.1507724670905,60.24697481013885,7.455446411296052,0.0,0.0,projected_games,18.16297752587088,0.0,43.00313664096782
00-0040736,TE,2026,6.211233768636459,4.053583985469405,4.053583985469405,8.545645175222461,False,,,,,,,0.3648490325813195,26.290177448884783,2.786243656520127,,,4.1270741743905015,False,False,,,0.925532119166682,,,0.945230425597829,0.924926104234489,False,False,Mason Taylor,NYJ,veteran_model,True,,False,ACT,1.0,starter,curated,14.060158588350038,14.060158588350038,0.9,True,2.0,14.060158588350038,22.00089020868356,downward,True,,False,True,,,,,,,,1.0804595316479846,False,1.0,False,32.407872629000565,201.1291021889327,27.45450069012769,119.16603389972052,2025.0,NYJ,canonical_source_team_frame,0.0,0.0,0.0,0.0,0.0,0.0,0.0,0.0,0.0,2.273736754432321e-13,projected_games,87.33093181634369,56.99403368689584,120.15312640339616
00-0040996,QB,2026,6.111761500924967,-3.1747070306831366,0.0,18.458586245509544,True,17.9015402442683,3.3874165566115773,10.260266783158874,0.6508989282485268,0.4274586241159008,98.91213184926808,,,,0.1149852442114796,10.573281217188155,,True,False,1.322794596117974,1.2627451680958992,,1.7058250514889843,1.5766076134505411,,,False,False,Jacob Clark,LV,rookie_rule,True,udfa,False,,,,rookie_path,0.5882352941176471,0.5882352941176471,1.0,False,4.0,0.1107563858488937,24.159418900454952,downward,True,0.1882858559431193,True,True,no_data,,off_chart,1.0,False,102.0,False,0.6965108832860549,True,1.0000000000000002,False,33.852824030940056,214.57229132943425,25.40666637485797,101.2650936526983,2025.0,LV,canonical_source_team_frame,0.0,0.0,0.0,0.0,0.0,1107.0460378365742,61.55691682746948,0.0,0.0,2.273736754432321e-13,projected_games,0.6769166150128594,0.0,2.0444063004327373
00-0036259,WR,2026,6.06508622583185,2.9171413433956355,2.9171413433956355,9.982932360882756,False,,,,,,,0.2376334453506833,30.607083485409117,3.157154410373677,,,4.996413799124795,False,False,,,1.0,,,1.0,1.0,False,False,Jauan Jennings,MIN,veteran_model,True,,True,ACT,3.0,starter,curated,13.043246362059522,13.043246362059522,0.97,True,3.0,13.043246362059522,23.81008358971931,downward,True,,False,True,,,,,,,,0.8282117242306364,False,1.0,False,33.3178469069799,212.14951525474893,25.942735935008912,113.22736292046942,2025.0,MIN,canonical_source_team_frame,0.0,0.0,0.0,0.0,0.0,619.5615903256335,79.08820679380477,5.267654923665397,5.684341886080803e-14,4.547473508864641e-13,projected_games,79.1084138506586,38.04899321485855,130.2098461987703
00-0041052,RB,2026,6.058299107775753,1.1183881451923585,1.1183881451923585,12.02493999827411,False,,7.090048129054852,,,,,0.039592570596832,7.916172241813254,0.9761566538804276,0.2162907501792695,32.43303631997604,1.2553753379924382,False,False,,,1.0,1.3394694189667622,1.3597196626730546,1.0,1.0,False,False,Kaelon Black,SF,rookie_rule,True,drafted,False,,,,rookie_path,10.5,10.5,1.0,False,3.0,10.5,20.268882541673257,downward,True,,False,True,no_data,3.0,rank_3_plus,0.6205766041689786,False,14.0,False,0.991540844247621,False,1.0000000000000002,False,34.24847968425997,240.1216094230843,26.911226973415506,112.91814451887672,2025.0,SF,canonical_source_team_frame,0.0,0.0,0.0,0.0,0.0,34.530843591570374,14.986003777602036,7.225861317038813,0.0,0.0,projected_games,63.6121406316454,11.743075524519764,126.26186998187816
00-0038563,WR,2026,5.978015879269931,2.961138717852226,2.961138717852226,9.706704925163262,False,,,,,,,0.1721024994837577,34.13346367401737,3.0641090299312936,,,4.766300690011161,False,False,,,1.0,,,1.0,0.8187354071744638,False,False,Tre Tucker,LV,veteran_model,False,,False,ACT,1.0,starter,curated,15.277207536815078,15.277207536815078,1.0,False,1.0,15.277207536815078,24.159418900454952,downward,True,,False,True,,,,,,,,0.6965108832860549,True,1.0000000000000002,False,33.852824030940056,214.57229132943425,25.40666637485797,101.2650936526983,2025.0,LV,canonical_source_team_frame,0.0,0.0,0.0,0.0,0.0,1107.0460378365742,61.55691682746948,0.0,0.0,2.273736754432321e-13,projected_games,91.3273892459828,45.237930737926966,148.29134564034422
00-0041194,QB,2026,5.929539469113331,-3.185503351610278,0.0,17.701525375165026,True,17.962418546328717,2.659927033278666,10.295159178557396,0.6531124596555464,0.4289122954135752,101.43235389288245,,,,0.0902907435193642,9.210765899386397,,True,False,1.3272930631709494,1.2949191607963342,,1.3394780631993604,1.3734396489025866,,,False,False,Jack Strand,ATL,rookie_rule,True,udfa,False,,,,rookie_path,0.5882352941176471,0.5882352941176471,1.0,False,3.0,0.3060173635147932,20.515452025454977,downward,True,0.5202295179751484,True,True,no_data,,off_chart,1.0,False,102.0,False,0.9033427562717592,False,1.0000000000000002,False,33.103575893134035,223.67610131731223,27.56553569236133,121.02128748507276,2025.0,ATL,canonical_source_team_frame,0.0,1.1368683772161605e-13,7.073038149771035e-14,9.094947017729282e-13,4.276533072858189e-15,367.538562500572,13.838496018552236,0.0,5.684341886080803e-14,0.0,projected_games,1.8145420351949682,0.0,5.416974125498212
00-0040206,QB,2026,5.822877440793847,-2.0055755701868287,0.0,16.298803388315598,True,19.012417939992694,2.3307144432066167,10.464880217176626,0.5423617851634913,0.4764617593869082,104.44699558861838,,,,0.0097797472864289,7.651956663098879,,False,False,1.3417823877570716,1.2706103499121044,,1.46505357594124,1.5042572336421245,,,False,False,Riley Leonard,IND,veteran_model,True,,False,ACT,2.0,backup,curated,4.479248178079203,4.479248178079203,0.84,True,3.0,3.061839880522333,22.377203022332637,downward,True,0.6835611153466641,True,True,,,,,,,,0.7292128354928176,True,0.9999999999999998,False,33.81962358341313,234.02719158280576,26.501089706236453,117.38641446396322,2025.0,IND,canonical_source_team_frame,0.0,0.0,0.0,0.0,0.0,1077.316513646881,80.42225690596678,8.539487741748761,1.1368683772161605e-13,2.273736754432321e-13,projected_games,17.828718367616418,0.0,49.904326219137225
00-0039901,WR,2026,5.803811719567561,2.607874354977753,2.607874354977753,9.785730207163667,False,,,,,,,0.1861783475803475,33.29263680963539,2.714955906243873,,,4.31224077908293,False,False,,,1.0,,,1.0,1.0,False,False,Keon Coleman,BUF,veteran_model,False,,False,ACT,1.0,starter,curated,12.68937124807458,12.68937124807458,1.0,False,4.0,12.68937124807458,20.07985848410768,downward,True,,False,True,,,,,,,,0.7844531400579932,True,1.0000000000000002,False,33.20980278431125,231.99901556001677,27.99616806245821,133.52559682822502,2025.0,BUF,canonical_source_team_frame,0.0,0.0,0.0,0.0,0.0,850.1132083311727,39.78679072911751,7.808599833668275,5.684341886080803e-14,0.0,projected_games,73.6467215635189,33.092285858645745,124.17476353219755
00-0041035,WR,2026,5.801604585465343,0.9136606180305433,0.9136606180305433,12.602403035296781,False,,,,,,,0.212142318240604,32.75008297200346,2.5074847576427444,,,4.066414911396554,False,False,,,1.0,,,1.0,1.0,False,False,De'Zhaun Stribling,SF,rookie_rule,True,drafted,False,,3.0,starter,rookie_path,12.9,12.9,1.0,False,5.0,12.9,20.268882541673257,downward,True,,False,True,above_median,3.0,rank_3_plus,1.0991538160225005,False,20.0,False,0.991540844247621,False,1.0000000000000002,False,34.24847968425997,240.1216094230843,26.911226973415506,112.91814451887672,2025.0,SF,canonical_source_team_frame,0.0,0.0,0.0,0.0,0.0,34.530843591570374,14.986003777602036,7.225861317038813,0.0,0.0,projected_games,74.84069915250292,11.78622197259401,162.57099915532848
00-0038933,TE,2026,5.788175519966854,3.3217559314355705,3.3217559314355705,8.44329709395223,False,,,,,,,0.1985094298181435,30.35745604110914,3.12274667389416,,,4.222801539606029,False,False,,,1.0,,,1.0,1.0,False,False,Dalton Kincaid,BUF,veteran_model,False,,False,ACT,1.0,starter,curated,14.155178167501118,14.155178167501118,1.0,False,1.0,14.155178167501118,20.07985848410768,downward,True,,False,True,,,,,,,,0.7844531400579932,True,1.0000000000000002,False,33.20980278431125,231.99901556001677,27.99616806245821,133.52559682822502,2025.0,BUF,canonical_source_team_frame,0.0,0.0,0.0,0.0,0.0,850.1132083311727,39.78679072911751,7.808599833668275,5.684341886080803e-14,0.0,projected_games,81.93265574989925,47.02004703842413,119.51637468603825
00-0031237,QB,2026,5.7578376156128614,-0.7857473906311963,0.0,13.47682836347818,True,9.95113279707747,1.483306340889445,6.411892571384628,0.300237174337423,0.7081123876475346,75.94713812752316,,,,0.0231708905053215,3.4895154556471284,,False,False,1.070524382773791,1.0888276515319248,,1.2383454255285062,1.1873054200979285,,,False,False,Teddy Bridgewater,DET,veteran_model,True,,True,ACT,,deep_bench,deep_bench_discounted,4.970086890469178,4.970086890469178,0.77,True,2.0,0.5861710523514754,22.61533745621171,downward,True,0.1179397996995864,True,True,,,,,,,,0.9785289193999536,False,0.9999999999999998,False,33.929940625091575,246.18800924276172,26.78972180276002,118.19003241053174,2025.0,DET,canonical_source_team_frame,0.0,0.0,0.0,0.0,0.0,89.86068401667671,8.57475959461226,2.843661959408699,0.0,4.547473508864641e-13,projected_games,3.3750777344127005,0.0,7.899726664180217
00-0033526,RB,2026,5.727398967326295,0.0,0.0,13.345090826536474,False,,6.814822623774368,,,,,0.0299508707764372,5.869753311067464,0.8629793765437668,0.2658077319691329,29.34382331474244,1.0817242523344843,False,False,,,1.0,1.369297896589557,1.5083201568968156,1.0,1.0,False,False,Samaje Perine,CIN,veteran_model,True,,False,ACT,2.0,committee,curated,10.679624829880144,10.679624829880144,0.98,True,2.0,10.679624829880144,28.701985495349312,downward,True,,False,True,,,,,,,,0.8041969537750469,False,1.0000000000000002,False,35.7612028620279,238.64282026275723,25.12001337082607,107.36926538839045,2025.0,CIN,canonical_source_team_frame,0.0,0.0,0.0,0.0,0.0,794.3588498417512,105.60842751061163,2.3639751147743238,0.0,0.0,projected_games,61.16647222208779,0.0,142.52056334808466
00-0041547,WR,2026,5.660045597388356,1.5831951427693325,1.5831951427693325,9.310338632643173,False,,,,,,,0.1944745305561473,32.5313695520527,2.480122917692404,,,4.138070457367815,False,False,,,1.0,,,1.0,1.0,False,False,KC Concepcion,CLE,rookie_rule,True,drafted,False,,3.0,starter,rookie_path,13.875,13.875,1.0,False,2.0,13.875,10.284063846891716,upward,True,,False,True,no_data,1.0,rank_1,0.7248253226490354,False,16.0,False,0.8164913489925817,False,1.0,False,33.8207863840279,210.1034066660231,26.544835692755186,109.30283679541014,2025.0,CLE,canonical_source_team_frame,0.0,0.0,0.0,0.0,0.0,655.4484763988635,98.14797606559432,2.452388874511467,5.684341886080803e-14,2.273736754432321e-13,projected_games,78.53313266376344,21.966832605924488,129.18094852792402
00-0033553,RB,2026,5.600296383091814,1.99046985075366,1.99046985075366,10.009333795129852,False,,6.0953505072670495,,,,,0.0556421157100357,8.238683679232432,1.1272011656114755,0.2262544385396607,25.214481068646545,1.4357844676902014,False,False,,,1.0,0.918046673437454,0.9153185490843228,1.0,1.0,False,False,James Conner,ARI,veteran_model,True,,False,ACT,,deep_bench,deep_bench_discounted,8.423248833892991,8.423248833892991,0.73,True,3.0,8.423248833892991,24.338087108826755,downward,True,,False,True,,,,,,,,0.943688680030244,False,0.9999999999999998,False,36.21418096404104,240.76817941837584,24.988650455385,107.79252270381906,2025.0,ARI,canonical_source_team_frame,0.0,0.0,0.0,0.0,0.0,230.485557825984,61.09721757041359,2.4522766638891937,0.0,0.0,projected_games,47.17268997833326,16.766222849259922,84.31110921787322
00-0035229,TE,2026,5.589323678583774,3.122904090052489,3.122904090052489,8.24444525256915,False,,,,,,,0.1618308417205604,30.410883101404973,3.1545006362398285,,,4.32837409712519,False,False,,,1.0,,,1.0,1.0,False,False,T.J. Hockenson,MIN,veteran_model,False,,False,ACT,1.0,starter,curated,15.194154583559904,15.194154583559904,1.0,False,1.0,15.194154583559904,23.81008358971931,downward,True,,False,True,,,,,,,,0.8282117242306364,False,1.0,False,33.3178469069799,212.14951525474893,25.942735935008912,113.22736292046942,2025.0,MIN,canonical_source_team_frame,0.0,0.0,0.0,0.0,0.0,619.5615903256335,79.08820679380477,5.267654923665397,5.684341886080803e-14,4.547473508864641e-13,projected_games,84.92504798995355,47.449887493889,125.26737562323224
00-0037324,QB,2026,5.56717851422842,-1.904898603280128,0.0,14.477744317046959,True,18.63894165099646,2.3384549745436107,11.188823724575276,0.5479824494655653,0.4904517577148218,96.53038797333174,,,,0.0386176278024249,6.084150965524437,,False,False,1.1787051529711297,1.057058172805325,,1.2026855326552583,1.1120457669163175,,,False,False,Chris Oladokun,KC,veteran_model,True,,False,ACT,,deep_bench,deep_bench_discounted,1.3152543638354763,1.3152543638354763,0.84,True,4.0,0.0909790816671403,26.280421420954912,downward,True,0.0691722332719215,True,True,,,,,,,,0.7601284095142968,True,1.0,False,35.16444525693558,230.5791949901617,25.92765596122493,113.12700304519306,2025.0,KC,canonical_source_team_frame,0.0,0.0,0.0,0.0,0.0,940.259769998454,130.5185425896733,7.9994206468329025,1.1368683772161605e-13,0.0,projected_games,0.5064967887015362,0.0,1.3171718825765917
00-0040130,WR,2026,5.538076920625262,2.342139556035454,2.342139556035454,9.519995408221368,False,,,,,,,0.1774165218392443,32.0122023340744,2.544715112364711,,,4.317399336622547,False,False,,,1.0,,,1.0,1.0,False,False,Jayden Higgins,HOU,veteran_model,False,,False,ACT,2.0,starter,curated,14.84147105691628,14.84147105691628,1.0,False,2.0,14.84147105691628,18.04941432689289,downward,True,,False,True,,,,,,,,0.8352594114599872,False,1.0,False,34.32116198114704,230.71951669895023,27.0159725075953,113.89622067613276,2025.0,HOU,canonical_source_team_frame,0.0,0.0,0.0,0.0,0.0,646.1507724670905,60.24697481013885,7.455446411296052,0.0,0.0,projected_games,82.19320832843586,34.76079643215894,141.2907363130933
00-0031588,WR,2026,5.5285025510918056,2.6685125615771517,2.6685125615771517,9.06191457087153,False,,,,,,,0.1930875429395184,28.828567249235363,2.9742411370623176,,,4.476978562420602,False,False,,,1.0,,,1.0,1.0,False,False,Stefon Diggs,WAS,veteran_model,True,,True,,2.0,starter,curated,4.124266888985306,4.124266888985306,0.79,True,,4.124266888985306,17.0832969419234,downward,True,,False,True,,,,,,,,0.7734083043982058,True,1.0000000000000002,False,32.6701069973832,214.93987374561607,27.270251462105467,124.11887818477246,2025.0,WAS,canonical_source_team_frame,0.0,0.0,0.0,0.0,0.0,827.96103755573,70.84056173480843,1.8215509938874952,0.0,0.0,projected_games,22.80102001713873,11.00565800055401,37.37375421545894
00-0040021,RB,2026,5.4347106695417455,0.7491817026040588,0.7491817026040588,11.309497085536616,False,,6.255136861408484,,,,,0.0309773060945323,7.446406582130094,1.0209590222372216,0.1953414125945873,28.216781880754077,1.2667606722290532,False,False,,,1.0,1.4278312196056446,1.5606847068920775,1.0,1.0,False,False,Phil Mafah,DAL,veteran_model,True,,False,ACT,,deep_bench,deep_bench_discounted,2.092372538135528,2.092372538135528,0.7,True,4.0,2.092372538135528,16.468086823371205,upward,True,,False,True,,,,,,,,0.93527049390564,False,1.0,False,34.84872978596818,250.0568833557896,26.917412919796803,120.7151518201046,2025.0,DAL,canonical_source_team_frame,0.0,0.0,0.0,0.0,0.0,275.16299543695914,57.23726737025993,5.15908901380503,0.0,0.0,projected_games,11.371439357661297,1.5675672206023508,23.663681121900606
00-0041217,RB,2026,5.431584456971945,0.0,0.0,14.367192489504621,False,,7.4080697480033795,,,,,0.0198207953511074,5.5723538970033575,0.7619690072832331,0.236115653632173,29.577458697303097,1.0072030967232048,False,False,,,1.0,1.8397139675952132,1.8080542903628176,1.0,1.0,False,False,J'Mari Taylor,JAX,rookie_rule,True,udfa,False,,,,rookie_path,0.7,0.7,1.0,False,6.0,0.7,20.206407261437764,downward,True,,False,True,above_median,,off_chart,1.0,False,300.0,False,0.8618509111010552,False,1.0000000000000002,False,34.28151954965283,230.8790754929431,27.42470108063263,117.85711799660008,2025.0,JAX,canonical_source_team_frame,0.0,0.0,0.0,0.0,0.0,542.2274767280733,103.90199907631133,11.6552462028087,0.0,2.273736754432321e-13,projected_games,3.802109119880361,0.0,10.057034742653235
00-0041096,RB,2026,5.40062954218595,0.18517724655526016,0.18517724655526016,12.861655831690161,False,,6.982875526028008,,,,,0.0418736148257295,7.291264147590108,0.9694247792935202,0.1671255078207237,29.32796001901459,1.27211871273004,False,False,,,1.0,1.3914203755543118,1.4814179724420815,1.0,1.0,False,False,Kaytron Allen,WAS,rookie_rule,True,drafted,False,,,,rookie_path,8.906976744186046,8.906976744186046,1.0,False,3.0,8.906976744186046,17.0832969419234,downward,True,,False,True,no_data,3.0,rank_3_plus,1.0,False,86.0,False,0.7734083043982058,True,1.0000000000000002,False,32.6701069973832,214.93987374561607,27.270251462105467,124.11887818477246,2025.0,WAS,canonical_source_team_frame,0.0,0.0,0.0,0.0,0.0,827.96103755573,70.84056173480843,1.8215509938874952,0.0,0.0,projected_games,48.10328173621439,1.649369428620108,114.5584693845891
00-0041029,WR,2026,5.370741680081603,1.5286386476534606,1.5286386476534606,8.787499560123917,False,,,,,,,0.1720629535304458,31.410346971744183,2.39465852344902,,,3.995473619746381,False,False,,,1.0,,,1.0,0.9163349578264096,False,False,Jordyn Tyson,NO,rookie_rule,True,drafted,False,,1.0,starter,rookie_path,13.875,13.875,1.0,False,2.0,13.875,21.59325303282543,downward,True,,False,True,no_data,1.0,rank_1,0.6998480295114428,False,16.0,False,0.8801009681156396,False,1.0,False,34.116960253547056,231.15975941032937,26.95323708907626,109.1195451687137,2025.0,NO,canonical_source_team_frame,0.0,0.0,0.0,0.0,0.0,471.16913318664274,47.16906708270608,0.0,5.684341886080803e-14,0.0,projected_games,74.51904081113224,21.209861236191767,121.92655639671935
00-0038608,WR,2026,5.337408608232261,2.2209805165470984,2.2209805165470984,9.218801980637256,False,,,,,,,0.2359024808568238,29.00372849902354,2.0432417463779275,,,3.2902929444495537,False,False,,,0.9802549627291288,,,1.0,1.0,False,False,Kayshon Boutte,NE,veteran_model,True,,False,ACT,,deep_bench,deep_bench_discounted,13.031281016878076,13.031281016878076,0.97,True,3.0,13.031281016878076,14.772857648172948,upward,True,,False,True,,,,,,,,1.0201427567537114,False,1.0,False,33.74673756144342,243.75690325453,26.991281582048,121.68752580253285,2025.0,NE,canonical_source_team_frame,0.0,0.0,0.0,0.0,0.0,0.0,25.51114389997366,2.053035900254038,1.1368683772161605e-13,0.0,projected_games,69.55327147577869,28.942221244136267,120.13279924863627
00-0034827,WR,2026,5.296125651001131,2.3445194939682006,2.3445194939682006,9.278044138597238,False,,,,,,,0.1239179369588279,32.99137527094747,2.5069610043068327,,,4.294249908379427,False,False,,,1.0,,,1.0,1.0,False,False,DJ Moore,BUF,veteran_model,False,,True,ACT,2.0,starter,curated,14.131355791605186,14.131355791605186,1.0,False,1.0,14.131355791605186,20.07985848410768,downward,True,,False,True,,,,,,,,0.7844531400579932,True,1.0000000000000002,False,33.20980278431125,231.99901556001677,27.99616806245821,133.52559682822502,2025.0,BUF,canonical_source_team_frame,0.0,0.0,0.0,0.0,0.0,850.1132083311727,39.78679072911751,7.808599833668275,5.684341886080803e-14,0.0,projected_games,74.84143589134362,33.13123912961879,131.11134277273462
00-0028118,QB,2026,5.278818024848625,-1.0790530332448367,0.0,14.343964315945744,True,9.798875533480082,3.557342122765044,7.037376454592369,0.1497667497534679,0.4588289636075491,60.375771519228834,,,,0.0247881272244669,11.792760458094094,,False,False,1.2391041593986034,1.2678160062503527,,1.8047800774550409,1.5987729663265875,,,False,False,Tyrod Taylor,GB,veteran_model,True,,True,ACT,2.0,backup,curated,5.120594878997555,5.120594878997555,0.77,True,2.0,2.497957498585951,20.08091338164539,downward,True,0.4878256447959752,True,True,,,,,,,,0.7132851478920521,True,1.0,False,32.63758427248949,227.66090813078225,27.533140288417208,118.4026551060812,2025.0,GB,canonical_source_team_frame,0.0,0.0,0.0,0.0,0.0,1109.653981293132,100.51157356910396,10.99654943968886,0.0,0.0,projected_games,13.186263068841303,0.0,35.83061322246598
00-0041040,WR,2026,5.278246320846673,0.8312400000000001,0.8312400000000001,11.465550000000004,False,,,,,,,0.1930051237126045,29.79572330514754,2.281286496112583,,,3.699586765855628,False,False,,,1.0,,,1.0,1.0,False,False,Antonio Williams,WAS,rookie_rule,True,drafted,False,,,,rookie_path,14.846153846153848,14.846153846153848,1.0,False,2.0,14.846153846153848,17.0832969419234,downward,True,,False,True,above_median,1.0,rank_1,1.0,False,13.0,False,0.7734083043982058,True,1.0000000000000002,False,32.6701069973832,214.93987374561607,27.270251462105467,124.11887818477246,2025.0,WAS,canonical_source_team_frame,0.0,0.0,0.0,0.0,0.0,827.96103755573,70.84056173480843,1.8215509938874952,0.0,0.0,projected_games,78.36165691718523,12.340716923076926,170.21931923076932
00-0041051,WR,2026,5.278246320846673,0.8312400000000001,0.8312400000000001,11.465550000000004,False,,,,,,,0.1930051237126045,29.79572330514754,2.281286496112583,,,3.699586765855628,False,False,,,1.0,,,1.0,1.0,False,False,Zavion Thomas,CHI,rookie_rule,True,drafted,False,,,,rookie_path,13.830188679245284,13.830188679245284,1.0,False,4.0,13.830188679245284,18.449464280783285,downward,True,,False,True,above_median,2.0,rank_2,1.0,False,53.0,False,0.9135686161925484,False,1.0000000000000002,False,33.737891607375786,231.6083524098304,27.69702416995268,127.85615277062598,2025.0,CHI,canonical_source_team_frame,0.0,0.0,0.0,0.0,0.0,340.3099168024751,65.69620810933344,6.574845673487438,0.0,0.0,projected_games,72.99914251284173,11.49620603773585,158.57071981132083
00-0039894,WR,2026,5.269980410208914,2.0740430456191072,2.0740430456191072,9.25189889780502,False,,,,,,,0.1860118694431185,31.165307496717737,2.07475688775686,,,3.739116721228701,False,False,,,1.0,,,1.0,1.0,False,False,Xavier Worthy,KC,veteran_model,False,,False,ACT,1.0,starter,curated,13.62566324875384,13.62566324875384,1.0,False,2.0,13.62566324875384,26.280421420954912,downward,True,,False,True,,,,,,,,0.7601284095142968,True,1.0,False,35.16444525693558,230.5791949901617,25.92765596122493,113.12700304519306,2025.0,KC,canonical_source_team_frame,0.0,0.0,0.0,0.0,0.0,940.259769998454,130.5185425896733,7.9994206468329025,1.1368683772161605e-13,0.0,projected_games,71.80697839703629,28.260212103025754,126.06325879300802
00-0038579,QB,2026,5.252295547863896,-1.8776584335381572,0.0,15.842172761517848,True,17.471600865691393,2.6999969190698208,9.25090088567148,0.484918783768385,0.3092903289840131,82.6650569290564,,,,0.0409649942064267,14.325795570637966,,False,False,1.322794596117974,1.2627451680958992,,1.7058250514889843,1.5766076134505411,,,False,False,Aidan O'Connell,LV,veteran_model,True,,False,ACT,,deep_bench,deep_bench_discounted,0.937340809377704,0.937340809377704,0.84,True,3.0,0.1568838460279839,24.159418900454952,downward,True,0.1673711892818775,True,True,,,,,,,,0.6965108832860549,True,1.0000000000000002,False,33.852824030940056,214.57229132943425,25.40666637485797,101.2650936526983,2025.0,LV,canonical_source_team_frame,0.0,0.0,0.0,0.0,0.0,1107.0460378365742,61.55691682746948,0.0,0.0,2.273736754432321e-13,projected_games,0.8240003260245446,0.0,2.4853809922666863
00-0039855,WR,2026,5.243067719696372,2.0951228372601576,2.0951228372601576,9.16091385474728,False,,,,,,,0.1800990349222223,32.64598015163285,1.7957509899995063,,,3.1783901642692745,False,False,,,1.0,,,1.0,1.0,False,False,Jalen McMillan,TB,veteran_model,True,,False,ACT,1.0,starter,curated,11.16256288835692,11.16256288835692,0.97,True,3.0,11.16256288835692,21.316686768416005,downward,True,,False,True,,,,,,,,0.9038657520217732,False,1.0000000000000002,False,33.545248910042254,223.71352331356564,27.714378326754787,117.7145365367365,2025.0,TB,canonical_source_team_frame,0.0,0.0,0.0,0.0,0.0,365.61103254725504,31.463300491173584,2.398950037365104,0.0,0.0,projected_games,58.52607314902486,23.38694042974929,102.25927701843672
00-0033319,QB,2026,5.236078558138897,-0.9181857098460486,0.0,13.501334775922588,True,8.572137461341725,2.4652428154781982,7.657638873521185,0.0971916122162769,0.3863799774846923,67.40540850238112,,,,0.0791083513831051,7.140754242388053,,False,False,1.1505377754401,0.9997780483989548,,1.8397139675952137,1.8080542903628172,,,False,False,Nick Mullens,JAX,veteran_model,True,,False,ACT,2.0,backup,curated,4.258699645199483,4.258699645199483,0.77,True,2.0,1.5447941632880298,20.206407261437764,downward,True,0.3627384629083579,True,True,,,,,,,,0.8618509111010552,False,1.0000000000000002,False,34.28151954965283,230.8790754929431,27.42470108063263,117.85711799660008,2025.0,JAX,canonical_source_team_frame,0.0,0.0,0.0,0.0,0.0,542.2274767280733,103.90199907631133,11.6552462028087,0.0,2.273736754432321e-13,projected_games,8.088663595130571,0.0,20.856783158442912
00-0037545,WR,2026,5.2158865056386405,2.1292396981983925,2.1292396981983925,9.197804993234746,False,,,,,,,0.1464247120267141,31.552270220678,2.3642224228211117,,,4.005981591868204,False,False,,,1.0,,,1.0,1.0,False,False,Rashid Shaheed,SEA,veteran_model,False,,False,ACT,2.0,starter,curated,14.59582231438182,14.59582231438182,1.0,False,2.0,14.59582231438182,19.49564219328384,downward,True,,False,True,,,,,,,,0.8711510504345189,False,0.9999999999999998,False,32.225819234062534,233.14110074227904,27.938112728980386,119.71891792298418,2025.0,SEA,canonical_source_team_frame,0.0,0.0,0.0,0.0,0.0,510.67976083010535,11.991597195078668,6.6499636008200405,0.0,0.0,projected_games,76.13015264828348,31.07800429963171,134.24952736358821
00-0036924,RB,2026,5.181606359786848,1.0366894354957512,1.0366894354957512,10.421975439308572,False,,4.967629927594468,,,,,0.0260138833126619,9.022346126655457,1.2080334913080777,0.2245631795263354,21.7189262443328,1.690384371981292,False,False,,,1.0,1.291959423543185,1.256681329702728,1.0,1.0,False,False,Michael Carter,TEN,veteran_model,True,,True,ACT,,deep_bench,deep_bench_discounted,4.679272984759681,4.679272984759681,0.7,True,4.0,4.679272984759681,19.399084873783885,downward,True,,False,True,,,,,,,,0.9452763183553666,False,1.0000000000000002,False,33.99018463096149,212.0175347434573,25.99059410477733,108.16497255264404,2025.0,TEN,canonical_source_team_frame,0.0,0.0,0.0,0.0,0.0,197.2404612644764,53.34315299665252,3.6287139661061296,0.0,0.0,projected_games,24.246150657009547,4.850952869101032,48.767268120985506
00-0041092,QB,2026,5.170994694906722,-2.13883240634768,0.0,13.929786437650058,True,14.028559395902606,1.1596722637897785,8.321250557936498,0.5198479150467237,0.4254203320732413,91.20940216999078,,,,0.065930369958018,4.650508901594652,,False,False,2.640533834997136,2.594083897297229,,1.5414969511534775,1.555972722278861,,,False,False,Taylen Green,CLE,rookie_rule,True,drafted,False,,,,rookie_path,1.4259259259259258,1.4259259259259258,1.0,False,4.0,1.6218187785575622,10.284063846891716,upward,True,1.1373794031442646,True,True,above_median,,off_chart,0.3,False,54.0,False,0.8164913489925817,False,1.0,False,33.8207863840279,210.1034066660231,26.544835692755186,109.30283679541014,2025.0,CLE,canonical_source_team_frame,0.0,0.0,0.0,0.0,0.0,655.4484763988635,98.14797606559432,2.452388874511467,5.684341886080803e-14,2.273736754432321e-13,projected_games,8.386416300021253,0.0,22.591589225877314
00-0041568,QB,2026,5.135313370438433,2.5079420049939287,2.5079420049939287,8.601354567062636,False,11.116795426546725,1.738937684766498,6.804704248153922,0.2614196560766996,0.4005165480634508,64.21223289089262,,,,0.0871259072378214,9.648417312753958,,False,False,1.2613495685286995,1.0874345335110287,,1.3680396892437836,1.5382646428592717,,,False,False,Ty Simpson,LA,rookie_rule,True,drafted,False,,,,rookie_path,9.941176470588236,9.941176470588236,1.0,False,2.0,3.825034800917473,23.599505879780573,downward,True,0.3847668142934736,True,True,no_data,2.0,rank_2,0.3,False,17.0,False,0.7985958779872415,True,1.0,False,34.823713349866885,249.40469135191364,26.59281878800156,121.38612330535705,2025.0,LA,canonical_source_team_frame,0.0,0.0,0.0,0.0,0.0,853.9292590891182,65.83737867987509,0.0,0.0,0.0,projected_games,19.642752355543806,9.59296544778452,32.900480554045025
00-0040673,QB,2026,5.11744952487322,-1.3894717475303229,0.0,14.677763398514404,True,13.454729593981272,1.7836799413817417,6.724716037208667,0.2277851658509248,0.3505204551168456,78.8184995635004,,,,0.0643401257413566,6.321572991195323,,False,False,1.36079681843636,1.3608073325551249,,1.1591876850506788,1.1642434898897351,,,False,False,Jalen Milroe,SEA,veteran_model,True,,False,ACT,,deep_bench,deep_bench_discounted,2.2187501853485303,2.2187501853485303,0.84,True,3.0,0.6341092827303215,19.49564219328384,downward,True,0.2857957091869326,True,True,,,,,,,,0.8711510504345189,False,0.9999999999999998,False,32.225819234062534,233.14110074227904,27.938112728980386,119.71891792298418,2025.0,SEA,canonical_source_team_frame,0.0,0.0,0.0,0.0,0.0,510.67976083010535,11.991597195078668,6.6499636008200405,0.0,0.0,projected_games,3.2450222476259825,0.0,9.307306020717336
00-0040870,WR,2026,5.098808582835801,0.8029814049520465,0.8029814049520465,11.075770472484407,False,,,,,,,0.186443777250482,28.782796498159144,2.203732539033989,,,3.5738166822924184,False,False,,,1.0,,,1.0,1.0,False,False,Ja'Kobi Lane,BAL,rookie_rule,True,drafted,False,,,,rookie_path,13.830188679245284,13.830188679245284,1.0,False,4.0,13.830188679245284,18.421690320520103,downward,True,,False,True,above_median,2.0,rank_2,0.9660042887157096,False,53.0,False,0.8405930073619484,False,1.0,False,31.371651182397663,213.6422320700136,28.05821210195141,132.6208441085526,2025.0,BAL,canonical_source_team_frame,0.0,0.0,0.0,0.0,0.0,578.9531171509466,55.41434962128113,4.989568733629504,5.684341886080803e-14,4.547473508864641e-13,projected_games,70.51748473997438,11.105384336412266,153.17999540247305
00-0039890,WR,2026,5.088620525251174,2.119222886528787,2.119222886528787,8.78771909135995,False,,,,,,,0.1900396999992505,27.62249085913412,2.372266478684518,,,3.936744222421906,False,False,,,0.925532119166682,,,0.945230425597829,0.924926104234489,False,False,Adonai Mitchell,NYJ,veteran_model,False,,False,ACT,1.0,starter,curated,14.88630825937581,14.88630825937581,1.0,False,2.0,14.88630825937581,22.00089020868356,downward,True,,False,True,,,,,,,,1.0804595316479846,False,1.0,False,32.407872629000565,201.1291021889327,27.45450069012769,119.16603389972052,2025.0,NYJ,canonical_source_team_frame,0.0,0.0,0.0,0.0,0.0,0.0,0.0,0.0,0.0,2.273736754432321e-13,projected_games,75.75077375387582,31.547405159191726,130.8166952907861
00-0041044,WR,2026,5.070867865610767,0.8312400000000001,0.8312400000000001,10.889203625101793,False,,,,,,,0.1584420478399535,29.79572330514754,2.281286496112583,,,3.699586765855628,False,False,,,1.0,,,1.0,0.820921459452458,False,False,Zachariah Branch,ATL,rookie_rule,True,drafted,False,,,,rookie_path,13.830188679245284,13.830188679245284,1.0,False,4.0,13.830188679245284,20.515452025454977,downward,True,,False,True,above_median,2.0,rank_2,1.0,False,53.0,False,0.9033427562717592,False,1.0000000000000002,False,33.103575893134035,223.67610131731223,27.56553569236133,121.02128748507276,2025.0,ATL,canonical_source_team_frame,0.0,1.1368683772161605e-13,7.073038149771035e-14,9.094947017729282e-13,4.276533072858189e-15,367.538562500572,13.838496018552236,0.0,5.684341886080803e-14,0.0,projected_games,70.13105934891873,11.49620603773585,150.5997407018795
00-0037809,TE,2026,5.053435450341809,2.610974052499273,2.610974052499273,7.708557024327185,False,,,,,,,0.1450445323960589,27.250800592484342,2.916176393434042,,,3.8864742876456457,False,False,,,1.0,,,1.0,1.0,False,False,Chig Okonkwo,WAS,veteran_model,False,,True,ACT,1.0,starter,curated,15.140953306951506,15.140953306951506,1.0,False,1.0,15.140953306951506,17.0832969419234,downward,True,,False,True,,,,,,,,0.7734083043982058,True,1.0000000000000002,False,32.6701069973832,214.93987374561607,27.270251462105467,124.11887818477246,2025.0,WAS,canonical_source_team_frame,0.0,0.0,0.0,0.0,0.0,827.96103755573,70.84056173480843,1.8215509938874952,0.0,0.0,projected_games,76.51383019331878,39.53263621455344,116.71490196931094
00-0041013,RB,2026,4.896028706398803,0.1501261785337029,0.1501261785337029,11.676892340668413,False,,6.518561752117478,,,,,0.0452235040117879,7.874565279397317,1.046978761637002,0.156012797166823,23.776649905689045,1.3738882097484433,False,False,,,1.0,1.2026855326552586,1.1120457669163175,1.0,1.0,False,False,Emmett Johnson,KC,rookie_rule,True,drafted,False,,,,rookie_path,12.294117647058824,12.294117647058824,1.0,False,2.0,12.294117647058824,26.280421420954912,downward,True,,False,True,above_median,2.0,rank_2,1.0,False,17.0,False,0.7601284095142968,True,1.0,False,35.16444525693558,230.5791949901617,25.92765596122493,113.12700304519306,2025.0,KC,canonical_source_team_frame,0.0,0.0,0.0,0.0,0.0,940.259769998454,130.5185425896733,7.9994206468329025,1.1368683772161605e-13,0.0,projected_games,60.19235291984411,1.8456689007967002,143.55708818821756
00-0041048,WR,2026,4.887265111895067,0.7696666666666666,0.7696666666666666,10.616250000000003,False,,,,,,,0.1787084478820412,27.588632689951424,2.1123023112153545,,,3.425543301718174,False,False,,,1.0,,,1.0,1.0,False,False,Ted Hurst III,TB,rookie_rule,True,drafted,False,,,,rookie_path,13.830188679245284,13.830188679245284,1.0,False,4.0,13.830188679245284,21.316686768416005,downward,True,,False,True,no_data,2.0,rank_2,1.0,False,53.0,False,0.9038657520217732,False,1.0000000000000002,False,33.545248910042254,223.71352331356564,27.714378326754787,117.7145365367365,2025.0,TB,canonical_source_team_frame,0.0,0.0,0.0,0.0,0.0,365.61103254725504,31.463300491173584,2.398950037365104,0.0,0.0,projected_games,67.59179862300158,10.644635220125785,146.82474056603778
00-0040170,WR,2026,4.842418197942784,1.8704457500697467,1.8704457500697467,8.525332373661303,False,,,,,,,0.1664577055224657,25.74303566558545,2.53873679649889,,,4.05117710522826,False,False,,,1.0,,,1.0,1.0,False,False,Elic Ayomanor,TEN,veteran_model,True,,False,ACT,,deep_bench,deep_bench_discounted,9.968311946353417,9.968311946353417,0.86,True,5.0,9.968311946353417,19.399084873783885,downward,True,,False,True,,,,,,,,0.9452763183553666,False,1.0000000000000002,False,33.99018463096149,212.0175347434573,25.99059410477733,108.16497255264404,2025.0,TEN,canonical_source_team_frame,0.0,0.0,0.0,0.0,0.0,197.2404612644764,53.34315299665252,3.6287139661061296,0.0,0.0,projected_games,48.27073517179224,18.645186715426235,84.9831725470015
00-0036894,TE,2026,4.816740083516615,2.479621751346744,2.479621751346744,7.471861657501991,False,,,,,,,0.1274873547839482,26.43862389200105,2.815907131225641,,,3.7126679444216273,False,False,,,1.0,,,1.0,1.0,False,False,Pat Freiermuth,PIT,veteran_model,False,,False,ACT,1.0,starter,curated,14.73645142138096,14.73645142138096,1.0,False,1.0,14.73645142138096,21.24394245613634,downward,True,,False,True,,,,,,,,0.877056421443679,False,1.0,False,33.528333841849026,220.6189626135148,26.33273552345513,112.30420927129472,2025.0,PIT,canonical_source_team_frame,0.0,0.0,0.0,0.0,0.0,461.1026409385077,45.487651964804456,0.196712414829836,0.0,2.273736754432321e-13,projected_games,70.98165625016107,36.540825482120866,110.10872634305711
00-0039398,QB,2026,4.7942514210153835,-1.419218168141151,0.0,13.865603139062545,True,14.96907959206826,3.74369051171898,9.574181585423544,0.3831886983344337,0.2545698630564661,70.2411415079552,,,,0.034025080175151,15.28553224089272,,False,False,1.2156867719087474,1.2485383415200362,,1.4278312196056446,1.5606847068920775,,,False,False,Joe Milton III,DAL,veteran_model,True,,False,ACT,2.0,backup,curated,3.4810770529473256,3.4810770529473256,0.77,True,2.0,3.53192565028643,16.468086823371205,upward,True,1.014607145020261,True,True,,,,,,,,0.93527049390564,False,1.0,False,34.84872978596818,250.0568833557896,26.917412919796803,120.7151518201046,2025.0,DAL,canonical_source_team_frame,0.0,0.0,0.0,0.0,0.0,275.16299543695914,57.23726737025993,5.15908901380503,0.0,0.0,projected_games,16.932939567806397,0.0,48.97227938354704
00-0041525,WR,2026,4.791514489607383,0.7696666666666666,0.7696666666666666,10.350139791073152,False,,,,,,,0.1627500108340939,27.588632689951424,2.1123023112153545,,,3.425543301718174,False,False,,,1.0,,,1.0,0.9107012721721982,False,False,Chris Bell,MIA,rookie_rule,True,drafted,False,,,,rookie_path,12.9,12.9,1.0,False,5.0,12.9,15.820591246614065,upward,True,,False,True,no_data,3.0,rank_3_plus,1.0,False,20.0,False,0.8973004686307117,False,1.0,False,32.35673046917577,214.6124638790677,26.70994351578604,118.05744126358432,2025.0,MIA,canonical_source_team_frame,0.0,0.0,0.0,0.0,0.0,374.6901909286057,43.11113101787174,0.0,5.684341886080803e-14,2.273736754432321e-13,projected_games,61.810536915935245,9.9287,133.51680330484368
00-0034771,QB,2026,4.777687938082076,-1.4551075615096312,0.0,13.987217150684083,True,16.230041584560635,1.7723877013509646,9.031108294884826,0.3412223950125631,0.2509940085257349,93.74191021922536,,,,0.0274073128185723,5.420364083238149,,False,False,1.2282048268476289,1.418025899382263,,1.2702969926923138,1.4165793634523915,,,False,False,Mason Rudolph,PIT,veteran_model,True,,False,ACT,2.0,backup,curated,3.950069277488054,3.950069277488054,0.77,True,2.0,3.0333998574571406,21.24394245613634,downward,True,0.7679358624783802,True,True,,,,,,,,0.877056421443679,False,1.0,False,33.528333841849026,220.6189626135148,26.33273552345513,112.30420927129472,2025.0,PIT,canonical_source_team_frame,0.0,0.0,0.0,0.0,0.0,461.1026409385077,45.487651964804456,0.196712414829836,0.0,2.273736754432321e-13,projected_games,14.49263791035287,0.0,42.42882251110717
00-0039405,RB,2026,4.776536767674696,0.9639022605986498,0.9639022605986498,10.017689189891962,False,,6.335305514868848,,,,,0.0195480402616626,4.376109848436034,0.6762657496528046,0.1883703678968085,27.532824590538635,0.8514212019554678,False,True,,,1.0,1.182294644853782,1.2276655199998978,1.0,1.0,False,False,Jawhar Jordan,HOU,veteran_model,True,,False,ACT,,deep_bench,deep_bench_discounted,7.01859117304645,7.01859117304645,0.73,True,3.0,7.01859117304645,18.04941432689289,downward,True,,False,True,,,,,,,,0.8352594114599872,False,1.0,False,34.32116198114704,230.71951669895023,27.0159725075953,113.89622067613276,2025.0,HOU,canonical_source_team_frame,0.0,0.0,0.0,0.0,0.0,646.1507724670905,60.24697481013885,7.455446411296052,0.0,0.0,projected_games,33.52455879533345,6.7652358979172025,70.31006492249857
00-0037263,RB,2026,4.7630523340222215,0.5849260923291312,0.5849260923291312,10.342669307088073,False,,6.044939506634511,,,,,0.0203446246204516,6.231281457047164,1.0291548920652551,0.1830670620565815,24.04876622222678,1.2562339692465478,False,True,,,1.0,0.918046673437454,0.9153185490843228,1.0,1.0,False,False,Tyler Allgeier,ARI,veteran_model,True,,True,ACT,2.0,committee,curated,12.01252649656061,12.01252649656061,0.98,True,2.0,12.01252649656061,24.338087108826755,downward,True,,False,True,,,,,,,,0.943688680030244,False,0.9999999999999998,False,36.21418096404104,240.76817941837584,24.988650455385,107.79252270381906,2025.0,ARI,canonical_source_team_frame,0.0,0.0,0.0,0.0,0.0,230.485557825984,61.09721757041359,2.4522766638891937,0.0,0.0,projected_games,57.216292366946796,7.026440182633347,124.24158909655965
00-0040644,RB,2026,4.742329628741152,0.0,0.0,14.053954976232404,False,,6.86585741948397,,,,,0.0143291057551995,3.31851174686478,0.5396264152728636,0.1626582518270703,30.787411009246235,0.6674188193469912,False,False,,,1.0,2.536702854772178,2.709253668390316,1.0,1.0,False,False,Trevor Etienne,CAR,veteran_model,True,,False,ACT,,deep_bench,deep_bench_discounted,10.09307395771772,10.09307395771772,0.73,True,3.0,10.09307395771772,19.92286534491023,downward,True,,False,True,,,,,,,,0.762642225796171,True,1.0000000000000002,False,33.081719189069275,214.5393770638172,26.97993809377384,116.45261469433012,2025.0,CAR,canonical_source_team_frame,0.0,0.0,0.0,0.0,0.0,865.6840133220421,82.42672504867357,7.690814341352549,0.0,2.273736754432321e-13,projected_games,47.86468367476047,0.0,141.84760697354864
00-0033881,TE,2026,4.70201913437851,2.2355995458472266,2.2355995458472266,7.357140708363886,False,,,,,,,0.2234027108684957,21.66665239920821,2.38987525849343,,,3.2839848389356217,False,False,,,1.0,,,1.0,1.0,False,False,Evan Engram,DEN,veteran_model,False,,False,ACT,2.0,backup,curated,14.904383298638123,14.904383298638123,1.0,False,1.0,14.904383298638123,18.024518158614,downward,True,,False,True,,,,,,,,0.9854034591801514,False,1.0,False,34.865759372852125,230.0782856671356,26.41359970598278,116.8514641863358,2025.0,DEN,canonical_source_team_frame,0.0,0.0,0.0,0.0,0.0,57.091900504519344,48.03783450360993,4.639782232459449,0.0,0.0,projected_games,70.08069545630795,33.32023253356838,109.65364509946936
00-0039793,TE,2026,4.701867223527263,2.367618919818609,2.367618919818609,7.3569887975126385,False,,,,,,,0.1270090167070786,26.156489368511917,2.6483283728672,,,3.900414911525372,False,False,,,1.0,,,1.0,1.0,False,False,AJ Barner,SEA,veteran_model,False,,False,ACT,1.0,starter,curated,15.01626172859246,15.01626172859246,1.0,False,1.0,15.01626172859246,19.49564219328384,downward,True,,False,True,,,,,,,,0.8711510504345189,False,0.9999999999999998,False,32.225819234062534,233.14110074227904,27.938112728980386,119.71891792298418,2025.0,SEA,canonical_source_team_frame,0.0,0.0,0.0,0.0,0.0,510.67976083010535,11.991597195078668,6.6499636008200405,0.0,0.0,projected_games,70.60446884157574,35.552785373563594,110.47446931777249
00-0040946,RB,2026,4.687338592421154,0.0,0.0,12.392336157541505,False,,6.729073774859095,,,,,0.0183525882880624,5.159586941669775,0.7055268585955862,0.2144741756944435,24.216558850613485,0.9325954599288934,False,False,,,1.0,1.80478007745504,1.5987729663265875,1.0,1.0,False,False,Jaden Nixon,GB,rookie_rule,True,udfa,False,,,,rookie_path,0.7,0.7,1.0,False,6.0,0.7,20.08091338164539,downward,True,,False,True,no_data,,off_chart,1.0,False,300.0,False,0.7132851478920521,True,1.0,False,32.63758427248949,227.66090813078225,27.533140288417208,118.4026551060812,2025.0,GB,canonical_source_team_frame,0.0,0.0,0.0,0.0,0.0,1109.653981293132,100.51157356910396,10.99654943968886,0.0,0.0,projected_games,3.281137014694808,0.0,8.674635310279053
00-0040705,WR,2026,4.659424517206132,1.4706569234564633,1.4706569234564633,8.641343004802238,False,,,,,,,0.1634448430782843,24.297590499111955,2.4979928176504607,,,3.880491865336797,False,False,,,1.0,,,1.0,1.0,False,False,Chimere Dike,TEN,veteran_model,True,,False,ACT,,deep_bench,deep_bench_discounted,13.62953225155886,13.62953225155886,1.0,False,4.0,13.62953225155886,19.399084873783885,downward,True,,False,True,,,,,,,,0.9452763183553666,False,1.0000000000000002,False,33.99018463096149,212.0175347434573,25.99059410477733,108.16497255264404,2025.0,TEN,canonical_source_team_frame,0.0,0.0,0.0,0.0,0.0,197.2404612644764,53.34315299665252,3.6287139661061296,0.0,0.0,projected_games,63.505776730965046,20.044365969228195,117.77746318073464
00-0037746,RB,2026,4.63421695571666,0.0,0.0,11.809783912830664,False,,6.515231509425142,,,,,0.0458186206934949,5.902819643135699,0.852234667518106,0.1054503904592195,27.1020359072775,1.2408403678064752,False,False,,,1.0,1.3394780631993604,1.3734396489025866,1.0,0.820921459452458,False,False,Brian Robinson,ATL,veteran_model,True,,True,ACT,2.0,committee,curated,11.462577652422926,11.462577652422926,0.98,True,2.0,11.462577652422926,20.515452025454977,downward,True,,False,True,,,,,,,,0.9033427562717592,False,1.0000000000000002,False,33.103575893134035,223.67610131731223,27.56553569236133,121.02128748507276,2025.0,ATL,canonical_source_team_frame,0.0,1.1368683772161605e-13,7.073038149771035e-14,9.094947017729282e-13,4.276533072858189e-15,367.538562500572,13.838496018552236,0.0,5.684341886080803e-14,0.0,projected_games,53.12007171307719,0.0,135.37056515915654
00-0040238,RB,2026,4.603970936087328,0.12159943179187738,0.12159943179187738,11.594711058250901,False,,6.007624823492701,,,,,0.0172429130063823,4.098050269771959,0.5663939037807445,0.1563453017107549,28.694396689169363,0.7434061618393022,False,False,,,1.0,1.8397139675952137,1.8080542903628172,1.0,1.0,False,False,LeQuint Allen Jr.,JAX,veteran_model,True,,False,ACT,,deep_bench,deep_bench_discounted,7.184641424838649,7.184641424838649,0.73,True,3.0,7.184641424838649,20.206407261437764,downward,True,,False,True,,,,,,,,0.8618509111010552,False,1.0000000000000002,False,34.28151954965283,230.8790754929431,27.42470108063263,117.85711799660008,2025.0,JAX,canonical_source_team_frame,0.0,0.0,0.0,0.0,0.0,542.2274767280733,103.90199907631133,11.6552462028087,0.0,2.273736754432321e-13,projected_games,33.077880306166186,0.8736483148887639,83.3038413781442
00-0041489,WR,2026,4.5940292051813625,0.7234866666666666,0.7234866666666666,9.979275000000001,False,,,,,,,0.1679859410091187,25.933314728554336,1.985564172542433,,,3.220010703615084,False,False,,,1.0,,,1.0,1.0,False,False,Germie Bernard,PIT,rookie_rule,True,drafted,False,,,,rookie_path,13.830188679245284,13.830188679245284,1.0,False,4.0,13.830188679245284,21.24394245613634,downward,True,,False,True,below_median,2.0,rank_2,1.0,False,53.0,False,0.877056421443679,False,1.0,False,33.528333841849026,220.6189626135148,26.33273552345513,112.30420927129472,2025.0,PIT,canonical_source_team_frame,0.0,0.0,0.0,0.0,0.0,461.1026409385077,45.487651964804456,0.196712414829836,0.0,2.273736754432321e-13,projected_games,63.53629070562149,10.005957106918238,138.0152561320755
00-0037252,TE,2026,4.565069051972833,2.178502652719189,2.178502652719189,7.142189618802189,False,,,,,,,0.1702314924247568,24.627713356020227,2.16181752364454,,,2.9152205281163464,False,False,,,1.0,,,1.0,0.9107012721721982,False,False,Greg Dulcich,MIA,veteran_model,False,,False,ACT,1.0,starter,curated,14.2695906417434,14.2695906417434,1.0,False,1.0,14.2695906417434,15.820591246614065,upward,True,,False,True,,,,,,,,0.8973004686307117,False,1.0,False,32.35673046917577,214.6124638790677,26.70994351578604,118.05744126358432,2025.0,MIA,canonical_source_team_frame,0.0,0.0,0.0,0.0,0.0,374.6901909286057,43.11113101787174,0.0,5.684341886080803e-14,2.273736754432321e-13,projected_games,65.14166662294396,31.08634106625491,101.91612214601659
00-0040311,WR,2026,4.5625538137041435,1.5924925125040557,1.5924925125040557,8.299060993605863,False,,,,,,,0.1331129000781201,27.63752732169844,2.0002473621311565,,,3.14958931799685,False,False,,,1.0,,,1.0,0.9107012721721982,False,False,Theo Wease Jr.,MIA,veteran_model,True,,False,ACT,,deep_bench,deep_bench_discounted,2.8562731028229686,2.8562731028229686,0.94,True,7.0,2.8562731028229686,15.820591246614065,upward,True,,False,True,,,,,,,,0.8973004686307117,False,1.0,False,32.35673046917577,214.6124638790677,26.70994351578604,118.05744126358432,2025.0,MIA,canonical_source_team_frame,0.0,0.0,0.0,0.0,0.0,374.6901909286057,43.11113101787174,0.0,5.684341886080803e-14,2.273736754432321e-13,projected_games,13.031899738265503,4.548593529912305,23.70438469472369
00-0041178,RB,2026,4.552035277756838,0.0,0.0,12.066750515403701,False,,5.6029031536751255,,,,,0.0198207953511074,5.5723538970033575,0.7619690072832331,0.1785800060433181,24.23410576048333,1.0072030967232048,False,False,,,1.0,1.3914203755543118,1.4814179724420815,1.0,1.0,False,False,Robert Henry Jr.,WAS,rookie_rule,True,udfa,False,,,,rookie_path,0.7,0.7,1.0,False,6.0,0.7,17.0832969419234,downward,True,,False,True,above_median,,off_chart,1.0,False,300.0,False,0.7734083043982058,True,1.0000000000000002,False,32.6701069973832,214.93987374561607,27.270251462105467,124.11887818477246,2025.0,WAS,canonical_source_team_frame,0.0,0.0,0.0,0.0,0.0,827.96103755573,70.84056173480843,1.8215509938874952,0.0,0.0,projected_games,3.1864246944297863,0.0,8.44672536078259
00-0039874,RB,2026,4.532582124749247,0.06821810548614306,0.06821810548614306,10.831488908601433,False,,6.2583993272531,,,,,0.0276178166712285,7.095710721547549,0.8900431773590467,0.1564137665865578,22.73799964368251,1.155279451433098,False,True,,,1.0,1.1652049249551069,1.0810354942078024,1.0,0.9107012721721982,False,False,Jaylen Wright,MIA,veteran_model,True,,False,ACT,2.0,committee,curated,9.755406389724758,9.755406389724758,0.98,True,2.0,9.755406389724758,15.820591246614065,upward,True,,False,True,,,,,,,,0.8973004686307117,False,1.0,False,32.35673046917577,214.6124638790677,26.70994351578604,118.05744126358432,2025.0,MIA,canonical_source_team_frame,0.0,0.0,0.0,0.0,0.0,374.6901909286057,43.11113101787174,0.0,5.684341886080803e-14,2.273736754432321e-13,projected_games,44.217180621731025,0.6654953421544375,105.66557610920326
00-0040202,RB,2026,4.5287384365863605,0.9530141977436859,0.9530141977436859,9.126751428965541,False,,4.845873291327572,,,,,0.0296977179488063,7.059413106121012,0.9868223412652456,0.1445598893313548,22.8384031166067,1.2339865928083076,False,False,,,1.0,1.0067147255508837,0.9856975381239048,1.0,0.9163349578264096,False,False,Devin Neal,NO,veteran_model,True,,False,ACT,,deep_bench,deep_bench_discounted,10.169556212854827,10.169556212854827,0.73,True,3.0,10.169556212854827,21.59325303282543,downward,True,,False,True,,,,,,,,0.8801009681156396,False,1.0,False,34.116960253547056,231.15975941032937,26.95323708907626,109.1195451687137,2025.0,NO,canonical_source_team_frame,0.0,0.0,0.0,0.0,0.0,471.16913318664274,47.16906708270608,0.0,5.684341886080803e-14,0.0,projected_games,46.05526010418128,9.69173145560316,92.81501169761819
00-0036309,WR,2026,4.51941348895417,1.4287007816555395,1.4287007816555395,8.37868110241105,False,,,,,,,0.1582489552379485,26.56238490066606,1.8273625349197464,,,3.2169171397455245,False,False,,,1.0,,,0.9182512412543492,1.0,False,False,Darnell Mooney,NYG,veteran_model,True,,True,ACT,,deep_bench,deep_bench_discounted,12.203849763424625,12.203849763424625,0.97,True,3.0,12.203849763424625,23.01824991096567,downward,True,,False,True,,,,,,,,0.969501997801332,False,1.0,False,33.2431579562698,223.72213877664484,27.96941585077396,122.67702612627788,2025.0,NYG,canonical_source_team_frame,0.0,0.0,0.0,0.0,0.0,115.99233076511427,0.0,0.95835366558714,5.684341886080803e-14,0.0,projected_games,55.1542432379914,17.43564969621153,102.25216538946947
00-0041042,WR,2026,4.512870501923773,0.7042757083614388,0.7042757083614388,9.82342610074884,False,,,,,,,0.1679859410091187,25.933314728554336,1.8232467660272544,,,3.220010703615084,False,False,,,1.0,,,0.9182512412543492,1.0,False,False,Malachi Fields,NYG,rookie_rule,True,drafted,False,,,,rookie_path,12.9,12.9,1.0,False,5.0,12.9,23.01824991096567,downward,True,,False,True,below_median,3.0,rank_3_plus,1.0,False,20.0,False,0.969501997801332,False,1.0,False,33.2431579562698,223.72213877664484,27.96941585077396,122.67702612627788,2025.0,NYG,canonical_source_team_frame,0.0,0.0,0.0,0.0,0.0,115.99233076511427,0.0,0.95835366558714,5.684341886080803e-14,0.0,projected_games,58.21602947481667,9.08515663786256,126.72219669966003
00-0040878,RB,2026,4.493613699692623,0.15347745913788005,0.15347745913788005,10.696850905141872,False,,6.666860965106414,,,,,0.0266989999484692,5.678240727639899,0.7549619863912299,0.1595621345691306,24.30741826627419,0.990691893586658,False,False,,,1.0,1.7058250514889843,1.5766076134505411,1.0,0.8187354071744638,False,False,Mike Washington Jr.,LV,rookie_rule,True,drafted,False,,2.0,committee,rookie_path,3.8333333333333335,3.8333333333333335,1.0,False,,3.8333333333333335,24.159418900454952,downward,True,,False,True,above_median,,off_chart,0.7210862474524415,False,42.0,False,0.6965108832860549,True,1.0000000000000002,False,33.852824030940056,214.57229132943425,25.40666637485797,101.2650936526983,2025.0,LV,canonical_source_team_frame,0.0,0.0,0.0,0.0,0.0,1107.0460378365742,61.55691682746948,0.0,0.0,2.273736754432321e-13,projected_games,17.225519182155054,0.5883302600285402,41.004595136377176
00-0040667,WR,2026,4.442393366166055,1.3299938229795794,1.3299938229795794,8.360239501216963,False,,,,,,,0.1537763875301352,24.839817295548755,2.071506622860737,,,3.224626608938973,False,False,,,1.0,,,1.0,1.0,False,False,Matthew Golden,GB,veteran_model,True,,False,ACT,1.0,starter,curated,12.760081667403853,12.760081667403853,0.97,True,3.0,12.760081667403853,20.08091338164539,downward,True,,False,True,,,,,,,,0.7132851478920521,True,1.0,False,32.63758427248949,227.66090813078225,27.533140288417208,118.4026551060812,2025.0,GB,canonical_source_team_frame,0.0,0.0,0.0,0.0,0.0,1109.653981293132,100.51157356910396,10.99654943968886,0.0,0.0,projected_games,56.68530215101197,16.970829798362097,106.6773387945841
00-0033555,WR,2026,4.441205706917756,1.3484980086178973,1.3484980086178973,8.38667143186795,False,,,,,,,0.1526876589618246,26.161812479406134,1.8177970104123895,,,3.240117965985391,False,False,,,0.9802549627291288,,,1.0,1.0,False,False,Mack Hollins,NE,veteran_model,True,,False,ACT,,deep_bench,deep_bench_discounted,13.244171339807574,13.244171339807574,1.0,False,4.0,13.244171339807574,14.772857648172948,upward,True,,False,True,,,,,,,,1.0201427567537114,False,1.0,False,33.74673756144342,243.75690325453,26.991281582048,121.68752580253285,2025.0,NE,canonical_source_team_frame,0.0,0.0,0.0,0.0,0.0,0.0,25.51114389997366,2.053035900254038,1.1368683772161605e-13,0.0,projected_games,58.820089337749984,17.859738677524742,111.07451341432844
00-0039875,RB,2026,4.438463567177292,0.6011819881976906,0.6011819881976906,10.985303575330084,False,,3.833788684122709,,,,,0.0400284265970503,11.274623667222285,1.304068494943209,0.1121968828806461,17.456150961172806,1.7471345641538876,False,False,,,1.0,1.2458520720551196,1.1115236379698006,1.0,1.0,False,False,Ray Davis,BUF,veteran_model,True,,False,ACT,,deep_bench,deep_bench_discounted,14.74527892451021,14.74527892451021,0.98,True,2.0,14.74527892451021,20.07985848410768,downward,True,,False,True,,,,,,,,0.7844531400579932,True,1.0000000000000002,False,33.20980278431125,231.99901556001677,27.99616806245821,133.52559682822502,2025.0,BUF,canonical_source_team_frame,0.0,0.0,0.0,0.0,0.0,850.1132083311727,39.78679072911751,7.808599833668275,5.684341886080803e-14,0.0,projected_games,65.44638329430573,8.864596100366553,161.98136528866135
00-0041032,TE,2026,4.4071778172320375,2.351351919620999,2.351351919620999,6.555831908458766,False,,,,,,,0.1441080608121201,24.788344238820432,2.127390056954547,,,3.4825952659125585,True,False,,,0.925532119166682,,,0.945230425597829,0.924926104234489,False,False,Kenyon Sadiq,NYJ,rookie_rule,True,drafted,False,,2.0,backup,rookie_path,15.272727272727272,15.272727272727272,1.0,False,1.0,15.272727272727272,22.00089020868356,downward,True,,False,True,above_median,1.0,rank_1,0.6093376805075419,False,3.0,True,1.0804595316479846,False,1.0,False,32.407872629000565,201.1291021889327,27.45450069012769,119.16603389972052,2025.0,NYJ,canonical_source_team_frame,0.0,0.0,0.0,0.0,0.0,0.0,0.0,0.0,0.0,2.273736754432321e-13,projected_games,67.30962484499838,35.91155659057526,100.12543278373388
00-0039491,WR,2026,4.389805055062247,1.3109333429845982,1.3109333429845982,8.371723542658351,False,,,,,,,0.1451288627996144,24.948696456962544,2.048324465136613,,,3.211516458758875,False,False,,,1.0,,,1.0,1.0,False,False,Jalen Coker,CAR,veteran_model,False,,False,ACT,3.0,starter,curated,13.184381073386009,13.184381073386009,1.0,False,2.0,13.184381073386009,19.92286534491023,downward,True,,False,True,,,,,,,,0.762642225796171,True,1.0000000000000002,False,33.081719189069275,214.5393770638172,26.97993809377384,116.45261469433012,2025.0,CAR,canonical_source_team_frame,0.0,0.0,0.0,0.0,0.0,865.6840133220421,82.42672504867357,7.690814341352549,0.0,2.273736754432321e-13,projected_games,57.87686268381692,17.283844755716785,110.37599342744484
00-0040134,WR,2026,4.36927305953385,1.23901818994906,1.23901818994906,8.351191547129954,False,,,,,,,0.1536927223841377,24.21933060094875,2.050367330268295,,,3.3895575553607524,False,False,,,1.0,,,1.0,1.0,False,False,Pat Bryant,DEN,veteran_model,True,,False,ACT,,deep_bench,deep_bench_discounted,12.900256916089628,12.900256916089628,1.0,False,4.0,12.900256916089628,18.024518158614,downward,True,,False,True,,,,,,,,0.9854034591801514,False,1.0,False,34.865759372852125,230.0782856671356,26.41359970598278,116.8514641863358,2025.0,DEN,canonical_source_team_frame,0.0,0.0,0.0,0.0,0.0,57.091900504519344,48.03783450360993,4.639782232459449,0.0,0.0,projected_games,56.364745004535635,15.983652974051214,107.73251651345242
00-0038555,RB,2026,4.356187164166697,0.0,0.0,11.614065067262795,False,,6.6286223427924,,,,,0.0061208355178944,4.171254339126329,0.7028123998619166,0.1646893449111687,25.627944477487272,0.9931832281534294,False,False,,,1.0,1.2851906002510978,1.406957869337138,1.0,1.0,False,False,Tank Bigsby,PHI,veteran_model,True,,False,ACT,2.0,committee,curated,10.363934032641083,10.363934032641083,0.98,True,2.0,10.363934032641083,22.734366573198308,downward,True,,False,True,,,,,,,,0.9852092383981552,False,1.0,False,32.80466217687678,217.87283255481577,27.5089337932841,118.95482935957656,2025.0,PHI,canonical_source_team_frame,0.0,1.1368683772161605e-13,7.218158658701871e-14,9.094947017729282e-13,5.402090322974834e-15,54.78258713922742,30.42911752801558,3.044085996966416,0.0,0.0,projected_games,45.14723640326148,0.0,120.36740420791283
00-0032434,QB,2026,4.248629890161296,-2.233476625327604,0.0,15.734759497783726,True,14.26259294681654,0.7427518747235028,9.582250944421665,0.5457203360429429,0.3448682384020184,98.97622420671328,,,,0.0,0.0154864037057662,,False,False,1.6640716732746652,1.692966681095334,,0.959334846994094,0.984549981444398,,,False,False,Brandon Allen,NYG,veteran_model,True,,True,ACT,,deep_bench,deep_bench_discounted,1.0769597089345393,1.0769597089345393,0.84,True,3.0,0.1585862737644519,23.01824991096567,downward,True,0.1472536738828836,True,True,,,,,,,,0.969501997801332,False,1.0,False,33.2431579562698,223.72213877664484,27.96941585077396,122.67702612627788,2025.0,NYG,canonical_source_team_frame,0.0,0.0,0.0,0.0,0.0,115.99233076511427,0.0,0.95835366558714,5.684341886080803e-14,0.0,projected_games,0.6737743828849525,0.0,2.4953168773333396
00-0034975,RB,2026,4.237271332558212,0.739520431907712,0.739520431907712,11.554005392582802,False,,3.69676137461537,,,,,0.0398820084888818,10.402896582472165,1.7668825738014995,0.1079904377719503,14.263057098452528,2.040455026636673,False,True,,,1.0,1.46385909502777,1.2998830708134892,1.0,1.0,False,False,Justice Hill,BAL,veteran_model,True,,False,ACT,2.0,committee,curated,11.989750432586437,11.989750432586437,0.98,True,2.0,11.989750432586437,18.421690320520103,downward,True,,False,True,,,,,,,,0.8405930073619484,False,1.0,False,31.371651182397663,213.6422320700136,28.05821210195141,132.6208441085526,2025.0,BAL,canonical_source_team_frame,0.0,0.0,0.0,0.0,0.0,578.9531171509466,55.41434962128113,4.989568733629504,5.684341886080803e-14,4.547473508864641e-13,projected_games,50.80382579252593,8.866665418371998,138.52964115382568
00-0038951,RB,2026,4.215775250549356,0.6317405664972716,0.6317405664972716,9.211756977299643,False,,6.1738239103562185,,,,,0.0126023143703311,4.808500014402394,0.6711401343443385,0.1699382936669257,23.04111533713407,0.9733147711014616,False,False,,,1.0,1.1405657422002882,1.1085471631241024,1.0,1.0,False,False,Sean Tucker,TB,veteran_model,True,,False,ACT,,deep_bench,deep_bench_discounted,10.701933398605629,10.701933398605629,0.73,True,3.0,10.701933398605629,21.316686768416005,downward,True,,False,True,,,,,,,,0.9038657520217732,False,1.0000000000000002,False,33.545248910042254,223.71352331356564,27.714378326754787,117.7145365367365,2025.0,TB,canonical_source_team_frame,0.0,0.0,0.0,0.0,0.0,365.61103254725504,31.463300491173584,2.398950037365104,0.0,0.0,projected_games,45.116945954869166,6.760845467851191,98.58360965520149
00-0039342,WR,2026,4.211091638334869,1.199749105678263,1.199749105678263,8.128937773385777,False,,,,,,,0.1369335524418236,24.161551360746053,1.9466703752186447,,,3.1801442150738306,False,False,,,1.0,,,1.0,1.0,False,False,Xavier Legette,CAR,veteran_model,True,,False,ACT,2.0,starter,curated,13.338275114842686,13.338275114842686,0.97,True,3.0,13.338275114842686,19.92286534491023,downward,True,,False,True,,,,,,,,0.762642225796171,True,1.0000000000000002,False,33.081719189069275,214.5393770638172,26.97993809377384,116.45261469433012,2025.0,CAR,canonical_source_team_frame,0.0,0.0,0.0,0.0,0.0,865.6840133220421,82.42672504867357,7.690814341352549,0.0,2.273736754432321e-13,projected_games,56.1686988059241,16.00258364032314,108.42600841285622
00-0039410,WR,2026,4.181082556562538,1.2003434024157333,1.2003434024157333,8.098928691613446,False,,,,,,,0.1318329893568567,24.532530766690066,1.8736630875047824,,,2.7731539366650946,False,False,,,1.0,,,1.0,1.0,False,False,Ryan Flournoy,DAL,veteran_model,True,,False,ACT,3.0,starter,curated,14.265581081226316,14.265581081226316,0.97,True,3.0,14.265581081226316,16.468086823371205,upward,True,,False,True,,,,,,,,0.93527049390564,False,1.0,False,34.84872978596818,250.0568833557896,26.917412919796803,120.7151518201046,2025.0,DAL,canonical_source_team_frame,0.0,0.0,0.0,0.0,0.0,275.16299543695914,57.23726737025993,5.15908901380503,0.0,0.0,projected_games,59.6455722179439,17.123596132476713,115.53592392128178
00-0040198,RB,2026,4.172916547632484,0.726372508405682,0.726372508405682,9.117751471786873,False,,5.769564709930939,,,,,0.0155737072161575,6.413471494820657,0.670585653557042,0.1222547323625759,23.69305933899497,0.8162855475284044,False,True,,,1.0,1.1652049249551069,1.0810354942078024,1.0,0.9107012721721982,False,False,Ollie Gordon II,MIA,veteran_model,True,,False,ACT,,deep_bench,deep_bench_discounted,9.84977404316089,9.84977404316089,0.73,True,3.0,9.84977404316089,15.820591246614065,upward,True,,False,True,,,,,,,,0.8973004686307117,False,1.0,False,32.35673046917577,214.6124638790677,26.70994351578604,118.05744126358432,2025.0,MIA,canonical_source_team_frame,0.0,0.0,0.0,0.0,0.0,374.6901909286057,43.11113101787174,0.0,5.684341886080803e-14,2.273736754432321e-13,projected_games,41.102285095146996,7.1546050789599525,89.80779177879835
00-0039880,WR,2026,4.169158994354001,1.092988006113742,1.092988006113742,8.026325777052245,False,,,,,,,0.1446787421600494,20.80579040234594,2.441015002318221,,,3.399799799112987,False,False,,,1.0,,,1.0,0.9107012721721982,False,False,Malik Washington,MIA,veteran_model,False,,False,ACT,3.0,starter,curated,14.208185722435086,14.208185722435086,1.0,False,1.0,14.208185722435086,15.820591246614065,upward,True,,False,True,,,,,,,,0.8973004686307117,False,1.0,False,32.35673046917577,214.6124638790677,26.70994351578604,118.05744126358432,2025.0,MIA,canonical_source_team_frame,0.0,0.0,0.0,0.0,0.0,374.6901909286057,43.11113101787174,0.0,5.684341886080803e-14,2.273736754432321e-13,projected_games,59.236185298142345,15.529376583258061,114.0395273091264
00-0033921,WR,2026,4.158169083635819,1.3079603751166773,1.3079603751166773,8.140087571231923,False,,,,,,,0.1070183622065297,22.34197074049121,2.5637236726950388,,,4.246438835245228,False,False,,,1.0,,,1.0,1.0,False,False,Chris Godwin Jr.,TB,veteran_model,False,,False,ACT,3.0,starter,curated,12.58713790975854,12.58713790975854,1.0,False,2.0,12.58713790975854,21.316686768416005,downward,True,,False,True,,,,,,,,0.9038657520217732,False,1.0000000000000002,False,33.545248910042254,223.71352331356564,27.714378326754787,117.7145365367365,2025.0,TB,canonical_source_team_frame,0.0,0.0,0.0,0.0,0.0,365.61103254725504,31.463300491173584,2.398950037365104,0.0,0.0,projected_games,52.33944770781835,16.46347762209313,102.46040485660767
00-0040466,RB,2026,4.15285689952436,0.20472468851897654,0.20472468851897654,10.368198204821358,False,,5.885529754986123,,,,,0.0094491479451536,2.613765971024841,0.2571110351856193,0.1894621446579543,25.694570292104185,0.3355313125329352,False,False,,,1.0,1.5414969511534775,1.555972722278861,1.0,1.0,False,False,Raheim Sanders,CLE,veteran_model,True,,False,ACT,,deep_bench,deep_bench_discounted,8.506478780306232,8.506478780306232,0.73,True,3.0,8.506478780306232,10.284063846891716,upward,True,,False,True,,,,,,,,0.8164913489925817,False,1.0,False,33.8207863840279,210.1034066660231,26.544835692755186,109.30283679541014,2025.0,CLE,canonical_source_team_frame,0.0,0.0,0.0,0.0,0.0,655.4484763988635,98.14797606559432,2.452388874511467,5.684341886080803e-14,2.273736754432321e-13,projected_games,35.32618909345229,1.7414862186914768,88.19685801932204
00-0038619,WR,2026,4.120064563877165,1.1055866274638093,1.1055866274638093,8.037910698928073,False,,,,,,,0.1374561197346152,23.91883993370353,1.8068877041982416,,,2.708615718766632,False,False,,,1.0,,,1.0,1.0,False,False,Andrei Iosivas,CIN,veteran_model,True,,False,ACT,3.0,starter,curated,14.001228303765869,14.001228303765869,0.97,True,3.0,14.001228303765869,28.701985495349312,downward,True,,False,True,,,,,,,,0.8041969537750469,False,1.0000000000000002,False,35.7612028620279,238.64282026275723,25.12001337082607,107.36926538839045,2025.0,CIN,canonical_source_team_frame,0.0,0.0,0.0,0.0,0.0,794.3588498417512,105.60842751061163,2.3639751147743238,0.0,0.0,projected_games,57.68596458509974,15.479570780711338,112.54062278097423
00-0040648,WR,2026,4.099746274654608,0.9714287265262762,0.9714287265262762,8.081664762250712,False,,,,,,,0.1533698354747281,21.77961893041828,2.0031307375288225,,,3.424944633320729,False,False,,,1.0,,,1.0,1.0,False,False,Tory Horton,SEA,veteran_model,True,,False,ACT,,deep_bench,deep_bench_discounted,12.49851727101388,12.49851727101388,1.0,False,4.0,12.49851727101388,19.49564219328384,downward,True,,False,True,,,,,,,,0.8711510504345189,False,0.9999999999999998,False,32.225819234062534,233.14110074227904,27.938112728980386,119.71891792298418,2025.0,SEA,canonical_source_team_frame,0.0,0.0,0.0,0.0,0.0,510.67976083010535,11.991597195078668,6.6499636008200405,0.0,0.0,projected_games,51.24074962054543,12.141418716047681,101.00882660953481
00-0038618,WR,2026,4.07546521864659,1.0606714557263612,1.0606714557263612,8.057383706242696,False,,,,,,,0.134449204606711,23.681906235883552,1.8011587348359372,,,2.776984106826336,False,False,,,1.0,,,1.0,1.0,False,False,Xavier Hutchinson,HOU,veteran_model,True,,False,ACT,,deep_bench,deep_bench_discounted,13.734840973457423,13.734840973457423,1.0,False,4.0,13.734840973457423,18.04941432689289,downward,True,,False,True,,,,,,,,0.8352594114599872,False,1.0,False,34.32116198114704,230.71951669895023,27.0159725075953,113.89622067613276,2025.0,HOU,canonical_source_team_frame,0.0,0.0,0.0,0.0,0.0,646.1507724670905,60.24697481013885,7.455446411296052,0.0,0.0,projected_games,55.975866670967804,14.568153769487157,110.66688386737042
00-0036679,QB,2026,4.068200959420941,-2.2183471852925214,0.0,14.525871151632412,True,16.86205643767536,1.6047031582568296,10.50774960881637,0.6378726476149259,0.2203153788737284,101.20260781422544,,,,0.0032965130631078,3.948013482082144,,False,False,1.3734743638989928,1.3649430301892047,,1.2458520720551196,1.1115236379698008,,,False,False,Shane Buechele,BUF,veteran_model,True,,True,ACT,,deep_bench,deep_bench_discounted,1.8327942467596767,1.8327942467596767,0.84,True,3.0,0.4211027212534626,20.07985848410768,downward,True,0.2297599536870868,True,True,,,,,,,,0.7844531400579932,True,1.0000000000000002,False,33.20980278431125,231.99901556001677,27.99616806245821,133.52559682822502,2025.0,BUF,canonical_source_team_frame,0.0,0.0,0.0,0.0,0.0,850.1132083311727,39.78679072911751,7.808599833668275,5.684341886080803e-14,0.0,projected_games,1.7131304946181056,0.0,6.116883870529577
00-0033949,QB,2026,4.0328488192449,-1.332530788380078,0.0,13.735574778330218,True,10.52048715373023,2.118513131881727,5.229294486908239,0.2289497333150797,0.3561557959373522,56.77407800148163,,,,0.0613514573191365,4.270532381515662,,False,False,1.0705243827737907,1.0888276515319248,,1.2383454255285065,1.187305420097928,,,False,False,Joshua Dobbs,DET,veteran_model,False,,True,,2.0,backup,curated,1.3098495173221336,1.3098495173221336,1.0,False,,0.5254732261725681,22.61533745621171,downward,True,0.4011706835200807,True,True,,,,,,,,0.9785289193999536,False,0.9999999999999998,False,33.929940625091575,246.18800924276172,26.78972180276002,118.19003241053174,2025.0,DET,canonical_source_team_frame,0.0,0.0,0.0,0.0,0.0,89.86068401667671,8.57475959461226,2.843661959408699,0.0,4.547473508864641e-13,projected_games,2.1191540797148494,0.0,7.217676792103736
00-0039146,WR,2026,4.023470362693427,1.2547442187384688,1.2547442187384688,8.005388850289533,False,,,,,,,0.093437934779166,24.80685752618506,1.964314002799851,,,2.8329988501468,False,False,,,1.0,,,1.0,1.0,False,False,Jayden Reed,GB,veteran_model,False,,False,ACT,3.0,starter,curated,13.092682637650812,13.092682637650812,1.0,False,2.0,13.092682637650812,20.08091338164539,downward,True,,False,True,,,,,,,,0.7132851478920521,True,1.0,False,32.63758427248949,227.66090813078225,27.533140288417208,118.4026551060812,2025.0,GB,canonical_source_team_frame,0.0,0.0,0.0,0.0,0.0,1109.653981293132,100.51157356910396,10.99654943968886,0.0,0.0,projected_games,52.678020560738844,16.42796784736988,104.81201560782917
00-0041191,RB,2026,3.99453782814543,0.0,0.0,10.573534102185056,False,,4.99420778169489,,,,,0.0150660335621663,5.159586941669775,0.7055268585955862,0.1591792025267573,20.803442881471177,0.9325954599288934,False,False,,,1.0,1.3394780631993604,1.3734396489025866,1.0,0.820921459452458,False,False,Cash Jones,ATL,rookie_rule,True,udfa,False,,,,rookie_path,0.7,0.7,1.0,False,5.0,0.7,20.515452025454977,downward,True,,False,True,no_data,,off_chart,1.0,False,300.0,False,0.9033427562717592,False,1.0000000000000002,False,33.103575893134035,223.67610131731223,27.56553569236133,121.02128748507276,2025.0,ATL,canonical_source_team_frame,0.0,1.1368683772161605e-13,7.073038149771035e-14,9.094947017729282e-13,4.276533072858189e-15,367.538562500572,13.838496018552236,0.0,5.684341886080803e-14,0.0,projected_games,2.7961764797018005,0.0,7.4014738715295385
00-0040388,WR,2026,3.9897907773682304,1.1298007878535765,1.1298007878535765,7.523202797147955,False,,,,,,,0.133253037136774,23.70638326794099,1.639268455506975,,,2.3937872618422262,False,False,,,1.0,,,1.0,1.0,False,False,Jakobie Keeney-James,GB,veteran_model,True,,False,ACT,,deep_bench,deep_bench_discounted,2.6655052255497997,2.6655052255497997,0.79,True,,2.6655052255497997,20.08091338164539,downward,True,,False,True,,,,,,,,0.7132851478920521,True,1.0,False,32.63758427248949,227.66090813078225,27.533140288417208,118.4026551060812,2025.0,GB,canonical_source_team_frame,0.0,0.0,0.0,0.0,0.0,1109.653981293132,100.51157356910396,10.99654943968886,0.0,0.0,projected_games,10.634808165925415,3.011489903853989,20.053136368668746
00-0038104,WR,2026,3.9645315190052903,0.8165866365690764,0.8165866365690764,7.882377654056198,False,,,,,,,0.167779262795479,21.971213459966965,1.5214691924714396,,,2.63736613201669,False,False,,,1.0,,,1.0,1.0,False,False,Tyquan Thornton,KC,veteran_model,True,,False,ACT,2.0,starter,curated,12.764986605428213,12.764986605428213,0.97,True,3.0,12.764986605428213,26.280421420954912,downward,True,,False,True,,,,,,,,0.7601284095142968,True,1.0,False,35.16444525693558,230.5791949901617,25.92765596122493,113.12700304519306,2025.0,KC,canonical_source_team_frame,0.0,0.0,0.0,0.0,0.0,940.259769998454,130.5185425896733,7.9994206468329025,1.1368683772161605e-13,0.0,projected_games,50.607191736900496,10.423717477975936,100.61844517295403
00-0037837,WR,2026,3.9622007655012617,0.9189215369701282,0.9189215369701282,7.8837290246499165,False,,,,,,,0.147533937214495,22.00655102929821,1.752684078568942,,,3.154287851326239,False,False,,,1.0,,,0.9182512412543492,1.0,False,False,Calvin Austin III,NYG,veteran_model,False,,True,ACT,3.0,starter,curated,12.876403545098112,12.876403545098112,1.0,False,4.0,12.876403545098112,23.01824991096567,downward,True,,False,True,,,,,,,,0.969501997801332,False,1.0,False,33.2431579562698,223.72213877664484,27.96941585077396,122.67702612627788,2025.0,NYG,canonical_source_team_frame,0.0,0.0,0.0,0.0,0.0,115.99233076511427,0.0,0.95835366558714,5.684341886080803e-14,0.0,projected_games,51.018895983290896,11.832404536309165,101.51407636159507
00-0035662,WR,2026,3.947722318669931,0.9962715512715536,0.9962715512715536,7.929640806266036,False,,,,,,,0.1238920386864024,22.87443569959159,1.8338530331847147,,,3.0972909500866894,False,False,,,1.0,,,1.0,1.0,False,False,Marquise Brown,PHI,veteran_model,True,,True,ACT,,deep_bench,deep_bench_discounted,13.78691031811397,13.78691031811397,1.0,False,4.0,13.78691031811397,22.734366573198308,downward,True,,False,True,,,,,,,,0.9852092383981552,False,1.0,False,32.80466217687678,217.87283255481577,27.5089337932841,118.95482935957656,2025.0,PHI,canonical_source_team_frame,0.0,1.1368683772161605e-13,7.218158658701871e-14,9.094947017729282e-13,5.402090322974834e-15,54.78258713922742,30.42911752801558,3.044085996966416,0.0,0.0,projected_games,54.42689356831928,13.735506529869193,109.3252466508468
00-0034837,WR,2026,3.94631462449454,0.9181065065747508,0.9181065065747508,7.864160759545449,False,,,,,,,0.1397444833190208,22.953721282812648,1.6249511925983011,,,2.91165838451256,False,False,,,1.0,,,1.0,1.0,False,False,Calvin Ridley,TEN,veteran_model,True,,False,ACT,1.0,starter,curated,10.87829857511031,10.87829857511031,0.97,True,3.0,10.87829857511031,19.399084873783885,downward,True,,False,True,,,,,,,,0.9452763183553666,False,1.0000000000000002,False,33.99018463096149,212.0175347434573,25.99059410477733,108.16497255264404,2025.0,TEN,canonical_source_team_frame,0.0,0.0,0.0,0.0,0.0,197.2404612644764,53.34315299665252,3.6287139661061296,0.0,0.0,projected_games,42.92918875657594,9.987436702271616,85.54868878500167
00-0038393,WR,2026,3.9417039154964186,0.8912345734896786,0.8912345734896786,7.859550050547329,False,,,,,,,0.1434546873335126,21.344013762394383,1.8931488305118096,,,2.8251394938373413,False,False,,,1.0,,,1.0,1.0,False,False,Dontayvion Wicks,PHI,veteran_model,True,,True,ACT,2.0,starter,curated,12.386233434856033,12.386233434856033,0.97,True,3.0,12.386233434856033,22.734366573198308,downward,True,,False,True,,,,,,,,0.9852092383981552,False,1.0,False,32.80466217687678,217.87283255481577,27.5089337932841,118.95482935957656,2025.0,PHI,canonical_source_team_frame,0.0,1.1368683772161605e-13,7.218158658701871e-14,9.094947017729282e-13,5.402090322974834e-15,54.78258713922742,30.42911752801558,3.044085996966416,0.0,0.0,projected_games,48.82286482842468,11.039039472457514,97.35022161901374
00-0036290,TE,2026,3.9376983286466434,1.7843691665158676,1.7843691665158676,6.44978305855178,False,,,,,,,0.1061775234786411,23.194168027624823,1.9624327700246296,,,2.82613972536706,False,False,,,1.0,,,1.0,1.0,False,False,Cole Kmet,CHI,veteran_model,True,,False,ACT,2.0,backup,curated,14.825631481453472,14.825631481453472,0.9,True,2.0,14.825631481453472,18.449464280783285,downward,True,,False,True,,,,,,,,0.9135686161925484,False,1.0000000000000002,False,33.737891607375786,231.6083524098304,27.69702416995268,127.85615277062598,2025.0,CHI,canonical_source_team_frame,0.0,0.0,0.0,0.0,0.0,340.3099168024751,65.69620810933344,6.574845673487438,0.0,0.0,projected_games,58.378864305650396,26.45439968963254,95.62210676141054
00-0039373,RB,2026,3.9327513145682738,0.49011893916117033,0.49011893916117033,8.38252863988407,False,,4.181847523687672,,,,,0.030293375622747,6.511568397017498,1.1284383116688603,0.1453278454298585,16.63647992716461,1.4537094500615302,False,False,,,1.0,1.0067147255508837,0.9856975381239048,1.0,0.9163349578264096,False,False,Audric Estimé,NO,veteran_model,True,,False,ACT,,deep_bench,deep_bench_discounted,2.9038722392033103,2.9038722392033103,0.7,True,6.0,2.9038722392033103,21.59325303282543,downward,True,,False,True,,,,,,,,0.8801009681156396,False,1.0,False,34.116960253547056,231.15975941032937,26.95323708907626,109.1195451687137,2025.0,NO,canonical_source_team_frame,0.0,0.0,0.0,0.0,0.0,471.16913318664274,47.16906708270608,0.0,5.684341886080803e-14,0.0,projected_games,11.420207366065135,1.4232427813378987,24.341792211686034
00-0037291,WR,2026,3.8680875316987477,0.851210370281043,0.851210370281043,7.5967765775920775,False,,,,,,,0.1391702445310631,21.06169732754596,1.853792663515546,,,2.8508800460375725,False,False,,,1.0,,,1.0,0.8187354071744638,False,False,Jalen Nailor,LV,veteran_model,False,,True,ACT,2.0,starter,curated,15.47787988334185,15.47787988334185,1.0,False,2.0,15.47787988334185,24.159418900454952,downward,True,,False,True,,,,,,,,0.6965108832860549,True,1.0000000000000002,False,33.852824030940056,214.57229132943425,25.40666637485797,101.2650936526983,2025.0,LV,canonical_source_team_frame,0.0,0.0,0.0,0.0,0.0,1107.0460378365742,61.55691682746948,0.0,0.0,2.273736754432321e-13,projected_games,59.869794193885475,13.174931866664922,117.58199536855496
00-0033908,WR,2026,3.832739554051645,0.9592545902427649,0.9592545902427649,7.750585689102553,False,,,,,,,0.1139572909672026,21.27784813702338,2.042421989092183,,,3.4076318417993923,False,False,,,1.0,,,1.0,1.0,False,False,Cooper Kupp,SEA,veteran_model,True,,False,ACT,3.0,starter,curated,13.489132907648518,13.489132907648518,0.97,True,3.0,13.489132907648518,19.49564219328384,downward,True,,False,True,,,,,,,,0.8711510504345189,False,0.9999999999999998,False,32.225819234062534,233.14110074227904,27.938112728980386,119.71891792298418,2025.0,SEA,canonical_source_team_frame,0.0,0.0,0.0,0.0,0.0,510.67976083010535,11.991597195078668,6.6499636008200405,0.0,0.0,projected_games,51.70033324500415,12.939512660056575,104.54868047242292
00-0035535,WR,2026,3.8036638064967656,0.8047089168988373,0.8047089168988373,7.725192065645419,False,,,,,,,0.140146547392294,21.916006739264148,1.542367696433173,,,2.952435368410726,False,False,,,1.0,,,0.9182512412543492,1.0,False,False,Darius Slayton,NYG,veteran_model,False,,False,ACT,2.0,starter,curated,12.894287885161653,12.894287885161653,1.0,False,2.0,12.894287885161653,23.01824991096567,downward,True,,False,True,,,,,,,,0.969501997801332,False,1.0,False,33.2431579562698,223.72213877664484,27.96941585077396,122.67702612627788,2025.0,NYG,canonical_source_team_frame,0.0,0.0,0.0,0.0,0.0,115.99233076511427,0.0,0.95835366558714,5.684341886080803e-14,0.0,projected_games,49.0455361393391,10.376148438250233,99.61085046259865
00-0034577,QB,2026,3.753208697639537,-1.843690560317964,0.0,13.14961201429987,True,9.61446587606324,1.242698397794631,6.691329955903096,0.4898194138802582,0.3376549323159439,72.19309777243414,,,,0.0167150571263483,3.942135424808223,,False,False,1.3734743638989928,1.3649430301892047,,1.2458520720551196,1.1115236379698006,,,False,False,Kyle Allen,BUF,veteran_model,True,,True,ACT,2.0,backup,curated,4.625186032540726,4.625186032540726,0.77,True,2.0,2.9570190739392577,20.07985848410768,downward,True,0.6393297595242663,True,True,,,,,,,,0.7844531400579932,True,1.0000000000000002,False,33.20980278431125,231.99901556001677,27.99616806245821,133.52559682822502,2025.0,BUF,canonical_source_team_frame,0.0,0.0,0.0,0.0,0.0,850.1132083311727,39.78679072911751,7.808599833668275,5.684341886080803e-14,0.0,projected_games,11.098309707394831,0.0,38.88365354118554
00-0040179,RB,2026,3.736206373733893,0.0,0.0,11.502126333277321,False,,4.379680203760354,,,,,0.0199403297866312,5.773893253903307,0.7349958535799088,0.1225481640668406,19.36388158432777,1.072025448163174,False,False,,,1.0,1.46505357594124,1.5042572336421245,1.0,1.0,False,False,DJ Giddens,IND,veteran_model,True,,False,ACT,2.0,committee,curated,10.619129445795112,10.619129445795112,0.98,True,2.0,10.619129445795112,22.377203022332637,downward,True,,False,True,,,,,,,,0.7292128354928176,True,0.9999999999999998,False,33.81962358341313,234.02719158280576,26.501089706236453,117.38641446396322,2025.0,IND,canonical_source_team_frame,0.0,0.0,0.0,0.0,0.0,1077.316513646881,80.42225690596678,8.539487741748761,1.1368683772161605e-13,2.273736754432321e-13,projected_games,39.67525911888496,0.0,122.14256843496057
00-0040998,RB,2026,3.693370615051169,0.0,0.0,9.757073512526723,False,,5.147712995252811,,,,,0.0121615724138671,4.176031545579461,0.5710345520014143,0.1640718378647201,19.328497228209923,0.7548177991680219,False,False,,,1.0,1.7058250514889846,1.5766076134505411,1.0,0.8187354071744638,False,False,Roman Hemby,LV,rookie_rule,True,udfa,False,,,,rookie_path,0.7,0.7,1.0,False,4.0,0.7,24.159418900454952,downward,True,,False,True,no_data,,off_chart,0.8093732294446015,False,300.0,False,0.6965108832860549,True,1.0000000000000002,False,33.852824030940056,214.57229132943425,25.40666637485797,101.2650936526983,2025.0,LV,canonical_source_team_frame,0.0,0.0,0.0,0.0,0.0,1107.0460378365742,61.55691682746948,0.0,0.0,2.273736754432321e-13,projected_games,2.585359430535818,0.0,6.829951458768706
00-0041307,RB,2026,3.6813785999697597,0.0,0.0,9.768612144488774,False,,4.408153651640761,,,,,0.0183525882880624,5.159586941669775,0.7055268585955862,0.1405000379550602,18.59540719046253,0.9325954599288934,False,False,,,1.0,1.182294644853782,1.227665519999898,1.0,1.0,False,False,Joshua Pitsenberger,HOU,rookie_rule,True,udfa,False,,,,rookie_path,0.7,0.7,1.0,False,,0.7,18.04941432689289,downward,True,,False,True,no_data,,off_chart,1.0,False,300.0,False,0.8352594114599872,False,1.0,False,34.32116198114704,230.71951669895023,27.0159725075953,113.89622067613276,2025.0,HOU,canonical_source_team_frame,0.0,0.0,0.0,0.0,0.0,646.1507724670905,60.24697481013885,7.455446411296052,0.0,0.0,projected_games,2.5769650199788314,0.0,6.838028501142142
00-0041312,RB,2026,3.6813785999697597,0.0,0.0,9.768612144488774,False,,4.408153651640761,,,,,0.0183525882880624,5.159586941669775,0.7055268585955862,0.1405000379550602,18.59540719046253,0.9325954599288934,False,False,,,1.0,1.182294644853782,1.227665519999898,1.0,1.0,False,False,Noah Whittington,HOU,rookie_rule,True,udfa,False,,,,rookie_path,0.7,0.7,1.0,False,5.0,0.7,18.04941432689289,downward,True,,False,True,no_data,,off_chart,1.0,False,300.0,False,0.8352594114599872,False,1.0,False,34.32116198114704,230.71951669895023,27.0159725075953,113.89622067613276,2025.0,HOU,canonical_source_team_frame,0.0,0.0,0.0,0.0,0.0,646.1507724670905,60.24697481013885,7.455446411296052,0.0,0.0,projected_games,2.5769650199788314,0.0,6.838028501142142
00-0038551,RB,2026,3.657468325996251,0.5282525434528608,0.5282525434528608,8.107245651312047,False,,5.106196642761948,,,,,0.0281194071299148,4.208316293041285,0.4854868789421505,0.1492929755498492,19.29418961142463,0.7139805768013305,False,False,,,1.0,1.0067147255508837,0.9856975381239048,1.0,0.9163349578264096,False,False,Kendre Miller,NO,veteran_model,True,,False,ACT,,deep_bench,deep_bench_discounted,2.927768203084044,2.927768203084044,0.7,True,4.0,2.927768203084044,21.59325303282543,downward,True,,False,True,,,,,,,,0.8801009681156396,False,1.0,False,34.116960253547056,231.15975941032937,26.95323708907626,109.1195451687137,2025.0,NO,canonical_source_team_frame,0.0,0.0,0.0,0.0,0.0,471.16913318664274,47.16906708270608,0.0,5.684341886080803e-14,0.0,projected_games,10.708219468638852,1.5466009999195582,23.736136032502802
00-0041117,QB,2026,3.647785563121496,-1.3742989380087751,0.0,9.875222086141445,True,9.013999517850952,1.188433609403287,5.346789103595659,0.3340263760051959,0.2733522780188122,57.85865594012348,,,,0.0675655269036469,5.026898040298184,,False,False,1.494418466461773,1.4494017550973348,,1.3914203755543118,1.4814179724420815,,,False,False,Athan Kaliakmanis,WAS,rookie_rule,True,drafted,False,,,,rookie_path,1.4259259259259258,1.4259259259259258,1.0,False,3.0,1.3426289840025252,17.0832969419234,downward,True,0.9415839628069658,True,True,no_data,,off_chart,0.3678484892555173,False,54.0,False,0.7734083043982058,True,1.0000000000000002,False,32.6701069973832,214.93987374561607,27.270251462105467,124.11887818477246,2025.0,WAS,canonical_source_team_frame,0.0,0.0,0.0,0.0,0.0,827.96103755573,70.84056173480843,1.8215509938874952,0.0,0.0,projected_games,4.897622624472893,0.0,13.258759396315385
00-0037157,RB,2026,3.6433644239654783,0.4669166879365478,0.4669166879365478,7.911932288680178,False,,3.8937797078704586,,,,,0.0354723505348449,5.322483736173562,1.1121245448518056,0.1575497143383819,13.969213886828586,1.333259775371988,False,False,,,1.0,0.9180466734374538,0.9153185490843228,1.0,1.0,False,False,Bam Knight,ARI,veteran_model,True,,False,ACT,,deep_bench,deep_bench_discounted,4.27683451536124,4.27683451536124,0.7,True,5.0,4.27683451536124,24.338087108826755,downward,True,,False,True,,,,,,,,0.943688680030244,False,0.9999999999999998,False,36.21418096404104,240.76817941837584,24.988650455385,107.79252270381906,2025.0,ARI,canonical_source_team_frame,0.0,0.0,0.0,0.0,0.0,230.485557825984,61.09721757041359,2.4522766638891937,0.0,0.0,projected_games,15.58206672045478,1.9969254067651807,33.838025095428435
00-0039424,WR,2026,3.6232251311814374,0.6013778371256661,0.6013778371256661,7.427696348154178,False,,,,,,,0.1386843460083511,19.987144355154943,1.5848092392316728,,,2.518681470432228,False,False,,,1.0,,,1.0,0.9163349578264096,False,False,Devaughn Vele,NO,veteran_model,True,,False,ACT,3.0,starter,curated,13.070467895032982,13.070467895032982,0.97,True,3.0,13.070467895032982,21.59325303282543,downward,True,,False,True,,,,,,,,0.8801009681156396,False,1.0,False,34.116960253547056,231.15975941032937,26.95323708907626,109.1195451687137,2025.0,NO,canonical_source_team_frame,0.0,0.0,0.0,0.0,0.0,471.16913318664274,47.16906708270608,0.0,5.684341886080803e-14,0.0,projected_games,47.35724775358364,7.8602897129353915,97.0834666526029
00-0038621,WR,2026,3.5983585872310653,0.8227108984803653,0.8227108984803653,7.244820000303672,False,,,,,,,0.1141222374725299,21.16527764609468,1.594194795572835,,,2.2504393449384,False,False,,,0.9802549627291288,,,1.0,1.0,False,False,DeMario Douglas,NE,veteran_model,True,,False,ACT,3.0,starter,curated,10.420378533079669,10.420378533079669,0.86,True,5.0,10.420378533079669,14.772857648172948,upward,True,,False,True,,,,,,,,1.0201427567537114,False,1.0,False,33.74673756144342,243.75690325453,26.991281582048,121.68752580253285,2025.0,NE,canonical_source_team_frame,0.0,0.0,0.0,0.0,0.0,0.0,25.51114389997366,2.053035900254038,1.1368683772161605e-13,0.0,projected_games,37.49625857670548,8.572958985455484,75.49376680719062
00-0035100,QB,2026,3.588598039520745,-1.7531660531232196,0.0,11.80799969761387,True,11.98348592223577,1.8402699373854072,8.402758271537587,0.5253924213772408,0.3696959122106635,63.633598975588434,,,,0.0403147688341423,3.733666614041818,,False,False,1.1164870687434996,1.1284275120730982,,1.1405657422002884,1.1085471631241024,,,False,False,Jake Browning,TB,veteran_model,True,,True,ACT,2.0,backup,curated,6.632634084565401,6.632634084565401,0.77,True,2.0,2.790882192308197,21.316686768416005,downward,True,0.4207803651949944,True,True,,,,,,,,0.9038657520217732,False,1.0000000000000002,False,33.545248910042254,223.71352331356564,27.714378326754787,117.7145365367365,2025.0,TB,canonical_source_team_frame,0.0,0.0,0.0,0.0,0.0,365.61103254725504,31.463300491173584,2.398950037365104,0.0,0.0,projected_games,10.015354363850554,0.0,32.95473608285112
00-0038979,WR,2026,3.563236465706107,0.4360254534186935,0.4360254534186935,7.545154953302213,False,,,,,,,0.1531854128345751,18.089630625132475,1.6703218523708174,,,2.8638797531647158,False,False,,,1.0,,,1.0,1.0,False,False,Cedric Tillman,CLE,veteran_model,True,,False,ACT,,deep_bench,deep_bench_discounted,13.36741459185779,13.36741459185779,1.0,False,4.0,13.36741459185779,10.284063846891716,upward,True,,False,True,,,,,,,,0.8164913489925817,False,1.0,False,33.8207863840279,210.1034066660231,26.544835692755186,109.30283679541014,2025.0,CLE,canonical_source_team_frame,0.0,0.0,0.0,0.0,0.0,655.4484763988635,98.14797606559432,2.452388874511467,5.684341886080803e-14,2.273736754432321e-13,projected_games,47.63125912591959,5.828533008450452,100.85921442060008
00-0035689,TE,2026,3.5511581274617257,1.3019716398684182,1.3019716398684182,6.063242857366861,False,,,,,,,0.1221537443890629,18.3425169746652,1.9679679273216557,,,2.877334698406182,False,False,,,1.0,,,1.0,1.0,False,False,Dawson Knox,BUF,veteran_model,True,,False,ACT,2.0,backup,curated,15.484003983460472,15.484003983460472,0.9,True,2.0,15.484003983460472,20.07985848410768,downward,True,,False,True,,,,,,,,0.7844531400579932,True,1.0000000000000002,False,33.20980278431125,231.99901556001677,27.99616806245821,133.52559682822502,2025.0,BUF,canonical_source_team_frame,0.0,0.0,0.0,0.0,0.0,850.1132083311727,39.78679072911751,7.808599833668275,5.684341886080803e-14,0.0,projected_games,54.98614659151539,20.159734058075152,93.88327655615673
00-0036988,WR,2026,3.538763660008901,0.5529632939403342,0.5529632939403342,7.456609795059809,False,,,,,,,0.1326765246771504,19.831098315563256,1.519189360779346,,,2.3795343998283904,False,False,,,1.0,,,1.0,1.0,False,False,Josh Palmer,BUF,veteran_model,True,,False,ACT,,deep_bench,deep_bench_discounted,11.056094896322309,11.056094896322309,0.97,True,3.0,11.056094896322309,20.07985848410768,downward,True,,False,True,,,,,,,,0.7844531400579932,True,1.0000000000000002,False,33.20980278431125,231.99901556001677,27.99616806245821,133.52559682822502,2025.0,BUF,canonical_source_team_frame,0.0,0.0,0.0,0.0,0.0,850.1132083311727,39.78679072911751,7.808599833668275,5.684341886080803e-14,0.0,projected_games,39.12490684071527,6.113614651987302,82.44098549902769
00-0039798,RB,2026,3.535426098355983,0.14568402440512015,0.14568402440512015,8.700202556837084,False,,3.0579289460629155,,,,,0.0308238389462029,5.495240539648915,0.9080294594254829,0.1097221705836676,16.886112574991273,1.2418434004642664,False,False,,,0.925532119166682,1.241698405308803,1.2136330676426232,0.945230425597829,0.924926104234489,False,False,Isaiah Davis,NYJ,veteran_model,True,,False,ACT,,deep_bench,deep_bench_discounted,12.42298787865296,12.42298787865296,0.73,True,3.0,12.42298787865296,22.00089020868356,downward,True,,False,True,,,,,,,,1.0804595316479846,False,1.0,False,32.407872629000565,201.1291021889327,27.45450069012769,119.16603389972052,2025.0,NYJ,canonical_source_team_frame,0.0,0.0,0.0,0.0,0.0,0.0,0.0,0.0,0.0,2.273736754432321e-13,projected_games,43.9205555657497,1.8098308692981895,108.08251090541258
00-0041200,RB,2026,3.527334931566304,0.0,0.0,9.348698519755434,False,,4.490697725498356,,,,,0.0164653534180973,4.632048820409648,0.6468713881972933,0.1431309456834333,17.831165608175084,0.904607106421043,False,False,,,0.925532119166682,1.241698405308803,1.2136330676426232,0.945230425597829,0.924926104234489,False,False,Sam Scott,NYJ,rookie_rule,True,udfa,False,,,,rookie_path,0.7,0.7,1.0,False,5.0,0.7,22.00089020868356,downward,True,,False,True,no_data,,off_chart,0.969988752132694,False,300.0,False,1.0804595316479846,False,1.0,False,32.407872629000565,201.1291021889327,27.45450069012769,119.16603389972052,2025.0,NYJ,canonical_source_team_frame,0.0,0.0,0.0,0.0,0.0,0.0,0.0,0.0,0.0,2.273736754432321e-13,projected_games,2.4691344520964127,0.0,6.544088963828804
00-0041239,RB,2026,3.527334931566304,0.0,0.0,9.348698519755434,False,,4.490697725498356,,,,,0.0164653534180973,4.632048820409648,0.6468713881972933,0.1431309456834333,17.831165608175084,0.904607106421043,False,False,,,0.925532119166682,1.241698405308803,1.2136330676426232,0.945230425597829,0.924926104234489,False,False,Chip Trayanum,NYJ,rookie_rule,True,udfa,False,,,,rookie_path,0.7,0.7,1.0,False,6.0,0.7,22.00089020868356,downward,True,,False,True,no_data,,off_chart,0.969988752132694,False,300.0,False,1.0804595316479846,False,1.0,False,32.407872629000565,201.1291021889327,27.45450069012769,119.16603389972052,2025.0,NYJ,canonical_source_team_frame,0.0,0.0,0.0,0.0,0.0,0.0,0.0,0.0,0.0,2.273736754432321e-13,projected_games,2.4691344520964127,0.0,6.544088963828804
00-0040959,RB,2026,3.520788879121623,0.0,0.0,9.336973157005012,False,,4.484180526086592,,,,,0.0183525882880624,5.159586941669775,0.7055268585955862,0.1429232245291643,16.84411878753492,0.9325954599288934,False,False,,,1.0,1.2026855326552586,1.1120457669163175,1.0,1.0,False,False,Jaydn Ott,KC,rookie_rule,True,udfa,False,,,,rookie_path,0.7,0.7,1.0,False,5.0,0.7,26.280421420954912,downward,True,,False,True,no_data,,off_chart,1.0,False,300.0,False,0.7601284095142968,True,1.0,False,35.16444525693558,230.5791949901617,25.92765596122493,113.12700304519306,2025.0,KC,canonical_source_team_frame,0.0,0.0,0.0,0.0,0.0,940.259769998454,130.5185425896733,7.9994206468329025,1.1368683772161605e-13,0.0,projected_games,2.464552215385136,0.0,6.535881209903508
00-0040964,RB,2026,3.520788879121623,0.0,0.0,9.336973157005012,False,,4.484180526086592,,,,,0.0183525882880624,5.159586941669775,0.7055268585955862,0.1429232245291643,16.84411878753492,0.9325954599288934,False,False,,,1.0,1.2026855326552586,1.1120457669163175,1.0,1.0,False,False,EJ Smith,KC,rookie_rule,True,udfa,False,,,,rookie_path,0.7,0.7,1.0,False,6.0,0.7,26.280421420954912,downward,True,,False,True,no_data,,off_chart,1.0,False,300.0,False,0.7601284095142968,True,1.0,False,35.16444525693558,230.5791949901617,25.92765596122493,113.12700304519306,2025.0,KC,canonical_source_team_frame,0.0,0.0,0.0,0.0,0.0,940.259769998454,130.5185425896733,7.9994206468329025,1.1368683772161605e-13,0.0,projected_games,2.464552215385136,0.0,6.535881209903508
00-0040584,TE,2026,3.517553781830653,1.281660810443522,1.281660810443522,6.172675355816029,False,,,,,,,0.1106164613201582,18.45704777578609,2.01630047266219,,,3.043345236622062,False,False,,,1.0,,,1.0,1.0,False,False,Gunnar Helm,TEN,veteran_model,False,,False,ACT,1.0,starter,curated,15.351037588912387,15.351037588912387,1.0,False,1.0,15.351037588912387,19.399084873783885,downward,True,,False,True,,,,,,,,0.9452763183553666,False,1.0000000000000002,False,33.99018463096149,212.0175347434573,25.99059410477733,108.16497255264404,2025.0,TEN,canonical_source_team_frame,0.0,0.0,0.0,0.0,0.0,197.2404612644764,53.34315299665252,3.6287139661061296,0.0,0.0,projected_games,53.99810032590328,19.67482327735442,94.75697141128501
00-0041565,QB,2026,3.504937052114138,-0.5472815964801664,0.0,6.975828891169086,True,7.9084695705123265,1.1387548414851718,4.69819177495946,0.190293835067971,0.1965171348835281,56.87299974626554,,,,0.0458342585191557,5.495306417504119,,True,False,1.2282048268476289,1.418025899382263,,1.270296992692314,1.4165793634523918,,,False,False,Drew Allar,PIT,rookie_rule,True,drafted,False,,,,rookie_path,4.461538461538462,4.461538461538462,1.0,False,4.0,1.1342654254330338,21.24394245613634,downward,True,0.2542319057005076,True,True,no_data,,off_chart,0.3,False,13.0,False,0.877056421443679,False,1.0,False,33.528333841849026,220.6189626135148,26.33273552345513,112.30420927129472,2025.0,PIT,canonical_source_team_frame,0.0,0.0,0.0,0.0,0.0,461.1026409385077,45.487651964804456,0.196712414829836,0.0,2.273736754432321e-13,projected_games,3.975528916532246,0.0,7.912441524989951
00-0033885,TE,2026,3.504510324873638,1.373247648096253,1.373247648096253,6.016595054778774,False,,,,,,,0.1024997759197426,19.559883683642827,1.8670466019817995,,,2.6999145640401907,False,False,,,1.0,,,1.0,1.0,False,False,David Njoku,LAC,veteran_model,True,,True,ACT,,deep_bench,deep_bench_discounted,14.017435105843086,14.017435105843086,0.9,True,2.0,14.017435105843086,18.14132108931228,downward,True,,False,True,,,,,,,,0.896434828715537,False,1.0,False,34.810666017945884,231.0080210563423,26.605299733204117,118.73885720842677,2025.0,LAC,canonical_source_team_frame,0.0,0.0,0.0,0.0,0.0,406.7145495693435,95.61154335628294,8.79102244326705,0.0,0.0,projected_games,49.12424605667329,19.24940979144087,84.3372307384979
00-0041433,RB,2026,3.471196876788351,0.0,0.0,9.210985689824884,False,,4.252568565121393,,,,,0.0183525882880624,5.159586941669775,0.7055268585955862,0.1355411113184907,16.79112555684262,0.9325954599288934,False,False,,,1.0,1.1405657422002882,1.1085471631241024,1.0,1.0,False,False,Kadarius Calloway,TB,rookie_rule,True,udfa,False,,,,rookie_path,0.7,0.7,1.0,False,5.0,0.7,21.316686768416005,downward,True,,False,True,no_data,,off_chart,1.0,False,300.0,False,0.9038657520217732,False,1.0000000000000002,False,33.545248910042254,223.71352331356564,27.714378326754787,117.7145365367365,2025.0,TB,canonical_source_team_frame,0.0,0.0,0.0,0.0,0.0,365.61103254725504,31.463300491173584,2.398950037365104,0.0,0.0,projected_games,2.4298378137518455,0.0,6.447689982877419
00-0040727,WR,2026,3.4197707638848853,0.5464724416591693,0.5464724416591693,7.337616898935793,False,,,,,,,0.1139261840366752,19.63451984594805,1.5455233501400585,,,2.481851881110169,False,False,,,1.0,,,1.0,1.0,False,False,Tre Harris,LAC,veteran_model,True,,False,ACT,2.0,starter,curated,13.994132440738808,13.994132440738808,0.97,True,3.0,13.994132440738808,18.14132108931228,downward,True,,False,True,,,,,,,,0.896434828715537,False,1.0,False,34.810666017945884,231.0080210563423,26.605299733204117,118.73885720842677,2025.0,LAC,canonical_source_team_frame,0.0,0.0,0.0,0.0,0.0,406.7145495693435,95.61154335628294,8.79102244326705,0.0,0.0,projected_games,47.85672498677161,7.647407723792327,102.68358268311067
00-0036423,TE,2026,3.4140528620370905,1.2025176270879252,1.2025176270879252,5.910842720150971,False,,,,,,,0.1065568385804972,15.480195996872212,2.4533844617337723,,,3.733909322534457,False,False,,,1.0,,,1.0,0.8187354071744638,False,False,Albert Okwuegbunam,LV,veteran_model,True,,False,ACT,,deep_bench,deep_bench_discounted,3.5957475329416675,3.5957475329416675,1.0,False,5.0,3.5957475329416675,24.159418900454952,downward,True,,False,True,,,,,,,,0.6965108832860549,True,1.0000000000000002,False,33.852824030940056,214.57229132943425,25.40666637485797,101.2650936526983,2025.0,LV,canonical_source_team_frame,0.0,0.0,0.0,0.0,0.0,1107.0460378365742,61.55691682746948,0.0,0.0,2.273736754432321e-13,projected_games,12.276072156002307,4.323949790920275,21.253898128589068
00-0038797,RB,2026,3.4105291807318663,0.09993248647039508,0.09993248647039508,8.350801853465539,False,,3.9849674414757943,,,,,0.0269269202636466,3.87083143854698,0.6586440334800722,0.1254141089424062,17.800778449008156,0.9045582105060752,False,False,,,1.0,1.159187685050679,1.1642434898897351,1.0,1.0,False,False,Emanuel Wilson,SEA,veteran_model,True,,True,ACT,,deep_bench,deep_bench_discounted,5.743516840103214,5.743516840103214,0.7,True,4.0,5.743516840103214,19.49564219328384,downward,True,,False,True,,,,,,,,0.8711510504345189,False,0.9999999999999998,False,32.225819234062534,233.14110074227904,27.938112728980386,119.71891792298418,2025.0,SEA,canonical_source_team_frame,0.0,0.0,0.0,0.0,0.0,510.67976083010535,11.991597195078668,6.6499636008200405,0.0,0.0,projected_games,19.588431783196892,0.5739639189161008,47.962971073744455
00-0034829,TE,2026,3.37982657393612,0.9426320440536546,0.9426320440536546,6.0349481479214955,False,,,,,,,0.1441667210693805,16.82666129839609,1.6643202353604558,,,2.1436692322936493,False,False,,,1.0,,,1.0,1.0,False,False,Mike Gesicki,CIN,veteran_model,False,,False,ACT,2.0,backup,curated,13.42121879216346,13.42121879216346,1.0,False,1.0,13.42121879216346,28.701985495349312,downward,True,,False,True,,,,,,,,0.8041969537750469,False,1.0000000000000002,False,35.7612028620279,238.64282026275723,25.12001337082607,107.36926538839045,2025.0,CIN,canonical_source_team_frame,0.0,0.0,0.0,0.0,0.0,794.3588498417512,105.60842751061163,2.3639751147743238,0.0,0.0,projected_games,45.361391928364895,12.651270903748363,80.99635949261604
00-0040138,WR,2026,3.367474488061146,0.6540317212708779,0.6540317212708779,7.285320623112053,False,,,,,,,0.0872835914641005,19.94332298746306,1.6988812810604732,,,2.961606857567729,False,False,,,1.0,,,1.0,1.0,False,False,Jaylin Noel,HOU,veteran_model,True,,False,ACT,3.0,starter,curated,13.638064517397948,13.638064517397948,0.97,True,3.0,13.638064517397948,18.04941432689289,downward,True,,False,True,,,,,,,,0.8352594114599872,False,1.0,False,34.32116198114704,230.71951669895023,27.0159725075953,113.89622067613276,2025.0,HOU,canonical_source_team_frame,0.0,0.0,0.0,0.0,0.0,646.1507724670905,60.24697481013885,7.455446411296052,0.0,0.0,projected_games,45.925834328869534,8.919726811117066,99.35767268793201
00-0040669,WR,2026,3.3671196535732726,0.38150678552290784,0.38150678552290784,7.284965788624181,False,,,,,,,0.13264527500745,18.99148534589908,1.3441989378773298,,,2.0423168481556706,False,False,,,1.0,,,1.0,1.0,False,False,Isaac TeSlaa,DET,veteran_model,True,,False,ACT,3.0,starter,curated,13.029496580947724,13.029496580947724,0.97,True,3.0,13.029496580947724,22.61533745621171,downward,True,,False,True,,,,,,,,0.9785289193999536,False,0.9999999999999998,False,33.929940625091575,246.18800924276172,26.78972180276002,118.19003241053174,2025.0,DET,canonical_source_team_frame,0.0,0.0,0.0,0.0,0.0,89.86068401667671,8.57475959461226,2.843661959408699,0.0,4.547473508864641e-13,projected_games,43.87187401387484,4.970841357579085,94.9194368351999
00-0039066,TE,2026,3.3465738140624084,1.3648489716075451,1.3648489716075451,5.716159999683199,False,,,,,,,0.0775768035326556,17.42096560502145,2.278032864728659,,,3.1313577010173304,False,False,,,1.0,,,1.0,0.8187354071744638,False,False,Michael Mayer,LV,veteran_model,True,,False,ACT,2.0,backup,curated,13.25487799337916,13.25487799337916,0.9,True,2.0,13.25487799337916,24.159418900454952,downward,True,,False,True,,,,,,,,0.6965108832860549,True,1.0000000000000002,False,33.852824030940056,214.57229132943425,25.40666637485797,101.2650936526983,2025.0,LV,canonical_source_team_frame,0.0,0.0,0.0,0.0,0.0,1107.0460378365742,61.55691682746948,0.0,0.0,2.273736754432321e-13,projected_games,44.35842760123478,18.090906598047027,75.76700338643506
00-0036550,WR,2026,3.345688595976829,0.3807506562170083,0.3807506562170083,7.327607083572936,False,,,,,,,0.126139900746643,17.881759446973334,1.6013464935992754,,,2.678735052334289,False,False,,,1.0,,,1.0,1.0,False,False,Rashod Bateman,BAL,veteran_model,False,,False,ACT,1.0,starter,curated,13.786425627275504,13.786425627275504,1.0,False,2.0,13.786425627275504,18.421690320520103,downward,True,,False,True,,,,,,,,0.8405930073619484,False,1.0,False,31.371651182397663,213.6422320700136,28.05821210195141,132.6208441085526,2025.0,BAL,canonical_source_team_frame,0.0,0.0,0.0,0.0,0.0,578.9531171509466,55.41434962128113,4.989568733629504,5.684341886080803e-14,4.547473508864641e-13,projected_games,46.12508700045836,5.249190604472129,101.02151008357544
00-0040177,RB,2026,3.3316582716036014,0.0,0.0,10.575228560849443,False,,3.519271652652044,,,,,0.0374662481774804,5.522171064144066,0.6650254956148949,0.1001106060910702,16.214672917704437,0.7539468444396109,False,False,,,1.0,1.339469418966762,1.3597196626730543,1.0,1.0,False,False,Jordan James,SF,veteran_model,True,,False,ACT,2.0,committee,curated,10.039242843237991,10.039242843237991,0.98,True,2.0,10.039242843237991,20.268882541673257,downward,True,,False,True,,,,,,,,0.991540844247621,False,1.0000000000000002,False,34.24847968425997,240.1216094230843,26.911226973415506,112.91814451887672,2025.0,SF,canonical_source_team_frame,0.0,0.0,0.0,0.0,0.0,34.530843591570374,14.986003777602036,7.225861317038813,0.0,0.0,projected_games,33.447326459311114,0.0,106.16728764511377
00-0040131,WR,2026,3.321635984784119,0.38353116991584724,0.38353116991584724,7.138957004643917,False,,,,,,,0.1330396174813261,18.09648361413745,1.4274998369648344,,,2.226928395009061,False,False,,,0.9802549627291288,,,1.0,1.0,False,False,Kyle Williams,NE,veteran_model,True,,False,ACT,,deep_bench,deep_bench_discounted,10.655270136023267,10.655270136023267,0.94,True,6.0,10.655270136023267,14.772857648172948,upward,True,,False,True,,,,,,,,1.0201427567537114,False,1.0,False,33.74673756144342,243.75690325453,26.991281582048,121.68752580253285,2025.0,NE,canonical_source_team_frame,0.0,0.0,0.0,0.0,0.0,0.0,25.51114389997366,2.053035900254038,1.1368683772161605e-13,0.0,projected_games,35.392928711410455,4.086628221038392,76.06751537393644
00-0040649,RB,2026,3.3210814599267975,0.0,0.0,9.164057579265467,False,,2.8266865847185456,,,,,0.0311422651750281,3.770521521060056,0.7368918745296061,0.1348411107420125,15.796831150537452,0.926830511600282,False,False,,,1.0,1.159187685050679,1.1642434898897351,1.0,1.0,False,False,Robbie Ouzts,SEA,veteran_model,True,,False,ACT,,deep_bench,deep_bench_discounted,2.5290997119002725,2.5290997119002725,0.86,True,,2.5290997119002725,19.49564219328384,downward,True,,False,True,,,,,,,,0.8711510504345189,False,0.9999999999999998,False,32.225819234062534,233.14110074227904,27.938112728980386,119.71891792298418,2025.0,SEA,canonical_source_team_frame,0.0,0.0,0.0,0.0,0.0,510.67976083010535,11.991597195078668,6.6499636008200405,0.0,0.0,projected_games,8.3993461634982,0.0,23.176815383557802
00-0036244,TE,2026,3.32072031165571,1.0166579149829507,1.0166579149829507,5.961767879668537,False,,,,,,,0.1219780322010961,17.567657412733123,1.664172754351641,,,2.3174404524777623,False,False,,,1.0,,,1.0,0.9838875051154712,False,False,Colby Parkinson,LA,veteran_model,False,,False,ACT,1.0,starter,curated,14.406269837422093,14.406269837422093,1.0,False,1.0,14.406269837422093,23.599505879780573,downward,True,,False,True,,,,,,,,0.7985958779872415,True,1.0,False,34.823713349866885,249.40469135191364,26.59281878800156,121.38612330535705,2025.0,LA,canonical_source_team_frame,0.0,0.0,0.0,0.0,0.0,853.9292590891182,65.83737867987509,0.0,0.0,0.0,projected_games,47.839192864320545,14.646248255595316,85.88683678258072
00-0037563,RB,2026,3.2967613265051865,0.0,0.0,9.380855227735402,False,,4.874326096565002,,,,,0.0075151668504073,3.5707226761634545,0.500185332976522,0.0868426101464326,21.234497304195408,0.7155118965687031,False,False,,,1.0,1.4278312196056449,1.5606847068920775,1.0,1.0,False,False,Malik Davis,DAL,veteran_model,True,,False,ACT,,deep_bench,deep_bench_discounted,8.661060388359397,8.661060388359397,0.73,True,3.0,8.661060388359397,16.468086823371205,upward,True,,False,True,,,,,,,,0.93527049390564,False,1.0,False,34.84872978596818,250.0568833557896,26.917412919796803,120.7151518201046,2025.0,DAL,canonical_source_team_frame,0.0,0.0,0.0,0.0,0.0,275.16299543695914,57.23726737025993,5.15908901380503,0.0,0.0,projected_games,28.55344893486925,0.0,81.24815362187327
00-0041558,TE,2026,3.274734215999209,0.39388235294117646,0.39388235294117646,6.8580000000000005,False,,,,,,,0.1353072078567057,16.792524599503796,1.56727701781719,,,2.3619366709330847,False,False,,,1.0,,,1.0,1.0,False,False,Sam Roush,CHI,rookie_rule,True,drafted,False,,,,rookie_path,12.764705882352942,12.764705882352942,1.0,False,3.0,12.764705882352942,18.449464280783285,downward,True,,False,True,above_median,3.0,rank_3_plus,1.0,False,17.0,False,0.9135686161925484,False,1.0000000000000002,False,33.737891607375786,231.6083524098304,27.69702416995268,127.85615277062598,2025.0,CHI,canonical_source_team_frame,0.0,0.0,0.0,0.0,0.0,340.3099168024751,65.69620810933344,6.574845673487438,0.0,0.0,projected_games,41.80101911010755,5.027792387543252,87.54035294117648
00-0041483,TE,2026,3.274734215999209,0.39388235294117646,0.39388235294117646,6.8580000000000005,False,,,,,,,0.1353072078567057,16.792524599503796,1.56727701781719,,,2.3619366709330847,False,False,,,1.0,,,1.0,1.0,False,False,Eli Stowers,PHI,rookie_rule,True,drafted,False,,,,rookie_path,14.36842105263158,14.36842105263158,1.0,False,2.0,14.36842105263158,22.734366573198308,downward,True,,False,True,above_median,2.0,rank_2,1.0,False,19.0,False,0.9852092383981552,False,1.0,False,32.80466217687678,217.87283255481577,27.5089337932841,118.95482935957656,2025.0,PHI,canonical_source_team_frame,0.0,1.1368683772161605e-13,7.218158658701871e-14,9.094947017729282e-13,5.402090322974834e-15,54.78258713922742,30.42911752801558,3.044085996966416,0.0,0.0,projected_games,47.05276005093601,5.659467492260062,98.53863157894739
00-0037801,WR,2026,3.2477480102880536,0.26426641488047087,0.26426641488047087,7.229666497884159,False,,,,,,,0.12923051002127,17.62634792834887,1.419460314651093,,,2.3837638170266584,False,False,,,1.0,,,1.0,1.0,False,False,KaVontae Turpin,DAL,veteran_model,True,,False,ACT,,deep_bench,deep_bench_discounted,14.48195104768556,14.48195104768556,1.0,False,4.0,14.48195104768556,16.468086823371205,upward,True,,False,True,,,,,,,,0.93527049390564,False,1.0,False,34.84872978596818,250.0568833557896,26.917412919796803,120.7151518201046,2025.0,DAL,canonical_source_team_frame,0.0,0.0,0.0,0.0,0.0,275.16299543695914,57.23726737025993,5.15908901380503,0.0,0.0,projected_games,47.033727700209774,3.827093283846342,104.6996763134507
00-0039921,RB,2026,3.1855168222117287,0.20340377989486644,0.20340377989486644,7.454084686926428,False,,3.087130886145463,,,,,0.0550835386290032,6.212804059975955,1.032389581750082,0.0781626586771659,12.485644415020776,1.3316522967754527,False,False,,,1.0,0.918046673437454,0.9153185490843228,1.0,1.0,False,False,Trey Benson,ARI,veteran_model,True,,False,ACT,,deep_bench,deep_bench_discounted,3.8862551737485553,3.8862551737485553,0.7,True,4.0,3.8862551737485553,24.338087108826755,downward,True,,False,True,,,,,,,,0.943688680030244,False,0.9999999999999998,False,36.21418096404104,240.76817941837584,24.988650455385,107.79252270381906,2025.0,ARI,canonical_source_team_frame,0.0,0.0,0.0,0.0,0.0,230.485557825984,61.09721757041359,2.4522766638891937,0.0,0.0,projected_games,12.379731231383388,0.7904789919764371,28.96847518012771
00-0038976,WR,2026,3.170894560320521,0.3185782226349953,0.3185782226349953,6.85380873603904,False,,,,,,,0.1216475471698257,16.638591066489543,1.5543003413052254,,,2.3717721988647966,False,False,,,1.0,,,1.0,1.0,False,False,Marvin Mims Jr.,DEN,veteran_model,True,,False,ACT,3.0,starter,curated,11.052125044891609,11.052125044891609,0.86,True,5.0,11.052125044891609,18.024518158614,downward,True,,False,True,,,,,,,,0.9854034591801514,False,1.0,False,34.865759372852125,230.0782856671356,26.41359970598278,116.8514641863358,2025.0,DEN,canonical_source_team_frame,0.0,0.0,0.0,0.0,0.0,57.091900504519344,48.03783450360993,4.639782232459449,0.0,0.0,projected_games,35.045123184829,3.5209663531412865,75.74915118447397
00-0037742,WR,2026,3.165734622995454,0.1568833610315198,0.1568833610315198,7.14765311059156,False,,,,,,,0.1334587877806619,16.263011073998033,1.4773615778233584,,,2.387433341663458,False,False,,,1.0,,,1.0,1.0,False,False,Treylon Burks,WAS,veteran_model,True,,False,ACT,,deep_bench,deep_bench_discounted,11.83669207381761,11.83669207381761,1.0,False,4.0,11.83669207381761,17.0832969419234,downward,True,,False,True,,,,,,,,0.7734083043982058,True,1.0000000000000002,False,32.6701069973832,214.93987374561607,27.270251462105467,124.11887818477246,2025.0,WAS,canonical_source_team_frame,0.0,0.0,0.0,0.0,0.0,827.96103755573,70.84056173480843,1.8215509938874952,0.0,0.0,projected_games,37.47182591982027,1.856980036035657,84.60456892053689
00-0036755,RB,2026,3.1635518928994077,0.27369729592596176,0.27369729592596176,8.07163140460071,False,,4.525996899732013,,,,,0.0019447783312495,2.6064433963994627,0.372700654085019,0.123050588214532,19.66585026942263,0.4944790455398136,False,False,,,1.0,1.135186720108519,1.161643765156437,1.0,1.0,False,False,Jaret Patterson,LAC,veteran_model,True,,False,ACT,,deep_bench,deep_bench_discounted,3.604524521700593,3.604524521700593,0.7,True,4.0,3.604524521700593,18.14132108931228,downward,True,,False,True,,,,,,,,0.896434828715537,False,1.0,False,34.810666017945884,231.0080210563423,26.605299733204117,118.73885720842677,2025.0,LAC,canonical_source_team_frame,0.0,0.0,0.0,0.0,0.0,406.7145495693435,95.61154335628294,8.79102244326705,0.0,0.0,projected_games,11.403100373628243,0.9865486146882729,29.09439332801186
00-0037267,RB,2026,3.1493994905686424,0.11466709734478685,0.11466709734478685,8.857613694732947,False,,1.9932751272932767,,,,,0.0410418434628177,5.12729317965082,0.8549162166499228,0.1295196432607958,11.85843143936918,1.0968077110691958,False,False,,,1.0,1.3914203755543118,1.4814179724420815,1.0,1.0,False,False,Jerome Ford,WAS,veteran_model,True,,True,ACT,,deep_bench,deep_bench_discounted,2.499494838144924,2.499494838144924,0.7,True,5.0,2.499494838144924,17.0832969419234,downward,True,,False,True,,,,,,,,0.7734083043982058,True,1.0000000000000002,False,32.6701069973832,214.93987374561607,27.270251462105467,124.11887818477246,2025.0,WAS,canonical_source_team_frame,0.0,0.0,0.0,0.0,0.0,827.96103755573,70.84056173480843,1.8215509938874952,0.0,0.0,projected_games,7.871907769932575,0.28660981791835627,22.13955970826679
00-0040237,WR,2026,3.1268018591108393,0.3707321652687755,0.3707321652687755,6.809716034829358,False,,,,,,,0.105606439862582,17.917511698617176,1.4028241001472592,,,2.2898161228496225,False,False,,,1.0,,,1.0,1.0,False,False,Tez Johnson,TB,veteran_model,True,,False,ACT,,deep_bench,deep_bench_discounted,9.820587341791756,9.820587341791756,0.86,True,5.0,9.820587341791756,21.316686768416005,downward,True,,False,True,,,,,,,,0.9038657520217732,False,1.0000000000000002,False,33.545248910042254,223.71352331356564,27.714378326754787,117.7145365367365,2025.0,TB,canonical_source_team_frame,0.0,0.0,0.0,0.0,0.0,365.61103254725504,31.463300491173584,2.398950037365104,0.0,0.0,projected_games,30.707030757874836,3.640807609433586,66.87541109284153
00-0040782,WR,2026,3.1162413731273344,0.22307581974251667,0.22307581974251667,6.799155548845853,False,,,,,,,0.1284557497863743,17.328123382647725,1.2253890722886318,,,2.4371187916805006,False,False,,,1.0,,,1.0,1.0,False,False,Isaiah Bond,CLE,veteran_model,True,,False,ACT,,deep_bench,deep_bench_discounted,10.970772756230875,10.970772756230875,0.86,True,5.0,10.970772756230875,10.284063846891716,upward,True,,False,True,,,,,,,,0.8164913489925817,False,1.0,False,33.8207863840279,210.1034066660231,26.544835692755186,109.30283679541014,2025.0,CLE,canonical_source_team_frame,0.0,0.0,0.0,0.0,0.0,655.4484763988635,98.14797606559432,2.452388874511467,5.684341886080803e-14,2.273736754432321e-13,projected_games,34.187575958144855,2.4473141258050717,74.59199046065407
00-0035250,RB,2026,3.1061190856410987,0.09871471665373913,0.09871471665373913,7.646082629379833,False,,4.028746067830323,,,,,0.015276102101308,5.024595498117241,0.5650734724257711,0.1057424261089917,15.950116303546904,0.8105965678562363,False,False,,,1.0,0.959334846994094,0.984549981444398,0.9182512412543492,1.0,False,False,Devin Singletary,NYG,veteran_model,True,,False,ACT,,deep_bench,deep_bench_discounted,12.598534719971449,12.598534719971449,0.73,True,3.0,12.598534719971449,23.01824991096567,downward,True,,False,True,,,,,,,,0.969501997801332,False,1.0,False,33.2431579562698,223.72213877664484,27.96941585077396,122.67702612627788,2025.0,NYG,canonical_source_team_frame,0.0,0.0,0.0,0.0,0.0,115.99233076511427,0.0,0.95835366558714,5.684341886080803e-14,0.0,projected_games,39.13254914481535,1.2436607851342762,96.32943747801242
00-0040547,RB,2026,3.1020939274334043,0.0,0.0,8.510626066468209,False,,4.234565541889392,,,,,0.0216205304329706,3.4659485019362157,0.4794410601835305,0.0831378488396376,18.87228271512368,0.7191389248231886,False,False,,,1.0,1.3394780631993604,1.3734396489025866,1.0,0.820921459452458,False,False,Nate Carter,ATL,veteran_model,True,,False,ACT,,deep_bench,deep_bench_discounted,3.0356050396221868,3.0356050396221868,0.7,True,4.0,3.0356050396221868,20.515452025454977,downward,True,,False,True,,,,,,,,0.9033427562717592,False,1.0000000000000002,False,33.103575893134035,223.67610131731223,27.56553569236133,121.02128748507276,2025.0,ATL,canonical_source_team_frame,0.0,1.1368683772161605e-13,7.073038149771035e-14,9.094947017729282e-13,4.276533072858189e-15,367.538562500572,13.838496018552236,0.0,5.684341886080803e-14,0.0,projected_games,9.416731959498224,0.0,25.834899377710844
00-0040142,RB,2026,3.0645934247863362,0.0,0.0,8.721243646781836,False,,4.095747294964368,,,,,0.0109371804641708,2.4879684475494126,0.4861906757734903,0.1039426902039342,18.8342201813602,0.6324973895380294,False,False,,,1.0,1.2702969926923138,1.4165793634523915,1.0,1.0,False,False,Kaleb Johnson,PIT,veteran_model,True,,False,ACT,,deep_bench,deep_bench_discounted,6.352185152345429,6.352185152345429,0.73,True,3.0,6.352185152345429,21.24394245613634,downward,True,,False,True,,,,,,,,0.877056421443679,False,1.0,False,33.528333841849026,220.6189626135148,26.33273552345513,112.30420927129472,2025.0,PIT,canonical_source_team_frame,0.0,0.0,0.0,0.0,0.0,461.1026409385077,45.487651964804456,0.196712414829836,0.0,2.273736754432321e-13,projected_games,19.466864850903193,0.0,55.398954403074484
00-0040737,TE,2026,3.063911855786553,0.855087095480102,0.855087095480102,5.464189369878306,False,,,,,,,0.129009622360235,15.00424136477164,1.5788599702959565,,,1.9075769855180176,False,True,,,1.0,,,1.0,0.9838875051154712,False,False,Terrance Ferguson,LA,veteran_model,True,,False,ACT,,deep_bench,deep_bench_discounted,12.29543427508162,12.29543427508162,0.83,True,3.0,12.29543427508162,23.599505879780573,downward,True,,False,True,,,,,,,,0.7985958779872415,True,1.0,False,34.823713349866885,249.40469135191364,26.59281878800156,121.38612330535705,2025.0,LA,canonical_source_team_frame,0.0,0.0,0.0,0.0,0.0,853.9292590891182,65.83737867987509,0.0,0.0,0.0,projected_games,37.67212684746691,10.513667181946035,67.18458126393836
00-0032104,RB,2026,3.0430734805467137,0.0,0.0,9.787246683737955,False,,3.621275352308331,,,,,0.0242367265843261,3.751651253658494,0.5354404137872836,0.1009300479309699,16.491875011954463,0.6467422717846493,False,False,,,1.0,1.8397139675952132,1.8080542903628172,1.0,1.0,False,False,Ameer Abdullah,JAX,veteran_model,True,,True,ACT,,deep_bench,deep_bench_discounted,1.5945508275195657,1.5945508275195657,0.7,True,4.0,1.5945508275195657,20.206407261437764,downward,True,,False,True,,,,,,,,0.8618509111010552,False,1.0000000000000002,False,34.28151954965283,230.8790754929431,27.42470108063263,117.85711799660008,2025.0,JAX,canonical_source_team_frame,0.0,0.0,0.0,0.0,0.0,542.2274767280733,103.90199907631133,11.6552462028087,0.0,2.273736754432321e-13,projected_games,4.852335336608607,0.0,15.606262298692481
00-0040581,WR,2026,3.0287811041557946,0.1444922211843846,0.1444922211843846,6.757470150049125,False,,,,,,,0.1588784745536876,15.053869752965532,1.1402465630742311,,,2.17390624095812,False,False,,,1.0,,,1.0,0.8187354071744638,False,False,Dont'e Thornton Jr.,LV,veteran_model,True,,False,ACT,,deep_bench,deep_bench_discounted,13.262194396469576,13.262194396469576,1.0,False,4.0,13.262194396469576,24.159418900454952,downward,True,,False,True,,,,,,,,0.6965108832860549,True,1.0000000000000002,False,33.852824030940056,214.57229132943425,25.40666637485797,101.2650936526983,2025.0,LV,canonical_source_team_frame,0.0,0.0,0.0,0.0,0.0,1107.0460378365742,61.55691682746948,0.0,0.0,2.273736754432321e-13,projected_games,40.16828378766792,1.916283926124988,89.61888275829193
00-0038794,RB,2026,2.9931309754620776,0.0,0.0,8.506186195367366,False,,4.744651554097136,,,,,0.0032073381530007,3.020070469899145,0.4341412842157324,0.083544448302942,19.535425676286405,0.7010416868654079,False,False,,,1.0,1.3599089766107268,1.3801883949674771,1.0,1.0,False,False,Jaleel McLaughlin,DEN,veteran_model,True,,False,ACT,,deep_bench,deep_bench_discounted,3.1395572658644864,3.1395572658644864,0.7,True,4.0,3.1395572658644864,18.024518158614,downward,True,,False,True,,,,,,,,0.9854034591801514,False,1.0,False,34.865759372852125,230.0782856671356,26.41359970598278,116.8514641863358,2025.0,DEN,canonical_source_team_frame,0.0,0.0,0.0,0.0,0.0,57.091900504519344,48.03783450360993,4.639782232459449,0.0,0.0,projected_games,9.397106101696023,0.0,26.705658674461805
00-0035264,QB,2026,2.989742976488343,-1.1577954481880717,0.0,10.96894864218189,True,8.751537770340954,1.064212256119344,4.361741315149213,0.2137045825697585,0.2861630983573901,36.94723957465567,,,,0.059620425890579,4.368876098685985,,False,False,1.1610032104691907,1.0840048007997944,,1.3599089766107268,1.380188394967477,,,False,False,Jarrett Stidham,DEN,veteran_model,True,,False,ACT,2.0,backup,curated,2.901560669759047,2.901560669759047,0.77,True,2.0,1.8770425111450475,18.024518158614,downward,True,0.6469078970873017,True,True,,,,,,,,0.9854034591801514,False,1.0,False,34.865759372852125,230.0782856671356,26.41359970598278,116.8514641863358,2025.0,DEN,canonical_source_team_frame,0.0,0.0,0.0,0.0,0.0,57.091900504519344,48.03783450360993,4.639782232459449,0.0,0.0,projected_games,5.611874664265948,0.0,20.589182903942152
00-0034775,WR,2026,2.982950313986528,0.1530404244708588,0.1530404244708588,6.900796449037436,False,,,,,,,0.1066947785850007,16.223318978375097,1.4408994892780274,,,2.433692245972706,False,False,,,1.0,,,1.0,1.0,False,False,Christian Kirk,SF,veteran_model,True,,True,ACT,,deep_bench,deep_bench_discounted,12.354912151137588,12.354912151137588,0.97,True,3.0,12.354912151137588,20.268882541673257,downward,True,,False,True,,,,,,,,0.991540844247621,False,1.0000000000000002,False,34.24847968425997,240.1216094230843,26.911226973415506,112.91814451887672,2025.0,SF,canonical_source_team_frame,0.0,0.0,0.0,0.0,0.0,34.530843591570374,14.986003777602036,7.225861317038813,0.0,0.0,projected_games,36.85408908051184,1.8908009999102677,85.25873390073974
00-0038558,TE,2026,2.9827692512479294,1.0394434621856625,1.0394434621856625,5.4948539811530654,False,,,,,,,0.0711769613005562,17.61136945154509,1.589141076580166,,,2.3259814605484563,False,False,,,1.0,,,1.0,1.0,False,False,Darnell Washington,PIT,veteran_model,True,,False,ACT,2.0,backup,curated,14.671912260009872,14.671912260009872,0.9,True,2.0,14.671912260009872,21.24394245613634,downward,True,,False,True,,,,,,,,0.877056421443679,False,1.0,False,33.528333841849026,220.6189626135148,26.33273552345513,112.30420927129472,2025.0,PIT,canonical_source_team_frame,0.0,0.0,0.0,0.0,0.0,461.1026409385077,45.487651964804456,0.196712414829836,0.0,2.273736754432321e-13,projected_games,43.76292874616496,15.25062327642893,80.62001549304371
00-0041524,TE,2026,2.9650348581796244,0.36470588235294116,0.36470588235294116,6.216051908258297,False,,,,,,,0.1140967095640462,15.54863388842944,1.4511824239048057,,,2.186978399012115,False,False,,,1.0,,,1.0,0.9107012721721982,False,False,Will Kacmarek,MIA,rookie_rule,True,drafted,False,,2.0,backup,rookie_path,14.36842105263158,14.36842105263158,1.0,False,2.0,14.36842105263158,15.820591246614065,upward,True,,False,True,no_data,2.0,rank_2,1.0,False,19.0,False,0.8973004686307117,False,1.0,False,32.35673046917577,214.6124638790677,26.70994351578604,118.05744126358432,2025.0,MIA,canonical_source_team_frame,0.0,0.0,0.0,0.0,0.0,374.6901909286057,43.11113101787174,0.0,5.684341886080803e-14,2.273736754432321e-13,projected_games,42.602869278054605,5.2402476780185765,89.31485110286923
00-0037838,TE,2026,2.9432127147595293,0.8052200566293981,0.8052200566293981,5.552809674361209,False,,,,,,,0.1019201140637598,14.744527516937609,1.7144785573664192,,,2.449563452562083,False,False,,,1.0,,,0.9182512412543492,1.0,False,False,Isaiah Likely,NYG,veteran_model,False,,True,ACT,1.0,starter,curated,14.049798652835396,14.049798652835396,1.0,False,1.0,14.049798652835396,23.01824991096567,downward,True,,False,True,,,,,,,,0.969501997801332,False,1.0,False,33.2431579562698,223.72213877664484,27.96941585077396,122.67702612627788,2025.0,NYG,canonical_source_team_frame,0.0,0.0,0.0,0.0,0.0,115.99233076511427,0.0,0.95835366558714,5.684341886080803e-14,0.0,projected_games,41.35154603483644,11.313179666867759,78.01585788229147
00-0041395,TE,2026,2.9361024120265213,0.3525603879367768,0.3525603879367768,6.149917822264882,False,,,,,,,0.1225563301196216,14.90973272999185,1.4195823166192134,,,2.139356025076453,False,False,,,0.9802549627291288,,,1.0,1.0,False,False,Eli Raridon,NE,rookie_rule,True,drafted,False,,2.0,backup,rookie_path,14.36842105263158,14.36842105263158,1.0,False,2.0,14.36842105263158,14.772857648172948,upward,True,,False,True,above_median,2.0,rank_2,0.9057634996755858,False,19.0,False,1.0201427567537114,False,1.0,False,33.74673756144342,243.75690325453,26.991281582048,121.68752580253285,2025.0,NE,canonical_source_team_frame,0.0,0.0,0.0,0.0,0.0,0.0,25.51114389997366,2.053035900254038,1.1368683772161605e-13,0.0,projected_games,42.18715570964423,5.065736100354741,88.3646087093849
00-0036265,RB,2026,2.921037912316165,0.0,0.0,11.890717495958604,False,,4.001914868246849,,,,,0.0197612115521696,3.2847613712810357,0.4035033552737611,0.0762856260896558,18.145290717002283,0.6005986440675555,False,False,,,1.0,2.5367028547721784,2.709253668390316,1.0,1.0,False,False,AJ Dillon,CAR,veteran_model,True,,True,ACT,,deep_bench,deep_bench_discounted,1.3713474586085463,1.3713474586085463,0.7,True,4.0,1.3713474586085463,19.92286534491023,downward,True,,False,True,,,,,,,,0.762642225796171,True,1.0000000000000002,False,33.081719189069275,214.5393770638172,26.97993809377384,116.45261469433012,2025.0,CAR,canonical_source_team_frame,0.0,0.0,0.0,0.0,0.0,865.6840133220421,82.42672504867357,7.690814341352549,0.0,2.273736754432321e-13,projected_games,4.005757917553987,0.0,16.30630521911501
00-0039355,WR,2026,2.9085055865420064,0.08490752104426624,0.08490752104426624,6.826351721592916,False,,,,,,,0.1150016792321622,15.40034731569129,1.3569215591598078,,,2.246115736457181,False,False,,,1.0,,,1.0,1.0,False,False,Luke McCaffrey,WAS,veteran_model,True,,False,ACT,3.0,starter,curated,11.766819109069058,11.766819109069058,0.97,True,3.0,11.766819109069058,17.0832969419234,downward,True,,False,True,,,,,,,,0.7734083043982058,True,1.0000000000000002,False,32.6701069973832,214.93987374561607,27.270251462105467,124.11887818477246,2025.0,WAS,canonical_source_team_frame,0.0,0.0,0.0,0.0,0.0,827.96103755573,70.84056173480843,1.8215509938874952,0.0,0.0,projected_games,34.22385911455659,0.9990914411273552,80.32444588286599
00-0040078,RB,2026,2.8793256415429895,0.1548197205212354,0.1548197205212354,7.788991080304157,False,,3.899941854595784,,,,,0.0232805292292922,6.058801175378792,0.9352214630028198,0.045826882949849,13.91190319428853,1.2077083875248955,False,False,,,1.0,1.2026855326552586,1.1120457669163175,1.0,1.0,False,False,Brashard Smith,KC,veteran_model,True,,False,ACT,,deep_bench,deep_bench_discounted,3.0495052481281664,3.0495052481281664,0.7,True,4.0,3.0495052481281664,26.280421420954912,downward,True,,False,True,,,,,,,,0.7601284095142968,True,1.0,False,35.16444525693558,230.5791949901617,25.92765596122493,113.12700304519306,2025.0,KC,canonical_source_team_frame,0.0,0.0,0.0,0.0,0.0,940.259769998454,130.5185425896733,7.9994206468329025,1.1368683772161605e-13,0.0,projected_games,8.780518654955346,0.4721235502432434,23.752569177011004
00-0033307,WR,2026,2.8761186024680168,0.15463488827911062,0.15463488827911062,6.793964737518926,False,,,,,,,0.0953838129705474,17.508228477491375,1.10598575379119,,,2.116903646829341,False,False,,,1.0,,,1.0,1.0,False,False,Kendrick Bourne,ARI,veteran_model,True,,True,ACT,3.0,starter,curated,13.876449627301223,13.876449627301223,0.97,True,3.0,13.876449627301223,24.338087108826755,downward,True,,False,True,,,,,,,,0.943688680030244,False,0.9999999999999998,False,36.21418096404104,240.76817941837584,24.988650455385,107.79252270381906,2025.0,ARI,canonical_source_team_frame,0.0,0.0,0.0,0.0,0.0,230.485557825984,61.09721757041359,2.4522766638891937,0.0,0.0,projected_games,39.91031490929143,2.145783237828431,94.27610944984215
00-0037666,WR,2026,2.860652283896097,0.1114314757180392,0.1114314757180392,6.71781906659434,False,,,,,,,0.1165623797452709,14.37935953896496,1.44668410305595,,,2.4631967134208845,False,False,,,1.0,,,1.0,0.9107012721721982,False,False,Jalen Tolbert,MIA,veteran_model,False,,True,ACT,1.0,starter,curated,12.90075466738457,12.90075466738457,1.0,False,2.0,12.90075466738457,15.820591246614065,upward,True,,False,True,,,,,,,,0.8973004686307117,False,1.0,False,32.35673046917577,214.6124638790677,26.70994351578604,118.05744126358432,2025.0,MIA,canonical_source_team_frame,0.0,0.0,0.0,0.0,0.0,374.6901909286057,43.11113101787174,0.0,5.684341886080803e-14,2.273736754432321e-13,projected_games,36.9045733032369,1.4375501304630445,86.66493567801199
00-0038454,RB,2026,2.837925007276736,0.0,0.0,7.913881708315088,False,,4.2184053682291225,,,,,0.0046819349166319,3.334566912950089,0.5584692523459278,0.1074603365701241,15.523800608882269,0.812300199644361,False,False,,,1.0,1.1351867201085193,1.161643765156437,1.0,1.0,False,False,Keaton Mitchell,LAC,veteran_model,True,,True,ACT,2.0,committee,curated,7.925729722463111,7.925729722463111,0.73,True,3.0,7.925729722463111,18.14132108931228,downward,True,,False,True,,,,,,,,0.896434828715537,False,1.0,False,34.810666017945884,231.0080210563423,26.605299733204117,118.73885720842677,2025.0,LAC,canonical_source_team_frame,0.0,0.0,0.0,0.0,0.0,406.7145495693435,95.61154335628294,8.79102244326705,0.0,0.0,projected_games,22.492626580294566,0.0,62.72328747565004
00-0035644,TE,2026,2.8286178762481122,0.7854856422111895,0.7854856422111895,5.27493054040459,False,,,,,,,0.0878113687963322,14.577810752305654,1.6879371764791071,,,2.2465232060228297,False,False,,,1.0,,,1.0,0.9163349578264096,False,False,Noah Fant,NO,veteran_model,True,,True,ACT,2.0,backup,curated,14.4238047711862,14.4238047711862,0.9,True,2.0,14.4238047711862,21.59325303282543,downward,True,,False,True,,,,,,,,0.8801009681156396,False,1.0,False,34.116960253547056,231.15975941032937,26.95323708907626,109.1195451687137,2025.0,NO,canonical_source_team_frame,0.0,0.0,0.0,0.0,0.0,471.16913318664274,47.16906708270608,0.0,5.684341886080803e-14,0.0,projected_games,40.799432019290094,11.329691553824013,76.08456829636353
00-0040981,QB,2026,2.8285576505816716,-1.591218945072758,0.0,8.463614587375755,True,8.972566510029315,1.2158679456222614,5.142625990074431,0.326241979479203,0.2142497730827131,50.2946376390367,,,,0.0412724181746735,3.64622502599716,,True,False,1.5851329114849868,1.5350934568434365,,1.4638590950277697,1.2998830708134892,,,False,False,Joe Fagnano,BAL,rookie_rule,True,udfa,False,,,,rookie_path,0.5882352941176471,0.5882352941176471,1.0,False,3.0,0.2966237319133301,18.421690320520103,downward,True,0.5042603442526611,True,True,no_data,,off_chart,0.4182664361937925,False,102.0,False,0.8405930073619484,False,1.0,False,31.371651182397663,213.6422320700136,28.05821210195141,132.6208441085526,2025.0,BAL,canonical_source_team_frame,0.0,0.0,0.0,0.0,0.0,578.9531171509466,55.41434962128113,4.989568733629504,5.684341886080803e-14,4.547473508864641e-13,projected_games,0.8390173262475366,0.0,2.5105089443834956
00-0040985,QB,2026,2.8285576505816716,-1.591218945072758,0.0,8.463614587375755,True,8.972566510029315,1.2158679456222614,5.142625990074431,0.326241979479203,0.2142497730827131,50.2946376390367,,,,0.0412724181746735,3.64622502599716,,True,False,1.5851329114849868,1.5350934568434365,,1.4638590950277697,1.2998830708134892,,,False,False,Diego Pavia,BAL,rookie_rule,True,udfa,False,,,,rookie_path,0.5882352941176471,0.5882352941176471,1.0,False,,0.3954983092177734,18.421690320520103,downward,True,0.6723471256702148,True,True,no_data,,off_chart,0.4182664361937925,False,102.0,False,0.8405930073619484,False,1.0,False,31.371651182397663,213.6422320700136,28.05821210195141,132.6208441085526,2025.0,BAL,canonical_source_team_frame,0.0,0.0,0.0,0.0,0.0,578.9531171509466,55.41434962128113,4.989568733629504,5.684341886080803e-14,4.547473508864641e-13,projected_games,1.1186897683300485,0.0,3.347345259177994
00-0041037,WR,2026,2.8274890526065253,0.44528463758994064,0.44528463758994064,6.14194850647147,False,,,,,,,0.1033903765042211,15.961187928471643,1.222056001468068,,,1.9818213178703667,False,False,,,1.0,,,1.0,1.0,False,False,Denzel Boston,CLE,rookie_rule,True,drafted,False,,1.0,starter,rookie_path,13.830188679245284,13.830188679245284,1.0,False,3.0,13.830188679245284,10.284063846891716,upward,True,,False,True,below_median,2.0,rank_2,0.6154704130782516,False,53.0,False,0.8164913489925817,False,1.0,False,33.8207863840279,210.1034066660231,26.544835692755186,109.30283679541014,2025.0,CLE,canonical_source_team_frame,0.0,0.0,0.0,0.0,0.0,655.4484763988635,98.14797606559432,2.452388874511467,5.684341886080803e-14,2.273736754432321e-13,projected_games,39.10470708604874,6.158370553838236,84.94430670270921
00-0039739,WR,2026,2.8262411168899266,0.019041291226967332,0.019041291226967332,6.744087251940835,False,,,,,,,0.1057231205665672,16.152292506969943,1.153346285587058,,,2.0893775897569222,False,False,,,1.0,,,1.0,1.0,False,False,Roman Wilson,PIT,veteran_model,True,,False,ACT,3.0,starter,curated,12.609173874303362,12.609173874303362,0.97,True,3.0,12.609173874303362,21.24394245613634,downward,True,,False,True,,,,,,,,0.877056421443679,False,1.0,False,33.528333841849026,220.6189626135148,26.33273552345513,112.30420927129472,2025.0,PIT,canonical_source_team_frame,0.0,0.0,0.0,0.0,0.0,461.1026409385077,45.487651964804456,0.196712414829836,0.0,2.273736754432321e-13,projected_games,35.636565653570415,0.2400949518720783,85.03736878319474
00-0032775,WR,2026,2.8174796519477656,0.0583334415308508,0.0583334415308508,6.671253434453478,False,,,,,,,0.1301791318986067,14.02875477763935,1.2670587655843808,,,2.134309526625028,False,False,,,1.0,,,1.0,1.0,False,False,Demarcus Robinson,SF,veteran_model,True,,False,ACT,,deep_bench,deep_bench_discounted,9.322829548492434,9.322829548492434,0.94,True,6.0,9.322829548492434,20.268882541673257,downward,True,,False,True,,,,,,,,0.991540844247621,False,1.0000000000000002,False,34.24847968425997,240.1216094230843,26.911226973415506,112.91814451887672,2025.0,SF,canonical_source_team_frame,0.0,0.0,0.0,0.0,0.0,34.530843591570374,14.986003777602036,7.225861317038813,0.0,0.0,projected_games,26.26688255145481,0.5438327323690716,62.19495864420452
00-0040164,WR,2026,2.7672995976196324,0.0,0.0,6.621073380125344,False,,,,,,,0.145283305266793,13.216756318549177,1.1478482683279136,,,1.7214208055823197,False,False,,,1.0,,,1.0,1.0,False,False,Jaylin Lane,WAS,veteran_model,True,,False,ACT,,deep_bench,deep_bench_discounted,8.679128048432203,8.679128048432203,0.94,True,6.0,8.679128048432203,17.0832969419234,downward,True,,False,True,,,,,,,,0.7734083043982058,True,1.0000000000000002,False,32.6701069973832,214.93987374561607,27.270251462105467,124.11887818477246,2025.0,WAS,canonical_source_team_frame,0.0,0.0,0.0,0.0,0.0,827.96103755573,70.84056173480843,1.8215509938874952,0.0,0.0,projected_games,24.0177475561157,0.0,57.46514368417368
00-0036415,WR,2026,2.761557220302541,0.0218155526038104,0.0218155526038104,6.615331002808253,False,,,,,,,0.1023447424352347,15.50477271825983,1.1940229877303,,,2.1928240774674945,False,False,,,1.0,,,1.0,1.0,False,False,Van Jefferson,WAS,veteran_model,True,,True,ACT,,deep_bench,deep_bench_discounted,2.850908562837716,2.850908562837716,0.94,True,7.0,2.850908562837716,17.0832969419234,downward,True,,False,True,,,,,,,,0.7734083043982058,True,1.0000000000000002,False,32.6701069973832,214.93987374561607,27.270251462105467,124.11887818477246,2025.0,WAS,canonical_source_team_frame,0.0,0.0,0.0,0.0,0.0,827.96103755573,70.84056173480843,1.8215509938874952,0.0,0.0,projected_games,7.872947126126835,0.0621941457212397,18.859703801911863
00-0040067,RB,2026,2.7604448674564424,0.0,0.0,7.700717540190114,False,,3.3791592307774496,,,,,0.0234774909633765,3.545134197912469,0.5477359563696407,0.0834469459524805,14.905168479852328,0.790057961143924,False,False,,,1.0,1.1591876850506788,1.1642434898897351,1.0,1.0,False,False,Jacardia Wright,SEA,veteran_model,True,,False,ACT,,deep_bench,deep_bench_discounted,2.2760479829600726,2.2760479829600726,0.7,True,6.0,2.2760479829600726,19.49564219328384,downward,True,,False,True,,,,,,,,0.8711510504345189,False,0.9999999999999998,False,32.225819234062534,233.14110074227904,27.938112728980386,119.71891792298418,2025.0,SEA,canonical_source_team_frame,0.0,0.0,0.0,0.0,0.0,510.67976083010535,11.991597195078668,6.6499636008200405,0.0,0.0,projected_games,6.282904972646721,0.0,17.52720262469496
00-0035208,WR,2026,2.7383658492888108,0.28404366374198736,0.28404366374198736,6.413541756289032,False,,,,,,,0.0589071953869418,15.073257546895348,1.7551938445552502,,,2.217363717971053,False,False,,,1.0,,,1.0,0.820921459452458,False,False,Olamide Zaccheaus,ATL,veteran_model,True,,True,ACT,3.0,starter,curated,14.6405277475572,14.6405277475572,0.97,True,3.0,14.6405277475572,20.515452025454977,downward,True,,False,True,,,,,,,,0.9033427562717592,False,1.0000000000000002,False,33.103575893134035,223.67610131731223,27.56553569236133,121.02128748507276,2025.0,ATL,canonical_source_team_frame,0.0,1.1368683772161605e-13,7.073038149771035e-14,9.094947017729282e-13,4.276533072858189e-15,367.538562500572,13.838496018552236,0.0,5.684341886080803e-14,0.0,projected_games,40.09112119947587,4.158549140532373,93.89763604306631
00-0037112,TE,2026,2.737779008158138,0.6095630457531045,0.6095630457531045,5.249863738063274,False,,,,,,,0.1019919901910173,13.803030124447892,1.4910481091344892,,,1.980551191809616,False,False,,,1.0,,,1.0,1.0,False,False,Jake Tonges,SF,veteran_model,True,,False,ACT,2.0,backup,curated,14.999820066451852,14.999820066451852,0.9,True,2.0,14.999820066451852,20.268882541673257,downward,True,,False,True,,,,,,,,0.991540844247621,False,1.0000000000000002,False,34.24847968425997,240.1216094230843,26.911226973415506,112.91814451887672,2025.0,SF,canonical_source_team_frame,0.0,0.0,0.0,0.0,0.0,34.530843591570374,14.986003777602036,7.225861317038813,0.0,0.0,projected_games,41.06619250408109,9.143336005454925,78.74701144433942
00-0037614,WR,2026,2.716120487966989,0.14458363385811096,0.14458363385811096,6.399034663685507,False,,,,,,,0.0932645432572621,14.857064993687604,1.3416534581093116,,,2.1847975614751123,False,False,,,1.0,,,1.0,1.0,False,False,John Metchie III,CAR,veteran_model,True,,True,ACT,,deep_bench,deep_bench_discounted,10.207137594580953,10.207137594580953,0.86,True,5.0,10.207137594580953,19.92286534491023,downward,True,,False,True,,,,,,,,0.762642225796171,True,1.0000000000000002,False,33.081719189069275,214.5393770638172,26.97993809377384,116.45261469433012,2025.0,CAR,canonical_source_team_frame,0.0,0.0,0.0,0.0,0.0,865.6840133220421,82.42672504867357,7.690814341352549,0.0,2.273736754432321e-13,projected_games,27.723815544139416,1.475785044714252,65.31582728473101
00-0039356,TE,2026,2.707154177318068,0.681107116775578,0.681107116775578,5.219238907223204,False,,,,,,,0.0849638398805934,14.135308342039169,1.5676806076611811,,,2.306683282575043,False,False,,,1.0,,,1.0,1.0,False,False,Ja'Tavion Sanders,CAR,veteran_model,True,,False,ACT,2.0,backup,curated,14.330636822629303,14.330636822629303,0.9,True,2.0,14.330636822629303,19.92286534491023,downward,True,,False,True,,,,,,,,0.762642225796171,True,1.0000000000000002,False,33.081719189069275,214.5393770638172,26.97993809377384,116.45261469433012,2025.0,CAR,canonical_source_team_frame,0.0,0.0,0.0,0.0,0.0,865.6840133220421,82.42672504867357,7.690814341352549,0.0,2.273736754432321e-13,projected_games,38.795243338009044,9.760698727818975,74.79501726995237
00-0041047,WR,2026,2.6833329492624634,0.422582339883513,0.422582339883513,5.828808703925958,False,,,,,,,0.098119143433881,15.147426101740733,1.1597509569702085,,,1.880780559305796,False,False,,,1.0,,,1.0,1.0,False,False,Chris Brazzell II,CAR,rookie_rule,True,drafted,False,,,,rookie_path,7.888888888888889,7.888888888888889,1.0,False,13.0,7.888888888888889,19.92286534491023,downward,True,,False,True,no_data,,off_chart,0.5490459158295968,False,9.0,False,0.762642225796171,True,1.0000000000000002,False,33.081719189069275,214.5393770638172,26.97993809377384,116.45261469433012,2025.0,CAR,canonical_source_team_frame,0.0,0.0,0.0,0.0,0.0,865.6840133220421,82.42672504867357,7.690814341352549,0.0,2.273736754432321e-13,projected_games,21.168515488626102,3.333705125747714,45.98282421986034
00-0035537,RB,2026,2.6658727434537814,0.15795730445149425,0.15795730445149425,7.795392620403518,False,,2.060081914911774,,,,,0.027010439880872,7.21722735519114,0.9683072889473524,0.0669749780282502,8.96083856006258,1.4109739481240051,False,False,,,1.0,1.2458520720551196,1.1115236379698006,1.0,1.0,False,False,Ty Johnson,BUF,veteran_model,True,,False,ACT,2.0,committee,curated,11.972369378119142,11.972369378119142,0.73,True,3.0,11.972369378119142,20.07985848410768,downward,True,,False,True,,,,,,,,0.7844531400579932,True,1.0000000000000002,False,33.20980278431125,231.99901556001677,27.99616806245821,133.52559682822502,2025.0,BUF,canonical_source_team_frame,0.0,0.0,0.0,0.0,0.0,850.1132083311727,39.78679072911751,7.808599833668275,5.684341886080803e-14,0.0,projected_games,31.91681319968852,1.8911231948653122,93.32931989893503
00-0033955,RB,2026,2.6460893446461142,0.1491978582351079,0.1491978582351079,8.354303548810421,False,,2.2551328700943998,,,,,0.0280421675484809,5.983107929475699,0.9239777384305649,0.0448709047006212,11.483112489886496,1.2542812055161354,False,False,,,1.0,1.391420375554312,1.4814179724420815,1.0,1.0,False,False,Jeremy McNichols,WAS,veteran_model,True,,False,ACT,,deep_bench,deep_bench_discounted,5.247190260409353,5.247190260409353,0.7,True,4.0,5.247190260409353,17.0832969419234,downward,True,,False,True,,,,,,,,0.7734083043982058,True,1.0000000000000002,False,32.6701069973832,214.93987374561607,27.270251462105467,124.11887818477246,2025.0,WAS,canonical_source_team_frame,0.0,0.0,0.0,0.0,0.0,827.96103755573,70.84056173480843,1.8215509938874952,0.0,0.0,projected_games,13.884534237400059,0.7828695486051935,43.83662021382134
00-0039451,WR,2026,2.6434736125676013,0.22562666271905665,0.22562666271905665,6.0639153688734435,False,,,,,,,0.1150153360582737,12.303339486583535,1.446095295119211,,,2.1200617793600105,False,False,,,0.925532119166682,,,0.945230425597829,0.924926104234489,False,False,Isaiah Williams,NYJ,veteran_model,True,,False,ACT,,deep_bench,deep_bench_discounted,9.676617136203951,9.676617136203951,0.86,True,5.0,9.676617136203951,22.00089020868356,downward,True,,False,True,,,,,,,,1.0804595316479846,False,1.0,False,32.407872629000565,201.1291021889327,27.45450069012769,119.16603389972052,2025.0,NYJ,canonical_source_team_frame,0.0,0.0,0.0,0.0,0.0,0.0,0.0,0.0,0.0,2.273736754432321e-13,projected_games,25.579882058474617,2.183302830851733,58.67818737093127
00-0037741,WR,2026,2.6413562697795303,0.0,0.0,6.373099264539875,False,,,,,,,0.0989373677080426,14.857045739582272,1.124054979146095,,,1.995274127008125,False,False,,,1.0,,,1.0,0.820921459452458,False,False,Jahan Dotson,ATL,veteran_model,False,,True,ACT,2.0,starter,curated,14.200193260240288,14.200193260240288,1.0,False,2.0,14.200193260240288,20.515452025454977,downward,True,,False,True,,,,,,,,0.9033427562717592,False,1.0000000000000002,False,33.103575893134035,223.67610131731223,27.56553569236133,121.02128748507276,2025.0,ATL,canonical_source_team_frame,0.0,1.1368683772161605e-13,7.073038149771035e-14,9.094947017729282e-13,4.276533072858189e-15,367.538562500572,13.838496018552236,0.0,5.684341886080803e-14,0.0,projected_games,37.507769500016714,0.0,90.49924122316148
00-0039074,TE,2026,2.625074794170474,0.3588049104245308,0.3588049104245308,5.266122362183301,False,,,,,,,0.1156792800466268,13.456736074195613,1.1706510129423036,,,1.7867417018648235,False,False,,,1.0,,,1.0,0.9838875051154712,False,False,Davis Allen,LA,veteran_model,True,,False,ACT,,deep_bench,deep_bench_discounted,4.691140717096685,4.691140717096685,1.0,False,5.0,4.691140717096685,23.599505879780573,downward,True,,False,True,,,,,,,,0.7985958779872415,True,1.0,False,34.823713349866885,249.40469135191364,26.59281878800156,121.38612330535705,2025.0,LA,canonical_source_team_frame,0.0,0.0,0.0,0.0,0.0,853.9292590891182,65.83737867987509,0.0,0.0,0.0,projected_games,12.31459525235731,1.6832043247867452,24.70412103445146
00-0040406,WR,2026,2.6133362611984885,0.12339502434401164,0.12339502434401164,6.193010480248864,False,,,,,,,0.1175122277299271,12.411751661143144,1.334175457409223,,,1.984050919896028,False,False,,,0.925532119166682,,,0.945230425597829,0.924926104234489,False,False,Quentin Skinner,NYJ,veteran_model,True,,False,RES,,deep_bench,deep_bench_discounted,4.196532993787156,4.196532993787156,0.94,True,14.0,4.196532993787156,22.00089020868356,downward,True,,False,True,,,,,,,,1.0804595316479846,False,1.0,False,32.407872629000565,201.1291021889327,27.45450069012769,119.16603389972052,2025.0,NYJ,canonical_source_team_frame,0.0,0.0,0.0,0.0,0.0,0.0,0.0,0.0,0.0,2.273736754432321e-13,projected_games,10.966951843979826,0.5178312909288142,25.989172811234
00-0040891,QB,2026,2.6008883851762032,-0.9807447926006801,0.0,7.080047378292843,True,6.432685672046204,0.8952336232018155,3.815644053457034,0.2383721763861837,0.1950731502426378,40.06495013754128,,,,0.0508963487525921,3.893640389608153,,False,False,1.3076597234675735,1.2306449410603404,,1.2851906002510975,1.406957869337138,,,False,False,Cole Payton,PHI,rookie_rule,True,drafted,False,,,,rookie_path,1.4259259259259258,1.4259259259259258,1.0,False,4.0,0.3609528611872429,22.734366573198308,downward,True,0.2531357727806638,True,True,no_data,,off_chart,0.3,False,54.0,False,0.9852092383981552,False,1.0,False,32.80466217687678,217.87283255481577,27.5089337932841,118.95482935957656,2025.0,PHI,canonical_source_team_frame,0.0,1.1368683772161605e-13,7.218158658701871e-14,9.094947017729282e-13,5.402090322974834e-15,54.78258713922742,30.42911752801558,3.044085996966416,0.0,0.0,projected_games,0.9387981042580185,0.0,2.5555633585360393
00-0035289,QB,2026,2.5979807940968396,-1.087081029597115,0.0,9.960829347757212,True,8.51838247354973,1.1446418613590357,4.653150025037026,0.1480794580337666,0.2271081121469166,37.28609937151398,,,,0.0328856458826867,2.9694941142002733,,False,False,1.2572294063439826,1.1137272557848292,,0.918046673437454,0.9153185490843228,,,False,False,Gardner Minshew,ARI,veteran_model,True,,True,ACT,2.0,backup,curated,3.5640573289804696,3.5640573289804696,0.77,True,2.0,1.362416976706005,24.338087108826755,downward,True,0.3822657300228491,True,True,,,,,,,,0.943688680030244,False,0.9999999999999998,False,36.21418096404104,240.76817941837584,24.988650455385,107.79252270381906,2025.0,ARI,canonical_source_team_frame,0.0,0.0,0.0,0.0,0.0,230.485557825984,61.09721757041359,2.4522766638891937,0.0,0.0,projected_games,3.5395331390336824,0.0,13.57080300545583
00-0033857,WR,2026,2.5733751854342515,0.06128489562765145,0.06128489562765145,6.3703821531993565,False,,,,,,,0.0832039280798515,14.846923342998018,1.1789185653106806,,,1.9985628135700129,False,False,,,1.0,,,0.9182512412543492,1.0,False,False,JuJu Smith-Schuster,NYG,veteran_model,True,,True,ACT,,deep_bench,deep_bench_discounted,10.539957346176012,10.539957346176012,0.94,True,6.0,10.539957346176012,23.01824991096567,downward,True,,False,True,,,,,,,,0.969501997801332,False,1.0,False,33.2431579562698,223.72213877664484,27.96941585077396,122.67702612627788,2025.0,NYG,canonical_source_team_frame,0.0,0.0,0.0,0.0,0.0,115.99233076511427,0.0,0.95835366558714,5.684341886080803e-14,0.0,projected_games,27.123264690184794,0.645940185880295,67.14355617356212
00-0040522,WR,2026,2.547682250275842,0.1775066413449934,0.1775066413449934,6.401456032781553,False,,,,,,,0.0847823502641168,12.862855660848076,1.505405165212666,,,2.310918295967386,False,False,,,1.0,,,1.0,1.0,False,False,Xavier Restrepo,TEN,veteran_model,True,,False,ACT,,deep_bench,deep_bench_discounted,2.0698661534274545,2.0698661534274545,0.94,True,9.0,2.0698661534274545,19.399084873783885,downward,True,,False,True,,,,,,,,0.9452763183553666,False,1.0000000000000002,False,33.99018463096149,212.0175347434573,25.99059410477733,108.16497255264404,2025.0,TEN,canonical_source_team_frame,0.0,0.0,0.0,0.0,0.0,197.2404612644764,53.34315299665252,3.6287139661061296,0.0,0.0,projected_games,5.273361259533858,0.3674149889285882,13.250157174908527
00-0038685,RB,2026,2.543941567441671,0.0,0.0,9.150847123251992,False,,3.813550952074089,,,,,0.0166430020837056,3.742173988323674,0.4685341480267497,0.0774239679679322,13.71055274286102,0.8109387416388126,False,False,,,1.0,1.80478007745504,1.5987729663265875,1.0,1.0,False,False,Chris Brooks,GB,veteran_model,True,,False,ACT,,deep_bench,deep_bench_discounted,10.949616056526397,10.949616056526397,0.73,True,3.0,10.949616056526397,20.08091338164539,downward,True,,False,True,,,,,,,,0.7132851478920521,True,1.0,False,32.63758427248949,227.66090813078225,27.533140288417208,118.4026551060812,2025.0,GB,canonical_source_team_frame,0.0,0.0,0.0,0.0,0.0,1109.653981293132,100.51157356910396,10.99654943968886,0.0,0.0,projected_games,27.855183433724253,0.0,100.1982625915784
00-0040942,QB,2026,2.5416988470268858,-1.2277040699381419,0.0,7.601901197478871,True,6.922778575672357,1.4795615789278844,3.967790150899288,0.2517118132809682,0.1653042902810229,40.99819308339764,,,,0.0502234510092622,4.426368830732519,,True,False,1.2391041593986032,1.2678160062503527,,1.80478007745504,1.598772966326588,,,False,False,Kyron Drones,GB,rookie_rule,True,udfa,False,,,,rookie_path,0.5882352941176471,0.5882352941176471,1.0,False,4.0,0.1299592928838581,20.08091338164539,downward,True,0.2209307979025589,True,True,no_data,,off_chart,0.4128332219645701,False,102.0,False,0.7132851478920521,True,1.0,False,32.63758427248949,227.66090813078225,27.533140288417208,118.4026551060812,2025.0,GB,canonical_source_team_frame,0.0,0.0,0.0,0.0,0.0,1109.653981293132,100.51157356910396,10.99654943968886,0.0,0.0,projected_games,0.3303173848833315,0.0,0.9879377041973083
00-0037005,TE,2026,2.5250791337158285,0.3377954391821253,0.3377954391821253,5.180200707701204,False,,,,,,,0.1025149151779202,12.45407403586588,1.3291644781234389,,,1.9257960726034076,False,False,,,1.0,,,1.0,1.0,False,False,Tommy Tremble,CAR,veteran_model,False,,False,ACT,1.0,starter,curated,15.354046552030102,15.354046552030102,1.0,False,1.0,15.354046552030102,19.92286534491023,downward,True,,False,True,,,,,,,,0.762642225796171,True,1.0000000000000002,False,33.081719189069275,214.5393770638172,26.97993809377384,116.45261469433012,2025.0,CAR,canonical_source_team_frame,0.0,0.0,0.0,0.0,0.0,865.6840133220421,82.42672504867357,7.690814341352549,0.0,2.273736754432321e-13,projected_games,38.77018256663267,5.186526898265805,79.53704281490357
00-0041397,WR,2026,2.505581596074993,0.0,0.0,6.670240045248871,False,,,,,,,0.0874868456873258,13.847116143160562,1.1918978152699644,,,2.015894289384085,False,False,,,1.0,,,1.0,1.0,False,False,Kaden Wetjen,PIT,rookie_rule,True,drafted,False,,,,rookie_path,8.830769230769231,8.830769230769231,1.0,False,6.0,8.830769230769231,21.24394245613634,downward,True,,False,True,above_median,3.0,rank_3_plus,1.0,False,65.0,False,0.877056421443679,False,1.0,False,33.528333841849026,220.6189626135148,26.33273552345513,112.30420927129472,2025.0,PIT,canonical_source_team_frame,0.0,0.0,0.0,0.0,0.0,461.1026409385077,45.487651964804456,0.196712414829836,0.0,2.273736754432321e-13,projected_games,22.12621286380071,0.0,58.903350553428496
00-0041550,WR,2026,2.4961203518043105,0.0,0.0,6.645052771160072,False,,,,,,,0.0871564894862682,13.794828503244869,1.1873971291244292,,,2.0082821372491817,False,False,,,1.0,,,1.0,1.0,False,False,Brenen Thompson,LAC,rookie_rule,True,drafted,False,,,,rookie_path,11.666666666666666,11.666666666666666,1.0,False,4.0,11.666666666666666,18.14132108931228,downward,True,,False,True,above_median,2.0,rank_2,0.9962239328842836,False,60.0,False,0.896434828715537,False,1.0,False,34.810666017945884,231.0080210563423,26.605299733204117,118.73885720842677,2025.0,LAC,canonical_source_team_frame,0.0,0.0,0.0,0.0,0.0,406.7145495693435,95.61154335628294,8.79102244326705,0.0,0.0,projected_games,29.121404104383622,0.0,77.52561566353417
00-0036165,WR,2026,2.486395607935065,0.06409218148245854,0.06409218148245854,6.283402575700171,False,,,,,,,0.0803102705089152,14.122674163714258,1.184533137020295,,,1.89149496506346,False,False,,,1.0,,,0.9182512412543492,1.0,False,False,Isaiah Hodgins,NYG,veteran_model,True,,False,ACT,,deep_bench,deep_bench_discounted,2.323221390430892,2.323221390430892,0.94,True,8.0,2.323221390430892,23.01824991096567,downward,True,,False,True,,,,,,,,0.969501997801332,False,1.0,False,33.2431579562698,223.72213877664484,27.96941585077396,122.67702612627788,2025.0,NYG,canonical_source_team_frame,0.0,0.0,0.0,0.0,0.0,115.99233076511427,0.0,0.95835366558714,5.684341886080803e-14,0.0,projected_games,5.776447461428164,0.1489003269794264,14.597735268555198
00-0041529,WR,2026,2.4587068119457207,0.0,0.0,6.52171840112567,False,,,,,,,0.0796743816657804,13.847116143160562,1.1918978152699644,,,2.015894289384085,False,False,,,1.0,,,1.0,0.9107012721721982,False,False,Kevin Coleman Jr.,MIA,rookie_rule,True,drafted,False,,,,rookie_path,8.830769230769231,8.830769230769231,1.0,False,6.0,8.830769230769231,15.820591246614065,upward,True,,False,True,above_median,3.0,rank_3_plus,1.0,False,65.0,False,0.8973004686307117,False,1.0,False,32.35673046917577,214.6124638790677,26.70994351578604,118.05744126358432,2025.0,MIA,canonical_source_team_frame,0.0,0.0,0.0,0.0,0.0,374.6901909286057,43.11113101787174,0.0,5.684341886080803e-14,2.273736754432321e-13,projected_games,21.712272462412983,0.0,57.59179018840208
00-0039577,QB,2026,2.4339524089298004,-1.9827599386839607,0.0,11.263004192046404,True,8.952412632419977,1.4705628533665478,5.438236752313523,0.5599679074167541,0.2117228123926601,50.13565827317364,,,,0.0200324694433016,5.813758266059127,,False,False,1.2572294063439828,1.1137272557848292,,0.9180466734374538,0.9153185490843228,,,False,False,Kedon Slovis,ARI,veteran_model,True,,False,ACT,,deep_bench,deep_bench_discounted,1.755165774642167,1.755165774642167,0.84,True,4.0,0.2387546608808306,24.338087108826755,downward,True,0.1360296926536791,True,True,,,,,,,,0.943688680030244,False,0.9999999999999998,False,36.21418096404104,240.76817941837584,24.988650455385,107.79252270381906,2025.0,ARI,canonical_source_team_frame,0.0,0.0,0.0,0.0,0.0,230.485557825984,61.09721757041359,2.4522766638891937,0.0,0.0,projected_games,0.5811174819941153,0.0,2.689094746371413
00-0041503,TE,2026,2.4214628259891193,0.2912515680815836,0.2912515680815836,5.0710656087753145,False,,,,,,,0.1000512873113959,12.41703032677999,1.1589041388854897,,,1.746505660844856,False,False,,,1.0,,,1.0,1.0,False,False,Nate Boerkircher,JAX,rookie_rule,True,drafted,False,,2.0,backup,rookie_path,14.36842105263158,14.36842105263158,1.0,False,2.0,14.36842105263158,20.206407261437764,downward,True,,False,True,no_data,2.0,rank_2,0.7985930092559551,False,19.0,False,0.8618509111010552,False,1.0000000000000002,False,34.28151954965283,230.8790754929431,27.42470108063263,117.85711799660008,2025.0,JAX,canonical_source_team_frame,0.0,0.0,0.0,0.0,0.0,542.2274767280733,103.90199907631133,11.6552462028087,0.0,2.273736754432321e-13,projected_games,34.79259744710682,4.184825162435386,72.86320585240321
00-0039751,WR,2026,2.4157121147604252,0.0,0.0,6.311724127218313,False,,,,,,,0.1114335431075225,12.240041065051994,1.046213499220182,,,1.8420608878520912,False,False,,,1.0,,,1.0,0.9838875051154712,False,False,Jordan Whittington,LA,veteran_model,True,,False,ACT,3.0,starter,curated,13.383189933709508,13.383189933709508,0.97,True,3.0,13.383189933709508,23.599505879780573,downward,True,,False,True,,,,,,,,0.7985958779872415,True,1.0,False,34.823713349866885,249.40469135191364,26.59281878800156,121.38612330535705,2025.0,LA,canonical_source_team_frame,0.0,0.0,0.0,0.0,0.0,853.9292590891182,65.83737867987509,0.0,0.0,0.0,projected_games,32.32993405700183,0.0,84.47100280373955
00-0037276,RB,2026,2.4088325275994125,0.0,0.0,6.858609852915208,False,,3.512030808321571,,,,,0.0243101214577652,4.7672336307516,0.5817510590508804,0.0350416867213484,12.851227859241307,0.8358486557520384,False,False,,,1.0,1.0067147255508837,0.9856975381239048,1.0,0.9163349578264096,False,False,Ty Chandler,NO,veteran_model,True,,True,ACT,,deep_bench,deep_bench_discounted,1.991594393632227,1.991594393632227,0.7,True,5.0,1.991594393632227,21.59325303282543,downward,True,,False,True,,,,,,,,0.8801009681156396,False,1.0,False,34.116960253547056,231.15975941032937,26.95323708907626,109.1195451687137,2025.0,NO,canonical_source_team_frame,0.0,0.0,0.0,0.0,0.0,471.16913318664274,47.16906708270608,0.0,5.684341886080803e-14,0.0,projected_games,4.797417357165936,0.0,13.65956893117668
00-0041398,TE,2026,2.4015162907425056,0.0,0.0,5.825858823529413,False,,,,,,,0.0951883576781275,12.458707719390585,1.1690307454693645,,,1.6475471127338135,False,False,,,1.0,,,1.0,1.0,False,False,Riley Nowakowski,PIT,rookie_rule,True,drafted,False,,,,rookie_path,2.4814814814814814,2.4814814814814814,1.0,False,,2.4814814814814814,21.24394245613634,downward,True,,False,True,above_median,,off_chart,1.0,False,27.0,False,0.877056421443679,False,1.0,False,33.528333841849026,220.6189626135148,26.33273552345513,112.30420927129472,2025.0,PIT,canonical_source_team_frame,0.0,0.0,0.0,0.0,0.0,461.1026409385077,45.487651964804456,0.196712414829836,0.0,2.273736754432321e-13,projected_games,5.959318202953625,0.0,14.456760784313728
00-0041094,TE,2026,2.4015162907425056,0.0,0.0,5.825858823529413,False,,,,,,,0.0951883576781275,12.458707719390585,1.1690307454693645,,,1.6475471127338135,False,False,,,1.0,,,1.0,1.0,False,False,Bauer Sharp,TB,rookie_rule,True,drafted,False,,,,rookie_path,2.4814814814814814,2.4814814814814814,1.0,False,4.0,2.4814814814814814,21.316686768416005,downward,True,,False,True,above_median,,off_chart,1.0,False,27.0,False,0.9038657520217732,False,1.0000000000000002,False,33.545248910042254,223.71352331356564,27.714378326754787,117.7145365367365,2025.0,TB,canonical_source_team_frame,0.0,0.0,0.0,0.0,0.0,365.61103254725504,31.463300491173584,2.398950037365104,0.0,0.0,projected_games,5.959318202953625,0.0,14.456760784313728
00-0032392,TE,2026,2.400607211911562,0.4040422394188229,0.4040422394188229,4.771911930989371,False,,,,,,,0.0800501585389683,13.047230887519827,1.2311663438515392,,,1.6866907737248642,False,False,,,1.0,,,1.0,0.820921459452458,False,False,Austin Hooper,ATL,veteran_model,True,,True,ACT,,deep_bench,deep_bench_discounted,15.051862550558544,15.051862550558544,0.9,True,2.0,15.051862550558544,20.515452025454977,downward,True,,False,True,,,,,,,,0.9033427562717592,False,1.0000000000000002,False,33.103575893134035,223.67610131731223,27.56553569236133,121.02128748507276,2025.0,ATL,canonical_source_team_frame,0.0,1.1368683772161605e-13,7.073038149771035e-14,9.094947017729282e-13,4.276533072858189e-15,367.538562500572,13.838496018552236,0.0,5.684341886080803e-14,0.0,projected_games,36.1336097915724,6.08158825235199,71.82616248862243
00-0041123,QB,2026,2.399372406216512,-0.8800619159705582,0.0,6.559543556070551,True,5.772308678147973,0.982379943100842,3.423931528040556,0.2139009820365282,0.1750470169734035,35.31453906224565,,,,0.055850842613337,3.792996842261063,,False,False,1.1734158879607444,1.084730136781282,,1.4102971962032642,1.3705905583456257,,,False,False,Behren Morton,NE,rookie_rule,True,drafted,False,,,,rookie_path,1.4259259259259258,1.4259259259259258,1.0,False,3.0,1.4762343227415256,14.772857648172948,upward,True,1.0352812133511995,True,True,no_data,,off_chart,0.3,False,54.0,False,1.0201427567537114,False,1.0,False,33.74673756144342,243.75690325453,26.991281582048,121.68752580253285,2025.0,NE,canonical_source_team_frame,0.0,0.0,0.0,0.0,0.0,0.0,25.51114389997366,2.053035900254038,1.1368683772161605e-13,0.0,projected_games,3.5420358990957372,0.0,9.683423338989348
00-0040739,TE,2026,2.373006016453276,0.3879577775634705,0.3879577775634705,4.885090746358413,False,,,,,,,0.0781307029384793,12.462559954710784,1.315931606702643,,,1.6977339505703832,False,False,,,1.0,,,1.0,1.0,False,False,Elijah Arroyo,SEA,veteran_model,True,,False,ACT,,deep_bench,deep_bench_discounted,13.302509927204015,13.302509927204015,0.9,True,2.0,13.302509927204015,19.49564219328384,downward,True,,False,True,,,,,,,,0.8711510504345189,False,0.9999999999999998,False,32.225819234062534,233.14110074227904,27.938112728980386,119.71891792298418,2025.0,SEA,canonical_source_team_frame,0.0,0.0,0.0,0.0,0.0,510.67976083010535,11.991597195078668,6.6499636008200405,0.0,0.0,projected_games,31.566936091184555,5.1608121873740735,64.98396814872527
00-0038440,RB,2026,2.3551880301758468,0.0,0.0,8.201640326665398,False,,2.9651588574119714,,,,,0.008306419058698,3.5254856927658365,0.4995347444198721,0.0578656262842389,13.558398166317058,0.6167103602909842,False,False,,,1.0,1.4366355718674126,1.5359554882961342,1.0,1.0,False,False,Zavier Scott,MIN,veteran_model,True,,False,ACT,,deep_bench,deep_bench_discounted,3.8716561467701487,3.8716561467701487,0.7,True,4.0,3.8716561467701487,23.81008358971931,downward,True,,False,True,,,,,,,,0.8282117242306364,False,1.0,False,33.3178469069799,212.14951525474893,25.942735935008912,113.22736292046942,2025.0,MIN,canonical_source_team_frame,0.0,0.0,0.0,0.0,0.0,619.5615903256335,79.08820679380477,5.267654923665397,5.684341886080803e-14,4.547473508864641e-13,projected_games,9.118478213829796,0.0,31.753931184332018
00-0038705,RB,2026,2.347488477953056,0.0447742522852015,0.0447742522852015,7.42509907435384,False,,2.826427689334396,,,,,0.0052456147066847,4.375740396846621,0.7419411846147671,0.0820365695026266,10.152507407051424,0.960006214178708,False,False,,,1.0,1.2026855326552586,1.1120457669163175,1.0,1.0,False,False,Emari Demercado,KC,veteran_model,True,,True,ACT,2.0,committee,curated,10.023595546980689,10.023595546980689,0.73,True,3.0,10.023595546980689,26.280421420954912,downward,True,,False,True,,,,,,,,0.7601284095142968,True,1.0,False,35.16444525693558,230.5791949901617,25.92765596122493,113.12700304519306,2025.0,KC,canonical_source_team_frame,0.0,0.0,0.0,0.0,0.0,940.259769998454,130.5185425896733,7.9994206468329025,1.1368683772161605e-13,0.0,projected_games,23.530275054198725,0.44879899582533567,74.42619001758358
00-0038839,WR,2026,2.345518446179965,0.0,0.0,6.028432621898483,False,,,,,,,0.0928870100822521,13.293781756162426,0.91763642014042,,,1.4826873519775232,False,False,,,1.0,,,1.0,1.0,False,False,Mitchell Tinsley,CIN,veteran_model,True,,False,ACT,,deep_bench,deep_bench_discounted,9.811530576905527,9.811530576905527,0.86,True,5.0,9.811530576905527,28.701985495349312,downward,True,,False,True,,,,,,,,0.8041969537750469,False,1.0000000000000002,False,35.7612028620279,238.64282026275723,25.12001337082607,107.36926538839045,2025.0,CIN,canonical_source_team_frame,0.0,0.0,0.0,0.0,0.0,794.3588498417512,105.60842751061163,2.3639751147743238,0.0,0.0,projected_games,23.01312595339067,0.0,59.14815100057173
00-0038738,RB,2026,2.3440035738423717,0.0,0.0,9.335096577759085,False,,2.7707512047893865,,,,,0.0220942693673042,4.708976168512055,0.5839771003533054,0.0280362335754544,12.803343891579615,0.916042990067392,False,False,,,1.0,1.4278312196056446,1.5606847068920775,1.0,1.0,False,False,Hunter Luepke,DAL,veteran_model,True,,False,ACT,,deep_bench,deep_bench_discounted,3.727983282439106,3.727983282439106,0.86,True,,3.727983282439106,16.468086823371205,upward,True,,False,True,,,,,,,,0.93527049390564,False,1.0,False,34.84872978596818,250.0568833557896,26.917412919796803,120.7151518201046,2025.0,DAL,canonical_source_team_frame,0.0,0.0,0.0,0.0,0.0,275.16299543695914,57.23726737025993,5.15908901380503,0.0,0.0,projected_games,8.73840613726188,0.0,34.80108398184038
00-0036841,WR,2026,2.338763961623546,0.0,0.0,6.192537744129257,False,,,,,,,0.0952131254256365,13.711724556677057,0.7926255068040419,,,1.5582665248609584,False,False,,,1.0,,,1.0,1.0,False,False,Austin Trammell,JAX,veteran_model,True,,False,ACT,,deep_bench,deep_bench_discounted,2.0501778216982856,2.0501778216982856,0.94,True,8.0,2.0501778216982856,20.206407261437764,downward,True,,False,True,,,,,,,,0.8618509111010552,False,1.0000000000000002,False,34.28151954965283,230.8790754929431,27.42470108063263,117.85711799660008,2025.0,JAX,canonical_source_team_frame,0.0,0.0,0.0,0.0,0.0,542.2274767280733,103.90199907631133,11.6552462028087,0.0,2.273736754432321e-13,projected_games,4.794882004307814,0.0,12.695803543043334
00-0040590,WR,2026,2.3241641773816535,0.0,0.0,5.987720265028009,False,,,,,,,0.0980571079601793,12.108161461636795,1.0500107669137957,,,1.717471158203707,False,False,,,1.0,,,1.0,0.9838875051154712,False,False,Konata Mumpfield,LA,veteran_model,True,,False,ACT,,deep_bench,deep_bench_discounted,10.098784473736488,10.098784473736488,0.86,True,5.0,10.098784473736488,23.599505879780573,downward,True,,False,True,,,,,,,,0.7985958779872415,True,1.0,False,34.823713349866885,249.40469135191364,26.59281878800156,121.38612330535705,2025.0,LA,canonical_source_team_frame,0.0,0.0,0.0,0.0,0.0,853.9292590891182,65.83737867987509,0.0,0.0,0.0,projected_games,23.47123310895638,0.0,60.468696445542186
00-0040208,RB,2026,2.3233744232403994,0.0,0.0,8.250569658630845,False,,3.336309654185838,,,,,0.0103593954096454,2.465262303483762,0.2124887732230026,0.0747890795997208,14.597129562243248,0.3293881487585271,False,False,,,1.0,1.3692978965895573,1.5083201568968154,1.0,1.0,False,False,Tahj Brooks,CIN,veteran_model,True,,False,ACT,,deep_bench,deep_bench_discounted,7.214493998583664,7.214493998583664,0.73,True,3.0,7.214493998583664,28.701985495349312,downward,True,,False,True,,,,,,,,0.8041969537750469,False,1.0000000000000002,False,35.7612028620279,238.64282026275723,25.12001337082607,107.36926538839045,2025.0,CIN,canonical_source_team_frame,0.0,0.0,0.0,0.0,0.0,794.3588498417512,105.60842751061163,2.3639751147743238,0.0,0.0,projected_games,16.761970832930643,0.0,59.523685287088696
00-0039299,RB,2026,2.3233426177277083,0.0,0.0,7.432872186699818,False,,3.4353336832012977,,,,,0.0200685127112245,2.968132762492925,0.4588328857215137,0.0748985021187226,12.27310809637976,0.6816802332152694,False,False,,,1.0,1.159187685050679,1.1642434898897351,1.0,1.0,False,False,George Holani,SEA,veteran_model,True,,False,ACT,,deep_bench,deep_bench_discounted,8.25314439397984,8.25314439397984,0.73,True,3.0,8.25314439397984,19.49564219328384,downward,True,,False,True,,,,,,,,0.8711510504345189,False,0.9999999999999998,False,32.225819234062534,233.14110074227904,27.938112728980386,119.71891792298418,2025.0,SEA,canonical_source_team_frame,0.0,0.0,0.0,0.0,0.0,510.67976083010535,11.991597195078668,6.6499636008200405,0.0,0.0,projected_games,19.17488210079388,0.0,61.34456741883027
00-0040890,WR,2026,2.319982959328698,0.0,0.0,6.17614819004525,False,,,,,,,0.0810063385993758,12.82140383625978,1.10360908821293,,,1.8665687864667453,False,False,,,1.0,,,1.0,1.0,False,False,Cyrus Allen,KC,rookie_rule,True,drafted,False,,,,rookie_path,8.830769230769231,8.830769230769231,1.0,False,5.0,8.830769230769231,26.280421420954912,downward,True,,False,True,no_data,3.0,rank_3_plus,1.0,False,65.0,False,0.7601284095142968,True,1.0,False,35.16444525693558,230.5791949901617,25.92765596122493,113.12700304519306,2025.0,KC,canonical_source_team_frame,0.0,0.0,0.0,0.0,0.0,940.259769998454,130.5185425896733,7.9994206468329025,1.1368683772161605e-13,0.0,projected_games,20.48723413314881,0.0,54.540139401322676
00-0039746,RB,2026,2.3197476157555297,0.0,0.0,7.97891816955079,False,,2.9908648123751425,,,,,0.0115012608253813,2.747252722930707,0.41013130292824,0.049313234036434,14.750697228274468,0.609229500803287,False,False,,,1.0,1.2851906002510975,1.4069578693371378,1.0,1.0,False,False,Will Shipley,PHI,veteran_model,True,,False,ACT,,deep_bench,deep_bench_discounted,8.797504161178843,8.797504161178843,0.73,True,3.0,8.797504161178843,22.734366573198308,downward,True,,False,True,,,,,,,,0.9852092383981552,False,1.0,False,32.80466217687678,217.87283255481577,27.5089337932841,118.95482935957656,2025.0,PHI,canonical_source_team_frame,0.0,1.1368683772161605e-13,7.218158658701871e-14,9.094947017729282e-13,5.402090322974834e-15,54.78258713922742,30.42911752801558,3.044085996966416,0.0,0.0,projected_games,20.40798930249397,0.0,70.19456579832854
00-0040729,WR,2026,2.3139502853876643,0.0,0.0,5.9861638619868796,False,,,,,,,0.0993945532017846,11.830782881958942,1.0690093559621248,,,1.819277993954121,False,False,,,1.0,,,1.0,0.8187354071744638,False,False,Jack Bech,LV,veteran_model,True,,False,ACT,3.0,starter,curated,13.212140487319909,13.212140487319909,0.97,True,3.0,13.212140487319909,24.159418900454952,downward,True,,False,True,,,,,,,,0.6965108832860549,True,1.0000000000000002,False,33.852824030940056,214.57229132943425,25.40666637485797,101.2650936526983,2025.0,LV,canonical_source_team_frame,0.0,0.0,0.0,0.0,0.0,1107.0460378365742,61.55691682746948,0.0,0.0,2.273736754432321e-13,projected_games,30.572236251215816,0.0,79.09003792468816
00-0036626,WR,2026,2.312651957162258,0.02996017494442,0.02996017494442,5.995566132880777,False,,,,,,,0.0843220629200527,12.505163095009769,1.1124065402819296,,,1.833904697456011,False,False,,,1.0,,,1.0,1.0,False,False,Dyami Brown,WAS,veteran_model,True,,True,ACT,,deep_bench,deep_bench_discounted,8.717698921552465,8.717698921552465,0.86,True,5.0,8.717698921552465,17.0832969419234,downward,True,,False,True,,,,,,,,0.7734083043982058,True,1.0000000000000002,False,32.6701069973832,214.93987374561607,27.270251462105467,124.11887818477246,2025.0,WAS,canonical_source_team_frame,0.0,0.0,0.0,0.0,0.0,827.96103755573,70.84056173480843,1.8215509938874952,0.0,0.0,projected_games,20.161003472879614,0.26118378480249343,52.26754041071123
00-0040888,RB,2026,2.3095693049836417,0.07367729331589065,0.07367729331589065,5.513489137421091,False,,3.331152991788178,,,,,0.018987151512212,3.306147263903941,0.4395754997686215,0.0797265586800164,11.66884567555566,0.5768288895202789,False,False,,,1.0,1.46385909502777,1.2998830708134894,1.0,1.0,False,False,Adam Randall,BAL,rookie_rule,True,drafted,False,,,,rookie_path,3.8333333333333335,3.8333333333333335,1.0,False,4.0,3.8333333333333335,18.421690320520103,downward,True,,False,True,above_median,,off_chart,0.4198514008835518,False,42.0,False,0.8405930073619484,False,1.0,False,31.371651182397663,213.6422320700136,28.05821210195141,132.6208441085526,2025.0,BAL,canonical_source_team_frame,0.0,0.0,0.0,0.0,0.0,578.9531171509466,55.41434962128113,4.989568733629504,5.684341886080803e-14,4.547473508864641e-13,projected_games,8.853349002437293,0.28242962437758085,21.135041693447516
00-0039144,TE,2026,2.3026014275295665,0.3307258796423584,0.3307258796423584,4.8146861574347035,False,,,,,,,0.0759352544380464,12.742557288760658,1.145468344050444,,,1.6221569013555486,False,False,,,1.0,,,1.0,1.0,False,False,Luke Musgrave,GB,veteran_model,True,,False,ACT,,deep_bench,deep_bench_discounted,14.955947957511546,14.955947957511546,0.9,True,2.0,14.955947957511546,20.08091338164539,downward,True,,False,True,,,,,,,,0.7132851478920521,True,1.0,False,32.63758427248949,227.66090813078225,27.533140288417208,118.4026551060812,2025.0,GB,canonical_source_team_frame,0.0,0.0,0.0,0.0,0.0,1109.653981293132,100.51157356910396,10.99654943968886,0.0,0.0,projected_games,34.43758711702399,4.94631904413334,72.00819560234467
00-0038115,TE,2026,2.2902745684421797,0.295600075035007,0.295600075035007,4.802359298347316,False,,,,,,,0.0797350786913739,11.984357977371667,1.2268565971135394,,,1.7786821118655711,False,False,,,1.0,,,1.0,1.0,False,False,Daniel Bellinger,TEN,veteran_model,True,,True,ACT,2.0,backup,curated,15.451134314201374,15.451134314201374,0.9,True,2.0,15.451134314201374,19.399084873783885,downward,True,,False,True,,,,,,,,0.9452763183553666,False,1.0000000000000002,False,33.99018463096149,212.0175347434573,25.99059410477733,108.16497255264404,2025.0,TEN,canonical_source_team_frame,0.0,0.0,0.0,0.0,0.0,197.2404612644764,53.34315299665252,3.6287139661061296,0.0,0.0,projected_games,35.387339973399705,4.567356462653898,74.20189854381825
00-0039041,TE,2026,2.2545697150646298,0.39022530822131885,0.39022530822131885,4.666528654113598,False,,,,,,,0.0645385855215764,12.861885130926726,1.1622993776849972,,,1.714381677461749,False,False,,,1.0,,,1.0,1.0,False,False,Elijah Higgins,ARI,veteran_model,True,,False,ACT,2.0,backup,curated,14.189964295384534,14.189964295384534,0.83,True,3.0,14.189964295384534,24.338087108826755,downward,True,,False,True,,,,,,,,0.943688680030244,False,0.9999999999999998,False,36.21418096404104,240.76817941837584,24.988650455385,107.79252270381906,2025.0,ARI,canonical_source_team_frame,0.0,0.0,0.0,0.0,0.0,230.485557825984,61.09721757041359,2.4522766638891937,0.0,0.0,projected_games,31.99226375822238,5.5372831908159394,66.2178749852608
00-0040901,TE,2026,2.2543143298556925,0.0,0.0,5.468760332888683,False,,,,,,,0.0893537468708514,11.695045938923151,1.0973745094765377,,,1.5465600127991963,False,False,,,1.0,,,1.0,1.0,False,False,Jaren Kanak,TEN,rookie_rule,True,drafted,False,,,,rookie_path,2.4814814814814814,2.4814814814814814,1.0,False,4.0,2.4814814814814814,19.399084873783885,downward,True,,False,True,above_median,,off_chart,0.93870457533257,False,27.0,False,0.9452763183553666,False,1.0000000000000002,False,33.99018463096149,212.0175347434573,25.99059410477733,108.16497255264404,2025.0,TEN,canonical_source_team_frame,0.0,0.0,0.0,0.0,0.0,197.2404612644764,53.34315299665252,3.6287139661061296,0.0,0.0,projected_games,5.594039262975237,0.0,13.57062749272377
00-0038679,WR,2026,2.251263104548311,0.0,0.0,6.1050368870540215,False,,,,,,,0.1102147842499354,11.721007843081324,0.8357472294811324,,,1.2605851575853486,False,False,,,1.0,,,1.0,1.0,False,False,Tyrell Shavers,BUF,veteran_model,True,,False,ACT,,deep_bench,deep_bench_discounted,2.887580298223152,2.887580298223152,0.94,True,7.0,2.887580298223152,20.07985848410768,downward,True,,False,True,,,,,,,,0.7844531400579932,True,1.0000000000000002,False,33.20980278431125,231.99901556001677,27.99616806245821,133.52559682822502,2025.0,BUF,canonical_source_team_frame,0.0,0.0,0.0,0.0,0.0,850.1132083311727,39.78679072911751,7.808599833668275,5.684341886080803e-14,0.0,projected_games,6.500702986810392,0.0,17.628784234982795
00-0040879,TE,2026,2.2462398627011693,0.0,0.0,5.4491724142479425,False,,,,,,,0.0890337010437513,11.653156809686005,1.0934439509401217,,,1.541020568782689,False,False,,,1.0,,,1.0,1.0,False,False,Matthew Hibner,BAL,rookie_rule,True,drafted,False,,,,rookie_path,11.947368421052632,11.947368421052632,1.0,False,3.0,11.947368421052632,18.421690320520103,downward,True,,False,True,above_median,3.0,rank_3_plus,0.9353423382385936,False,38.0,False,0.8405930073619484,False,1.0,False,31.371651182397663,213.6422320700136,28.05821210195141,132.6208441085526,2025.0,BAL,canonical_source_team_frame,0.0,0.0,0.0,0.0,0.0,578.9531171509466,55.41434962128113,4.989568733629504,5.684341886080803e-14,4.547473508864641e-13,projected_games,26.83665520174555,0.0,65.103270422857
00-0040887,TE,2026,2.2462398627011693,0.0,0.0,5.4491724142479425,False,,,,,,,0.0890337010437513,11.653156809686005,1.0934439509401217,,,1.541020568782689,False,False,,,1.0,,,1.0,1.0,False,False,Josh Cuevas,BAL,rookie_rule,True,drafted,False,,,,rookie_path,2.4814814814814814,2.4814814814814814,1.0,False,4.0,2.4814814814814814,18.421690320520103,downward,True,,False,True,above_median,,off_chart,0.9353423382385936,False,27.0,False,0.8405930073619484,False,1.0,False,31.371651182397663,213.6422320700136,28.05821210195141,132.6208441085526,2025.0,BAL,canonical_source_team_frame,0.0,0.0,0.0,0.0,0.0,578.9531171509466,55.41434962128113,4.989568733629504,5.684341886080803e-14,4.547473508864641e-13,projected_games,5.574002622258456,0.0,13.522020435356005
00-0040906,QB,2026,2.2436832092866035,-0.884028864728347,0.0,6.162949296309597,True,5.798327816489051,0.837762528578261,3.439365170464379,0.2148651576468815,0.1758360552602966,34.41364895177292,,,,0.0476289682617968,3.077495358974823,,False,False,1.1787051529711292,1.057058172805325,,1.2026855326552583,1.1120457669163175,,,False,False,Garrett Nussmeier,KC,rookie_rule,True,drafted,False,,,,rookie_path,1.4259259259259258,1.4259259259259258,1.0,False,3.0,0.1461176584513127,26.280421420954912,downward,True,0.1024721241087128,True,True,no_data,,off_chart,0.3,False,54.0,False,0.7601284095142968,True,1.0,False,35.16444525693558,230.5791949901617,25.92765596122493,113.12700304519306,2025.0,KC,canonical_source_team_frame,0.0,0.0,0.0,0.0,0.0,940.259769998454,130.5185425896733,7.9994206468329025,1.1368683772161605e-13,0.0,projected_games,0.3278417368474851,0.0,0.9005157203309235
00-0037557,RB,2026,2.243520017999802,0.0,0.0,8.211417211343997,False,,2.8179614493264964,,,,,0.0194537297306713,3.186997802529522,0.5013012454124587,0.0356729607028621,13.434094724394198,0.8540610478034966,False,False,,,1.0,1.3680396892437838,1.5382646428592717,1.0,0.9838875051154712,False,False,Ronnie Rivers,LA,veteran_model,True,,False,ACT,,deep_bench,deep_bench_discounted,7.741115822975169,7.741115822975169,0.73,True,3.0,7.741115822975169,23.599505879780573,downward,True,,False,True,,,,,,,,0.7985958779872415,True,1.0,False,34.823713349866885,249.40469135191364,26.59281878800156,121.38612330535705,2025.0,LA,canonical_source_team_frame,0.0,0.0,0.0,0.0,0.0,853.9292590891182,65.83737867987509,0.0,0.0,0.0,projected_games,17.3673483104998,0.0,63.56553170378565
00-0035359,WR,2026,2.224330552051475,0.0,0.0,6.078104334557186,False,,,,,,,0.0748179170468207,12.952376330916682,0.9603708333577656,,,1.493226490389322,False,False,,,1.0,,,1.0,1.0,False,False,David Sills,TB,veteran_model,True,,True,ACT,,deep_bench,deep_bench_discounted,2.5866698834220267,2.5866698834220267,0.94,True,7.0,2.5866698834220267,21.316686768416005,downward,True,,False,True,,,,,,,,0.9038657520217732,False,1.0000000000000002,False,33.545248910042254,223.71352331356564,27.714378326754787,117.7145365367365,2025.0,TB,canonical_source_team_frame,0.0,0.0,0.0,0.0,0.0,365.61103254725504,31.463300491173584,2.398950037365104,0.0,0.0,projected_games,5.753608849767041,0.0,15.722049430495952
00-0040876,WR,2026,2.1935164755747114,0.0,0.0,5.839475137513616,False,,,,,,,0.0765905359904582,12.122485831952185,1.0434493528734872,,,1.7648187325880311,False,False,,,1.0,,,1.0,1.0,False,False,Elijah Sarratt,BAL,rookie_rule,True,drafted,False,,,,rookie_path,8.830769230769231,8.830769230769231,1.0,False,5.0,8.830769230769231,18.421690320520103,downward,True,,False,True,no_data,3.0,rank_3_plus,0.9454881841931374,False,65.0,False,0.8405930073619484,False,1.0,False,31.371651182397663,213.6422320700136,28.05821210195141,132.6208441085526,2025.0,BAL,canonical_source_team_frame,0.0,0.0,0.0,0.0,0.0,578.9531171509466,55.41434962128113,4.989568733629504,5.684341886080803e-14,4.547473508864641e-13,projected_games,19.37043779969053,0.0,51.56705736819716
00-0039359,TE,2026,2.1934213097123667,0.1372465803228139,0.1372465803228139,4.848542883697743,False,,,,,,,0.0643216792953986,11.022685628824291,1.4104453421150924,,,1.6139157965404831,False,True,,,1.0,,,1.0,1.0,False,False,Cade Stover,HOU,veteran_model,True,,False,ACT,,deep_bench,deep_bench_discounted,4.191392673135799,4.191392673135799,1.0,False,5.0,4.191392673135799,18.04941432689289,downward,True,,False,True,,,,,,,,0.8352594114599872,False,1.0,False,34.32116198114704,230.71951669895023,27.0159725075953,113.89622067613276,2025.0,HOU,canonical_source_team_frame,0.0,0.0,0.0,0.0,0.0,646.1507724670905,60.24697481013885,7.455446411296052,0.0,0.0,projected_games,9.193490006628343,0.5752543111779861,20.32214711811544
00-0041132,WR,2026,2.1806607821315342,0.0,0.0,5.805251322432738,False,,,,,,,0.0761416565485639,12.051438742331396,1.0373339372140225,,,1.7544755376033736,False,False,,,1.0,,,1.0,1.0,False,False,Deion Burks,IND,rookie_rule,True,drafted,False,,,,rookie_path,8.830769230769231,8.830769230769231,1.0,False,5.0,8.830769230769231,22.377203022332637,downward,True,,False,True,above_median,3.0,rank_3_plus,0.870321200294395,False,65.0,False,0.7292128354928176,True,0.9999999999999998,False,33.81962358341313,234.02719158280576,26.501089706236453,117.38641446396322,2025.0,IND,canonical_source_team_frame,0.0,0.0,0.0,0.0,0.0,1077.316513646881,80.42225690596678,8.539487741748761,1.1368683772161605e-13,2.273736754432321e-13,projected_games,19.25691213759232,0.0,51.26483475502141
TRA291459,TE,2026,2.176402865994868,0.0,0.0,5.260365633748494,False,,,,,,,0.0802668133643082,11.535840480917209,1.0824358754345966,,,1.5255065858646422,False,False,,,1.0,,,1.0,0.9107012721721982,False,False,Seydou Traore,MIA,rookie_rule,True,drafted,False,,,,rookie_path,11.947368421052632,11.947368421052632,1.0,False,3.0,11.947368421052632,15.820591246614065,upward,True,,False,True,no_data,3.0,rank_3_plus,1.0,True,38.0,False,0.8973004686307117,False,1.0,False,32.35673046917577,214.6124638790677,26.70994351578604,118.05744126358432,2025.0,MIA,canonical_source_team_frame,0.0,0.0,0.0,0.0,0.0,374.6901909286057,43.11113101787174,0.0,5.684341886080803e-14,2.273736754432321e-13,projected_games,26.00228687267553,0.0,62.84752625583727
00-0035249,TE,2026,2.164857140723278,0.0244420167950278,0.0244420167950278,4.676941870628415,False,,,,,,,0.1063040187132274,9.9921937178361,1.055627313320607,,,1.456070042024368,False,False,,,1.0,,,1.0,1.0,False,False,Josh Oliver,MIN,veteran_model,True,,False,ACT,2.0,backup,curated,15.05787363117865,15.05787363117865,0.9,True,2.0,15.05787363117865,23.81008358971931,downward,True,,False,True,,,,,,,,0.8282117242306364,False,1.0,False,33.3178469069799,212.14951525474893,25.942735935008912,113.22736292046942,2025.0,MIN,canonical_source_team_frame,0.0,0.0,0.0,0.0,0.0,619.5615903256335,79.08820679380477,5.267654923665397,5.684341886080803e-14,4.547473508864641e-13,projected_games,32.59814525456586,0.3680448001906748,70.42479966829096
00-0037258,RB,2026,2.1626019785404713,0.0,0.0,7.629927650419631,False,,3.193931319310324,,,,,0.0058705645898686,2.894556455560389,0.3898440667851926,0.0595433643593383,12.857407258965944,0.5748880641631433,False,False,,,1.0,1.2851906002510975,1.4069578693371378,1.0,1.0,False,False,Dameon Pierce,PHI,veteran_model,True,,True,ACT,,deep_bench,deep_bench_discounted,0.9017220864799728,0.9017220864799728,0.7,True,4.0,0.9017220864799728,22.734366573198308,downward,True,,False,True,,,,,,,,0.9852092383981552,False,1.0,False,32.80466217687678,217.87283255481577,27.5089337932841,118.95482935957656,2025.0,PHI,canonical_source_team_frame,0.0,1.1368683772161605e-13,7.218158658701871e-14,9.094947017729282e-13,5.402090322974834e-15,54.78258713922742,30.42911752801558,3.044085996966416,0.0,0.0,projected_games,1.950065968315231,0.0,6.8800742806276265
00-0037231,WR,2026,2.1588972853690325,0.0,0.0,5.90280259056188,False,,,,,,,0.0820245278610798,11.491790361861778,1.0351421640327516,,,1.5435289345647227,False,False,,,1.0,,,1.0,0.9163349578264096,False,False,Kevin Austin Jr.,NO,veteran_model,True,,False,ACT,,deep_bench,deep_bench_discounted,2.8503595309257515,2.8503595309257515,0.94,True,11.0,2.8503595309257515,21.59325303282543,downward,True,,False,True,,,,,,,,0.8801009681156396,False,1.0,False,34.116960253547056,231.15975941032937,26.95323708907626,109.1195451687137,2025.0,NO,canonical_source_team_frame,0.0,0.0,0.0,0.0,0.0,471.16913318664274,47.16906708270608,0.0,5.684341886080803e-14,0.0,projected_games,6.153633453641354,0.0,16.82510962318127
00-0033110,TE,2026,2.129947580852778,0.02341642223302038,0.02341642223302038,4.629365705382621,False,,,,,,,0.1025234885889684,10.36308803626674,0.9569956913845872,,,1.3244825618043488,False,False,,,1.0,,,1.0,0.9838875051154712,False,False,Tyler Higbee,LA,veteran_model,True,,False,ACT,2.0,backup,curated,13.531989940239496,13.531989940239496,0.9,True,2.0,13.531989940239496,23.599505879780573,downward,True,,False,True,,,,,,,,0.7985958779872415,True,1.0,False,34.823713349866885,249.40469135191364,26.59281878800156,121.38612330535705,2025.0,LA,canonical_source_team_frame,0.0,0.0,0.0,0.0,0.0,853.9292590891182,65.83737867987509,0.0,0.0,0.0,projected_games,28.822429237337243,0.3168707900936323,62.644530154927345
00-0039757,RB,2026,2.129687009774348,0.0,0.0,7.667230184444537,False,,4.399916965451516,,,,,0.0022462428517719,2.139659820096301,0.2975808163218132,0.0803514470286081,12.713444803215314,0.4308374780133553,False,False,,,0.9802549627291288,1.4102971962032642,1.3705905583456257,1.0,1.0,False,False,Terrell Jennings,NE,veteran_model,True,,False,ACT,,deep_bench,deep_bench_discounted,2.775525408237006,2.775525408237006,0.7,True,4.0,2.775525408237006,14.772857648172948,upward,True,,False,True,,,,,,,,1.0201427567537114,False,1.0,False,33.74673756144342,243.75690325453,26.991281582048,121.68752580253285,2025.0,NE,canonical_source_team_frame,0.0,0.0,0.0,0.0,0.0,0.0,25.51114389997366,2.053035900254038,1.1368683772161605e-13,0.0,projected_games,5.911000407220996,0.0,21.280592187727517
00-0036427,WR,2026,2.1116132389263766,0.0,0.0,5.965387021432088,False,,,,,,,0.0646595486363741,12.595259779957685,0.9282599382247272,,,1.7931439733734758,False,False,,,1.0,,,1.0,1.0,False,False,Tyler Johnson,DAL,veteran_model,True,,True,ACT,,deep_bench,deep_bench_discounted,2.3067559675003264,2.3067559675003264,0.94,True,8.0,2.3067559675003264,16.468086823371205,upward,True,,False,True,,,,,,,,0.93527049390564,False,1.0,False,34.84872978596818,250.0568833557896,26.917412919796803,120.7151518201046,2025.0,DAL,canonical_source_team_frame,0.0,0.0,0.0,0.0,0.0,275.16299543695914,57.23726737025993,5.15908901380503,0.0,0.0,projected_games,4.870976439946112,0.0,13.760692110137466
00-0035500,WR,2026,2.1112655292381293,0.0,0.0,6.093184016834234,False,,,,,,,0.0465790220941647,12.584862260485972,1.1466103412490882,,,1.6469319929590007,False,False,,,1.0,,,1.0,1.0,False,False,Greg Dortch,DET,veteran_model,True,,True,ACT,,deep_bench,deep_bench_discounted,12.03046150852126,12.03046150852126,1.0,False,4.0,12.03046150852126,22.61533745621171,downward,True,,False,True,,,,,,,,0.9785289193999536,False,0.9999999999999998,False,33.929940625091575,246.18800924276172,26.78972180276002,118.19003241053174,2025.0,DET,canonical_source_team_frame,0.0,0.0,0.0,0.0,0.0,89.86068401667671,8.57475959461226,2.843661959408699,0.0,4.547473508864641e-13,projected_games,25.39949868376708,0.0,73.3038157788612
00-0041149,QB,2026,2.1069795383462706,-0.9761311414558904,0.0,6.476864954844464,True,5.504208969070147,1.5171938968872067,3.1547370607396528,0.2001327075736283,0.1314312377963371,28.132014880853767,,,,0.0515008732567124,5.472341675337538,,True,False,1.3503910626065916,1.1924210111329558,,2.536702854772178,2.7092536683903155,,,False,False,Haynes King,CAR,rookie_rule,True,udfa,False,,,,rookie_path,0.5882352941176471,0.5882352941176471,1.0,False,3.0,0.2198402707623334,19.92286534491023,downward,True,0.3737284602959669,True,True,no_data,,off_chart,0.3011877967815344,False,102.0,False,0.762642225796171,True,1.0000000000000002,False,33.081719189069275,214.5393770638172,26.97993809377384,116.45261469433012,2025.0,CAR,canonical_source_team_frame,0.0,0.0,0.0,0.0,0.0,865.6840133220421,82.42672504867357,7.690814341352549,0.0,2.273736754432321e-13,projected_games,0.46319895220074037,0.0,1.4238757453640751
00-0038647,WR,2026,2.0740772471809175,0.0,0.0,5.817982552373763,False,,,,,,,0.0894796925690492,10.48086482066137,0.9782252194009698,,,1.7611346289878755,False,False,,,1.0,,,1.0,0.9163349578264096,False,False,Ronnie Bell,NO,veteran_model,True,,False,ACT,,deep_bench,deep_bench_discounted,2.070479499281241,2.070479499281241,0.94,True,8.0,2.070479499281241,21.59325303282543,downward,True,,False,True,,,,,,,,0.8801009681156396,False,1.0,False,34.116960253547056,231.15975941032937,26.95323708907626,109.1195451687137,2025.0,NO,canonical_source_team_frame,0.0,0.0,0.0,0.0,0.0,471.16913318664274,47.16906708270608,0.0,5.684341886080803e-14,0.0,projected_games,4.294334420213761,0.0,12.046013601865827
00-0034272,WR,2026,2.0502417153253214,0.0,0.0,5.73315589104384,False,,,,,,,0.0855904032373633,10.748076334503212,0.9237833249016404,,,1.5270661581123883,False,False,,,1.0,,,1.0,1.0,False,False,Marquez Valdes-Scantling,DAL,veteran_model,True,,True,ACT,,deep_bench,deep_bench_discounted,8.681903798448143,8.681903798448143,0.86,True,5.0,8.681903798448143,16.468086823371205,upward,True,,False,True,,,,,,,,0.93527049390564,False,1.0,False,34.84872978596818,250.0568833557896,26.917412919796803,120.7151518201046,2025.0,DAL,canonical_source_team_frame,0.0,0.0,0.0,0.0,0.0,275.16299543695914,57.23726737025993,5.15908901380503,0.0,0.0,projected_games,17.800001336019744,0.0,49.77470790754886
00-0040563,WR,2026,2.0378813117494134,0.0,0.0,5.855202331609211,False,,,,,,,0.0995778544063021,10.626639501608642,0.7555004703014728,,,1.0824549043632865,False,False,,,0.9802549627291288,,,1.0,1.0,False,False,Efton Chism III,NE,veteran_model,True,,False,ACT,,deep_bench,deep_bench_discounted,2.797357191825107,2.797357191825107,0.94,True,7.0,2.797357191825107,14.772857648172948,upward,True,,False,True,,,,,,,,1.0201427567537114,False,1.0,False,33.74673756144342,243.75690325453,26.991281582048,121.68752580253285,2025.0,NE,canonical_source_team_frame,0.0,0.0,0.0,0.0,0.0,0.0,25.51114389997366,2.053035900254038,1.1368683772161605e-13,0.0,projected_games,5.700681943508204,0.0,16.37909235191816
00-0038359,WR,2026,2.035245422940773,0.0,0.0,5.9946545058018055,False,,,,,,,0.0803976584063703,11.48128938373275,0.8094610682585514,,,1.4925569216695629,False,False,,,1.0,,,1.0,0.9838875051154712,False,False,Xavier Smith,LA,veteran_model,True,,False,ACT,,deep_bench,deep_bench_discounted,12.472697105013914,12.472697105013914,1.0,False,4.0,12.472697105013914,23.599505879780573,downward,True,,False,True,,,,,,,,0.7985958779872415,True,1.0,False,34.823713349866885,249.40469135191364,26.59281878800156,121.38612330535705,2025.0,LA,canonical_source_team_frame,0.0,0.0,0.0,0.0,0.0,853.9292590891182,65.83737867987509,0.0,0.0,0.0,projected_games,25.384999694706195,0.0,74.76950990007279
00-0040009,WR,2026,2.027436899027322,0.0,0.0,6.009355386623428,False,,,,,,,0.0912406102132911,10.659369585476648,0.8281125583998215,,,1.3941849389929803,False,False,,,1.0,,,1.0,1.0,False,False,Savion Williams,GB,veteran_model,True,,False,ACT,,deep_bench,deep_bench_discounted,9.420766637221286,9.420766637221286,1.0,False,4.0,9.420766637221286,20.08091338164539,downward,True,,False,True,,,,,,,,0.7132851478920521,True,1.0,False,32.63758427248949,227.66090813078225,27.533140288417208,118.4026551060812,2025.0,GB,canonical_source_team_frame,0.0,0.0,0.0,0.0,0.0,1109.653981293132,100.51157356910396,10.99654943968886,0.0,0.0,projected_games,19.100009897427977,0.0,56.612734737508006
00-0040556,RB,2026,2.0001993775184204,0.0,0.0,6.268767242233119,False,,2.530117406299653,,,,,0.0243710402361203,4.434002243184796,0.4428700740007599,0.0504803956705737,8.86255500759397,0.7067436442720334,False,False,,,1.0,0.9180466734374538,0.9153185490843228,1.0,1.0,False,False,Corey Kiner,ARI,veteran_model,True,,False,ACT,,deep_bench,deep_bench_discounted,3.71500820575824,3.71500820575824,0.7,True,6.0,3.71500820575824,24.338087108826755,downward,True,,False,True,,,,,,,,0.943688680030244,False,0.9999999999999998,False,36.21418096404104,240.76817941837584,24.988650455385,107.79252270381906,2025.0,ARI,canonical_source_team_frame,0.0,0.0,0.0,0.0,0.0,230.485557825984,61.09721757041359,2.4522766638891937,0.0,0.0,projected_games,7.430757100633455,0.0,23.28852174488449
00-0041472,TE,2026,1.9901925622783108,0.23937873351868977,0.23937873351868977,4.167892626345575,False,,,,,,,0.0822318334670999,10.20551756430425,0.9524996100905728,,,1.435447424129078,False,False,,,1.0,,,1.0,1.0,False,False,Marlin Klein,HOU,rookie_rule,True,drafted,False,,,,rookie_path,12.465116279069768,12.465116279069768,1.0,False,4.0,12.465116279069768,18.04941432689289,downward,True,,False,True,above_median,,off_chart,0.607741706962026,False,4.0,True,0.8352594114599872,False,1.0,False,34.32116198114704,230.71951669895023,27.0159725075953,113.89622067613276,2025.0,HOU,canonical_source_team_frame,0.0,0.0,0.0,0.0,0.0,646.1507724670905,60.24697481013885,7.455446411296052,0.0,0.0,projected_games,24.807981706538946,2.983883748046924,51.95326622607507
00-0041326,RB,2026,1.9834321422216885,0.0,0.0,5.263696777194831,False,,2.340798663217577,,,,,0.0104876507167087,3.217670530414015,0.4399873491779777,0.0746077217396472,9.310991798531626,0.5815940233463676,False,False,,,1.0,1.0067147255508837,0.9856975381239048,1.0,0.9163349578264096,False,False,CJ Donaldson,NO,rookie_rule,True,udfa,False,,,,rookie_path,0.7,0.7,1.0,False,7.0,0.7,21.59325303282543,downward,True,,False,True,no_data,,off_chart,0.6236294817376784,False,300.0,False,0.8801009681156396,False,1.0,False,34.116960253547056,231.15975941032937,26.95323708907626,109.1195451687137,2025.0,NO,canonical_source_team_frame,0.0,0.0,0.0,0.0,0.0,471.16913318664274,47.16906708270608,0.0,5.684341886080803e-14,0.0,projected_games,1.3884024995551818,0.0,3.684587744036381
00-0040172,WR,2026,1.9796849178716576,0.0,0.0,5.833458700377368,False,,,,,,,0.1201251932970725,9.333551623493104,0.651157191479824,,,1.0610522544367045,False,False,,,1.0,,,1.0,1.0,False,False,Jordan Watkins,SF,veteran_model,True,,False,ACT,,deep_bench,deep_bench_discounted,2.5287438931151933,2.5287438931151933,0.94,True,7.0,2.5287438931151933,20.268882541673257,downward,True,,False,True,,,,,,,,0.991540844247621,False,1.0000000000000002,False,34.24847968425997,240.1216094230843,26.911226973415506,112.91814451887672,2025.0,SF,canonical_source_team_frame,0.0,0.0,0.0,0.0,0.0,34.530843591570374,14.986003777602036,7.225861317038813,0.0,0.0,projected_games,5.006116146360207,0.0,14.751323064318962
00-0038938,WR,2026,1.9616997066678292,0.0,0.0,5.758706674432935,False,,,,,,,0.086864861499778,10.739215709414776,0.7331779334553673,,,1.4154421595381506,False,False,,,1.0,,,0.9182512412543492,1.0,False,False,Jalin Hyatt,NYG,veteran_model,True,,False,ACT,,deep_bench,deep_bench_discounted,3.235780395442524,3.235780395442524,0.94,True,10.0,3.235780395442524,23.01824991096567,downward,True,,False,True,,,,,,,,0.969501997801332,False,1.0,False,33.2431579562698,223.72213877664484,27.96941585077396,122.67702612627788,2025.0,NYG,canonical_source_team_frame,0.0,0.0,0.0,0.0,0.0,115.99233076511427,0.0,0.95835366558714,5.684341886080803e-14,0.0,projected_games,6.347629452581112,0.0,18.633910160234105
00-0037098,WR,2026,1.9594214305624904,0.0,0.0,5.813195213068202,False,,,,,,,0.0813344611798238,9.8703509761716,0.9687591317327748,,,1.5853039239537536,False,False,,,1.0,,,1.0,1.0,False,False,Samori Toure,PHI,veteran_model,True,,True,ACT,,deep_bench,deep_bench_discounted,2.1993317883654067,2.1993317883654067,0.94,True,10.0,2.1993317883654067,22.734366573198308,downward,True,,False,True,,,,,,,,0.9852092383981552,False,1.0,False,32.80466217687678,217.87283255481577,27.5089337932841,118.95482935957656,2025.0,PHI,canonical_source_team_frame,0.0,1.1368683772161605e-13,7.218158658701871e-14,9.094947017729282e-13,5.402090322974834e-15,54.78258713922742,30.42911752801558,3.044085996966416,0.0,0.0,projected_games,4.309417839040505,0.0,12.78514502407451
00-0038547,TE,2026,1.9571632795889822,0.16578323678456575,0.16578323678456575,4.369122218637951,False,,,,,,,0.0523778581817607,11.41531154446315,1.0027299521042063,,,1.4667524832611525,False,False,,,1.0,,,1.0,1.0,False,False,Luke Schoonmaker,DAL,veteran_model,True,,False,ACT,,deep_bench,deep_bench_discounted,14.892920978808185,14.892920978808185,0.83,True,3.0,14.892920978808185,16.468086823371205,upward,True,,False,True,,,,,,,,0.93527049390564,False,1.0,False,34.84872978596818,250.0568833557896,26.917412919796803,120.7151518201046,2025.0,DAL,canonical_source_team_frame,0.0,0.0,0.0,0.0,0.0,275.16299543695914,57.23726737025993,5.15908901380503,0.0,0.0,projected_games,29.147878065543782,2.468996645043584,65.0689919489301
00-0036422,TE,2026,1.9544525397355463,0.055133250991535016,0.055133250991535016,4.466537269640684,False,,,,,,,0.063842544580847,10.37625988362432,1.0675425677760646,,,1.5736287271910985,False,False,,,1.0,,,1.0,1.0,False,False,Adam Trautman,DEN,veteran_model,True,,False,ACT,1.0,starter,curated,15.284003023074332,15.284003023074332,0.9,True,2.0,15.284003023074332,18.024518158614,downward,True,,False,True,,,,,,,,0.9854034591801514,False,1.0,False,34.865759372852125,230.0782856671356,26.41359970598278,116.8514641863358,2025.0,DEN,canonical_source_team_frame,0.0,0.0,0.0,0.0,0.0,57.091900504519344,48.03783450360993,4.639782232459449,0.0,0.0,projected_games,29.871858525773398,0.8426567748265371,68.26656913186238
00-0039796,RB,2026,1.9530377474297307,0.0,0.0,7.656050132406419,False,,1.8439242765246084,,,,,0.0371174740661062,4.946754159913927,0.5552647618779674,0.0413805763021893,7.097416482895813,0.6322183812780102,False,False,,,1.0,1.4638590950277697,1.2998830708134894,1.0,1.0,False,False,Rasheen Ali,BAL,veteran_model,True,,False,ACT,,deep_bench,deep_bench_discounted,9.887579585744264,9.887579585744264,0.73,True,3.0,9.887579585744264,18.421690320520103,downward,True,,False,True,,,,,,,,0.8405930073619484,False,1.0,False,31.371651182397663,213.6422320700136,28.05821210195141,132.6208441085526,2025.0,BAL,canonical_source_team_frame,0.0,0.0,0.0,0.0,0.0,578.9531171509466,55.41434962128113,4.989568733629504,5.684341886080803e-14,4.547473508864641e-13,projected_games,19.31081616167417,0.0,75.69980499661638
00-0040187,TE,2026,1.9448763397148014,0.20543230359458836,0.20543230359458836,4.35683527876377,False,,,,,,,0.0437218570677268,11.236902027819252,1.117709989053031,,,1.635100391677295,False,False,,,1.0,,,1.0,1.0,False,False,Mitchell Evans,CAR,veteran_model,True,,False,ACT,,deep_bench,deep_bench_discounted,15.481909050158112,15.481909050158112,0.83,True,3.0,15.481909050158112,19.92286534491023,downward,True,,False,True,,,,,,,,0.762642225796171,True,1.0000000000000002,False,33.081719189069275,214.5393770638172,26.97993809377384,116.45261469433012,2025.0,CAR,canonical_source_team_frame,0.0,0.0,0.0,0.0,0.0,865.6840133220421,82.42672504867357,7.690814341352549,0.0,2.273736754432321e-13,projected_games,30.11039860526897,3.1804842402158866,67.45212753234095
00-0036425,RB,2026,1.938085703859013,0.0,0.0,8.682258907050253,False,,2.749543759817318,,,,,0.0128295803968019,2.9700674671055736,0.4084655694116503,0.0396107651174994,11.222040993568225,0.4149376752381118,False,False,,,1.0,1.8397139675952132,1.8080542903628172,1.0,1.0,False,False,DeeJay Dallas,JAX,veteran_model,True,,True,ACT,,deep_bench,deep_bench_discounted,1.300098766276792,1.300098766276792,0.7,True,5.0,1.300098766276792,20.206407261437764,downward,True,,False,True,,,,,,,,0.8618509111010552,False,1.0000000000000002,False,34.28151954965283,230.8790754929431,27.42470108063263,117.85711799660008,2025.0,JAX,canonical_source_team_frame,0.0,0.0,0.0,0.0,0.0,542.2274767280733,103.90199907631133,11.6552462028087,0.0,2.273736754432321e-13,projected_games,2.5197028325257906,0.0,11.287794093551723
00-0034613,TE,2026,1.9216751783559678,0.0,0.0,4.576796752341343,False,,,,,,,0.1071312978889874,8.577721040176554,0.8422305740087758,,,1.020085680130156,False,False,,,1.0,,,1.0,1.0,False,False,Tanner Hudson,CIN,veteran_model,True,,False,ACT,,deep_bench,deep_bench_discounted,3.984572831944746,3.984572831944746,1.0,False,4.0,3.984572831944746,28.701985495349312,downward,True,,False,True,,,,,,,,0.8041969537750469,False,1.0000000000000002,False,35.7612028620279,238.64282026275723,25.12001337082607,107.36926538839045,2025.0,CIN,canonical_source_team_frame,0.0,0.0,0.0,0.0,0.0,794.3588498417512,105.60842751061163,2.3639751147743238,0.0,0.0,projected_games,7.657054707499763,0.0,18.236579996712262
00-0041084,TE,2026,1.9150362534560057,0.0,0.0,4.645702757704765,False,,,,,,,0.0759058585458069,9.934921968182204,0.9322178107258876,,,1.31380014465216,False,False,,,1.0,,,1.0,1.0,False,False,Tanner Koziol,JAX,rookie_rule,True,drafted,False,,,,rookie_path,11.947368421052632,11.947368421052632,1.0,False,3.0,11.947368421052632,20.206407261437764,downward,True,,False,True,above_median,3.0,rank_3_plus,0.7974279670049255,False,38.0,False,0.8618509111010552,False,1.0000000000000002,False,34.28151954965283,230.8790754929431,27.42470108063263,117.85711799660008,2025.0,JAX,canonical_source_team_frame,0.0,0.0,0.0,0.0,0.0,542.2274767280733,103.90199907631133,11.6552462028087,0.0,2.273736754432321e-13,projected_games,22.879643659711228,0.0,55.50392242099903
00-0036187,RB,2026,1.8992173986968663,0.0,0.0,8.480455277057242,False,,2.1793748030256097,,,,,0.0086284365899975,3.2994128493906607,0.4664457376918663,0.0298084141524134,11.054321404574017,0.5801382950637821,False,False,,,0.9802549627291288,1.4102971962032642,1.370590558345626,1.0,1.0,False,False,Reggie Gilliam,NE,veteran_model,True,,True,ACT,,deep_bench,deep_bench_discounted,3.7555070644804345,3.7555070644804345,0.86,True,,3.7555070644804345,14.772857648172948,upward,True,,False,True,,,,,,,,1.0201427567537114,False,1.0,False,33.74673756144342,243.75690325453,26.991281582048,121.68752580253285,2025.0,NE,canonical_source_team_frame,0.0,0.0,0.0,0.0,0.0,0.0,25.51114389997366,2.053035900254038,1.1368683772161605e-13,0.0,projected_games,7.132524357790236,0.0,31.848409702998854
00-0037004,TE,2026,1.897615865737498,0.0,0.0,4.552737439722874,False,,,,,,,0.0758437915754609,9.95524713699558,0.8940568051703491,,,1.324123503539513,False,False,,,1.0,,,1.0,1.0,False,False,Hunter Long,JAX,veteran_model,True,,False,ACT,,deep_bench,deep_bench_discounted,3.190332910777802,3.190332910777802,1.0,False,5.0,3.190332910777802,20.206407261437764,downward,True,,False,True,,,,,,,,0.8618509111010552,False,1.0000000000000002,False,34.28151954965283,230.8790754929431,27.42470108063263,117.85711799660008,2025.0,JAX,canonical_source_team_frame,0.0,0.0,0.0,0.0,0.0,542.2274767280733,103.90199907631133,11.6552462028087,0.0,2.273736754432321e-13,projected_games,6.05402634847645,0.0,14.524748088078153
00-0040984,RB,2026,1.8810327322043012,0.0,0.0,4.9802188070639275,False,,2.572097968557167,,,,,0.0086487740550025,2.431488189852183,0.3324840231771548,0.0819798697515695,9.278700387910735,0.4394915469712033,False,False,,,1.0,1.4638590950277697,1.2998830708134892,1.0,1.0,False,False,Dontae McMillan,BAL,rookie_rule,True,udfa,False,,,,rookie_path,0.7,0.7,1.0,False,5.0,0.7,18.421690320520103,downward,True,,False,True,no_data,,off_chart,0.4712563655464425,False,300.0,False,0.8405930073619484,False,1.0,False,31.371651182397663,213.6422320700136,28.05821210195141,132.6208441085526,2025.0,BAL,canonical_source_team_frame,0.0,0.0,0.0,0.0,0.0,578.9531171509466,55.41434962128113,4.989568733629504,5.684341886080803e-14,4.547473508864641e-13,projected_games,1.3167229125430109,0.0,3.4861531649447492
00-0040991,RB,2026,1.8810327322043012,0.0,0.0,4.9802188070639275,False,,2.572097968557167,,,,,0.0086487740550025,2.431488189852183,0.3324840231771548,0.0819798697515695,9.278700387910735,0.4394915469712033,False,False,,,1.0,1.4638590950277697,1.2998830708134892,1.0,1.0,False,False,Elijah Tau-Tolliver,BAL,rookie_rule,True,udfa,False,,,,rookie_path,0.7,0.7,1.0,False,6.0,0.7,18.421690320520103,downward,True,,False,True,no_data,,off_chart,0.4712563655464425,False,300.0,False,0.8405930073619484,False,1.0,False,31.371651182397663,213.6422320700136,28.05821210195141,132.6208441085526,2025.0,BAL,canonical_source_team_frame,0.0,0.0,0.0,0.0,0.0,578.9531171509466,55.41434962128113,4.989568733629504,5.684341886080803e-14,4.547473508864641e-13,projected_games,1.3167229125430109,0.0,3.4861531649447492
00-0039792,WR,2026,1.8790137819625838,0.0,0.0,5.796859917013492,False,,,,,,,0.0688276372311344,10.612925096028183,0.8095108979459182,,,1.3117316453679122,False,False,,,1.0,,,1.0,1.0,False,False,Devontez Walker,BAL,veteran_model,True,,False,ACT,2.0,starter,curated,11.557082357559189,11.557082357559189,0.97,True,3.0,11.557082357559189,18.421690320520103,downward,True,,False,True,,,,,,,,0.8405930073619484,False,1.0,False,31.371651182397663,213.6422320700136,28.05821210195141,132.6208441085526,2025.0,BAL,canonical_source_team_frame,0.0,0.0,0.0,0.0,0.0,578.9531171509466,55.41434962128113,4.989568733629504,5.684341886080803e-14,4.547473508864641e-13,projected_games,21.715917029130345,0.0,66.99478747615865
00-0036842,RB,2026,1.8728243762382066,0.0,0.0,6.8630409054396715,False,,2.706474600800134,,,,,0.0159341273090365,3.618888384641285,0.4021465393307005,0.0405629222760256,9.708799705983552,0.6878669353157422,False,False,,,0.925532119166682,1.241698405308803,1.2136330676426232,0.945230425597829,0.924926104234489,False,False,Kene Nwangwu,NYJ,veteran_model,True,,False,ACT,,deep_bench,deep_bench_discounted,1.6917292669504918,1.6917292669504918,0.7,True,4.0,1.6917292669504918,22.00089020868356,downward,True,,False,True,,,,,,,,1.0804595316479846,False,1.0,False,32.407872629000565,201.1291021889327,27.45450069012769,119.16603389972052,2025.0,NYJ,canonical_source_team_frame,0.0,0.0,0.0,0.0,0.0,0.0,0.0,0.0,0.0,2.273736754432321e-13,projected_games,3.1683118091404734,0.0,11.610407160010695
00-0041100,WR,2026,1.870086825111899,0.0,0.0,4.978456119127864,False,,,,,,,0.0652974134814682,10.335049357675675,0.8895948169110445,,,1.5045997134162603,False,False,,,1.0,,,1.0,1.0,False,False,Josh Cameron,JAX,rookie_rule,True,drafted,False,,,,rookie_path,8.830769230769231,8.830769230769231,1.0,False,5.0,8.830769230769231,20.206407261437764,downward,True,,False,True,no_data,3.0,rank_3_plus,0.8060778281117293,False,65.0,False,0.8618509111010552,False,1.0000000000000002,False,34.28151954965283,230.8790754929431,27.42470108063263,117.85711799660008,2025.0,JAX,canonical_source_team_frame,0.0,0.0,0.0,0.0,0.0,542.2274767280733,103.90199907631133,11.6552462028087,0.0,2.273736754432321e-13,projected_games,16.514305194065077,0.0,43.96359711352914
00-0041106,WR,2026,1.870086825111899,0.0,0.0,4.978456119127864,False,,,,,,,0.0652974134814682,10.335049357675675,0.8895948169110445,,,1.5045997134162603,False,False,,,1.0,,,1.0,1.0,False,False,C.J. Williams,JAX,rookie_rule,True,drafted,False,,,,rookie_path,8.830769230769231,8.830769230769231,1.0,False,6.0,8.830769230769231,20.206407261437764,downward,True,,False,True,no_data,3.0,rank_3_plus,0.8060778281117293,False,65.0,False,0.8618509111010552,False,1.0000000000000002,False,34.28151954965283,230.8790754929431,27.42470108063263,117.85711799660008,2025.0,JAX,canonical_source_team_frame,0.0,0.0,0.0,0.0,0.0,542.2274767280733,103.90199907631133,11.6552462028087,0.0,2.273736754432321e-13,projected_games,16.514305194065077,0.0,43.96359711352914
00-0036637,TE,2026,1.868682929964979,0.0,0.0,4.380767659870115,False,,,,,,,0.0744201517091256,9.51874768467102,0.9405745024862464,,,1.2557680149485828,False,False,,,1.0,,,1.0,1.0,False,False,Noah Gray,KC,veteran_model,True,,False,ACT,2.0,backup,curated,13.993418379237584,13.993418379237584,0.9,True,2.0,13.993418379237584,26.280421420954912,downward,True,,False,True,,,,,,,,0.7601284095142968,True,1.0,False,35.16444525693558,230.5791949901617,25.92765596122493,113.12700304519306,2025.0,KC,canonical_source_team_frame,0.0,0.0,0.0,0.0,0.0,940.259769998454,130.5185425896733,7.9994206468329025,1.1368683772161605e-13,0.0,projected_games,26.149262057139474,0.0,61.30191468679608
00-0040218,WR,2026,1.8532106517933604,0.0,0.0,5.8351291393894655,False,,,,,,,0.0803937453977686,8.605124257698627,1.020671507273772,,,1.6984974612435917,False,False,,,1.0,,,1.0,1.0,False,False,Jimmy Horn Jr.,CAR,veteran_model,True,,False,ACT,,deep_bench,deep_bench_discounted,12.03219311714179,12.03219311714179,1.0,False,4.0,12.03219311714179,19.92286534491023,downward,True,,False,True,,,,,,,,0.762642225796171,True,1.0000000000000002,False,33.081719189069275,214.5393770638172,26.97993809377384,116.45261469433012,2025.0,CAR,canonical_source_team_frame,0.0,0.0,0.0,0.0,0.0,865.6840133220421,82.42672504867357,7.690814341352549,0.0,2.273736754432321e-13,projected_games,22.298188449121923,0.0,70.20940066859544
00-0035406,WR,2026,1.8389200193483994,0.0,0.0,5.69269380185411,False,,,,,,,0.0739609245870555,9.803953992214533,0.8295181452092261,,,1.528730700781333,False,False,,,1.0,,,1.0,1.0,False,False,Lil'Jordan Humphrey,DEN,veteran_model,True,,False,ACT,,deep_bench,deep_bench_discounted,8.847658597516176,8.847658597516176,0.94,True,6.0,8.847658597516176,18.024518158614,downward,True,,False,True,,,,,,,,0.9854034591801514,False,1.0,False,34.865759372852125,230.0782856671356,26.41359970598278,116.8514641863358,2025.0,DEN,canonical_source_team_frame,0.0,0.0,0.0,0.0,0.0,57.091900504519344,48.03783450360993,4.639782232459449,0.0,0.0,projected_games,16.27013651933248,0.0,50.36701125900156
00-0040582,WR,2026,1.824268844830781,0.0,0.0,5.403943063881156,False,,,,,,,0.0929662626995809,9.389260849393269,0.6550903673879371,,,1.3665080787689226,False,False,,,0.925532119166682,,,0.945230425597829,0.924926104234489,False,False,Arian Smith,NYJ,veteran_model,True,,False,ACT,,deep_bench,deep_bench_discounted,9.66685796151022,9.66685796151022,0.94,True,6.0,9.66685796151022,22.00089020868356,downward,True,,False,True,,,,,,,,1.0804595316479846,False,1.0,False,32.407872629000565,201.1291021889327,27.45450069012769,119.16603389972052,2025.0,NYJ,canonical_source_team_frame,0.0,0.0,0.0,0.0,0.0,0.0,0.0,0.0,0.0,2.273736754432321e-13,projected_games,17.634947806587483,0.0,52.239150030627485
00-0038488,RB,2026,1.7975643144662188,0.0,0.0,7.640540433804887,False,,2.2518145198862176,,,,,0.0234164872831228,2.708236058250206,0.5014366302737846,0.0544738196713037,8.086805517777469,0.6140269802938139,False,False,,,1.0,1.1591876850506788,1.1642434898897351,1.0,1.0,False,False,Brady Russell,SEA,veteran_model,True,,False,ACT,,deep_bench,deep_bench_discounted,2.655453861717538,2.655453861717538,0.86,True,,2.655453861717538,19.49564219328384,downward,True,,False,True,,,,,,,,0.8711510504345189,False,0.9999999999999998,False,32.225819234062534,233.14110074227904,27.938112728980386,119.71891792298418,2025.0,SEA,canonical_source_team_frame,0.0,0.0,0.0,0.0,0.0,510.67976083010535,11.991597195078668,6.6499636008200405,0.0,0.0,projected_games,4.7733491005349595,0.0,20.289102600556177
00-0041104,RB,2026,1.7953435660939394,0.06220619727599344,0.06220619727599344,4.275608788764814,False,,2.335971649171909,,,,,0.0135670512035363,2.362369583819195,0.3140936284911005,0.0559082639619578,9.85207902473505,0.4121664629245329,False,False,,,1.0,1.4366355718674124,1.5359554882961342,1.0,1.0,False,False,Demond Claiborne,MIN,rookie_rule,True,drafted,False,,,,rookie_path,8.906976744186046,8.906976744186046,1.0,False,3.0,8.906976744186046,23.81008358971931,downward,True,,False,True,above_median,3.0,rank_3_plus,0.3,False,86.0,False,0.8282117242306364,False,1.0,False,33.3178469069799,212.14951525474893,25.942735935008912,113.22736292046942,2025.0,MIN,canonical_source_team_frame,0.0,0.0,0.0,0.0,0.0,619.5615903256335,79.08820679380477,5.267654923665397,5.684341886080803e-14,4.547473508864641e-13,projected_games,15.991083391022762,0.554069152481523,38.08274804876567
00-0039521,WR,2026,1.787377732365975,0.0,0.0,5.769296219962079,False,,,,,,,0.1230462811284892,7.556007148279315,0.5869986615342164,,,1.217357879090772,False,False,,,1.0,,,1.0,1.0,False,False,Xavier Weaver,ARI,veteran_model,True,,False,ACT,,deep_bench,deep_bench_discounted,12.103247937439658,12.103247937439658,1.0,False,4.0,12.103247937439658,24.338087108826755,downward,True,,False,True,,,,,,,,0.943688680030244,False,0.9999999999999998,False,36.21418096404104,240.76817941837584,24.988650455385,107.79252270381906,2025.0,ARI,canonical_source_team_frame,0.0,0.0,0.0,0.0,0.0,230.485557825984,61.09721757041359,2.4522766638891937,0.0,0.0,projected_games,21.63307585268406,0.0,69.82722257473445
00-0041125,RB,2026,1.7816468637181329,0.060922417962506026,0.060922417962506026,4.245303635321088,False,,2.382179367498293,,,,,0.0135670512035363,2.362369583819195,0.3140936284911005,0.0570141820556928,9.648756915352886,0.4121664629245329,False,False,,,1.0,1.46505357594124,1.504257233642124,1.0,1.0,False,False,Seth McGowan,IND,rookie_rule,True,drafted,False,,,,rookie_path,8.906976744186046,8.906976744186046,1.0,False,3.0,8.906976744186046,22.377203022332637,downward,True,,False,True,above_median,3.0,rank_3_plus,0.3,False,86.0,False,0.7292128354928176,True,0.9999999999999998,False,33.81962358341313,234.02719158280576,26.501089706236453,117.38641446396322,2025.0,IND,canonical_source_team_frame,0.0,0.0,0.0,0.0,0.0,1077.316513646881,80.42225690596678,8.539487741748761,1.1368683772161605e-13,2.273736754432321e-13,projected_games,15.869087181489416,0.5426345599916235,37.81282075181341
00-0034386,WR,2026,1.7685067214653831,0.0,0.0,5.622280503971093,False,,,,,,,0.0794155063968435,9.92381574786726,0.5992642165951919,,,1.2402497483298836,False,False,,,1.0,,,1.0,1.0,False,False,Justin Watson,HOU,veteran_model,True,,False,ACT,,deep_bench,deep_bench_discounted,0.855522665074686,0.855522665074686,0.94,True,7.0,0.855522665074686,18.04941432689289,downward,True,,False,True,,,,,,,,0.8352594114599872,False,1.0,False,34.32116198114704,230.71951669895023,27.0159725075953,113.89622067613276,2025.0,HOU,canonical_source_team_frame,0.0,0.0,0.0,0.0,0.0,646.1507724670905,60.24697481013885,7.455446411296052,0.0,0.0,projected_games,1.51299758355056,0.0,4.809988400554799
00-0033375,WR,2026,1.7419748586115602,0.0,0.0,5.4410734247203365,False,,,,,,,0.0625963607155128,9.46266491676974,0.8402604052830188,,,1.5719101449403492,False,False,,,0.925532119166682,,,0.945230425597829,0.924926104234489,False,False,Tim Patrick,NYJ,veteran_model,True,,True,ACT,,deep_bench,deep_bench_discounted,13.8329987862657,13.8329987862657,1.0,False,4.0,13.8329987862657,22.00089020868356,downward,True,,False,True,,,,,,,,1.0804595316479846,False,1.0,False,32.407872629000565,201.1291021889327,27.45450069012769,119.16603389972052,2025.0,NYJ,canonical_source_team_frame,0.0,0.0,0.0,0.0,0.0,0.0,0.0,0.0,0.0,2.273736754432321e-13,projected_games,24.096736104879074,0.0,75.26636208013896
00-0035639,WR,2026,1.7339343754766743,0.0712623401233518,0.0712623401233518,5.2673463952564,False,,,,,,,0.1419425025463549,6.310955519347923,0.5023676165275052,,,0.8961162088596762,False,False,,,1.0,,,1.0,1.0,False,False,Parris Campbell,DAL,veteran_model,True,,False,RET,,deep_bench,deep_bench_discounted,1.4054917122995207,1.4054917122995207,0.79,True,,1.4054917122995207,16.468086823371205,upward,True,,False,True,,,,,,,,0.93527049390564,False,1.0,False,34.84872978596818,250.0568833557896,26.917412919796803,120.7151518201046,2025.0,DAL,canonical_source_team_frame,0.0,0.0,0.0,0.0,0.0,275.16299543695914,57.23726737025993,5.15908901380503,0.0,0.0,projected_games,2.437030394403711,0.10015862844244056,7.403211704343626
00-0030035,WR,2026,1.7317249988979269,0.0,0.0,5.2651370186776525,False,,,,,,,0.0846309916306156,8.440314991427066,0.759815099943053,,,1.2240585937210045,False,False,,,1.0,,,1.0,1.0,False,False,Adam Thielen,MIN,veteran_model,True,,False,RET,,deep_bench,deep_bench_discounted,1.622133629295213,1.622133629295213,0.79,True,,1.622133629295213,23.81008358971931,downward,True,,False,True,,,,,,,,0.8282117242306364,False,1.0,False,33.3178469069799,212.14951525474893,25.942735935008912,113.22736292046942,2025.0,MIN,canonical_source_team_frame,0.0,0.0,0.0,0.0,0.0,619.5615903256335,79.08820679380477,5.267654923665397,5.684341886080803e-14,4.547473508864641e-13,projected_games,2.809089357403543,0.0,8.540755820844158
00-0041172,QB,2026,1.7160294182520668,-0.8969421973227159,0.0,5.143596315690612,True,5.057678295026785,0.8533736967716324,2.898808030051047,0.1838968790807155,0.1207688375253193,28.39518320466555,,,,0.0289676162606626,2.911348005616228,,True,False,1.2457530518371056,1.2083411717223231,,1.432464540362438,1.447060547170196,,,False,False,Miller Moss,CHI,rookie_rule,True,udfa,False,,,,rookie_path,0.5882352941176471,0.5882352941176471,1.0,False,4.0,0.1857408406434572,18.449464280783285,downward,True,0.3157594290938774,True,True,no_data,,off_chart,0.3,False,102.0,False,0.9135686161925484,False,1.0000000000000002,False,33.737891607375786,231.6083524098304,27.69702416995268,127.85615277062598,2025.0,CHI,canonical_source_team_frame,0.0,0.0,0.0,0.0,0.0,340.3099168024751,65.69620810933344,6.574845673487438,0.0,0.0,projected_games,0.3187367467150417,0.0,0.9553759036069635
00-0041041,TE,2026,1.7110109886730802,0.21015799422357417,0.21015799422357417,3.5868051776555,False,,,,,,,0.0661537668767441,8.95973952991184,0.8362288688428635,,,1.260223692531191,False,False,,,1.0,,,1.0,0.9163349578264096,False,False,Oscar Delp,NO,rookie_rule,True,drafted,False,,,,rookie_path,12.764705882352942,12.764705882352942,1.0,False,3.0,12.764705882352942,21.59325303282543,downward,True,,False,True,no_data,3.0,rank_3_plus,0.5762396615807679,False,17.0,False,0.8801009681156396,False,1.0,False,34.116960253547056,231.15975941032937,26.95323708907626,109.1195451687137,2025.0,NO,canonical_source_team_frame,0.0,0.0,0.0,0.0,0.0,471.16913318664274,47.16906708270608,0.0,5.684341886080803e-14,0.0,projected_games,21.84055203188579,2.682604985089153,45.78451315007315
00-0038720,TE,2026,1.7064336392945954,0.0,0.0,4.337372417017656,False,,,,,,,0.0616839216865248,8.546765136056644,0.9633071911395642,,,1.2766121046595138,False,False,,,0.9802549627291288,,,1.0,1.0,False,False,Julian Hill,NE,veteran_model,True,,True,RES,,deep_bench,deep_bench_discounted,5.923650942324612,5.923650942324612,1.0,False,7.0,5.923650942324612,14.772857648172948,upward,True,,False,True,,,,,,,,1.0201427567537114,False,1.0,False,33.74673756144342,243.75690325453,26.991281582048,121.68752580253285,2025.0,NE,canonical_source_team_frame,0.0,0.0,0.0,0.0,0.0,0.0,25.51114389997366,2.053035900254038,1.1368683772161605e-13,0.0,projected_games,10.108317235421847,0.0,25.693080205279422
00-0041129,RB,2026,1.698748315781932,0.05617990907760595,0.05617990907760595,4.051183603371945,False,,2.3208649378573143,,,,,0.0137310496374626,2.3437169723664693,0.3178903903965419,0.0555467056339392,8.897648917186034,0.4171487286669172,False,False,,,0.9802549627291288,1.4102971962032649,1.370590558345626,1.0,1.0,False,False,Jam Miller,NE,rookie_rule,True,drafted,False,,,,rookie_path,3.8333333333333335,3.8333333333333335,1.0,False,5.0,3.8333333333333335,14.772857648172948,upward,True,,False,True,no_data,,off_chart,0.3279165100650804,False,42.0,False,1.0201427567537114,False,1.0,False,33.74673756144342,243.75690325453,26.991281582048,121.68752580253285,2025.0,NE,canonical_source_team_frame,0.0,0.0,0.0,0.0,0.0,0.0,25.51114389997366,2.053035900254038,1.1368683772161605e-13,0.0,projected_games,6.51186854383074,0.21535631813082282,15.529537146259123
00-0040205,RB,2026,1.6983683988274572,0.0,0.0,6.938737478349182,False,,2.4701179847497925,,,,,0.0130368390871067,2.863044098085226,0.299050114466043,0.0471228489351157,9.015808036525785,0.312542137701953,False,False,,,1.0,1.2919594235431853,1.256681329702728,1.0,1.0,False,False,Kalel Mullings,TEN,veteran_model,True,,False,ACT,,deep_bench,deep_bench_discounted,1.921676704768044,1.921676704768044,0.7,True,5.0,1.921676704768044,19.399084873783885,downward,True,,False,True,,,,,,,,0.9452763183553666,False,1.0000000000000002,False,33.99018463096149,212.0175347434573,25.99059410477733,108.16497255264404,2025.0,TEN,canonical_source_team_frame,0.0,0.0,0.0,0.0,0.0,197.2404612644764,53.34315299665252,3.6287139661061296,0.0,0.0,projected_games,3.263714988140927,0.0,13.334010172644584
00-0037085,RB,2026,1.6890120294072324,0.0116688320287491,0.0116688320287491,7.202067249312522,False,,1.9907675035403871,,,,,0.0168409893261922,3.795271064204029,0.6489196860178473,0.0271933005867844,7.208193405000462,1.0339480980859848,False,False,,,1.0,1.359908976610727,1.3801883949674771,1.0,1.0,False,False,Tyler Badie,DEN,veteran_model,True,,False,ACT,,deep_bench,deep_bench_discounted,2.5257704308010447,2.5257704308010447,0.7,True,5.0,2.5257704308010447,18.024518158614,downward,True,,False,True,,,,,,,,0.9854034591801514,False,1.0,False,34.865759372852125,230.0782856671356,26.41359970598278,116.8514641863358,2025.0,DEN,canonical_source_team_frame,0.0,0.0,0.0,0.0,0.0,57.091900504519344,48.03783450360993,4.639782232459449,0.0,0.0,projected_games,4.266056641144052,0.029472790900198644,18.190768498954185
00-0036182,WR,2026,1.683235186691149,0.0,0.0,5.665153674287255,False,,,,,,,0.08029538166009,8.433668434484662,0.7161921065642854,,,1.237300568661586,False,False,,,1.0,,,1.0,1.0,False,False,Nick Westbrook-Ikhine,IND,veteran_model,True,,True,ACT,,deep_bench,deep_bench_discounted,12.437004795798156,12.437004795798156,1.0,False,4.0,12.437004795798156,22.377203022332637,downward,True,,False,True,,,,,,,,0.7292128354928176,True,0.9999999999999998,False,33.81962358341313,234.02719158280576,26.501089706236453,117.38641446396322,2025.0,IND,canonical_source_team_frame,0.0,0.0,0.0,0.0,0.0,1077.316513646881,80.42225690596678,8.539487741748761,1.1368683772161605e-13,2.273736754432321e-13,projected_games,20.934404089334024,0.0,70.45754341604413
00-0038416,QB,2026,1.6777398796308298,-1.9757981167885037,0.0,11.042411796921074,True,8.637852750857753,1.770293984396519,4.914024847328971,0.5960478848044776,0.1717114928425308,43.69486250387479,,,,0.0252248992119019,2.8384578244325875,,False,False,1.2457530518371056,1.2083411717223231,,1.4324645403624383,1.4470605471701958,,,False,False,Tyson Bagent,CHI,veteran_model,True,,False,ACT,2.0,backup,curated,3.618741894520132,3.618741894520132,0.77,True,2.0,2.571772067211037,18.449464280783285,downward,True,0.7106812649737403,True,True,,,,,,,,0.9135686161925484,False,1.0000000000000002,False,33.737891607375786,231.6083524098304,27.69702416995268,127.85615277062598,2025.0,CHI,canonical_source_team_frame,0.0,0.0,0.0,0.0,0.0,340.3099168024751,65.69620810933344,6.574845673487438,0.0,0.0,projected_games,4.314764558480576,0.0,28.398566213963253
00-0036849,WR,2026,1.671463508240242,0.0,0.0,5.4683004895402245,False,,,,,,,0.0371320128899018,10.2318619433634,0.8509704731289822,,,1.6230440836894475,False,False,,,1.0,,,1.0,0.9107012721721982,False,False,Tutu Atwell,MIA,veteran_model,True,,True,ACT,,deep_bench,deep_bench_discounted,11.342966024249044,11.342966024249044,0.97,True,3.0,11.342966024249044,15.820591246614065,upward,True,,False,True,,,,,,,,0.8973004686307117,False,1.0,False,32.35673046917577,214.6124638790677,26.70994351578604,118.05744126358432,2025.0,MIA,canonical_source_team_frame,0.0,0.0,0.0,0.0,0.0,374.6901909286057,43.11113101787174,0.0,5.684341886080803e-14,2.273736754432321e-13,projected_games,18.95935378474118,0.0,62.02674666323918
00-0032464,WR,2026,1.6618890838618494,0.0,0.0,5.5797352189127585,False,,,,,,,0.0657968984491763,7.970790094578444,0.9400573674178944,,,1.4463392964251731,False,False,,,1.0,,,1.0,1.0,False,False,Kalif Raymond,CHI,veteran_model,True,,True,ACT,3.0,starter,curated,13.302598187707092,13.302598187707092,0.97,True,3.0,13.302598187707092,18.449464280783285,downward,True,,False,True,,,,,,,,0.9135686161925484,False,1.0000000000000002,False,33.737891607375786,231.6083524098304,27.69702416995268,127.85615277062598,2025.0,CHI,canonical_source_team_frame,0.0,0.0,0.0,0.0,0.0,340.3099168024751,65.69620810933344,6.574845673487438,0.0,0.0,projected_games,22.10744271515084,0.0,74.22497561099429
00-0039603,RB,2026,1.6586915115770293,0.0,0.0,6.7251778792033186,False,,2.417152831736378,,,,,0.0030871726407728,2.053697336296461,0.4113140993316967,0.0566432815375598,8.892820032115392,0.485023991437162,False,False,,,1.0,1.182294644853782,1.2276655199998978,1.0,1.0,False,False,British Brooks,HOU,veteran_model,True,,False,ACT,,deep_bench,deep_bench_discounted,2.4940670109057868,2.4940670109057868,0.7,True,4.0,2.4940670109057868,18.04941432689289,downward,True,,False,True,,,,,,,,0.8352594114599872,False,1.0,False,34.32116198114704,230.71951669895023,27.0159725075953,113.89622067613276,2025.0,HOU,canonical_source_team_frame,0.0,0.0,0.0,0.0,0.0,646.1507724670905,60.24697481013885,7.455446411296052,0.0,0.0,projected_games,4.136887780293723,0.0,16.77304429099434
00-0035891,WR,2026,1.6573786640482693,0.0,0.0,5.5111524465539805,False,,,,,,,0.0486392053783209,10.320927207253794,0.6669014221059288,,,1.162037662504274,False,False,,,1.0,,,1.0,1.0,False,False,Cody White,SEA,veteran_model,True,,False,ACT,,deep_bench,deep_bench_discounted,1.5321744610605756,1.5321744610605756,0.94,True,7.0,1.5321744610605756,19.49564219328384,downward,True,,False,True,,,,,,,,0.8711510504345189,False,0.9999999999999998,False,32.225819234062534,233.14110074227904,27.938112728980386,119.71891792298418,2025.0,SEA,canonical_source_team_frame,0.0,0.0,0.0,0.0,0.0,510.67976083010535,11.991597195078668,6.6499636008200405,0.0,0.0,projected_games,2.539393261361454,0.0,8.444047029621519
00-0040184,WR,2026,1.6536609697927251,0.0,0.0,5.336575145511244,False,,,,,,,0.0749886321705222,8.445666417156058,0.7183250701079724,,,1.3850878307923091,False,False,,,1.0,,,1.0,1.0,False,False,KeAndre Lambert-Smith,LAC,veteran_model,True,,False,ACT,,deep_bench,deep_bench_discounted,8.24069036038864,8.24069036038864,0.86,True,5.0,8.24069036038864,18.14132108931228,downward,True,,False,True,,,,,,,,0.896434828715537,False,1.0,False,34.810666017945884,231.0080210563423,26.605299733204117,118.73885720842677,2025.0,LAC,canonical_source_team_frame,0.0,0.0,0.0,0.0,0.0,406.7145495693435,95.61154335628294,8.79102244326705,0.0,0.0,projected_games,13.62730801312184,0.0,43.977063359104115
00-0041251,QB,2026,1.6474620555059905,-0.8681803446549454,0.0,4.888370818743053,True,4.8954959399132125,0.733836739772402,2.80585322234845,0.1779999383882493,0.1168961960974444,28.63864877189909,,,,0.0249099558096542,2.408714621588228,,True,False,1.1164870687434998,1.1284275120730982,,1.1405657422002882,1.1085471631241024,,,False,False,Jalon Daniels,TB,rookie_rule,True,udfa,False,,,,rookie_path,0.5882352941176471,0.5882352941176471,1.0,False,4.0,0.1133004179588453,21.316686768416005,downward,True,0.1926107105300371,True,True,above_median,,off_chart,0.3,False,102.0,False,0.9038657520217732,False,1.0000000000000002,False,33.545248910042254,223.71352331356564,27.714378326754787,117.7145365367365,2025.0,TB,canonical_source_team_frame,0.0,0.0,0.0,0.0,0.0,365.61103254725504,31.463300491173584,2.398950037365104,0.0,0.0,projected_games,0.1866581394601671,0.0,0.5538544569014107
00-0033376,RB,2026,1.6464981521341102,0.0,0.0,6.818478680101956,False,,1.0827395724675988,,,,,0.0207863001877123,2.5028991588838307,0.3665947681674772,0.0624591671321321,7.13438048242922,0.4622244447436798,False,False,,,1.0,0.9593348469940938,0.984549981444398,0.9182512412543492,1.0,False,False,Patrick Ricard,NYG,veteran_model,True,,True,ACT,,deep_bench,deep_bench_discounted,2.1528755867235554,2.1528755867235554,0.86,True,,2.1528755867235554,23.01824991096567,downward,True,,False,True,,,,,,,,0.969501997801332,False,1.0,False,33.2431579562698,223.72213877664484,27.96941585077396,122.67702612627788,2025.0,NYG,canonical_source_team_frame,0.0,0.0,0.0,0.0,0.0,115.99233076511427,0.0,0.95835366558714,5.684341886080803e-14,0.0,projected_games,3.5447056753149724,0.0,14.679336288986551
00-0040277,WR,2026,1.6452973548955683,0.0,0.0,5.328211530614087,False,,,,,,,0.0534804721076734,9.6303751987128,0.7227540047564956,,,1.1646206414311504,False,False,,,1.0,,,1.0,1.0,False,False,Jahdae Walker,CHI,veteran_model,True,,False,ACT,,deep_bench,deep_bench_discounted,7.843953774830835,7.843953774830835,0.86,True,5.0,7.843953774830835,18.449464280783285,downward,True,,False,True,,,,,,,,0.9135686161925484,False,1.0000000000000002,False,33.737891607375786,231.6083524098304,27.69702416995268,127.85615277062598,2025.0,CHI,canonical_source_team_frame,0.0,0.0,0.0,0.0,0.0,340.3099168024751,65.69620810933344,6.574845673487438,0.0,0.0,projected_games,12.90563639765228,0.0,41.79424494865755
00-0040429,RB,2026,1.644519102329195,0.0,0.0,6.475910282521392,False,,1.9899066337562503,,,,,0.0183031885798393,2.746277462738655,0.4026910807646395,0.0574794076118296,7.138502385229963,0.4770486067352182,False,False,,,1.0,1.1405657422002882,1.1085471631241022,1.0,1.0,False,False,Josh Williams,TB,veteran_model,True,,False,ACT,,deep_bench,deep_bench_discounted,1.6620316747667272,1.6620316747667272,0.7,True,4.0,1.6620316747667272,21.316686768416005,downward,True,,False,True,,,,,,,,0.9038657520217732,False,1.0000000000000002,False,33.545248910042254,223.71352331356564,27.714378326754787,117.7145365367365,2025.0,TB,canonical_source_team_frame,0.0,0.0,0.0,0.0,0.0,365.61103254725504,31.463300491173584,2.398950037365104,0.0,0.0,projected_games,2.733242837830067,0.0,10.763168012498099
00-0040476,RB,2026,1.6347728830069332,0.0,0.0,7.464985738062756,False,,2.2203474044943867,,,,,0.0087882152298229,2.2378864892480554,0.2869264695456308,0.0482732621374427,9.251521351057187,0.4659387603576024,False,False,,,1.0,1.4650535759412395,1.5042572336421245,1.0,1.0,False,False,Ulysses Bentley IV,IND,veteran_model,True,,False,ACT,,deep_bench,deep_bench_discounted,1.999890072653165,1.999890072653165,0.7,True,4.0,1.999890072653165,22.377203022332637,downward,True,,False,True,,,,,,,,0.7292128354928176,True,0.9999999999999998,False,33.81962358341313,234.02719158280576,26.501089706236453,117.38641446396322,2025.0,IND,canonical_source_team_frame,0.0,0.0,0.0,0.0,0.0,1077.316513646881,80.42225690596678,8.539487741748761,1.1368683772161605e-13,2.273736754432321e-13,projected_games,3.2693660597681595,0.0,14.929150870049167
00-0039021,RB,2026,1.6332564976248773,0.0,0.0,7.537801755443393,False,,2.3577919632259903,,,,,0.0103023347393299,3.721440456463869,0.3971565768514991,0.0199438153866714,8.81057262796733,0.4868412570563528,False,False,,,1.0,1.4324645403624383,1.4470605471701958,1.0,1.0,False,False,Roschon Johnson,CHI,veteran_model,True,,False,ACT,,deep_bench,deep_bench_discounted,8.271690361136919,8.271690361136919,0.73,True,3.0,8.271690361136919,18.449464280783285,downward,True,,False,True,,,,,,,,0.9135686161925484,False,1.0000000000000002,False,33.737891607375786,231.6083524098304,27.69702416995268,127.85615277062598,2025.0,CHI,canonical_source_team_frame,0.0,0.0,0.0,0.0,0.0,340.3099168024751,65.69620810933344,6.574845673487438,0.0,0.0,projected_games,13.509792028667942,0.0,62.35036212466206
00-0041203,QB,2026,1.6332160847911772,-0.828387198316872,0.0,5.036061482998111,True,4.671110318269317,1.095987694838091,2.677246615935996,0.1698412906602052,0.1115382454523874,23.494093814437257,,,,0.0372031046780365,3.637633036563287,,True,False,1.1505377754401,0.9997780483989548,,1.8397139675952128,1.8080542903628172,,,False,False,Joey Aguilar,JAX,rookie_rule,True,udfa,False,,,,rookie_path,0.5882352941176471,0.5882352941176471,1.0,False,4.0,0.0957335145913358,20.206407261437764,downward,True,0.1627469748052709,True,True,no_data,,off_chart,0.3,False,102.0,False,0.8618509111010552,False,1.0000000000000002,False,34.28151954965283,230.8790754929431,27.42470108063263,117.85711799660008,2025.0,JAX,canonical_source_team_frame,0.0,0.0,0.0,0.0,0.0,542.2274767280733,103.90199907631133,11.6552462028087,0.0,2.273736754432321e-13,projected_games,0.1563535158841605,0.0,0.48211986546546387
00-0040317,WR,2026,1.6326993039352615,0.0,0.0,5.486473086440972,False,,,,,,,0.0618938749750865,9.061214470775411,0.7104292140144025,,,0.9647957000853944,False,False,,,1.0,,,1.0,1.0,False,False,Jacoby Jones,WAS,veteran_model,True,,False,ACT,,deep_bench,deep_bench_discounted,2.1482933885138515,2.1482933885138515,0.94,True,9.0,2.1482933885138515,17.0832969419234,downward,True,,False,True,,,,,,,,0.7734083043982058,True,1.0000000000000002,False,32.6701069973832,214.93987374561607,27.270251462105467,124.11887818477246,2025.0,WAS,canonical_source_team_frame,0.0,0.0,0.0,0.0,0.0,827.96103755573,70.84056173480843,1.8215509938874952,0.0,0.0,projected_games,3.5075171200752897,0.0,11.786553857860325
00-0041453,QB,2026,1.6325939099598727,-0.8324397600449,0.0,4.852618871016886,True,4.693961906200271,0.7967479086552538,2.690344002272095,0.1706721730250786,0.1120839028764159,27.633633841545823,,,,0.0270454640935425,2.579845062812784,,True,False,1.070524382773791,1.0888276515319248,,1.2383454255285062,1.187305420097928,,,False,False,Luke Altmyer,DET,rookie_rule,True,udfa,False,,,,rookie_path,0.5882352941176471,0.5882352941176471,1.0,False,3.0,0.1411899671732076,22.61533745621171,downward,True,0.2400229441944529,True,True,above_median,,off_chart,0.3,False,102.0,False,0.9785289193999536,False,0.9999999999999998,False,33.929940625091575,246.18800924276172,26.78972180276002,118.19003241053174,2025.0,DET,canonical_source_team_frame,0.0,0.0,0.0,0.0,0.0,89.86068401667671,8.57475959461226,2.843661959408699,0.0,4.547473508864641e-13,projected_games,0.23050588055441307,0.0,0.6851410991029617
00-0038728,WR,2026,1.629812939637117,0.0,0.0,5.483586722142828,False,,,,,,,0.0422197167422492,9.697042086941918,0.8135808609788601,,,1.239002981288555,False,False,,,1.0,,,1.0,1.0,False,False,Jared Wayne,HOU,veteran_model,True,,False,ACT,,deep_bench,deep_bench_discounted,2.4485906407140123,2.4485906407140123,0.94,True,9.0,2.4485906407140123,18.04941432689289,downward,True,,False,True,,,,,,,,0.8352594114599872,False,1.0,False,34.32116198114704,230.71951669895023,27.0159725075953,113.89622067613276,2025.0,HOU,canonical_source_team_frame,0.0,0.0,0.0,0.0,0.0,646.1507724670905,60.24697481013885,7.455446411296052,0.0,0.0,projected_games,3.9907447101100364,0.0,13.427059125382558
00-0039394,WR,2026,1.6292702625811968,0.0,0.0,5.247879081821294,False,,,,,,,0.0599229497198011,9.164326219349997,0.7065998846547812,,,1.34353078692435,False,False,,,1.0,,,1.0,0.820921459452458,False,False,Casey Washington,ATL,veteran_model,True,,False,ACT,,deep_bench,deep_bench_discounted,2.469313111561272,2.469313111561272,0.94,True,11.0,2.469313111561272,20.515452025454977,downward,True,,False,True,,,,,,,,0.9033427562717592,False,1.0000000000000002,False,33.103575893134035,223.67610131731223,27.56553569236133,121.02128748507276,2025.0,ATL,canonical_source_team_frame,0.0,1.1368683772161605e-13,7.073038149771035e-14,9.094947017729282e-13,4.276533072858189e-15,367.538562500572,13.838496018552236,0.0,5.684341886080803e-14,0.0,projected_games,4.023178421668625,0.0,12.95865662462945
00-0036754,TE,2026,1.6237477804617209,0.0,0.0,4.135832510366857,False,,,,,,,0.0696127289821103,8.199583004749222,0.7722262121882737,,,1.1400446370651969,False,False,,,1.0,,,1.0,1.0,False,False,Brock Wright,DET,veteran_model,True,,False,ACT,2.0,backup,curated,14.481878076912151,14.481878076912151,0.9,True,2.0,14.481878076912151,22.61533745621171,downward,True,,False,True,,,,,,,,0.9785289193999536,False,0.9999999999999998,False,33.929940625091575,246.18800924276172,26.78972180276002,118.19003241053174,2025.0,DET,canonical_source_team_frame,0.0,0.0,0.0,0.0,0.0,89.86068401667671,8.57475959461226,2.843661959408699,0.0,4.547473508864641e-13,projected_games,23.51491738430336,0.0,59.89462216166233
00-0041070,WR,2026,1.6171348547890823,0.0,0.0,4.305059425675555,False,,,,,,,0.056465144746495,8.937108329856718,0.7692663066488808,,,1.301084316727117,False,False,,,1.0,,,1.0,1.0,False,False,Reggie Virgil,ARI,rookie_rule,True,drafted,False,,,,rookie_path,8.830769230769231,8.830769230769231,1.0,False,5.0,8.830769230769231,24.338087108826755,downward,True,,False,True,no_data,3.0,rank_3_plus,0.6970460055693732,False,65.0,False,0.943688680030244,False,0.9999999999999998,False,36.21418096404104,240.76817941837584,24.988650455385,107.79252270381906,2025.0,ARI,canonical_source_team_frame,0.0,0.0,0.0,0.0,0.0,230.485557825984,61.09721757041359,2.4522766638891937,0.0,0.0,projected_games,14.280544717675896,0.0,38.016986312888754
00-0041414,QB,2026,1.6143563278694901,-0.9081716893406636,0.0,4.937547580956497,True,5.120999162539628,0.8149933586802073,2.9351003817011154,0.1861992220209032,0.1222808331712544,25.553960689855085,,,,0.0276648026047076,3.094841960038296,,True,False,1.2613495685286993,1.0874345335110287,,1.3680396892437836,1.5382646428592714,,,False,False,Matthew Caldwell,LA,rookie_rule,True,udfa,False,,,,rookie_path,0.5882352941176471,0.5882352941176471,1.0,False,4.0,0.1048710840078383,23.599505879780573,downward,True,0.1782808428133252,True,True,no_data,,off_chart,0.3,False,102.0,False,0.7985958779872415,True,1.0,False,34.823713349866885,249.40469135191364,26.59281878800156,121.38612330535705,2025.0,LA,canonical_source_team_frame,0.0,0.0,0.0,0.0,0.0,853.9292590891182,65.83737867987509,0.0,0.0,0.0,projected_games,0.16929929807858665,0.0,0.5178059671551876
00-0038576,WR,2026,1.6119146496075243,0.0,0.0,5.465688432113234,False,,,,,,,0.0969363830034242,7.458116283946488,0.5689694463846601,,,0.7879434996318754,False,False,,,1.0,,,1.0,1.0,False,False,Charlie Jones,CIN,veteran_model,True,,False,ACT,,deep_bench,deep_bench_discounted,5.215450326611738,5.215450326611738,0.94,True,6.0,5.215450326611738,28.701985495349312,downward,True,,False,True,,,,,,,,0.8041969537750469,False,1.0000000000000002,False,35.7612028620279,238.64282026275723,25.12001337082607,107.36926538839045,2025.0,CIN,canonical_source_team_frame,0.0,0.0,0.0,0.0,0.0,794.3588498417512,105.60842751061163,2.3639751147743238,0.0,0.0,projected_games,8.406860785765808,0.0,28.506026518422967
00-0039379,WR,2026,1.600960531889832,0.0,0.0,5.454734314395543,False,,,,,,,0.0788012070150391,7.5300186473461395,0.7503028501299667,,,1.1721370946396514,False,False,,,1.0,,,1.0,1.0,False,False,Jamari Thrash,CLE,veteran_model,True,,False,ACT,,deep_bench,deep_bench_discounted,3.605217439218243,3.605217439218243,0.94,True,8.0,3.605217439218243,10.284063846891716,upward,True,,False,True,,,,,,,,0.8164913489925817,False,1.0,False,33.8207863840279,210.1034066660231,26.544835692755186,109.30283679541014,2025.0,CLE,canonical_source_team_frame,0.0,0.0,0.0,0.0,0.0,655.4484763988635,98.14797606559432,2.452388874511467,5.684341886080803e-14,2.273736754432321e-13,projected_games,5.771810829069335,0.0,19.665503276560976
00-0037805,TE,2026,1.585444198825366,0.02290303945859725,0.02290303945859725,3.8264551464510816,False,,,,,,,0.068666833055188,7.1174480860397695,0.923396783780522,,,1.3143663836071504,False,False,,,0.925532119166682,,,0.945230425597829,0.924926104234489,False,False,Jeremy Ruckert,NYJ,veteran_model,True,,False,ACT,,deep_bench,deep_bench_discounted,14.748441783797958,14.748441783797958,0.83,True,3.0,14.748441783797958,22.00089020868356,downward,True,,False,True,,,,,,,,1.0804595316479846,False,1.0,False,32.407872629000565,201.1291021889327,27.45450069012769,119.16603389972052,2025.0,NYJ,canonical_source_team_frame,0.0,0.0,0.0,0.0,0.0,0.0,0.0,0.0,0.0,2.273736754432321e-13,projected_games,23.382831467836105,0.337784144127149,56.434250965747864
00-0039397,WR,2026,1.5738338954740339,0.0,0.0,5.427607677979745,False,,,,,,,0.1028400606165108,6.498905544775364,0.6138059545948654,,,1.1356534062959696,False,False,,,1.0,,,1.0,1.0,False,False,Tejhaun Palmer,ARI,veteran_model,True,,False,ACT,,deep_bench,deep_bench_discounted,0.6157267291202746,0.6157267291202746,0.94,True,9.0,0.6157267291202746,24.338087108826755,downward,True,,False,True,,,,,,,,0.943688680030244,False,0.9999999999999998,False,36.21418096404104,240.76817941837584,24.988650455385,107.79252270381906,2025.0,ARI,canonical_source_team_frame,0.0,0.0,0.0,0.0,0.0,230.485557825984,61.09721757041359,2.4522766638891937,0.0,0.0,projected_games,0.969051596638847,0.0,3.3419231225105572
00-0035021,WR,2026,1.570289800173353,0.0,0.0,5.488135935224261,False,,,,,,,0.041310572536599,9.40488720543037,0.763875288821444,,,1.0917123441025165,False,False,,,1.0,,,1.0,1.0,False,False,Ashton Dulin,IND,veteran_model,True,,False,ACT,2.0,starter,curated,11.93001154059767,11.93001154059767,0.97,True,3.0,11.93001154059767,22.377203022332637,downward,True,,False,True,,,,,,,,0.7292128354928176,True,0.9999999999999998,False,33.81962358341313,234.02719158280576,26.501089706236453,117.38641446396322,2025.0,IND,canonical_source_team_frame,0.0,0.0,0.0,0.0,0.0,1077.316513646881,80.42225690596678,8.539487741748761,1.1368683772161605e-13,2.273736754432321e-13,projected_games,18.73357543815091,0.0,65.47352504359422
00-0040534,WR,2026,1.5644672979542888,0.0,0.0,5.41824108046,False,,,,,,,0.0680652035923011,8.001530370075619,0.711846078785841,,,0.7372929623799171,False,False,,,1.0,,,1.0,1.0,False,False,Ke'Shawn Williams,CIN,veteran_model,True,,True,ACT,,deep_bench,deep_bench_discounted,3.0863510973038824,3.0863510973038824,0.94,True,7.0,3.0863510973038824,28.701985495349312,downward,True,,False,True,,,,,,,,0.8041969537750469,False,1.0000000000000002,False,35.7612028620279,238.64282026275723,25.12001337082607,107.36926538839045,2025.0,CIN,canonical_source_team_frame,0.0,0.0,0.0,0.0,0.0,794.3588498417512,105.60842751061163,2.3639751147743238,0.0,0.0,projected_games,4.828495361737259,0.0,16.72259430413469
00-0037120,RB,2026,1.5602625147752143,0.0,0.0,7.158119812889933,False,,1.6764025658179365,,,,,0.0207796531301377,2.1484419300147866,0.3274649629988779,0.0354046315597893,8.445801321347345,0.4195448706826256,False,False,,,1.0,1.3394780631993604,1.3734396489025864,1.0,0.820921459452458,False,False,Tyler Goodson,ATL,veteran_model,True,,True,ACT,,deep_bench,deep_bench_discounted,7.807512303190142,7.807512303190142,0.73,True,3.0,7.807512303190142,20.515452025454977,downward,True,,False,True,,,,,,,,0.9033427562717592,False,1.0000000000000002,False,33.103575893134035,223.67610131731223,27.56553569236133,121.02128748507276,2025.0,ATL,canonical_source_team_frame,0.0,1.1368683772161605e-13,7.073038149771035e-14,9.094947017729282e-13,4.276533072858189e-15,367.538562500572,13.838496018552236,0.0,5.684341886080803e-14,0.0,projected_games,12.181768780313877,0.0,55.88710850684728
00-0041496,RB,2026,1.5532541478208368,0.051757064811280395,0.051757064811280395,3.7011688250540393,False,,2.047420451195666,,,,,0.0125620844477188,2.1873792442770323,0.290827433788056,0.0490021884756761,8.197168689587363,0.3816356138190119,False,False,,,1.0,1.3599089766107268,1.3801883949674771,1.0,1.0,False,False,Jonah Coleman,DEN,rookie_rule,True,drafted,False,,,,rookie_path,8.906976744186046,8.906976744186046,1.0,False,3.0,8.906976744186046,18.024518158614,downward,True,,False,True,no_data,3.0,rank_3_plus,0.3,False,86.0,False,0.9854034591801514,False,1.0,False,34.865759372852125,230.0782856671356,26.41359970598278,116.8514641863358,2025.0,DEN,canonical_source_team_frame,0.0,0.0,0.0,0.0,0.0,57.091900504519344,48.03783450360993,4.639782232459449,0.0,0.0,projected_games,13.834798572450708,0.46099897262140443,32.966224651062724
00-0037329,RB,2026,1.5514262375256758,0.0,0.0,7.254042721481932,False,,2.4304198953582468,,,,,0.00904133448403,2.5778874135774856,0.269206734707537,0.0163412039085207,10.067388984588543,0.4004477561523837,False,False,,,1.0,1.432464540362438,1.4470605471701958,1.0,1.0,False,False,Brittain Brown,CHI,veteran_model,True,,False,ACT,,deep_bench,deep_bench_discounted,3.4006795478009573,3.4006795478009573,0.7,True,4.0,3.4006795478009573,18.449464280783285,downward,True,,False,True,,,,,,,,0.9135686161925484,False,1.0000000000000002,False,33.737891607375786,231.6083524098304,27.69702416995268,127.85615277062598,2025.0,CHI,canonical_source_team_frame,0.0,0.0,0.0,0.0,0.0,340.3099168024751,65.69620810933344,6.574845673487438,0.0,0.0,projected_games,5.275903475875356,0.0,24.668674721818004
00-0040039,RB,2026,1.5396907538150142,0.0,0.0,6.447770265516317,False,,2.372288950657344,,,,,0.0089938046359209,2.2210911900573977,0.286195399013289,0.049002184934559,8.265079978797504,0.5234848299926126,False,False,,,1.0,1.1351867201085195,1.161643765156437,1.0,1.0,False,False,Amar Johnson,LAC,veteran_model,True,,False,ACT,,deep_bench,deep_bench_discounted,1.8280881344643023,1.8280881344643023,0.7,True,5.0,1.8280881344643023,18.14132108931228,downward,True,,False,True,,,,,,,,0.896434828715537,False,1.0,False,34.810666017945884,231.0080210563423,26.605299733204117,118.73885720842677,2025.0,LAC,canonical_source_team_frame,0.0,0.0,0.0,0.0,0.0,406.7145495693435,95.61154335628294,8.79102244326705,0.0,0.0,projected_games,2.814690397793625,0.0,11.787092316142122
00-0040628,TE,2026,1.5073945202955668,0.0,0.0,4.162516094280942,False,,,,,,,0.0570759039102894,7.843472205979551,0.7611837524717504,,,1.146199580012594,False,False,,,1.0,,,1.0,1.0,False,False,Drake Dabney,GB,veteran_model,True,,False,ACT,,deep_bench,deep_bench_discounted,4.649994741067773,4.649994741067773,1.0,False,4.0,4.649994741067773,20.08091338164539,downward,True,,False,True,,,,,,,,0.7132851478920521,True,1.0,False,32.63758427248949,227.66090813078225,27.533140288417208,118.4026551060812,2025.0,GB,canonical_source_team_frame,0.0,0.0,0.0,0.0,0.0,1109.653981293132,100.51157356910396,10.99654943968886,0.0,0.0,projected_games,7.009376592088763,0.0,19.355677948016346
00-0037091,WR,2026,1.4995000244794023,0.0,0.0,5.182414200197921,False,,,,,,,0.0426823100036941,9.236277943398148,0.6395567402348459,,,1.2461859725619857,False,False,,,1.0,,,1.0,1.0,False,False,Bo Melton,GB,veteran_model,True,,False,ACT,,deep_bench,deep_bench_discounted,6.414976712419428,6.414976712419428,0.86,True,5.0,6.414976712419428,20.08091338164539,downward,True,,False,True,,,,,,,,0.7132851478920521,True,1.0,False,32.63758427248949,227.66090813078225,27.533140288417208,118.4026551060812,2025.0,GB,canonical_source_team_frame,0.0,0.0,0.0,0.0,0.0,1109.653981293132,100.51157356910396,10.99654943968886,0.0,0.0,projected_games,9.619257737307727,0.0,33.24506640838142
00-0039623,WR,2026,1.498694808997583,0.0,0.0,5.242600114190429,False,,,,,,,0.0455419564908372,8.33795982990967,0.7832941741231854,,,1.1916688743736594,False,False,,,1.0,,,1.0,0.9163349578264096,False,False,Mason Tipton,NO,veteran_model,True,,False,ACT,,deep_bench,deep_bench_discounted,2.930119010556578,2.930119010556578,0.94,True,7.0,2.930119010556578,21.59325303282543,downward,True,,False,True,,,,,,,,0.8801009681156396,False,1.0,False,34.116960253547056,231.15975941032937,26.95323708907626,109.1195451687137,2025.0,NO,canonical_source_team_frame,0.0,0.0,0.0,0.0,0.0,471.16913318664274,47.16906708270608,0.0,5.684341886080803e-14,0.0,projected_games,4.3913541508662775,0.0,15.361442259335464
00-0040075,WR,2026,1.4939394703820688,0.0,0.0,5.34771325288778,False,,,,,,,0.076172243830127,7.297556616128642,0.6143006915768852,,,1.0903441243943763,False,False,,,1.0,,,1.0,1.0,False,False,LaJohntay Wester,BAL,veteran_model,True,,False,ACT,,deep_bench,deep_bench_discounted,1.898641830505587,1.898641830505587,0.94,True,7.0,1.898641830505587,18.421690320520103,downward,True,,False,True,,,,,,,,0.8405930073619484,False,1.0,False,31.371651182397663,213.6422320700136,28.05821210195141,132.6208441085526,2025.0,BAL,canonical_source_team_frame,0.0,0.0,0.0,0.0,0.0,578.9531171509466,55.41434962128113,4.989568733629504,5.684341886080803e-14,4.547473508864641e-13,projected_games,2.8364559707107584,0.0,10.153392079481842
00-0041323,RB,2026,1.4907564075151298,0.0,0.0,3.9497151899683836,False,,1.9353813430989293,,,,,0.00675495139111,1.861567939502776,0.2596799732076854,0.0616859514553679,7.641142098821419,0.34325605198081,False,False,,,0.9802549627291288,1.4102971962032642,1.3705905583456257,1.0,1.0,False,False,Myles Montgomery,NE,rookie_rule,True,udfa,False,,,,rookie_path,0.7,0.7,1.0,False,6.0,0.7,14.772857648172948,upward,True,,False,True,no_data,,off_chart,0.36806532599567,False,300.0,False,1.0201427567537114,False,1.0,False,33.74673756144342,243.75690325453,26.991281582048,121.68752580253285,2025.0,NE,canonical_source_team_frame,0.0,0.0,0.0,0.0,0.0,0.0,25.51114389997366,2.053035900254038,1.1368683772161605e-13,0.0,projected_games,1.0435294852605908,0.0,2.7648006329778685
00-0039884,WR,2026,1.4857565352498514,0.0,0.0,5.222263715151572,False,,,,,,,0.0667577400910859,7.713116498088745,0.6277968897889231,,,1.211129940429553,False,False,,,1.0,,,1.0,0.9107012721721982,False,False,Tahj Washington,MIA,veteran_model,True,,False,ACT,,deep_bench,deep_bench_discounted,1.9872429808570256,1.9872429808570256,0.94,True,8.0,1.9872429808570256,15.820591246614065,upward,True,,False,True,,,,,,,,0.8973004686307117,False,1.0,False,32.35673046917577,214.6124638790677,26.70994351578604,118.05744126358432,2025.0,MIA,canonical_source_team_frame,0.0,0.0,0.0,0.0,0.0,374.6901909286057,43.11113101787174,0.0,5.684341886080803e-14,2.273736754432321e-13,projected_games,2.9525592459377212,0.0,10.377906912119293
00-0037594,RB,2026,1.475403395490041,0.0,0.0,6.715772475011766,False,,2.1211791998253893,,,,,0.0022568728514365,2.099848491866515,0.2402370891825572,0.0455041621141211,8.587337919187652,0.2406680645692485,False,False,,,1.0,1.2919594235431853,1.2566813297027282,1.0,1.0,False,False,Julius Chestnut,TEN,veteran_model,True,,False,ACT,,deep_bench,deep_bench_discounted,2.345036232616488,2.345036232616488,0.7,True,6.0,2.345036232616488,19.399084873783885,downward,True,,False,True,,,,,,,,0.9452763183553666,False,1.0000000000000002,False,33.99018463096149,212.0175347434573,25.99059410477733,108.16497255264404,2025.0,TEN,canonical_source_team_frame,0.0,0.0,0.0,0.0,0.0,197.2404612644764,53.34315299665252,3.6287139661061296,0.0,0.0,projected_games,3.45987442014954,0.0,15.7487297839111
00-0040886,RB,2026,1.4652105114220342,0.047125549863852305,0.047125549863852305,3.492877522722078,False,,1.945118527322188,,,,,0.0125620844477188,2.1873792442770323,0.290827433788056,0.0465537328337757,7.463639664113359,0.3816356138190119,False,False,,,1.0,1.2919594235431853,1.2566813297027282,1.0,1.0,False,False,Nicholas Singleton,TEN,rookie_rule,True,drafted,False,,,,rookie_path,8.906976744186046,8.906976744186046,1.0,False,3.0,8.906976744186046,19.399084873783885,downward,True,,False,True,no_data,3.0,rank_3_plus,0.3,False,86.0,False,0.9452763183553666,False,1.0000000000000002,False,33.99018463096149,212.0175347434573,25.99059410477733,108.16497255264404,2025.0,TEN,canonical_source_team_frame,0.0,0.0,0.0,0.0,0.0,197.2404612644764,53.34315299665252,3.6287139661061296,0.0,0.0,projected_games,13.050595950573001,0.41974617669431236,31.110978865175717
00-0040154,WR,2026,1.4640031442184838,0.0,0.0,5.445921631814588,False,,,,,,,0.0635624946756232,7.344482960059397,0.6963597603176097,,,0.9925914942583496,False,False,,,1.0,,,1.0,1.0,False,False,Tai Felton,MIN,veteran_model,True,,False,ACT,,deep_bench,deep_bench_discounted,7.200119865909163,7.200119865909163,1.0,False,4.0,7.200119865909163,23.81008358971931,downward,True,,False,True,,,,,,,,0.8282117242306364,False,1.0,False,33.3178469069799,212.14951525474893,25.942735935008912,113.22736292046942,2025.0,MIN,canonical_source_team_frame,0.0,0.0,0.0,0.0,0.0,619.5615903256335,79.08820679380477,5.267654923665397,5.684341886080803e-14,4.547473508864641e-13,projected_games,10.540998122440982,0.0,39.21128852941266
00-0038397,RB,2026,1.4598818643978384,0.0,0.0,6.526368232024128,False,,2.5651122422732286,,,,,0.0080929552106284,2.889521002006684,0.4202389899333157,0.0384498580569731,6.81553389624903,0.4688852917337195,False,False,,,1.0,1.1822946448537823,1.2276655199998978,1.0,1.0,False,False,Evan Hull,HOU,veteran_model,True,,True,ACT,,deep_bench,deep_bench_discounted,1.7573840653663193,1.7573840653663193,0.7,True,6.0,1.7573840653663193,18.04941432689289,downward,True,,False,True,,,,,,,,0.8352594114599872,False,1.0,False,34.32116198114704,230.71951669895023,27.0159725075953,113.89622067613276,2025.0,HOU,canonical_source_team_frame,0.0,0.0,0.0,0.0,0.0,646.1507724670905,60.24697481013885,7.455446411296052,0.0,0.0,projected_games,2.565573125810035,0.0,11.46933553567216
00-0038090,WR,2026,1.4463088402225572,0.0,0.0,5.300082622728269,False,,,,,,,0.0523709527187552,8.275856998596584,0.6089948481007352,,,1.057942063836827,False,False,,,1.0,,,1.0,1.0,False,False,Skyy Moore,GB,veteran_model,True,,True,ACT,,deep_bench,deep_bench_discounted,7.236576571220929,7.236576571220929,0.94,True,6.0,7.236576571220929,20.08091338164539,downward,True,,False,True,,,,,,,,0.7132851478920521,True,1.0,False,32.63758427248949,227.66090813078225,27.533140288417208,118.4026551060812,2025.0,GB,canonical_source_team_frame,0.0,0.0,0.0,0.0,0.0,1109.653981293132,100.51157356910396,10.99654943968886,0.0,0.0,projected_games,10.46632466790427,0.0,38.35445373317056
00-0039062,WR,2026,1.442090230577179,0.0,0.0,5.29586401308289,False,,,,,,,0.0520512017286739,8.346118652629004,0.5903423098844702,,,1.0392034198916025,False,False,,,1.0,,,1.0,1.0,False,False,Jonathan Mingo,DAL,veteran_model,True,,False,ACT,,deep_bench,deep_bench_discounted,8.309087813217072,8.309087813217072,0.94,True,6.0,8.309087813217072,16.468086823371205,upward,True,,False,True,,,,,,,,0.93527049390564,False,1.0,False,34.84872978596818,250.0568833557896,26.917412919796803,120.7151518201046,2025.0,DAL,canonical_source_team_frame,0.0,0.0,0.0,0.0,0.0,275.16299543695914,57.23726737025993,5.15908901380503,0.0,0.0,projected_games,11.982454360448235,0.0,44.0037991315619
00-0041099,WR,2026,1.4318034413893406,0.0,0.0,3.7987453092059353,False,,,,,,,0.0466285200720714,8.054043170028674,0.6932560079080897,,,1.172525706078743,False,False,,,1.0,,,1.0,0.9163349578264096,False,False,Barion Brown,NO,rookie_rule,True,drafted,False,,,,rookie_path,8.830769230769231,8.830769230769231,1.0,False,6.0,8.830769230769231,21.59325303282543,downward,True,,False,True,above_median,3.0,rank_3_plus,0.5816404720492482,False,65.0,False,0.8801009681156396,False,1.0,False,34.116960253547056,231.15975941032937,26.95323708907626,109.1195451687137,2025.0,NO,canonical_source_team_frame,0.0,0.0,0.0,0.0,0.0,471.16913318664274,47.16906708270608,0.0,5.684341886080803e-14,0.0,projected_games,12.643925774730485,0.0,33.54584319206472
00-0039589,WR,2026,1.4310134632001827,0.0,0.0,5.2847872457058935,False,,,,,,,0.0407456688609999,9.369019441086431,0.4992750118510806,,,0.9281997438036208,False,False,,,1.0,,,1.0,1.0,False,False,Kameron Johnson,TB,veteran_model,True,,False,ACT,,deep_bench,deep_bench_discounted,6.778038864602315,6.778038864602315,0.94,True,6.0,6.778038864602315,21.316686768416005,downward,True,,False,True,,,,,,,,0.9038657520217732,False,1.0000000000000002,False,33.545248910042254,223.71352331356564,27.714378326754787,117.7145365367365,2025.0,TB,canonical_source_team_frame,0.0,0.0,0.0,0.0,0.0,365.61103254725504,31.463300491173584,2.398950037365104,0.0,0.0,projected_games,9.699464869339993,0.0,35.82049334254917
00-0041467,WR,2026,1.423165174360342,0.0,0.0,3.7886825764894443,False,,,,,,,0.0496923477534646,7.865133385055072,0.676995498668094,,,1.1450237950093285,False,False,,,1.0,,,1.0,1.0,False,False,Lewis Bond,HOU,rookie_rule,True,drafted,False,,,,rookie_path,8.830769230769231,8.830769230769231,1.0,False,6.0,8.830769230769231,18.04941432689289,downward,True,,False,True,no_data,3.0,rank_3_plus,0.6134377705826529,False,65.0,False,0.8352594114599872,False,1.0,False,34.32116198114704,230.71951669895023,27.0159725075953,113.89622067613276,2025.0,HOU,canonical_source_team_frame,0.0,0.0,0.0,0.0,0.0,646.1507724670905,60.24697481013885,7.455446411296052,0.0,0.0,projected_games,12.567643232043636,0.0,33.45698152161448
00-0040653,WR,2026,1.415510731168324,0.0,0.0,5.269284513674036,False,,,,,,,0.0734374067206325,6.494052749331801,0.650962031822698,,,1.1531805296981077,False,False,,,1.0,,,1.0,1.0,False,False,Ricky White III,SEA,veteran_model,True,,False,ACT,,deep_bench,deep_bench_discounted,0.7660802237512107,0.7660802237512107,0.94,True,8.0,0.7660802237512107,19.49564219328384,downward,True,,False,True,,,,,,,,0.8711510504345189,False,0.9999999999999998,False,32.225819234062534,233.14110074227904,27.938112728980386,119.71891792298418,2025.0,SEA,canonical_source_team_frame,0.0,0.0,0.0,0.0,0.0,510.67976083010535,11.991597195078668,6.6499636008200405,0.0,0.0,projected_games,1.0843947776556695,0.0,4.036694659244194
00-0040953,WR,2026,1.4128521933213845,0.0,0.0,4.48185974025974,False,,,,,,,0.0314751397499559,8.799836197993184,0.6880354700446613,,,1.2346448615722514,False,False,,,1.0,,,1.0,1.0,False,False,Jeff Caldwell,KC,rookie_rule,True,udfa,False,,,,rookie_path,0.6584992343032159,0.6584992343032159,1.0,False,10.0,0.6584992343032159,26.280421420954912,downward,True,,False,True,above_median,,off_chart,1.0,False,653.0,False,0.7601284095142968,True,1.0,False,35.16444525693558,230.5791949901617,25.92765596122493,113.12700304519306,2025.0,KC,canonical_source_team_frame,0.0,0.0,0.0,0.0,0.0,940.259769998454,130.5185425896733,7.9994206468329025,1.1368683772161605e-13,0.0,projected_games,0.9303620874857508,0.0,2.9513012072154488
00-0041179,WR,2026,1.4128521933213845,0.0,0.0,4.48185974025974,False,,,,,,,0.0314751397499559,8.799836197993184,0.6880354700446613,,,1.2346448615722514,False,False,,,1.0,,,1.0,1.0,False,False,Chris Hilton Jr.,WAS,rookie_rule,True,udfa,False,,,,rookie_path,0.6584992343032159,0.6584992343032159,1.0,False,12.0,0.6584992343032159,17.0832969419234,downward,True,,False,True,above_median,,off_chart,1.0,False,653.0,False,0.7734083043982058,True,1.0000000000000002,False,32.6701069973832,214.93987374561607,27.270251462105467,124.11887818477246,2025.0,WAS,canonical_source_team_frame,0.0,0.0,0.0,0.0,0.0,827.96103755573,70.84056173480843,1.8215509938874952,0.0,0.0,projected_games,0.9303620874857508,0.0,2.9513012072154488
00-0041257,WR,2026,1.4128521933213845,0.0,0.0,4.48185974025974,False,,,,,,,0.0314751397499559,8.799836197993184,0.6880354700446613,,,1.2346448615722514,False,False,,,1.0,,,1.0,1.0,False,False,Eric Rivers Jr.,TB,rookie_rule,True,udfa,False,,,,rookie_path,0.6584992343032159,0.6584992343032159,1.0,False,10.0,0.6584992343032159,21.316686768416005,downward,True,,False,True,above_median,,off_chart,1.0,False,653.0,False,0.9038657520217732,False,1.0000000000000002,False,33.545248910042254,223.71352331356564,27.714378326754787,117.7145365367365,2025.0,TB,canonical_source_team_frame,0.0,0.0,0.0,0.0,0.0,365.61103254725504,31.463300491173584,2.398950037365104,0.0,0.0,projected_games,0.9303620874857508,0.0,2.9513012072154488
00-0038891,WR,2026,1.412568095562727,0.0,0.0,5.028306202867829,False,,,,,,,0.0203136348830208,9.505200525677282,0.6803324673937483,,,0.9478201675246172,False,False,,,1.0,,,1.0,0.8187354071744638,False,False,Shedrick Jackson,LV,veteran_model,True,,False,ACT,,deep_bench,deep_bench_discounted,3.0169563749661945,3.0169563749661945,0.94,True,7.0,3.0169563749661945,24.159418900454952,downward,True,,False,True,,,,,,,,0.6965108832860549,True,1.0000000000000002,False,33.852824030940056,214.57229132943425,25.40666637485797,101.2650936526983,2025.0,LV,canonical_source_team_frame,0.0,0.0,0.0,0.0,0.0,1107.0460378365742,61.55691682746948,0.0,0.0,2.273736754432321e-13,projected_games,4.261656320981826,0.0,15.170180454024155
00-0039266,RB,2026,1.4070901279632424,0.0,0.0,7.131425768495318,False,,2.5844698115827307,,,,,0.0011221955184223,1.6852560657436924,0.1863779366837707,0.0399504659221675,8.98939584403449,0.2094569647304733,False,False,,,1.0,1.369297896589557,1.5083201568968156,1.0,1.0,False,False,Kendall Milton,CIN,veteran_model,True,,False,ACT,,deep_bench,deep_bench_discounted,1.5268911224721642,1.5268911224721642,0.7,True,5.0,1.5268911224721642,28.701985495349312,downward,True,,False,True,,,,,,,,0.8041969537750469,False,1.0000000000000002,False,35.7612028620279,238.64282026275723,25.12001337082607,107.36926538839045,2025.0,CIN,canonical_source_team_frame,0.0,0.0,0.0,0.0,0.0,794.3588498417512,105.60842751061163,2.3639751147743238,0.0,0.0,projected_games,2.1484734249052964,0.0,10.888910696484732
00-0036630,WR,2026,1.399050721558507,0.0,0.0,5.252824504064218,False,,,,,,,0.0471244495121674,7.709513563479742,0.6907053362750567,,,1.1594165784365067,False,False,,,1.0,,,1.0,1.0,False,False,Tylan Wallace,CLE,veteran_model,True,,True,ACT,,deep_bench,deep_bench_discounted,8.666083359456174,8.666083359456174,0.94,True,6.0,8.666083359456174,10.284063846891716,upward,True,,False,True,,,,,,,,0.8164913489925817,False,1.0,False,33.8207863840279,210.1034066660231,26.544835692755186,109.30283679541014,2025.0,CLE,canonical_source_team_frame,0.0,0.0,0.0,0.0,0.0,655.4484763988635,98.14797606559432,2.452388874511467,5.684341886080803e-14,2.273736754432321e-13,projected_games,12.12429017713333,0.0,45.52141502481455
00-0036980,WR,2026,1.39761084355409,0.0,0.0,5.080525019272608,False,,,,,,,0.027698672827982,7.763219856526394,0.9101936418671168,,,1.1602013701232188,False,False,,,1.0,,,1.0,1.0,False,False,Elijah Moore,PHI,veteran_model,True,,True,ACT,,deep_bench,deep_bench_discounted,8.99660477204098,8.99660477204098,0.86,True,5.0,8.99660477204098,22.734366573198308,downward,True,,False,True,,,,,,,,0.9852092383981552,False,1.0,False,32.80466217687678,217.87283255481577,27.5089337932841,118.95482935957656,2025.0,PHI,canonical_source_team_frame,0.0,1.1368683772161605e-13,7.218158658701871e-14,9.094947017729282e-13,5.402090322974834e-15,54.78258713922742,30.42911752801558,3.044085996966416,0.0,0.0,projected_games,12.573752384574945,0.0,45.70747563286154
00-0038573,WR,2026,1.384455089692872,0.0,0.0,5.238228872198583,False,,,,,,,0.0525093782301327,7.578839165553233,0.6230298075135051,,,0.9908857012292198,False,False,,,1.0,,,1.0,1.0,False,False,Derius Davis,LAC,veteran_model,True,,False,ACT,,deep_bench,deep_bench_discounted,6.546300318597378,6.546300318597378,0.94,True,6.0,6.546300318597378,18.14132108931228,downward,True,,False,True,,,,,,,,0.896434828715537,False,1.0,False,34.810666017945884,231.0080210563423,26.605299733204117,118.73885720842677,2025.0,LAC,canonical_source_team_frame,0.0,0.0,0.0,0.0,0.0,406.7145495693435,95.61154335628294,8.79102244326705,0.0,0.0,projected_games,9.06305879474021,0.0,34.29101933495957
00-0039737,TE,2026,1.3834664283382647,0.0,0.0,3.895551158243402,False,,,,,,,0.0255625603682415,8.135933842928003,0.8329953636720312,,,0.9187660460793476,False,False,,,1.0,,,1.0,1.0,False,False,Tip Reiman,ARI,veteran_model,True,,False,ACT,,deep_bench,deep_bench_discounted,10.052192344672662,10.052192344672662,0.9,True,2.0,10.052192344672662,24.338087108826755,downward,True,,False,True,,,,,,,,0.943688680030244,False,0.9999999999999998,False,36.21418096404104,240.76817941837584,24.988650455385,107.79252270381906,2025.0,ARI,canonical_source_team_frame,0.0,0.0,0.0,0.0,0.0,230.485557825984,61.09721757041359,2.4522766638891937,0.0,0.0,projected_games,13.906870640053533,0.0,39.15882953117505
00-0040629,WR,2026,1.3749234084074133,0.0,0.0,5.228697190913125,False,,,,,,,0.0802216419473082,6.4286402828221,0.5014590568827081,,,0.7408379672628194,False,False,,,1.0,,,1.0,1.0,False,False,Dalevon Campbell,LAC,veteran_model,True,,True,ACT,,deep_bench,deep_bench_discounted,1.5416583497793448,1.5416583497793448,0.94,True,7.0,1.5416583497793448,18.14132108931228,downward,True,,False,True,,,,,,,,0.896434828715537,False,1.0,False,34.810666017945884,231.0080210563423,26.605299733204117,118.73885720842677,2025.0,LAC,canonical_source_team_frame,0.0,0.0,0.0,0.0,0.0,406.7145495693435,95.61154335628294,8.79102244326705,0.0,0.0,projected_games,2.119662152878365,0.0,8.060864682839023
00-0036646,WR,2026,1.3685087206485766,0.0,0.0,5.222282503154287,False,,,,,,,0.0880112321616244,5.606225976740714,0.5596374600095174,,,1.023845526831482,False,False,,,1.0,,,1.0,1.0,False,False,Simi Fehoko,ARI,veteran_model,True,,False,ACT,,deep_bench,deep_bench_discounted,1.3103999500855057,1.3103999500855057,0.94,True,7.0,1.3103999500855057,24.338087108826755,downward,True,,False,True,,,,,,,,0.943688680030244,False,0.9999999999999998,False,36.21418096404104,240.76817941837584,24.988650455385,107.79252270381906,2025.0,ARI,canonical_source_team_frame,0.0,0.0,0.0,0.0,0.0,230.485557825984,61.09721757041359,2.4522766638891937,0.0,0.0,projected_games,1.7932937592294742,0.0,6.843278731465787
00-0038640,WR,2026,1.35236173975026,0.0,0.0,5.206135522255971,False,,,,,,,0.0525643964168955,7.645326063774939,0.5448855097427863,,,1.1801380477893246,False,False,,,1.0,,,1.0,1.0,False,False,Jalen Brooks,ARI,veteran_model,True,,False,ACT,,deep_bench,deep_bench_discounted,2.214730400758827,2.214730400758827,0.94,True,8.0,2.214730400758827,24.338087108826755,downward,True,,False,True,,,,,,,,0.943688680030244,False,0.9999999999999998,False,36.21418096404104,240.76817941837584,24.988650455385,107.79252270381906,2025.0,ARI,canonical_source_team_frame,0.0,0.0,0.0,0.0,0.0,230.485557825984,61.09721757041359,2.4522766638891937,0.0,0.0,projected_games,2.9951166578479977,0.0,11.53018661161073
00-0039920,WR,2026,1.351987532759989,0.0,0.0,5.2057613152657005,False,,,,,,,0.0545623913326976,6.374460949230015,0.7743341796816039,,,1.1641714212231515,False,False,,,1.0,,,1.0,1.0,False,False,Malachi Corley,CLE,veteran_model,True,,False,ACT,,deep_bench,deep_bench_discounted,6.72217390293933,6.72217390293933,0.94,True,7.0,6.72217390293933,10.284063846891716,upward,True,,False,True,,,,,,,,0.8164913489925817,False,1.0,False,33.8207863840279,210.1034066660231,26.544835692755186,109.30283679541014,2025.0,CLE,canonical_source_team_frame,0.0,0.0,0.0,0.0,0.0,655.4484763988635,98.14797606559432,2.452388874511467,5.684341886080803e-14,2.273736754432321e-13,projected_games,9.08829530981853,0.0,34.994032858410215
00-0040646,WR,2026,1.3494727470503676,0.0,0.0,5.331391234646473,False,,,,,,,0.0464676533865598,7.548887279347469,0.6315561975925237,,,0.9281197828255624,False,False,,,1.0,,,1.0,1.0,False,False,Jalen Royals,KC,veteran_model,True,,False,ACT,,deep_bench,deep_bench_discounted,10.754469062760837,10.754469062760837,1.0,False,4.0,10.754469062760837,26.280421420954912,downward,True,,False,True,,,,,,,,0.7601284095142968,True,1.0,False,35.16444525693558,230.5791949901617,25.92765596122493,113.12700304519306,2025.0,KC,canonical_source_team_frame,0.0,0.0,0.0,0.0,0.0,940.259769998454,130.5185425896733,7.9994206468329025,1.1368683772161605e-13,0.0,projected_games,14.512862909192059,0.0,57.33628209447979
00-0041281,RB,2026,1.3402543088360237,0.0,0.0,3.5495221878494547,False,,1.7369547839368953,,,,,0.0055464124687549,1.559300350322618,0.2132202228990997,0.0553615487015799,7.122663953322032,0.2818435746536313,False,False,,,1.0,1.5414969511534775,1.5559727222788613,1.0,1.0,False,False,TJ Harden,CLE,rookie_rule,True,udfa,False,,,,rookie_path,0.7,0.7,1.0,False,6.0,0.7,10.284063846891716,upward,True,,False,True,no_data,,off_chart,0.3022141826372613,False,300.0,False,0.8164913489925817,False,1.0,False,33.8207863840279,210.1034066660231,26.544835692755186,109.30283679541014,2025.0,CLE,canonical_source_team_frame,0.0,0.0,0.0,0.0,0.0,655.4484763988635,98.14797606559432,2.452388874511467,5.684341886080803e-14,2.273736754432321e-13,projected_games,0.9381780161852166,0.0,2.484665531494618
00-0041277,RB,2026,1.3402543088360237,0.0,0.0,3.5495221878494547,False,,1.7369547839368953,,,,,0.0055464124687549,1.559300350322618,0.2132202228990997,0.0553615487015799,7.122663953322032,0.2818435746536313,False,False,,,1.0,1.5414969511534775,1.5559727222788613,1.0,1.0,False,False,Davon Booth,CLE,rookie_rule,True,udfa,False,,,,rookie_path,0.7,0.7,1.0,False,5.0,0.7,10.284063846891716,upward,True,,False,True,no_data,,off_chart,0.3022141826372613,False,300.0,False,0.8164913489925817,False,1.0,False,33.8207863840279,210.1034066660231,26.544835692755186,109.30283679541014,2025.0,CLE,canonical_source_team_frame,0.0,0.0,0.0,0.0,0.0,655.4484763988635,98.14797606559432,2.452388874511467,5.684341886080803e-14,2.273736754432321e-13,projected_games,0.9381780161852166,0.0,2.484665531494618
00-0034419,WR,2026,1.3322236075917948,0.0,0.0,5.1292305753569005,False,,,,,,,0.0283798230489944,7.938781775590149,0.7361329834776269,,,1.2187322445275903,False,False,,,1.0,,,0.9182512412543492,1.0,False,False,Braxton Berrios,NYG,veteran_model,True,,True,ACT,,deep_bench,deep_bench_discounted,1.348311474405837,1.348311474405837,0.94,True,9.0,1.348311474405837,23.01824991096567,downward,True,,False,True,,,,,,,,0.969501997801332,False,1.0,False,33.2431579562698,223.72213877664484,27.96941585077396,122.67702612627788,2025.0,NYG,canonical_source_team_frame,0.0,0.0,0.0,0.0,0.0,115.99233076511427,0.0,0.95835366558714,5.684341886080803e-14,0.0,projected_games,1.7962523765903562,0.0,6.915800439626962
00-0035594,RB,2026,1.3296299359624062,0.0,0.0,6.7945388513212475,False,,1.9802167333572191,,,,,0.0061327383905488,1.6307636833317396,0.2901975457971757,0.0212203327905389,8.573363676441181,0.3494161136600916,False,False,,,1.0,1.2702969926923138,1.4165793634523915,1.0,1.0,False,False,Travis Homer,PIT,veteran_model,True,,True,ACT,,deep_bench,deep_bench_discounted,0.7471289305166038,0.7471289305166038,0.7,True,5.0,0.7471289305166038,21.24394245613634,downward,True,,False,True,,,,,,,,0.877056421443679,False,1.0,False,33.528333841849026,220.6189626135148,26.33273552345513,112.30420927129472,2025.0,PIT,canonical_source_team_frame,0.0,0.0,0.0,0.0,0.0,461.1026409385077,45.487651964804456,0.196712414829836,0.0,2.273736754432321e-13,projected_games,0.9934049920384529,0.0,5.076396545341157
00-0041067,WR,2026,1.3257439272123523,0.0,0.0,3.517356767783273,False,,,,,,,0.0431745556222883,7.4574473796561795,0.641903711026009,,,1.0856719500729102,False,False,,,1.0,,,1.0,0.9163349578264096,False,False,Bryce Lance,NO,rookie_rule,True,drafted,False,,,,rookie_path,11.666666666666666,11.666666666666666,1.0,False,4.0,11.666666666666666,21.59325303282543,downward,True,,False,True,no_data,2.0,rank_2,0.5816404720492482,False,60.0,False,0.8801009681156396,False,1.0,False,34.116960253547056,231.15975941032937,26.95323708907626,109.1195451687137,2025.0,NO,canonical_source_team_frame,0.0,0.0,0.0,0.0,0.0,471.16913318664274,47.16906708270608,0.0,5.684341886080803e-14,0.0,projected_games,15.46701248414411,0.0,41.035828957471516
00-0041087,TE,2026,1.3251361459883637,0.0,0.0,3.2146590627945173,False,,,,,,,0.0525241214989036,6.874608344282472,0.6450611651333901,,,0.9091024032268084,False,False,,,1.0,,,1.0,1.0,False,False,Joe Royer,CLE,rookie_rule,True,drafted,False,,,,rookie_path,11.68421052631579,11.68421052631579,1.0,False,2.0,11.68421052631579,10.284063846891716,upward,True,,False,True,no_data,2.0,rank_2,0.5959347613773415,False,19.0,False,0.8164913489925817,False,1.0,False,33.8207863840279,210.1034066660231,26.544835692755186,109.30283679541014,2025.0,CLE,canonical_source_team_frame,0.0,0.0,0.0,0.0,0.0,655.4484763988635,98.14797606559432,2.452388874511467,5.684341886080803e-14,2.273736754432321e-13,projected_games,15.483169705758776,0.0,37.56075326002015
00-0041131,TE,2026,1.3251361459883637,0.0,0.0,3.2146590627945173,False,,,,,,,0.0525241214989036,6.874608344282472,0.6450611651333901,,,0.9091024032268084,False,False,,,1.0,,,1.0,1.0,False,False,Carsen Ryan,CLE,rookie_rule,True,drafted,False,,,,rookie_path,2.4814814814814814,2.4814814814814814,1.0,False,5.0,2.4814814814814814,10.284063846891716,upward,True,,False,True,no_data,,off_chart,0.5959347613773415,False,27.0,False,0.8164913489925817,False,1.0,False,33.8207863840279,210.1034066660231,26.544835692755186,109.30283679541014,2025.0,CLE,canonical_source_team_frame,0.0,0.0,0.0,0.0,0.0,655.4484763988635,98.14797606559432,2.452388874511467,5.684341886080803e-14,2.273736754432321e-13,projected_games,3.2883008067118653,0.0,7.977116933601209
00-0038824,WR,2026,1.3248074288223064,0.0,0.0,5.121814396587412,False,,,,,,,0.0411842524700026,8.352523271261221,0.4848991737523371,,,0.9004892853263843,False,False,,,1.0,,,0.9182512412543492,1.0,False,False,Ryan Miller,NYG,veteran_model,True,,True,ACT,,deep_bench,deep_bench_discounted,2.404047571647874,2.404047571647874,0.94,True,14.0,2.404047571647874,23.01824991096567,downward,True,,False,True,,,,,,,,0.969501997801332,False,1.0,False,33.2431579562698,223.72213877664484,27.96941585077396,122.67702612627788,2025.0,NYG,canonical_source_team_frame,0.0,0.0,0.0,0.0,0.0,115.99233076511427,0.0,0.95835366558714,5.684341886080803e-14,0.0,projected_games,3.1849000821613296,0.0,12.313085462547091
00-0040024,WR,2026,1.3243114176577249,0.0,0.0,5.178085200163435,False,,,,,,,0.0413701921479854,7.430108556349174,0.66615881826979,,,0.86304993313693,False,False,,,1.0,,,1.0,1.0,False,False,Darius Cooper,PHI,veteran_model,True,,False,ACT,,deep_bench,deep_bench_discounted,2.980253446595256,2.980253446595256,0.94,True,7.0,2.980253446595256,22.734366573198308,downward,True,,False,True,,,,,,,,0.9852092383981552,False,1.0,False,32.80466217687678,217.87283255481577,27.5089337932841,118.95482935957656,2025.0,PHI,canonical_source_team_frame,0.0,1.1368683772161605e-13,7.218158658701871e-14,9.094947017729282e-13,5.402090322974834e-15,54.78258713922742,30.42911752801558,3.044085996966416,0.0,0.0,projected_games,3.946783666839884,0.0,15.432006264550965
00-0039364,RB,2026,1.3190063696280943,0.0,0.0,6.562878439921931,False,,2.0741948247487367,,,,,0.0071328311997566,3.070933541857753,0.3284226874972218,0.0115821745101725,7.354116374341334,0.3645162298711335,False,False,,,1.0,1.2383454255285062,1.1873054200979285,1.0,1.0,False,False,Sione Vaki,DET,veteran_model,True,,False,ACT,,deep_bench,deep_bench_discounted,7.560589846323069,7.560589846323069,0.73,True,3.0,7.560589846323069,22.61533745621171,downward,True,,False,True,,,,,,,,0.9785289193999536,False,0.9999999999999998,False,33.929940625091575,246.18800924276172,26.78972180276002,118.19003241053174,2025.0,DET,canonical_source_team_frame,0.0,0.0,0.0,0.0,0.0,89.86068401667671,8.57475959461226,2.843661959408699,0.0,4.547473508864641e-13,projected_games,9.972466165445622,0.0,49.619232095526336
00-0040937,RB,2026,1.3082622610417973,0.0,0.0,3.4678630670409687,False,,1.5970890417277617,,,,,0.0055057764864187,1.5478760825009326,0.2116580575786758,0.0509036410055354,7.091891190506416,0.279778637978668,False,False,,,1.0,1.4278312196056446,1.5606847068920775,1.0,1.0,False,False,Dominic Richardson,DAL,rookie_rule,True,udfa,False,,,,rookie_path,0.7,0.7,1.0,False,6.0,0.7,16.468086823371205,upward,True,,False,True,no_data,,off_chart,0.3,False,300.0,False,0.93527049390564,False,1.0,False,34.84872978596818,250.0568833557896,26.917412919796803,120.7151518201046,2025.0,DAL,canonical_source_team_frame,0.0,0.0,0.0,0.0,0.0,275.16299543695914,57.23726737025993,5.15908901380503,0.0,0.0,projected_games,0.9157835827292581,0.0,2.427504146928678
00-0040977,WR,2026,1.3081964752975779,0.0,0.0,4.14987012987013,False,,,,,,,0.0291436479166258,8.147996479623318,0.6370698796709826,,,1.1431896866409734,False,False,,,1.0,,,1.0,1.0,False,False,Cortez Braham,BAL,rookie_rule,True,udfa,False,,,,rookie_path,0.6584992343032159,0.6584992343032159,1.0,False,11.0,0.6584992343032159,18.421690320520103,downward,True,,False,True,no_data,,off_chart,1.0,False,653.0,False,0.8405930073619484,False,1.0,False,31.371651182397663,213.6422320700136,28.05821210195141,132.6208441085526,2025.0,BAL,canonical_source_team_frame,0.0,0.0,0.0,0.0,0.0,578.9531171509466,55.41434962128113,4.989568733629504,5.684341886080803e-14,4.547473508864641e-13,projected_games,0.8614463773016209,0.0,2.7326863029772674
00-0040919,WR,2026,1.3081964752975779,0.0,0.0,4.14987012987013,False,,,,,,,0.0291436479166258,8.147996479623318,0.6370698796709826,,,1.1431896866409734,False,False,,,1.0,,,1.0,1.0,False,False,Tyren Montgomery,TEN,rookie_rule,True,udfa,False,,,,rookie_path,0.6584992343032159,0.6584992343032159,1.0,False,12.0,0.6584992343032159,19.399084873783885,downward,True,,False,True,no_data,,off_chart,1.0,False,653.0,False,0.9452763183553666,False,1.0000000000000002,False,33.99018463096149,212.0175347434573,25.99059410477733,108.16497255264404,2025.0,TEN,canonical_source_team_frame,0.0,0.0,0.0,0.0,0.0,197.2404612644764,53.34315299665252,3.6287139661061296,0.0,0.0,projected_games,0.8614463773016209,0.0,2.7326863029772674
00-0040989,WR,2026,1.3081964752975779,0.0,0.0,4.14987012987013,False,,,,,,,0.0291436479166258,8.147996479623318,0.6370698796709826,,,1.1431896866409734,False,False,,,1.0,,,1.0,1.0,False,False,Octavian Smith,BAL,rookie_rule,True,udfa,False,,,,rookie_path,0.6584992343032159,0.6584992343032159,1.0,False,12.0,0.6584992343032159,18.421690320520103,downward,True,,False,True,no_data,,off_chart,1.0,False,653.0,False,0.8405930073619484,False,1.0,False,31.371651182397663,213.6422320700136,28.05821210195141,132.6208441085526,2025.0,BAL,canonical_source_team_frame,0.0,0.0,0.0,0.0,0.0,578.9531171509466,55.41434962128113,4.989568733629504,5.684341886080803e-14,4.547473508864641e-13,projected_games,0.8614463773016209,0.0,2.7326863029772674
00-0040986,WR,2026,1.3081964752975779,0.0,0.0,4.14987012987013,False,,,,,,,0.0291436479166258,8.147996479623318,0.6370698796709826,,,1.1431896866409734,False,False,,,1.0,,,1.0,1.0,False,False,Ty Pezza,BAL,rookie_rule,True,udfa,False,,,,rookie_path,0.6584992343032159,0.6584992343032159,1.0,False,,0.6584992343032159,18.421690320520103,downward,True,,False,True,no_data,,off_chart,1.0,False,653.0,False,0.8405930073619484,False,1.0,False,31.371651182397663,213.6422320700136,28.05821210195141,132.6208441085526,2025.0,BAL,canonical_source_team_frame,0.0,0.0,0.0,0.0,0.0,578.9531171509466,55.41434962128113,4.989568733629504,5.684341886080803e-14,4.547473508864641e-13,projected_games,0.8614463773016209,0.0,2.7326863029772674
00-0041020,WR,2026,1.3081964752975779,0.0,0.0,4.14987012987013,False,,,,,,,0.0291436479166258,8.147996479623318,0.6370698796709826,,,1.1431896866409734,False,False,,,1.0,,,1.0,1.0,False,False,Xavier Loyd,KC,rookie_rule,True,udfa,False,,,,rookie_path,0.6584992343032159,0.6584992343032159,1.0,False,13.0,0.6584992343032159,26.280421420954912,downward,True,,False,True,no_data,,off_chart,1.0,False,653.0,False,0.7601284095142968,True,1.0,False,35.16444525693558,230.5791949901617,25.92765596122493,113.12700304519306,2025.0,KC,canonical_source_team_frame,0.0,0.0,0.0,0.0,0.0,940.259769998454,130.5185425896733,7.9994206468329025,1.1368683772161605e-13,0.0,projected_games,0.8614463773016209,0.0,2.7326863029772674
00-0040948,WR,2026,1.3081964752975779,0.0,0.0,4.14987012987013,False,,,,,,,0.0291436479166258,8.147996479623318,0.6370698796709826,,,1.1431896866409734,False,False,,,1.0,,,1.0,1.0,False,False,J. Michael Sturdivant,GB,rookie_rule,True,udfa,False,,,,rookie_path,0.6584992343032159,0.6584992343032159,1.0,False,9.0,0.6584992343032159,20.08091338164539,downward,True,,False,True,no_data,,off_chart,1.0,False,653.0,False,0.7132851478920521,True,1.0,False,32.63758427248949,227.66090813078225,27.533140288417208,118.4026551060812,2025.0,GB,canonical_source_team_frame,0.0,0.0,0.0,0.0,0.0,1109.653981293132,100.51157356910396,10.99654943968886,0.0,0.0,projected_games,0.8614463773016209,0.0,2.7326863029772674
00-0041168,WR,2026,1.3081964752975779,0.0,0.0,4.14987012987013,False,,,,,,,0.0291436479166258,8.147996479623318,0.6370698796709826,,,1.1431896866409734,False,False,,,1.0,,,1.0,1.0,False,False,Omari Kelly,CHI,rookie_rule,True,udfa,False,,,,rookie_path,0.6584992343032159,0.6584992343032159,1.0,False,10.0,0.6584992343032159,18.449464280783285,downward,True,,False,True,no_data,,off_chart,1.0,False,653.0,False,0.9135686161925484,False,1.0000000000000002,False,33.737891607375786,231.6083524098304,27.69702416995268,127.85615277062598,2025.0,CHI,canonical_source_team_frame,0.0,0.0,0.0,0.0,0.0,340.3099168024751,65.69620810933344,6.574845673487438,0.0,0.0,projected_games,0.8614463773016209,0.0,2.7326863029772674
00-0041176,WR,2026,1.3081964752975779,0.0,0.0,4.14987012987013,False,,,,,,,0.0291436479166258,8.147996479623318,0.6370698796709826,,,1.1431896866409734,False,False,,,1.0,,,1.0,1.0,False,False,Jaden Bradley,WAS,rookie_rule,True,udfa,False,,,,rookie_path,0.6584992343032159,0.6584992343032159,1.0,False,11.0,0.6584992343032159,17.0832969419234,downward,True,,False,True,no_data,,off_chart,1.0,False,653.0,False,0.7734083043982058,True,1.0000000000000002,False,32.6701069973832,214.93987374561607,27.270251462105467,124.11887818477246,2025.0,WAS,canonical_source_team_frame,0.0,0.0,0.0,0.0,0.0,827.96103755573,70.84056173480843,1.8215509938874952,0.0,0.0,projected_games,0.8614463773016209,0.0,2.7326863029772674
00-0041374,WR,2026,1.3081964752975779,0.0,0.0,4.14987012987013,False,,,,,,,0.0291436479166258,8.147996479623318,0.6370698796709826,,,1.1431896866409734,False,False,,,1.0,,,1.0,1.0,False,False,Sincere Brown,LAC,rookie_rule,True,udfa,False,,,,rookie_path,0.6584992343032159,0.6584992343032159,1.0,False,11.0,0.6584992343032159,18.14132108931228,downward,True,,False,True,no_data,,off_chart,1.0,False,653.0,False,0.896434828715537,False,1.0,False,34.810666017945884,231.0080210563423,26.605299733204117,118.73885720842677,2025.0,LAC,canonical_source_team_frame,0.0,0.0,0.0,0.0,0.0,406.7145495693435,95.61154335628294,8.79102244326705,0.0,0.0,projected_games,0.8614463773016209,0.0,2.7326863029772674
00-0041359,WR,2026,1.3081964752975779,0.0,0.0,4.14987012987013,False,,,,,,,0.0291436479166258,8.147996479623318,0.6370698796709826,,,1.1431896866409734,False,False,,,1.0,,,1.0,1.0,False,False,Wesley Grimes,SF,rookie_rule,True,udfa,False,,,,rookie_path,0.6584992343032159,0.6584992343032159,1.0,False,14.0,0.6584992343032159,20.268882541673257,downward,True,,False,True,no_data,,off_chart,1.0,False,653.0,False,0.991540844247621,False,1.0000000000000002,False,34.24847968425997,240.1216094230843,26.911226973415506,112.91814451887672,2025.0,SF,canonical_source_team_frame,0.0,0.0,0.0,0.0,0.0,34.530843591570374,14.986003777602036,7.225861317038813,0.0,0.0,projected_games,0.8614463773016209,0.0,2.7326863029772674
00-0041373,WR,2026,1.3081964752975779,0.0,0.0,4.14987012987013,False,,,,,,,0.0291436479166258,8.147996479623318,0.6370698796709826,,,1.1431896866409734,False,False,,,1.0,,,1.0,1.0,False,False,Jerand Bradley,LAC,rookie_rule,True,udfa,False,,,,rookie_path,0.6584992343032159,0.6584992343032159,1.0,False,,0.6584992343032159,18.14132108931228,downward,True,,False,True,no_data,,off_chart,1.0,False,653.0,False,0.896434828715537,False,1.0,False,34.810666017945884,231.0080210563423,26.605299733204117,118.73885720842677,2025.0,LAC,canonical_source_team_frame,0.0,0.0,0.0,0.0,0.0,406.7145495693435,95.61154335628294,8.79102244326705,0.0,0.0,projected_games,0.8614463773016209,0.0,2.7326863029772674
00-0041380,WR,2026,1.3081964752975779,0.0,0.0,4.14987012987013,False,,,,,,,0.0291436479166258,8.147996479623318,0.6370698796709826,,,1.1431896866409734,False,False,,,1.0,,,1.0,1.0,False,False,Devonte Ross,LAC,rookie_rule,True,udfa,False,,,,rookie_path,0.6584992343032159,0.6584992343032159,1.0,False,10.0,0.6584992343032159,18.14132108931228,downward,True,,False,True,no_data,,off_chart,1.0,False,653.0,False,0.896434828715537,False,1.0,False,34.810666017945884,231.0080210563423,26.605299733204117,118.73885720842677,2025.0,LAC,canonical_source_team_frame,0.0,0.0,0.0,0.0,0.0,406.7145495693435,95.61154335628294,8.79102244326705,0.0,0.0,projected_games,0.8614463773016209,0.0,2.7326863029772674
00-0041265,WR,2026,1.3081964752975779,0.0,0.0,4.14987012987013,False,,,,,,,0.0291436479166258,8.147996479623318,0.6370698796709826,,,1.1431896866409734,False,False,,,1.0,,,1.0,1.0,False,False,Squirrel White,CHI,rookie_rule,True,udfa,False,,,,rookie_path,0.6584992343032159,0.6584992343032159,1.0,False,,0.6584992343032159,18.449464280783285,downward,True,,False,True,no_data,,off_chart,1.0,False,653.0,False,0.9135686161925484,False,1.0000000000000002,False,33.737891607375786,231.6083524098304,27.69702416995268,127.85615277062598,2025.0,CHI,canonical_source_team_frame,0.0,0.0,0.0,0.0,0.0,340.3099168024751,65.69620810933344,6.574845673487438,0.0,0.0,projected_games,0.8614463773016209,0.0,2.7326863029772674
00-0040967,WR,2026,1.3081964752975779,0.0,0.0,4.14987012987013,False,,,,,,,0.0291436479166258,8.147996479623318,0.6370698796709826,,,1.1431896866409734,False,False,,,1.0,,,1.0,1.0,False,False,Jacob De Jesus,KC,rookie_rule,True,udfa,False,,,,rookie_path,0.6584992343032159,0.6584992343032159,1.0,False,12.0,0.6584992343032159,26.280421420954912,downward,True,,False,True,no_data,,off_chart,1.0,False,653.0,False,0.7601284095142968,True,1.0,False,35.16444525693558,230.5791949901617,25.92765596122493,113.12700304519306,2025.0,KC,canonical_source_team_frame,0.0,0.0,0.0,0.0,0.0,940.259769998454,130.5185425896733,7.9994206468329025,1.1368683772161605e-13,0.0,projected_games,0.8614463773016209,0.0,2.7326863029772674
00-0041474,WR,2026,1.3081964752975779,0.0,0.0,4.14987012987013,False,,,,,,,0.0291436479166258,8.147996479623318,0.6370698796709826,,,1.1431896866409734,False,False,,,1.0,,,1.0,1.0,False,False,Mante Morrow,LAC,rookie_rule,True,udfa,False,,,,rookie_path,0.6584992343032159,0.6584992343032159,1.0,False,12.0,0.6584992343032159,18.14132108931228,downward,True,,False,True,no_data,,off_chart,1.0,False,653.0,False,0.896434828715537,False,1.0,False,34.810666017945884,231.0080210563423,26.605299733204117,118.73885720842677,2025.0,LAC,canonical_source_team_frame,0.0,0.0,0.0,0.0,0.0,406.7145495693435,95.61154335628294,8.79102244326705,0.0,0.0,projected_games,0.8614463773016209,0.0,2.7326863029772674
00-0041435,WR,2026,1.3081964752975779,0.0,0.0,4.14987012987013,False,,,,,,,0.0291436479166258,8.147996479623318,0.6370698796709826,,,1.1431896866409734,False,False,,,1.0,,,1.0,1.0,False,False,Dean Patterson,TB,rookie_rule,True,udfa,False,,,,rookie_path,0.6584992343032159,0.6584992343032159,1.0,False,11.0,0.6584992343032159,21.316686768416005,downward,True,,False,True,no_data,,off_chart,1.0,False,653.0,False,0.9038657520217732,False,1.0000000000000002,False,33.545248910042254,223.71352331356564,27.714378326754787,117.7145365367365,2025.0,TB,canonical_source_team_frame,0.0,0.0,0.0,0.0,0.0,365.61103254725504,31.463300491173584,2.398950037365104,0.0,0.0,projected_games,0.8614463773016209,0.0,2.7326863029772674
00-0040954,WR,2026,1.3081964752975779,0.0,0.0,4.14987012987013,False,,,,,,,0.0291436479166258,8.147996479623318,0.6370698796709826,,,1.1431896866409734,False,False,,,1.0,,,1.0,1.0,False,False,Omari Evans,KC,rookie_rule,True,udfa,False,,,,rookie_path,0.6584992343032159,0.6584992343032159,1.0,False,11.0,0.6584992343032159,26.280421420954912,downward,True,,False,True,no_data,,off_chart,1.0,False,653.0,False,0.7601284095142968,True,1.0,False,35.16444525693558,230.5791949901617,25.92765596122493,113.12700304519306,2025.0,KC,canonical_source_team_frame,0.0,0.0,0.0,0.0,0.0,940.259769998454,130.5185425896733,7.9994206468329025,1.1368683772161605e-13,0.0,projected_games,0.8614463773016209,0.0,2.7326863029772674
00-0040912,WR,2026,1.3081964752975779,0.0,0.0,4.14987012987013,False,,,,,,,0.0291436479166258,8.147996479623318,0.6370698796709826,,,1.1431896866409734,False,False,,,1.0,,,1.0,1.0,False,False,Hank Beatty,TEN,rookie_rule,True,udfa,False,,,,rookie_path,0.6584992343032159,0.6584992343032159,1.0,False,13.0,0.6584992343032159,19.399084873783885,downward,True,,False,True,no_data,,off_chart,1.0,False,653.0,False,0.9452763183553666,False,1.0000000000000002,False,33.99018463096149,212.0175347434573,25.99059410477733,108.16497255264404,2025.0,TEN,canonical_source_team_frame,0.0,0.0,0.0,0.0,0.0,197.2404612644764,53.34315299665252,3.6287139661061296,0.0,0.0,projected_games,0.8614463773016209,0.0,2.7326863029772674
00-0041407,WR,2026,1.3081964752975779,0.0,0.0,4.14987012987013,False,,,,,,,0.0291436479166258,8.147996479623318,0.6370698796709826,,,1.1431896866409734,False,False,,,1.0,,,1.0,1.0,False,False,Kyron Hudson,CHI,rookie_rule,True,udfa,False,,,,rookie_path,0.6584992343032159,0.6584992343032159,1.0,False,11.0,0.6584992343032159,18.449464280783285,downward,True,,False,True,no_data,,off_chart,1.0,False,653.0,False,0.9135686161925484,False,1.0000000000000002,False,33.737891607375786,231.6083524098304,27.69702416995268,127.85615277062598,2025.0,CHI,canonical_source_team_frame,0.0,0.0,0.0,0.0,0.0,340.3099168024751,65.69620810933344,6.574845673487438,0.0,0.0,projected_games,0.8614463773016209,0.0,2.7326863029772674
00-0041361,WR,2026,1.3081964752975779,0.0,0.0,4.14987012987013,False,,,,,,,0.0291436479166258,8.147996479623318,0.6370698796709826,,,1.1431896866409734,False,False,,,1.0,,,1.0,1.0,False,False,Will Pauling,SF,rookie_rule,True,udfa,False,,,,rookie_path,0.6584992343032159,0.6584992343032159,1.0,False,15.0,0.6584992343032159,20.268882541673257,downward,True,,False,True,no_data,,off_chart,1.0,False,653.0,False,0.991540844247621,False,1.0000000000000002,False,34.24847968425997,240.1216094230843,26.911226973415506,112.91814451887672,2025.0,SF,canonical_source_team_frame,0.0,0.0,0.0,0.0,0.0,34.530843591570374,14.986003777602036,7.225861317038813,0.0,0.0,projected_games,0.8614463773016209,0.0,2.7326863029772674
00-0033589,WR,2026,1.3073992315865772,0.0,0.0,5.161173014092288,False,,,,,,,0.0607723530640281,6.406655741578363,0.6041990780891446,,,1.2621925066461628,False,False,,,1.0,,,1.0,1.0,False,False,David Moore,CAR,veteran_model,True,,False,ACT,,deep_bench,deep_bench_discounted,8.134135575286061,8.134135575286061,0.94,True,6.0,8.134135575286061,19.92286534491023,downward,True,,False,True,,,,,,,,0.762642225796171,True,1.0000000000000002,False,33.081719189069275,214.5393770638172,26.97993809377384,116.45261469433012,2025.0,CAR,canonical_source_team_frame,0.0,0.0,0.0,0.0,0.0,865.6840133220421,82.42672504867357,7.690814341352549,0.0,2.273736754432321e-13,projected_games,10.634562600750037,0.0,41.98168102413447
00-0041350,RB,2026,1.2989083873586942,0.0,0.0,3.4425661175499815,False,,1.6069370786131465,,,,,0.0055057764864187,1.5478760825009326,0.2116580575786758,0.0512175251542116,6.979519404754813,0.279778637978668,False,False,,,1.0,1.4366355718674124,1.5359554882961342,1.0,1.0,False,False,Kejon Owens,MIN,rookie_rule,True,udfa,False,,,,rookie_path,0.7,0.7,1.0,False,6.0,0.7,23.81008358971931,downward,True,,False,True,no_data,,off_chart,0.3,False,300.0,False,0.8282117242306364,False,1.0,False,33.3178469069799,212.14951525474893,25.942735935008912,113.22736292046942,2025.0,MIN,canonical_source_team_frame,0.0,0.0,0.0,0.0,0.0,619.5615903256335,79.08820679380477,5.267654923665397,5.684341886080803e-14,4.547473508864641e-13,projected_games,0.9092358711510858,0.0,2.409796282284987
00-0041158,WR,2026,1.292581531198282,0.0,0.0,4.073328363160585,False,,,,,,,0.0265411572334098,8.147996479623318,0.6370698796709826,,,1.1431896866409734,False,False,,,1.0,,,1.0,0.9107012721721982,False,False,Donaven McCulley,MIA,rookie_rule,True,udfa,False,,,,rookie_path,0.6584992343032159,0.6584992343032159,1.0,False,12.0,0.6584992343032159,15.820591246614065,upward,True,,False,True,no_data,,off_chart,1.0,False,653.0,False,0.8973004686307117,False,1.0,False,32.35673046917577,214.6124638790677,26.70994351578604,118.05744126358432,2025.0,MIA,canonical_source_team_frame,0.0,0.0,0.0,0.0,0.0,374.6901909286057,43.11113101787174,0.0,5.684341886080803e-14,2.273736754432321e-13,projected_games,0.851163948568547,0.0,2.682283608206817
00-0041231,RB,2026,1.2905832015213465,0.0,0.0,3.4193916678620866,False,,1.638723806813851,,,,,0.0055057764864187,1.5478760825009326,0.2116580575786758,0.0522306560184237,6.835479694528609,0.279778637978668,False,False,,,1.0,1.46505357594124,1.5042572336421245,1.0,1.0,False,False,Lincoln Pare,IND,rookie_rule,True,udfa,False,,,,rookie_path,0.7,0.7,1.0,False,,0.7,22.377203022332637,downward,True,,False,True,no_data,,off_chart,0.3,False,300.0,False,0.7292128354928176,True,0.9999999999999998,False,33.81962358341313,234.02719158280576,26.501089706236453,117.38641446396322,2025.0,IND,canonical_source_team_frame,0.0,0.0,0.0,0.0,0.0,1077.316513646881,80.42225690596678,8.539487741748761,1.1368683772161605e-13,2.273736754432321e-13,projected_games,0.9034082410649426,0.0,2.3935741675034605
00-0041486,RB,2026,1.2905832015213465,0.0,0.0,3.4193916678620866,False,,1.638723806813851,,,,,0.0055057764864187,1.5478760825009326,0.2116580575786758,0.0522306560184237,6.835479694528609,0.279778637978668,False,False,,,1.0,1.46505357594124,1.5042572336421245,1.0,1.0,False,False,Anderson Castle,IND,rookie_rule,True,udfa,False,,,,rookie_path,0.7,0.7,1.0,False,5.0,0.7,22.377203022332637,downward,True,,False,True,no_data,,off_chart,0.3,False,300.0,False,0.7292128354928176,True,0.9999999999999998,False,33.81962358341313,234.02719158280576,26.501089706236453,117.38641446396322,2025.0,IND,canonical_source_team_frame,0.0,0.0,0.0,0.0,0.0,1077.316513646881,80.42225690596678,8.539487741748761,1.1368683772161605e-13,2.273736754432321e-13,projected_games,0.9034082410649426,0.0,2.3935741675034605
00-0041415,RB,2026,1.284752337543667,0.0,0.0,3.4064815497582694,False,,1.5302097099006884,,,,,0.0054170646909459,1.5478760825009326,0.2116580575786758,0.0487720118921501,6.990012410056596,0.279778637978668,False,False,,,1.0,1.3680396892437838,1.5382646428592714,1.0,0.9838875051154712,False,False,Dean Connors,LA,rookie_rule,True,udfa,False,,,,rookie_path,0.7,0.7,1.0,False,6.0,0.7,23.599505879780573,downward,True,,False,True,no_data,,off_chart,0.3,False,300.0,False,0.7985958779872415,True,1.0,False,34.823713349866885,249.40469135191364,26.59281878800156,121.38612330535705,2025.0,LA,canonical_source_team_frame,0.0,0.0,0.0,0.0,0.0,853.9292590891182,65.83737867987509,0.0,0.0,0.0,projected_games,0.8993266362805667,0.0,2.3845370848307885
00-0035140,WR,2026,1.2792433860381776,0.0,0.0,5.133017168543889,False,,,,,,,0.0410179924609584,7.156727595848521,0.6349253433751499,,,0.9248800097049336,False,False,,,1.0,,,1.0,1.0,False,False,Mecole Hardman,BUF,veteran_model,True,,False,ACT,,deep_bench,deep_bench_discounted,5.905092662013045,5.905092662013045,0.94,True,6.0,5.905092662013045,20.07985848410768,downward,True,,False,True,,,,,,,,0.7844531400579932,True,1.0000000000000002,False,33.20980278431125,231.99901556001677,27.99616806245821,133.52559682822502,2025.0,BUF,canonical_source_team_frame,0.0,0.0,0.0,0.0,0.0,850.1132083311727,39.78679072911751,7.808599833668275,5.684341886080803e-14,0.0,projected_games,7.554050731822763,0.0,30.310942015955494
00-0041266,WR,2026,1.276882463686733,0.0,0.0,3.996374237972236,False,,,,,,,0.023924645981485,8.147996479623318,0.6370698796709826,,,1.1431896866409734,False,False,,,1.0,,,1.0,0.820921459452458,False,False,Keelan Marion,ATL,rookie_rule,True,udfa,False,,,,rookie_path,0.6584992343032159,0.6584992343032159,1.0,False,10.0,0.6584992343032159,20.515452025454977,downward,True,,False,True,no_data,,off_chart,1.0,False,653.0,False,0.9033427562717592,False,1.0000000000000002,False,33.103575893134035,223.67610131731223,27.56553569236133,121.02128748507276,2025.0,ATL,canonical_source_team_frame,0.0,1.1368683772161605e-13,7.073038149771035e-14,9.094947017729282e-13,4.276533072858189e-15,367.538562500572,13.838496018552236,0.0,5.684341886080803e-14,0.0,projected_games,0.8408261246329176,0.0,2.6316093756938153
00-0041187,WR,2026,1.276882463686733,0.0,0.0,3.996374237972236,False,,,,,,,0.023924645981485,8.147996479623318,0.6370698796709826,,,1.1431896866409734,False,False,,,1.0,,,1.0,0.820921459452458,False,False,Le'Meke Brockington,ATL,rookie_rule,True,udfa,False,,,,rookie_path,0.6584992343032159,0.6584992343032159,1.0,False,9.0,0.6584992343032159,20.515452025454977,downward,True,,False,True,no_data,,off_chart,1.0,False,653.0,False,0.9033427562717592,False,1.0000000000000002,False,33.103575893134035,223.67610131731223,27.56553569236133,121.02128748507276,2025.0,ATL,canonical_source_team_frame,0.0,1.1368683772161605e-13,7.073038149771035e-14,9.094947017729282e-13,4.276533072858189e-15,367.538562500572,13.838496018552236,0.0,5.684341886080803e-14,0.0,projected_games,0.8408261246329176,0.0,2.6316093756938153
00-0041241,RB,2026,1.2719467037663084,0.0,0.0,3.3726209233930398,False,,1.531617067532714,,,,,0.0055057764864187,1.5478760825009326,0.2116580575786758,0.0488168682688425,6.853941981953099,0.279778637978668,False,False,,,1.0,1.3692978965895573,1.5083201568968154,1.0,1.0,False,False,Kentrel Bullock,CIN,rookie_rule,True,udfa,False,,,,rookie_path,0.7,0.7,1.0,False,6.0,0.7,28.701985495349312,downward,True,,False,True,no_data,,off_chart,0.3,False,300.0,False,0.8041969537750469,False,1.0000000000000002,False,35.7612028620279,238.64282026275723,25.12001337082607,107.36926538839045,2025.0,CIN,canonical_source_team_frame,0.0,0.0,0.0,0.0,0.0,794.3588498417512,105.60842751061163,2.3639751147743238,0.0,0.0,projected_games,0.8903626926364158,0.0,2.3608346463751277
00-0041244,RB,2026,1.2719467037663084,0.0,0.0,3.3726209233930398,False,,1.531617067532714,,,,,0.0055057764864187,1.5478760825009326,0.2116580575786758,0.0488168682688425,6.853941981953099,0.279778637978668,False,False,,,1.0,1.3692978965895573,1.5083201568968154,1.0,1.0,False,False,Jamal Haynes,CIN,rookie_rule,True,udfa,False,,,,rookie_path,0.7,0.7,1.0,False,7.0,0.7,28.701985495349312,downward,True,,False,True,no_data,,off_chart,0.3,False,300.0,False,0.8041969537750469,False,1.0000000000000002,False,35.7612028620279,238.64282026275723,25.12001337082607,107.36926538839045,2025.0,CIN,canonical_source_team_frame,0.0,0.0,0.0,0.0,0.0,794.3588498417512,105.60842751061163,2.3639751147743238,0.0,0.0,projected_games,0.8903626926364158,0.0,2.3608346463751277
00-0036331,WR,2026,1.2714597387591198,0.0,0.0,5.125233521264832,False,,,,,,,0.0634171466560075,6.195278481701348,0.5428580213058801,,,0.9850453489555538,False,False,,,1.0,,,1.0,1.0,False,False,Devin Duvernay,ARI,veteran_model,True,,True,ACT,,deep_bench,deep_bench_discounted,6.306502566475613,6.306502566475613,0.94,True,6.0,6.306502566475613,24.338087108826755,downward,True,,False,True,,,,,,,,0.943688680030244,False,0.9999999999999998,False,36.21418096404104,240.76817941837584,24.988650455385,107.79252270381906,2025.0,ARI,canonical_source_team_frame,0.0,0.0,0.0,0.0,0.0,230.485557825984,61.09721757041359,2.4522766638891937,0.0,0.0,projected_games,8.018464105654802,0.0,32.322298355643504
00-0036959,WR,2026,1.2702626551822278,0.0,0.0,5.124036437687938,False,,,,,,,0.0331416498092542,7.5400223151862145,0.6348210496161621,,,0.9252876789484894,False,False,,,1.0,,,1.0,1.0,False,False,Michael Bandy,DEN,veteran_model,True,,False,ACT,,deep_bench,deep_bench_discounted,1.6926454257306671,1.6926454257306671,0.94,True,7.0,1.6926454257306671,18.024518158614,downward,True,,False,True,,,,,,,,0.9854034591801514,False,1.0,False,34.865759372852125,230.0782856671356,26.41359970598278,116.8514641863358,2025.0,DEN,canonical_source_team_frame,0.0,0.0,0.0,0.0,0.0,57.091900504519344,48.03783450360993,4.639782232459449,0.0,0.0,projected_games,2.1501042727706894,0.0,8.67317683752975
00-0035298,WR,2026,1.2625610305570945,0.0,0.0,5.116334813062807,False,,,,,,,0.0355104703973529,7.250286996529708,0.6489390170400126,,,1.1213056248922912,False,False,,,1.0,,,1.0,1.0,False,False,Scott Miller,CHI,veteran_model,True,,True,ACT,,deep_bench,deep_bench_discounted,8.982448475872836,8.982448475872836,0.94,True,6.0,8.982448475872836,18.449464280783285,downward,True,,False,True,,,,,,,,0.9135686161925484,False,1.0000000000000002,False,33.737891607375786,231.6083524098304,27.69702416995268,127.85615277062598,2025.0,CHI,canonical_source_team_frame,0.0,0.0,0.0,0.0,0.0,340.3099168024751,65.69620810933344,6.574845673487438,0.0,0.0,projected_games,11.34088940462401,0.0,45.95721384365114
00-0041317,WR,2026,1.258451372847949,0.0,0.0,3.9968967515870513,False,,,,,,,0.0283845137705002,7.779065529309839,0.620475474587928,,,1.11341186578922,False,False,,,0.9802549627291288,,,1.0,1.0,False,False,Nick DeGennaro,NE,rookie_rule,True,udfa,False,,,,rookie_path,0.6584992343032159,0.6584992343032159,1.0,False,10.0,0.6584992343032159,14.772857648172948,upward,True,,False,True,no_data,,off_chart,0.9739519860966824,False,653.0,False,1.0201427567537114,False,1.0,False,33.74673756144342,243.75690325453,26.991281582048,121.68752580253285,2025.0,NE,canonical_source_team_frame,0.0,0.0,0.0,0.0,0.0,0.0,25.51114389997366,2.053035900254038,1.1368683772161605e-13,0.0,projected_games,0.8286892654282052,0.0,2.631953450509084
00-0041322,WR,2026,1.258451372847949,0.0,0.0,3.9968967515870513,False,,,,,,,0.0283845137705002,7.779065529309839,0.620475474587928,,,1.11341186578922,False,False,,,0.9802549627291288,,,1.0,1.0,False,False,Jimmy Kibble,NE,rookie_rule,True,udfa,False,,,,rookie_path,0.6584992343032159,0.6584992343032159,1.0,False,13.0,0.6584992343032159,14.772857648172948,upward,True,,False,True,no_data,,off_chart,0.9739519860966824,False,653.0,False,1.0201427567537114,False,1.0,False,33.74673756144342,243.75690325453,26.991281582048,121.68752580253285,2025.0,NE,canonical_source_team_frame,0.0,0.0,0.0,0.0,0.0,0.0,25.51114389997366,2.053035900254038,1.1368683772161605e-13,0.0,projected_games,0.8286892654282052,0.0,2.631953450509084
00-0041319,WR,2026,1.258451372847949,0.0,0.0,3.9968967515870513,False,,,,,,,0.0283845137705002,7.779065529309839,0.620475474587928,,,1.11341186578922,False,False,,,0.9802549627291288,,,1.0,1.0,False,False,Cameron Dorner,NE,rookie_rule,True,udfa,False,,,,rookie_path,0.6584992343032159,0.6584992343032159,1.0,False,9.0,0.6584992343032159,14.772857648172948,upward,True,,False,True,no_data,,off_chart,0.9739519860966824,False,653.0,False,1.0201427567537114,False,1.0,False,33.74673756144342,243.75690325453,26.991281582048,121.68752580253285,2025.0,NE,canonical_source_team_frame,0.0,0.0,0.0,0.0,0.0,0.0,25.51114389997366,2.053035900254038,1.1368683772161605e-13,0.0,projected_games,0.8286892654282052,0.0,2.631953450509084
00-0041318,WR,2026,1.258451372847949,0.0,0.0,3.9968967515870513,False,,,,,,,0.0283845137705002,7.779065529309839,0.620475474587928,,,1.11341186578922,False,False,,,0.9802549627291288,,,1.0,1.0,False,False,Kyle Dixon,NE,rookie_rule,True,udfa,False,,,,rookie_path,0.6584992343032159,0.6584992343032159,1.0,False,8.0,0.6584992343032159,14.772857648172948,upward,True,,False,True,no_data,,off_chart,0.9739519860966824,False,653.0,False,1.0201427567537114,False,1.0,False,33.74673756144342,243.75690325453,26.991281582048,121.68752580253285,2025.0,NE,canonical_source_team_frame,0.0,0.0,0.0,0.0,0.0,0.0,25.51114389997366,2.053035900254038,1.1368683772161605e-13,0.0,projected_games,0.8286892654282052,0.0,2.631953450509084
00-0041165,RB,2026,1.257621520161508,0.0,0.0,3.3322873581533248,False,,1.6022716051189223,,,,,0.0055057764864187,1.5478760825009326,0.2116580575786758,0.05106882362182,6.5755728247264456,0.279778637978668,False,False,,,1.0,1.432464540362438,1.4470605471701958,1.0,1.0,False,False,Coleman Bennett,CHI,rookie_rule,True,udfa,False,,,,rookie_path,0.7,0.7,1.0,False,6.0,0.7,18.449464280783285,downward,True,,False,True,no_data,,off_chart,0.3,False,300.0,False,0.9135686161925484,False,1.0000000000000002,False,33.737891607375786,231.6083524098304,27.69702416995268,127.85615277062598,2025.0,CHI,canonical_source_team_frame,0.0,0.0,0.0,0.0,0.0,340.3099168024751,65.69620810933344,6.574845673487438,0.0,0.0,projected_games,0.8803350641130555,0.0,2.332601150707327
00-0039912,TE,2026,1.256134941295354,0.0,0.0,3.6680938803443226,False,,,,,,,0.0361282312119417,7.182658023781007,0.642199503291206,,,0.6628817956381162,False,False,,,1.0,,,1.0,1.0,False,False,Ben Sinnott,WAS,veteran_model,True,,False,ACT,,deep_bench,deep_bench_discounted,15.187552607493798,15.187552607493798,0.83,True,3.0,15.187552607493798,17.0832969419234,downward,True,,False,True,,,,,,,,0.7734083043982058,True,1.0000000000000002,False,32.6701069973832,214.93987374561607,27.270251462105467,124.11887818477246,2025.0,WAS,canonical_source_team_frame,0.0,0.0,0.0,0.0,0.0,827.96103755573,70.84056173480843,1.8215509938874952,0.0,0.0,projected_games,19.077615503034323,0.0,55.70936877695546
00-0040506,WR,2026,1.248800108214511,0.0,0.0,4.9317142839330295,False,,,,,,,0.078231666647078,5.309343799353505,0.4969514567933851,,,0.7021121595998956,False,False,,,1.0,,,1.0,1.0,False,False,Myles Price,MIN,veteran_model,True,,False,ACT,,deep_bench,deep_bench_discounted,5.818670058703423,5.818670058703423,0.86,True,5.0,5.818670058703423,23.81008358971931,downward,True,,False,True,,,,,,,,0.8282117242306364,False,1.0,False,33.3178469069799,212.14951525474893,25.942735935008912,113.22736292046942,2025.0,MIN,canonical_source_team_frame,0.0,0.0,0.0,0.0,0.0,619.5615903256335,79.08820679380477,5.267654923665397,5.684341886080803e-14,4.547473508864641e-13,projected_games,7.266355798973369,0.0,28.69601824200111
00-0040241,WR,2026,1.242302208972126,0.0,0.0,4.9252163846906445,False,,,,,,,0.0584584317687084,5.557753310622681,0.6715525745952149,,,1.00241971129512,False,False,,,1.0,,,1.0,1.0,False,False,Dominic Lovett,DET,veteran_model,True,,False,ACT,,deep_bench,deep_bench_discounted,5.165519439458785,5.165519439458785,0.86,True,5.0,5.165519439458785,22.61533745621171,downward,True,,False,True,,,,,,,,0.9785289193999536,False,0.9999999999999998,False,33.929940625091575,246.18800924276172,26.78972180276002,118.19003241053174,2025.0,DET,canonical_source_team_frame,0.0,0.0,0.0,0.0,0.0,89.86068401667671,8.57475959461226,2.843661959408699,0.0,4.547473508864641e-13,projected_games,6.417136210128106,0.0,25.44130097866044
00-0040894,WR,2026,1.2404723660986052,0.0,0.0,3.277533560581369,False,,,,,,,0.0368619700671711,7.126093989660749,0.6133822934590074,,,1.0374327788437605,False,False,,,1.0,,,1.0,0.8187354071744638,False,False,Malik Benson,LV,rookie_rule,True,drafted,False,,,,rookie_path,8.830769230769231,8.830769230769231,1.0,False,5.0,8.830769230769231,24.159418900454952,downward,True,,False,True,no_data,3.0,rank_3_plus,0.5557967037515567,False,65.0,False,0.6965108832860549,True,1.0000000000000002,False,33.852824030940056,214.57229132943425,25.40666637485797,101.2650936526983,2025.0,LV,canonical_source_team_frame,0.0,0.0,0.0,0.0,0.0,1107.0460378365742,61.55691682746948,0.0,0.0,2.273736754432321e-13,projected_games,10.95432520216307,0.0,28.943142519595476
00-0037539,TE,2026,1.2385843355783468,0.0,0.0,3.893705909563722,False,,,,,,,0.0252641347169853,6.999347287742102,0.7741295970044493,,,1.0994561805780585,False,False,,,1.0,,,1.0,1.0,False,False,Lucas Krull,DEN,veteran_model,True,,False,ACT,,deep_bench,deep_bench_discounted,3.126696624479354,3.126696624479354,1.0,False,5.0,3.126696624479354,18.024518158614,downward,True,,False,True,,,,,,,,0.9854034591801514,False,1.0,False,34.865759372852125,230.0782856671356,26.41359970598278,116.8514641863358,2025.0,DEN,canonical_source_team_frame,0.0,0.0,0.0,0.0,0.0,57.091900504519344,48.03783450360993,4.639782232459449,0.0,0.0,projected_games,3.87267746118582,0.0,12.174437124148202
00-0040431,WR,2026,1.2327208806673817,0.0,0.0,5.029727848432488,False,,,,,,,0.0811181586685855,5.19500651725847,0.4530225538600432,,,0.7004945296170392,False,False,,,1.0,,,0.9182512412543492,1.0,False,False,Dalen Cambre,NYG,veteran_model,True,,False,ACT,,deep_bench,deep_bench_discounted,1.6844151225929958,1.6844151225929958,0.94,True,12.0,1.6844151225929958,23.01824991096567,downward,True,,False,True,,,,,,,,0.969501997801332,False,1.0,False,33.2431579562698,223.72213877664484,27.96941585077396,122.67702612627788,2025.0,NYG,canonical_source_team_frame,0.0,0.0,0.0,0.0,0.0,115.99233076511427,0.0,0.95835366558714,5.684341886080803e-14,0.0,projected_games,2.0764136933322934,0.0,8.472149650426815
00-0040194,TE,2026,1.2212900602568175,0.0,0.0,3.6332489993057857,False,,,,,,,0.0656037676437539,5.134340800082947,0.6284667487719985,,,0.768495014045933,False,False,,,1.0,,,1.0,1.0,False,False,Jackson Hawes,BUF,veteran_model,True,,False,ACT,,deep_bench,deep_bench_discounted,14.869218953788607,14.869218953788607,0.83,True,3.0,14.869218953788607,20.07985848410768,downward,True,,False,True,,,,,,,,0.7844531400579932,True,1.0000000000000002,False,33.20980278431125,231.99901556001677,27.99616806245821,133.52559682822502,2025.0,BUF,canonical_source_team_frame,0.0,0.0,0.0,0.0,0.0,850.1132083311727,39.78679072911751,7.808599833668275,5.684341886080803e-14,0.0,projected_games,18.159629312044302,0.0,54.02357488431108
00-0041229,WR,2026,1.212896653597934,0.0,0.0,3.847559360103424,False,,,,,,,0.0270205842158924,7.554429208666717,0.5906604548718156,,,1.0599103204578668,False,False,,,1.0,,,1.0,1.0,False,False,E.J. Horton,IND,rookie_rule,True,udfa,False,,,,rookie_path,0.6584992343032159,0.6584992343032159,1.0,False,11.0,0.6584992343032159,22.377203022332637,downward,True,,False,True,no_data,,off_chart,0.9271517516679092,False,653.0,False,0.7292128354928176,True,0.9999999999999998,False,33.81962358341313,234.02719158280576,26.501089706236453,117.38641446396322,2025.0,IND,canonical_source_team_frame,0.0,0.0,0.0,0.0,0.0,1077.316513646881,80.42225690596678,8.539487741748761,1.1368683772161605e-13,2.273736754432321e-13,projected_games,0.7986915176831724,0.0,2.533614892564276
00-0041228,WR,2026,1.212896653597934,0.0,0.0,3.847559360103424,False,,,,,,,0.0270205842158924,7.554429208666717,0.5906604548718156,,,1.0599103204578668,False,False,,,1.0,,,1.0,1.0,False,False,Sahmir Hagans,IND,rookie_rule,True,udfa,False,,,,rookie_path,0.6584992343032159,0.6584992343032159,1.0,False,10.0,0.6584992343032159,22.377203022332637,downward,True,,False,True,no_data,,off_chart,0.9271517516679092,False,653.0,False,0.7292128354928176,True,0.9999999999999998,False,33.81962358341313,234.02719158280576,26.501089706236453,117.38641446396322,2025.0,IND,canonical_source_team_frame,0.0,0.0,0.0,0.0,0.0,1077.316513646881,80.42225690596678,8.539487741748761,1.1368683772161605e-13,2.273736754432321e-13,projected_games,0.7986915176831724,0.0,2.533614892564276
00-0041233,WR,2026,1.212896653597934,0.0,0.0,3.847559360103424,False,,,,,,,0.0270205842158924,7.554429208666717,0.5906604548718156,,,1.0599103204578668,False,False,,,1.0,,,1.0,1.0,False,False,Raylen Sharpe,IND,rookie_rule,True,udfa,False,,,,rookie_path,0.6584992343032159,0.6584992343032159,1.0,False,12.0,0.6584992343032159,22.377203022332637,downward,True,,False,True,no_data,,off_chart,0.9271517516679092,False,653.0,False,0.7292128354928176,True,0.9999999999999998,False,33.81962358341313,234.02719158280576,26.501089706236453,117.38641446396322,2025.0,IND,canonical_source_team_frame,0.0,0.0,0.0,0.0,0.0,1077.316513646881,80.42225690596678,8.539487741748761,1.1368683772161605e-13,2.273736754432321e-13,projected_games,0.7986915176831724,0.0,2.533614892564276
00-0039816,WR,2026,1.211650378471186,0.0,0.0,5.065424160976898,False,,,,,,,0.0497872580522537,6.135553325711896,0.5987429951729484,,,0.8398749749168898,False,False,,,1.0,,,1.0,1.0,False,False,Anthony Gould,IND,veteran_model,True,,False,ACT,,deep_bench,deep_bench_discounted,5.63055736248533,5.63055736248533,0.94,True,6.0,5.63055736248533,22.377203022332637,downward,True,,False,True,,,,,,,,0.7292128354928176,True,0.9999999999999998,False,33.81962358341313,234.02719158280576,26.501089706236453,117.38641446396322,2025.0,IND,canonical_source_team_frame,0.0,0.0,0.0,0.0,0.0,1077.316513646881,80.42225690596678,8.539487741748761,1.1368683772161605e-13,2.273736754432321e-13,projected_games,6.822266959259074,0.0,28.521161303699547
00-0034867,WR,2026,1.2049721025233047,0.0,0.0,5.0587458850290155,False,,,,,,,0.0479170918691032,6.5855407607352925,0.5178309504703125,,,0.93131014258033,False,False,,,1.0,,,1.0,1.0,False,False,Malik Turner,SF,veteran_model,True,,False,ACT,,deep_bench,deep_bench_discounted,1.876739150164884,1.876739150164884,0.94,True,10.0,1.876739150164884,20.268882541673257,downward,True,,False,True,,,,,,,,0.991540844247621,False,1.0000000000000002,False,34.24847968425997,240.1216094230843,26.911226973415506,112.91814451887672,2025.0,SF,canonical_source_team_frame,0.0,0.0,0.0,0.0,0.0,34.530843591570374,14.986003777602036,7.225861317038813,0.0,0.0,projected_games,2.2614183196619804,0.0,9.493946453169459
00-0035645,WR,2026,1.2013926616086905,0.0,0.0,4.998399629373797,False,,,,,,,0.030672765500859,7.494849788651524,0.535742179476768,,,1.062713641572863,False,False,,,1.0,,,0.9182512412543492,1.0,False,False,Gunner Olszewski,NYG,veteran_model,True,,False,RES,,deep_bench,deep_bench_discounted,2.4990717263049413,2.4990717263049413,0.94,True,15.0,2.4990717263049413,23.01824991096567,downward,True,,False,True,,,,,,,,0.969501997801332,False,1.0,False,33.2431579562698,223.72213877664484,27.96941585077396,122.67702612627788,2025.0,NYG,canonical_source_team_frame,0.0,0.0,0.0,0.0,0.0,115.99233076511427,0.0,0.95835366558714,5.684341886080803e-14,0.0,projected_games,3.0023664328165185,0.0,12.491359190541154
00-0041185,WR,2026,1.200269515865529,0.0,0.0,3.756591783693901,False,,,,,,,0.0224891672225959,7.659116690845918,0.5988456868907236,,,1.074598305442515,False,False,,,1.0,,,1.0,0.820921459452458,False,False,Vinny Anthony II,ATL,rookie_rule,True,udfa,False,,,,rookie_path,8.166666666666666,8.166666666666666,1.0,False,6.0,8.166666666666666,20.515452025454977,downward,True,,False,True,below_median,3.0,rank_3_plus,1.0,False,36.0,False,0.9033427562717592,False,1.0000000000000002,False,33.103575893134035,223.67610131731223,27.56553569236133,121.02128748507276,2025.0,ATL,canonical_source_team_frame,0.0,1.1368683772161605e-13,7.073038149771035e-14,9.094947017729282e-13,4.276533072858189e-15,367.538562500572,13.838496018552236,0.0,5.684341886080803e-14,0.0,projected_games,9.802201046235153,0.0,30.678832900166856
00-0036862,WR,2026,1.1979763942362809,0.0,0.0,4.880890569954799,False,,,,,,,0.0270775349447831,7.639560175929606,0.543110333949243,,,1.171059402247767,False,False,,,1.0,,,1.0,1.0,False,False,Ben Skowronek,PIT,veteran_model,True,,False,ACT,,deep_bench,deep_bench_discounted,9.158944844347351,9.158944844347351,0.86,True,5.0,9.158944844347351,21.24394245613634,downward,True,,False,True,,,,,,,,0.877056421443679,False,1.0,False,33.528333841849026,220.6189626135148,26.33273552345513,112.30420927129472,2025.0,PIT,canonical_source_team_frame,0.0,0.0,0.0,0.0,0.0,461.1026409385077,45.487651964804456,0.196712414829836,0.0,2.273736754432321e-13,projected_games,10.972199719640214,0.0,44.70380752151111
00-0040120,WR,2026,1.184389663050837,0.0,0.0,5.038163445556548,False,,,,,,,0.0628400160664902,6.101283370342697,0.394442459235252,,,0.6017488247975893,False,False,,,1.0,,,1.0,1.0,False,False,Jimmy Holiday,KC,veteran_model,True,,False,ACT,,deep_bench,deep_bench_discounted,1.335866610990657,1.335866610990657,0.94,True,8.0,1.335866610990657,26.280421420954912,downward,True,,False,True,,,,,,,,0.7601284095142968,True,1.0,False,35.16444525693558,230.5791949901617,25.92765596122493,113.12700304519306,2025.0,KC,canonical_source_team_frame,0.0,0.0,0.0,0.0,0.0,940.259769998454,130.5185425896733,7.9994206468329025,1.1368683772161605e-13,0.0,projected_games,1.5821866052720879,0.0,6.730314327632637
00-0033455,TE,2026,1.1799381678312932,0.0,0.0,3.8350597418166688,False,,,,,,,0.032368913557049,6.464869481393854,0.6784754766992277,,,0.8790644440363697,False,False,,,1.0,,,1.0,1.0,False,False,Anthony Firkser,WAS,veteran_model,True,,True,ACT,,deep_bench,deep_bench_discounted,4.580613445604548,4.580613445604548,1.0,False,4.0,4.580613445604548,17.0832969419234,downward,True,,False,True,,,,,,,,0.7734083043982058,True,1.0000000000000002,False,32.6701069973832,214.93987374561607,27.270251462105467,124.11887818477246,2025.0,WAS,canonical_source_team_frame,0.0,0.0,0.0,0.0,0.0,827.96103755573,70.84056173480843,1.8215509938874952,0.0,0.0,projected_games,5.404840636550018,0.0,17.56692621806214
00-0037348,TE,2026,1.1784766006299345,0.0,0.0,3.788073560231614,False,,,,,,,0.0344733971076299,5.603956949753028,0.8224810460177043,,,1.1563964743933122,False,False,,,1.0,,,0.9182512412543492,1.0,False,False,Tanner Conner,NYG,veteran_model,True,,True,ACT,,deep_bench,deep_bench_discounted,4.581226584554157,4.581226584554157,1.0,False,5.0,4.581226584554157,23.01824991096567,downward,True,,False,True,,,,,,,,0.969501997801332,False,1.0,False,33.2431579562698,223.72213877664484,27.96941585077396,122.67702612627788,2025.0,NYG,canonical_source_team_frame,0.0,0.0,0.0,0.0,0.0,115.99233076511427,0.0,0.95835366558714,5.684341886080803e-14,0.0,projected_games,5.398868332080869,0.0,17.354023298379783
00-0038783,TE,2026,1.1650483174012223,0.0,0.0,3.8201698913865982,False,,,,,,,0.0318796181608278,6.284790178462206,0.69058318118007,,,0.9486339833196008,False,False,,,1.0,,,1.0,1.0,False,False,Nate Adkins,DEN,veteran_model,True,,False,ACT,,deep_bench,deep_bench_discounted,5.397246220961123,5.397246220961123,1.0,False,4.0,5.397246220961123,18.024518158614,downward,True,,False,True,,,,,,,,0.9854034591801514,False,1.0,False,34.865759372852125,230.0782856671356,26.41359970598278,116.8514641863358,2025.0,DEN,canonical_source_team_frame,0.0,0.0,0.0,0.0,0.0,57.091900504519344,48.03783450360993,4.639782232459449,0.0,0.0,projected_games,6.288052628330862,0.0,20.61839750971578
00-0038840,WR,2026,1.141626977098797,0.0,0.0,4.995400759604508,False,,,,,,,0.0263474955528715,7.286102222766742,0.5098635630097877,,,0.9567063227660196,False,False,,,1.0,,,1.0,1.0,False,False,Brycen Tremayne,CAR,veteran_model,True,,False,ACT,,deep_bench,deep_bench_discounted,3.3117132857540725,3.3117132857540725,0.94,True,7.0,3.3117132857540725,19.92286534491023,downward,True,,False,True,,,,,,,,0.762642225796171,True,1.0000000000000002,False,33.081719189069275,214.5393770638172,26.97993809377384,116.45261469433012,2025.0,CAR,canonical_source_team_frame,0.0,0.0,0.0,0.0,0.0,865.6840133220421,82.42672504867357,7.690814341352549,0.0,2.273736754432321e-13,projected_games,3.7807412274333463,0.0,16.543335063248236
00-0037093,WR,2026,1.1386169748859074,0.0,0.0,4.75435508219101,False,,,,,,,0.0385258268561882,6.120114643538069,0.5909010987899428,,,1.0050240108184612,False,False,,,1.0,,,1.0,0.8187354071744638,False,False,Dareke Young,LV,veteran_model,True,,True,ACT,,deep_bench,deep_bench_discounted,6.895056361487674,6.895056361487674,0.94,True,6.0,6.895056361487674,24.159418900454952,downward,True,,False,True,,,,,,,,0.6965108832860549,True,1.0000000000000002,False,33.852824030940056,214.57229132943425,25.40666637485797,101.2650936526983,2025.0,LV,canonical_source_team_frame,0.0,0.0,0.0,0.0,0.0,1107.0460378365742,61.55691682746948,0.0,0.0,2.273736754432321e-13,projected_games,7.850828215984927,0.0,32.781546254232374
00-0041446,WR,2026,1.1375073580845938,0.0,0.0,3.028217936924057,False,,,,,,,0.0397180961341823,6.286443245660581,0.5411089134268835,,,0.9151945364250976,False,False,,,1.0,,,1.0,1.0,False,False,Kendrick Law,DET,rookie_rule,True,drafted,False,,,,rookie_path,2.163636363636364,2.163636363636364,1.0,False,,2.163636363636364,22.61533745621171,downward,True,,False,True,no_data,,off_chart,0.4903084970993662,False,55.0,False,0.9785289193999536,False,0.9999999999999998,False,33.929940625091575,246.18800924276172,26.78972180276002,118.19003241053174,2025.0,DET,canonical_source_team_frame,0.0,0.0,0.0,0.0,0.0,89.86068401667671,8.57475959461226,2.843661959408699,0.0,4.547473508864641e-13,projected_games,2.461152283855758,0.0,6.551962445344779
00-0034487,WR,2026,1.1362180836068987,0.0,0.0,4.989991866112609,False,,,,,,,0.0190711223191778,7.404761852919627,0.5626303287997381,,,0.7618405041208925,False,False,,,1.0,,,1.0,1.0,False,False,Trent Sherfield,BUF,veteran_model,True,,True,ACT,,deep_bench,deep_bench_discounted,1.8080369012208608,1.8080369012208608,0.94,True,8.0,1.8080369012208608,20.07985848410768,downward,True,,False,True,,,,,,,,0.7844531400579932,True,1.0000000000000002,False,33.20980278431125,231.99901556001677,27.99616806245821,133.52559682822502,2025.0,BUF,canonical_source_team_frame,0.0,0.0,0.0,0.0,0.0,850.1132083311727,39.78679072911751,7.808599833668275,5.684341886080803e-14,0.0,projected_games,2.054324222995722,0.0,9.022089430723542
00-0032951,WR,2026,1.1263461415222886,0.0,0.0,4.980119924027999,False,,,,,,,0.0716046485920612,4.510717938485319,0.491292912242779,,,0.8350901898297866,False,False,,,1.0,,,1.0,1.0,False,False,Laquon Treadwell,IND,veteran_model,True,,False,ACT,,deep_bench,deep_bench_discounted,1.2050810908681393,1.2050810908681393,0.94,True,7.0,1.2050810908681393,22.377203022332637,downward,True,,False,True,,,,,,,,0.7292128354928176,True,0.9999999999999998,False,33.81962358341313,234.02719158280576,26.501089706236453,117.38641446396322,2025.0,IND,canonical_source_team_frame,0.0,0.0,0.0,0.0,0.0,1077.316513646881,80.42225690596678,8.539487741748761,1.1368683772161605e-13,2.273736754432321e-13,projected_games,1.3573384369207993,0.0,6.001448350701816
00-0041220,WR,2026,1.1233658331263143,0.0,0.0,3.5635490569160355,False,,,,,,,0.0250260407671203,6.996793697644106,0.5470604375183638,,,0.9816722938828616,False,False,,,1.0,,,1.0,1.0,False,False,Michael Wortham,JAX,rookie_rule,True,udfa,False,,,,rookie_path,0.6584992343032159,0.6584992343032159,1.0,False,13.0,0.6584992343032159,20.206407261437764,downward,True,,False,True,no_data,,off_chart,0.8587133923218838,False,653.0,False,0.8618509111010552,False,1.0000000000000002,False,34.28151954965283,230.8790754929431,27.42470108063263,117.85711799660008,2025.0,JAX,canonical_source_team_frame,0.0,0.0,0.0,0.0,0.0,542.2274767280733,103.90199907631133,11.6552462028087,0.0,2.273736754432321e-13,projected_games,0.7397355409560722,0.0,2.3465943253811563
00-0041215,WR,2026,1.1233658331263143,0.0,0.0,3.5635490569160355,False,,,,,,,0.0250260407671203,6.996793697644106,0.5470604375183638,,,0.9816722938828616,False,False,,,1.0,,,1.0,1.0,False,False,Ben Patterson,JAX,rookie_rule,True,udfa,False,,,,rookie_path,0.6584992343032159,0.6584992343032159,1.0,False,11.0,0.6584992343032159,20.206407261437764,downward,True,,False,True,no_data,,off_chart,0.8587133923218838,False,653.0,False,0.8618509111010552,False,1.0000000000000002,False,34.28151954965283,230.8790754929431,27.42470108063263,117.85711799660008,2025.0,JAX,canonical_source_team_frame,0.0,0.0,0.0,0.0,0.0,542.2274767280733,103.90199907631133,11.6552462028087,0.0,2.273736754432321e-13,projected_games,0.7397355409560722,0.0,2.3465943253811563
00-0041205,WR,2026,1.1233658331263143,0.0,0.0,3.5635490569160355,False,,,,,,,0.0250260407671203,6.996793697644106,0.5470604375183638,,,0.9816722938828616,False,False,,,1.0,,,1.0,1.0,False,False,Brady Boyd,JAX,rookie_rule,True,udfa,False,,,,rookie_path,0.6584992343032159,0.6584992343032159,1.0,False,10.0,0.6584992343032159,20.206407261437764,downward,True,,False,True,no_data,,off_chart,0.8587133923218838,False,653.0,False,0.8618509111010552,False,1.0000000000000002,False,34.28151954965283,230.8790754929431,27.42470108063263,117.85711799660008,2025.0,JAX,canonical_source_team_frame,0.0,0.0,0.0,0.0,0.0,542.2274767280733,103.90199907631133,11.6552462028087,0.0,2.273736754432321e-13,projected_games,0.7397355409560722,0.0,2.3465943253811563
00-0041206,WR,2026,1.1233658331263143,0.0,0.0,3.5635490569160355,False,,,,,,,0.0250260407671203,6.996793697644106,0.5470604375183638,,,0.9816722938828616,False,False,,,1.0,,,1.0,1.0,False,False,Alex Bullock,JAX,rookie_rule,True,udfa,False,,,,rookie_path,0.6584992343032159,0.6584992343032159,1.0,False,,0.6584992343032159,20.206407261437764,downward,True,,False,True,no_data,,off_chart,0.8587133923218838,False,653.0,False,0.8618509111010552,False,1.0000000000000002,False,34.28151954965283,230.8790754929431,27.42470108063263,117.85711799660008,2025.0,JAX,canonical_source_team_frame,0.0,0.0,0.0,0.0,0.0,542.2274767280733,103.90199907631133,11.6552462028087,0.0,2.273736754432321e-13,projected_games,0.7397355409560722,0.0,2.3465943253811563
00-0041216,WR,2026,1.1233658331263143,0.0,0.0,3.5635490569160355,False,,,,,,,0.0250260407671203,6.996793697644106,0.5470604375183638,,,0.9816722938828616,False,False,,,1.0,,,1.0,1.0,False,False,Trebor Pena,JAX,rookie_rule,True,udfa,False,,,,rookie_path,0.6584992343032159,0.6584992343032159,1.0,False,12.0,0.6584992343032159,20.206407261437764,downward,True,,False,True,no_data,,off_chart,0.8587133923218838,False,653.0,False,0.8618509111010552,False,1.0000000000000002,False,34.28151954965283,230.8790754929431,27.42470108063263,117.85711799660008,2025.0,JAX,canonical_source_team_frame,0.0,0.0,0.0,0.0,0.0,542.2274767280733,103.90199907631133,11.6552462028087,0.0,2.273736754432321e-13,projected_games,0.7397355409560722,0.0,2.3465943253811563
00-0038896,RB,2026,1.1227567046948217,0.0,0.0,6.1918509540383715,False,,1.7004766308176904,,,,,0.0048459685623257,2.287209588163732,0.2311269445538378,0.0234912395258216,6.084490250726457,0.2931279406232667,False,False,,,1.0,1.2383454255285065,1.1873054200979285,1.0,1.0,False,False,Jacob Saylors,DET,veteran_model,True,,False,ACT,,deep_bench,deep_bench_discounted,2.983273685435201,2.983273685435201,0.7,True,4.0,2.983273685435201,22.61533745621171,downward,True,,False,True,,,,,,,,0.9785289193999536,False,0.9999999999999998,False,33.929940625091575,246.18800924276172,26.78972180276002,118.19003241053174,2025.0,DET,canonical_source_team_frame,0.0,0.0,0.0,0.0,0.0,89.86068401667671,8.57475959461226,2.843661959408699,0.0,4.547473508864641e-13,projected_games,3.3494905322620023,0.0,18.47198601531952
00-0038911,WR,2026,1.1183552947962516,0.0,0.0,4.972129077301962,False,,,,,,,0.0593626292460526,4.809304808324396,0.5624980769749927,,,0.718732532374064,False,False,,,1.0,,,1.0,1.0,False,False,Malik Cunningham,DET,veteran_model,True,,False,ACT,,deep_bench,deep_bench_discounted,2.112708720132584,2.112708720132584,0.94,True,8.0,2.112708720132584,22.61533745621171,downward,True,,False,True,,,,,,,,0.9785289193999536,False,0.9999999999999998,False,33.929940625091575,246.18800924276172,26.78972180276002,118.19003241053174,2025.0,DET,canonical_source_team_frame,0.0,0.0,0.0,0.0,0.0,89.86068401667671,8.57475959461226,2.843661959408699,0.0,4.547473508864641e-13,projected_games,2.3627589835224874,0.0,10.504660459240633
00-0040259,WR,2026,1.1172628603510142,0.0,0.0,4.971036642856725,False,,,,,,,0.0203122402337013,6.356230549018846,0.7195327280938433,,,1.2444922138369288,False,False,,,1.0,,,1.0,1.0,False,False,Gage Larvadain,CLE,veteran_model,True,,False,ACT,,deep_bench,deep_bench_discounted,3.865570125270291,3.865570125270291,0.94,True,9.0,3.865570125270291,10.284063846891716,upward,True,,False,True,,,,,,,,0.8164913489925817,False,1.0,False,33.8207863840279,210.1034066660231,26.544835692755186,109.30283679541014,2025.0,CLE,canonical_source_team_frame,0.0,0.0,0.0,0.0,0.0,655.4484763988635,98.14797606559432,2.452388874511467,5.684341886080803e-14,2.273736754432321e-13,projected_games,4.318857935046913,0.0,19.215890738250877
00-0034418,WR,2026,1.105899492031433,0.0,0.0,4.959673274537144,False,,,,,,,0.0220092786315714,6.7007254475534905,0.6075425509733108,,,1.0579939409316022,False,False,,,1.0,,,1.0,1.0,False,False,Cedrick Wilson Jr.,DET,veteran_model,True,,True,ACT,,deep_bench,deep_bench_discounted,8.799131872639133,8.799131872639133,0.94,True,6.0,8.799131872639133,22.61533745621171,downward,True,,False,True,,,,,,,,0.9785289193999536,False,0.9999999999999998,False,33.929940625091575,246.18800924276172,26.78972180276002,118.19003241053174,2025.0,DET,canonical_source_team_frame,0.0,0.0,0.0,0.0,0.0,89.86068401667671,8.57475959461226,2.843661959408699,0.0,4.547473508864641e-13,projected_games,9.730955468269208,0.0,43.64081918785628
00-0035631,TE,2026,1.0952317631863777,0.0,0.0,3.6073164930915143,False,,,,,,,0.0689846497741308,4.624466051124246,0.4377545188583368,,,0.6229860056829889,False,False,,,1.0,,,1.0,1.0,False,False,Drew Sample,CIN,veteran_model,True,,False,ACT,1.0,starter,curated,16.00570021386292,16.00570021386292,0.9,True,2.0,16.00570021386292,28.701985495349312,downward,True,,False,True,,,,,,,,0.8041969537750469,False,1.0000000000000002,False,35.7612028620279,238.64282026275723,25.12001337082607,107.36926538839045,2025.0,CIN,canonical_source_team_frame,0.0,0.0,0.0,0.0,0.0,794.3588498417512,105.60842751061163,2.3639751147743238,0.0,0.0,projected_games,17.52995126626167,0.0,57.73762636494609
00-0037132,WR,2026,1.0932903450508205,0.0,0.0,4.947064127556531,False,,,,,,,0.0377179757989883,5.8475916776540044,0.5644466449829805,,,0.9666307620286312,False,False,,,1.0,,,1.0,1.0,False,False,Britain Covey,PHI,veteran_model,True,,False,ACT,,deep_bench,deep_bench_discounted,1.6267685983942166,1.6267685983942166,0.94,True,8.0,1.6267685983942166,22.734366573198308,downward,True,,False,True,,,,,,,,0.9852092383981552,False,1.0,False,32.80466217687678,217.87283255481577,27.5089337932841,118.95482935957656,2025.0,PHI,canonical_source_team_frame,0.0,1.1368683772161605e-13,7.218158658701871e-14,9.094947017729282e-13,5.402090322974834e-15,54.78258713922742,30.42911752801558,3.044085996966416,0.0,0.0,projected_games,1.7785304022562527,0.0,8.047728576951446
00-0040352,WR,2026,1.0869349133271449,0.0,0.0,4.940708695832855,False,,,,,,,0.0347228303541388,5.918166812170037,0.573562499970617,,,0.8041560171575202,False,False,,,1.0,,,1.0,1.0,False,False,Coleman Owen,IND,veteran_model,True,,False,ACT,,deep_bench,deep_bench_discounted,1.4189356131490494,1.4189356131490494,0.94,True,8.0,1.4189356131490494,22.377203022332637,downward,True,,False,True,,,,,,,,0.7292128354928176,True,0.9999999999999998,False,33.81962358341313,234.02719158280576,26.501089706236453,117.38641446396322,2025.0,IND,canonical_source_team_frame,0.0,0.0,0.0,0.0,0.0,1077.316513646881,80.42225690596678,8.539487741748761,1.1368683772161605e-13,2.273736754432321e-13,projected_games,1.542290657694961,0.0,7.010547522712432
00-0041201,WR,2026,1.0768052107356911,0.0,0.0,3.414791605059486,False,,,,,,,0.0238515504795831,6.672798261509531,0.5328321634144786,,,1.0115421060730627,False,False,,,0.925532119166682,,,0.945230425597829,0.924926104234489,False,False,DT Sheffield,NYJ,rookie_rule,True,udfa,False,,,,rookie_path,0.6584992343032159,0.6584992343032159,1.0,False,9.0,0.6584992343032159,22.00089020868356,downward,True,,False,True,no_data,,off_chart,0.8848418752318088,False,653.0,False,1.0804595316479846,False,1.0,False,32.407872629000565,201.1291021889327,27.45450069012769,119.16603389972052,2025.0,NYJ,canonical_source_team_frame,0.0,0.0,0.0,0.0,0.0,0.0,0.0,0.0,0.0,2.273736754432321e-13,projected_games,0.7090754067631656,0.0,2.248637657236721
00-0041267,WR,2026,1.0768052107356911,0.0,0.0,3.414791605059486,False,,,,,,,0.0238515504795831,6.672798261509531,0.5328321634144786,,,1.0115421060730627,False,False,,,0.925532119166682,,,0.945230425597829,0.924926104234489,False,False,Malik McClain,NYJ,rookie_rule,True,udfa,False,,,,rookie_path,0.6584992343032159,0.6584992343032159,1.0,False,10.0,0.6584992343032159,22.00089020868356,downward,True,,False,True,no_data,,off_chart,0.8848418752318088,False,653.0,False,1.0804595316479846,False,1.0,False,32.407872629000565,201.1291021889327,27.45450069012769,119.16603389972052,2025.0,NYJ,canonical_source_team_frame,0.0,0.0,0.0,0.0,0.0,0.0,0.0,0.0,0.0,2.273736754432321e-13,projected_games,0.7090754067631656,0.0,2.248637657236721
00-0041311,WR,2026,1.0768052107356911,0.0,0.0,3.414791605059486,False,,,,,,,0.0238515504795831,6.672798261509531,0.5328321634144786,,,1.0115421060730627,False,False,,,0.925532119166682,,,0.945230425597829,0.924926104234489,False,False,Jalen Walthall,NYJ,rookie_rule,True,udfa,False,,,,rookie_path,0.6584992343032159,0.6584992343032159,1.0,False,,0.6584992343032159,22.00089020868356,downward,True,,False,True,no_data,,off_chart,0.8848418752318088,False,653.0,False,1.0804595316479846,False,1.0,False,32.407872629000565,201.1291021889327,27.45450069012769,119.16603389972052,2025.0,NYJ,canonical_source_team_frame,0.0,0.0,0.0,0.0,0.0,0.0,0.0,0.0,0.0,2.273736754432321e-13,projected_games,0.7090754067631656,0.0,2.248637657236721
00-0041199,WR,2026,1.0768052107356911,0.0,0.0,3.414791605059486,False,,,,,,,0.0238515504795831,6.672798261509531,0.5328321634144786,,,1.0115421060730627,False,False,,,0.925532119166682,,,0.945230425597829,0.924926104234489,False,False,Caullin Lacy,NYJ,rookie_rule,True,udfa,False,,,,rookie_path,0.6584992343032159,0.6584992343032159,1.0,False,8.0,0.6584992343032159,22.00089020868356,downward,True,,False,True,no_data,,off_chart,0.8848418752318088,False,653.0,False,1.0804595316479846,False,1.0,False,32.407872629000565,201.1291021889327,27.45450069012769,119.16603389972052,2025.0,NYJ,canonical_source_team_frame,0.0,0.0,0.0,0.0,0.0,0.0,0.0,0.0,0.0,2.273736754432321e-13,projected_games,0.7090754067631656,0.0,2.248637657236721
00-0038046,TE,2026,1.075962919674224,0.0,0.0,3.487921858723193,False,,,,,,,0.0325966988980392,5.89765678578628,0.5812340954147214,,,0.8484601607859644,False,False,,,1.0,,,1.0,1.0,False,False,Charlie Kolar,LAC,veteran_model,True,,True,ACT,2.0,backup,curated,14.765321483757113,14.765321483757113,0.83,True,3.0,14.765321483757113,18.14132108931228,downward,True,,False,True,,,,,,,,0.896434828715537,False,1.0,False,34.810666017945884,231.0080210563423,26.605299733204117,118.73885720842677,2025.0,LAC,canonical_source_team_frame,0.0,0.0,0.0,0.0,0.0,406.7145495693435,95.61154335628294,8.79102244326705,0.0,0.0,projected_games,15.886938413591848,0.0,51.5002875542716
00-0036567,RB,2026,1.0755815770038049,0.0,0.0,6.542907248882965,False,,1.3682266179129745,,,,,0.0066978350081863,2.093746921285814,0.3098936176459531,0.0176240323487021,5.653288719109163,0.3754527168211611,False,False,,,1.0,1.285190600251097,1.406957869337138,1.0,1.0,False,False,Elijah Mitchell,PHI,veteran_model,True,,True,ACT,,deep_bench,deep_bench_discounted,1.6449231683104395,1.6449231683104395,0.7,True,5.0,1.6449231683104395,22.734366573198308,downward,True,,False,True,,,,,,,,0.9852092383981552,False,1.0,False,32.80466217687678,217.87283255481577,27.5089337932841,118.95482935957656,2025.0,PHI,canonical_source_team_frame,0.0,1.1368683772161605e-13,7.218158658701871e-14,9.094947017729282e-13,5.402090322974834e-15,54.78258713922742,30.42911752801558,3.044085996966416,0.0,0.0,projected_games,1.7692490554214377,0.0,10.762579721793909
00-0041221,RB,2026,1.0652329909175173,0.0,0.0,2.8237673798226357,False,,1.3935377407160254,,,,,0.0055057764864187,1.5478760825009326,0.2116580575786758,0.0444158985677676,5.050863035529682,0.279778637978668,False,False,,,1.0,1.2458520720551196,1.1115236379698008,1.0,1.0,False,False,Jackson Acker,BUF,rookie_rule,True,udfa,False,,,,rookie_path,0.7,0.7,1.0,False,,0.7,20.07985848410768,downward,True,,False,True,no_data,,off_chart,0.3,False,300.0,False,0.7844531400579932,True,1.0000000000000002,False,33.20980278431125,231.99901556001677,27.99616806245821,133.52559682822502,2025.0,BUF,canonical_source_team_frame,0.0,0.0,0.0,0.0,0.0,850.1132083311727,39.78679072911751,7.808599833668275,5.684341886080803e-14,0.0,projected_games,0.7456630936422621,0.0,1.9766371658758448
00-0041273,RB,2026,1.0652329909175173,0.0,0.0,2.8237673798226357,False,,1.3935377407160254,,,,,0.0055057764864187,1.5478760825009326,0.2116580575786758,0.0444158985677676,5.050863035529682,0.279778637978668,False,False,,,1.0,1.2458520720551196,1.1115236379698008,1.0,1.0,False,False,Desmond Reid,BUF,rookie_rule,True,udfa,False,,,,rookie_path,0.7,0.7,1.0,False,,0.7,20.07985848410768,downward,True,,False,True,no_data,,off_chart,0.3,False,300.0,False,0.7844531400579932,True,1.0000000000000002,False,33.20980278431125,231.99901556001677,27.99616806245821,133.52559682822502,2025.0,BUF,canonical_source_team_frame,0.0,0.0,0.0,0.0,0.0,850.1132083311727,39.78679072911751,7.808599833668275,5.684341886080803e-14,0.0,projected_games,0.7456630936422621,0.0,1.9766371658758448
00-0041376,RB,2026,1.064336029116695,0.0,0.0,2.824914784330489,False,,1.2697539079590443,,,,,0.0055057764864187,1.5478760825009326,0.2116580575786758,0.0404705657651995,5.278613385675547,0.279778637978668,False,False,,,1.0,1.1351867201085193,1.161643765156437,1.0,1.0,False,False,Gregory Desrosiers,LAC,rookie_rule,True,udfa,False,,,,rookie_path,0.7,0.7,1.0,False,,0.7,18.14132108931228,downward,True,,False,True,no_data,,off_chart,0.3,False,300.0,False,0.896434828715537,False,1.0,False,34.810666017945884,231.0080210563423,26.605299733204117,118.73885720842677,2025.0,LAC,canonical_source_team_frame,0.0,0.0,0.0,0.0,0.0,406.7145495693435,95.61154335628294,8.79102244326705,0.0,0.0,projected_games,0.7450352203816865,0.0,1.9774403490313424
00-0040432,WR,2026,1.0450730836293571,0.0,0.0,4.842080051394463,False,,,,,,,0.0386891956471085,5.393488998380184,0.547178019817375,,,0.9221052882542834,False,False,,,1.0,,,0.9182512412543492,1.0,False,False,Beaux Collins,NYG,veteran_model,True,,False,ACT,,deep_bench,deep_bench_discounted,2.3835742302860736,2.3835742302860736,0.94,True,11.0,2.3835742302860736,23.01824991096567,downward,True,,False,True,,,,,,,,0.969501997801332,False,1.0,False,33.2431579562698,223.72213877664484,27.96941585077396,122.67702612627788,2025.0,NYG,canonical_source_team_frame,0.0,0.0,0.0,0.0,0.0,115.99233076511427,0.0,0.95835366558714,5.684341886080803e-14,0.0,projected_games,2.4910092709045384,0.0,11.54145723148611
00-0037745,WR,2026,1.0363274403662124,0.0,0.0,4.569739460145938,False,,,,,,,0.0506433611914417,4.497980873429025,0.5653383717493191,,,0.7721429807404164,False,False,,,1.0,,,1.0,1.0,False,False,Velus Jones Jr.,SEA,veteran_model,True,,False,ACT,,deep_bench,deep_bench_discounted,3.534022566002349,3.534022566002349,0.79,True,,3.534022566002349,19.49564219328384,downward,True,,False,True,,,,,,,,0.8711510504345189,False,0.9999999999999998,False,32.225819234062534,233.14110074227904,27.938112728980386,119.71891792298418,2025.0,SEA,canonical_source_team_frame,0.0,0.0,0.0,0.0,0.0,510.67976083010535,11.991597195078668,6.6499636008200405,0.0,0.0,projected_games,3.6624045600216486,0.0,16.149562372907138
00-0041161,RB,2026,1.0311780332340694,0.0,0.0,2.7329212635258973,False,,1.303330527768538,,,,,0.0050141176504773,1.5478760825009326,0.2116580575786758,0.0415407454210018,4.912322177657638,0.279778637978668,False,False,,,1.0,1.1652049249551069,1.0810354942078024,1.0,0.9107012721721982,False,False,Le'Veon Moss,MIA,rookie_rule,True,udfa,False,,,,rookie_path,0.7,0.7,1.0,False,,0.7,15.820591246614065,upward,True,,False,True,no_data,,off_chart,0.3,False,300.0,False,0.8973004686307117,False,1.0,False,32.35673046917577,214.6124638790677,26.70994351578604,118.05744126358432,2025.0,MIA,canonical_source_team_frame,0.0,0.0,0.0,0.0,0.0,374.6901909286057,43.11113101787174,0.0,5.684341886080803e-14,2.273736754432321e-13,projected_games,0.7218246232638486,0.0,1.913044884468128
00-0041436,RB,2026,1.0311780332340694,0.0,0.0,2.7329212635258973,False,,1.303330527768538,,,,,0.0050141176504773,1.5478760825009326,0.2116580575786758,0.0415407454210018,4.912322177657638,0.279778637978668,False,False,,,1.0,1.1652049249551069,1.0810354942078024,1.0,0.9107012721721982,False,False,DJ Herman,MIA,rookie_rule,True,udfa,False,,,,rookie_path,0.7,0.7,1.0,False,,0.7,15.820591246614065,upward,True,,False,True,no_data,,off_chart,0.3,False,300.0,False,0.8973004686307117,False,1.0,False,32.35673046917577,214.6124638790677,26.70994351578604,118.05744126358432,2025.0,MIA,canonical_source_team_frame,0.0,0.0,0.0,0.0,0.0,374.6901909286057,43.11113101787174,0.0,5.684341886080803e-14,2.273736754432321e-13,projected_games,0.7218246232638486,0.0,1.913044884468128
00-0041157,RB,2026,1.0311780332340694,0.0,0.0,2.7329212635258973,False,,1.303330527768538,,,,,0.0050141176504773,1.5478760825009326,0.2116580575786758,0.0415407454210018,4.912322177657638,0.279778637978668,False,False,,,1.0,1.1652049249551069,1.0810354942078024,1.0,0.9107012721721982,False,False,Anthony Hankerson,MIA,rookie_rule,True,udfa,False,,,,rookie_path,0.7,0.7,1.0,False,6.0,0.7,15.820591246614065,upward,True,,False,True,no_data,,off_chart,0.3,False,300.0,False,0.8973004686307117,False,1.0,False,32.35673046917577,214.6124638790677,26.70994351578604,118.05744126358432,2025.0,MIA,canonical_source_team_frame,0.0,0.0,0.0,0.0,0.0,374.6901909286057,43.11113101787174,0.0,5.684341886080803e-14,2.273736754432321e-13,projected_games,0.7218246232638486,0.0,1.913044884468128
00-0036628,TE,2026,1.0250866650864265,0.0,0.0,3.5371713949915633,False,,,,,,,0.040544593594116,4.700249414049432,0.6235883242335746,,,0.709145042406311,False,False,,,1.0,,,1.0,1.0,False,False,John Bates,WAS,veteran_model,True,,False,ACT,2.0,backup,curated,15.425190826045602,15.425190826045602,0.9,True,2.0,15.425190826045602,17.0832969419234,downward,True,,False,True,,,,,,,,0.7734083043982058,True,1.0000000000000002,False,32.6701069973832,214.93987374561607,27.270251462105467,124.11887818477246,2025.0,WAS,canonical_source_team_frame,0.0,0.0,0.0,0.0,0.0,827.96103755573,70.84056173480843,1.8215509938874952,0.0,0.0,projected_games,15.812157422192827,0.0,54.561543752174785
00-0038396,RB,2026,1.021754266427612,0.0,0.0,5.415867736882706,False,,0.8792579945842919,,,,,0.011473683988441,2.705580890311494,0.2584134679531419,0.0,5.531473394892456,0.4006728096743271,False,False,,,1.0,0.959334846994094,0.984549981444398,0.9182512412543492,1.0,False,False,Eric Gray,NYG,veteran_model,True,,False,ACT,,deep_bench,deep_bench_discounted,1.087896487321076,1.087896487321076,0.7,True,4.0,1.087896487321076,23.01824991096567,downward,True,,False,True,,,,,,,,0.969501997801332,False,1.0,False,33.2431579562698,223.72213877664484,27.96941585077396,122.67702612627788,2025.0,NYG,canonical_source_team_frame,0.0,0.0,0.0,0.0,0.0,115.99233076511427,0.0,0.95835366558714,5.684341886080803e-14,0.0,projected_games,1.111562877351922,0.0,5.891903486750241
00-0038519,WR,2026,1.0105311154856291,0.0,0.0,4.86430489799134,False,,,,,,,0.0312332813187807,6.323934043351049,0.3814760464756799,,,0.3845357628593489,False,False,,,1.0,,,1.0,1.0,False,False,Nikko Remigio,KC,veteran_model,True,,False,ACT,,deep_bench,deep_bench_discounted,5.840856206106524,5.840856206106524,0.94,True,6.0,5.840856206106524,26.280421420954912,downward,True,,False,True,,,,,,,,0.7601284095142968,True,1.0,False,35.16444525693558,230.5791949901617,25.92765596122493,113.12700304519306,2025.0,KC,canonical_source_team_frame,0.0,0.0,0.0,0.0,0.0,940.259769998454,130.5185425896733,7.9994206468329025,1.1368683772161605e-13,0.0,projected_games,5.902366937347986,0.0,28.411705451827082
00-0041081,TE,2026,0.9896982138001263,0.0,0.0,2.400917326159828,False,,,,,,,0.0392284441008239,5.134406467976272,0.4817738047951115,,,0.6789770450068722,False,False,,,1.0,,,1.0,1.0,False,False,Max Bredeson,MIN,rookie_rule,True,drafted,False,,,,rookie_path,2.4814814814814814,2.4814814814814814,1.0,False,,2.4814814814814814,23.81008358971931,downward,True,,False,True,no_data,,off_chart,0.4450829981976345,False,27.0,False,0.8282117242306364,False,1.0,False,33.3178469069799,212.14951525474893,25.942735935008912,113.22736292046942,2025.0,MIN,canonical_source_team_frame,0.0,0.0,0.0,0.0,0.0,619.5615903256335,79.08820679380477,5.267654923665397,5.684341886080803e-14,4.547473508864641e-13,projected_games,2.4559177898003135,0.0,5.957831883433647
00-0034270,TE,2026,0.9874282675764835,0.0,0.0,3.4077496385164325,False,,,,,,,0.0423705970371947,5.216418464028022,0.4231256779010262,,,0.4231256779010262,False,True,,,1.0,,,1.0,1.0,False,False,Tyler Conklin,DET,veteran_model,True,,True,ACT,,deep_bench,deep_bench_discounted,10.186213727870314,10.186213727870314,0.83,True,3.0,10.186213727870314,22.61533745621171,downward,True,,False,True,,,,,,,,0.9785289193999536,False,0.9999999999999998,False,33.929940625091575,246.18800924276172,26.78972180276002,118.19003241053174,2025.0,DET,canonical_source_team_frame,0.0,0.0,0.0,0.0,0.0,89.86068401667671,8.57475959461226,2.843661959408699,0.0,4.547473508864641e-13,projected_games,10.058155374474778,0.0,34.71206614900118
00-0036775,WR,2026,0.9872741093970178,0.0,0.0,4.841047891902729,False,,,,,,,0.0256568857277831,5.548244461825825,0.5570166976954734,,,0.872957799446351,False,False,,,1.0,,,1.0,1.0,False,False,Brandon Smith,PIT,veteran_model,True,,True,ACT,,deep_bench,deep_bench_discounted,0.8044591792684832,0.8044591792684832,0.94,True,11.0,0.8044591792684832,21.24394245613634,downward,True,,False,True,,,,,,,,0.877056421443679,False,1.0,False,33.528333841849026,220.6189626135148,26.33273552345513,112.30420927129472,2025.0,PIT,canonical_source_team_frame,0.0,0.0,0.0,0.0,0.0,461.1026409385077,45.487651964804456,0.196712414829836,0.0,2.273736754432321e-13,projected_games,0.7942217197585476,0.0,3.8944254139194903
00-0036176,WR,2026,0.9804336854844227,0.0,0.0,4.834207467990133,False,,,,,,,0.0516444871685503,4.758286728925592,0.3894761791611235,,,0.6100393351148332,False,False,,,1.0,,,1.0,1.0,False,False,Mason Kinsey,TEN,veteran_model,True,,False,ACT,,deep_bench,deep_bench_discounted,1.1857580174031104,1.1857580174031104,0.94,True,7.0,1.1857580174031104,19.399084873783885,downward,True,,False,True,,,,,,,,0.9452763183553666,False,1.0000000000000002,False,33.99018463096149,212.0175347434573,25.99059410477733,108.16497255264404,2025.0,TEN,canonical_source_team_frame,0.0,0.0,0.0,0.0,0.0,197.2404612644764,53.34315299665252,3.6287139661061296,0.0,0.0,projected_games,1.1625571030952337,0.0,5.7322002629592905
00-0039650,WR,2026,0.9666738027143793,0.0,0.0,4.820447585220091,False,,,,,,,0.0408221068267144,5.070783798308881,0.4293255638464095,,,0.6234584956848871,False,False,,,1.0,,,1.0,1.0,False,False,Bryce Oliver,TEN,veteran_model,True,,False,ACT,,deep_bench,deep_bench_discounted,7.189771771605791,7.189771771605791,0.94,True,6.0,7.189771771605791,19.399084873783885,downward,True,,False,True,,,,,,,,0.9452763183553666,False,1.0000000000000002,False,33.99018463096149,212.0175347434573,25.99059410477733,108.16497255264404,2025.0,TEN,canonical_source_team_frame,0.0,0.0,0.0,0.0,0.0,197.2404612644764,53.34315299665252,3.6287139661061296,0.0,0.0,projected_games,6.95016401910667,0.0,34.65791797472071
00-0041139,RB,2026,0.937595841700178,0.0,0.0,2.492179380359781,False,,1.0730562201217395,,,,,0.0055057764864187,1.5478760825009326,0.1943552740931036,0.0342012669179309,4.473883359774353,0.279778637978668,False,False,,,1.0,0.959334846994094,0.984549981444398,0.9182512412543492,1.0,False,False,Damon Bankston,NYG,rookie_rule,True,udfa,False,,,,rookie_path,0.7,0.7,1.0,False,6.0,0.7,23.01824991096567,downward,True,,False,True,no_data,,off_chart,0.3,False,300.0,False,0.969501997801332,False,1.0,False,33.2431579562698,223.72213877664484,27.96941585077396,122.67702612627788,2025.0,NYG,canonical_source_team_frame,0.0,0.0,0.0,0.0,0.0,115.99233076511427,0.0,0.95835366558714,5.684341886080803e-14,0.0,projected_games,0.6563170891901245,0.0,1.7445255662518466
00-0036497,WR,2026,0.9267896025895256,0.0,0.0,4.7805633850952365,False,,,,,,,0.0338154660090482,5.315644632904323,0.3846646864896079,,,0.6467050500088659,False,False,,,1.0,,,1.0,1.0,False,False,Tim Jones,JAX,veteran_model,True,,False,ACT,,deep_bench,deep_bench_discounted,2.217230894902001,2.217230894902001,0.94,True,7.0,2.217230894902001,20.206407261437764,downward,True,,False,True,,,,,,,,0.8618509111010552,False,1.0000000000000002,False,34.28151954965283,230.8790754929431,27.42470108063263,117.85711799660008,2025.0,JAX,canonical_source_team_frame,0.0,0.0,0.0,0.0,0.0,542.2274767280733,103.90199907631133,11.6552462028087,0.0,2.273736754432321e-13,projected_games,2.054906539935444,0.0,10.599612832470452
00-0038496,WR,2026,0.9175564398906038,0.0,0.0,4.714563407655709,False,,,,,,,0.0299524902166935,5.181520055811807,0.439378986018524,,,0.7299512776424399,False,False,,,1.0,,,0.9182512412543492,1.0,False,False,Xavier Gipson,NYG,veteran_model,True,,True,ACT,,deep_bench,deep_bench_discounted,1.1401909389608635,1.1401909389608635,0.94,True,13.0,1.1401909389608635,23.01824991096567,downward,True,,False,True,,,,,,,,0.969501997801332,False,1.0,False,33.2431579562698,223.72213877664484,27.96941585077396,122.67702612627788,2025.0,NYG,canonical_source_team_frame,0.0,0.0,0.0,0.0,0.0,115.99233076511427,0.0,0.95835366558714,5.684341886080803e-14,0.0,projected_games,1.0461895387484546,0.0,5.375502478565491
00-0041368,WR,2026,0.9131319347805663,0.0,0.0,2.896643594697359,False,,,,,,,0.0203425067344098,5.687368778708296,0.4446800330065558,,,0.7979558346892865,False,False,,,1.0,,,1.0,1.0,False,False,Harrison Wallace III,ARI,rookie_rule,True,udfa,False,,,,rookie_path,0.6584992343032159,0.6584992343032159,1.0,False,10.0,0.6584992343032159,24.338087108826755,downward,True,,False,True,below_median,,off_chart,0.7425619700383687,False,653.0,False,0.943688680030244,False,0.9999999999999998,False,36.21418096404104,240.76817941837584,24.988650455385,107.79252270381906,2025.0,ARI,canonical_source_team_frame,0.0,0.0,0.0,0.0,0.0,230.485557825984,61.09721757041359,2.4522766638891937,0.0,0.0,projected_games,0.601296679870817,0.0,1.9074375891575257
00-0039407,RB,2026,0.9099839917946884,0.0,0.0,7.285889530818766,False,,1.3573017253659452,,,,,0.002553282508221,1.8798429907985676,0.2112579659171446,0.0,6.010510147069332,0.2733537104273109,False,False,,,1.0,1.7058250514889843,1.5766076134505411,1.0,0.8187354071744638,False,False,Dylan Laube,LV,veteran_model,True,,False,ACT,,deep_bench,deep_bench_discounted,4.824840142084891,4.824840142084891,0.73,True,3.0,4.824840142084891,24.159418900454952,downward,True,,False,True,,,,,,,,0.6965108832860549,True,1.0000000000000002,False,33.852824030940056,214.57229132943425,25.40666637485797,101.2650936526983,2025.0,LV,canonical_source_team_frame,0.0,0.0,0.0,0.0,0.0,1107.0460378365742,61.55691682746948,0.0,0.0,2.273736754432321e-13,projected_games,4.390527292265661,0.0,35.15325227909044
00-0040390,WR,2026,0.9072319852415753,0.0,0.0,4.4406440050213,False,,,,,,,0.0367588327821698,4.223651185272432,0.5286277400426267,,,0.6868200275587146,False,False,,,1.0,,,1.0,1.0,False,False,Jackson Meeks,DET,veteran_model,True,,False,ACT,,deep_bench,deep_bench_discounted,0.7028032782308833,0.7028032782308833,0.79,True,,0.7028032782308833,22.61533745621171,downward,True,,False,True,,,,,,,,0.9785289193999536,False,0.9999999999999998,False,33.929940625091575,246.18800924276172,26.78972180276002,118.19003241053174,2025.0,DET,canonical_source_team_frame,0.0,0.0,0.0,0.0,0.0,89.86068401667671,8.57475959461226,2.843661959408699,0.0,4.547473508864641e-13,projected_games,0.6376056133436915,0.0,3.120899164185288
00-0041510,TE,2026,0.9060148321757282,0.10941176470588232,0.10941176470588232,1.8977493773019618,False,,,,,,,0.0369797419895207,4.664590166528832,0.4353547271714416,,,0.6560935197036345,False,False,,,1.0,,,1.0,0.9838875051154712,False,False,Max Klare,LA,rookie_rule,True,drafted,False,,,,rookie_path,12.465116279069768,12.465116279069768,1.0,False,4.0,12.465116279069768,23.599505879780573,downward,True,,False,True,no_data,,off_chart,0.3,False,4.0,True,0.7985958779872415,True,1.0,False,34.823713349866885,249.40469135191364,26.59281878800156,121.38612330535705,2025.0,LA,canonical_source_team_frame,0.0,0.0,0.0,0.0,0.0,853.9292590891182,65.83737867987509,0.0,0.0,0.0,projected_games,11.293580233632333,1.3638303693570448,23.6556666566012
00-0040244,TE,2026,0.9037413663085643,0.0,0.0,3.485782867239874,False,,,,,,,0.0081751817088763,6.131923391368422,0.4829958738369284,,,0.7650535227956282,False,False,,,1.0,,,1.0,0.9163349578264096,False,False,Moliki Matavao,NO,veteran_model,True,,False,ACT,,deep_bench,deep_bench_discounted,5.307311249201796,5.307311249201796,1.0,False,4.0,5.307311249201796,21.59325303282543,downward,True,,False,True,,,,,,,,0.8801009681156396,False,1.0,False,34.116960253547056,231.15975941032937,26.95323708907626,109.1195451687137,2025.0,NO,canonical_source_team_frame,0.0,0.0,0.0,0.0,0.0,471.16913318664274,47.16906708270608,0.0,5.684341886080803e-14,0.0,projected_games,4.796436719778445,0.0,18.500134623577075
00-0033217,TE,2026,0.9009146945772348,0.0,0.0,3.4129994244823716,False,,,,,,,0.0380996725643457,4.67370943478757,0.4098914314248074,,,0.6738914809504093,False,False,,,1.0,,,1.0,1.0,False,False,Mo Alie-Cox,IND,veteran_model,True,,False,ACT,2.0,backup,curated,14.944973009459463,14.944973009459463,0.9,True,2.0,14.944973009459463,22.377203022332637,downward,True,,False,True,,,,,,,,0.7292128354928176,True,0.9999999999999998,False,33.81962358341313,234.02719158280576,26.501089706236453,117.38641446396322,2025.0,IND,canonical_source_team_frame,0.0,0.0,0.0,0.0,0.0,1077.316513646881,80.42225690596678,8.539487741748761,1.1368683772161605e-13,2.273736754432321e-13,projected_games,13.46414579428219,0.0,51.007184280189726
00-0037086,TE,2026,0.9009072155769839,0.0,0.0,3.55602878956236,False,,,,,,,0.0210319929374002,5.261757809070725,0.4970789540910206,,,0.8198955070999776,False,False,,,1.0,,,1.0,1.0,False,False,Grant Calcaterra,PHI,veteran_model,True,,False,ACT,,deep_bench,deep_bench_discounted,4.407173727250901,4.407173727250901,1.0,False,4.0,4.407173727250901,22.734366573198308,downward,True,,False,True,,,,,,,,0.9852092383981552,False,1.0,False,32.80466217687678,217.87283255481577,27.5089337932841,118.95482935957656,2025.0,PHI,canonical_source_team_frame,0.0,1.1368683772161605e-13,7.218158658701871e-14,9.094947017729282e-13,5.402090322974834e-15,54.78258713922742,30.42911752801558,3.044085996966416,0.0,0.0,projected_games,3.9704546111816468,0.0,15.672036654707055
00-0038953,WR,2026,0.9006777269873352,0.0,0.0,4.368440978867099,False,,,,,,,0.0269965785214211,4.858034924443916,0.5057895268288338,,,0.8646046627424028,False,False,,,1.0,,,1.0,0.820921459452458,False,False,Dylan Drummond,ATL,veteran_model,True,,False,ACT,,deep_bench,deep_bench_discounted,8.751029846664903,8.751029846664903,0.86,True,5.0,8.751029846664903,20.515452025454977,downward,True,,False,True,,,,,,,,0.9033427562717592,False,1.0000000000000002,False,33.103575893134035,223.67610131731223,27.56553569236133,121.02128748507276,2025.0,ATL,canonical_source_team_frame,0.0,1.1368683772161605e-13,7.073038149771035e-14,9.094947017729282e-13,4.276533072858189e-15,367.538562500572,13.838496018552236,0.0,5.684341886080803e-14,0.0,projected_games,7.881857671092472,0.0,38.22835738946003
00-0035976,WR,2026,0.8890020601077837,0.0,0.0,4.742775842613494,False,,,,,,,0.0532528182963824,4.122346472033192,0.31450100625234,,,0.6118302144922734,False,False,,,1.0,,,1.0,1.0,False,False,Dan Chisena,CAR,veteran_model,True,,False,ACT,,deep_bench,deep_bench_discounted,0.0664551126312856,0.0664551126312856,0.94,True,14.0,0.0664551126312856,19.92286534491023,downward,True,,False,True,,,,,,,,0.762642225796171,True,1.0000000000000002,False,33.081719189069275,214.5393770638172,26.97993809377384,116.45261469433012,2025.0,CAR,canonical_source_team_frame,0.0,0.0,0.0,0.0,0.0,865.6840133220421,82.42672504867357,7.690814341352549,0.0,2.273736754432321e-13,projected_games,0.0590787320339077,0.0,0.3151817028058202
00-0037708,WR,2026,0.8736879800327548,0.0,0.0,4.727461762538466,False,,,,,,,0.0381486279064124,4.48595797867747,0.3924008294530667,,,0.689868067769912,False,False,,,1.0,,,1.0,1.0,False,False,Maurice Alexander,CHI,veteran_model,True,,False,ACT,,deep_bench,deep_bench_discounted,0.4622553317947315,0.4622553317947315,0.94,True,7.0,0.4622553317947315,18.449464280783285,downward,True,,False,True,,,,,,,,0.9135686161925484,False,1.0000000000000002,False,33.737891607375786,231.6083524098304,27.69702416995268,127.85615277062598,2025.0,CHI,canonical_source_team_frame,0.0,0.0,0.0,0.0,0.0,340.3099168024751,65.69620810933344,6.574845673487438,0.0,0.0,projected_games,0.40386692709510985,0.0,2.185294405589125
00-0038492,WR,2026,0.8620935611219888,0.0,0.0,4.7158673436277,False,,,,,,,0.0256482480744797,5.564159663483475,0.303576212653526,,,0.5180420144096237,False,False,,,1.0,,,1.0,1.0,False,False,Jason Brownlee,KC,veteran_model,True,,False,ACT,,deep_bench,deep_bench_discounted,1.8320700224767763,1.8320700224767763,0.94,True,7.0,1.8320700224767763,26.280421420954912,downward,True,,False,True,,,,,,,,0.7601284095142968,True,1.0,False,35.16444525693558,230.5791949901617,25.92765596122493,113.12700304519306,2025.0,KC,canonical_source_team_frame,0.0,0.0,0.0,0.0,0.0,940.259769998454,130.5185425896733,7.9994206468329025,1.1368683772161605e-13,0.0,projected_games,1.579415769901846,0.0,8.639799190237495
00-0040225,TE,2026,0.8563189067010469,0.0,0.0,3.4659158663027263,False,,,,,,,0.025542445312598,5.13040323175384,0.3800478233001497,,,0.6139253884925485,False,False,,,1.0,,,0.9182512412543492,1.0,False,False,Thomas Fidone II,NYG,veteran_model,True,,False,ACT,,deep_bench,deep_bench_discounted,2.052030538419995,2.052030538419995,1.0,False,4.0,2.052030538419995,23.01824991096567,downward,True,,False,True,,,,,,,,0.969501997801332,False,1.0,False,33.2431579562698,223.72213877664484,27.96941585077396,122.67702612627788,2025.0,NYG,canonical_source_team_frame,0.0,0.0,0.0,0.0,0.0,115.99233076511427,0.0,0.95835366558714,5.684341886080803e-14,0.0,projected_games,1.757192547176971,0.0,7.112165201247587
00-0041309,WR,2026,0.8548988797223357,0.0,0.0,2.7119162847554303,False,,,,,,,0.0190452064543884,5.324668881122773,0.416321505767456,,,0.7470678914626989,False,False,,,1.0,,,1.0,1.0,False,False,Daniel Sobkowicz,HOU,rookie_rule,True,udfa,False,,,,rookie_path,0.6584992343032159,0.6584992343032159,1.0,False,12.0,0.6584992343032159,18.04941432689289,downward,True,,False,True,no_data,,off_chart,0.6534942540094142,False,653.0,False,0.8352594114599872,False,1.0,False,34.32116198114704,230.71951669895023,27.0159725075953,113.89622067613276,2025.0,HOU,canonical_source_team_frame,0.0,0.0,0.0,0.0,0.0,646.1507724670905,60.24697481013885,7.455446411296052,0.0,0.0,projected_games,0.5629502577038351,0.0,1.785794797005873
00-0041308,WR,2026,0.8548988797223357,0.0,0.0,2.7119162847554303,False,,,,,,,0.0190452064543884,5.324668881122773,0.416321505767456,,,0.7470678914626989,False,False,,,1.0,,,1.0,1.0,False,False,Treyvhon Saunders,HOU,rookie_rule,True,udfa,False,,,,rookie_path,0.6584992343032159,0.6584992343032159,1.0,False,11.0,0.6584992343032159,18.04941432689289,downward,True,,False,True,no_data,,off_chart,0.6534942540094142,False,653.0,False,0.8352594114599872,False,1.0,False,34.32116198114704,230.71951669895023,27.0159725075953,113.89622067613276,2025.0,HOU,canonical_source_team_frame,0.0,0.0,0.0,0.0,0.0,646.1507724670905,60.24697481013885,7.455446411296052,0.0,0.0,projected_games,0.5629502577038351,0.0,1.785794797005873
00-0040363,TE,2026,0.8476502257966672,0.0,0.0,3.5027717997820425,False,,,,,,,0.0383160706171359,3.811840205784756,0.4731395630307524,,,0.5891108742922571,False,False,,,1.0,,,1.0,1.0,False,False,Keleki Latu,BUF,veteran_model,True,,False,ACT,,deep_bench,deep_bench_discounted,6.048030731888612,6.048030731888612,1.0,False,5.0,6.048030731888612,20.07985848410768,downward,True,,False,True,,,,,,,,0.7844531400579932,True,1.0000000000000002,False,33.20980278431125,231.99901556001677,27.99616806245821,133.52559682822502,2025.0,BUF,canonical_source_team_frame,0.0,0.0,0.0,0.0,0.0,850.1132083311727,39.78679072911751,7.808599833668275,5.684341886080803e-14,0.0,projected_games,5.126614615510563,0.0,21.184871491874574
00-0034981,TE,2026,0.8416063791072068,0.0,0.0,3.3645120184242954,False,,,,,,,0.0255178674621808,4.392734415627757,0.4984514655426927,,,0.4984514655426927,False,True,,,1.0,,,1.0,1.0,False,False,Foster Moreau,HOU,veteran_model,True,,True,ACT,2.0,backup,curated,14.275600839846534,14.275600839846534,0.9,True,2.0,14.275600839846534,18.04941432689289,downward,True,,False,True,,,,,,,,0.8352594114599872,False,1.0,False,34.32116198114704,230.71951669895023,27.0159725075953,113.89622067613276,2025.0,HOU,canonical_source_team_frame,0.0,0.0,0.0,0.0,0.0,646.1507724670905,60.24697481013885,7.455446411296052,0.0,0.0,projected_games,12.014436732403043,0.0,48.03043059589163
00-0041287,WR,2026,0.8395150125195616,0.0,0.0,2.6631154721923505,False,,,,,,,0.0187024888138659,5.228851702145372,0.408829818843658,,,0.7336244380832171,False,False,,,1.0,,,1.0,1.0,False,False,Kole Wilson,CLE,rookie_rule,True,udfa,False,,,,rookie_path,0.6584992343032159,0.6584992343032159,1.0,False,12.0,0.6584992343032159,10.284063846891716,upward,True,,False,True,no_data,,off_chart,0.6417346540614978,False,653.0,False,0.8164913489925817,False,1.0,False,33.8207863840279,210.1034066660231,26.544835692755186,109.30283679541014,2025.0,CLE,canonical_source_team_frame,0.0,0.0,0.0,0.0,0.0,655.4484763988635,98.14797606559432,2.452388874511467,5.684341886080803e-14,2.273736754432321e-13,projected_games,0.552819992930186,0.0,1.75365949929971
00-0041443,WR,2026,0.8322046756552854,0.0,0.0,2.215455669891139,False,,,,,,,0.0290579090113758,4.599185600952625,0.3958773229835362,,,0.6695597764128901,False,False,,,1.0,,,1.0,1.0,False,False,Skyler Bell,BUF,rookie_rule,True,drafted,False,,,,rookie_path,8.830769230769231,8.830769230769231,1.0,False,5.0,8.830769230769231,20.07985848410768,downward,True,,False,True,above_median,3.0,rank_3_plus,0.3321403210172594,False,65.0,False,0.7844531400579932,True,1.0000000000000002,False,33.20980278431125,231.99901556001677,27.99616806245821,133.52559682822502,2025.0,BUF,canonical_source_team_frame,0.0,0.0,0.0,0.0,0.0,850.1132083311727,39.78679072911751,7.808599833668275,5.684341886080803e-14,0.0,projected_games,7.349007443478983,0.0,19.564177761807905
00-0038564,TE,2026,0.8208735017192268,0.0,0.0,3.4759950757046023,False,,,,,,,0.0396345931664324,3.344536718130969,0.4972245418150708,,,0.7185211097098257,False,False,,,1.0,,,1.0,1.0,False,False,Cameron Latu,PHI,veteran_model,True,,False,ACT,,deep_bench,deep_bench_discounted,3.648049988546177,3.648049988546177,1.0,False,6.0,3.648049988546177,22.734366573198308,downward,True,,False,True,,,,,,,,0.9852092383981552,False,1.0,False,32.80466217687678,217.87283255481577,27.5089337932841,118.95482935957656,2025.0,PHI,canonical_source_team_frame,0.0,1.1368683772161605e-13,7.218158658701871e-14,9.094947017729282e-13,5.402090322974834e-15,54.78258713922742,30.42911752801558,3.044085996966416,0.0,0.0,projected_games,2.994587568544685,0.0,12.680603796110741
00-0039530,TE,2026,0.8182108377876862,0.0,0.0,3.3302955676928225,False,,,,,,,0.0381729378439806,3.900848934233185,0.3981766346009682,,,0.5354237071389819,False,False,,,1.0,,,1.0,1.0,False,False,Brevyn Spann-Ford,DAL,veteran_model,True,,False,ACT,2.0,backup,curated,15.061824489999449,15.061824489999449,0.9,True,2.0,15.061824489999449,16.468086823371205,upward,True,,False,True,,,,,,,,0.93527049390564,False,1.0,False,34.84872978596818,250.0568833557896,26.917412919796803,120.7151518201046,2025.0,DAL,canonical_source_team_frame,0.0,0.0,0.0,0.0,0.0,275.16299543695914,57.23726737025993,5.15908901380503,0.0,0.0,projected_games,12.323748034573539,0.0,50.16032734041237
00-0036825,TE,2026,0.8127252270846632,0.0,0.0,3.4678468010700385,False,,,,,,,0.0350413161586367,4.167605020439519,0.371433656177782,,,0.4628175468250696,False,False,,,1.0,,,1.0,1.0,False,False,Feleipe Franks,CAR,veteran_model,True,,True,ACT,,deep_bench,deep_bench_discounted,4.648856779879512,4.648856779879512,1.0,False,4.0,4.648856779879512,19.92286534491023,downward,True,,False,True,,,,,,,,0.762642225796171,True,1.0000000000000002,False,33.081719189069275,214.5393770638172,26.97993809377384,116.45261469433012,2025.0,CAR,canonical_source_team_frame,0.0,0.0,0.0,0.0,0.0,865.6840133220421,82.42672504867357,7.690814341352549,0.0,2.273736754432321e-13,projected_games,3.778243182111653,0.0,16.121523112737925
00-0040788,WR,2026,0.8015205993897099,0.0,0.0,2.526910412737882,False,,,,,,,0.0165471820627679,5.04866682496673,0.3947416490328588,,,0.7083439297037123,False,False,,,1.0,,,1.0,0.9163349578264096,False,False,Damien Alford,NO,rookie_rule,True,udfa,False,,,,rookie_path,0.6584992343032159,0.6584992343032159,1.0,False,,0.6584992343032159,21.59325303282543,downward,True,,False,True,no_data,,off_chart,0.6196206438714773,False,653.0,False,0.8801009681156396,False,1.0,False,34.116960253547056,231.15975941032937,26.95323708907626,109.1195451687137,2025.0,NO,canonical_source_team_frame,0.0,0.0,0.0,0.0,0.0,471.16913318664274,47.16906708270608,0.0,5.684341886080803e-14,0.0,projected_games,0.5278007009763785,0.0,1.6639685719407187
00-0041451,WR,2026,0.8015205993897099,0.0,0.0,2.526910412737882,False,,,,,,,0.0165471820627679,5.04866682496673,0.3947416490328588,,,0.7083439297037123,False,False,,,1.0,,,1.0,0.9163349578264096,False,False,Brock Rechsteiner,NO,rookie_rule,True,udfa,False,,,,rookie_path,0.6584992343032159,0.6584992343032159,1.0,False,13.0,0.6584992343032159,21.59325303282543,downward,True,,False,True,no_data,,off_chart,0.6196206438714773,False,653.0,False,0.8801009681156396,False,1.0,False,34.116960253547056,231.15975941032937,26.95323708907626,109.1195451687137,2025.0,NO,canonical_source_team_frame,0.0,0.0,0.0,0.0,0.0,471.16913318664274,47.16906708270608,0.0,5.684341886080803e-14,0.0,projected_games,0.5278007009763785,0.0,1.6639685719407187
00-0041491,WR,2026,0.7891441117683882,0.0,0.0,2.503328543860809,False,,,,,,,0.017580339485034,4.915120600016649,0.3843000297130385,,,0.689606971798224,False,False,,,1.0,,,1.0,1.0,False,False,Aaron Anderson,CLE,rookie_rule,True,udfa,False,,,,rookie_path,0.6584992343032159,0.6584992343032159,1.0,False,11.0,0.6584992343032159,10.284063846891716,upward,True,,False,True,below_median,,off_chart,0.6417346540614978,False,653.0,False,0.8164913489925817,False,1.0,False,33.8207863840279,210.1034066660231,26.544835692755186,109.30283679541014,2025.0,CLE,canonical_source_team_frame,0.0,0.0,0.0,0.0,0.0,655.4484763988635,98.14797606559432,2.452388874511467,5.684341886080803e-14,2.273736754432321e-13,projected_games,0.519650793354375,0.0,1.6484399293417271
00-0036876,TE,2026,0.7586270861765126,0.0,0.0,3.170586025225481,False,,,,,,,0.0244581875951538,3.751942178152236,0.4733674855807324,,,0.6966895230174039,False,False,,,1.0,,,1.0,1.0,False,False,Kylen Granson,TEN,veteran_model,True,,True,ACT,,deep_bench,deep_bench_discounted,13.900097706714138,13.900097706714138,0.83,True,3.0,13.900097706714138,19.399084873783885,downward,True,,False,True,,,,,,,,0.9452763183553666,False,1.0000000000000002,False,33.99018463096149,212.0175347434573,25.99059410477733,108.16497255264404,2025.0,TEN,canonical_source_team_frame,0.0,0.0,0.0,0.0,0.0,197.2404612644764,53.34315299665252,3.6287139661061296,0.0,0.0,projected_games,10.544990620813373,0.0,44.0714555381766
00-0041011,WR,2026,0.7558021389151981,0.0,0.0,2.365101071316829,False,,,,,,,0.0141278056276947,4.824341693022277,0.3772022716936043,,,0.6768704039192325,False,False,,,1.0,,,1.0,0.8187354071744638,False,False,E.J. Williams Jr.,LV,rookie_rule,True,udfa,False,,,,rookie_path,0.6584992343032159,0.6584992343032159,1.0,False,11.0,0.6584992343032159,24.159418900454952,downward,True,,False,True,no_data,,off_chart,0.5920893197594148,False,653.0,False,0.6965108832860549,True,1.0000000000000002,False,33.852824030940056,214.57229132943425,25.40666637485797,101.2650936526983,2025.0,LV,canonical_source_team_frame,0.0,0.0,0.0,0.0,0.0,1107.0460378365742,61.55691682746948,0.0,0.0,2.273736754432321e-13,projected_games,0.49769512976039076,0.0,1.5574172445118475
00-0041005,WR,2026,0.7558021389151981,0.0,0.0,2.365101071316829,False,,,,,,,0.0141278056276947,4.824341693022277,0.3772022716936043,,,0.6768704039192325,False,False,,,1.0,,,1.0,0.8187354071744638,False,False,Corey Rucker,LV,rookie_rule,True,udfa,False,,,,rookie_path,0.6584992343032159,0.6584992343032159,1.0,False,,0.6584992343032159,24.159418900454952,downward,True,,False,True,no_data,,off_chart,0.5920893197594148,False,653.0,False,0.6965108832860549,True,1.0000000000000002,False,33.852824030940056,214.57229132943425,25.40666637485797,101.2650936526983,2025.0,LV,canonical_source_team_frame,0.0,0.0,0.0,0.0,0.0,1107.0460378365742,61.55691682746948,0.0,0.0,2.273736754432321e-13,projected_games,0.49769512976039076,0.0,1.5574172445118475
00-0041022,WR,2026,0.7558021389151981,0.0,0.0,2.365101071316829,False,,,,,,,0.0141278056276947,4.824341693022277,0.3772022716936043,,,0.6768704039192325,False,False,,,1.0,,,1.0,0.8187354071744638,False,False,Jonathan Brady,LV,rookie_rule,True,udfa,False,,,,rookie_path,0.6584992343032159,0.6584992343032159,1.0,False,,0.6584992343032159,24.159418900454952,downward,True,,False,True,no_data,,off_chart,0.5920893197594148,False,653.0,False,0.6965108832860549,True,1.0000000000000002,False,33.852824030940056,214.57229132943425,25.40666637485797,101.2650936526983,2025.0,LV,canonical_source_team_frame,0.0,0.0,0.0,0.0,0.0,1107.0460378365742,61.55691682746948,0.0,0.0,2.273736754432321e-13,projected_games,0.49769512976039076,0.0,1.5574172445118475
00-0041069,WR,2026,0.7516744788224977,0.0,0.0,2.0010720135746607,False,,,,,,,0.0262460537061977,4.154134842948168,0.3575693445809893,,,0.6047682868152255,False,False,,,1.0,,,1.0,1.0,False,False,Colbie Young,CIN,rookie_rule,True,drafted,False,,,,rookie_path,11.666666666666666,11.666666666666666,1.0,False,4.0,11.666666666666666,28.701985495349312,downward,True,,False,True,above_median,2.0,rank_2,0.3,False,60.0,False,0.8041969537750469,False,1.0000000000000002,False,35.7612028620279,238.64282026275723,25.12001337082607,107.36926538839045,2025.0,CIN,canonical_source_team_frame,0.0,0.0,0.0,0.0,0.0,794.3588498417512,105.60842751061163,2.3639751147743238,0.0,0.0,projected_games,8.769535586262473,0.0,23.34584015837104
00-0041152,WR,2026,0.7489105554175433,0.0,0.0,2.375699371277358,False,,,,,,,0.0166840271780802,4.66452913176274,0.3647069583455761,,,0.6544481959219082,False,False,,,1.0,,,1.0,1.0,False,False,Kobe Prentice,CAR,rookie_rule,True,udfa,False,,,,rookie_path,0.6584992343032159,0.6584992343032159,1.0,False,11.0,0.6584992343032159,19.92286534491023,downward,True,,False,True,no_data,,off_chart,0.5724755948812562,False,653.0,False,0.762642225796171,True,1.0000000000000002,False,33.081719189069275,214.5393770638172,26.97993809377384,116.45261469433012,2025.0,CAR,canonical_source_team_frame,0.0,0.0,0.0,0.0,0.0,865.6840133220421,82.42672504867357,7.690814341352549,0.0,2.273736754432321e-13,projected_games,0.49315702730404837,0.0,1.5643962169207717
00-0041542,WR,2026,0.7489105554175433,0.0,0.0,2.375699371277358,False,,,,,,,0.0166840271780802,4.66452913176274,0.3647069583455761,,,0.6544481959219082,False,False,,,1.0,,,1.0,1.0,False,False,Malick Meiga,CAR,rookie_rule,True,udfa,False,,,,rookie_path,0.6584992343032159,0.6584992343032159,1.0,False,10.0,0.6584992343032159,19.92286534491023,downward,True,,False,True,no_data,,off_chart,0.5724755948812562,False,653.0,False,0.762642225796171,True,1.0000000000000002,False,33.081719189069275,214.5393770638172,26.97993809377384,116.45261469433012,2025.0,CAR,canonical_source_team_frame,0.0,0.0,0.0,0.0,0.0,865.6840133220421,82.42672504867357,7.690814341352549,0.0,2.273736754432321e-13,projected_games,0.49315702730404837,0.0,1.5643962169207717
00-0038752,WR,2026,0.7429960734833021,0.0,0.0,4.42591024920182,False,,,,,,,0.0089576464113338,5.267505062379915,0.3249993775546155,,,0.6434106684544693,False,False,,,1.0,,,1.0,1.0,False,False,Jake Bobo,SEA,veteran_model,True,,False,ACT,,deep_bench,deep_bench_discounted,9.111214393618834,9.111214393618834,0.86,True,5.0,9.111214393618834,19.49564219328384,downward,True,,False,True,,,,,,,,0.8711510504345189,False,0.9999999999999998,False,32.225819234062534,233.14110074227904,27.938112728980386,119.71891792298418,2025.0,SEA,canonical_source_team_frame,0.0,0.0,0.0,0.0,0.0,510.67976083010535,11.991597195078668,6.6499636008200405,0.0,0.0,projected_games,6.769596519123339,0.0,40.32541716739274
00-0036463,WR,2026,0.7331711200732993,0.0,0.0,4.351779939313396,False,,,,,,,0.0293487864170625,4.007682812673909,0.312620240607067,,,0.6529997037998677,False,False,,,1.0,,,1.0,0.820921459452458,False,False,Chris Blair,ATL,veteran_model,True,,False,ACT,,deep_bench,deep_bench_discounted,0.1389261645212443,0.1389261645212443,0.94,True,7.0,0.1389261645212443,20.515452025454977,downward,True,,False,True,,,,,,,,0.9033427562717592,False,1.0000000000000002,False,33.103575893134035,223.67610131731223,27.56553569236133,121.02128748507276,2025.0,ATL,canonical_source_team_frame,0.0,1.1368683772161605e-13,7.073038149771035e-14,9.094947017729282e-13,4.276533072858189e-15,367.538562500572,13.838496018552236,0.0,5.684341886080803e-14,0.0,projected_games,0.10185665164952813,0.0,0.6045760958093033
00-0036887,TE,2026,0.7309698597558341,0.0,0.0,3.1429287988048022,False,,,,,,,0.0347584683965971,3.281307352557983,0.3885766282409064,,,0.4863043441989539,False,False,,,1.0,,,1.0,1.0,False,False,Luke Farrell,SF,veteran_model,True,,False,ACT,,deep_bench,deep_bench_discounted,14.999823969963002,14.999823969963002,0.83,True,3.0,14.999823969963002,20.268882541673257,downward,True,,False,True,,,,,,,,0.991540844247621,False,1.0000000000000002,False,34.24847968425997,240.1216094230843,26.911226973415506,112.91814451887672,2025.0,SF,canonical_source_team_frame,0.0,0.0,0.0,0.0,0.0,34.530843591570374,14.986003777602036,7.225861317038813,0.0,0.0,projected_games,10.964419223686054,0.0,47.143378732199295
00-0035039,TE,2026,0.7277677575220467,0.0,0.0,3.3828893315074224,False,,,,,,,0.0500786943960679,2.526710540647536,0.3492490741617714,,,0.4291055201665715,False,False,,,1.0,,,1.0,1.0,False,False,Stephen Carlson,CHI,veteran_model,True,,False,ACT,,deep_bench,deep_bench_discounted,1.2125289111376985,1.2125289111376985,1.0,False,5.0,1.2125289111376985,18.449464280783285,downward,True,,False,True,,,,,,,,0.9135686161925484,False,1.0000000000000002,False,33.737891607375786,231.6083524098304,27.69702416995268,127.85615277062598,2025.0,CHI,canonical_source_team_frame,0.0,0.0,0.0,0.0,0.0,340.3099168024751,65.69620810933344,6.574845673487438,0.0,0.0,projected_games,0.8824394465893318,0.0,4.101851117632031
00-0040387,TE,2026,0.7258062445630273,0.0,0.0,3.0519430771638527,False,,,,,,,0.0161085501494894,4.570332166901512,0.3442434539518794,,,0.545175734696693,False,False,,,1.0,,,1.0,1.0,False,False,Zach Horton,DET,veteran_model,True,,False,ACT,,deep_bench,deep_bench_discounted,4.159533659441937,4.159533659441937,0.77,True,,4.159533659441937,22.61533745621171,downward,True,,False,True,,,,,,,,0.9785289193999536,False,0.9999999999999998,False,33.929940625091575,246.18800924276172,26.78972180276002,118.19003241053174,2025.0,DET,canonical_source_team_frame,0.0,0.0,0.0,0.0,0.0,89.86068401667671,8.57475959461226,2.843661959408699,0.0,4.547473508864641e-13,projected_games,3.019015504493059,0.0,12.694659956163846
00-0041133,TE,2026,0.7204548872227514,0.0,0.0,1.7477576470588236,False,,,,,,,0.0285565073034382,3.737612315817175,0.3507092236408093,,,0.4942641338201441,False,False,,,1.0,,,1.0,1.0,False,False,Dallen Bentley,DEN,rookie_rule,True,drafted,False,,,,rookie_path,2.4814814814814814,2.4814814814814814,1.0,False,6.0,2.4814814814814814,18.024518158614,downward,True,,False,True,above_median,,off_chart,0.3,False,27.0,False,0.9854034591801514,False,1.0,False,34.865759372852125,230.0782856671356,26.41359970598278,116.8514641863358,2025.0,DEN,canonical_source_team_frame,0.0,0.0,0.0,0.0,0.0,57.091900504519344,48.03783450360993,4.639782232459449,0.0,0.0,projected_games,1.7877954608860869,0.0,4.337028235294118
00-0041116,TE,2026,0.7204548872227514,0.0,0.0,1.7477576470588236,False,,,,,,,0.0285565073034382,3.737612315817175,0.3507092236408093,,,0.4942641338201441,False,False,,,1.0,,,1.0,1.0,False,False,Jack Endries,CIN,rookie_rule,True,drafted,False,,,,rookie_path,2.4814814814814814,2.4814814814814814,1.0,False,5.0,2.4814814814814814,28.701985495349312,downward,True,,False,True,above_median,,off_chart,0.3,False,27.0,False,0.8041969537750469,False,1.0000000000000002,False,35.7612028620279,238.64282026275723,25.12001337082607,107.36926538839045,2025.0,CIN,canonical_source_team_frame,0.0,0.0,0.0,0.0,0.0,794.3588498417512,105.60842751061163,2.3639751147743238,0.0,0.0,projected_games,1.7877954608860869,0.0,4.337028235294118
00-0041004,WR,2026,0.7104540105802861,0.0,0.0,2.223195007037819,False,,,,,,,0.013280137290033,4.534881191440941,0.354570135391988,,,0.6362581796840785,False,False,,,1.0,,,1.0,0.8187354071744638,False,False,Chase Roberts,LV,rookie_rule,True,udfa,False,,,,rookie_path,0.6584992343032159,0.6584992343032159,1.0,False,10.0,0.6584992343032159,24.159418900454952,downward,True,,False,True,below_median,,off_chart,0.5920893197594148,False,653.0,False,0.6965108832860549,True,1.0000000000000002,False,33.852824030940056,214.57229132943425,25.40666637485797,101.2650936526983,2025.0,LV,canonical_source_team_frame,0.0,0.0,0.0,0.0,0.0,1107.0460378365742,61.55691682746948,0.0,0.0,2.273736754432321e-13,projected_games,0.46783342197476724,0.0,1.4639722098411363
00-0040900,WR,2026,0.6959948877986091,0.0,0.0,1.8528444570135747,False,,,,,,,0.0243019015798127,3.8464211508779336,0.331082726463879,,,0.5599706359400236,False,False,,,1.0,,,1.0,1.0,False,False,Anthony Smith,DAL,rookie_rule,True,drafted,False,,,,rookie_path,2.163636363636364,2.163636363636364,1.0,False,7.0,2.163636363636364,16.468086823371205,upward,True,,False,True,no_data,,off_chart,0.3,False,55.0,False,0.93527049390564,False,1.0,False,34.84872978596818,250.0568833557896,26.917412919796803,120.7151518201046,2025.0,DAL,canonical_source_team_frame,0.0,0.0,0.0,0.0,0.0,275.16299543695914,57.23726737025993,5.15908901380503,0.0,0.0,projected_games,1.5058798481460818,0.0,4.008881643356644
00-0040895,WR,2026,0.6959948877986091,0.0,0.0,1.8528444570135747,False,,,,,,,0.0243019015798127,3.8464211508779336,0.331082726463879,,,0.5599706359400236,False,False,,,1.0,,,1.0,1.0,False,False,Emmanuel Henderson Jr.,SEA,rookie_rule,True,drafted,False,,,,rookie_path,8.830769230769231,8.830769230769231,1.0,False,6.0,8.830769230769231,19.49564219328384,downward,True,,False,True,no_data,3.0,rank_3_plus,0.3,False,65.0,False,0.8711510504345189,False,0.9999999999999998,False,32.225819234062534,233.14110074227904,27.938112728980386,119.71891792298418,2025.0,SEA,canonical_source_team_frame,0.0,0.0,0.0,0.0,0.0,510.67976083010535,11.991597195078668,6.6499636008200405,0.0,0.0,projected_games,6.146170239944641,0.0,16.3620418203968
00-0037755,TE,2026,0.6956018376790508,0.0,0.0,3.1634424713511793,False,,,,,,,0.0304921572259128,3.036230373314363,0.4180517139842753,,,0.6568452068851481,False,False,,,0.925532119166682,,,0.945230425597829,0.924926104234489,False,False,Jelani Woods,NYJ,veteran_model,True,,False,ACT,,deep_bench,deep_bench_discounted,2.6489775704635194,2.6489775704635194,1.0,False,4.0,2.6489775704635194,22.00089020868356,downward,True,,False,True,,,,,,,,1.0804595316479846,False,1.0,False,32.407872629000565,201.1291021889327,27.45450069012769,119.16603389972052,2025.0,NYJ,canonical_source_team_frame,0.0,0.0,0.0,0.0,0.0,0.0,0.0,0.0,0.0,2.273736754432321e-13,projected_games,1.8426336659850115,0.0,8.379888152060959
00-0041399,WR,2026,0.6936455022092745,0.0,0.0,1.8454004843769227,False,,,,,,,0.0239103373149236,3.8464211508779336,0.331082726463879,,,0.5599706359400236,False,False,,,1.0,,,1.0,0.9838875051154712,False,False,CJ Daniels,LA,rookie_rule,True,drafted,False,,,,rookie_path,8.830769230769231,8.830769230769231,1.0,False,6.0,8.830769230769231,23.599505879780573,downward,True,,False,True,no_data,3.0,rank_3_plus,0.3,False,65.0,False,0.7985958779872415,True,1.0,False,34.823713349866885,249.40469135191364,26.59281878800156,121.38612330535705,2025.0,LA,canonical_source_team_frame,0.0,0.0,0.0,0.0,0.0,853.9292590891182,65.83737867987509,0.0,0.0,0.0,projected_games,6.1254233579711315,0.0,16.296305815882366
00-0041536,WR,2026,0.6833035150255932,0.0,0.0,2.1675802528018213,False,,,,,,,0.0152224512434715,4.255900959889311,0.3327574231516661,,,0.5971163704940385,False,False,,,1.0,,,1.0,1.0,False,False,Kyre Duplessis,DET,rookie_rule,True,udfa,False,,,,rookie_path,0.6584992343032159,0.6584992343032159,1.0,False,,0.6584992343032159,22.61533745621171,downward,True,,False,True,no_data,,off_chart,0.5223248402883528,False,653.0,False,0.9785289193999536,False,0.9999999999999998,False,33.929940625091575,246.18800924276172,26.78972180276002,118.19003241053174,2025.0,DET,canonical_source_team_frame,0.0,0.0,0.0,0.0,0.0,89.86068401667671,8.57475959461226,2.843661959408699,0.0,4.547473508864641e-13,projected_games,0.4499548414410491,0.0,1.4273499367607705
00-0038710,TE,2026,0.6725825130533727,0.0,0.0,3.3277040870387484,False,,,,,,,0.0302315886880334,3.003204745624837,0.3817450127253772,,,0.5858712579166114,False,False,,,1.0,,,1.0,1.0,False,False,Blake Whiteheart,CLE,veteran_model,False,,False,ACT,2.0,backup,curated,4.235399469103896,4.235399469103896,1.0,False,4.0,4.235399469103896,10.284063846891716,upward,True,,False,True,,,,,,,,0.8164913489925817,False,1.0,False,33.8207863840279,210.1034066660231,26.544835692755186,109.30283679541014,2025.0,CLE,canonical_source_team_frame,0.0,0.0,0.0,0.0,0.0,655.4484763988635,98.14797606559432,2.452388874511467,5.684341886080803e-14,2.273736754432321e-13,projected_games,2.848655618714819,0.0,14.094156123578781
00-0040509,TE,2026,0.6691340048767475,0.0,0.0,3.081092943925716,False,,,,,,,0.0270698515507727,3.121853717569903,0.3890590476302419,,,0.5164518968512731,False,False,,,1.0,,,1.0,1.0,False,False,Ben Yurosek,MIN,veteran_model,True,,False,ACT,,deep_bench,deep_bench_discounted,12.53425967239127,12.53425967239127,0.83,True,3.0,12.53425967239127,23.81008358971931,downward,True,,False,True,,,,,,,,0.8282117242306364,False,1.0,False,33.3178469069799,212.14951525474893,25.942735935008912,113.22736292046942,2025.0,MIN,canonical_source_team_frame,0.0,0.0,0.0,0.0,0.0,619.5615903256335,79.08820679380477,5.267654923665397,5.684341886080803e-14,4.547473508864641e-13,projected_games,8.38709937275228,0.0,38.619219033937405
00-0039648,TE,2026,0.668373424222448,0.0,0.0,3.323494998207824,False,,,,,,,0.0282408899143992,2.960993849313755,0.4056573996093547,,,0.628135611953912,False,False,,,1.0,,,1.0,1.0,False,False,David Martin-Robinson,TEN,veteran_model,True,,False,ACT,,deep_bench,deep_bench_discounted,4.930169493453331,4.930169493453331,1.0,False,5.0,4.930169493453331,19.399084873783885,downward,True,,False,True,,,,,,,,0.9452763183553666,False,1.0000000000000002,False,33.99018463096149,212.0175347434573,25.99059410477733,108.16497255264404,2025.0,TEN,canonical_source_team_frame,0.0,0.0,0.0,0.0,0.0,197.2404612644764,53.34315299665252,3.6287139661061296,0.0,0.0,projected_games,3.295194266336455,0.0,16.385393651808947
00-0036534,TE,2026,0.667347421276245,0.0,0.0,3.3224689952616204,False,,,,,,,0.0321172197839984,2.939062857355077,0.3614756336734938,,,0.4663189621179405,False,False,,,1.0,,,1.0,1.0,False,False,Shane Zylstra,BUF,veteran_model,True,,True,ACT,,deep_bench,deep_bench_discounted,2.808613110020497,2.808613110020497,1.0,False,4.0,2.808613110020497,20.07985848410768,downward,True,,False,True,,,,,,,,0.7844531400579932,True,1.0000000000000002,False,33.20980278431125,231.99901556001677,27.99616806245821,133.52559682822502,2025.0,BUF,canonical_source_team_frame,0.0,0.0,0.0,0.0,0.0,850.1132083311727,39.78679072911751,7.808599833668275,5.684341886080803e-14,0.0,projected_games,1.8743207163348332,0.0,9.331529977728415
00-0041077,TE,2026,0.6670878585395847,0.0,0.0,1.6182941176470589,False,,,,,,,0.0264412104661465,3.460752144275162,0.324730762630379,,,0.4576519757593926,False,False,,,1.0,,,1.0,1.0,False,False,Justin Joly,DEN,rookie_rule,True,drafted,False,,,,rookie_path,11.947368421052632,11.947368421052632,1.0,False,3.0,11.947368421052632,18.024518158614,downward,True,,False,True,no_data,3.0,rank_3_plus,0.3,False,38.0,False,0.9854034591801514,False,1.0,False,34.865759372852125,230.0782856671356,26.41359970598278,116.8514641863358,2025.0,DEN,canonical_source_team_frame,0.0,0.0,0.0,0.0,0.0,57.091900504519344,48.03783450360993,4.639782232459449,0.0,0.0,projected_games,7.96994441518346,0.0,19.334356037151704
00-0038643,TE,2026,0.6574460377275821,0.0,0.0,3.312567611712958,False,,,,,,,0.0282142269888452,3.1448100954756923,0.3473593324938835,,,0.4096541766047114,False,False,,,1.0,,,1.0,1.0,False,False,Brayden Willis,SF,veteran_model,True,,False,ACT,,deep_bench,deep_bench_discounted,4.410640114327521,4.410640114327521,1.0,False,4.0,4.410640114327521,20.268882541673257,downward,True,,False,True,,,,,,,,0.991540844247621,False,1.0000000000000002,False,34.24847968425997,240.1216094230843,26.911226973415506,112.91814451887672,2025.0,SF,canonical_source_team_frame,0.0,0.0,0.0,0.0,0.0,34.530843591570374,14.986003777602036,7.225861317038813,0.0,0.0,projected_games,2.8997578670069584,0.0,14.610543589643283
00-0039458,TE,2026,0.6380622943392735,0.0,0.0,3.2931838683246495,False,,,,,,,0.0209072786744862,3.4383720911733797,0.3375628263500368,,,0.4762734272187218,False,False,,,1.0,,,1.0,1.0,False,False,Brenden Bates,CLE,veteran_model,True,,False,ACT,,deep_bench,deep_bench_discounted,3.83492322355708,3.83492322355708,1.0,False,6.0,3.83492322355708,10.284063846891716,upward,True,,False,True,,,,,,,,0.8164913489925817,False,1.0,False,33.8207863840279,210.1034066660231,26.544835692755186,109.30283679541014,2025.0,CLE,canonical_source_team_frame,0.0,0.0,0.0,0.0,0.0,655.4484763988635,98.14797606559432,2.452388874511467,5.684341886080803e-14,2.273736754432321e-13,projected_games,2.446919910637793,0.0,12.629107296081738
00-0039489,TE,2026,0.6336224847154397,0.0,0.0,3.288744058700815,False,,,,,,,0.0264284234434306,3.140104568153705,0.3220829744789711,,,0.473264498089962,False,False,,,1.0,,,1.0,1.0,False,False,Hayden Rucci,SF,veteran_model,True,,True,ACT,,deep_bench,deep_bench_discounted,2.2104236966090856,2.2104236966090856,1.0,False,5.0,2.2104236966090856,20.268882541673257,downward,True,,False,True,,,,,,,,0.991540844247621,False,1.0000000000000002,False,34.24847968425997,240.1216094230843,26.911226973415506,112.91814451887672,2025.0,SF,canonical_source_team_frame,0.0,0.0,0.0,0.0,0.0,34.530843591570374,14.986003777602036,7.225861317038813,0.0,0.0,projected_games,1.400574154919336,0.0,7.269517799434624
00-0037475,TE,2026,0.633033096155085,0.0,0.0,3.288154670140461,False,,,,,,,0.0273198184287401,2.823728775812583,0.3734826160027721,,,0.5902712733778014,False,False,,,1.0,,,1.0,1.0,False,False,Stone Smartt,PHI,veteran_model,True,,True,ACT,,deep_bench,deep_bench_discounted,3.6968669486724473,3.6968669486724473,1.0,False,5.0,3.6968669486724473,22.734366573198308,downward,True,,False,True,,,,,,,,0.9852092383981552,False,1.0,False,32.80466217687678,217.87283255481577,27.5089337932841,118.95482935957656,2025.0,PHI,canonical_source_team_frame,0.0,1.1368683772161605e-13,7.218158658701871e-14,9.094947017729282e-13,5.402090322974834e-15,54.78258713922742,30.42911752801558,3.044085996966416,0.0,0.0,projected_games,2.3402391305915207,0.0,12.155870322165223
00-0041342,WR,2026,0.6270046371192237,0.0,0.0,1.9889885533281597,False,,,,,,,0.0139682400398898,3.9052479290565407,0.3053408079484616,,,0.5479186407895759,False,False,,,1.0,,,1.0,1.0,False,False,Dillon Bell,MIN,rookie_rule,True,udfa,False,,,,rookie_path,8.166666666666666,8.166666666666666,1.0,False,6.0,8.166666666666666,23.81008358971931,downward,True,,False,True,no_data,3.0,rank_3_plus,0.4792893490838966,False,36.0,False,0.8282117242306364,False,1.0,False,33.3178469069799,212.14951525474893,25.942735935008912,113.22736292046942,2025.0,MIN,canonical_source_team_frame,0.0,0.0,0.0,0.0,0.0,619.5615903256335,79.08820679380477,5.267654923665397,5.684341886080803e-14,4.547473508864641e-13,projected_games,5.120537869806993,0.0,16.243406518846637
00-0041481,WR,2026,0.6270046371192237,0.0,0.0,1.9889885533281597,False,,,,,,,0.0139682400398898,3.9052479290565407,0.3053408079484616,,,0.5479186407895759,False,False,,,1.0,,,1.0,1.0,False,False,Terrill Davis,MIN,rookie_rule,True,udfa,False,,,,rookie_path,0.6584992343032159,0.6584992343032159,1.0,False,11.0,0.6584992343032159,23.81008358971931,downward,True,,False,True,no_data,,off_chart,0.4792893490838966,False,653.0,False,0.8282117242306364,False,1.0,False,33.3178469069799,212.14951525474893,25.942735935008912,113.22736292046942,2025.0,MIN,canonical_source_team_frame,0.0,0.0,0.0,0.0,0.0,619.5615903256335,79.08820679380477,5.267654923665397,5.684341886080803e-14,4.547473508864641e-13,projected_games,0.41288207344757455,0.0,1.3097474394044542
00-0040970,WR,2026,0.6270046371192237,0.0,0.0,1.9889885533281597,False,,,,,,,0.0139682400398898,3.9052479290565407,0.3053408079484616,,,0.5479186407895759,False,False,,,1.0,,,1.0,1.0,False,False,Michael Briscoe,MIN,rookie_rule,True,udfa,False,,,,rookie_path,0.6584992343032159,0.6584992343032159,1.0,False,10.0,0.6584992343032159,23.81008358971931,downward,True,,False,True,no_data,,off_chart,0.4792893490838966,False,653.0,False,0.8282117242306364,False,1.0,False,33.3178469069799,212.14951525474893,25.942735935008912,113.22736292046942,2025.0,MIN,canonical_source_team_frame,0.0,0.0,0.0,0.0,0.0,619.5615903256335,79.08820679380477,5.267654923665397,5.684341886080803e-14,4.547473508864641e-13,projected_games,0.41288207344757455,0.0,1.3097474394044542
00-0041352,WR,2026,0.6270046371192237,0.0,0.0,1.9889885533281597,False,,,,,,,0.0139682400398898,3.9052479290565407,0.3053408079484616,,,0.5479186407895759,False,False,,,1.0,,,1.0,1.0,False,False,Marcus Sanders Jr.,MIN,rookie_rule,True,udfa,False,,,,rookie_path,0.6584992343032159,0.6584992343032159,1.0,False,12.0,0.6584992343032159,23.81008358971931,downward,True,,False,True,no_data,,off_chart,0.4792893490838966,False,653.0,False,0.8282117242306364,False,1.0,False,33.3178469069799,212.14951525474893,25.942735935008912,113.22736292046942,2025.0,MIN,canonical_source_team_frame,0.0,0.0,0.0,0.0,0.0,619.5615903256335,79.08820679380477,5.267654923665397,5.684341886080803e-14,4.547473508864641e-13,projected_games,0.41288207344757455,0.0,1.3097474394044542
00-0041475,WR,2026,0.6270046371192237,0.0,0.0,1.9889885533281597,False,,,,,,,0.0139682400398898,3.9052479290565407,0.3053408079484616,,,0.5479186407895759,False,False,,,1.0,,,1.0,1.0,False,False,Trayvon Rudolph,MIN,rookie_rule,True,udfa,False,,,,rookie_path,0.6584992343032159,0.6584992343032159,1.0,False,9.0,0.6584992343032159,23.81008358971931,downward,True,,False,True,no_data,,off_chart,0.4792893490838966,False,653.0,False,0.8282117242306364,False,1.0,False,33.3178469069799,212.14951525474893,25.942735935008912,113.22736292046942,2025.0,MIN,canonical_source_team_frame,0.0,0.0,0.0,0.0,0.0,619.5615903256335,79.08820679380477,5.267654923665397,5.684341886080803e-14,4.547473508864641e-13,projected_games,0.41288207344757455,0.0,1.3097474394044542
00-0041356,WR,2026,0.6270046371192237,0.0,0.0,1.9889885533281597,False,,,,,,,0.0139682400398898,3.9052479290565407,0.3053408079484616,,,0.5479186407895759,False,False,,,1.0,,,1.0,1.0,False,False,Luke Wysong,MIN,rookie_rule,True,udfa,False,,,,rookie_path,0.6584992343032159,0.6584992343032159,1.0,False,,0.6584992343032159,23.81008358971931,downward,True,,False,True,no_data,,off_chart,0.4792893490838966,False,653.0,False,0.8282117242306364,False,1.0,False,33.3178469069799,212.14951525474893,25.942735935008912,113.22736292046942,2025.0,MIN,canonical_source_team_frame,0.0,0.0,0.0,0.0,0.0,619.5615903256335,79.08820679380477,5.267654923665397,5.684341886080803e-14,4.547473508864641e-13,projected_games,0.41288207344757455,0.0,1.3097474394044542
00-0039686,TE,2026,0.6249291523945939,0.0,0.0,3.2800507263799696,False,,,,,,,0.0266765065918823,2.879473801291124,0.3538454654283753,,,0.4421540677143179,False,False,,,1.0,,,1.0,1.0,False,False,Colson Yankoff,WAS,veteran_model,True,,False,ACT,,deep_bench,deep_bench_discounted,5.142055575331474,5.142055575331474,1.0,False,4.0,5.142055575331474,17.0832969419234,downward,True,,False,True,,,,,,,,0.7734083043982058,True,1.0000000000000002,False,32.6701069973832,214.93987374561607,27.270251462105467,124.11887818477246,2025.0,WAS,canonical_source_team_frame,0.0,0.0,0.0,0.0,0.0,827.96103755573,70.84056173480843,1.8215509938874952,0.0,0.0,projected_games,3.213420432257794,0.0,16.866203124952175
00-0040488,TE,2026,0.6215878491695397,0.0,0.0,3.118377707283419,False,,,,,,,0.0259992165449802,3.011809753681073,0.3288231490631023,,,0.534884497744673,False,False,,,1.0,,,1.0,0.8187354071744638,False,False,Carter Runyon,LV,veteran_model,True,,False,ACT,,deep_bench,deep_bench_discounted,4.482064523548829,4.482064523548829,1.0,False,4.0,4.482064523548829,24.159418900454952,downward,True,,False,True,,,,,,,,0.6965108832860549,True,1.0000000000000002,False,33.852824030940056,214.57229132943425,25.40666637485797,101.2650936526983,2025.0,LV,canonical_source_team_frame,0.0,0.0,0.0,0.0,0.0,1107.0460378365742,61.55691682746948,0.0,0.0,2.273736754432321e-13,projected_games,2.785996847031814,0.0,13.976770092840546
00-0034798,TE,2026,0.6129879681587539,0.0,0.0,3.1250726980638897,False,,,,,,,0.0401038389665743,2.1095700880293244,0.3228158511127512,,,0.3579270722927351,False,False,,,1.0,,,1.0,1.0,False,False,Durham Smythe,BAL,veteran_model,True,,True,ACT,2.0,backup,curated,13.574512633744511,13.574512633744511,0.9,True,2.0,13.574512633744511,18.421690320520103,downward,True,,False,True,,,,,,,,0.8405930073619484,False,1.0,False,31.371651182397663,213.6422320700136,28.05821210195141,132.6208441085526,2025.0,BAL,canonical_source_team_frame,0.0,0.0,0.0,0.0,0.0,578.9531171509466,55.41434962128113,4.989568733629504,5.684341886080803e-14,4.547473508864641e-13,projected_games,8.321012918104383,0.0,42.421338821238315
00-0034365,TE,2026,0.6109895450874325,0.0,0.0,2.8915331599630596,False,,,,,,,0.0306926385410826,2.3701736026610654,0.3796327071496607,,,0.4277692557019046,False,False,,,1.0,,,1.0,0.8187354071744638,False,False,Ian Thomas,LV,veteran_model,True,,False,ACT,,deep_bench,deep_bench_discounted,12.999587470892218,12.999587470892218,0.83,True,3.0,12.999587470892218,24.159418900454952,downward,True,,False,True,,,,,,,,0.6965108832860549,True,1.0000000000000002,False,33.852824030940056,214.57229132943425,25.40666637485797,101.2650936526983,2025.0,LV,canonical_source_team_frame,0.0,0.0,0.0,0.0,0.0,1107.0460378365742,61.55691682746948,0.0,0.0,2.273736754432321e-13,projected_games,7.942612035164724,0.0,37.58873823792517
00-0033576,TE,2026,0.6085163906726389,0.0,0.0,3.0345725796823864,False,,,,,,,0.0228354655032162,3.2795099075160854,0.2871052138034662,,,0.2871052138034662,False,True,,,1.0,,,1.0,1.0,False,False,Eric Saubert,SEA,veteran_model,True,,False,ACT,2.0,backup,curated,10.9806740569865,10.9806740569865,0.83,True,3.0,10.9806740569865,19.49564219328384,downward,True,,False,True,,,,,,,,0.8711510504345189,False,0.9999999999999998,False,32.225819234062534,233.14110074227904,27.938112728980386,119.71891792298418,2025.0,SEA,canonical_source_team_frame,0.0,0.0,0.0,0.0,0.0,510.67976083010535,11.991597195078668,6.6499636008200405,0.0,0.0,projected_games,6.681920144310107,0.0,33.32165239976098
00-0039824,TE,2026,0.6030025056662065,0.0,0.0,3.0149614447151754,False,,,,,,,0.0157683218020209,2.8883130064200717,0.4391225484241477,,,0.5523518365525316,False,False,,,1.0,,,1.0,1.0,False,False,Jared Wiley,KC,veteran_model,True,,False,ACT,,deep_bench,deep_bench_discounted,11.144477423376776,11.144477423376776,0.83,True,3.0,11.144477423376776,26.280421420954912,downward,True,,False,True,,,,,,,,0.7601284095142968,True,1.0,False,35.16444525693558,230.5791949901617,25.92765596122493,113.12700304519306,2025.0,KC,canonical_source_team_frame,0.0,0.0,0.0,0.0,0.0,940.259769998454,130.5185425896733,7.9994206468329025,1.1368683772161605e-13,0.0,projected_games,6.720147810636664,0.0,33.600169752979696
00-0040945,TE,2026,0.5957111503088199,0.0,0.0,1.7515334265734284,False,,,,,,,0.0214002281141318,3.19796108131746,0.2950273469845662,,,0.4949498648792003,False,False,,,1.0,,,1.0,1.0,False,False,RJ Maryland,GB,rookie_rule,True,udfa,False,,,,rookie_path,0.774074074074074,0.774074074074074,1.0,False,7.0,0.774074074074074,20.08091338164539,downward,True,,False,True,above_median,,off_chart,1.0,False,270.0,False,0.7132851478920521,True,1.0,False,32.63758427248949,227.66090813078225,27.533140288417208,118.4026551060812,2025.0,GB,canonical_source_team_frame,0.0,0.0,0.0,0.0,0.0,1109.653981293132,100.51157356910396,10.99654943968886,0.0,0.0,projected_games,0.46112455709090133,0.0,1.3558166153846167
00-0039305,TE,2026,0.5886129014504782,0.0,0.0,2.8905669377889893,False,,,,,,,0.032410601101496,2.53665465365825,0.2809676589513542,,,0.3641793354953344,False,False,,,0.9802549627291288,,,1.0,1.0,False,False,Jack Westover,NE,veteran_model,True,,False,ACT,,deep_bench,deep_bench_discounted,5.630214312825318,5.630214312825318,0.77,True,,5.630214312825318,14.772857648172948,upward,True,,False,True,,,,,,,,1.0201427567537114,False,1.0,False,33.74673756144342,243.75690325453,26.991281582048,121.68752580253285,2025.0,NE,canonical_source_team_frame,0.0,0.0,0.0,0.0,0.0,0.0,25.51114389997366,2.053035900254038,1.1368683772161605e-13,0.0,projected_games,3.3140167824601208,0.0,16.27451134531922
00-0039050,TE,2026,0.5877737334011632,0.0,0.0,3.0998584633063,False,,,,,,,0.0223821132003685,2.7924656494026867,0.3484689785173672,,,0.5030510040246676,False,False,,,1.0,,,1.0,1.0,False,False,Payne Durham,TB,veteran_model,True,,False,ACT,2.0,backup,curated,15.57903890901271,15.57903890901271,0.9,True,2.0,15.57903890901271,21.316686768416005,downward,True,,False,True,,,,,,,,0.9038657520217732,False,1.0000000000000002,False,33.545248910042254,223.71352331356564,27.714378326754787,117.7145365367365,2025.0,TB,canonical_source_team_frame,0.0,0.0,0.0,0.0,0.0,365.61103254725504,31.463300491173584,2.398950037365104,0.0,0.0,projected_games,9.156949862352386,0.0,48.292815612281196
00-0037277,TE,2026,0.5736083456260199,0.0,0.0,3.2287299196113954,False,,,,,,,0.0269386923103039,2.6394219774288947,0.2960679880426141,,,0.4406827580130645,False,False,,,1.0,,,1.0,1.0,False,False,Teagan Quitoriano,ARI,veteran_model,True,,True,ACT,,deep_bench,deep_bench_discounted,2.339436009893882,2.339436009893882,1.0,False,4.0,2.339436009893882,24.338087108826755,downward,True,,False,True,,,,,,,,0.943688680030244,False,0.9999999999999998,False,36.21418096404104,240.76817941837584,24.988650455385,107.79252270381906,2025.0,ARI,canonical_source_team_frame,0.0,0.0,0.0,0.0,0.0,230.485557825984,61.09721757041359,2.4522766638891937,0.0,0.0,projected_games,1.3419200193331666,0.0,7.5534070401606765
00-0036590,TE,2026,0.5725613827894258,0.0,0.0,3.2276829567748013,False,,,,,,,0.0146063746801191,2.83380046420676,0.4030861765760705,,,0.531696803468302,False,False,,,1.0,,,1.0,1.0,False,False,Quintin Morris,JAX,veteran_model,True,,False,ACT,,deep_bench,deep_bench_discounted,3.4208613030587167,3.4208613030587167,1.0,False,4.0,3.4208613030587167,20.206407261437764,downward,True,,False,True,,,,,,,,0.8618509111010552,False,1.0000000000000002,False,34.28151954965283,230.8790754929431,27.42470108063263,117.85711799660008,2025.0,JAX,canonical_source_team_frame,0.0,0.0,0.0,0.0,0.0,542.2274767280733,103.90199907631133,11.6552462028087,0.0,2.273736754432321e-13,projected_games,1.9586530780101359,0.0,11.041455725373059
00-0040566,TE,2026,0.5677467327357443,0.0,0.0,2.955522875522399,False,,,,,,,0.0265357021357964,2.4980265710168155,0.3174597256385685,,,0.3998434838188446,False,False,,,0.9802549627291288,,,1.0,1.0,False,False,CJ Dippre,NE,veteran_model,True,,False,ACT,,deep_bench,deep_bench_discounted,9.322343255364972,9.322343255364972,0.83,True,3.0,9.322343255364972,14.772857648172948,upward,True,,False,True,,,,,,,,1.0201427567537114,False,1.0,False,33.74673756144342,243.75690325453,26.991281582048,121.68752580253285,2025.0,NE,canonical_source_team_frame,0.0,0.0,0.0,0.0,0.0,0.0,25.51114389997366,2.053035900254038,1.1368683772161605e-13,0.0,projected_games,5.292729924674565,0.0,27.552398744703122
00-0038394,TE,2026,0.5665973348831497,0.0,0.0,3.2217189088685254,False,,,,,,,0.010295642739967,3.498220173813234,0.3100029221240487,,,0.3217016804878648,False,False,,,1.0,,,1.0,1.0,False,False,Will Mallory,IND,veteran_model,True,,False,ACT,,deep_bench,deep_bench_discounted,1.907693640909795,1.907693640909795,1.0,False,4.0,1.907693640909795,22.377203022332637,downward,True,,False,True,,,,,,,,0.7292128354928176,True,0.9999999999999998,False,33.81962358341313,234.02719158280576,26.501089706236453,117.38641446396322,2025.0,IND,canonical_source_team_frame,0.0,0.0,0.0,0.0,0.0,1077.316513646881,80.42225690596678,8.539487741748761,1.1368683772161605e-13,2.273736754432321e-13,projected_games,1.0808941327130221,0.0,6.146052675247329
00-0041263,TE,2026,0.5515843984340925,0.0,0.0,1.6217902097902113,False,,,,,,,0.0198150260316035,2.9610750752939445,0.2731734694301539,,,0.4582869119251854,False,False,,,1.0,,,1.0,1.0,False,False,Lake McRee,PIT,rookie_rule,True,udfa,False,,,,rookie_path,0.774074074074074,0.774074074074074,1.0,False,6.0,0.774074074074074,21.24394245613634,downward,True,,False,True,no_data,,off_chart,1.0,False,270.0,False,0.877056421443679,False,1.0,False,33.528333841849026,220.6189626135148,26.33273552345513,112.30420927129472,2025.0,PIT,canonical_source_team_frame,0.0,0.0,0.0,0.0,0.0,461.1026409385077,45.487651964804456,0.196712414829836,0.0,2.273736754432321e-13,projected_games,0.4269671824915752,0.0,1.255385754985756
00-0040955,TE,2026,0.5515843984340925,0.0,0.0,1.6217902097902113,False,,,,,,,0.0198150260316035,2.9610750752939445,0.2731734694301539,,,0.4582869119251854,False,False,,,1.0,,,1.0,1.0,False,False,John Michael Gyllenborg,KC,rookie_rule,True,udfa,False,,,,rookie_path,0.774074074074074,0.774074074074074,1.0,False,7.0,0.774074074074074,26.280421420954912,downward,True,,False,True,no_data,,off_chart,1.0,False,270.0,False,0.7601284095142968,True,1.0,False,35.16444525693558,230.5791949901617,25.92765596122493,113.12700304519306,2025.0,KC,canonical_source_team_frame,0.0,0.0,0.0,0.0,0.0,940.259769998454,130.5185425896733,7.9994206468329025,1.1368683772161605e-13,0.0,projected_games,0.4269671824915752,0.0,1.255385754985756
00-0040927,TE,2026,0.5515843984340925,0.0,0.0,1.6217902097902113,False,,,,,,,0.0198150260316035,2.9610750752939445,0.2731734694301539,,,0.4582869119251854,False,False,,,1.0,,,1.0,1.0,False,False,Dae'Quan Wright,PHI,rookie_rule,True,udfa,False,,,,rookie_path,0.774074074074074,0.774074074074074,1.0,False,8.0,0.774074074074074,22.734366573198308,downward,True,,False,True,no_data,,off_chart,1.0,False,270.0,False,0.9852092383981552,False,1.0,False,32.80466217687678,217.87283255481577,27.5089337932841,118.95482935957656,2025.0,PHI,canonical_source_team_frame,0.0,1.1368683772161605e-13,7.218158658701871e-14,9.094947017729282e-13,5.402090322974834e-15,54.78258713922742,30.42911752801558,3.044085996966416,0.0,0.0,projected_games,0.4269671824915752,0.0,1.255385754985756
00-0041357,TE,2026,0.5515843984340925,0.0,0.0,1.6217902097902113,False,,,,,,,0.0198150260316035,2.9610750752939445,0.2731734694301539,,,0.4582869119251854,False,False,,,1.0,,,1.0,1.0,False,False,Khalil Dinkins,SF,rookie_rule,True,udfa,False,,,,rookie_path,0.774074074074074,0.774074074074074,1.0,False,,0.774074074074074,20.268882541673257,downward,True,,False,True,no_data,,off_chart,1.0,False,270.0,False,0.991540844247621,False,1.0000000000000002,False,34.24847968425997,240.1216094230843,26.911226973415506,112.91814451887672,2025.0,SF,canonical_source_team_frame,0.0,0.0,0.0,0.0,0.0,34.530843591570374,14.986003777602036,7.225861317038813,0.0,0.0,projected_games,0.4269671824915752,0.0,1.255385754985756
00-0041170,TE,2026,0.5515843984340925,0.0,0.0,1.6217902097902113,False,,,,,,,0.0198150260316035,2.9610750752939445,0.2731734694301539,,,0.4582869119251854,False,False,,,1.0,,,1.0,1.0,False,False,Hayden Large,CHI,rookie_rule,True,udfa,False,,,,rookie_path,0.774074074074074,0.774074074074074,1.0,False,7.0,0.774074074074074,18.449464280783285,downward,True,,False,True,no_data,,off_chart,1.0,False,270.0,False,0.9135686161925484,False,1.0000000000000002,False,33.737891607375786,231.6083524098304,27.69702416995268,127.85615277062598,2025.0,CHI,canonical_source_team_frame,0.0,0.0,0.0,0.0,0.0,340.3099168024751,65.69620810933344,6.574845673487438,0.0,0.0,projected_games,0.4269671824915752,0.0,1.255385754985756
00-0041252,TE,2026,0.5515843984340925,0.0,0.0,1.6217902097902113,False,,,,,,,0.0198150260316035,2.9610750752939445,0.2731734694301539,,,0.4582869119251854,False,False,,,1.0,,,1.0,1.0,False,False,Kenny Fletcher Jr.,TB,rookie_rule,True,udfa,False,,,,rookie_path,0.774074074074074,0.774074074074074,1.0,False,6.0,0.774074074074074,21.316686768416005,downward,True,,False,True,no_data,,off_chart,1.0,False,270.0,False,0.9038657520217732,False,1.0000000000000002,False,33.545248910042254,223.71352331356564,27.714378326754787,117.7145365367365,2025.0,TB,canonical_source_team_frame,0.0,0.0,0.0,0.0,0.0,365.61103254725504,31.463300491173584,2.398950037365104,0.0,0.0,projected_games,0.4269671824915752,0.0,1.255385754985756
00-0041384,TE,2026,0.5515843984340925,0.0,0.0,1.6217902097902113,False,,,,,,,0.0198150260316035,2.9610750752939445,0.2731734694301539,,,0.4582869119251854,False,False,,,1.0,,,1.0,1.0,False,False,Evan Svoboda,LAC,rookie_rule,True,udfa,False,,,,rookie_path,0.774074074074074,0.774074074074074,1.0,False,5.0,0.774074074074074,18.14132108931228,downward,True,,False,True,no_data,,off_chart,1.0,False,270.0,False,0.896434828715537,False,1.0,False,34.810666017945884,231.0080210563423,26.605299733204117,118.73885720842677,2025.0,LAC,canonical_source_team_frame,0.0,0.0,0.0,0.0,0.0,406.7145495693435,95.61154335628294,8.79102244326705,0.0,0.0,projected_games,0.4269671824915752,0.0,1.255385754985756
00-0041180,TE,2026,0.5515843984340925,0.0,0.0,1.6217902097902113,False,,,,,,,0.0198150260316035,2.9610750752939445,0.2731734694301539,,,0.4582869119251854,False,False,,,1.0,,,1.0,1.0,False,False,Quentin Moore,WAS,rookie_rule,True,udfa,False,,,,rookie_path,0.774074074074074,0.774074074074074,1.0,False,6.0,0.774074074074074,17.0832969419234,downward,True,,False,True,no_data,,off_chart,1.0,False,270.0,False,0.7734083043982058,True,1.0000000000000002,False,32.6701069973832,214.93987374561607,27.270251462105467,124.11887818477246,2025.0,WAS,canonical_source_team_frame,0.0,0.0,0.0,0.0,0.0,827.96103755573,70.84056173480843,1.8215509938874952,0.0,0.0,projected_games,0.4269671824915752,0.0,1.255385754985756
00-0041452,TE,2026,0.5515843984340925,0.0,0.0,1.6217902097902113,False,,,,,,,0.0198150260316035,2.9610750752939445,0.2731734694301539,,,0.4582869119251854,False,False,,,1.0,,,1.0,1.0,False,False,Johnny Pascuzzi,LAC,rookie_rule,True,udfa,False,,,,rookie_path,0.774074074074074,0.774074074074074,1.0,False,6.0,0.774074074074074,18.14132108931228,downward,True,,False,True,no_data,,off_chart,1.0,False,270.0,False,0.896434828715537,False,1.0,False,34.810666017945884,231.0080210563423,26.605299733204117,118.73885720842677,2025.0,LAC,canonical_source_team_frame,0.0,0.0,0.0,0.0,0.0,406.7145495693435,95.61154335628294,8.79102244326705,0.0,0.0,projected_games,0.4269671824915752,0.0,1.255385754985756
00-0036741,TE,2026,0.5460681956617044,0.0,0.0,2.9580271347106732,False,,,,,,,0.0219985364225165,2.475870120946542,0.3329799300639024,,,0.4868407869538539,False,False,,,1.0,,,1.0,1.0,False,False,Jack Stoll,CLE,veteran_model,True,,True,ACT,,deep_bench,deep_bench_discounted,13.391997427007578,13.391997427007578,0.83,True,3.0,13.391997427007578,10.284063846891716,upward,True,,False,True,,,,,,,,0.8164913489925817,False,1.0,False,33.8207863840279,210.1034066660231,26.544835692755186,109.30283679541014,2025.0,CLE,canonical_source_team_frame,0.0,0.0,0.0,0.0,0.0,655.4484763988635,98.14797606559432,2.452388874511467,5.684341886080803e-14,2.273736754432321e-13,projected_games,7.312943871272216,0.0,39.613891777063934
00-0041314,TE,2026,0.5368935453670587,0.0,0.0,1.5803321098065333,False,,,,,,,0.0194939046853763,2.8555690050626783,0.2687464334970661,,,0.4508599365641122,False,False,,,0.9802549627291288,,,1.0,1.0,False,False,Tanner Arkin,NE,rookie_rule,True,udfa,False,,,,rookie_path,0.774074074074074,0.774074074074074,1.0,False,4.0,0.774074074074074,14.772857648172948,upward,True,,False,True,no_data,,off_chart,0.9837940487327606,False,270.0,False,1.0201427567537114,False,1.0,False,33.74673756144342,243.75690325453,26.991281582048,121.68752580253285,2025.0,NE,canonical_source_team_frame,0.0,0.0,0.0,0.0,0.0,0.0,25.51114389997366,2.053035900254038,1.1368683772161605e-13,0.0,projected_games,0.4155953740063528,0.0,1.22329411462802
00-0035544,WR,2026,0.5359304716569167,0.0,0.0,4.389704254162627,False,,,,,,,0.0,3.985416811353063,0.2747775810432206,,,0.4682369717591409,False,False,,,1.0,,,1.0,1.0,False,False,Tom Kennedy,DET,veteran_model,True,,False,ACT,,deep_bench,deep_bench_discounted,1.22437354745172,1.22437354745172,0.94,True,7.0,1.22437354745172,22.61533745621171,downward,True,,False,True,,,,,,,,0.9785289193999536,False,0.9999999999999998,False,33.929940625091575,246.18800924276172,26.78972180276002,118.19003241053174,2025.0,DET,canonical_source_team_frame,0.0,0.0,0.0,0.0,0.0,89.86068401667671,8.57475959461226,2.843661959408699,0.0,4.547473508864641e-13,projected_games,0.6561790927700525,0.0,5.374637769933002
00-0039631,TE,2026,0.5344577171301097,0.0,0.0,3.189579291115485,False,,,,,,,0.0232880175119714,2.3891889541838816,0.3116214332797863,,,0.4465671469311217,False,False,,,1.0,,,1.0,1.0,False,False,Cam Grandy,CIN,veteran_model,True,,False,ACT,,deep_bench,deep_bench_discounted,6.5205748595989474,6.5205748595989474,1.0,False,6.0,6.5205748595989474,28.701985495349312,downward,True,,False,True,,,,,,,,0.8041969537750469,False,1.0000000000000002,False,35.7612028620279,238.64282026275723,25.12001337082607,107.36926538839045,2025.0,CIN,canonical_source_team_frame,0.0,0.0,0.0,0.0,0.0,794.3588498417512,105.60842751061163,2.3639751147743238,0.0,0.0,projected_games,3.484971553837239,0.0,20.797890538345065
00-0036145,TE,2026,0.5342078698163658,0.0,0.0,3.1893294438017414,False,,,,,,,0.0265788459754496,2.196788648744652,0.3101118581784061,,,0.340861964722429,False,False,,,1.0,,,1.0,1.0,False,False,Lawrence Cager,WAS,veteran_model,True,,False,ACT,,deep_bench,deep_bench_discounted,1.6695237182472635,1.6695237182472635,1.0,False,5.0,1.6695237182472635,17.0832969419234,downward,True,,False,True,,,,,,,,0.7734083043982058,True,1.0000000000000002,False,32.6701069973832,214.93987374561607,27.270251462105467,124.11887818477246,2025.0,WAS,canonical_source_team_frame,0.0,0.0,0.0,0.0,0.0,827.96103755573,70.84056173480843,1.8215509938874952,0.0,0.0,projected_games,0.8918727091327692,0.0,5.324661151731361
00-0041195,TE,2026,0.5302937227781859,0.0,0.0,1.5331275477568826,False,,,,,,,0.0162665800889524,2.9610750752939445,0.2731734694301539,,,0.4582869119251854,False,False,,,1.0,,,1.0,0.820921459452458,False,False,Jack Velling,ATL,rookie_rule,True,udfa,False,,,,rookie_path,0.774074074074074,0.774074074074074,1.0,False,5.0,0.774074074074074,20.515452025454977,downward,True,,False,True,no_data,,off_chart,1.0,False,270.0,False,0.9033427562717592,False,1.0000000000000002,False,33.103575893134035,223.67610131731223,27.56553569236133,121.02128748507276,2025.0,ATL,canonical_source_team_frame,0.0,1.1368683772161605e-13,7.073038149771035e-14,9.094947017729282e-13,4.276533072858189e-15,367.538562500572,13.838496018552236,0.0,5.684341886080803e-14,0.0,projected_games,0.41048662244681794,0.0,1.1867542869673646
00-0036032,TE,2026,0.5267243408748108,0.0,0.0,3.1818459148601863,False,,,,,,,0.027456861349163,2.2761843384117704,0.2687294778773114,,,0.3236829831145956,False,False,,,1.0,,,1.0,1.0,False,False,Sean McKeon,IND,veteran_model,True,,False,ACT,,deep_bench,deep_bench_discounted,0.813269604701928,0.813269604701928,1.0,False,5.0,0.813269604701928,22.377203022332637,downward,True,,False,True,,,,,,,,0.7292128354928176,True,0.9999999999999998,False,33.81962358341313,234.02719158280576,26.501089706236453,117.38641446396322,2025.0,IND,canonical_source_team_frame,0.0,0.0,0.0,0.0,0.0,1077.316513646881,80.42225690596678,8.539487741748761,1.1368683772161605e-13,2.273736754432321e-13,projected_games,0.4283688964901409,0.0,2.5876985694007884
00-0036232,TE,2026,0.5233982171972247,0.0,0.0,2.84953504979805,False,,,,,,,0.0145694461271296,2.792878802421856,0.313387320384523,,,0.4204383792870576,False,False,,,1.0,,,1.0,1.0,False,False,Harrison Bryant,SEA,veteran_model,True,,True,ACT,,deep_bench,deep_bench_discounted,3.075415242754157,3.075415242754157,0.77,True,,3.075415242754157,19.49564219328384,downward,True,,False,True,,,,,,,,0.8711510504345189,False,0.9999999999999998,False,32.225819234062534,233.14110074227904,27.938112728980386,119.71891792298418,2025.0,SEA,canonical_source_team_frame,0.0,0.0,0.0,0.0,0.0,510.67976083010535,11.991597195078668,6.6499636008200405,0.0,0.0,projected_games,1.6096668551986957,0.0,8.763503526911148
00-0037292,TE,2026,0.5177902560523233,0.0,0.0,2.9297491951012926,False,,,,,,,0.0257244293310041,2.493993101016768,0.2280887399292437,,,0.3688783011880288,False,False,,,1.0,,,1.0,1.0,False,False,Andrew Ogletree,IND,veteran_model,True,,False,ACT,,deep_bench,deep_bench_discounted,12.613718710008094,12.613718710008094,0.83,True,3.0,12.613718710008094,22.377203022332637,downward,True,,False,True,,,,,,,,0.7292128354928176,True,0.9999999999999998,False,33.81962358341313,234.02719158280576,26.501089706236453,117.38641446396322,2025.0,IND,canonical_source_team_frame,0.0,0.0,0.0,0.0,0.0,1077.316513646881,80.42225690596678,8.539487741748761,1.1368683772161605e-13,2.273736754432321e-13,projected_games,6.531260640627072,0.0,36.955032237880324
00-0040853,TE,2026,0.5165703087450423,0.0,0.0,1.5188404018847885,False,,,,,,,0.0185571857072015,2.773108648838281,0.2558326592360104,,,0.4291952641501194,False,False,,,1.0,,,1.0,1.0,False,False,Carson Towt,IND,rookie_rule,True,udfa,False,,,,rookie_path,0.774074074074074,0.774074074074074,1.0,False,6.0,0.774074074074074,22.377203022332637,downward,True,,False,True,no_data,,off_chart,0.936520884585473,False,270.0,False,0.7292128354928176,True,0.9999999999999998,False,33.81962358341313,234.02719158280576,26.501089706236453,117.38641446396322,2025.0,IND,canonical_source_team_frame,0.0,0.0,0.0,0.0,0.0,1077.316513646881,80.42225690596678,8.539487741748761,1.1368683772161605e-13,2.273736754432321e-13,projected_games,0.39986368343597717,0.0,1.175694977755262
00-0036429,TE,2026,0.5121222649989037,0.0,0.0,2.794250749618226,False,,,,,,,0.0162127648117974,2.651431969269207,0.2994049584023971,,,0.3617023517395066,False,False,,,1.0,,,1.0,0.820921459452458,False,False,Charlie Woerner,ATL,veteran_model,True,,False,ACT,2.0,backup,curated,14.780676812280817,14.780676812280817,0.83,True,3.0,14.780676812280817,20.515452025454977,downward,True,,False,True,,,,,,,,0.9033427562717592,False,1.0000000000000002,False,33.103575893134035,223.67610131731223,27.56553569236133,121.02128748507276,2025.0,ATL,canonical_source_team_frame,0.0,1.1368683772161605e-13,7.073038149771035e-14,9.094947017729282e-13,4.276533072858189e-15,367.538562500572,13.838496018552236,0.0,5.684341886080803e-14,0.0,projected_games,7.5695136873220275,0.0,41.300917262580406
00-0038589,TE,2026,0.49547600367695127,0.0,0.0,2.90743494272592,False,,,,,,,0.0113873138032365,2.5461511168306554,0.3450740183489335,,,0.3590585392001806,False,False,,,1.0,,,1.0,1.0,False,False,Josh Whyle,GB,veteran_model,True,,False,ACT,2.0,backup,curated,9.88414867255176,9.88414867255176,0.83,True,3.0,9.88414867255176,20.08091338164539,downward,True,,False,True,,,,,,,,0.7132851478920521,True,1.0,False,32.63758427248949,227.66090813078225,27.533140288417208,118.4026551060812,2025.0,GB,canonical_source_team_frame,0.0,0.0,0.0,0.0,0.0,1109.653981293132,100.51157356910396,10.99654943968886,0.0,0.0,projected_games,4.897358484024789,0.0,28.737519229675
00-0033246,TE,2026,0.4910366920068502,0.0,0.0,2.902995631055819,False,,,,,,,0.0214249753400299,2.342703929644677,0.2564328940044061,,,0.4202017780912219,False,False,,,1.0,,,1.0,1.0,False,False,Johnny Mundt,PHI,veteran_model,True,,True,ACT,2.0,backup,curated,12.94909546045058,12.94909546045058,0.83,True,3.0,12.94909546045058,22.734366573198308,downward,True,,False,True,,,,,,,,0.9852092383981552,False,1.0,False,32.80466217687678,217.87283255481577,27.5089337932841,118.95482935957656,2025.0,PHI,canonical_source_team_frame,0.0,1.1368683772161605e-13,7.218158658701871e-14,9.094947017729282e-13,5.402090322974834e-15,54.78258713922742,30.42911752801558,3.044085996966416,0.0,0.0,projected_games,6.358480999380574,0.0,37.59116754781277
00-0038809,TE,2026,0.4798421497203419,0.0,0.0,3.0569627165496978,False,,,,,,,0.0137643785440647,2.615959598329197,0.2713198372460679,,,0.4326870702923452,False,False,,,1.0,,,1.0,0.9107012721721982,False,False,Ben Sims,MIA,veteran_model,True,,True,ACT,,deep_bench,deep_bench_discounted,5.708863573582904,5.708863573582904,1.0,False,4.0,5.708863573582904,15.820591246614065,upward,True,,False,True,,,,,,,,0.8973004686307117,False,1.0,False,32.35673046917577,214.6124638790677,26.70994351578604,118.05744126358432,2025.0,MIA,canonical_source_team_frame,0.0,0.0,0.0,0.0,0.0,374.6901909286057,43.11113101787174,0.0,5.684341886080803e-14,2.273736754432321e-13,projected_games,2.7393533696081738,0.0,17.45178309831161
00-0041207,TE,2026,0.47843930769393966,0.0,0.0,1.4067261282219747,False,,,,,,,0.0171873739783279,2.568409681411054,0.2369481913657337,,,0.3975139135355339,False,False,,,1.0,,,1.0,1.0,False,False,Ethan Conner,JAX,rookie_rule,True,udfa,False,,,,rookie_path,0.774074074074074,0.774074074074074,1.0,False,7.0,0.774074074074074,20.206407261437764,downward,True,,False,True,no_data,,off_chart,0.8673909360964412,False,270.0,False,0.8618509111010552,False,1.0000000000000002,False,34.28151954965283,230.8790754929431,27.42470108063263,117.85711799660008,2025.0,JAX,canonical_source_team_frame,0.0,0.0,0.0,0.0,0.0,542.2274767280733,103.90199907631133,11.6552462028087,0.0,2.273736754432321e-13,projected_games,0.37034746410382735,0.0,1.0889102251792322
00-0037340,TE,2026,0.47424483489735514,0.0,0.0,3.0562863358286654,False,,,,,,,0.013222119045536,2.699659614965868,0.2498923182551047,,,0.3876941812082322,False,False,,,1.0,,,1.0,0.9163349578264096,False,False,Zaire Mitchell-Paden,NO,veteran_model,True,,True,ACT,,deep_bench,deep_bench_discounted,3.877630538866906,3.877630538866906,1.0,False,5.0,3.877630538866906,21.59325303282543,downward,True,,False,True,,,,,,,,0.8801009681156396,False,1.0,False,34.116960253547056,231.15975941032937,26.95323708907626,109.1195451687137,2025.0,NO,canonical_source_team_frame,0.0,0.0,0.0,0.0,0.0,471.16913318664274,47.16906708270608,0.0,5.684341886080803e-14,0.0,projected_games,1.838946254697878,0.0,11.85114923133087
00-0041272,WR,2026,0.4628772500894023,0.0,0.0,1.4683424930536448,False,,,,,,,0.0103118544193852,2.882993705795039,0.2254135059871743,,,0.4044931388173715,False,False,,,1.0,,,1.0,1.0,False,False,Ja'Mori Maclin,BUF,rookie_rule,True,udfa,False,,,,rookie_path,0.6584992343032159,0.6584992343032159,1.0,False,13.0,0.6584992343032159,20.07985848410768,downward,True,,False,True,no_data,,off_chart,0.3538285409186038,False,653.0,False,0.7844531400579932,True,1.0000000000000002,False,33.20980278431125,231.99901556001677,27.99616806245821,133.52559682822502,2025.0,BUF,canonical_source_team_frame,0.0,0.0,0.0,0.0,0.0,850.1132083311727,39.78679072911751,7.808599833668275,5.684341886080803e-14,0.0,projected_games,0.30480431476024955,0.0,0.9669024073707002
00-0041222,WR,2026,0.4628772500894023,0.0,0.0,1.4683424930536448,False,,,,,,,0.0103118544193852,2.882993705795039,0.2254135059871743,,,0.4044931388173715,False,False,,,1.0,,,1.0,1.0,False,False,Gabriel Benyard,BUF,rookie_rule,True,udfa,False,,,,rookie_path,0.6584992343032159,0.6584992343032159,1.0,False,,0.6584992343032159,20.07985848410768,downward,True,,False,True,no_data,,off_chart,0.3538285409186038,False,653.0,False,0.7844531400579932,True,1.0000000000000002,False,33.20980278431125,231.99901556001677,27.99616806245821,133.52559682822502,2025.0,BUF,canonical_source_team_frame,0.0,0.0,0.0,0.0,0.0,850.1132083311727,39.78679072911751,7.808599833668275,5.684341886080803e-14,0.0,projected_games,0.30480431476024955,0.0,0.9669024073707002
00-0039518,TE,2026,0.4614476951415641,0.0,0.0,3.0434891960728745,False,,,,,,,0.0123299575405426,2.877006293040072,0.1995346411886026,,,0.4219095924513004,False,False,,,1.0,,,1.0,0.9163349578264096,False,False,Treyton Welch,NO,veteran_model,True,,False,ACT,,deep_bench,deep_bench_discounted,0.8452064639903142,0.8452064639903142,1.0,False,6.0,0.8452064639903142,21.59325303282543,downward,True,,False,True,,,,,,,,0.8801009681156396,False,1.0,False,34.116960253547056,231.15975941032937,26.95323708907626,109.1195451687137,2025.0,NO,canonical_source_team_frame,0.0,0.0,0.0,0.0,0.0,471.16913318664274,47.16906708270608,0.0,5.684341886080803e-14,0.0,projected_games,0.39001857472708185,0.0,2.572376741605478
00-0041237,TE,2026,0.45862491914249104,0.0,0.0,1.3473997928067711,False,,,,,,,0.0163807580220262,2.4494762026118675,0.2307855014982941,,,0.4096092594205988,False,False,,,0.925532119166682,,,0.945230425597829,0.924926104234489,False,False,Chase Curtis,NYJ,rookie_rule,True,udfa,False,,,,rookie_path,0.774074074074074,0.774074074074074,1.0,False,5.0,0.774074074074074,22.00089020868356,downward,True,,False,True,no_data,,off_chart,0.893783454779234,False,270.0,False,1.0804595316479846,False,1.0,False,32.407872629000565,201.1291021889327,27.45450069012769,119.16603389972052,2025.0,NYJ,canonical_source_team_frame,0.0,0.0,0.0,0.0,0.0,0.0,0.0,0.0,0.0,2.273736754432321e-13,projected_games,0.35500965963252085,0.0,1.0429872470245005
00-0039754,TE,2026,0.44561725084905646,0.0,0.0,3.100738824834432,False,,,,,,,0.0220735478291843,2.268919536055292,0.1725680205368429,,,0.3911768623140098,False,False,,,1.0,,,1.0,1.0,False,False,Devin Culp,TB,veteran_model,True,,False,ACT,,deep_bench,deep_bench_discounted,1.1770905599864196,1.1770905599864196,1.0,False,5.0,1.1770905599864196,21.316686768416005,downward,True,,False,True,,,,,,,,0.9038657520217732,False,1.0000000000000002,False,33.545248910042254,223.71352331356564,27.714378326754787,117.7145365367365,2025.0,TB,canonical_source_team_frame,0.0,0.0,0.0,0.0,0.0,365.61103254725504,31.463300491173584,2.398950037365104,0.0,0.0,projected_games,0.5245318593415247,0.0,3.6498503996959943
00-0037282,TE,2026,0.44448668418839427,0.0,0.0,3.1059651797040555,False,,,,,,,0.013257313932057,2.2347040102526328,0.282944799141578,,,0.282944799141578,False,True,,,1.0,,,1.0,1.0,False,False,James Mitchell,CAR,veteran_model,True,,False,ACT,,deep_bench,deep_bench_discounted,4.534686243963308,4.534686243963308,1.0,False,5.0,4.534686243963308,19.92286534491023,downward,True,,False,True,,,,,,,,0.762642225796171,True,1.0000000000000002,False,33.081719189069275,214.5393770638172,26.97993809377384,116.45261469433012,2025.0,CAR,canonical_source_team_frame,0.0,0.0,0.0,0.0,0.0,865.6840133220421,82.42672504867357,7.690814341352549,0.0,2.273736754432321e-13,projected_games,2.0156076524139745,0.0,14.084577574633004
00-0038498,TE,2026,0.4408289901103071,0.0,0.0,3.095950564095683,False,,,,,,,0.0158371277882994,1.987689298730688,0.2940745870148837,,,0.4512235865970279,False,False,,,1.0,,,1.0,1.0,False,False,E.J. Jenkins,PHI,veteran_model,True,,False,ACT,,deep_bench,deep_bench_discounted,0.1479686078459905,0.1479686078459905,1.0,False,7.0,0.1479686078459905,22.734366573198308,downward,True,,False,True,,,,,,,,0.9852092383981552,False,1.0,False,32.80466217687678,217.87283255481577,27.5089337932841,118.95482935957656,2025.0,PHI,canonical_source_team_frame,0.0,1.1368683772161605e-13,7.218158658701871e-14,9.094947017729282e-13,5.402090322974834e-15,54.78258713922742,30.42911752801558,3.044085996966416,0.0,0.0,projected_games,0.06522885196477606,0.0,0.4581034949292472
00-0040058,TE,2026,0.43731838196913275,0.0,0.0,3.092439955954508,False,,,,,,,0.0092772788622696,2.454856915059584,0.2723380345791135,,,0.4363034218733764,False,False,,,1.0,,,1.0,1.0,False,False,Nick Kallerup,SEA,veteran_model,True,,False,ACT,,deep_bench,deep_bench_discounted,1.8740445448631236,1.8740445448631236,1.0,False,5.0,1.8740445448631236,19.49564219328384,downward,True,,False,True,,,,,,,,0.8711510504345189,False,0.9999999999999998,False,32.225819234062534,233.14110074227904,27.938112728980386,119.71891792298418,2025.0,SEA,canonical_source_team_frame,0.0,0.0,0.0,0.0,0.0,510.67976083010535,11.991597195078668,6.6499636008200405,0.0,0.0,projected_games,0.819554128097621,0.0,5.7953702297733045
00-0033757,TE,2026,0.41419154597449526,0.0,0.0,2.826150485023464,False,,,,,,,0.0153353889764953,2.404076148478951,0.1635431945352568,,,0.4085091755199044,False,False,,,1.0,,,1.0,1.0,False,False,Robert Tonyan,PIT,veteran_model,True,,True,ACT,,deep_bench,deep_bench_discounted,11.091726007045915,11.091726007045915,0.83,True,3.0,11.091726007045915,21.24394245613634,downward,True,,False,True,,,,,,,,0.877056421443679,False,1.0,False,33.528333841849026,220.6189626135148,26.33273552345513,112.30420927129472,2025.0,PIT,canonical_source_team_frame,0.0,0.0,0.0,0.0,0.0,461.1026409385077,45.487651964804456,0.196712414829836,0.0,2.273736754432321e-13,projected_games,4.594099142383863,0.0,31.346886834560188
00-0041366,TE,2026,0.41372457683975883,0.0,0.0,1.2164493233912452,False,,,,,,,0.0148625727690402,2.221001058033234,0.2048980688443884,,,0.3437453257302429,False,False,,,1.0,,,1.0,1.0,False,False,Jameson Geers,ARI,rookie_rule,True,udfa,False,,,,rookie_path,0.774074074074074,0.774074074074074,1.0,False,7.0,0.774074074074074,24.338087108826755,downward,True,,False,True,no_data,,off_chart,0.7500657705589435,False,270.0,False,0.943688680030244,False,0.9999999999999998,False,36.21418096404104,240.76817941837584,24.988650455385,107.79252270381906,2025.0,ARI,canonical_source_team_frame,0.0,0.0,0.0,0.0,0.0,230.485557825984,61.09721757041359,2.4522766638891937,0.0,0.0,projected_games,0.3202534687389244,0.0,0.941621883662112
00-0031484,TE,2026,0.3956806715060259,0.0,0.0,2.6867635510314054,False,,,,,,,0.0216613361463136,1.6555268991685013,0.2003199294225884,,,0.3506743604674736,False,False,,,1.0,,,0.9182512412543492,1.0,False,False,Chris Manhertz,NYG,veteran_model,True,,False,ACT,,deep_bench,deep_bench_discounted,3.608470910456671,3.608470910456671,0.77,True,,3.608470910456671,23.01824991096567,downward,True,,False,True,,,,,,,,0.969501997801332,False,1.0,False,33.2431579562698,223.72213877664484,27.96941585077396,122.67702612627788,2025.0,NYG,canonical_source_team_frame,0.0,0.0,0.0,0.0,0.0,115.99233076511427,0.0,0.95835366558714,5.684341886080803e-14,0.0,projected_games,1.4278021929594564,0.0,9.695108117172094
00-0040785,WR,2026,0.39245894258927316,0.0,0.0,1.2449610389610386,False,,,,,,,0.0087430943749877,2.4443989438869957,0.1911209639012947,,,0.342956905992292,False,False,,,1.0,,,1.0,1.0,False,False,Dohnte Meyers,CIN,rookie_rule,True,udfa,False,,,,rookie_path,0.6584992343032159,0.6584992343032159,1.0,False,11.0,0.6584992343032159,28.701985495349312,downward,True,,False,True,no_data,,off_chart,0.3,False,653.0,False,0.8041969537750469,False,1.0000000000000002,False,35.7612028620279,238.64282026275723,25.12001337082607,107.36926538839045,2025.0,CIN,canonical_source_team_frame,0.0,0.0,0.0,0.0,0.0,794.3588498417512,105.60842751061163,2.3639751147743238,0.0,0.0,projected_games,0.25843391319048614,0.0,0.81980589089318
00-0041476,WR,2026,0.39245894258927316,0.0,0.0,1.2449610389610386,False,,,,,,,0.0087430943749877,2.4443989438869957,0.1911209639012947,,,0.342956905992292,False,False,,,1.0,,,1.0,1.0,False,False,Rashad Rochelle,SEA,rookie_rule,True,udfa,False,,,,rookie_path,0.6584992343032159,0.6584992343032159,1.0,False,11.0,0.6584992343032159,19.49564219328384,downward,True,,False,True,no_data,,off_chart,0.3,False,653.0,False,0.8711510504345189,False,0.9999999999999998,False,32.225819234062534,233.14110074227904,27.938112728980386,119.71891792298418,2025.0,SEA,canonical_source_team_frame,0.0,0.0,0.0,0.0,0.0,510.67976083010535,11.991597195078668,6.6499636008200405,0.0,0.0,projected_games,0.25843391319048614,0.0,0.81980589089318
00-0041516,WR,2026,0.39245894258927316,0.0,0.0,1.2449610389610386,False,,,,,,,0.0087430943749877,2.4443989438869957,0.1911209639012947,,,0.342956905992292,False,False,,,1.0,,,1.0,1.0,False,False,Romello Brinson,DAL,rookie_rule,True,udfa,False,,,,rookie_path,0.6584992343032159,0.6584992343032159,1.0,False,,0.6584992343032159,16.468086823371205,upward,True,,False,True,no_data,,off_chart,0.3,False,653.0,False,0.93527049390564,False,1.0,False,34.84872978596818,250.0568833557896,26.917412919796803,120.7151518201046,2025.0,DAL,canonical_source_team_frame,0.0,0.0,0.0,0.0,0.0,275.16299543695914,57.23726737025993,5.15908901380503,0.0,0.0,projected_games,0.25843391319048614,0.0,0.81980589089318
00-0041293,WR,2026,0.39245894258927316,0.0,0.0,1.2449610389610386,False,,,,,,,0.0087430943749877,2.4443989438869957,0.1911209639012947,,,0.342956905992292,False,False,,,1.0,,,1.0,1.0,False,False,Dane Key,DEN,rookie_rule,True,udfa,False,,,,rookie_path,0.6584992343032159,0.6584992343032159,1.0,False,9.0,0.6584992343032159,18.024518158614,downward,True,,False,True,no_data,,off_chart,0.3,False,653.0,False,0.9854034591801514,False,1.0,False,34.865759372852125,230.0782856671356,26.41359970598278,116.8514641863358,2025.0,DEN,canonical_source_team_frame,0.0,0.0,0.0,0.0,0.0,57.091900504519344,48.03783450360993,4.639782232459449,0.0,0.0,projected_games,0.25843391319048614,0.0,0.81980589089318
00-0040934,WR,2026,0.39245894258927316,0.0,0.0,1.2449610389610386,False,,,,,,,0.0087430943749877,2.4443989438869957,0.1911209639012947,,,0.342956905992292,False,False,,,1.0,,,1.0,1.0,False,False,Jordan Hudson,DAL,rookie_rule,True,udfa,False,,,,rookie_path,0.6584992343032159,0.6584992343032159,1.0,False,11.0,0.6584992343032159,16.468086823371205,upward,True,,False,True,no_data,,off_chart,0.3,False,653.0,False,0.93527049390564,False,1.0,False,34.84872978596818,250.0568833557896,26.917412919796803,120.7151518201046,2025.0,DAL,canonical_source_team_frame,0.0,0.0,0.0,0.0,0.0,275.16299543695914,57.23726737025993,5.15908901380503,0.0,0.0,projected_games,0.25843391319048614,0.0,0.81980589089318
00-0040930,WR,2026,0.39245894258927316,0.0,0.0,1.2449610389610386,False,,,,,,,0.0087430943749877,2.4443989438869957,0.1911209639012947,,,0.342956905992292,False,False,,,1.0,,,1.0,1.0,False,False,Camden Brown,DAL,rookie_rule,True,udfa,False,,,,rookie_path,0.6584992343032159,0.6584992343032159,1.0,False,12.0,0.6584992343032159,16.468086823371205,upward,True,,False,True,no_data,,off_chart,0.3,False,653.0,False,0.93527049390564,False,1.0,False,34.84872978596818,250.0568833557896,26.917412919796803,120.7151518201046,2025.0,DAL,canonical_source_team_frame,0.0,0.0,0.0,0.0,0.0,275.16299543695914,57.23726737025993,5.15908901380503,0.0,0.0,projected_games,0.25843391319048614,0.0,0.81980589089318
00-0041294,WR,2026,0.39245894258927316,0.0,0.0,1.2449610389610386,False,,,,,,,0.0087430943749877,2.4443989438869957,0.1911209639012947,,,0.342956905992292,False,False,,,1.0,,,1.0,1.0,False,False,Joseph Manjack,DEN,rookie_rule,True,udfa,False,,,,rookie_path,0.6584992343032159,0.6584992343032159,1.0,False,11.0,0.6584992343032159,18.024518158614,downward,True,,False,True,no_data,,off_chart,0.3,False,653.0,False,0.9854034591801514,False,1.0,False,34.865759372852125,230.0782856671356,26.41359970598278,116.8514641863358,2025.0,DEN,canonical_source_team_frame,0.0,0.0,0.0,0.0,0.0,57.091900504519344,48.03783450360993,4.639782232459449,0.0,0.0,projected_games,0.25843391319048614,0.0,0.81980589089318
00-0041299,WR,2026,0.39245894258927316,0.0,0.0,1.2449610389610386,False,,,,,,,0.0087430943749877,2.4443989438869957,0.1911209639012947,,,0.342956905992292,False,False,,,1.0,,,1.0,1.0,False,False,Cameron Ross,DEN,rookie_rule,True,udfa,False,,,,rookie_path,0.6584992343032159,0.6584992343032159,1.0,False,12.0,0.6584992343032159,18.024518158614,downward,True,,False,True,no_data,,off_chart,0.3,False,653.0,False,0.9854034591801514,False,1.0,False,34.865759372852125,230.0782856671356,26.41359970598278,116.8514641863358,2025.0,DEN,canonical_source_team_frame,0.0,0.0,0.0,0.0,0.0,57.091900504519344,48.03783450360993,4.639782232459449,0.0,0.0,projected_games,0.25843391319048614,0.0,0.81980589089318
00-0041248,WR,2026,0.39245894258927316,0.0,0.0,1.2449610389610386,False,,,,,,,0.0087430943749877,2.4443989438869957,0.1911209639012947,,,0.342956905992292,False,False,,,1.0,,,1.0,1.0,False,False,Noah Thomas,CIN,rookie_rule,True,udfa,False,,,,rookie_path,0.6584992343032159,0.6584992343032159,1.0,False,12.0,0.6584992343032159,28.701985495349312,downward,True,,False,True,no_data,,off_chart,0.3,False,653.0,False,0.8041969537750469,False,1.0000000000000002,False,35.7612028620279,238.64282026275723,25.12001337082607,107.36926538839045,2025.0,CIN,canonical_source_team_frame,0.0,0.0,0.0,0.0,0.0,794.3588498417512,105.60842751061163,2.3639751147743238,0.0,0.0,projected_games,0.25843391319048614,0.0,0.81980589089318
00-0041292,WR,2026,0.39245894258927316,0.0,0.0,1.2449610389610386,False,,,,,,,0.0087430943749877,2.4443989438869957,0.1911209639012947,,,0.342956905992292,False,False,,,1.0,,,1.0,1.0,False,False,Kolbe Katsis,DEN,rookie_rule,True,udfa,False,,,,rookie_path,0.6584992343032159,0.6584992343032159,1.0,False,10.0,0.6584992343032159,18.024518158614,downward,True,,False,True,no_data,,off_chart,0.3,False,653.0,False,0.9854034591801514,False,1.0,False,34.865759372852125,230.0782856671356,26.41359970598278,116.8514641863358,2025.0,DEN,canonical_source_team_frame,0.0,0.0,0.0,0.0,0.0,57.091900504519344,48.03783450360993,4.639782232459449,0.0,0.0,projected_games,0.25843391319048614,0.0,0.81980589089318
00-0041535,TE,2026,0.3640997581566005,0.0,0.0,1.0705404736640944,False,,,,,,,0.0130798590505015,1.954599734616833,0.1803212607838164,,,0.3025142739207357,False,False,,,1.0,,,1.0,1.0,False,False,Louis Hansen,HOU,rookie_rule,True,udfa,False,,,,rookie_path,0.774074074074074,0.774074074074074,1.0,False,,0.774074074074074,18.04941432689289,downward,True,,False,True,no_data,,off_chart,0.6600979998532461,False,270.0,False,0.8352594114599872,False,1.0,False,34.32116198114704,230.71951669895023,27.0159725075953,113.89622067613276,2025.0,HOU,canonical_source_team_frame,0.0,0.0,0.0,0.0,0.0,646.1507724670905,60.24697481013885,7.455446411296052,0.0,0.0,projected_games,0.28184018316566484,0.0,0.8286776259103545
00-0038590,TE,2026,0.3468271532471111,0.0,0.0,2.5510485646268846,False,,,,,,,0.0162042566191519,1.421813435688403,0.2148405399267189,,,0.2577965507602748,False,False,,,1.0,,,1.0,0.8187354071744638,False,False,Justin Shorter,LV,veteran_model,True,,False,RES,,deep_bench,deep_bench_discounted,0.4637397584722497,0.4637397584722497,0.77,True,,0.4637397584722497,24.159418900454952,downward,True,,False,True,,,,,,,,0.6965108832860549,True,1.0000000000000002,False,33.852824030940056,214.57229132943425,25.40666637485797,101.2650936526983,2025.0,LV,canonical_source_team_frame,0.0,0.0,0.0,0.0,0.0,1107.0460378365742,61.55691682746948,0.0,0.0,2.273736754432321e-13,projected_games,0.16083754027843322,0.0,1.1830226452110506
00-0041327,TE,2026,0.33900117678660757,0.0,0.0,0.9891235454104907,False,,,,,,,0.0113642668869111,1.853283848547585,0.1709743812207648,,,0.286833568982503,False,False,,,1.0,,,1.0,0.9163349578264096,False,False,Cody Hardy,NO,rookie_rule,True,udfa,False,,,,rookie_path,0.774074074074074,0.774074074074074,1.0,False,7.0,0.774074074074074,21.59325303282543,downward,True,,False,True,no_data,,off_chart,0.6258820872225305,False,270.0,False,0.8801009681156396,False,1.0,False,34.116960253547056,231.15975941032937,26.95323708907626,109.1195451687137,2025.0,NO,canonical_source_team_frame,0.0,0.0,0.0,0.0,0.0,471.16913318664274,47.16906708270608,0.0,5.684341886080803e-14,0.0,projected_games,0.26241202203111474,0.0,0.765654892558491
00-0041016,TE,2026,0.3169986805677253,0.0,0.0,0.9162741948595748,False,,,,,,,0.0097026885345498,1.7709377246560172,0.1633775537896495,,,0.2740888226090834,False,False,,,1.0,,,1.0,0.8187354071744638,False,False,Patrick Gurd,LV,rookie_rule,True,udfa,False,,,,rookie_path,0.774074074074074,0.774074074074074,1.0,False,6.0,0.774074074074074,24.159418900454952,downward,True,,False,True,no_data,,off_chart,0.5980725512270968,False,270.0,False,0.6965108832860549,True,1.0000000000000002,False,33.852824030940056,214.57229132943425,25.40666637485797,101.2650936526983,2025.0,LV,canonical_source_team_frame,0.0,0.0,0.0,0.0,0.0,1107.0460378365742,61.55691682746948,0.0,0.0,2.273736754432321e-13,projected_games,0.2453804601431651,0.0,0.7092640989838931
00-0041457,TE,2026,0.2910176284816033,0.0,0.0,0.8556615127036146,False,,,,,,,0.0104544688000408,1.5622723351392869,0.1441271643348596,,,0.2417935870761595,False,False,,,1.0,,,1.0,1.0,False,False,Miles Kitselman,DET,rookie_rule,True,udfa,False,,,,rookie_path,0.774074074074074,0.774074074074074,1.0,False,7.0,0.774074074074074,22.61533745621171,downward,True,,False,True,no_data,,off_chart,0.5276030817908934,False,270.0,False,0.9785289193999536,False,0.9999999999999998,False,33.929940625091575,246.18800924276172,26.78972180276002,118.19003241053174,2025.0,DET,canonical_source_team_frame,0.0,0.0,0.0,0.0,0.0,89.86068401667671,8.57475959461226,2.843661959408699,0.0,4.547473508864641e-13,projected_games,0.22526920130612993,0.0,0.662345393166872
00-0037311,TE,2026,0.2721478612408456,0.0,0.0,2.6841068002898147,False,,,,,,,0.0087766264139873,1.715425245649594,0.0958911563839248,,,0.3038315752867362,False,False,,,1.0,,,1.0,1.0,False,False,Ko Kieft,TB,veteran_model,True,,False,ACT,,deep_bench,deep_bench_discounted,8.61402845718149,8.61402845718149,0.83,True,3.0,8.61402845718149,21.316686768416005,downward,True,,False,True,,,,,,,,0.9038657520217732,False,1.0000000000000002,False,33.545248910042254,223.71352331356564,27.714378326754787,117.7145365367365,2025.0,TB,canonical_source_team_frame,0.0,0.0,0.0,0.0,0.0,365.61103254725504,31.463300491173584,2.398950037365104,0.0,0.0,projected_games,2.3442894212897234,0.0,23.120972359810818
00-0040939,TE,2026,0.16547531953022737,0.0,0.0,0.4865370629370629,False,,,,,,,0.005944507809481,0.8883225225881833,0.0819520408290461,,,0.1374860735775556,False,False,,,1.0,,,1.0,1.0,False,False,Michael Trigg,DAL,rookie_rule,True,udfa,False,,,,rookie_path,0.774074074074074,0.774074074074074,1.0,False,5.0,0.774074074074074,16.468086823371205,upward,True,,False,True,no_data,,off_chart,0.3,False,270.0,False,0.93527049390564,False,1.0,False,34.84872978596818,250.0568833557896,26.917412919796803,120.7151518201046,2025.0,DAL,canonical_source_team_frame,0.0,0.0,0.0,0.0,0.0,275.16299543695914,57.23726737025993,5.15908901380503,0.0,0.0,projected_games,0.1280901547474723,0.0,0.37661572649572644
00-0040938,TE,2026,0.16547531953022737,0.0,0.0,0.4865370629370629,False,,,,,,,0.005944507809481,0.8883225225881833,0.0819520408290461,,,0.1374860735775556,False,False,,,1.0,,,1.0,1.0,False,False,DJ Rogers,DAL,rookie_rule,True,udfa,False,,,,rookie_path,0.774074074074074,0.774074074074074,1.0,False,6.0,0.774074074074074,16.468086823371205,upward,True,,False,True,no_data,,off_chart,0.3,False,270.0,False,0.93527049390564,False,1.0,False,34.84872978596818,250.0568833557896,26.917412919796803,120.7151518201046,2025.0,DAL,canonical_source_team_frame,0.0,0.0,0.0,0.0,0.0,275.16299543695914,57.23726737025993,5.15908901380503,0.0,0.0,projected_games,0.1280901547474723,0.0,0.37661572649572644
00-0041246,TE,2026,0.16547531953022737,0.0,0.0,0.4865370629370629,False,,,,,,,0.005944507809481,0.8883225225881833,0.0819520408290461,,,0.1374860735775556,False,False,,,1.0,,,1.0,1.0,False,False,Josh Kattus,CIN,rookie_rule,True,udfa,False,,,,rookie_path,0.774074074074074,0.774074074074074,1.0,False,7.0,0.774074074074074,28.701985495349312,downward,True,,False,True,no_data,,off_chart,0.3,False,270.0,False,0.8041969537750469,False,1.0000000000000002,False,35.7612028620279,238.64282026275723,25.12001337082607,107.36926538839045,2025.0,CIN,canonical_source_team_frame,0.0,0.0,0.0,0.0,0.0,794.3588498417512,105.60842751061163,2.3639751147743238,0.0,0.0,projected_games,0.1280901547474723,0.0,0.37661572649572644
00-0040974,TE,2026,0.16547531953022737,0.0,0.0,0.4865370629370629,False,,,,,,,0.005944507809481,0.8883225225881833,0.0819520408290461,,,0.1374860735775556,False,False,,,1.0,,,1.0,1.0,False,False,Lance Mason,SEA,rookie_rule,True,udfa,False,,,,rookie_path,0.774074074074074,0.774074074074074,1.0,False,6.0,0.774074074074074,19.49564219328384,downward,True,,False,True,no_data,,off_chart,0.3,False,270.0,False,0.8711510504345189,False,0.9999999999999998,False,32.225819234062534,233.14110074227904,27.938112728980386,119.71891792298418,2025.0,SEA,canonical_source_team_frame,0.0,0.0,0.0,0.0,0.0,510.67976083010535,11.991597195078668,6.6499636008200405,0.0,0.0,projected_games,0.1280901547474723,0.0,0.37661572649572644
00-0041422,TE,2026,0.1649006344201996,0.0,0.0,0.4841438504101583,False,,,,,,,0.0058487269578097,0.8883225225881833,0.0819520408290461,,,0.1374860735775556,False,False,,,1.0,,,1.0,0.9838875051154712,False,False,Dan Villari,LA,rookie_rule,True,udfa,False,,,,rookie_path,0.774074074074074,0.774074074074074,1.0,False,7.0,0.774074074074074,23.599505879780573,downward,True,,False,True,no_data,,off_chart,0.3,False,270.0,False,0.7985958779872415,True,1.0,False,34.823713349866885,249.40469135191364,26.59281878800156,121.38612330535705,2025.0,LA,canonical_source_team_frame,0.0,0.0,0.0,0.0,0.0,853.9292590891182,65.83737867987509,0.0,0.0,0.0,projected_games,0.12764530590304338,0.0,0.37476320272490027
00-0041403,TE,2026,0.1649006344201996,0.0,0.0,0.4841438504101583,False,,,,,,,0.0058487269578097,0.8883225225881833,0.0819520408290461,,,0.1374860735775556,False,False,,,1.0,,,1.0,0.9838875051154712,False,False,Rohan Jones,LA,rookie_rule,True,udfa,False,,,,rookie_path,0.774074074074074,0.774074074074074,1.0,False,8.0,0.774074074074074,23.599505879780573,downward,True,,False,True,no_data,,off_chart,0.3,False,270.0,False,0.7985958779872415,True,1.0,False,34.823713349866885,249.40469135191364,26.59281878800156,121.38612330535705,2025.0,LA,canonical_source_team_frame,0.0,0.0,0.0,0.0,0.0,853.9292590891182,65.83737867987509,0.0,0.0,0.0,projected_games,0.12764530590304338,0.0,0.37476320272490027
