player_id,display_name,team,position,stat,pred_pg,pred_pg_low,pred_pg_high,source,low_confidence,rookie_tier,interval_low_n_flag,season,team_changed,roster_status,depth_rank,role,depth_chart_status,qb_sleeper_play_prob,athletic_tier
00-0033119,Jacoby Brissett,ARI,QB,attempts,28.69634991375154,16.807889097628653,39.48479461428542,veteran_model,False,,False,2026,False,ACT,1.0,starter,curated,,
00-0033119,Jacoby Brissett,ARI,QB,carries,3.3410718345316677,1.1793953412912228,5.247785097013508,veteran_model,False,,False,2026,False,ACT,1.0,starter,curated,,
00-0033119,Jacoby Brissett,ARI,QB,completions,17.15791855213145,9.336667245450485,22.45689777933073,veteran_model,False,,False,2026,False,ACT,1.0,starter,curated,,
00-0033119,Jacoby Brissett,ARI,QB,interceptions,0.5785065476159924,0.2042051488318512,0.9939459147953968,veteran_model,False,,False,2026,False,ACT,1.0,starter,curated,,
00-0033119,Jacoby Brissett,ARI,QB,passing_tds,1.268548160621746,0.595920265854357,1.7980770470735763,veteran_model,False,,False,2026,False,ACT,1.0,starter,curated,,
00-0033119,Jacoby Brissett,ARI,QB,passing_yards,207.4000786051113,119.02014928868803,280.84611595132435,veteran_model,False,,False,2026,False,ACT,1.0,starter,curated,,
00-0033119,Jacoby Brissett,ARI,QB,rushing_tds,0.11871198766143737,0.0,0.36372393413631215,veteran_model,False,,False,2026,False,ACT,1.0,starter,curated,,
00-0033119,Jacoby Brissett,ARI,QB,rushing_yards,11.064012927849712,0.0,26.550374148430908,veteran_model,False,,False,2026,False,ACT,1.0,starter,curated,,
00-0035289,Gardner Minshew,ARI,QB,attempts,6.801763455774442,0.0,17.590208156308318,veteran_model,False,,False,2026,True,ACT,2.0,backup,curated,,
00-0035289,Gardner Minshew,ARI,QB,carries,3.782241113125074,1.6205646198846293,5.688954375606914,veteran_model,False,,False,2026,True,ACT,2.0,backup,curated,,
00-0035289,Gardner Minshew,ARI,QB,completions,5.075130625435363,0.0,10.374109852634643,veteran_model,False,,False,2026,True,ACT,2.0,backup,curated,,
00-0035289,Gardner Minshew,ARI,QB,interceptions,0.16001609987588944,0.0,0.5754554670552938,veteran_model,False,,False,2026,True,ACT,2.0,backup,curated,,
00-0035289,Gardner Minshew,ARI,QB,passing_tds,0.3824239046608599,0.0,0.9119527911126903,veteran_model,False,,False,2026,True,ACT,2.0,backup,curated,,
00-0035289,Gardner Minshew,ARI,QB,passing_yards,59.837597670537384,0.0,133.28363501675045,veteran_model,False,,False,2026,True,ACT,2.0,backup,curated,,
00-0035289,Gardner Minshew,ARI,QB,rushing_tds,0.048386454265587665,0.0,0.2933984007404625,veteran_model,False,,False,2026,True,ACT,2.0,backup,curated,,
00-0035289,Gardner Minshew,ARI,QB,rushing_yards,9.634605736111935,0.0,25.12096695669313,veteran_model,False,,False,2026,True,ACT,2.0,backup,curated,,
00-0039577,Kedon Slovis,ARI,QB,attempts,2.074652015927672,0.2913828935092389,3.6929187210077536,veteran_model,True,,False,2026,False,ACT,,deep_bench,deep_bench_discounted,,
00-0039577,Kedon Slovis,ARI,QB,carries,0.4952943814461886,0.17104290746012188,0.7813013708184646,veteran_model,True,,False,2026,False,ACT,,deep_bench,deep_bench_discounted,,
00-0039577,Kedon Slovis,ARI,QB,completions,1.1704396358371953,0.0,1.9652865199170877,veteran_model,True,,False,2026,False,ACT,,deep_bench,deep_bench_discounted,,
00-0039577,Kedon Slovis,ARI,QB,interceptions,0.03265665824550469,0.0,0.09497256332241534,veteran_model,True,,False,2026,False,ACT,,deep_bench,deep_bench_discounted,,
00-0039577,Kedon Slovis,ARI,QB,passing_tds,0.07097084520393629,0.0,0.15040017817171084,veteran_model,True,,False,2026,False,ACT,,deep_bench,deep_bench_discounted,,
00-0039577,Kedon Slovis,ARI,QB,passing_yards,11.682441405433334,0.0,22.699347007365294,veteran_model,True,,False,2026,False,ACT,,deep_bench,deep_bench_discounted,,
00-0039577,Kedon Slovis,ARI,QB,rushing_tds,0.009473523427850546,0.0,0.046225315399081764,veteran_model,True,,False,2026,False,ACT,,deep_bench,deep_bench_discounted,,
00-0039577,Kedon Slovis,ARI,QB,rushing_yards,0.7650465290328187,0.0,3.088000712119998,veteran_model,True,,False,2026,False,ACT,,deep_bench,deep_bench_discounted,,
00-0036212,Tua Tagovailoa,ATL,QB,attempts,28.791314730912585,16.902853914789695,39.57975943144646,veteran_model,False,,False,2026,True,ACT,2.0,backup,curated,,
00-0036212,Tua Tagovailoa,ATL,QB,carries,2.0264474663524417,0.0,3.933160728834282,veteran_model,False,,False,2026,True,ACT,2.0,backup,curated,,
00-0036212,Tua Tagovailoa,ATL,QB,completions,17.636079292452237,9.814827985771274,22.93505851965152,veteran_model,False,,False,2026,True,ACT,2.0,backup,curated,,
00-0036212,Tua Tagovailoa,ATL,QB,interceptions,0.5422715449549941,0.16797014617085287,0.9577109121343985,veteran_model,False,,False,2026,True,ACT,2.0,backup,curated,,
00-0036212,Tua Tagovailoa,ATL,QB,passing_tds,1.22611709275177,0.553489197984381,1.7556459792036003,veteran_model,False,,False,2026,True,ACT,2.0,backup,curated,,
00-0036212,Tua Tagovailoa,ATL,QB,passing_yards,190.17726764258853,101.79733832616526,263.6233049888016,veteran_model,False,,False,2026,True,ACT,2.0,backup,curated,,
00-0036212,Tua Tagovailoa,ATL,QB,rushing_tds,0.08800610365937929,0.0,0.33301805013425406,veteran_model,False,,False,2026,True,ACT,2.0,backup,curated,,
00-0036212,Tua Tagovailoa,ATL,QB,rushing_yards,9.086935174918366,0.0,24.57329639549956,veteran_model,False,,False,2026,True,ACT,2.0,backup,curated,,
00-0039917,Michael Penix Jr.,ATL,QB,attempts,24.47212898094259,12.5836681648197,35.260573681476465,veteran_model,False,,False,2026,False,ACT,1.0,starter,curated,,
00-0039917,Michael Penix Jr.,ATL,QB,carries,2.7005140044402345,0.5388375111997896,4.607227266922075,veteran_model,False,,False,2026,False,ACT,1.0,starter,curated,,
00-0039917,Michael Penix Jr.,ATL,QB,completions,15.861468932137907,8.040217625456943,21.160448159337186,veteran_model,False,,False,2026,False,ACT,1.0,starter,curated,,
00-0039917,Michael Penix Jr.,ATL,QB,interceptions,0.5415798518900391,0.1672784531058979,0.9570192190694435,veteran_model,False,,False,2026,False,ACT,1.0,starter,curated,,
00-0039917,Michael Penix Jr.,ATL,QB,passing_tds,1.0087842196977315,0.33615632493034253,1.5383131061495618,veteran_model,False,,False,2026,False,ACT,1.0,starter,curated,,
00-0039917,Michael Penix Jr.,ATL,QB,passing_yards,172.025631074117,83.64570175769373,245.47166842033008,veteran_model,False,,False,2026,False,ACT,1.0,starter,curated,,
00-0039917,Michael Penix Jr.,ATL,QB,rushing_tds,0.10419970694233578,0.0,0.34921165341721055,veteran_model,False,,False,2026,False,ACT,1.0,starter,curated,,
00-0039917,Michael Penix Jr.,ATL,QB,rushing_yards,12.962139945166964,0.6671592001271485,28.448501165748162,veteran_model,False,,False,2026,False,ACT,1.0,starter,curated,,
00-0041194,Jack Strand,ATL,QB,attempts,0.908101851851852,0.14250000000000002,1.7000000000000004,rookie_rule,True,udfa,True,2026,False,,,,rookie_path,0.05,no_data
00-0041194,Jack Strand,ATL,QB,carries,0.13857638888888887,0.060000000000000005,0.22699999999999998,rookie_rule,True,udfa,True,2026,False,,,,rookie_path,0.05,no_data
00-0041194,Jack Strand,ATL,QB,completions,0.5272222222222223,0.0891666666666667,0.934,rookie_rule,True,udfa,True,2026,False,,,,rookie_path,0.05,no_data
00-0041194,Jack Strand,ATL,QB,interceptions,0.033888888888888885,0.0,0.06,rookie_rule,True,udfa,True,2026,False,,,,rookie_path,0.05,no_data
00-0041194,Jack Strand,ATL,QB,passing_tds,0.023530092592592592,0.0,0.04944444444444445,rookie_rule,True,udfa,True,2026,False,,,,rookie_path,0.05,no_data
00-0041194,Jack Strand,ATL,QB,passing_yards,5.300451388888889,0.5791666666666669,8.486,rookie_rule,True,udfa,True,2026,False,,,,rookie_path,0.05,no_data
00-0041194,Jack Strand,ATL,QB,rushing_tds,0.004212962962962963,0.0,0.018555555555555558,rookie_rule,True,udfa,True,2026,False,,,,rookie_path,0.05,no_data
00-0041194,Jack Strand,ATL,QB,rushing_yards,0.45888888888888896,0.024166666666666673,1.0500000000000003,rookie_rule,True,udfa,True,2026,False,,,,rookie_path,0.05,no_data
00-0033662,Cooper Rush,BAL,QB,attempts,2.827671764650572,1.0444026422321384,4.445938469730653,veteran_model,True,,False,2026,False,,,deep_bench,deep_bench_discounted,,
00-0033662,Cooper Rush,BAL,QB,carries,0.3690602993033879,0.0448088253173212,0.6550672886756639,veteran_model,True,,False,2026,False,,,deep_bench,deep_bench_discounted,,
00-0033662,Cooper Rush,BAL,QB,completions,1.5591891371060418,0.3860014411038974,2.354036021185934,veteran_model,True,,False,2026,False,,,deep_bench,deep_bench_discounted,,
00-0033662,Cooper Rush,BAL,QB,interceptions,0.08777270314379997,0.03162749332617879,0.15008860822071063,veteran_model,True,,False,2026,False,,,deep_bench,deep_bench_discounted,,
00-0033662,Cooper Rush,BAL,QB,passing_tds,0.05908680258278202,0.0,0.13851613555055658,veteran_model,True,,False,2026,False,,,deep_bench,deep_bench_discounted,,
00-0033662,Cooper Rush,BAL,QB,passing_yards,13.86523729075307,0.6082478932895788,24.88214289268503,veteran_model,True,,False,2026,False,,,deep_bench,deep_bench_discounted,,
00-0033662,Cooper Rush,BAL,QB,rushing_tds,0.006551365963190181,0.0,0.043303157934421396,veteran_model,True,,False,2026,False,,,deep_bench,deep_bench_discounted,,
00-0033662,Cooper Rush,BAL,QB,rushing_yards,1.3566641247265967,0.0,3.679618307813776,veteran_model,True,,False,2026,False,,,deep_bench,deep_bench_discounted,,
00-0034796,Lamar Jackson,BAL,QB,attempts,24.40943865490932,12.52097783878643,35.197883355443196,veteran_model,False,,False,2026,False,ACT,1.0,starter,curated,,
00-0034796,Lamar Jackson,BAL,QB,carries,4.641285495171602,2.4796090019311574,6.547998757653442,veteran_model,False,,False,2026,False,ACT,1.0,starter,curated,,
00-0034796,Lamar Jackson,BAL,QB,completions,14.784797419785473,6.96354611310451,20.083776646984752,veteran_model,False,,False,2026,False,ACT,1.0,starter,curated,,
00-0034796,Lamar Jackson,BAL,QB,interceptions,0.4214093443761583,0.047107945592017086,0.8368487115555627,veteran_model,False,,False,2026,False,ACT,1.0,starter,curated,,
00-0034796,Lamar Jackson,BAL,QB,passing_tds,1.0685264543542183,0.3958985595868294,1.5980553408060487,veteran_model,False,,False,2026,False,ACT,1.0,starter,curated,,
00-0034796,Lamar Jackson,BAL,QB,passing_yards,169.31676476337321,80.93683544694994,242.7628021095863,veteran_model,False,,False,2026,False,ACT,1.0,starter,curated,,
00-0034796,Lamar Jackson,BAL,QB,rushing_tds,0.19007167979985082,0.015273150371657024,0.43508362627472563,veteran_model,False,,False,2026,False,ACT,1.0,starter,curated,,
00-0034796,Lamar Jackson,BAL,QB,rushing_yards,22.33847377005198,10.043493025012165,37.82483499063318,veteran_model,False,,False,2026,False,ACT,1.0,starter,curated,,
00-0035993,Tyler Huntley,BAL,QB,attempts,1.8038904655049526,0.020621343086519327,3.422157170585034,veteran_model,True,,False,2026,False,ACT,,deep_bench,deep_bench_discounted,,
00-0035993,Tyler Huntley,BAL,QB,carries,0.7093446342700024,0.38509316028393564,0.9953516236422782,veteran_model,True,,False,2026,False,ACT,,deep_bench,deep_bench_discounted,,
00-0035993,Tyler Huntley,BAL,QB,completions,1.104003529527895,0.0,1.8988504136077873,veteran_model,True,,False,2026,False,ACT,,deep_bench,deep_bench_discounted,,
00-0035993,Tyler Huntley,BAL,QB,interceptions,0.035044436024587504,0.0,0.09736034110149816,veteran_model,True,,False,2026,False,ACT,,deep_bench,deep_bench_discounted,,
00-0035993,Tyler Huntley,BAL,QB,passing_tds,0.06536753068971278,0.0,0.14479686365748734,veteran_model,True,,False,2026,False,ACT,,deep_bench,deep_bench_discounted,,
00-0035993,Tyler Huntley,BAL,QB,passing_yards,13.623452039019037,0.36646264155554603,24.640357640951,veteran_model,True,,False,2026,False,ACT,,deep_bench,deep_bench_discounted,,
00-0035993,Tyler Huntley,BAL,QB,rushing_tds,0.014555495010191549,0.0,0.05130728698142276,veteran_model,True,,False,2026,False,ACT,,deep_bench,deep_bench_discounted,,
00-0035993,Tyler Huntley,BAL,QB,rushing_yards,2.468368967078931,0.6241218553229589,4.79132315016611,veteran_model,True,,False,2026,False,ACT,,deep_bench,deep_bench_discounted,,
00-0040981,Joe Fagnano,BAL,QB,attempts,0.4854026152403522,0.07616972978382891,0.9086915132105906,rookie_rule,True,udfa,True,2026,False,,,,rookie_path,0.05,no_data
00-0040981,Joe Fagnano,BAL,QB,carries,0.07407246383217864,0.032071465172138484,0.12133704323459059,rookie_rule,True,udfa,True,2026,False,,,,rookie_path,0.05,no_data
00-0040981,Joe Fagnano,BAL,QB,completions,0.2818131522996243,0.04766176074192804,0.4992458078462891,rookie_rule,True,udfa,True,2026,False,,,,rookie_path,0.05,no_data
00-0040981,Joe Fagnano,BAL,QB,interceptions,0.01811443866204118,0.0,0.032071465172138484,rookie_rule,True,udfa,True,2026,False,,,,rookie_path,0.05,no_data
00-0040981,Joe Fagnano,BAL,QB,passing_tds,0.012577409084675452,0.0,0.026429262965928943,rookie_rule,True,udfa,True,2026,False,,,,rookie_path,0.05,no_data
00-0040981,Joe Fagnano,BAL,QB,passing_yards,2.833220701922718,0.3095787263143925,4.535974224179454,rookie_rule,True,udfa,True,2026,False,,,,rookie_path,0.05,no_data
00-0040981,Joe Fagnano,BAL,QB,rushing_tds,0.0022519315823029337,0.0,0.009918397562494682,rookie_rule,True,udfa,True,2026,False,,,,rookie_path,0.05,no_data
00-0040981,Joe Fagnano,BAL,QB,rushing_yards,0.24528731696468886,0.01291767347211134,0.5612506405124237,rookie_rule,True,udfa,True,2026,False,,,,rookie_path,0.05,no_data
00-0040985,Diego Pavia,BAL,QB,attempts,9.708052304807044,1.5233945956765782,18.173830264211812,rookie_rule,True,udfa,True,2026,False,,,,rookie_path,1.0,no_data
00-0040985,Diego Pavia,BAL,QB,carries,1.4814492766435727,0.6414293034427697,2.426740864691812,rookie_rule,True,udfa,True,2026,False,,,,rookie_path,1.0,no_data
00-0040985,Diego Pavia,BAL,QB,completions,5.636263045992486,0.9532352148385608,9.984916156925781,rookie_rule,True,udfa,True,2026,False,,,,rookie_path,1.0,no_data
00-0040985,Diego Pavia,BAL,QB,interceptions,0.3622887732408236,0.0,0.6414293034427697,rookie_rule,True,udfa,True,2026,False,,,,rookie_path,1.0,no_data
00-0040985,Diego Pavia,BAL,QB,passing_tds,0.251548181693509,0.0,0.5285852593185788,rookie_rule,True,udfa,True,2026,False,,,,rookie_path,1.0,no_data
00-0040985,Diego Pavia,BAL,QB,passing_yards,56.66441403845435,6.191574526287849,90.71948448358907,rookie_rule,True,udfa,True,2026,False,,,,rookie_path,1.0,no_data
00-0040985,Diego Pavia,BAL,QB,rushing_tds,0.045038631646058674,0.0,0.19836795124989365,rookie_rule,True,udfa,True,2026,False,,,,rookie_path,1.0,no_data
00-0040985,Diego Pavia,BAL,QB,rushing_yards,4.905746339293777,0.25835346944222676,11.225012810248472,rookie_rule,True,udfa,True,2026,False,,,,rookie_path,1.0,no_data
00-0034577,Kyle Allen,BUF,QB,attempts,2.0164694753358985,0.23320035291746527,3.63473618041598,veteran_model,True,,False,2026,True,ACT,,deep_bench,deep_bench_discounted,,
00-0034577,Kyle Allen,BUF,QB,carries,0.525850918127179,0.20159944414111233,0.811857907499455,veteran_model,True,,False,2026,True,ACT,,deep_bench,deep_bench_discounted,,
00-0034577,Kyle Allen,BUF,QB,completions,1.1872353865378436,0.01404769053569912,1.9820822706177355,veteran_model,True,,False,2026,True,ACT,,deep_bench,deep_bench_discounted,,
00-0034577,Kyle Allen,BUF,QB,interceptions,0.0480046962707441,0.0,0.11032060134765476,veteran_model,True,,False,2026,True,ACT,,deep_bench,deep_bench_discounted,,
00-0034577,Kyle Allen,BUF,QB,passing_tds,0.08099832839144658,0.0,0.16042766135922115,veteran_model,True,,False,2026,True,ACT,,deep_bench,deep_bench_discounted,,
00-0034577,Kyle Allen,BUF,QB,passing_yards,13.05078776913214,0.0,24.067693371064102,veteran_model,True,,False,2026,True,ACT,,deep_bench,deep_bench_discounted,,
00-0034577,Kyle Allen,BUF,QB,rushing_tds,0.006225202913295682,0.0,0.042976994884526894,veteran_model,True,,False,2026,True,ACT,,deep_bench,deep_bench_discounted,,
00-0034577,Kyle Allen,BUF,QB,rushing_yards,1.1323594705533397,0.0,3.455313653640519,veteran_model,True,,False,2026,True,ACT,,deep_bench,deep_bench_discounted,,
00-0034857,Josh Allen,BUF,QB,attempts,28.751255516563784,16.862794700440894,39.53970021709766,veteran_model,False,,False,2026,False,ACT,1.0,starter,curated,,
00-0034857,Josh Allen,BUF,QB,carries,6.204152043782674,4.042475550542229,8.110865306264515,veteran_model,False,,False,2026,False,ACT,1.0,starter,curated,,
00-0034857,Josh Allen,BUF,QB,completions,16.862128216595135,9.040876909914171,22.161107443794414,veteran_model,False,,False,2026,False,ACT,1.0,starter,curated,,
00-0034857,Josh Allen,BUF,QB,interceptions,0.5492939112571329,0.1749925124729917,0.9647332784365372,veteran_model,False,,False,2026,False,ACT,1.0,starter,curated,,
00-0034857,Josh Allen,BUF,QB,passing_tds,1.3369475457782314,0.6643196510108424,1.8664764322300618,veteran_model,False,,False,2026,False,ACT,1.0,starter,curated,,
00-0034857,Josh Allen,BUF,QB,passing_yards,186.19239776105698,97.81246844463371,259.6384351072701,veteran_model,False,,False,2026,False,ACT,1.0,starter,curated,,
00-0034857,Josh Allen,BUF,QB,rushing_tds,0.31871119030311384,0.14391266087492005,0.5637231367779887,veteran_model,False,,False,2026,False,ACT,1.0,starter,curated,,
00-0034857,Josh Allen,BUF,QB,rushing_yards,27.39971146481686,15.104730719777045,42.886072685398055,veteran_model,False,,False,2026,False,ACT,1.0,starter,curated,,
00-0036679,Shane Buechele,BUF,QB,attempts,2.759927317854976,0.9766581954365429,4.378194022935057,veteran_model,True,,False,2026,True,ACT,,deep_bench,deep_bench_discounted,,
00-0036679,Shane Buechele,BUF,QB,carries,0.5112158157959322,0.1869643418098655,0.7972228051682082,veteran_model,True,,False,2026,True,ACT,,deep_bench,deep_bench_discounted,,
00-0036679,Shane Buechele,BUF,QB,completions,1.5869623713507144,0.41377467534856993,2.3818092554306065,veteran_model,True,,False,2026,True,ACT,,deep_bench,deep_bench_discounted,,
00-0036679,Shane Buechele,BUF,QB,interceptions,0.08831297746747081,0.032167767649849625,0.15062888254438145,veteran_model,True,,False,2026,True,ACT,,deep_bench,deep_bench_discounted,,
00-0036679,Shane Buechele,BUF,QB,passing_tds,0.08458712562678948,0.0,0.164016458594564,veteran_model,True,,False,2026,True,ACT,,deep_bench,deep_bench_discounted,,
00-0036679,Shane Buechele,BUF,QB,passing_yards,15.958438785729406,2.701449388265916,26.975344387661366,veteran_model,True,,False,2026,True,ACT,,deep_bench,deep_bench_discounted,,
00-0036679,Shane Buechele,BUF,QB,rushing_tds,0.006225202913295682,0.0,0.042976994884526894,veteran_model,True,,False,2026,True,ACT,,deep_bench,deep_bench_discounted,,
00-0036679,Shane Buechele,BUF,QB,rushing_yards,1.1777179245127734,0.0,3.5006721075999527,veteran_model,True,,False,2026,True,ACT,,deep_bench,deep_bench_discounted,,
00-0038102,Kenny Pickett,CAR,QB,attempts,2.569010050255498,0.7857409278370647,4.18727675533558,veteran_model,True,,False,2026,True,ACT,,deep_bench,deep_bench_discounted,,
00-0038102,Kenny Pickett,CAR,QB,carries,0.44192629262918676,0.11767481864312002,0.7279332820014627,veteran_model,True,,False,2026,True,ACT,,deep_bench,deep_bench_discounted,,
00-0038102,Kenny Pickett,CAR,QB,completions,1.301032817410323,0.12784512140817839,2.095879701490215,veteran_model,True,,False,2026,True,ACT,,deep_bench,deep_bench_discounted,,
00-0038102,Kenny Pickett,CAR,QB,interceptions,0.05308407021545212,0.0,0.11539997529236277,veteran_model,True,,False,2026,True,ACT,,deep_bench,deep_bench_discounted,,
00-0038102,Kenny Pickett,CAR,QB,passing_tds,0.08159162867158294,0.0,0.1610209616393575,veteran_model,True,,False,2026,True,ACT,,deep_bench,deep_bench_discounted,,
00-0038102,Kenny Pickett,CAR,QB,passing_yards,17.676159744528565,4.419170347065074,28.693065346460525,veteran_model,True,,False,2026,True,ACT,,deep_bench,deep_bench_discounted,,
00-0038102,Kenny Pickett,CAR,QB,rushing_tds,0.012635663347922125,0.0,0.04938745531915334,veteran_model,True,,False,2026,True,ACT,,deep_bench,deep_bench_discounted,,
00-0038102,Kenny Pickett,CAR,QB,rushing_yards,1.3763059436285687,0.0,3.699260126715748,veteran_model,True,,False,2026,True,ACT,,deep_bench,deep_bench_discounted,,
00-0039150,Bryce Young,CAR,QB,attempts,26.60801190495299,14.7195510888301,37.39645660548686,veteran_model,False,,False,2026,False,ACT,1.0,starter,curated,,
00-0039150,Bryce Young,CAR,QB,carries,3.906263837027086,1.744587343786641,5.812977099508926,veteran_model,False,,False,2026,False,ACT,1.0,starter,curated,,
00-0039150,Bryce Young,CAR,QB,completions,18.030632187667997,10.209380880987034,23.32961141486728,veteran_model,False,,False,2026,False,ACT,1.0,starter,curated,,
00-0039150,Bryce Young,CAR,QB,interceptions,0.562662329576325,0.1883609307921838,0.9781016967557294,veteran_model,False,,False,2026,False,ACT,1.0,starter,curated,,
00-0039150,Bryce Young,CAR,QB,passing_tds,1.1971223784039553,0.5244944836365664,1.7266512648557857,veteran_model,False,,False,2026,False,ACT,1.0,starter,curated,,
00-0039150,Bryce Young,CAR,QB,passing_yards,200.2343513556915,111.85442203926823,273.6803887019046,veteran_model,False,,False,2026,False,ACT,1.0,starter,curated,,
00-0039150,Bryce Young,CAR,QB,rushing_tds,0.18107003484564707,0.006271505417453277,0.4260819813205219,veteran_model,False,,False,2026,False,ACT,1.0,starter,curated,,
00-0039150,Bryce Young,CAR,QB,rushing_yards,20.782579369518636,8.48759862447882,36.26894059009983,veteran_model,False,,False,2026,False,ACT,1.0,starter,curated,,
00-0041149,Haynes King,CAR,QB,attempts,0.3495316180916317,0.05484875454937764,0.6543360191855578,rookie_rule,True,udfa,True,2026,False,,,,rookie_path,0.05,no_data
00-0041149,Haynes King,CAR,QB,carries,0.05333854274039136,0.023094212441843218,0.08737310373830684,rookie_rule,True,udfa,True,2026,False,,,,rookie_path,0.05,no_data
00-0041149,Haynes King,CAR,QB,completions,0.20292970006767788,0.03432056571218368,0.35949990701135937,rookie_rule,True,udfa,True,2026,False,,,,rookie_path,0.05,no_data
00-0041149,Haynes King,CAR,QB,interceptions,0.013043953323633667,0.0,0.023094212441843218,rookie_rule,True,udfa,True,2026,False,,,,rookie_path,0.05,no_data
00-0041149,Haynes King,CAR,QB,passing_tds,0.009056815951826244,0.0,0.01903134173448191,rookie_rule,True,udfa,True,2026,False,,,,rookie_path,0.05,no_data
00-0041149,Haynes King,CAR,QB,passing_yards,2.0401625068777154,0.22292330065390334,3.2662914463580255,rookie_rule,True,udfa,True,2026,False,,,,rookie_path,0.05,no_data
00-0041149,Haynes King,CAR,QB,rushing_tds,0.0016215843612713986,0.0,0.007142099032940404,rookie_rule,True,udfa,True,2026,False,,,,rookie_path,0.05,no_data
00-0041149,Haynes King,CAR,QB,rushing_yards,0.17662795812002313,0.00930183556685352,0.40414871773225636,rookie_rule,True,udfa,True,2026,False,,,,rookie_path,0.05,no_data
00-0038416,Tyson Bagent,CHI,QB,attempts,1.8116833598025837,0.028414237384150363,3.429950064882665,veteran_model,True,,False,2026,False,ACT,,deep_bench,deep_bench_discounted,,
00-0038416,Tyson Bagent,CHI,QB,carries,0.4266032907527237,0.10235181676665696,0.7126102801249996,veteran_model,True,,False,2026,False,ACT,,deep_bench,deep_bench_discounted,,
00-0038416,Tyson Bagent,CHI,QB,completions,1.0513700900825822,0.0,1.8462169741624743,veteran_model,True,,False,2026,False,ACT,,deep_bench,deep_bench_discounted,,
00-0038416,Tyson Bagent,CHI,QB,interceptions,0.012515187892063462,0.0,0.07483109296897411,veteran_model,True,,False,2026,False,ACT,,deep_bench,deep_bench_discounted,,
00-0038416,Tyson Bagent,CHI,QB,passing_tds,0.06579849362811502,0.0,0.14522782659588956,veteran_model,True,,False,2026,False,ACT,,deep_bench,deep_bench_discounted,,
00-0038416,Tyson Bagent,CHI,QB,passing_yards,10.104095585631091,0.0,21.121001187563056,veteran_model,True,,False,2026,False,ACT,,deep_bench,deep_bench_discounted,,
00-0038416,Tyson Bagent,CHI,QB,rushing_tds,0.010527836832506044,0.0,0.04727962880373726,veteran_model,True,,False,2026,False,ACT,,deep_bench,deep_bench_discounted,,
00-0038416,Tyson Bagent,CHI,QB,rushing_yards,1.058329371900006,0.0,3.3812835549871854,veteran_model,True,,False,2026,False,ACT,,deep_bench,deep_bench_discounted,,
00-0039918,Caleb Williams,CHI,QB,attempts,23.330319465763363,11.441858649640475,34.11876416629724,veteran_model,False,,False,2026,False,ACT,1.0,starter,curated,,
00-0039918,Caleb Williams,CHI,QB,carries,4.138402329622016,1.9767258363815712,6.045115592103856,veteran_model,False,,False,2026,False,ACT,1.0,starter,curated,,
00-0039918,Caleb Williams,CHI,QB,completions,14.360099134263164,6.538847827582201,19.659078361462445,veteran_model,False,,False,2026,False,ACT,1.0,starter,curated,,
00-0039918,Caleb Williams,CHI,QB,interceptions,0.4788562719184118,0.10455487313427059,0.8942956390978162,veteran_model,False,,False,2026,False,ACT,1.0,starter,curated,,
00-0039918,Caleb Williams,CHI,QB,passing_tds,1.0365551273499451,0.3639272325825562,1.5660840138017755,veteran_model,False,,False,2026,False,ACT,1.0,starter,curated,,
00-0039918,Caleb Williams,CHI,QB,passing_yards,171.06144175717426,82.68151244075099,244.50747910338734,veteran_model,False,,False,2026,False,ACT,1.0,starter,curated,,
00-0039918,Caleb Williams,CHI,QB,rushing_tds,0.2022612884536212,0.027462759025427413,0.447273234928496,veteran_model,False,,False,2026,False,ACT,1.0,starter,curated,,
00-0039918,Caleb Williams,CHI,QB,rushing_yards,29.838184062537294,17.54320331749748,45.32454528311849,veteran_model,False,,False,2026,False,ACT,1.0,starter,curated,,
00-0041172,Miller Moss,CHI,QB,attempts,0.27243055555555556,0.04275,0.5100000000000001,rookie_rule,True,udfa,True,2026,False,,,,rookie_path,0.05,no_data
00-0041172,Miller Moss,CHI,QB,carries,0.04157291666666667,0.018000000000000002,0.06810000000000001,rookie_rule,True,udfa,True,2026,False,,,,rookie_path,0.05,no_data
00-0041172,Miller Moss,CHI,QB,completions,0.15816666666666668,0.02675000000000001,0.2802,rookie_rule,True,udfa,True,2026,False,,,,rookie_path,0.05,no_data
00-0041172,Miller Moss,CHI,QB,interceptions,0.010166666666666666,0.0,0.018000000000000002,rookie_rule,True,udfa,True,2026,False,,,,rookie_path,0.05,no_data
00-0041172,Miller Moss,CHI,QB,passing_tds,0.007059027777777777,0.0,0.014833333333333334,rookie_rule,True,udfa,True,2026,False,,,,rookie_path,0.05,no_data
00-0041172,Miller Moss,CHI,QB,passing_yards,1.5901354166666666,0.17375000000000007,2.5458000000000003,rookie_rule,True,udfa,True,2026,False,,,,rookie_path,0.05,no_data
00-0041172,Miller Moss,CHI,QB,rushing_tds,0.001263888888888889,0.0,0.0055666666666666685,rookie_rule,True,udfa,True,2026,False,,,,rookie_path,0.05,no_data
00-0041172,Miller Moss,CHI,QB,rushing_yards,0.1376666666666667,0.007250000000000002,0.31500000000000006,rookie_rule,True,udfa,True,2026,False,,,,rookie_path,0.05,no_data
00-0026158,Joe Flacco,CIN,QB,attempts,4.400419762463578,2.617150640045145,6.018686467543659,veteran_model,True,,False,2026,False,ACT,,deep_bench,deep_bench_discounted,,
00-0026158,Joe Flacco,CIN,QB,carries,0.42197734765532013,0.09772587366925341,0.7079843370275961,veteran_model,True,,False,2026,False,ACT,,deep_bench,deep_bench_discounted,,
00-0026158,Joe Flacco,CIN,QB,completions,2.879874642688179,1.7066869466860348,3.674721526768071,veteran_model,True,,False,2026,False,ACT,,deep_bench,deep_bench_discounted,,
00-0026158,Joe Flacco,CIN,QB,interceptions,0.09130312477295978,0.035157914955338605,0.15361902984987044,veteran_model,True,,False,2026,False,ACT,,deep_bench,deep_bench_discounted,,
00-0026158,Joe Flacco,CIN,QB,passing_tds,0.2169614334428055,0.11606724922769716,0.29639076641058004,veteran_model,True,,False,2026,False,ACT,,deep_bench,deep_bench_discounted,,
00-0026158,Joe Flacco,CIN,QB,passing_yards,32.29191349030873,19.034924092845237,43.30881909224068,veteran_model,True,,False,2026,False,ACT,,deep_bench,deep_bench_discounted,,
00-0026158,Joe Flacco,CIN,QB,rushing_tds,0.014088627111250472,0.0,0.050840419082481686,veteran_model,True,,False,2026,False,ACT,,deep_bench,deep_bench_discounted,,
00-0026158,Joe Flacco,CIN,QB,rushing_yards,2.0667779552234236,0.22253084346745142,4.389732138310603,veteran_model,True,,False,2026,False,ACT,,deep_bench,deep_bench_discounted,,
00-0026300,Josh Johnson,CIN,QB,attempts,3.8273715753339577,2.0441024529155247,5.445638280414038,veteran_model,True,,False,2026,True,ACT,,deep_bench,deep_bench_discounted,,
00-0026300,Josh Johnson,CIN,QB,carries,0.3656088179629117,0.041357343976845026,0.6516158073351878,veteran_model,True,,False,2026,True,ACT,,deep_bench,deep_bench_discounted,,
00-0026300,Josh Johnson,CIN,QB,completions,2.2597393837398627,1.0865516877377182,3.054586267819755,veteran_model,True,,False,2026,True,ACT,,deep_bench,deep_bench_discounted,,
00-0026300,Josh Johnson,CIN,QB,interceptions,0.07543493132770057,0.01928972151007939,0.13775083640461122,veteran_model,True,,False,2026,True,ACT,,deep_bench,deep_bench_discounted,,
00-0026300,Josh Johnson,CIN,QB,passing_tds,0.11327757313327715,0.012383388918168809,0.1927069061010517,veteran_model,True,,False,2026,True,ACT,,deep_bench,deep_bench_discounted,,
00-0026300,Josh Johnson,CIN,QB,passing_yards,22.55798475019187,9.30099535272838,33.57489035212383,veteran_model,True,,False,2026,True,ACT,,deep_bench,deep_bench_discounted,,
00-0026300,Josh Johnson,CIN,QB,rushing_tds,0.01292065794697637,0.0,0.04967244991820759,veteran_model,True,,False,2026,True,ACT,,deep_bench,deep_bench_discounted,,
00-0026300,Josh Johnson,CIN,QB,rushing_yards,1.4207238692144948,0.0,3.743678052301674,veteran_model,True,,False,2026,True,ACT,,deep_bench,deep_bench_discounted,,
00-0034955,Brett Rypien,CIN,QB,attempts,1.8911362139565238,0.1078670915380906,3.509402919036605,veteran_model,True,,False,2026,False,,,deep_bench,deep_bench_discounted,,
00-0034955,Brett Rypien,CIN,QB,carries,0.40459941257332516,0.08034793858725843,0.6906064019456011,veteran_model,True,,False,2026,False,,,deep_bench,deep_bench_discounted,,
00-0034955,Brett Rypien,CIN,QB,completions,1.1291690013377278,0.0,1.92401588541762,veteran_model,True,,False,2026,False,,,deep_bench,deep_bench_discounted,,
00-0034955,Brett Rypien,CIN,QB,interceptions,0.060715974047711896,0.004570764230090715,0.12303187912462255,veteran_model,True,,False,2026,False,,,deep_bench,deep_bench_discounted,,
00-0034955,Brett Rypien,CIN,QB,passing_tds,0.06566302148552122,0.0,0.14509235445329577,veteran_model,True,,False,2026,False,,,deep_bench,deep_bench_discounted,,
00-0034955,Brett Rypien,CIN,QB,passing_yards,13.178830751119156,0.0,24.19573635305112,veteran_model,True,,False,2026,False,,,deep_bench,deep_bench_discounted,,
00-0034955,Brett Rypien,CIN,QB,rushing_tds,0.01036246327257585,0.0,0.047114255243807066,veteran_model,True,,False,2026,False,,,deep_bench,deep_bench_discounted,,
00-0034955,Brett Rypien,CIN,QB,rushing_yards,0.9793049898853634,0.0,3.302259172972543,veteran_model,True,,False,2026,False,,,deep_bench,deep_bench_discounted,,
00-0036442,Joe Burrow,CIN,QB,attempts,29.083238456418506,17.19477764029562,39.871683156952386,veteran_model,False,,False,2026,False,ACT,1.0,starter,curated,,
00-0036442,Joe Burrow,CIN,QB,carries,3.0176263189944126,0.8559498257539677,4.924339581476253,veteran_model,False,,False,2026,False,ACT,1.0,starter,curated,,
00-0036442,Joe Burrow,CIN,QB,completions,18.521325434696948,10.700074128015984,23.82030466189623,veteran_model,False,,False,2026,False,ACT,1.0,starter,curated,,
00-0036442,Joe Burrow,CIN,QB,interceptions,0.6326043644595303,0.2583029656753891,1.0480437316389346,veteran_model,False,,False,2026,False,ACT,1.0,starter,curated,,
00-0036442,Joe Burrow,CIN,QB,passing_tds,1.3894587081680463,0.7168308134006574,1.9189875946198767,veteran_model,False,,False,2026,False,ACT,1.0,starter,curated,,
00-0036442,Joe Burrow,CIN,QB,passing_yards,201.825679994387,113.44575067796373,275.27171734060005,veteran_model,False,,False,2026,False,ACT,1.0,starter,curated,,
00-0036442,Joe Burrow,CIN,QB,rushing_tds,0.09079255426776062,0.0,0.3358045007426354,veteran_model,False,,False,2026,False,ACT,1.0,starter,curated,,
00-0036442,Joe Burrow,CIN,QB,rushing_yards,8.827384740797601,0.0,24.3137459613788,veteran_model,False,,False,2026,False,ACT,1.0,starter,curated,,
00-0040668,Shedeur Sanders,CLE,QB,attempts,23.341399751644456,11.452938935521567,34.12984445217833,veteran_model,False,,False,2026,False,ACT,1.0,starter,curated,,
00-0040668,Shedeur Sanders,CLE,QB,carries,3.5130793337555652,1.3514028405151204,5.419792596237405,veteran_model,False,,False,2026,False,ACT,1.0,starter,curated,,
00-0040668,Shedeur Sanders,CLE,QB,completions,13.720874160090867,5.8996228534099036,19.019853387290148,veteran_model,False,,False,2026,False,ACT,1.0,starter,curated,,
00-0040668,Shedeur Sanders,CLE,QB,interceptions,0.6796199156976066,0.3053185169134654,1.095059282877011,veteran_model,False,,False,2026,False,ACT,1.0,starter,curated,,
00-0040668,Shedeur Sanders,CLE,QB,passing_tds,0.7540089089178168,0.08138101415042787,1.2835377953696472,veteran_model,False,,False,2026,False,ACT,1.0,starter,curated,,
00-0040668,Shedeur Sanders,CLE,QB,passing_yards,156.5355541025757,68.15562478615243,229.98159144878878,veteran_model,False,,False,2026,False,ACT,1.0,starter,curated,,
00-0040668,Shedeur Sanders,CLE,QB,rushing_tds,0.07078299297481717,0.0,0.31579493944969195,veteran_model,False,,False,2026,False,ACT,1.0,starter,curated,,
00-0040668,Shedeur Sanders,CLE,QB,rushing_yards,11.82265589451713,0.0,27.309017115098328,veteran_model,False,,False,2026,False,ACT,1.0,starter,curated,,
00-0040704,Dillon Gabriel,CLE,QB,attempts,2.8549675555558616,1.0716984331374282,4.473234260635943,veteran_model,True,,False,2026,False,ACT,,deep_bench,deep_bench_discounted,,
00-0040704,Dillon Gabriel,CLE,QB,carries,0.40990822143253874,0.08565674744647205,0.6959152108048147,veteran_model,True,,False,2026,False,ACT,,deep_bench,deep_bench_discounted,,
00-0040704,Dillon Gabriel,CLE,QB,completions,1.5856079592453327,0.4124202632431883,2.380454843325225,veteran_model,True,,False,2026,False,ACT,,deep_bench,deep_bench_discounted,,
00-0040704,Dillon Gabriel,CLE,QB,interceptions,0.08600764450285629,0.02986243468523512,0.14832354957976696,veteran_model,True,,False,2026,False,ACT,,deep_bench,deep_bench_discounted,,
00-0040704,Dillon Gabriel,CLE,QB,passing_tds,0.09485816097044139,0.0,0.17428749393821596,veteran_model,True,,False,2026,False,ACT,,deep_bench,deep_bench_discounted,,
00-0040704,Dillon Gabriel,CLE,QB,passing_yards,19.44539920435702,6.188409806893529,30.46230480628898,veteran_model,True,,False,2026,False,ACT,,deep_bench,deep_bench_discounted,,
00-0040704,Dillon Gabriel,CLE,QB,rushing_tds,0.010050975579884642,0.0,0.04680276755111586,veteran_model,True,,False,2026,False,ACT,,deep_bench,deep_bench_discounted,,
00-0040704,Dillon Gabriel,CLE,QB,rushing_yards,1.1508608673947769,0.0,3.4738150504819565,veteran_model,True,,False,2026,False,ACT,,deep_bench,deep_bench_discounted,,
GRE361852,Taylen Green,CLE,QB,attempts,6.125074675324676,1.2312000000000003,10.2830025974026,rookie_rule,True,drafted,False,2026,False,,,,rookie_path,1.0,above_median
GRE361852,Taylen Green,CLE,QB,carries,0.8976954545454546,0.324,1.3978285714285719,rookie_rule,True,drafted,False,2026,False,,,,rookie_path,1.0,above_median
GRE361852,Taylen Green,CLE,QB,completions,3.607642207792208,0.32400000000000007,6.370650000000001,rookie_rule,True,drafted,False,2026,False,,,,rookie_path,1.0,above_median
GRE361852,Taylen Green,CLE,QB,interceptions,0.23755064935064937,0.0,0.405,rookie_rule,True,drafted,False,2026,False,,,,rookie_path,1.0,above_median
GRE361852,Taylen Green,CLE,QB,passing_tds,0.17849805194805196,0.0,0.42930000000000024,rookie_rule,True,drafted,False,2026,False,,,,rookie_path,1.0,above_median
GRE361852,Taylen Green,CLE,QB,passing_yards,39.774172077922074,6.9336,70.1379,rookie_rule,True,drafted,False,2026,False,,,,rookie_path,1.0,above_median
GRE361852,Taylen Green,CLE,QB,rushing_tds,0.053605194805194795,0.0,0.16199999999999998,rookie_rule,True,drafted,False,2026,False,,,,rookie_path,1.0,above_median
GRE361852,Taylen Green,CLE,QB,rushing_yards,3.6592285714285717,0.0,8.103085714285717,rookie_rule,True,drafted,False,2026,False,,,,rookie_path,1.0,above_median
00-0033077,Dak Prescott,DAL,QB,attempts,30.35816375119516,18.46970293507227,41.14660845172904,veteran_model,False,,False,2026,False,ACT,1.0,starter,curated,,
00-0033077,Dak Prescott,DAL,QB,carries,2.535896278239471,0.3742197849990263,4.442609540721311,veteran_model,False,,False,2026,False,ACT,1.0,starter,curated,,
00-0033077,Dak Prescott,DAL,QB,completions,19.085582029356672,11.264330722675709,24.384561256555955,veteran_model,False,,False,2026,False,ACT,1.0,starter,curated,,
00-0033077,Dak Prescott,DAL,QB,interceptions,0.5283078581076004,0.1540064593234592,0.9437472252870047,veteran_model,False,,False,2026,False,ACT,1.0,starter,curated,,
00-0033077,Dak Prescott,DAL,QB,passing_tds,1.411152350954176,0.738524456186787,1.9406812374060063,veteran_model,False,,False,2026,False,ACT,1.0,starter,curated,,
00-0033077,Dak Prescott,DAL,QB,passing_yards,208.23813052119863,119.85820120477536,281.6841678674117,veteran_model,False,,False,2026,False,ACT,1.0,starter,curated,,
00-0033077,Dak Prescott,DAL,QB,rushing_tds,0.13438200013466187,0.0,0.3793939466095366,veteran_model,False,,False,2026,False,ACT,1.0,starter,curated,,
00-0033077,Dak Prescott,DAL,QB,rushing_yards,6.908154945483239,0.0,22.394516166064435,veteran_model,False,,False,2026,False,ACT,1.0,starter,curated,,
00-0039398,Joe Milton III,DAL,QB,attempts,2.9290707787636308,1.1458016563451976,4.547337483843712,veteran_model,True,,False,2026,False,ACT,,deep_bench,deep_bench_discounted,,
00-0039398,Joe Milton III,DAL,QB,carries,0.43572608664869494,0.11147461266262823,0.7217330760209709,veteran_model,True,,False,2026,False,ACT,,deep_bench,deep_bench_discounted,,
00-0039398,Joe Milton III,DAL,QB,completions,1.7595186911902447,0.5863309951881002,2.5543655752701366,veteran_model,True,,False,2026,False,ACT,,deep_bench,deep_bench_discounted,,
00-0039398,Joe Milton III,DAL,QB,interceptions,0.06430237906036426,0.008157169242743083,0.1266182841372749,veteran_model,True,,False,2026,False,ACT,,deep_bench,deep_bench_discounted,,
00-0039398,Joe Milton III,DAL,QB,passing_tds,0.07714838903906263,0.0,0.15657772200683717,veteran_model,True,,False,2026,False,ACT,,deep_bench,deep_bench_discounted,,
00-0039398,Joe Milton III,DAL,QB,passing_yards,15.185611457325432,1.9286220598619428,26.202517059257396,veteran_model,True,,False,2026,False,ACT,,deep_bench,deep_bench_discounted,,
00-0039398,Joe Milton III,DAL,QB,rushing_tds,0.01454714896535887,0.0,0.05129894093659009,veteran_model,True,,False,2026,False,ACT,,deep_bench,deep_bench_discounted,,
00-0039398,Joe Milton III,DAL,QB,rushing_yards,1.057004196242327,0.0,3.3799583793295067,veteran_model,True,,False,2026,False,ACT,,deep_bench,deep_bench_discounted,,
00-0039732,Bo Nix,DEN,QB,attempts,31.979690899600342,20.091230083477456,42.768135600134215,veteran_model,False,,False,2026,False,ACT,1.0,starter,curated,,
00-0039732,Bo Nix,DEN,QB,carries,3.331295990061931,1.1696194968214861,5.238009252543771,veteran_model,False,,False,2026,False,ACT,1.0,starter,curated,,
00-0039732,Bo Nix,DEN,QB,completions,20.353078445097744,12.53182713841678,25.652057672297026,veteran_model,False,,False,2026,False,ACT,1.0,starter,curated,,
00-0039732,Bo Nix,DEN,QB,interceptions,0.5956335341801986,0.2213321353960574,1.011072901359603,veteran_model,False,,False,2026,False,ACT,1.0,starter,curated,,
00-0039732,Bo Nix,DEN,QB,passing_tds,1.5733613110471174,0.9007334162797285,2.102890197498948,veteran_model,False,,False,2026,False,ACT,1.0,starter,curated,,
00-0039732,Bo Nix,DEN,QB,passing_yards,221.53904138165836,133.1591120652351,294.98507872787144,veteran_model,False,,False,2026,False,ACT,1.0,starter,curated,,
00-0039732,Bo Nix,DEN,QB,rushing_tds,0.269771869987651,0.09497334055945722,0.5147838164625258,veteran_model,False,,False,2026,False,ACT,1.0,starter,curated,,
00-0039732,Bo Nix,DEN,QB,rushing_yards,14.355137646694894,2.0601569016550787,29.84149886727609,veteran_model,False,,False,2026,False,ACT,1.0,starter,curated,,
00-0031237,Teddy Bridgewater,DET,QB,attempts,1.4367687637638413,0.0,3.0550354688439225,veteran_model,True,,False,2026,True,ACT,,deep_bench,deep_bench_discounted,,
00-0031237,Teddy Bridgewater,DET,QB,carries,0.5133965470652838,0.18914507307921713,0.7994035364375599,veteran_model,True,,False,2026,True,ACT,,deep_bench,deep_bench_discounted,,
00-0031237,Teddy Bridgewater,DET,QB,completions,0.9265480368716092,0.0,1.7213949209515012,veteran_model,True,,False,2026,True,ACT,,deep_bench,deep_bench_discounted,,
00-0031237,Teddy Bridgewater,DET,QB,interceptions,0.018961024063557142,0.0,0.08127692914046779,veteran_model,True,,False,2026,True,ACT,,deep_bench,deep_bench_discounted,,
00-0031237,Teddy Bridgewater,DET,QB,passing_tds,0.08644202911275291,0.0,0.16587136208052747,veteran_model,True,,False,2026,True,ACT,,deep_bench,deep_bench_discounted,,
00-0031237,Teddy Bridgewater,DET,QB,passing_yards,8.93361977092825,0.0,19.95052537286021,veteran_model,True,,False,2026,True,ACT,,deep_bench,deep_bench_discounted,,
00-0031237,Teddy Bridgewater,DET,QB,rushing_tds,0.007651960033262399,0.0,0.04440375200449362,veteran_model,True,,False,2026,True,ACT,,deep_bench,deep_bench_discounted,,
00-0031237,Teddy Bridgewater,DET,QB,rushing_yards,1.636185842905182,0.0,3.9591400259923613,veteran_model,True,,False,2026,True,ACT,,deep_bench,deep_bench_discounted,,
00-0033106,Jared Goff,DET,QB,attempts,26.698967989400476,14.810507173277587,37.48741268993435,veteran_model,False,,False,2026,False,ACT,1.0,starter,curated,,
00-0033106,Jared Goff,DET,QB,carries,1.807882275970688,0.0,3.714595538452528,veteran_model,False,,False,2026,False,ACT,1.0,starter,curated,,
00-0033106,Jared Goff,DET,QB,completions,15.103001930033846,7.281750623352883,20.401981157233127,veteran_model,False,,False,2026,False,ACT,1.0,starter,curated,,
00-0033106,Jared Goff,DET,QB,interceptions,0.5922210654511012,0.21791966666696,1.0076604326305056,veteran_model,False,,False,2026,False,ACT,1.0,starter,curated,,
00-0033106,Jared Goff,DET,QB,passing_tds,1.34555287787598,0.6729249831085911,1.8750817643278104,veteran_model,False,,False,2026,False,ACT,1.0,starter,curated,,
00-0033106,Jared Goff,DET,QB,passing_yards,178.47859721766483,90.09866790124156,251.9246345638779,veteran_model,False,,False,2026,False,ACT,1.0,starter,curated,,
00-0033106,Jared Goff,DET,QB,rushing_tds,0.046834868898107805,0.0,0.29184681537298257,veteran_model,False,,False,2026,False,ACT,1.0,starter,curated,,
00-0033106,Jared Goff,DET,QB,rushing_yards,5.464156762560857,0.0,20.950517983142053,veteran_model,False,,False,2026,False,ACT,1.0,starter,curated,,
00-0041453,Luke Altmyer,DET,QB,attempts,0.294225,0.04617,0.5508000000000001,rookie_rule,True,udfa,True,2026,False,,,,rookie_path,0.05,above_median
00-0041453,Luke Altmyer,DET,QB,carries,0.04489875,0.019440000000000002,0.073548,rookie_rule,True,udfa,True,2026,False,,,,rookie_path,0.05,above_median
00-0041453,Luke Altmyer,DET,QB,completions,0.17082,0.028890000000000006,0.302616,rookie_rule,True,udfa,True,2026,False,,,,rookie_path,0.05,above_median
00-0041453,Luke Altmyer,DET,QB,interceptions,0.01098,0.0,0.019440000000000002,rookie_rule,True,udfa,True,2026,False,,,,rookie_path,0.05,above_median
00-0041453,Luke Altmyer,DET,QB,passing_tds,0.007623749999999999,0.0,0.01602,rookie_rule,True,udfa,True,2026,False,,,,rookie_path,0.05,above_median
00-0041453,Luke Altmyer,DET,QB,passing_yards,1.71734625,0.1876500000000001,2.7494640000000006,rookie_rule,True,udfa,True,2026,False,,,,rookie_path,0.05,above_median
00-0041453,Luke Altmyer,DET,QB,rushing_tds,0.0013650000000000001,0.0,0.006012000000000003,rookie_rule,True,udfa,True,2026,False,,,,rookie_path,0.05,above_median
00-0041453,Luke Altmyer,DET,QB,rushing_yards,0.14868,0.007830000000000002,0.34020000000000006,rookie_rule,True,udfa,True,2026,False,,,,rookie_path,0.05,above_median
00-0028118,Tyrod Taylor,GB,QB,attempts,2.3615546063778927,0.5782854839594593,3.9798213114579735,veteran_model,True,,False,2026,True,ACT,,deep_bench,deep_bench_discounted,,
00-0028118,Tyrod Taylor,GB,QB,carries,0.5642711329852099,0.24001965899914324,0.850278122357486,veteran_model,True,,False,2026,True,ACT,,deep_bench,deep_bench_discounted,,
00-0028118,Tyrod Taylor,GB,QB,completions,1.4558658372811375,0.28267814127899304,2.2507127213610296,veteran_model,True,,False,2026,True,ACT,,deep_bench,deep_bench_discounted,,
00-0028118,Tyrod Taylor,GB,QB,interceptions,0.05317734764853522,0.0,0.11549325272544587,veteran_model,True,,False,2026,True,ACT,,deep_bench,deep_bench_discounted,,
00-0028118,Tyrod Taylor,GB,QB,passing_tds,0.1071838698422895,0.006289685627181163,0.18661320281006405,veteran_model,True,,False,2026,True,ACT,,deep_bench,deep_bench_discounted,,
00-0028118,Tyrod Taylor,GB,QB,passing_yards,15.914470340613711,2.657480943150221,26.93137594254567,veteran_model,True,,False,2026,True,ACT,,deep_bench,deep_bench_discounted,,
00-0028118,Tyrod Taylor,GB,QB,rushing_tds,0.010949730151076701,0.0,0.04770152212230792,veteran_model,True,,False,2026,True,ACT,,deep_bench,deep_bench_discounted,,
00-0028118,Tyrod Taylor,GB,QB,rushing_yards,2.353823104444728,0.5095759926887558,4.676777287531908,veteran_model,True,,False,2026,True,ACT,,deep_bench,deep_bench_discounted,,
00-0036264,Jordan Love,GB,QB,attempts,24.38039126452552,12.491930448402632,35.1688359650594,veteran_model,False,,False,2026,False,ACT,1.0,starter,curated,,
00-0036264,Jordan Love,GB,QB,carries,3.0003032723474705,0.8386267791070257,4.90701653482931,veteran_model,False,,False,2026,False,ACT,1.0,starter,curated,,
00-0036264,Jordan Love,GB,QB,completions,15.57744124325932,7.756189936578357,20.8764204704586,veteran_model,False,,False,2026,False,ACT,1.0,starter,curated,,
00-0036264,Jordan Love,GB,QB,interceptions,0.5086169098764577,0.1343155110923165,0.924056277055862,veteran_model,False,,False,2026,False,ACT,1.0,starter,curated,,
00-0036264,Jordan Love,GB,QB,passing_tds,1.257922255584527,0.5852943608171381,1.7874511420363575,veteran_model,False,,False,2026,False,ACT,1.0,starter,curated,,
00-0036264,Jordan Love,GB,QB,passing_yards,171.99469588518053,83.61476656875726,245.4407332313936,veteran_model,False,,False,2026,False,ACT,1.0,starter,curated,,
00-0036264,Jordan Love,GB,QB,rushing_tds,0.08067590404666401,0.0,0.3256878505215388,veteran_model,False,,False,2026,False,ACT,1.0,starter,curated,,
00-0036264,Jordan Love,GB,QB,rushing_yards,12.20960197523191,0.0,27.695963195813107,veteran_model,False,,False,2026,False,ACT,1.0,starter,curated,,
00-0038582,Clayton Tune,GB,QB,attempts,2.8477148624923037,1.0644457400738705,4.465981567572385,veteran_model,True,,False,2026,False,,,deep_bench,deep_bench_discounted,,
00-0038582,Clayton Tune,GB,QB,carries,0.4761054775613042,0.1518540035752375,0.7621124669335803,veteran_model,True,,False,2026,False,,,deep_bench,deep_bench_discounted,,
00-0038582,Clayton Tune,GB,QB,completions,1.655539894867691,0.48235219886554653,2.4503867789475833,veteran_model,True,,False,2026,False,,,deep_bench,deep_bench_discounted,,
00-0038582,Clayton Tune,GB,QB,interceptions,0.06658728186633102,0.010442072048709835,0.12890318694324165,veteran_model,True,,False,2026,False,,,deep_bench,deep_bench_discounted,,
00-0038582,Clayton Tune,GB,QB,passing_tds,0.1038125723644243,0.0029183881493159702,0.1832419053321989,veteran_model,True,,False,2026,False,,,deep_bench,deep_bench_discounted,,
00-0038582,Clayton Tune,GB,QB,passing_yards,16.622167415819536,3.3651780183560462,27.639073017751496,veteran_model,True,,False,2026,False,,,deep_bench,deep_bench_discounted,,
00-0038582,Clayton Tune,GB,QB,rushing_tds,0.011305128310492787,0.0,0.048056920281724,veteran_model,True,,False,2026,False,,,deep_bench,deep_bench_discounted,,
00-0038582,Clayton Tune,GB,QB,rushing_yards,1.6442970171276319,0.0,3.967251200214811,veteran_model,True,,False,2026,False,,,deep_bench,deep_bench_discounted,,
00-0040942,Kyron Drones,GB,QB,attempts,0.47909731276371814,0.07518029715456154,0.8968877555281026,rookie_rule,True,udfa,True,2026,False,,,,rookie_path,0.05,no_data
00-0040942,Kyron Drones,GB,QB,carries,0.07311027435279117,0.03165486195981538,0.11976089441463482,rookie_rule,True,udfa,True,2026,False,,,,rookie_path,0.05,no_data
00-0040942,Kyron Drones,GB,QB,completions,0.27815244444319254,0.04704264207917009,0.4927606845077927,rookie_rule,True,udfa,True,2026,False,,,,rookie_path,0.05,no_data
00-0040942,Kyron Drones,GB,QB,interceptions,0.017879134995821645,0.0,0.03165486195981537,rookie_rule,True,udfa,True,2026,False,,,,rookie_path,0.05,no_data
00-0040942,Kyron Drones,GB,QB,passing_tds,0.01241403054866988,0.0,0.026085951059477492,rookie_rule,True,udfa,True,2026,False,,,,rookie_path,0.05,no_data
00-0040942,Kyron Drones,GB,QB,passing_yards,2.796417617333158,0.3055573480843291,4.477052643183222,rookie_rule,True,udfa,True,2026,False,,,,rookie_path,0.05,no_data
00-0040942,Kyron Drones,GB,QB,rushing_tds,0.002222679350573456,0.0,0.009789559161646609,rookie_rule,True,udfa,True,2026,False,,,,rookie_path,0.05,no_data
00-0040942,Kyron Drones,GB,QB,rushing_yards,0.24210107387784727,0.012749874956036753,0.5539600842967692,rookie_rule,True,udfa,True,2026,False,,,,rookie_path,0.05,no_data
00-0036898,Davis Mills,HOU,QB,attempts,3.542852440971561,1.7595833185531276,5.161119146051642,veteran_model,True,,False,2026,False,ACT,,deep_bench,deep_bench_discounted,,
00-0036898,Davis Mills,HOU,QB,carries,0.3658445652425074,0.04159309125644071,0.6518515546147834,veteran_model,True,,False,2026,False,ACT,,deep_bench,deep_bench_discounted,,
00-0036898,Davis Mills,HOU,QB,completions,2.051909154405064,0.8787214584029197,2.8467560384849566,veteran_model,True,,False,2026,False,ACT,,deep_bench,deep_bench_discounted,,
00-0036898,Davis Mills,HOU,QB,interceptions,0.09051618838860366,0.03437097857098248,0.15283209346551432,veteran_model,True,,False,2026,False,ACT,,deep_bench,deep_bench_discounted,,
00-0036898,Davis Mills,HOU,QB,passing_tds,0.09573072143423499,0.0,0.17516005440200952,veteran_model,True,,False,2026,False,ACT,,deep_bench,deep_bench_discounted,,
00-0036898,Davis Mills,HOU,QB,passing_yards,23.13111066826612,9.87412127080263,34.148016270198084,veteran_model,True,,False,2026,False,ACT,,deep_bench,deep_bench_discounted,,
00-0036898,Davis Mills,HOU,QB,rushing_tds,0.007370825894517518,0.0,0.04412261786574874,veteran_model,True,,False,2026,False,ACT,,deep_bench,deep_bench_discounted,,
00-0036898,Davis Mills,HOU,QB,rushing_yards,1.0692259481077628,0.0,3.392180131194942,veteran_model,True,,False,2026,False,ACT,,deep_bench,deep_bench_discounted,,
00-0039163,C.J. Stroud,HOU,QB,attempts,30.901192653096196,19.01273183697331,41.689637353630076,veteran_model,False,,False,2026,False,ACT,1.0,starter,curated,,
00-0039163,C.J. Stroud,HOU,QB,carries,2.5564502708518475,0.39477377761140264,4.463163533333687,veteran_model,False,,False,2026,False,ACT,1.0,starter,curated,,
00-0039163,C.J. Stroud,HOU,QB,completions,19.641613285539425,11.820361978858461,24.940592512738704,veteran_model,False,,False,2026,False,ACT,1.0,starter,curated,,
00-0039163,C.J. Stroud,HOU,QB,interceptions,0.6724941699429371,0.2981927711587959,1.0879335371223415,veteran_model,False,,False,2026,False,ACT,1.0,starter,curated,,
00-0039163,C.J. Stroud,HOU,QB,passing_tds,1.3746226777244597,0.7019947829570707,1.90415156417629,veteran_model,False,,False,2026,False,ACT,1.0,starter,curated,,
00-0039163,C.J. Stroud,HOU,QB,passing_yards,214.98403085506945,126.60410153864618,288.43006820128255,veteran_model,False,,False,2026,False,ACT,1.0,starter,curated,,
00-0039163,C.J. Stroud,HOU,QB,rushing_tds,0.06840909765148744,0.0,0.31342104412636224,veteran_model,False,,False,2026,False,ACT,1.0,starter,curated,,
00-0039163,C.J. Stroud,HOU,QB,rushing_yards,11.599440828656109,0.0,27.085802049237305,veteran_model,False,,False,2026,False,ACT,1.0,starter,curated,,
00-0022942,Philip Rivers,IND,QB,attempts,4.0015920653329475,2.218322942914514,5.619858770413029,veteran_model,True,,False,2026,False,,,deep_bench,deep_bench_discounted,,
00-0022942,Philip Rivers,IND,QB,carries,0.3355308657242145,0.011279391738147737,0.6215378550964904,veteran_model,True,,False,2026,False,,,deep_bench,deep_bench_discounted,,
00-0022942,Philip Rivers,IND,QB,completions,2.494861098731731,1.3216734027295867,3.2897079828116236,veteran_model,True,,False,2026,False,,,deep_bench,deep_bench_discounted,,
00-0022942,Philip Rivers,IND,QB,interceptions,0.10335108702298369,0.04720587720536252,0.16566699209989436,veteran_model,True,,False,2026,False,,,deep_bench,deep_bench_discounted,,
00-0022942,Philip Rivers,IND,QB,passing_tds,0.1749878042718927,0.07409362005678437,0.25441713723966725,veteran_model,True,,False,2026,False,,,deep_bench,deep_bench_discounted,,
00-0022942,Philip Rivers,IND,QB,passing_yards,24.002855235399668,10.745865837936178,35.01976083733163,veteran_model,True,,False,2026,False,,,deep_bench,deep_bench_discounted,,
00-0022942,Philip Rivers,IND,QB,rushing_tds,0.00871749332845483,0.0,0.045469285299686045,veteran_model,True,,False,2026,False,,,deep_bench,deep_bench_discounted,,
00-0022942,Philip Rivers,IND,QB,rushing_yards,1.071846331588313,0.0,3.394800514675493,veteran_model,True,,False,2026,False,,,deep_bench,deep_bench_discounted,,
00-0035710,Daniel Jones,IND,QB,attempts,28.58483787727686,16.696377061153974,39.37328257781074,veteran_model,False,,False,2026,False,ACT,1.0,starter,curated,,
00-0035710,Daniel Jones,IND,QB,carries,2.928120497027116,0.7664440037866713,4.834833759508956,veteran_model,False,,False,2026,False,ACT,1.0,starter,curated,,
00-0035710,Daniel Jones,IND,QB,completions,17.83688790097923,10.015636594298268,23.13586712817851,veteran_model,False,,False,2026,False,ACT,1.0,starter,curated,,
00-0035710,Daniel Jones,IND,QB,interceptions,0.5399249774799885,0.16562357869584726,0.9553643446593929,veteran_model,False,,False,2026,False,ACT,1.0,starter,curated,,
00-0035710,Daniel Jones,IND,QB,passing_tds,1.3245192646366284,0.6518913698692395,1.8540481510884588,veteran_model,False,,False,2026,False,ACT,1.0,starter,curated,,
00-0035710,Daniel Jones,IND,QB,passing_yards,202.17646351649583,113.79653420007256,275.6225008627089,veteran_model,False,,False,2026,False,ACT,1.0,starter,curated,,
00-0035710,Daniel Jones,IND,QB,rushing_tds,0.13166439537332958,0.0,0.37667634184820437,veteran_model,False,,False,2026,False,ACT,1.0,starter,curated,,
00-0035710,Daniel Jones,IND,QB,rushing_yards,11.548603908385436,0.0,27.034965128966633,veteran_model,False,,False,2026,False,ACT,1.0,starter,curated,,
00-0039164,Anthony Richardson,IND,QB,attempts,11.08470392204174,0.0,21.873148622575616,veteran_model,False,,False,2026,False,ACT,2.0,backup,curated,,
00-0039164,Anthony Richardson,IND,QB,carries,3.544143340073955,1.38246684683351,5.4508566025557945,veteran_model,False,,False,2026,False,ACT,2.0,backup,curated,,
00-0039164,Anthony Richardson,IND,QB,completions,6.406678718020765,0.0,11.705657945220047,veteran_model,False,,False,2026,False,ACT,2.0,backup,curated,,
00-0039164,Anthony Richardson,IND,QB,interceptions,0.23353030475216863,0.0,0.648969671931573,veteran_model,False,,False,2026,False,ACT,2.0,backup,curated,,
00-0039164,Anthony Richardson,IND,QB,passing_tds,0.4517686916298358,0.0,0.9812975780816662,veteran_model,False,,False,2026,False,ACT,2.0,backup,curated,,
00-0039164,Anthony Richardson,IND,QB,passing_yards,54.559937706989665,0.0,128.00597505320275,veteran_model,False,,False,2026,False,ACT,2.0,backup,curated,,
00-0039164,Anthony Richardson,IND,QB,rushing_tds,0.05213390724649349,0.0,0.29714585372136826,veteran_model,False,,False,2026,False,ACT,2.0,backup,curated,,
00-0039164,Anthony Richardson,IND,QB,rushing_yards,10.359967049079566,0.0,25.846328269660763,veteran_model,False,,False,2026,False,ACT,2.0,backup,curated,,
00-0040206,Riley Leonard,IND,QB,attempts,3.2772687355902805,1.4939996131718474,4.895535440670362,veteran_model,True,,False,2026,False,ACT,,deep_bench,deep_bench_discounted,,
00-0040206,Riley Leonard,IND,QB,carries,0.4010870418753861,0.07683556788931933,0.687094031247662,veteran_model,True,,False,2026,False,ACT,,deep_bench,deep_bench_discounted,,
00-0040206,Riley Leonard,IND,QB,completions,1.750076464413703,0.5768887684115586,2.544923348493595,veteran_model,True,,False,2026,False,ACT,,deep_bench,deep_bench_discounted,,
00-0040206,Riley Leonard,IND,QB,interceptions,0.09306517135828112,0.03691996154065994,0.15538107643519178,veteran_model,True,,False,2026,False,ACT,,deep_bench,deep_bench_discounted,,
00-0040206,Riley Leonard,IND,QB,passing_tds,0.11184888269711406,0.01095469848200572,0.19127821566488862,veteran_model,True,,False,2026,False,ACT,,deep_bench,deep_bench_discounted,,
00-0040206,Riley Leonard,IND,QB,passing_yards,19.60679315325032,6.349803755786827,30.62369875518228,veteran_model,True,,False,2026,False,ACT,,deep_bench,deep_bench_discounted,,
00-0040206,Riley Leonard,IND,QB,rushing_tds,0.00796568182848757,0.0,0.04471747379971879,veteran_model,True,,False,2026,False,ACT,,deep_bench,deep_bench_discounted,,
00-0040206,Riley Leonard,IND,QB,rushing_yards,1.3919089679728796,0.0,3.7148631510600585,veteran_model,True,,False,2026,False,ACT,,deep_bench,deep_bench_discounted,,
00-0033319,Nick Mullens,JAX,QB,attempts,2.3920752347120295,0.6088061122935964,4.010341939792111,veteran_model,True,,False,2026,False,ACT,,deep_bench,deep_bench_discounted,,
00-0033319,Nick Mullens,JAX,QB,carries,0.5937628468789071,0.2695113728928404,0.8797698362511831,veteran_model,True,,False,2026,False,ACT,,deep_bench,deep_bench_discounted,,
00-0033319,Nick Mullens,JAX,QB,completions,1.4049179355952046,0.23173023959306016,2.1997648196750967,veteran_model,True,,False,2026,False,ACT,,deep_bench,deep_bench_discounted,,
00-0033319,Nick Mullens,JAX,QB,interceptions,0.02442323961253923,0.0,0.08673914468944989,veteran_model,True,,False,2026,False,ACT,,deep_bench,deep_bench_discounted,,
00-0033319,Nick Mullens,JAX,QB,passing_tds,0.09874544585831842,0.0,0.17817477882609298,veteran_model,True,,False,2026,False,ACT,,deep_bench,deep_bench_discounted,,
00-0033319,Nick Mullens,JAX,QB,passing_yards,14.715273338007913,1.4582839405444226,25.732178939939875,veteran_model,True,,False,2026,False,ACT,,deep_bench,deep_bench_discounted,,
00-0033319,Nick Mullens,JAX,QB,rushing_tds,0.01420753013801268,0.0,0.0509593221092439,veteran_model,True,,False,2026,False,ACT,,deep_bench,deep_bench_discounted,,
00-0033319,Nick Mullens,JAX,QB,rushing_yards,2.1282185548289365,0.2839714430729643,4.4511727379161155,veteran_model,True,,False,2026,False,ACT,,deep_bench,deep_bench_discounted,,
00-0036971,Trevor Lawrence,JAX,QB,attempts,31.065699406121023,19.177238589998133,41.8541441066549,veteran_model,False,,False,2026,False,ACT,1.0,starter,curated,,
00-0036971,Trevor Lawrence,JAX,QB,carries,3.7182934019965197,1.5566169087560748,5.625006664478359,veteran_model,False,,False,2026,False,ACT,1.0,starter,curated,,
00-0036971,Trevor Lawrence,JAX,QB,completions,20.342597004338803,12.52134569765784,25.64157623153808,veteran_model,False,,False,2026,False,ACT,1.0,starter,curated,,
00-0036971,Trevor Lawrence,JAX,QB,interceptions,0.648594539866507,0.27429314108236574,1.0640339070459113,veteran_model,False,,False,2026,False,ACT,1.0,starter,curated,,
00-0036971,Trevor Lawrence,JAX,QB,passing_tds,1.5721414189594243,0.8995135241920353,2.101670305411255,veteran_model,False,,False,2026,False,ACT,1.0,starter,curated,,
00-0036971,Trevor Lawrence,JAX,QB,passing_yards,224.083949291533,135.70401997510973,297.5299866377461,veteran_model,False,,False,2026,False,ACT,1.0,starter,curated,,
00-0036971,Trevor Lawrence,JAX,QB,rushing_tds,0.19765743287422818,0.02285890344603439,0.442669379349103,veteran_model,False,,False,2026,False,ACT,1.0,starter,curated,,
00-0036971,Trevor Lawrence,JAX,QB,rushing_yards,13.199420936277425,0.9044401912376099,28.68578215685862,veteran_model,False,,False,2026,False,ACT,1.0,starter,curated,,
00-0041203,Joey Aguilar,JAX,QB,attempts,0.27243055555555556,0.04275,0.5100000000000001,rookie_rule,True,udfa,True,2026,False,,,,rookie_path,0.05,no_data
00-0041203,Joey Aguilar,JAX,QB,carries,0.04157291666666667,0.018000000000000002,0.06810000000000001,rookie_rule,True,udfa,True,2026,False,,,,rookie_path,0.05,no_data
00-0041203,Joey Aguilar,JAX,QB,completions,0.15816666666666668,0.02675000000000001,0.2802,rookie_rule,True,udfa,True,2026,False,,,,rookie_path,0.05,no_data
00-0041203,Joey Aguilar,JAX,QB,interceptions,0.010166666666666666,0.0,0.018000000000000002,rookie_rule,True,udfa,True,2026,False,,,,rookie_path,0.05,no_data
00-0041203,Joey Aguilar,JAX,QB,passing_tds,0.007059027777777777,0.0,0.014833333333333334,rookie_rule,True,udfa,True,2026,False,,,,rookie_path,0.05,no_data
00-0041203,Joey Aguilar,JAX,QB,passing_yards,1.5901354166666666,0.17375000000000007,2.5458000000000003,rookie_rule,True,udfa,True,2026,False,,,,rookie_path,0.05,no_data
00-0041203,Joey Aguilar,JAX,QB,rushing_tds,0.001263888888888889,0.0,0.0055666666666666685,rookie_rule,True,udfa,True,2026,False,,,,rookie_path,0.05,no_data
00-0041203,Joey Aguilar,JAX,QB,rushing_yards,0.1376666666666667,0.007250000000000002,0.31500000000000006,rookie_rule,True,udfa,True,2026,False,,,,rookie_path,0.05,no_data
00-0033873,Patrick Mahomes,KC,QB,attempts,32.41890612747462,20.530445311351734,43.2073508280085,veteran_model,False,,False,2026,False,ACT,1.0,starter,curated,,
00-0033873,Patrick Mahomes,KC,QB,carries,4.443588572023919,2.281912078783474,6.350301834505759,veteran_model,False,,False,2026,False,ACT,1.0,starter,curated,,
00-0033873,Patrick Mahomes,KC,QB,completions,21.414621090183356,13.593369783502393,26.713600317382635,veteran_model,False,,False,2026,False,ACT,1.0,starter,curated,,
00-0033873,Patrick Mahomes,KC,QB,interceptions,0.6546044536312382,0.280303054847097,1.0700438208106426,veteran_model,False,,False,2026,False,ACT,1.0,starter,curated,,
00-0033873,Patrick Mahomes,KC,QB,passing_tds,1.498461202289266,0.8258333075218771,2.027990088741096,veteran_model,False,,False,2026,False,ACT,1.0,starter,curated,,
00-0033873,Patrick Mahomes,KC,QB,passing_yards,221.54165234041827,133.161723023995,294.98768968663137,veteran_model,False,,False,2026,False,ACT,1.0,starter,curated,,
00-0033873,Patrick Mahomes,KC,QB,rushing_tds,0.22887595524994334,0.05407742582174954,0.4738879017248181,veteran_model,False,,False,2026,False,ACT,1.0,starter,curated,,
00-0033873,Patrick Mahomes,KC,QB,rushing_yards,17.837764108945695,5.54278336390588,33.32412532952689,veteran_model,False,,False,2026,False,ACT,1.0,starter,curated,,
00-0036945,Justin Fields,KC,QB,attempts,4.224534396210822,2.4412652737923883,5.8428011012909025,veteran_model,True,,False,2026,True,ACT,,deep_bench,deep_bench_discounted,,
00-0036945,Justin Fields,KC,QB,carries,0.8530505301379955,0.5287990561519288,1.1390575195102715,veteran_model,True,,False,2026,True,ACT,,deep_bench,deep_bench_discounted,,
00-0036945,Justin Fields,KC,QB,completions,2.7341703724757886,1.560982676473644,3.5290172565556803,veteran_model,True,,False,2026,True,ACT,,deep_bench,deep_bench_discounted,,
00-0036945,Justin Fields,KC,QB,interceptions,0.07170880741978312,0.015563597602161944,0.1340247124966938,veteran_model,True,,False,2026,True,ACT,,deep_bench,deep_bench_discounted,,
00-0036945,Justin Fields,KC,QB,passing_tds,0.15675281670884073,0.05585863249373239,0.23618214967661527,veteran_model,True,,False,2026,True,ACT,,deep_bench,deep_bench_discounted,,
00-0036945,Justin Fields,KC,QB,passing_yards,27.647348427405394,14.390359029941905,38.66425402933736,veteran_model,True,,False,2026,True,ACT,,deep_bench,deep_bench_discounted,,
00-0036945,Justin Fields,KC,QB,rushing_tds,0.044308013786651355,0.018088234372422286,0.08105980575788257,veteran_model,True,,False,2026,True,ACT,,deep_bench,deep_bench_discounted,,
00-0036945,Justin Fields,KC,QB,rushing_yards,3.5044778518624486,1.6602307401064764,5.827432034949628,veteran_model,True,,False,2026,True,ACT,,deep_bench,deep_bench_discounted,,
00-0037324,Chris Oladokun,KC,QB,attempts,3.2709200399198783,1.487650917501445,4.88918674499996,veteran_model,True,,False,2026,False,ACT,,deep_bench,deep_bench_discounted,,
00-0037324,Chris Oladokun,KC,QB,carries,0.3146866674031668,0.0,0.6006936567754428,veteran_model,True,,False,2026,False,ACT,,deep_bench,deep_bench_discounted,,
00-0037324,Chris Oladokun,KC,QB,completions,1.882184465661505,0.7089967696593604,2.677031349741397,veteran_model,True,,False,2026,False,ACT,,deep_bench,deep_bench_discounted,,
00-0037324,Chris Oladokun,KC,QB,interceptions,0.09876383598425885,0.04261862616663767,0.16107974106116948,veteran_model,True,,False,2026,False,ACT,,deep_bench,deep_bench_discounted,,
00-0037324,Chris Oladokun,KC,QB,passing_tds,0.10370620754187336,0.002812023326765023,0.18313554050964792,veteran_model,True,,False,2026,False,ACT,,deep_bench,deep_bench_discounted,,
00-0037324,Chris Oladokun,KC,QB,passing_yards,19.273334410791854,6.0163450133283645,30.290240012723814,veteran_model,True,,False,2026,False,ACT,,deep_bench,deep_bench_discounted,,
00-0037324,Chris Oladokun,KC,QB,rushing_tds,0.008655644678354368,0.0,0.04540743664958559,veteran_model,True,,False,2026,False,ACT,,deep_bench,deep_bench_discounted,,
00-0037324,Chris Oladokun,KC,QB,rushing_yards,1.1063521688340878,0.0,3.4293063519212676,veteran_model,True,,False,2026,False,ACT,,deep_bench,deep_bench_discounted,,
NUS440041,Garrett Nussmeier,KC,QB,attempts,0.283568272005772,0.05700000000000001,0.47606493506493514,rookie_rule,True,drafted,False,2026,False,,,,rookie_path,0.05,no_data
NUS440041,Garrett Nussmeier,KC,QB,carries,0.04155997474747475,0.015,0.06471428571428574,rookie_rule,True,drafted,False,2026,False,,,,rookie_path,0.05,no_data
NUS440041,Garrett Nussmeier,KC,QB,completions,0.1670204725829726,0.015000000000000001,0.2949375000000001,rookie_rule,True,drafted,False,2026,False,,,,rookie_path,0.05,no_data
NUS440041,Garrett Nussmeier,KC,QB,interceptions,0.01099771524771525,0.0,0.018750000000000003,rookie_rule,True,drafted,False,2026,False,,,,rookie_path,0.05,no_data
NUS440041,Garrett Nussmeier,KC,QB,passing_tds,0.0082637987012987,0.0,0.019875000000000007,rookie_rule,True,drafted,False,2026,False,,,,rookie_path,0.05,no_data
NUS440041,Garrett Nussmeier,KC,QB,passing_yards,1.8413968554593554,0.321,3.2471250000000005,rookie_rule,True,drafted,False,2026,False,,,,rookie_path,0.05,no_data
NUS440041,Garrett Nussmeier,KC,QB,rushing_tds,0.002481721981721981,0.0,0.007499999999999999,rookie_rule,True,drafted,False,2026,False,,,,rookie_path,0.05,no_data
NUS440041,Garrett Nussmeier,KC,QB,rushing_yards,0.16940873015873018,0.0,0.3751428571428572,rookie_rule,True,drafted,False,2026,False,,,,rookie_path,0.05,no_data
00-0026498,Matthew Stafford,LA,QB,attempts,38.00781049712927,26.119349681006383,48.79625519766314,veteran_model,False,,False,2026,False,ACT,1.0,starter,curated,,
00-0026498,Matthew Stafford,LA,QB,carries,1.9506775958249536,0.0,3.8573908583067933,veteran_model,False,,False,2026,False,ACT,1.0,starter,curated,,
00-0026498,Matthew Stafford,LA,QB,completions,25.46329243501042,17.642041128329456,30.7622716622097,veteran_model,False,,False,2026,False,ACT,1.0,starter,curated,,
00-0026498,Matthew Stafford,LA,QB,interceptions,0.7556940189986932,0.38139262021455195,1.1711333861780975,veteran_model,False,,False,2026,False,ACT,1.0,starter,curated,,
00-0026498,Matthew Stafford,LA,QB,passing_tds,1.633713866673837,0.961085971906448,2.163242753125667,veteran_model,False,,False,2026,False,ACT,1.0,starter,curated,,
00-0026498,Matthew Stafford,LA,QB,passing_yards,271.19507322388,182.81514390745673,344.6411105700931,veteran_model,False,,False,2026,False,ACT,1.0,starter,curated,,
00-0026498,Matthew Stafford,LA,QB,rushing_tds,0.08286318705753616,0.0,0.32787513353241093,veteran_model,False,,False,2026,False,ACT,1.0,starter,curated,,
00-0026498,Matthew Stafford,LA,QB,rushing_yards,5.0163220270916025,0.0,20.5026832476728,veteran_model,False,,False,2026,False,ACT,1.0,starter,curated,,
00-0041414,Matthew Caldwell,LA,QB,attempts,0.27243055555555556,0.04275,0.5100000000000001,rookie_rule,True,udfa,True,2026,False,,,,rookie_path,0.05,no_data
00-0041414,Matthew Caldwell,LA,QB,carries,0.04157291666666667,0.018000000000000002,0.06810000000000001,rookie_rule,True,udfa,True,2026,False,,,,rookie_path,0.05,no_data
00-0041414,Matthew Caldwell,LA,QB,completions,0.15816666666666668,0.02675000000000001,0.2802,rookie_rule,True,udfa,True,2026,False,,,,rookie_path,0.05,no_data
00-0041414,Matthew Caldwell,LA,QB,interceptions,0.010166666666666666,0.0,0.018000000000000002,rookie_rule,True,udfa,True,2026,False,,,,rookie_path,0.05,no_data
00-0041414,Matthew Caldwell,LA,QB,passing_tds,0.007059027777777777,0.0,0.014833333333333334,rookie_rule,True,udfa,True,2026,False,,,,rookie_path,0.05,no_data
00-0041414,Matthew Caldwell,LA,QB,passing_yards,1.5901354166666666,0.17375000000000007,2.5458000000000003,rookie_rule,True,udfa,True,2026,False,,,,rookie_path,0.05,no_data
00-0041414,Matthew Caldwell,LA,QB,rushing_tds,0.001263888888888889,0.0,0.0055666666666666685,rookie_rule,True,udfa,True,2026,False,,,,rookie_path,0.05,no_data
00-0041414,Matthew Caldwell,LA,QB,rushing_yards,0.1376666666666667,0.007250000000000002,0.31500000000000006,rookie_rule,True,udfa,True,2026,False,,,,rookie_path,0.05,no_data
SIM639376,Ty Simpson,LA,QB,attempts,8.94009107722343,6.39,10.617285067873302,rookie_rule,True,drafted,False,2026,False,,,,rookie_path,1.0,no_data
SIM639376,Ty Simpson,LA,QB,carries,1.3370525471260766,0.6671794871794872,2.21,rookie_rule,True,drafted,False,2026,False,,,,rookie_path,1.0,no_data
SIM639376,Ty Simpson,LA,QB,completions,5.467967881791411,3.7933333333333334,6.641344537815127,rookie_rule,True,drafted,False,2026,False,,,,rookie_path,1.0,no_data
SIM639376,Ty Simpson,LA,QB,interceptions,0.20987838958427193,0.1011764705882353,0.3,rookie_rule,True,drafted,False,2026,False,,,,rookie_path,1.0,no_data
SIM639376,Ty Simpson,LA,QB,passing_tds,0.3240777931219108,0.17500000000000002,0.5454298642533937,rookie_rule,True,drafted,False,2026,False,,,,rookie_path,1.0,no_data
SIM639376,Ty Simpson,LA,QB,passing_yards,59.979453854968554,45.699999999999996,80.47628571428571,rookie_rule,True,drafted,False,2026,False,,,,rookie_path,1.0,no_data
SIM639376,Ty Simpson,LA,QB,rushing_tds,0.06636525239466416,0.0,0.12117647058823533,rookie_rule,True,drafted,False,2026,False,,,,rookie_path,1.0,no_data
SIM639376,Ty Simpson,LA,QB,rushing_yards,6.583881135204665,2.5611764705882356,12.515,rookie_rule,True,drafted,False,2026,False,,,,rookie_path,1.0,no_data
00-0036355,Justin Herbert,LAC,QB,attempts,32.50695024554386,20.618489429420976,43.295394946077735,veteran_model,False,,False,2026,False,ACT,1.0,starter,curated,,
00-0036355,Justin Herbert,LAC,QB,carries,3.329562457770752,1.1678859645303072,5.236275720252592,veteran_model,False,,False,2026,False,ACT,1.0,starter,curated,,
00-0036355,Justin Herbert,LAC,QB,completions,21.604473281548362,13.783221974867399,26.90345250874764,veteran_model,False,,False,2026,False,ACT,1.0,starter,curated,,
00-0036355,Justin Herbert,LAC,QB,interceptions,0.6543019945000457,0.28000059571590447,1.06974136167945,veteran_model,False,,False,2026,False,ACT,1.0,starter,curated,,
00-0036355,Justin Herbert,LAC,QB,passing_tds,1.4445394059843768,0.7719115112169879,1.9740682924362072,veteran_model,False,,False,2026,False,ACT,1.0,starter,curated,,
00-0036355,Justin Herbert,LAC,QB,passing_yards,232.3551165103706,143.97518719394733,305.8011538565837,veteran_model,False,,False,2026,False,ACT,1.0,starter,curated,,
00-0036355,Justin Herbert,LAC,QB,rushing_tds,0.24733262023078378,0.07253409080258999,0.49234456670565857,veteran_model,False,,False,2026,False,ACT,1.0,starter,curated,,
00-0036355,Justin Herbert,LAC,QB,rushing_yards,15.154927797385609,2.8599470523457935,30.641289017966805,veteran_model,False,,False,2026,False,ACT,1.0,starter,curated,,
00-0037012,Trey Lance,LAC,QB,attempts,2.6008337696101687,0.8175646471917354,4.21910047469025,veteran_model,True,,False,2026,False,ACT,,deep_bench,deep_bench_discounted,,
00-0037012,Trey Lance,LAC,QB,carries,0.40535793196773257,0.08110645798166582,0.6913649213400085,veteran_model,True,,False,2026,False,ACT,,deep_bench,deep_bench_discounted,,
00-0037012,Trey Lance,LAC,QB,completions,1.5997315477914265,0.42654385178928195,2.3945784318713184,veteran_model,True,,False,2026,False,ACT,,deep_bench,deep_bench_discounted,,
00-0037012,Trey Lance,LAC,QB,interceptions,0.055778127225655866,0.0,0.11809403230256653,veteran_model,True,,False,2026,False,ACT,,deep_bench,deep_bench_discounted,,
00-0037012,Trey Lance,LAC,QB,passing_tds,0.035207704429670125,0.0,0.11463703739744469,veteran_model,True,,False,2026,False,ACT,,deep_bench,deep_bench_discounted,,
00-0037012,Trey Lance,LAC,QB,passing_yards,12.060988824310316,0.0,23.077894426242274,veteran_model,True,,False,2026,False,ACT,,deep_bench,deep_bench_discounted,,
00-0037012,Trey Lance,LAC,QB,rushing_tds,0.006142183084693327,0.0,0.042893975055924544,veteran_model,True,,False,2026,False,ACT,,deep_bench,deep_bench_discounted,,
00-0037012,Trey Lance,LAC,QB,rushing_yards,1.1930575167076212,0.0,3.516011699794801,veteran_model,True,,False,2026,False,ACT,,deep_bench,deep_bench_discounted,,
00-0029604,Kirk Cousins,LV,QB,attempts,28.814547155811262,16.926086339688375,39.60299185634514,veteran_model,False,,False,2026,True,ACT,1.0,starter,curated,,
00-0029604,Kirk Cousins,LV,QB,carries,1.8060958406384977,0.0,3.7128091031203376,veteran_model,False,,False,2026,True,ACT,1.0,starter,curated,,
00-0029604,Kirk Cousins,LV,QB,completions,17.876956358784035,10.055705052103072,23.175935585983318,veteran_model,False,,False,2026,True,ACT,1.0,starter,curated,,
00-0029604,Kirk Cousins,LV,QB,interceptions,0.6961803985030454,0.32187899971890416,1.1116197656824498,veteran_model,False,,False,2026,True,ACT,1.0,starter,curated,,
00-0029604,Kirk Cousins,LV,QB,passing_tds,1.0347652810420223,0.3621373862746333,1.5642941674938526,veteran_model,False,,False,2026,True,ACT,1.0,starter,curated,,
00-0029604,Kirk Cousins,LV,QB,passing_yards,191.65532660069422,103.27539728427095,265.1013639469073,veteran_model,False,,False,2026,True,ACT,1.0,starter,curated,,
00-0029604,Kirk Cousins,LV,QB,rushing_tds,0.026775884952878696,0.0,0.2717878314277535,veteran_model,False,,False,2026,True,ACT,1.0,starter,curated,,
00-0029604,Kirk Cousins,LV,QB,rushing_yards,7.09510905392577,0.0,22.581470274506966,veteran_model,False,,False,2026,True,ACT,1.0,starter,curated,,
00-0038579,Aidan O'Connell,LV,QB,attempts,2.313098066716074,0.5298289442976408,3.9313647717961557,veteran_model,True,,False,2026,False,ACT,,deep_bench,deep_bench_discounted,,
00-0038579,Aidan O'Connell,LV,QB,carries,0.33633539848004385,0.012083924493977128,0.6223423878523198,veteran_model,True,,False,2026,False,ACT,,deep_bench,deep_bench_discounted,,
00-0038579,Aidan O'Connell,LV,QB,completions,1.355350369714932,0.18216267371278763,2.150197253794824,veteran_model,True,,False,2026,False,ACT,,deep_bench,deep_bench_discounted,,
00-0038579,Aidan O'Connell,LV,QB,interceptions,0.08526422113081007,0.02911901131318889,0.14758012620772074,veteran_model,True,,False,2026,False,ACT,,deep_bench,deep_bench_discounted,,
00-0038579,Aidan O'Connell,LV,QB,passing_tds,0.08663289727207536,0.0,0.16606223023984992,veteran_model,True,,False,2026,False,ACT,,deep_bench,deep_bench_discounted,,
00-0038579,Aidan O'Connell,LV,QB,passing_yards,10.139512574719832,0.0,21.156418176651794,veteran_model,True,,False,2026,False,ACT,,deep_bench,deep_bench_discounted,,
00-0038579,Aidan O'Connell,LV,QB,rushing_tds,0.0008562529162967463,0.0,0.03760804488752796,veteran_model,True,,False,2026,False,ACT,,deep_bench,deep_bench_discounted,,
00-0038579,Aidan O'Connell,LV,QB,rushing_yards,1.072368647932271,0.0,3.3953228310194503,veteran_model,True,,False,2026,False,ACT,,deep_bench,deep_bench_discounted,,
00-0040996,Jacob Clark,LV,QB,attempts,0.908101851851852,0.14250000000000002,1.7000000000000004,rookie_rule,True,udfa,True,2026,False,,,,rookie_path,0.05,no_data
00-0040996,Jacob Clark,LV,QB,carries,0.13857638888888887,0.060000000000000005,0.22699999999999998,rookie_rule,True,udfa,True,2026,False,,,,rookie_path,0.05,no_data
00-0040996,Jacob Clark,LV,QB,completions,0.5272222222222223,0.0891666666666667,0.934,rookie_rule,True,udfa,True,2026,False,,,,rookie_path,0.05,no_data
00-0040996,Jacob Clark,LV,QB,interceptions,0.033888888888888885,0.0,0.06,rookie_rule,True,udfa,True,2026,False,,,,rookie_path,0.05,no_data
00-0040996,Jacob Clark,LV,QB,passing_tds,0.023530092592592592,0.0,0.04944444444444445,rookie_rule,True,udfa,True,2026,False,,,,rookie_path,0.05,no_data
00-0040996,Jacob Clark,LV,QB,passing_yards,5.300451388888889,0.5791666666666669,8.486,rookie_rule,True,udfa,True,2026,False,,,,rookie_path,0.05,no_data
00-0040996,Jacob Clark,LV,QB,rushing_tds,0.004212962962962963,0.0,0.018555555555555558,rookie_rule,True,udfa,True,2026,False,,,,rookie_path,0.05,no_data
00-0040996,Jacob Clark,LV,QB,rushing_yards,0.45888888888888896,0.024166666666666673,1.0500000000000003,rookie_rule,True,udfa,True,2026,False,,,,rookie_path,0.05,no_data
MEN516487,Fernando Mendoza,LV,QB,attempts,29.800303590744768,21.3,35.39095022624434,rookie_rule,True,drafted,False,2026,False,,,,rookie_path,1.0,no_data
MEN516487,Fernando Mendoza,LV,QB,carries,4.456841823753589,2.223931623931624,7.366666666666667,rookie_rule,True,drafted,False,2026,False,,,,rookie_path,1.0,no_data
MEN516487,Fernando Mendoza,LV,QB,completions,18.22655960597137,12.644444444444446,22.137815126050423,rookie_rule,True,drafted,False,2026,False,,,,rookie_path,1.0,no_data
MEN516487,Fernando Mendoza,LV,QB,interceptions,0.6995946319475731,0.33725490196078434,1.0,rookie_rule,True,drafted,False,2026,False,,,,rookie_path,1.0,no_data
MEN516487,Fernando Mendoza,LV,QB,passing_tds,1.0802593104063694,0.5833333333333334,1.8180995475113124,rookie_rule,True,drafted,False,2026,False,,,,rookie_path,1.0,no_data
MEN516487,Fernando Mendoza,LV,QB,passing_yards,199.9315128498952,152.33333333333334,268.2542857142857,rookie_rule,True,drafted,False,2026,False,,,,rookie_path,1.0,no_data
MEN516487,Fernando Mendoza,LV,QB,rushing_tds,0.22121750798221387,0.0,0.4039215686274511,rookie_rule,True,drafted,False,2026,False,,,,rookie_path,1.0,no_data
MEN516487,Fernando Mendoza,LV,QB,rushing_yards,21.946270450682217,8.537254901960784,41.71666666666667,rookie_rule,True,drafted,False,2026,False,,,,rookie_path,1.0,no_data
00-0038128,Malik Willis,MIA,QB,attempts,17.11659742739917,5.228136611276282,27.905042127933047,veteran_model,False,,False,2026,True,ACT,1.0,starter,curated,,
00-0038128,Malik Willis,MIA,QB,carries,2.879917522292245,0.7182410290518,4.7866307847740845,veteran_model,False,,False,2026,True,ACT,1.0,starter,curated,,
00-0038128,Malik Willis,MIA,QB,completions,8.744260393816548,0.9230090871355845,14.043239621015829,veteran_model,False,,False,2026,True,ACT,1.0,starter,curated,,
00-0038128,Malik Willis,MIA,QB,interceptions,0.5417426482521229,0.16744124946798172,0.9571820154315274,veteran_model,False,,False,2026,True,ACT,1.0,starter,curated,,
00-0038128,Malik Willis,MIA,QB,passing_tds,0.6806077624977348,0.007979867730345869,1.210136648949565,veteran_model,False,,False,2026,True,ACT,1.0,starter,curated,,
00-0038128,Malik Willis,MIA,QB,passing_yards,103.44863888219324,15.068709565769964,176.8946762284063,veteran_model,False,,False,2026,True,ACT,1.0,starter,curated,,
00-0038128,Malik Willis,MIA,QB,rushing_tds,0.06635905748349996,0.0,0.31137100395837475,veteran_model,False,,False,2026,True,ACT,1.0,starter,curated,,
00-0038128,Malik Willis,MIA,QB,rushing_yards,8.9467130781505,0.0,24.433074298731697,veteran_model,False,,False,2026,True,ACT,1.0,starter,curated,,
00-0040234,Quinn Ewers,MIA,QB,attempts,2.1469014673809452,0.363632344962512,3.765168172461027,veteran_model,True,,False,2026,False,ACT,,deep_bench,deep_bench_discounted,,
00-0040234,Quinn Ewers,MIA,QB,carries,0.3794070871277668,0.05515561314170003,0.6654140765000428,veteran_model,True,,False,2026,False,ACT,,deep_bench,deep_bench_discounted,,
00-0040234,Quinn Ewers,MIA,QB,completions,1.2185301802146624,0.045342484212518026,2.0133770642945548,veteran_model,True,,False,2026,False,ACT,,deep_bench,deep_bench_discounted,,
00-0040234,Quinn Ewers,MIA,QB,interceptions,0.05209672502178102,0.0,0.11441263009869167,veteran_model,True,,False,2026,False,ACT,,deep_bench,deep_bench_discounted,,
00-0040234,Quinn Ewers,MIA,QB,passing_tds,0.09089426760263328,0.0,0.17032360057040785,veteran_model,True,,False,2026,False,ACT,,deep_bench,deep_bench_discounted,,
00-0040234,Quinn Ewers,MIA,QB,passing_yards,13.44708181938639,0.19009242192289974,24.46398742131835,veteran_model,True,,False,2026,False,ACT,,deep_bench,deep_bench_discounted,,
00-0040234,Quinn Ewers,MIA,QB,rushing_tds,0.010598328320483553,0.0,0.047350120291714766,veteran_model,True,,False,2026,False,ACT,,deep_bench,deep_bench_discounted,,
00-0040234,Quinn Ewers,MIA,QB,rushing_yards,1.1432476362486583,0.0,3.4662018193358377,veteran_model,True,,False,2026,False,ACT,,deep_bench,deep_bench_discounted,,
00-0041156,Mark Gronowski,MIA,QB,attempts,0.908101851851852,0.14250000000000002,1.7000000000000004,rookie_rule,True,udfa,True,2026,False,,,,rookie_path,0.05,no_data
00-0041156,Mark Gronowski,MIA,QB,carries,0.13857638888888887,0.060000000000000005,0.22699999999999998,rookie_rule,True,udfa,True,2026,False,,,,rookie_path,0.05,no_data
00-0041156,Mark Gronowski,MIA,QB,completions,0.5272222222222223,0.0891666666666667,0.934,rookie_rule,True,udfa,True,2026,False,,,,rookie_path,0.05,no_data
00-0041156,Mark Gronowski,MIA,QB,interceptions,0.033888888888888885,0.0,0.06,rookie_rule,True,udfa,True,2026,False,,,,rookie_path,0.05,no_data
00-0041156,Mark Gronowski,MIA,QB,passing_tds,0.023530092592592592,0.0,0.04944444444444445,rookie_rule,True,udfa,True,2026,False,,,,rookie_path,0.05,no_data
00-0041156,Mark Gronowski,MIA,QB,passing_yards,5.300451388888889,0.5791666666666669,8.486,rookie_rule,True,udfa,True,2026,False,,,,rookie_path,0.05,no_data
00-0041156,Mark Gronowski,MIA,QB,rushing_tds,0.004212962962962963,0.0,0.018555555555555558,rookie_rule,True,udfa,True,2026,False,,,,rookie_path,0.05,no_data
00-0041156,Mark Gronowski,MIA,QB,rushing_yards,0.45888888888888896,0.024166666666666673,1.0500000000000003,rookie_rule,True,udfa,True,2026,False,,,,rookie_path,0.05,no_data
00-0032950,Carson Wentz,MIN,QB,attempts,2.3896796566995775,0.6064105342811442,4.007946361779658,veteran_model,True,,False,2026,False,ACT,,deep_bench,deep_bench_discounted,,
00-0032950,Carson Wentz,MIN,QB,carries,0.41045766990972393,0.08620619592365723,0.696464659282,veteran_model,True,,False,2026,False,ACT,,deep_bench,deep_bench_discounted,,
00-0032950,Carson Wentz,MIN,QB,completions,1.4329099745122138,0.2597222785100693,2.2277568585921057,veteran_model,True,,False,2026,False,ACT,,deep_bench,deep_bench_discounted,,
00-0032950,Carson Wentz,MIN,QB,interceptions,0.059623163972537474,0.003477954154916299,0.12193906904944814,veteran_model,True,,False,2026,False,ACT,,deep_bench,deep_bench_discounted,,
00-0032950,Carson Wentz,MIN,QB,passing_tds,0.12501437501068566,0.02412019079557733,0.2044437079784602,veteran_model,True,,False,2026,False,ACT,,deep_bench,deep_bench_discounted,,
00-0032950,Carson Wentz,MIN,QB,passing_yards,14.115721578369534,0.8587321809060441,25.132627180301494,veteran_model,True,,False,2026,False,ACT,,deep_bench,deep_bench_discounted,,
00-0032950,Carson Wentz,MIN,QB,rushing_tds,0.01135194015311968,0.0,0.048103732124350894,veteran_model,True,,False,2026,False,ACT,,deep_bench,deep_bench_discounted,,
00-0032950,Carson Wentz,MIN,QB,rushing_yards,1.2031436341675177,0.0,3.5260978172546973,veteran_model,True,,False,2026,False,ACT,,deep_bench,deep_bench_discounted,,
00-0035228,Kyler Murray,MIN,QB,attempts,18.173497658373076,6.285036842250188,28.961942358906953,veteran_model,False,,False,2026,True,ACT,1.0,starter,curated,,
00-0035228,Kyler Murray,MIN,QB,carries,2.215969327933343,0.05429283469289814,4.122682590415183,veteran_model,False,,False,2026,True,ACT,1.0,starter,curated,,
00-0035228,Kyler Murray,MIN,QB,completions,12.099605688825056,4.278354382144093,17.398584916024337,veteran_model,False,,False,2026,True,ACT,1.0,starter,curated,,
00-0035228,Kyler Murray,MIN,QB,interceptions,0.6224899499258736,0.24818855114173238,1.037929317105278,veteran_model,False,,False,2026,True,ACT,1.0,starter,curated,,
00-0035228,Kyler Murray,MIN,QB,passing_tds,1.0527899550951791,0.3801620603277902,1.5823188415470095,veteran_model,False,,False,2026,True,ACT,1.0,starter,curated,,
00-0035228,Kyler Murray,MIN,QB,passing_yards,115.02646036656631,26.64653105014304,188.4724977127794,veteran_model,False,,False,2026,True,ACT,1.0,starter,curated,,
00-0035228,Kyler Murray,MIN,QB,rushing_tds,0.06465138062111309,0.0,0.3096633270959879,veteran_model,False,,False,2026,True,ACT,1.0,starter,curated,,
00-0035228,Kyler Murray,MIN,QB,rushing_yards,7.233149217309565,0.0,22.71951043789076,veteran_model,False,,False,2026,True,ACT,1.0,starter,curated,,
00-0039923,J.J. McCarthy,MIN,QB,attempts,28.221125557954263,16.332664741831373,39.00957025848814,veteran_model,False,,False,2026,False,ACT,2.0,backup,curated,,
00-0039923,J.J. McCarthy,MIN,QB,carries,3.6513533234715707,1.4896768302311258,5.55806658595341,veteran_model,False,,False,2026,False,ACT,2.0,backup,curated,,
00-0039923,J.J. McCarthy,MIN,QB,completions,17.845991509987975,10.024740203307012,23.144970737187258,veteran_model,False,,False,2026,False,ACT,2.0,backup,curated,,
00-0039923,J.J. McCarthy,MIN,QB,interceptions,0.48780769495262116,0.11350629616847996,0.9032470621320255,veteran_model,False,,False,2026,False,ACT,2.0,backup,curated,,
00-0039923,J.J. McCarthy,MIN,QB,passing_tds,1.0961647970912058,0.4235369023238169,1.6256936835430362,veteran_model,False,,False,2026,False,ACT,2.0,backup,curated,,
00-0039923,J.J. McCarthy,MIN,QB,passing_yards,189.05014074662435,100.67021143020108,262.49617809283745,veteran_model,False,,False,2026,False,ACT,2.0,backup,curated,,
00-0039923,J.J. McCarthy,MIN,QB,rushing_tds,0.1371946898556835,0.0,0.3822066363305583,veteran_model,False,,False,2026,False,ACT,2.0,backup,curated,,
00-0039923,J.J. McCarthy,MIN,QB,rushing_yards,11.987402440772396,0.0,27.473763661353594,veteran_model,False,,False,2026,False,ACT,2.0,backup,curated,,
00-0040494,Max Brosmer,MIN,QB,attempts,2.1551487631089645,0.3718796406905315,3.773415468189046,veteran_model,True,,False,2026,False,ACT,,deep_bench,deep_bench_discounted,,
00-0040494,Max Brosmer,MIN,QB,carries,0.40140109141277874,0.07714961742671204,0.6874080807850548,veteran_model,True,,False,2026,False,ACT,,deep_bench,deep_bench_discounted,,
00-0040494,Max Brosmer,MIN,QB,completions,1.3854673259292667,0.21227962992712213,2.1803142100091586,veteran_model,True,,False,2026,False,ACT,,deep_bench,deep_bench_discounted,,
00-0040494,Max Brosmer,MIN,QB,interceptions,0.05887054706628024,0.0027253372486590655,0.1211864521431909,veteran_model,True,,False,2026,False,ACT,,deep_bench,deep_bench_discounted,,
00-0040494,Max Brosmer,MIN,QB,passing_tds,0.08635582374078987,0.0,0.16578515670856442,veteran_model,True,,False,2026,False,ACT,,deep_bench,deep_bench_discounted,,
00-0040494,Max Brosmer,MIN,QB,passing_yards,12.56437419217685,0.0,23.58127979410881,veteran_model,True,,False,2026,False,ACT,,deep_bench,deep_bench_discounted,,
00-0040494,Max Brosmer,MIN,QB,rushing_tds,0.010770113257779997,0.0,0.047521905229011216,veteran_model,True,,False,2026,False,ACT,,deep_bench,deep_bench_discounted,,
00-0040494,Max Brosmer,MIN,QB,rushing_yards,1.3798595929135773,0.0,3.702813776000757,veteran_model,True,,False,2026,False,ACT,,deep_bench,deep_bench_discounted,,
00-0033949,Joshua Dobbs,NE,QB,attempts,1.7961965596397667,0.01292743722133336,3.414463264719848,veteran_model,True,,False,2026,False,,,deep_bench,deep_bench_discounted,,
00-0033949,Joshua Dobbs,NE,QB,carries,0.4273781743919417,0.10312670040587497,0.7133851637642177,veteran_model,True,,False,2026,False,,,deep_bench,deep_bench_discounted,,
00-0033949,Joshua Dobbs,NE,QB,completions,1.0875435685484596,0.0,1.8823904526283515,veteran_model,True,,False,2026,False,,,deep_bench,deep_bench_discounted,,
00-0033949,Joshua Dobbs,NE,QB,interceptions,0.021146697341092088,0.0,0.08346260241800274,veteran_model,True,,False,2026,False,,,deep_bench,deep_bench_discounted,,
00-0033949,Joshua Dobbs,NE,QB,passing_tds,0.10938975027675907,0.008495566061650733,0.18881908324453364,veteran_model,True,,False,2026,False,,,deep_bench,deep_bench_discounted,,
00-0033949,Joshua Dobbs,NE,QB,passing_yards,15.08389426305896,1.8269048655954698,26.100799864990922,veteran_model,True,,False,2026,False,,,deep_bench,deep_bench_discounted,,
00-0033949,Joshua Dobbs,NE,QB,rushing_tds,0.013388963381993798,0.0,0.050140755353225014,veteran_model,True,,False,2026,False,,,deep_bench,deep_bench_discounted,,
00-0033949,Joshua Dobbs,NE,QB,rushing_yards,1.8435097107381466,0.0,4.166463893825326,veteran_model,True,,False,2026,False,,,deep_bench,deep_bench_discounted,,
00-0039851,Drake Maye,NE,QB,attempts,29.09877810276653,17.210317286643644,39.8872228033004,veteran_model,False,,False,2026,False,ACT,1.0,starter,curated,,
00-0039851,Drake Maye,NE,QB,carries,4.760578825824902,2.5989023325844576,6.667292088306742,veteran_model,False,,False,2026,False,ACT,1.0,starter,curated,,
00-0039851,Drake Maye,NE,QB,completions,18.172041304309065,10.350789997628102,23.471020531508344,veteran_model,False,,False,2026,False,ACT,1.0,starter,curated,,
00-0039851,Drake Maye,NE,QB,interceptions,0.36412202526427084,0.0,0.7795613924436753,veteran_model,False,,False,2026,False,ACT,1.0,starter,curated,,
00-0039851,Drake Maye,NE,QB,passing_tds,1.6104765117292437,0.9378486169618547,2.1400053981810743,veteran_model,False,,False,2026,False,ACT,1.0,starter,curated,,
00-0039851,Drake Maye,NE,QB,passing_yards,216.71471939104828,128.334790074625,290.16075673726135,veteran_model,False,,False,2026,False,ACT,1.0,starter,curated,,
00-0039851,Drake Maye,NE,QB,rushing_tds,0.22947451860047002,0.05467598917227623,0.4744864650753448,veteran_model,False,,False,2026,False,ACT,1.0,starter,curated,,
00-0039851,Drake Maye,NE,QB,rushing_yards,25.30581908598046,13.010838340940644,40.792180306561654,veteran_model,False,,False,2026,False,ACT,1.0,starter,curated,,
MOR767384,Behren Morton,NE,QB,attempts,0.283568272005772,0.05700000000000001,0.47606493506493514,rookie_rule,True,drafted,False,2026,False,,,,rookie_path,0.05,no_data
MOR767384,Behren Morton,NE,QB,carries,0.04155997474747475,0.015,0.06471428571428574,rookie_rule,True,drafted,False,2026,False,,,,rookie_path,0.05,no_data
MOR767384,Behren Morton,NE,QB,completions,0.1670204725829726,0.015000000000000001,0.2949375000000001,rookie_rule,True,drafted,False,2026,False,,,,rookie_path,0.05,no_data
MOR767384,Behren Morton,NE,QB,interceptions,0.01099771524771525,0.0,0.018750000000000003,rookie_rule,True,drafted,False,2026,False,,,,rookie_path,0.05,no_data
MOR767384,Behren Morton,NE,QB,passing_tds,0.0082637987012987,0.0,0.019875000000000007,rookie_rule,True,drafted,False,2026,False,,,,rookie_path,0.05,no_data
MOR767384,Behren Morton,NE,QB,passing_yards,1.8413968554593554,0.321,3.2471250000000005,rookie_rule,True,drafted,False,2026,False,,,,rookie_path,0.05,no_data
MOR767384,Behren Morton,NE,QB,rushing_tds,0.002481721981721981,0.0,0.007499999999999999,rookie_rule,True,drafted,False,2026,False,,,,rookie_path,0.05,no_data
MOR767384,Behren Morton,NE,QB,rushing_yards,0.16940873015873018,0.0,0.3751428571428572,rookie_rule,True,drafted,False,2026,False,,,,rookie_path,0.05,no_data
00-0037013,Zach Wilson,NO,QB,attempts,3.2372186077683884,1.4539494853499553,4.85548531284847,veteran_model,True,,False,2026,True,ACT,,deep_bench,deep_bench_discounted,,
00-0037013,Zach Wilson,NO,QB,carries,0.33364440179148247,0.00939292780541574,0.6196513911637584,veteran_model,True,,False,2026,True,ACT,,deep_bench,deep_bench_discounted,,
00-0037013,Zach Wilson,NO,QB,completions,2.026816876930104,0.8536291809279594,2.821663761009996,veteran_model,True,,False,2026,True,ACT,,deep_bench,deep_bench_discounted,,
00-0037013,Zach Wilson,NO,QB,interceptions,0.07444084251767334,0.018295632700052158,0.136756747594584,veteran_model,True,,False,2026,True,ACT,,deep_bench,deep_bench_discounted,,
00-0037013,Zach Wilson,NO,QB,passing_tds,0.09246467317536006,0.0,0.1718940061431346,veteran_model,True,,False,2026,True,ACT,,deep_bench,deep_bench_discounted,,
00-0037013,Zach Wilson,NO,QB,passing_yards,17.700736117831823,4.443746720368332,28.71764171976378,veteran_model,True,,False,2026,True,ACT,,deep_bench,deep_bench_discounted,,
00-0037013,Zach Wilson,NO,QB,rushing_tds,0.005711706237558825,0.0,0.04246349820879004,veteran_model,True,,False,2026,True,ACT,,deep_bench,deep_bench_discounted,,
00-0037013,Zach Wilson,NO,QB,rushing_yards,1.5469952112888443,0.0,3.8699493943760235,veteran_model,True,,False,2026,True,ACT,,deep_bench,deep_bench_discounted,,
00-0039376,Spencer Rattler,NO,QB,attempts,4.365582622314505,2.5823134998960713,5.983849327394586,veteran_model,True,,False,2026,False,ACT,,deep_bench,deep_bench_discounted,,
00-0039376,Spencer Rattler,NO,QB,carries,0.4979931206948616,0.1737416467087949,0.7840001100671377,veteran_model,True,,False,2026,False,ACT,,deep_bench,deep_bench_discounted,,
00-0039376,Spencer Rattler,NO,QB,completions,2.8013484627352416,1.628160766733097,3.5961953468151338,veteran_model,True,,False,2026,False,ACT,,deep_bench,deep_bench_discounted,,
00-0039376,Spencer Rattler,NO,QB,interceptions,0.09887525874367016,0.04273004892604897,0.1611911638205808,veteran_model,True,,False,2026,False,ACT,,deep_bench,deep_bench_discounted,,
00-0039376,Spencer Rattler,NO,QB,passing_tds,0.14021602079300882,0.03932183657790049,0.2196453537607834,veteran_model,True,,False,2026,False,ACT,,deep_bench,deep_bench_discounted,,
00-0039376,Spencer Rattler,NO,QB,passing_yards,30.057351342047806,16.800361944584314,41.07425694397977,veteran_model,True,,False,2026,False,ACT,,deep_bench,deep_bench_discounted,,
00-0039376,Spencer Rattler,NO,QB,rushing_tds,0.02106960550801674,0.0,0.057821397479247964,veteran_model,True,,False,2026,False,ACT,,deep_bench,deep_bench_discounted,,
00-0039376,Spencer Rattler,NO,QB,rushing_yards,2.383391673487514,0.5391445617315417,4.706345856574694,veteran_model,True,,False,2026,False,ACT,,deep_bench,deep_bench_discounted,,
00-0040743,Tyler Shough,NO,QB,attempts,29.191099833404717,17.302639017281827,39.97954453393859,veteran_model,False,,False,2026,False,ACT,1.0,starter,curated,,
00-0040743,Tyler Shough,NO,QB,carries,3.982143228284631,1.820466735044186,5.888856490766471,veteran_model,False,,False,2026,False,ACT,1.0,starter,curated,,
00-0040743,Tyler Shough,NO,QB,completions,18.628998590957732,10.807747284276768,23.92797781815701,veteran_model,False,,False,2026,False,ACT,1.0,starter,curated,,
00-0040743,Tyler Shough,NO,QB,interceptions,0.7024640432950927,0.3281626445109515,1.1179034104744972,veteran_model,False,,False,2026,False,ACT,1.0,starter,curated,,
00-0040743,Tyler Shough,NO,QB,passing_tds,1.1534501692413446,0.48082227447395565,1.682979055693175,veteran_model,False,,False,2026,False,ACT,1.0,starter,curated,,
00-0040743,Tyler Shough,NO,QB,passing_yards,203.92416005039266,115.54423073396939,277.3701973966057,veteran_model,False,,False,2026,False,ACT,1.0,starter,curated,,
00-0040743,Tyler Shough,NO,QB,rushing_tds,0.31668777687027483,0.14188924744208103,0.5616997233451496,veteran_model,False,,False,2026,False,ACT,1.0,starter,curated,,
00-0040743,Tyler Shough,NO,QB,rushing_yards,18.19472631415368,5.899745569113865,33.68108753473488,veteran_model,False,,False,2026,False,ACT,1.0,starter,curated,,
00-0029263,Russell Wilson,NYG,QB,attempts,2.354240979248598,0.5709718568301648,3.9725076843286793,veteran_model,True,,False,2026,False,,,deep_bench,deep_bench_discounted,,
00-0029263,Russell Wilson,NYG,QB,carries,0.5380500229965831,0.2137985490105164,0.8240570123688591,veteran_model,True,,False,2026,False,,,deep_bench,deep_bench_discounted,,
00-0029263,Russell Wilson,NYG,QB,completions,1.4062345384083994,0.23304684240625484,2.2010814224882913,veteran_model,True,,False,2026,False,,,deep_bench,deep_bench_discounted,,
00-0029263,Russell Wilson,NYG,QB,interceptions,0.06147825706600424,0.005333047248383063,0.1237941621429149,veteran_model,True,,False,2026,False,,,deep_bench,deep_bench_discounted,,
00-0029263,Russell Wilson,NYG,QB,passing_tds,0.08659050932445858,0.0,0.16601984229223313,veteran_model,True,,False,2026,False,,,deep_bench,deep_bench_discounted,,
00-0029263,Russell Wilson,NYG,QB,passing_yards,17.182945784658326,3.9259563871948373,28.19985138659029,veteran_model,True,,False,2026,False,,,deep_bench,deep_bench_discounted,,
00-0029263,Russell Wilson,NYG,QB,rushing_tds,0.017262230253343544,0.0,0.05401402222457476,veteran_model,True,,False,2026,False,,,deep_bench,deep_bench_discounted,,
00-0029263,Russell Wilson,NYG,QB,rushing_yards,2.1786276770928237,0.3343805653368513,4.501581860180003,veteran_model,True,,False,2026,False,,,deep_bench,deep_bench_discounted,,
00-0031503,Jameis Winston,NYG,QB,attempts,2.753712382156672,0.9704432597382384,4.371979087236753,veteran_model,True,,False,2026,False,ACT,,deep_bench,deep_bench_discounted,,
00-0031503,Jameis Winston,NYG,QB,carries,0.3811519942618056,0.056900520275738886,0.6671589836340815,veteran_model,True,,False,2026,False,ACT,,deep_bench,deep_bench_discounted,,
00-0031503,Jameis Winston,NYG,QB,completions,1.6387077175546116,0.46552002155246713,2.4335546016345035,veteran_model,True,,False,2026,False,ACT,,deep_bench,deep_bench_discounted,,
00-0031503,Jameis Winston,NYG,QB,interceptions,0.07058453733017502,0.014439327512553836,0.13290044240708568,veteran_model,True,,False,2026,False,ACT,,deep_bench,deep_bench_discounted,,
00-0031503,Jameis Winston,NYG,QB,passing_tds,0.09425372777753371,0.0,0.17368306074530826,veteran_model,True,,False,2026,False,ACT,,deep_bench,deep_bench_discounted,,
00-0031503,Jameis Winston,NYG,QB,passing_yards,16.4424689225776,3.1854795251141104,27.459374524509563,veteran_model,True,,False,2026,False,ACT,,deep_bench,deep_bench_discounted,,
00-0031503,Jameis Winston,NYG,QB,rushing_tds,0.009892000089522224,0.0,0.04664379206075345,veteran_model,True,,False,2026,False,ACT,,deep_bench,deep_bench_discounted,,
00-0031503,Jameis Winston,NYG,QB,rushing_yards,1.4032493565927968,0.0,3.7262035396799758,veteran_model,True,,False,2026,False,ACT,,deep_bench,deep_bench_discounted,,
00-0032434,Brandon Allen,NYG,QB,attempts,2.7103115897535144,0.9270424673350812,4.328578294833596,veteran_model,True,,False,2026,True,ACT,,deep_bench,deep_bench_discounted,,
00-0032434,Brandon Allen,NYG,QB,carries,0.4354251256145217,0.11117365162845495,0.7214321149867977,veteran_model,True,,False,2026,True,ACT,,deep_bench,deep_bench_discounted,,
00-0032434,Brandon Allen,NYG,QB,completions,1.5866629922216415,0.413475296219497,2.3815098763015334,veteran_model,True,,False,2026,True,ACT,,deep_bench,deep_bench_discounted,,
00-0032434,Brandon Allen,NYG,QB,interceptions,0.08495169267137938,0.028806482853758197,0.14726759774829004,veteran_model,True,,False,2026,True,ACT,,deep_bench,deep_bench_discounted,,
00-0032434,Brandon Allen,NYG,QB,passing_tds,0.11106070455942149,0.010166520344313156,0.19049003752719604,veteran_model,True,,False,2026,True,ACT,,deep_bench,deep_bench_discounted,,
00-0032434,Brandon Allen,NYG,QB,passing_yards,16.71781211529387,3.460822717830382,27.734717717225834,veteran_model,True,,False,2026,True,ACT,,deep_bench,deep_bench_discounted,,
00-0032434,Brandon Allen,NYG,QB,rushing_tds,0.00477196489688289,0.0,0.04152375686811411,veteran_model,True,,False,2026,True,ACT,,deep_bench,deep_bench_discounted,,
00-0032434,Brandon Allen,NYG,QB,rushing_yards,1.242096571999782,0.0,3.5650507550869617,veteran_model,True,,False,2026,True,ACT,,deep_bench,deep_bench_discounted,,
00-0040691,Jaxson Dart,NYG,QB,attempts,23.59081382419015,11.702353008067261,34.37925852472402,veteran_model,False,,False,2026,False,ACT,1.0,starter,curated,,
00-0040691,Jaxson Dart,NYG,QB,carries,5.846985710145496,3.6853092169050514,7.753698972627336,veteran_model,False,,False,2026,False,ACT,1.0,starter,curated,,
00-0040691,Jaxson Dart,NYG,QB,completions,14.403043812606729,6.581792505925765,19.702023039806008,veteran_model,False,,False,2026,False,ACT,1.0,starter,curated,,
00-0040691,Jaxson Dart,NYG,QB,interceptions,0.4973577508763831,0.12305635209224192,0.9127971180557874,veteran_model,False,,False,2026,False,ACT,1.0,starter,curated,,
00-0040691,Jaxson Dart,NYG,QB,passing_tds,0.9061785014256378,0.2335506066582489,1.4357073878774682,veteran_model,False,,False,2026,False,ACT,1.0,starter,curated,,
00-0040691,Jaxson Dart,NYG,QB,passing_yards,162.53191805186307,74.1519887354398,235.97795539807615,veteran_model,False,,False,2026,False,ACT,1.0,starter,curated,,
00-0040691,Jaxson Dart,NYG,QB,rushing_tds,0.36067817337569935,0.18587964394750556,0.6056901198505742,veteran_model,False,,False,2026,False,ACT,1.0,starter,curated,,
00-0040691,Jaxson Dart,NYG,QB,rushing_yards,28.91149900679411,16.616518261754294,44.397860227375304,veteran_model,False,,False,2026,False,ACT,1.0,starter,curated,,
00-0030565,Geno Smith,NYJ,QB,attempts,27.71335588304705,15.824895066924162,38.50180058358093,veteran_model,False,,False,2026,True,ACT,1.0,starter,curated,,
00-0030565,Geno Smith,NYJ,QB,carries,4.606174241974843,2.444497748734398,6.512887504456683,veteran_model,False,,False,2026,True,ACT,1.0,starter,curated,,
00-0030565,Geno Smith,NYJ,QB,completions,17.499584315850043,9.67833300916908,22.798563543049326,veteran_model,False,,False,2026,True,ACT,1.0,starter,curated,,
00-0030565,Geno Smith,NYJ,QB,interceptions,0.5232256457920399,0.1489242470078987,0.9386650129714442,veteran_model,False,,False,2026,True,ACT,1.0,starter,curated,,
00-0030565,Geno Smith,NYJ,QB,passing_tds,1.364754243547563,0.6921263487801741,1.8942831299993934,veteran_model,False,,False,2026,True,ACT,1.0,starter,curated,,
00-0030565,Geno Smith,NYJ,QB,passing_yards,198.564429034021,110.18449971759773,272.0104663802341,veteran_model,False,,False,2026,True,ACT,1.0,starter,curated,,
00-0030565,Geno Smith,NYJ,QB,rushing_tds,0.36575280313688674,0.19095427370869295,0.6107647496117615,veteran_model,False,,False,2026,True,ACT,1.0,starter,curated,,
00-0030565,Geno Smith,NYJ,QB,rushing_yards,19.62452593577666,7.3295451907368445,35.110887156357855,veteran_model,False,,False,2026,True,ACT,1.0,starter,curated,,
00-0040398,Brady Cook,NYJ,QB,attempts,3.36126831767626,1.5779991952578265,4.979535022756342,veteran_model,True,,False,2026,False,ACT,,deep_bench,deep_bench_discounted,,
00-0040398,Brady Cook,NYJ,QB,carries,0.5593008625638688,0.23504938857780208,0.8453078519361448,veteran_model,True,,False,2026,False,ACT,,deep_bench,deep_bench_discounted,,
00-0040398,Brady Cook,NYJ,QB,completions,2.1091685790949124,0.9359808830927678,2.9040154631748045,veteran_model,True,,False,2026,False,ACT,,deep_bench,deep_bench_discounted,,
00-0040398,Brady Cook,NYJ,QB,interceptions,0.08661719862972136,0.030471988812100188,0.14893310370663201,veteran_model,True,,False,2026,False,ACT,,deep_bench,deep_bench_discounted,,
00-0040398,Brady Cook,NYJ,QB,passing_tds,0.16630932568010937,0.06541514146500103,0.2457386586478839,veteran_model,True,,False,2026,False,ACT,,deep_bench,deep_bench_discounted,,
00-0040398,Brady Cook,NYJ,QB,passing_yards,23.262337309019994,10.005347911556505,34.27924291095196,veteran_model,True,,False,2026,False,ACT,,deep_bench,deep_bench_discounted,,
00-0040398,Brady Cook,NYJ,QB,rushing_tds,0.03861001255018709,0.012390233135958023,0.07536180452141832,veteran_model,True,,False,2026,False,ACT,,deep_bench,deep_bench_discounted,,
00-0040398,Brady Cook,NYJ,QB,rushing_yards,2.242185727481284,0.3979386157253118,4.565139910568464,veteran_model,True,,False,2026,False,ACT,,deep_bench,deep_bench_discounted,,
KLU066027,Cade Klubnik,NYJ,QB,attempts,18.904551467051466,3.8000000000000003,31.73766233766234,rookie_rule,True,drafted,False,2026,False,,,,rookie_path,1.0,no_data
KLU066027,Cade Klubnik,NYJ,QB,carries,2.770664983164983,1.0,4.314285714285716,rookie_rule,True,drafted,False,2026,False,,,,rookie_path,1.0,no_data
KLU066027,Cade Klubnik,NYJ,QB,completions,11.134698172198172,1.0,19.6625,rookie_rule,True,drafted,False,2026,False,,,,rookie_path,1.0,no_data
KLU066027,Cade Klubnik,NYJ,QB,interceptions,0.7331810165143499,0.0,1.25,rookie_rule,True,drafted,False,2026,False,,,,rookie_path,1.0,no_data
KLU066027,Cade Klubnik,NYJ,QB,passing_tds,0.5509199134199134,0.0,1.3250000000000006,rookie_rule,True,drafted,False,2026,False,,,,rookie_path,1.0,no_data
KLU066027,Cade Klubnik,NYJ,QB,passing_yards,122.75979036395702,21.400000000000002,216.47500000000002,rookie_rule,True,drafted,False,2026,False,,,,rookie_path,1.0,no_data
KLU066027,Cade Klubnik,NYJ,QB,rushing_tds,0.16544813211479875,0.0,0.49999999999999994,rookie_rule,True,drafted,False,2026,False,,,,rookie_path,1.0,no_data
KLU066027,Cade Klubnik,NYJ,QB,rushing_yards,11.293915343915344,0.0,25.009523809523813,rookie_rule,True,drafted,False,2026,False,,,,rookie_path,1.0,no_data
00-0027973,Andy Dalton,PHI,QB,attempts,3.7345637876448725,1.9512946652264391,5.352830492724954,veteran_model,True,,False,2026,True,ACT,,deep_bench,deep_bench_discounted,,
00-0027973,Andy Dalton,PHI,QB,carries,0.4044453644134236,0.08019389042735689,0.6904523537856996,veteran_model,True,,False,2026,True,ACT,,deep_bench,deep_bench_discounted,,
00-0027973,Andy Dalton,PHI,QB,completions,2.1820836759311577,1.0088959799290134,2.9769305600110503,veteran_model,True,,False,2026,True,ACT,,deep_bench,deep_bench_discounted,,
00-0027973,Andy Dalton,PHI,QB,interceptions,0.0748067677568857,0.018661557939264523,0.13712267283379637,veteran_model,True,,False,2026,True,ACT,,deep_bench,deep_bench_discounted,,
00-0027973,Andy Dalton,PHI,QB,passing_tds,0.13017798922467008,0.029283805009561736,0.20960732219244463,veteran_model,True,,False,2026,True,ACT,,deep_bench,deep_bench_discounted,,
00-0027973,Andy Dalton,PHI,QB,passing_yards,21.841191572011674,8.584202174548183,32.858097173943634,veteran_model,True,,False,2026,True,ACT,,deep_bench,deep_bench_discounted,,
00-0027973,Andy Dalton,PHI,QB,rushing_tds,0.009686474336695113,0.0,0.04643826630792633,veteran_model,True,,False,2026,True,ACT,,deep_bench,deep_bench_discounted,,
00-0027973,Andy Dalton,PHI,QB,rushing_yards,1.6030824643148962,0.0,3.926036647402076,veteran_model,True,,False,2026,True,ACT,,deep_bench,deep_bench_discounted,,
00-0036389,Jalen Hurts,PHI,QB,attempts,32.41524575808008,20.526784941957196,43.20369045861396,veteran_model,False,,False,2026,False,ACT,1.0,starter,curated,,
00-0036389,Jalen Hurts,PHI,QB,carries,7.369618131108511,5.207941637868066,9.27633139359035,veteran_model,False,,False,2026,False,ACT,1.0,starter,curated,,
00-0036389,Jalen Hurts,PHI,QB,completions,21.591916615018196,13.770665308337232,26.890895842217475,veteran_model,False,,False,2026,False,ACT,1.0,starter,curated,,
00-0036389,Jalen Hurts,PHI,QB,interceptions,0.6306129386076141,0.25631153982347293,1.0460523057870186,veteran_model,False,,False,2026,False,ACT,1.0,starter,curated,,
00-0036389,Jalen Hurts,PHI,QB,passing_tds,1.5887251597233012,0.9160972649559123,2.1182540461751316,veteran_model,False,,False,2026,False,ACT,1.0,starter,curated,,
00-0036389,Jalen Hurts,PHI,QB,passing_yards,231.1644736815136,142.78454436509034,304.6105110277267,veteran_model,False,,False,2026,False,ACT,1.0,starter,curated,,
00-0036389,Jalen Hurts,PHI,QB,rushing_tds,0.5613893434977618,0.386590814069568,0.8064012899726366,veteran_model,False,,False,2026,False,ACT,1.0,starter,curated,,
00-0036389,Jalen Hurts,PHI,QB,rushing_yards,38.07872177683692,25.783741031797106,53.565082997418116,veteran_model,False,,False,2026,False,ACT,1.0,starter,curated,,
00-0038400,Tanner McKee,PHI,QB,attempts,2.0708167434806994,0.2875476210622662,3.6890834485607806,veteran_model,True,,False,2026,False,ACT,,deep_bench,deep_bench_discounted,,
00-0038400,Tanner McKee,PHI,QB,carries,0.4970276223430803,0.1727761483570136,0.7830346117153563,veteran_model,True,,False,2026,False,ACT,,deep_bench,deep_bench_discounted,,
00-0038400,Tanner McKee,PHI,QB,completions,1.431098716252391,0.2579110202502464,2.225945600332283,veteran_model,True,,False,2026,False,ACT,,deep_bench,deep_bench_discounted,,
00-0038400,Tanner McKee,PHI,QB,interceptions,0.05982405240429621,0.0036788425866750296,0.12213995748120686,veteran_model,True,,False,2026,False,ACT,,deep_bench,deep_bench_discounted,,
00-0038400,Tanner McKee,PHI,QB,passing_tds,0.11568865338477602,0.014794469169667679,0.19511798635255057,veteran_model,True,,False,2026,False,ACT,,deep_bench,deep_bench_discounted,,
00-0038400,Tanner McKee,PHI,QB,passing_yards,17.557618827312197,4.300629429848706,28.574524429244153,veteran_model,True,,False,2026,False,ACT,,deep_bench,deep_bench_discounted,,
00-0038400,Tanner McKee,PHI,QB,rushing_tds,0.009879810642727924,0.0,0.04663160261395914,veteran_model,True,,False,2026,False,ACT,,deep_bench,deep_bench_discounted,,
00-0038400,Tanner McKee,PHI,QB,rushing_yards,1.9517645631502059,0.10751745139423372,4.274718746237386,veteran_model,True,,False,2026,False,ACT,,deep_bench,deep_bench_discounted,,
PAY546690,Cole Payton,PHI,QB,attempts,0.283568272005772,0.05700000000000001,0.47606493506493514,rookie_rule,True,drafted,False,2026,False,,,,rookie_path,0.05,no_data
PAY546690,Cole Payton,PHI,QB,carries,0.04155997474747475,0.015,0.06471428571428574,rookie_rule,True,drafted,False,2026,False,,,,rookie_path,0.05,no_data
PAY546690,Cole Payton,PHI,QB,completions,0.1670204725829726,0.015000000000000001,0.2949375000000001,rookie_rule,True,drafted,False,2026,False,,,,rookie_path,0.05,no_data
PAY546690,Cole Payton,PHI,QB,interceptions,0.01099771524771525,0.0,0.018750000000000003,rookie_rule,True,drafted,False,2026,False,,,,rookie_path,0.05,no_data
PAY546690,Cole Payton,PHI,QB,passing_tds,0.0082637987012987,0.0,0.019875000000000007,rookie_rule,True,drafted,False,2026,False,,,,rookie_path,0.05,no_data
PAY546690,Cole Payton,PHI,QB,passing_yards,1.8413968554593554,0.321,3.2471250000000005,rookie_rule,True,drafted,False,2026,False,,,,rookie_path,0.05,no_data
PAY546690,Cole Payton,PHI,QB,rushing_tds,0.002481721981721981,0.0,0.007499999999999999,rookie_rule,True,drafted,False,2026,False,,,,rookie_path,0.05,no_data
PAY546690,Cole Payton,PHI,QB,rushing_yards,0.16940873015873018,0.0,0.3751428571428572,rookie_rule,True,drafted,False,2026,False,,,,rookie_path,0.05,no_data
00-0023459,Aaron Rodgers,PIT,QB,attempts,32.93211233258372,21.043651516460834,43.7205570331176,veteran_model,False,,False,2026,False,ACT,1.0,starter,curated,,
00-0023459,Aaron Rodgers,PIT,QB,carries,2.261427814106429,0.09975132086598393,4.1681410765882685,veteran_model,False,,False,2026,False,ACT,1.0,starter,curated,,
00-0023459,Aaron Rodgers,PIT,QB,completions,19.84863971368887,12.027388407007905,25.14761894088815,veteran_model,False,,False,2026,False,ACT,1.0,starter,curated,,
00-0023459,Aaron Rodgers,PIT,QB,interceptions,0.7503928032721076,0.37609140448796635,1.165832170451512,veteran_model,False,,False,2026,False,ACT,1.0,starter,curated,,
00-0023459,Aaron Rodgers,PIT,QB,passing_tds,1.2309905625809423,0.5583626678135534,1.7605194490327727,veteran_model,False,,False,2026,False,ACT,1.0,starter,curated,,
00-0023459,Aaron Rodgers,PIT,QB,passing_yards,203.29617763538448,114.91624831896121,276.74221498159756,veteran_model,False,,False,2026,False,ACT,1.0,starter,curated,,
00-0023459,Aaron Rodgers,PIT,QB,rushing_tds,0.07478574906203392,0.0,0.31979769553690873,veteran_model,False,,False,2026,False,ACT,1.0,starter,curated,,
00-0023459,Aaron Rodgers,PIT,QB,rushing_yards,10.612750607206628,0.0,26.099111827787823,veteran_model,False,,False,2026,False,ACT,1.0,starter,curated,,
00-0034771,Mason Rudolph,PIT,QB,attempts,15.996536314248159,4.10807549812527,26.784981014782034,veteran_model,False,,False,2026,False,ACT,2.0,backup,curated,,
00-0034771,Mason Rudolph,PIT,QB,carries,2.4666206382052343,0.3049441449647894,4.373333900687074,veteran_model,False,,False,2026,False,ACT,2.0,backup,curated,,
00-0034771,Mason Rudolph,PIT,QB,completions,9.451567982166617,1.6303166754856537,14.750547209365898,veteran_model,False,,False,2026,False,ACT,2.0,backup,curated,,
00-0034771,Mason Rudolph,PIT,QB,interceptions,0.4905105774723909,0.1162091786882497,0.9059499446517953,veteran_model,False,,False,2026,False,ACT,2.0,backup,curated,,
00-0034771,Mason Rudolph,PIT,QB,passing_tds,0.5780460579036389,0.0,1.1075749443554694,veteran_model,False,,False,2026,False,ACT,2.0,backup,curated,,
00-0034771,Mason Rudolph,PIT,QB,passing_yards,104.34807912483554,15.968149808412264,177.7941164710486,veteran_model,False,,False,2026,False,ACT,2.0,backup,curated,,
00-0034771,Mason Rudolph,PIT,QB,rushing_tds,0.07409641611450378,0.0,0.3191083625893786,veteran_model,False,,False,2026,False,ACT,2.0,backup,curated,,
00-0034771,Mason Rudolph,PIT,QB,rushing_yards,13.30510258559407,1.0101218405542554,28.791463806175265,veteran_model,False,,False,2026,False,ACT,2.0,backup,curated,,
ALL015451,Drew Allar,PIT,QB,attempts,7.252729770229769,3.7849999999999997,9.709636363636363,rookie_rule,True,drafted,True,2026,False,,,,rookie_path,1.0,no_data
ALL015451,Drew Allar,PIT,QB,carries,1.0551735764235763,0.3812820512820513,1.582,rookie_rule,True,drafted,True,2026,False,,,,rookie_path,1.0,no_data
ALL015451,Drew Allar,PIT,QB,completions,4.285166916416916,1.95125,6.056643356643355,rookie_rule,True,drafted,True,2026,False,,,,rookie_path,1.0,no_data
ALL015451,Drew Allar,PIT,QB,interceptions,0.17674325674325675,0.0,0.39800000000000013,rookie_rule,True,drafted,True,2026,False,,,,rookie_path,1.0,no_data
ALL015451,Drew Allar,PIT,QB,passing_tds,0.18097319347319346,0.0,0.34027972027972037,rookie_rule,True,drafted,True,2026,False,,,,rookie_path,1.0,no_data
ALL015451,Drew Allar,PIT,QB,passing_yards,45.274233682983684,18.093,63.9558041958042,rookie_rule,True,drafted,True,2026,False,,,,rookie_path,1.0,no_data
ALL015451,Drew Allar,PIT,QB,rushing_tds,0.04483225108225108,0.0,0.10875,rookie_rule,True,drafted,True,2026,False,,,,rookie_path,1.0,no_data
ALL015451,Drew Allar,PIT,QB,rushing_yards,4.749507992007992,0.7246153846153847,8.356,rookie_rule,True,drafted,True,2026,False,,,,rookie_path,1.0,no_data
00-0034869,Sam Darnold,SEA,QB,attempts,27.43572037527856,15.547259559155671,38.22416507581244,veteran_model,False,,False,2026,False,ACT,1.0,starter,curated,,
00-0034869,Sam Darnold,SEA,QB,carries,1.8316966230156253,0.0,3.7384098854974654,veteran_model,False,,False,2026,False,ACT,1.0,starter,curated,,
00-0034869,Sam Darnold,SEA,QB,completions,18.428012220143458,10.606760913462494,23.72699144734274,veteran_model,False,,False,2026,False,ACT,1.0,starter,curated,,
00-0034869,Sam Darnold,SEA,QB,interceptions,0.44708111025211167,0.07277971146797046,0.862520477431516,veteran_model,False,,False,2026,False,ACT,1.0,starter,curated,,
00-0034869,Sam Darnold,SEA,QB,passing_tds,1.0827262324952236,0.41009833772783466,1.612255118947054,veteran_model,False,,False,2026,False,ACT,1.0,starter,curated,,
00-0034869,Sam Darnold,SEA,QB,passing_yards,185.24643792976704,96.86650861334377,258.6924752759801,veteran_model,False,,False,2026,False,ACT,1.0,starter,curated,,
00-0034869,Sam Darnold,SEA,QB,rushing_tds,0.0502250803609969,0.0,0.29523702683587166,veteran_model,False,,False,2026,False,ACT,1.0,starter,curated,,
00-0034869,Sam Darnold,SEA,QB,rushing_yards,6.494646973518257,0.0,21.981008194099452,veteran_model,False,,False,2026,False,ACT,1.0,starter,curated,,
00-0035704,Drew Lock,SEA,QB,attempts,1.6655375818885199,0.0,3.2838042869686013,veteran_model,True,,False,2026,False,ACT,,deep_bench,deep_bench_discounted,,
00-0035704,Drew Lock,SEA,QB,carries,0.46149692780843304,0.13724545382236633,0.747503917180709,veteran_model,True,,False,2026,False,ACT,,deep_bench,deep_bench_discounted,,
00-0035704,Drew Lock,SEA,QB,completions,1.0176116206605865,0.0,1.8124585047404784,veteran_model,True,,False,2026,False,ACT,,deep_bench,deep_bench_discounted,,
00-0035704,Drew Lock,SEA,QB,interceptions,0.00971466773303109,0.0,0.07203057280994174,veteran_model,True,,False,2026,False,ACT,,deep_bench,deep_bench_discounted,,
00-0035704,Drew Lock,SEA,QB,passing_tds,0.0715748362703138,0.0,0.15100416923808835,veteran_model,True,,False,2026,False,ACT,,deep_bench,deep_bench_discounted,,
00-0035704,Drew Lock,SEA,QB,passing_yards,10.285029367782204,0.0,21.301934969714168,veteran_model,True,,False,2026,False,ACT,,deep_bench,deep_bench_discounted,,
00-0035704,Drew Lock,SEA,QB,rushing_tds,0.005169865421678592,0.0,0.04192165739290981,veteran_model,True,,False,2026,False,ACT,,deep_bench,deep_bench_discounted,,
00-0035704,Drew Lock,SEA,QB,rushing_yards,1.6739110681531792,0.0,3.9968652512403584,veteran_model,True,,False,2026,False,ACT,,deep_bench,deep_bench_discounted,,
00-0036972,Mac Jones,SF,QB,attempts,4.059627809710068,2.276358687291635,5.677894514790149,veteran_model,True,,False,2026,False,ACT,,deep_bench,deep_bench_discounted,,
00-0036972,Mac Jones,SF,QB,carries,0.559342035711892,0.23509056172582526,0.845349025084168,veteran_model,True,,False,2026,False,ACT,,deep_bench,deep_bench_discounted,,
00-0036972,Mac Jones,SF,QB,completions,2.2211113030223224,1.0479236070201778,3.0159581871022145,veteran_model,True,,False,2026,False,ACT,,deep_bench,deep_bench_discounted,,
00-0036972,Mac Jones,SF,QB,interceptions,0.07486163291570654,0.01871642309808536,0.1371775379926172,veteran_model,True,,False,2026,False,ACT,,deep_bench,deep_bench_discounted,,
00-0036972,Mac Jones,SF,QB,passing_tds,0.1210172862479818,0.020123102032873468,0.20044661921575635,veteran_model,True,,False,2026,False,ACT,,deep_bench,deep_bench_discounted,,
00-0036972,Mac Jones,SF,QB,passing_yards,25.839322951580865,12.582333554117373,36.85622855351282,veteran_model,True,,False,2026,False,ACT,,deep_bench,deep_bench_discounted,,
00-0036972,Mac Jones,SF,QB,rushing_tds,0.011518889005818675,0.0,0.048270680977049896,veteran_model,True,,False,2026,False,ACT,,deep_bench,deep_bench_discounted,,
00-0036972,Mac Jones,SF,QB,rushing_yards,1.5899449928045957,0.0,3.912899175891775,veteran_model,True,,False,2026,False,ACT,,deep_bench,deep_bench_discounted,,
00-0037834,Brock Purdy,SF,QB,attempts,30.475082404743198,18.58662158862031,41.26352710527708,veteran_model,False,,False,2026,False,ACT,1.0,starter,curated,,
00-0037834,Brock Purdy,SF,QB,carries,3.091383571432015,0.9297070781915702,4.998096833913855,veteran_model,False,,False,2026,False,ACT,1.0,starter,curated,,
00-0037834,Brock Purdy,SF,QB,completions,20.99931551138393,13.178064204702967,26.29829473858321,veteran_model,False,,False,2026,False,ACT,1.0,starter,curated,,
00-0037834,Brock Purdy,SF,QB,interceptions,0.710639785910998,0.33633838712685676,1.1260791530904024,veteran_model,False,,False,2026,False,ACT,1.0,starter,curated,,
00-0037834,Brock Purdy,SF,QB,passing_tds,1.5788887120559387,0.9062608172885498,2.108417598507769,veteran_model,False,,False,2026,False,ACT,1.0,starter,curated,,
00-0037834,Brock Purdy,SF,QB,passing_yards,230.74429297808115,142.36436366165788,304.1903303242942,veteran_model,False,,False,2026,False,ACT,1.0,starter,curated,,
00-0037834,Brock Purdy,SF,QB,rushing_tds,0.14538613023671024,0.0,0.390398076711585,veteran_model,False,,False,2026,False,ACT,1.0,starter,curated,,
00-0037834,Brock Purdy,SF,QB,rushing_yards,14.460865944824352,2.1658851997845368,29.94722716540555,veteran_model,False,,False,2026,False,ACT,1.0,starter,curated,,
00-0034855,Baker Mayfield,TB,QB,attempts,29.43303292025415,17.544572104131262,40.22147762078802,veteran_model,False,,False,2026,False,ACT,1.0,starter,curated,,
00-0034855,Baker Mayfield,TB,QB,carries,4.078130835515185,1.91645434227474,5.9848440979970245,veteran_model,False,,False,2026,False,ACT,1.0,starter,curated,,
00-0034855,Baker Mayfield,TB,QB,completions,18.369369257002802,10.548117950321839,23.668348484202085,veteran_model,False,,False,2026,False,ACT,1.0,starter,curated,,
00-0034855,Baker Mayfield,TB,QB,interceptions,0.7845886102600902,0.410287211475949,1.2000279774394946,veteran_model,False,,False,2026,False,ACT,1.0,starter,curated,,
00-0034855,Baker Mayfield,TB,QB,passing_tds,1.2259812090620463,0.5533533142946574,1.7555100955138767,veteran_model,False,,False,2026,False,ACT,1.0,starter,curated,,
00-0034855,Baker Mayfield,TB,QB,passing_yards,196.70525187313606,108.32532255671279,270.1512892193491,veteran_model,False,,False,2026,False,ACT,1.0,starter,curated,,
00-0034855,Baker Mayfield,TB,QB,rushing_tds,0.14838253682010713,0.0,0.39339448329498194,veteran_model,False,,False,2026,False,ACT,1.0,starter,curated,,
00-0034855,Baker Mayfield,TB,QB,rushing_yards,16.64440339004791,4.349422645008094,32.13076461062911,veteran_model,False,,False,2026,False,ACT,1.0,starter,curated,,
00-0035100,Jake Browning,TB,QB,attempts,2.8727060849713513,1.089436962552918,4.4909727900514325,veteran_model,True,,False,2026,True,ACT,,deep_bench,deep_bench_discounted,,
00-0035100,Jake Browning,TB,QB,carries,0.44981815045128,0.12556667646521324,0.7358251398235559,veteran_model,True,,False,2026,True,ACT,,deep_bench,deep_bench_discounted,,
00-0035100,Jake Browning,TB,QB,completions,1.765190201891117,0.5920025058889724,2.5600370859710093,veteran_model,True,,False,2026,True,ACT,,deep_bench,deep_bench_discounted,,
00-0035100,Jake Browning,TB,QB,interceptions,0.09910797312893378,0.04296276331131261,0.16142387820584445,veteran_model,True,,False,2026,True,ACT,,deep_bench,deep_bench_discounted,,
00-0035100,Jake Browning,TB,QB,passing_tds,0.12035844061614498,0.01946425640103665,0.19978777358391955,veteran_model,True,,False,2026,True,ACT,,deep_bench,deep_bench_discounted,,
00-0035100,Jake Browning,TB,QB,passing_yards,18.234681086822928,4.977691689359439,29.25158668875489,veteran_model,True,,False,2026,True,ACT,,deep_bench,deep_bench_discounted,,
00-0035100,Jake Browning,TB,QB,rushing_tds,0.014257817751277612,0.0,0.05100960972250883,veteran_model,True,,False,2026,True,ACT,,deep_bench,deep_bench_discounted,,
00-0035100,Jake Browning,TB,QB,rushing_yards,1.4664156008816402,0.0,3.78936978396882,veteran_model,True,,False,2026,True,ACT,,deep_bench,deep_bench_discounted,,
00-0041251,Jalon Daniels,TB,QB,attempts,0.294225,0.04617,0.5508000000000001,rookie_rule,True,udfa,True,2026,False,,,,rookie_path,0.05,above_median
00-0041251,Jalon Daniels,TB,QB,carries,0.04489875,0.019440000000000002,0.073548,rookie_rule,True,udfa,True,2026,False,,,,rookie_path,0.05,above_median
00-0041251,Jalon Daniels,TB,QB,completions,0.17082,0.028890000000000006,0.302616,rookie_rule,True,udfa,True,2026,False,,,,rookie_path,0.05,above_median
00-0041251,Jalon Daniels,TB,QB,interceptions,0.01098,0.0,0.019440000000000002,rookie_rule,True,udfa,True,2026,False,,,,rookie_path,0.05,above_median
00-0041251,Jalon Daniels,TB,QB,passing_tds,0.007623749999999999,0.0,0.01602,rookie_rule,True,udfa,True,2026,False,,,,rookie_path,0.05,above_median
00-0041251,Jalon Daniels,TB,QB,passing_yards,1.71734625,0.1876500000000001,2.7494640000000006,rookie_rule,True,udfa,True,2026,False,,,,rookie_path,0.05,above_median
00-0041251,Jalon Daniels,TB,QB,rushing_tds,0.0013650000000000001,0.0,0.006012000000000003,rookie_rule,True,udfa,True,2026,False,,,,rookie_path,0.05,above_median
00-0041251,Jalon Daniels,TB,QB,rushing_yards,0.14868,0.007830000000000002,0.34020000000000006,rookie_rule,True,udfa,True,2026,False,,,,rookie_path,0.05,above_median
00-0033869,Mitchell Trubisky,TEN,QB,attempts,4.181728374723506,2.3984592523050727,5.799995079803588,veteran_model,True,,False,2026,True,ACT,,deep_bench,deep_bench_discounted,,
00-0033869,Mitchell Trubisky,TEN,QB,carries,0.3547487219009388,0.030497247914872114,0.6407557112732148,veteran_model,True,,False,2026,True,ACT,,deep_bench,deep_bench_discounted,,
00-0033869,Mitchell Trubisky,TEN,QB,completions,2.3006988688013794,1.1275111727992349,3.095545752881272,veteran_model,True,,False,2026,True,ACT,,deep_bench,deep_bench_discounted,,
00-0033869,Mitchell Trubisky,TEN,QB,interceptions,0.07576212325202024,0.019616913434399055,0.1380780283289309,veteran_model,True,,False,2026,True,ACT,,deep_bench,deep_bench_discounted,,
00-0033869,Mitchell Trubisky,TEN,QB,passing_tds,0.10727613488978066,0.0063819506746723206,0.1867054678575552,veteran_model,True,,False,2026,True,ACT,,deep_bench,deep_bench_discounted,,
00-0033869,Mitchell Trubisky,TEN,QB,passing_yards,22.31101896254959,9.054029565086099,33.32792456448155,veteran_model,True,,False,2026,True,ACT,,deep_bench,deep_bench_discounted,,
00-0033869,Mitchell Trubisky,TEN,QB,rushing_tds,0.014476904707890783,0.0,0.051228696679122,veteran_model,True,,False,2026,True,ACT,,deep_bench,deep_bench_discounted,,
00-0033869,Mitchell Trubisky,TEN,QB,rushing_yards,1.3925412494826583,0.0,3.7154954325698375,veteran_model,True,,False,2026,True,ACT,,deep_bench,deep_bench_discounted,,
00-0040676,Cam Ward,TEN,QB,attempts,26.484179683075684,14.595718866952796,37.27262438360956,veteran_model,False,,False,2026,False,ACT,1.0,starter,curated,,
00-0040676,Cam Ward,TEN,QB,carries,2.941818268170901,0.7801417749304562,4.848531530652741,veteran_model,False,,False,2026,False,ACT,1.0,starter,curated,,
00-0040676,Cam Ward,TEN,QB,completions,16.3544788791329,8.533227572451935,21.65345810633218,veteran_model,False,,False,2026,False,ACT,1.0,starter,curated,,
00-0040676,Cam Ward,TEN,QB,interceptions,0.5315041287628688,0.15720272997872758,0.9469434959422731,veteran_model,False,,False,2026,False,ACT,1.0,starter,curated,,
00-0040676,Cam Ward,TEN,QB,passing_tds,1.0089165460337735,0.3362886512663845,1.5384454324856038,veteran_model,False,,False,2026,False,ACT,1.0,starter,curated,,
00-0040676,Cam Ward,TEN,QB,passing_yards,186.16280964765238,97.78288033122911,259.6088469938654,veteran_model,False,,False,2026,False,ACT,1.0,starter,curated,,
00-0040676,Cam Ward,TEN,QB,rushing_tds,0.19528953156941348,0.020491002141219683,0.44030147804428826,veteran_model,False,,False,2026,False,ACT,1.0,starter,curated,,
00-0040676,Cam Ward,TEN,QB,rushing_yards,12.39824479838011,0.10326405334029509,27.884606018961307,veteran_model,False,,False,2026,False,ACT,1.0,starter,curated,,
00-0032268,Marcus Mariota,WAS,QB,attempts,4.1910210044582605,2.4077518820398276,5.809287709538343,veteran_model,True,,False,2026,False,ACT,,deep_bench,deep_bench_discounted,,
00-0032268,Marcus Mariota,WAS,QB,carries,0.5715672353445939,0.24731576135852718,0.8575742247168698,veteran_model,True,,False,2026,False,ACT,,deep_bench,deep_bench_discounted,,
00-0032268,Marcus Mariota,WAS,QB,completions,2.502063665859344,1.3288759698571992,3.2969105499392364,veteran_model,True,,False,2026,False,ACT,,deep_bench,deep_bench_discounted,,
00-0032268,Marcus Mariota,WAS,QB,interceptions,0.07796126466937027,0.021816054851749086,0.1402771697462809,veteran_model,True,,False,2026,False,ACT,,deep_bench,deep_bench_discounted,,
00-0032268,Marcus Mariota,WAS,QB,passing_tds,0.13132965927999307,0.03043547506488474,0.21075899224776765,veteran_model,True,,False,2026,False,ACT,,deep_bench,deep_bench_discounted,,
00-0032268,Marcus Mariota,WAS,QB,passing_yards,26.13016239682241,12.873172999358918,37.147067998754366,veteran_model,True,,False,2026,False,ACT,,deep_bench,deep_bench_discounted,,
00-0032268,Marcus Mariota,WAS,QB,rushing_tds,0.012624604509881324,0.0,0.049376396481112535,veteran_model,True,,False,2026,False,ACT,,deep_bench,deep_bench_discounted,,
00-0032268,Marcus Mariota,WAS,QB,rushing_yards,2.1063123867389257,0.2620652749829534,4.429266569826105,veteran_model,True,,False,2026,False,ACT,,deep_bench,deep_bench_discounted,,
00-0039910,Jayden Daniels,WAS,QB,attempts,29.281149525588326,17.39268870946544,40.069594226122206,veteran_model,False,,False,2026,False,ACT,1.0,starter,curated,,
00-0039910,Jayden Daniels,WAS,QB,carries,5.726170400224924,3.564493906984479,7.632883662706764,veteran_model,False,,False,2026,False,ACT,1.0,starter,curated,,
00-0039910,Jayden Daniels,WAS,QB,completions,18.555809565399095,10.734558258718131,23.854788792598377,veteran_model,False,,False,2026,False,ACT,1.0,starter,curated,,
00-0039910,Jayden Daniels,WAS,QB,interceptions,0.5495147833414337,0.17521338455729246,0.9649541505208381,veteran_model,False,,False,2026,False,ACT,1.0,starter,curated,,
00-0039910,Jayden Daniels,WAS,QB,passing_tds,1.0628039725137848,0.39017607774639584,1.5923328589656152,veteran_model,False,,False,2026,False,ACT,1.0,starter,curated,,
00-0039910,Jayden Daniels,WAS,QB,passing_yards,184.54480195197772,96.16487263555445,257.9908392981908,veteran_model,False,,False,2026,False,ACT,1.0,starter,curated,,
00-0039910,Jayden Daniels,WAS,QB,rushing_tds,0.15910252509299413,0.0,0.40411447156786895,veteran_model,False,,False,2026,False,ACT,1.0,starter,curated,,
00-0039910,Jayden Daniels,WAS,QB,rushing_yards,23.110590707783683,10.815609962743867,38.59695192836488,veteran_model,False,,False,2026,False,ACT,1.0,starter,curated,,
KAL252591,Athan Kaliakmanis,WAS,QB,attempts,0.283568272005772,0.05700000000000001,0.47606493506493514,rookie_rule,True,drafted,False,2026,False,,,,rookie_path,0.05,no_data
KAL252591,Athan Kaliakmanis,WAS,QB,carries,0.04155997474747475,0.015,0.06471428571428574,rookie_rule,True,drafted,False,2026,False,,,,rookie_path,0.05,no_data
KAL252591,Athan Kaliakmanis,WAS,QB,completions,0.1670204725829726,0.015000000000000001,0.2949375000000001,rookie_rule,True,drafted,False,2026,False,,,,rookie_path,0.05,no_data
KAL252591,Athan Kaliakmanis,WAS,QB,interceptions,0.01099771524771525,0.0,0.018750000000000003,rookie_rule,True,drafted,False,2026,False,,,,rookie_path,0.05,no_data
KAL252591,Athan Kaliakmanis,WAS,QB,passing_tds,0.0082637987012987,0.0,0.019875000000000007,rookie_rule,True,drafted,False,2026,False,,,,rookie_path,0.05,no_data
KAL252591,Athan Kaliakmanis,WAS,QB,passing_yards,1.8413968554593554,0.321,3.2471250000000005,rookie_rule,True,drafted,False,2026,False,,,,rookie_path,0.05,no_data
KAL252591,Athan Kaliakmanis,WAS,QB,rushing_tds,0.002481721981721981,0.0,0.007499999999999999,rookie_rule,True,drafted,False,2026,False,,,,rookie_path,0.05,no_data
KAL252591,Athan Kaliakmanis,WAS,QB,rushing_yards,0.16940873015873018,0.0,0.3751428571428572,rookie_rule,True,drafted,False,2026,False,,,,rookie_path,0.05,no_data
00-0033553,James Conner,ARI,RB,carries,0.8847430443620372,0.33896847650369083,1.4611874716735773,veteran_model,True,,False,2026,False,ACT,,deep_bench,deep_bench_discounted,,
00-0033553,James Conner,ARI,RB,receiving_tds,0.002566771023051847,0.0,0.01922467610763616,veteran_model,True,,False,2026,False,ACT,,deep_bench,deep_bench_discounted,,
00-0033553,James Conner,ARI,RB,receiving_yards,1.584076801167502,0.24657822317424402,2.666025573101498,veteran_model,True,,False,2026,False,ACT,,deep_bench,deep_bench_discounted,,
00-0033553,James Conner,ARI,RB,receptions,0.19866952334105112,0.056741342884257605,0.35588490770893266,veteran_model,True,,False,2026,False,ACT,,deep_bench,deep_bench_discounted,,
00-0033553,James Conner,ARI,RB,rushing_tds,0.01632921342145001,0.0,0.05078256919728774,veteran_model,True,,False,2026,False,ACT,,deep_bench,deep_bench_discounted,,
00-0033553,James Conner,ARI,RB,rushing_yards,3.7540709162655905,1.1732564740779583,6.699725969078982,veteran_model,True,,False,2026,False,ACT,,deep_bench,deep_bench_discounted,,
00-0033553,James Conner,ARI,RB,targets,0.27674194619670484,0.11157335901992457,0.4483295900328071,veteran_model,True,,False,2026,False,ACT,,deep_bench,deep_bench_discounted,,
00-0037157,Bam Knight,ARI,RB,carries,0.9758354295282579,0.43006086166991153,1.5522798568397977,veteran_model,True,,False,2026,False,ACT,,deep_bench,deep_bench_discounted,,
00-0037157,Bam Knight,ARI,RB,receiving_tds,0.010316110846875703,0.0010162942266748935,0.026974015931460014,veteran_model,True,,False,2026,False,ACT,,deep_bench,deep_bench_discounted,,
00-0037157,Bam Knight,ARI,RB,receiving_yards,1.2431327846323244,0.0,2.3250815565663205,veteran_model,True,,False,2026,False,ACT,,deep_bench,deep_bench_discounted,,
00-0037157,Bam Knight,ARI,RB,receptions,0.14972818889741474,0.007800008440621225,0.30694357326529625,veteran_model,True,,False,2026,False,ACT,,deep_bench,deep_bench_discounted,,
00-0037157,Bam Knight,ARI,RB,rushing_tds,0.02016279261589988,0.0,0.05461614839173762,veteran_model,True,,False,2026,False,ACT,,deep_bench,deep_bench_discounted,,
00-0037157,Bam Knight,ARI,RB,rushing_yards,5.1115495216773725,2.53073507948974,8.057204574490765,veteran_model,True,,False,2026,False,ACT,,deep_bench,deep_bench_discounted,,
00-0037157,Bam Knight,ARI,RB,targets,0.20345956121581799,0.03829097403903774,0.3750472050519203,veteran_model,True,,False,2026,False,ACT,,deep_bench,deep_bench_discounted,,
00-0037263,Tyler Allgeier,ARI,RB,carries,12.73009539527741,9.091598276221767,16.57305824402101,veteran_model,False,,False,2026,True,ACT,2.0,committee,curated,,
00-0037263,Tyler Allgeier,ARI,RB,receiving_tds,0.07079033709878324,0.008791559630777837,0.18184303766267865,veteran_model,False,,False,2026,True,ACT,2.0,committee,curated,,
00-0037263,Tyler Allgeier,ARI,RB,receiving_yards,11.906336149300834,2.9896789626791147,19.119327962194145,veteran_model,False,,False,2026,True,ACT,2.0,committee,curated,,
00-0037263,Tyler Allgeier,ARI,RB,receptions,1.8210395008004039,0.8748516310884471,2.8691420632529474,veteran_model,False,,False,2026,True,ACT,2.0,committee,curated,,
00-0037263,Tyler Allgeier,ARI,RB,rushing_tds,0.3672648332123541,0.1447814791858506,0.596953871717939,veteran_model,False,,False,2026,True,ACT,2.0,committee,curated,,
00-0037263,Tyler Allgeier,ARI,RB,rushing_yards,54.957891956802726,37.75246234221851,74.59559230889201,veteran_model,False,,False,2026,True,ACT,2.0,committee,curated,,
00-0037263,Tyler Allgeier,ARI,RB,targets,2.5067802777892787,1.4056563632774104,3.6506979033632945,veteran_model,False,,False,2026,True,ACT,2.0,committee,curated,,
00-0039921,Trey Benson,ARI,RB,carries,0.8724620227284263,0.32668745487007994,1.4489064500399662,veteran_model,True,,False,2026,False,ACT,,deep_bench,deep_bench_discounted,,
00-0039921,Trey Benson,ARI,RB,receiving_tds,0.007242449390563149,0.0,0.023900354475147458,veteran_model,True,,False,2026,False,ACT,,deep_bench,deep_bench_discounted,,
00-0039921,Trey Benson,ARI,RB,receiving_yards,1.4382638452098824,0.10076526721662456,2.5202126171438786,veteran_model,True,,False,2026,False,ACT,,deep_bench,deep_bench_discounted,,
00-0039921,Trey Benson,ARI,RB,receptions,0.19495850929586334,0.05303032883906983,0.35217389366374485,veteran_model,True,,False,2026,False,ACT,,deep_bench,deep_bench_discounted,,
00-0039921,Trey Benson,ARI,RB,rushing_tds,0.01455286899522855,0.0,0.04900622477106628,veteran_model,True,,False,2026,False,ACT,,deep_bench,deep_bench_discounted,,
00-0039921,Trey Benson,ARI,RB,rushing_yards,3.89194393247881,1.3111294902911779,6.837598985292203,veteran_model,True,,False,2026,False,ACT,,deep_bench,deep_bench_discounted,,
00-0039921,Trey Benson,ARI,RB,targets,0.24339497138303734,0.07822638420625709,0.41498261521913965,veteran_model,True,,False,2026,False,ACT,,deep_bench,deep_bench_discounted,,
00-0040556,Corey Kiner,ARI,RB,carries,0.44845198588269924,0.0,1.0248964131942393,veteran_model,True,,False,2026,False,ACT,,deep_bench,deep_bench_discounted,,
00-0040556,Corey Kiner,ARI,RB,receiving_tds,0.002609192966616405,0.0,0.019267098051200714,veteran_model,True,,False,2026,False,ACT,,deep_bench,deep_bench_discounted,,
00-0040556,Corey Kiner,ARI,RB,receiving_yards,0.5553165030539106,0.0,1.6372652749879069,veteran_model,True,,False,2026,False,ACT,,deep_bench,deep_bench_discounted,,
00-0040556,Corey Kiner,ARI,RB,receptions,0.0617944181584599,0.0,0.21900980252634142,veteran_model,True,,False,2026,False,ACT,,deep_bench,deep_bench_discounted,,
00-0040556,Corey Kiner,ARI,RB,rushing_tds,0.004939773445144437,0.0,0.03939312922098217,veteran_model,True,,False,2026,False,ACT,,deep_bench,deep_bench_discounted,,
00-0040556,Corey Kiner,ARI,RB,rushing_yards,1.955588138178139,0.0,4.901243190991532,veteran_model,True,,False,2026,False,ACT,,deep_bench,deep_bench_discounted,,
00-0040556,Corey Kiner,ARI,RB,targets,0.11576000944643162,0.0,0.287347653282534,veteran_model,True,,False,2026,False,ACT,,deep_bench,deep_bench_discounted,,
LOV121782,Jeremiyah Love,ARI,RB,carries,14.564453461025222,8.091537607368648,19.76321524721783,rookie_rule,True,drafted,True,2026,False,,,,rookie_path,,above_median
LOV121782,Jeremiyah Love,ARI,RB,receiving_tds,0.125337961498894,0.0,0.27891277673405945,rookie_rule,True,drafted,True,2026,False,,,,rookie_path,,above_median
LOV121782,Jeremiyah Love,ARI,RB,receiving_yards,22.392512195023265,7.38488484504106,37.4231937030287,rookie_rule,True,drafted,True,2026,False,,,,rookie_path,,above_median
LOV121782,Jeremiyah Love,ARI,RB,receptions,2.9485724604488306,0.8873894212982131,4.761644930635077,rookie_rule,True,drafted,True,2026,False,,,,rookie_path,,above_median
LOV121782,Jeremiyah Love,ARI,RB,rushing_tds,0.45358039788509863,0.176357219653151,0.6758824088065837,rookie_rule,True,drafted,True,2026,False,,,,rookie_path,,above_median
LOV121782,Jeremiyah Love,ARI,RB,rushing_yards,64.92078216483853,38.52255093641003,85.15836341612967,rookie_rule,True,drafted,True,2026,False,,,,rookie_path,,above_median
LOV121782,Jeremiyah Love,ARI,RB,targets,3.9530546025556323,1.1881993946196412,6.604769568640563,rookie_rule,True,drafted,True,2026,False,,,,rookie_path,,above_median
00-0037120,Tyler Goodson,ATL,RB,carries,0.44462994570411213,0.0,1.0210743730156522,veteran_model,True,,False,2026,True,ACT,,deep_bench,deep_bench_discounted,,
00-0037120,Tyler Goodson,ATL,RB,receiving_tds,0.0022187942697003264,0.0,0.018876699354284637,veteran_model,True,,False,2026,True,ACT,,deep_bench,deep_bench_discounted,,
00-0037120,Tyler Goodson,ATL,RB,receiving_yards,0.6131827836948683,0.0,1.6951315556288649,veteran_model,True,,False,2026,True,ACT,,deep_bench,deep_bench_discounted,,
00-0037120,Tyler Goodson,ATL,RB,receptions,0.09289313823638523,0.0,0.25010852260426675,veteran_model,True,,False,2026,True,ACT,,deep_bench,deep_bench_discounted,,
00-0037120,Tyler Goodson,ATL,RB,rushing_tds,0.006539501855007961,0.0,0.040992857630845696,veteran_model,True,,False,2026,True,ACT,,deep_bench,deep_bench_discounted,,
00-0037120,Tyler Goodson,ATL,RB,rushing_yards,1.7078347577391393,0.0,4.653489810552531,veteran_model,True,,False,2026,True,ACT,,deep_bench,deep_bench_discounted,,
00-0037120,Tyler Goodson,ATL,RB,targets,0.07471495942964647,0.0,0.24630260326574882,veteran_model,True,,False,2026,True,ACT,,deep_bench,deep_bench_discounted,,
00-0037746,Brian Robinson,ATL,RB,carries,6.221192852422842,2.5826957333671996,10.064155701166442,veteran_model,False,,False,2026,True,ACT,2.0,backup,curated,,
00-0037746,Brian Robinson,ATL,RB,receiving_tds,0.07505836476438561,0.01305958729638021,0.18611106532828103,veteran_model,False,,False,2026,True,ACT,2.0,backup,curated,,
00-0037746,Brian Robinson,ATL,RB,receiving_yards,8.043964626990153,0.0,15.256956439883464,veteran_model,False,,False,2026,True,ACT,2.0,backup,curated,,
00-0037746,Brian Robinson,ATL,RB,receptions,1.1340986774429398,0.187910807730983,2.182201239895483,veteran_model,False,,False,2026,True,ACT,2.0,backup,curated,,
00-0037746,Brian Robinson,ATL,RB,rushing_tds,0.12243885727436621,0.0,0.3521278957799511,veteran_model,False,,False,2026,True,ACT,2.0,backup,curated,,
00-0037746,Brian Robinson,ATL,RB,rushing_yards,21.512005456077688,4.306575841493473,41.14970580816697,veteran_model,False,,False,2026,True,ACT,2.0,backup,curated,,
00-0037746,Brian Robinson,ATL,RB,targets,1.355433096976705,0.2543091824648367,2.4993507225507203,veteran_model,False,,False,2026,True,ACT,2.0,backup,curated,,
00-0038542,Bijan Robinson,ATL,RB,carries,15.349044630818678,11.710547511763036,19.192007479562278,veteran_model,False,,False,2026,False,ACT,1.0,starter,curated,,
00-0038542,Bijan Robinson,ATL,RB,receiving_tds,0.14713127145443827,0.08513249398643287,0.25818397201833365,veteran_model,False,,False,2026,False,ACT,1.0,starter,curated,,
00-0038542,Bijan Robinson,ATL,RB,receiving_yards,28.470934552587998,19.55427736596628,35.683926365481305,veteran_model,False,,False,2026,False,ACT,1.0,starter,curated,,
00-0038542,Bijan Robinson,ATL,RB,receptions,3.308220085418685,2.362032215706728,4.356322647871228,veteran_model,False,,False,2026,False,ACT,1.0,starter,curated,,
00-0038542,Bijan Robinson,ATL,RB,rushing_tds,0.42676798442890457,0.20428463040240108,0.6564570229344895,veteran_model,False,,False,2026,False,ACT,1.0,starter,curated,,
00-0038542,Bijan Robinson,ATL,RB,rushing_yards,76.65442123045685,59.44899161587263,96.29212158254613,veteran_model,False,,False,2026,False,ACT,1.0,starter,curated,,
00-0038542,Bijan Robinson,ATL,RB,targets,4.2156072582868624,3.114483343774994,5.359524883860878,veteran_model,False,,False,2026,False,ACT,1.0,starter,curated,,
00-0040547,Nate Carter,ATL,RB,carries,0.6109876854211437,0.06521311756279739,1.1874321127326837,veteran_model,True,,False,2026,False,ACT,,deep_bench,deep_bench_discounted,,
00-0040547,Nate Carter,ATL,RB,receiving_tds,0.002523379751602127,0.0,0.019181284836186436,veteran_model,True,,False,2026,False,ACT,,deep_bench,deep_bench_discounted,,
00-0040547,Nate Carter,ATL,RB,receiving_yards,0.7181460937121888,0.0,1.8000948656461855,veteran_model,True,,False,2026,False,ACT,,deep_bench,deep_bench_discounted,,
00-0040547,Nate Carter,ATL,RB,receptions,0.12196102434039943,0.0,0.2791764087082809,veteran_model,True,,False,2026,False,ACT,,deep_bench,deep_bench_discounted,,
00-0040547,Nate Carter,ATL,RB,rushing_tds,0.007480584341037623,0.0,0.04193394011687535,veteran_model,True,,False,2026,False,ACT,,deep_bench,deep_bench_discounted,,
00-0040547,Nate Carter,ATL,RB,rushing_yards,2.2266915318994807,0.0,5.172346584712873,veteran_model,True,,False,2026,False,ACT,,deep_bench,deep_bench_discounted,,
00-0040547,Nate Carter,ATL,RB,targets,0.11901967531579068,0.0,0.290607319151893,veteran_model,True,,False,2026,False,ACT,,deep_bench,deep_bench_discounted,,
00-0041191,Cash Jones,ATL,RB,carries,4.768431302939416,1.0,10.200000000000005,rookie_rule,True,udfa,False,2026,False,,,,rookie_path,,no_data
00-0041191,Cash Jones,ATL,RB,receiving_tds,0.02717801974901366,0.0,0.06416666666666668,rookie_rule,True,udfa,False,2026,False,,,,rookie_path,,no_data
00-0041191,Cash Jones,ATL,RB,receiving_yards,6.800567233832953,0.0,16.6,rookie_rule,True,udfa,False,2026,False,,,,rookie_path,,no_data
00-0041191,Cash Jones,ATL,RB,receptions,0.9315463929054193,0.0,2.0,rookie_rule,True,udfa,False,2026,False,,,,rookie_path,,no_data
00-0041191,Cash Jones,ATL,RB,rushing_tds,0.13696538605260714,0.0,0.3600000000000004,rookie_rule,True,udfa,False,2026,False,,,,rookie_path,,no_data
00-0041191,Cash Jones,ATL,RB,rushing_yards,18.928516974536244,1.5999999999999996,43.44761904761906,rookie_rule,True,udfa,False,2026,False,,,,rookie_path,,no_data
00-0041191,Cash Jones,ATL,RB,targets,1.2312123474902381,0.0,2.576923076923078,rookie_rule,True,udfa,False,2026,False,,,,rookie_path,,no_data
00-0032764,Derrick Henry,BAL,RB,carries,13.643568345237599,10.005071226181956,17.4865311939812,veteran_model,False,,False,2026,False,ACT,1.0,starter,curated,,
00-0032764,Derrick Henry,BAL,RB,receiving_tds,0.04144116416686693,0.0,0.15249386473076235,veteran_model,False,,False,2026,False,ACT,1.0,starter,curated,,
00-0032764,Derrick Henry,BAL,RB,receiving_yards,11.955866814006205,3.0392096273844853,19.168858626899514,veteran_model,False,,False,2026,False,ACT,1.0,starter,curated,,
00-0032764,Derrick Henry,BAL,RB,receptions,1.7796922650557547,0.8335043953437979,2.8277948275082982,veteran_model,False,,False,2026,False,ACT,1.0,starter,curated,,
00-0032764,Derrick Henry,BAL,RB,rushing_tds,0.516907168234627,0.2944238142081235,0.7465962067402119,veteran_model,False,,False,2026,False,ACT,1.0,starter,curated,,
00-0032764,Derrick Henry,BAL,RB,rushing_yards,55.554736847992444,38.349307233408226,75.19243720008173,veteran_model,False,,False,2026,False,ACT,1.0,starter,curated,,
00-0032764,Derrick Henry,BAL,RB,targets,1.9998194812868089,0.8986955667749406,3.1437371068608244,veteran_model,False,,False,2026,False,ACT,1.0,starter,curated,,
00-0034975,Justice Hill,BAL,RB,carries,2.7924344373506402,0.0,6.63539728609424,veteran_model,False,,False,2026,False,ACT,2.0,backup,curated,,
00-0034975,Justice Hill,BAL,RB,receiving_tds,0.022214218135708428,0.0,0.13326691869960383,veteran_model,False,,False,2026,False,ACT,2.0,backup,curated,,
00-0034975,Justice Hill,BAL,RB,receiving_yards,5.16929377014925,0.0,12.38228558304256,veteran_model,False,,False,2026,False,ACT,2.0,backup,curated,,
00-0034975,Justice Hill,BAL,RB,receptions,1.0982618299098021,0.15207396019784536,2.1463643923623454,veteran_model,False,,False,2026,False,ACT,2.0,backup,curated,,
00-0034975,Justice Hill,BAL,RB,rushing_tds,0.0925831730483256,0.0,0.3222722115539105,veteran_model,False,,False,2026,False,ACT,2.0,backup,curated,,
00-0034975,Justice Hill,BAL,RB,rushing_yards,12.762549198512776,0.0,32.400249550602055,veteran_model,False,,False,2026,False,ACT,2.0,backup,curated,,
00-0034975,Justice Hill,BAL,RB,targets,1.1496139035989235,0.04848998908705515,2.293531529172939,veteran_model,False,,False,2026,False,ACT,2.0,backup,curated,,
00-0039796,Rasheen Ali,BAL,RB,carries,0.41057005369289595,0.0,0.9870144810044358,veteran_model,True,,False,2026,False,ACT,,deep_bench,deep_bench_discounted,,
00-0039796,Rasheen Ali,BAL,RB,receiving_tds,0.00508256644723971,0.0,0.02174047153182402,veteran_model,True,,False,2026,False,ACT,,deep_bench,deep_bench_discounted,,
00-0039796,Rasheen Ali,BAL,RB,receiving_yards,0.5164844888255775,0.0,1.5984332607595741,veteran_model,True,,False,2026,False,ACT,,deep_bench,deep_bench_discounted,,
00-0039796,Rasheen Ali,BAL,RB,receptions,0.07612510946200118,0.0,0.23334049382988273,veteran_model,True,,False,2026,False,ACT,,deep_bench,deep_bench_discounted,,
00-0039796,Rasheen Ali,BAL,RB,rushing_tds,0.006474266619827653,0.0,0.04092762239566538,veteran_model,True,,False,2026,False,ACT,,deep_bench,deep_bench_discounted,,
00-0039796,Rasheen Ali,BAL,RB,rushing_yards,1.147285625886427,0.0,4.0929406786998195,veteran_model,True,,False,2026,False,ACT,,deep_bench,deep_bench_discounted,,
00-0039796,Rasheen Ali,BAL,RB,targets,0.09616298272003963,0.0,0.26775062655614196,veteran_model,True,,False,2026,False,ACT,,deep_bench,deep_bench_discounted,,
00-0040984,Dontae McMillan,BAL,RB,carries,1.8213966406369895,0.3819697768350403,3.896091723717413,rookie_rule,True,udfa,False,2026,False,,,,rookie_path,,no_data
00-0040984,Dontae McMillan,BAL,RB,receiving_tds,0.010381182138349068,0.0,0.024509727346915096,rookie_rule,True,udfa,False,2026,False,,,,rookie_path,,no_data
00-0040984,Dontae McMillan,BAL,RB,receiving_yards,2.597611148658861,0.0,6.340698295461671,rookie_rule,True,udfa,False,2026,False,,,,rookie_path,,no_data
00-0040984,Dontae McMillan,BAL,RB,receptions,0.35582256780956983,0.0,0.7639395536700807,rookie_rule,True,udfa,False,2026,False,,,,rookie_path,,no_data
00-0040984,Dontae McMillan,BAL,RB,rushing_tds,0.0523166379446395,0.0,0.1375091196606147,rookie_rule,True,udfa,False,2026,False,,,,rookie_path,,no_data
00-0040984,Dontae McMillan,BAL,RB,rushing_yards,7.230121404581882,0.6111516429360645,16.5956773516329,rookie_rule,True,udfa,False,2026,False,,,,rookie_path,,no_data
00-0040984,Dontae McMillan,BAL,RB,targets,0.4702859056073924,0.0,0.9843067326133738,rookie_rule,True,udfa,False,2026,False,,,,rookie_path,,no_data
00-0040991,Elijah Tau-Tolliver,BAL,RB,carries,1.8213966406369895,0.3819697768350403,3.896091723717413,rookie_rule,True,udfa,False,2026,False,,,,rookie_path,,no_data
00-0040991,Elijah Tau-Tolliver,BAL,RB,receiving_tds,0.010381182138349068,0.0,0.024509727346915096,rookie_rule,True,udfa,False,2026,False,,,,rookie_path,,no_data
00-0040991,Elijah Tau-Tolliver,BAL,RB,receiving_yards,2.597611148658861,0.0,6.340698295461671,rookie_rule,True,udfa,False,2026,False,,,,rookie_path,,no_data
00-0040991,Elijah Tau-Tolliver,BAL,RB,receptions,0.35582256780956983,0.0,0.7639395536700807,rookie_rule,True,udfa,False,2026,False,,,,rookie_path,,no_data
00-0040991,Elijah Tau-Tolliver,BAL,RB,rushing_tds,0.0523166379446395,0.0,0.1375091196606147,rookie_rule,True,udfa,False,2026,False,,,,rookie_path,,no_data
00-0040991,Elijah Tau-Tolliver,BAL,RB,rushing_yards,7.230121404581882,0.6111516429360645,16.5956773516329,rookie_rule,True,udfa,False,2026,False,,,,rookie_path,,no_data
00-0040991,Elijah Tau-Tolliver,BAL,RB,targets,0.4702859056073924,0.0,0.9843067326133738,rookie_rule,True,udfa,False,2026,False,,,,rookie_path,,no_data
RAN022436,Adam Randall,BAL,RB,carries,2.0392007073778635,0.595613284070377,4.046432677466785,rookie_rule,True,drafted,False,2026,False,,,,rookie_path,,above_median
RAN022436,Adam Randall,BAL,RB,receiving_tds,0.016988630491371486,0.0,0.049513870848495574,rookie_rule,True,drafted,False,2026,False,,,,rookie_path,,above_median
RAN022436,Adam Randall,BAL,RB,receiving_yards,2.962806024836063,0.0,6.171849390378007,rookie_rule,True,drafted,False,2026,False,,,,rookie_path,,above_median
RAN022436,Adam Randall,BAL,RB,receptions,0.39732535210915765,0.0,0.8002679375888099,rookie_rule,True,drafted,False,2026,False,,,,rookie_path,,above_median
RAN022436,Adam Randall,BAL,RB,rushing_tds,0.04827326066702006,0.0,0.11604813480116148,rookie_rule,True,drafted,False,2026,False,,,,rookie_path,,above_median
RAN022436,Adam Randall,BAL,RB,rushing_yards,8.016830860619079,1.3517286741639303,17.152523445043208,rookie_rule,True,drafted,False,2026,False,,,,rookie_path,,above_median
RAN022436,Adam Randall,BAL,RB,targets,0.5217124593512945,0.0,1.0722847655627328,rookie_rule,True,drafted,False,2026,False,,,,rookie_path,,above_median
00-0035537,Ty Johnson,BUF,RB,carries,4.2167134090553064,0.5782162899996641,8.059676257798905,veteran_model,False,,False,2026,False,ACT,2.0,backup,curated,,
00-0035537,Ty Johnson,BUF,RB,receiving_tds,0.03150942458418139,0.0,0.1425621251480768,veteran_model,False,,False,2026,False,ACT,2.0,backup,curated,,
00-0035537,Ty Johnson,BUF,RB,receiving_yards,9.948261806495799,1.031604619874079,17.161253619389107,veteran_model,False,,False,2026,False,ACT,2.0,backup,curated,,
00-0035537,Ty Johnson,BUF,RB,receptions,1.593386084208544,0.6471982144965873,2.6414886466610876,veteran_model,False,,False,2026,False,ACT,2.0,backup,curated,,
00-0035537,Ty Johnson,BUF,RB,rushing_tds,0.15097444854796108,0.0,0.38066348705354597,veteran_model,False,,False,2026,False,ACT,2.0,backup,curated,,
00-0035537,Ty Johnson,BUF,RB,rushing_yards,22.053610006574733,4.8481803919905175,41.69131035866401,veteran_model,False,,False,2026,False,ACT,2.0,backup,curated,,
00-0035537,Ty Johnson,BUF,RB,targets,2.044584053416065,0.9434601389041966,3.1885016789900806,veteran_model,False,,False,2026,False,ACT,2.0,backup,curated,,
00-0037248,James Cook,BUF,RB,carries,13.44918309872369,9.810685979668047,17.29214594746729,veteran_model,False,,False,2026,False,ACT,1.0,starter,curated,,
00-0037248,James Cook,BUF,RB,receiving_tds,0.040838465554486864,0.0,0.15189116611838227,veteran_model,False,,False,2026,False,ACT,1.0,starter,curated,,
00-0037248,James Cook,BUF,RB,receiving_yards,14.007828287345975,5.091171100724255,21.220820100239283,veteran_model,False,,False,2026,False,ACT,1.0,starter,curated,,
00-0037248,James Cook,BUF,RB,receptions,2.218504051906501,1.2723161821945443,3.266606614359045,veteran_model,False,,False,2026,False,ACT,1.0,starter,curated,,
00-0037248,James Cook,BUF,RB,rushing_tds,0.4122533392815458,0.1897699852550423,0.6419423777871307,veteran_model,False,,False,2026,False,ACT,1.0,starter,curated,,
00-0037248,James Cook,BUF,RB,rushing_yards,63.955195323402315,46.7497657088181,83.5928956754916,veteran_model,False,,False,2026,False,ACT,1.0,starter,curated,,
00-0037248,James Cook,BUF,RB,targets,2.631514325520842,1.5303904110089737,3.7754319510948573,veteran_model,False,,False,2026,False,ACT,1.0,starter,curated,,
00-0039875,Ray Davis,BUF,RB,carries,0.7563185233268156,0.2105439554684692,1.3327629506383556,veteran_model,True,,False,2026,False,ACT,,deep_bench,deep_bench_discounted,,
00-0039875,Ray Davis,BUF,RB,receiving_tds,0.0066601471953282145,0.0,0.023318052279912523,veteran_model,True,,False,2026,False,ACT,,deep_bench,deep_bench_discounted,,
00-0039875,Ray Davis,BUF,RB,receiving_yards,1.7583621419642277,0.4208635639709697,2.840310913898224,veteran_model,True,,False,2026,False,ACT,,deep_bench,deep_bench_discounted,,
00-0039875,Ray Davis,BUF,RB,receptions,0.22486216167843154,0.08293398122163802,0.3820775460463131,veteran_model,True,,False,2026,False,ACT,,deep_bench,deep_bench_discounted,,
00-0039875,Ray Davis,BUF,RB,rushing_tds,0.01292988419171478,0.0,0.04738323996755251,veteran_model,True,,False,2026,False,ACT,,deep_bench,deep_bench_discounted,,
00-0039875,Ray Davis,BUF,RB,rushing_yards,2.9920208095734835,0.4112063673858511,5.937675862386875,veteran_model,True,,False,2026,False,ACT,,deep_bench,deep_bench_discounted,,
00-0039875,Ray Davis,BUF,RB,targets,0.2678383124879035,0.10266972531112327,0.43942595632400583,veteran_model,True,,False,2026,False,ACT,,deep_bench,deep_bench_discounted,,
00-0041221,Jackson Acker,BUF,RB,carries,1.4305293908818248,0.3,3.060000000000001,rookie_rule,True,udfa,False,2026,False,,,,rookie_path,,no_data
00-0041221,Jackson Acker,BUF,RB,receiving_tds,0.008153405924704099,0.0,0.019250000000000007,rookie_rule,True,udfa,False,2026,False,,,,rookie_path,,no_data
00-0041221,Jackson Acker,BUF,RB,receiving_yards,2.040170170149886,0.0,4.980000000000001,rookie_rule,True,udfa,False,2026,False,,,,rookie_path,,no_data
00-0041221,Jackson Acker,BUF,RB,receptions,0.2794639178716258,0.0,0.6,rookie_rule,True,udfa,False,2026,False,,,,rookie_path,,no_data
00-0041221,Jackson Acker,BUF,RB,rushing_tds,0.04108961581578214,0.0,0.10800000000000011,rookie_rule,True,udfa,False,2026,False,,,,rookie_path,,no_data
00-0041221,Jackson Acker,BUF,RB,rushing_yards,5.678555092360873,0.4799999999999999,13.034285714285717,rookie_rule,True,udfa,False,2026,False,,,,rookie_path,,no_data
00-0041221,Jackson Acker,BUF,RB,targets,0.36936370424707143,0.0,0.7730769230769234,rookie_rule,True,udfa,False,2026,False,,,,rookie_path,,no_data
00-0041273,Desmond Reid,BUF,RB,carries,1.4305293908818248,0.3,3.060000000000001,rookie_rule,True,udfa,False,2026,False,,,,rookie_path,,no_data
00-0041273,Desmond Reid,BUF,RB,receiving_tds,0.008153405924704099,0.0,0.019250000000000007,rookie_rule,True,udfa,False,2026,False,,,,rookie_path,,no_data
00-0041273,Desmond Reid,BUF,RB,receiving_yards,2.040170170149886,0.0,4.980000000000001,rookie_rule,True,udfa,False,2026,False,,,,rookie_path,,no_data
00-0041273,Desmond Reid,BUF,RB,receptions,0.2794639178716258,0.0,0.6,rookie_rule,True,udfa,False,2026,False,,,,rookie_path,,no_data
00-0041273,Desmond Reid,BUF,RB,rushing_tds,0.04108961581578214,0.0,0.10800000000000011,rookie_rule,True,udfa,False,2026,False,,,,rookie_path,,no_data
00-0041273,Desmond Reid,BUF,RB,rushing_yards,5.678555092360873,0.4799999999999999,13.034285714285717,rookie_rule,True,udfa,False,2026,False,,,,rookie_path,,no_data
00-0041273,Desmond Reid,BUF,RB,targets,0.36936370424707143,0.0,0.7730769230769234,rookie_rule,True,udfa,False,2026,False,,,,rookie_path,,no_data
00-0036265,AJ Dillon,CAR,RB,carries,0.5770736797243993,0.03129911186605296,1.1535181070359393,veteran_model,True,,False,2026,True,ACT,,deep_bench,deep_bench_discounted,,
00-0036265,AJ Dillon,CAR,RB,receiving_tds,0.0015582804674441656,0.0,0.018216185552028474,veteran_model,True,,False,2026,True,ACT,,deep_bench,deep_bench_discounted,,
00-0036265,AJ Dillon,CAR,RB,receiving_yards,0.6294961750416953,0.0,1.7114449469756916,veteran_model,True,,False,2026,True,ACT,,deep_bench,deep_bench_discounted,,
00-0036265,AJ Dillon,CAR,RB,receptions,0.1079321053987221,0.0,0.26514748976660363,veteran_model,True,,False,2026,True,ACT,,deep_bench,deep_bench_discounted,,
00-0036265,AJ Dillon,CAR,RB,rushing_tds,0.010101414666441455,0.0,0.044554770442279186,veteran_model,True,,False,2026,True,ACT,,deep_bench,deep_bench_discounted,,
00-0036265,AJ Dillon,CAR,RB,rushing_yards,2.1402819775228337,0.0,5.085937030336226,veteran_model,True,,False,2026,True,ACT,,deep_bench,deep_bench_discounted,,
00-0036265,AJ Dillon,CAR,RB,targets,0.145033999960619,0.0,0.3166216437967213,veteran_model,True,,False,2026,True,ACT,,deep_bench,deep_bench_discounted,,
00-0036555,Chuba Hubbard,CAR,RB,carries,6.872128129251163,3.2336310101955203,10.715090977994763,veteran_model,False,,False,2026,False,ACT,1.0,starter,curated,,
00-0036555,Chuba Hubbard,CAR,RB,receiving_tds,0.04777239018337452,0.0,0.15882509074726991,veteran_model,False,,False,2026,False,ACT,1.0,starter,curated,,
00-0036555,Chuba Hubbard,CAR,RB,receiving_yards,15.075482870844716,6.158825684222997,22.288474683738027,veteran_model,False,,False,2026,False,ACT,1.0,starter,curated,,
00-0036555,Chuba Hubbard,CAR,RB,receptions,2.0855082012735133,1.1393203315615565,3.1336107637260566,veteran_model,False,,False,2026,False,ACT,1.0,starter,curated,,
00-0036555,Chuba Hubbard,CAR,RB,rushing_tds,0.2620016989500583,0.03951834492355483,0.4916907374556432,veteran_model,False,,False,2026,False,ACT,1.0,starter,curated,,
00-0036555,Chuba Hubbard,CAR,RB,rushing_yards,30.598176510899265,13.39274689631505,50.23587686298855,veteran_model,False,,False,2026,False,ACT,1.0,starter,curated,,
00-0036555,Chuba Hubbard,CAR,RB,targets,2.677762259668246,1.5766383451563777,3.8216798852422613,veteran_model,False,,False,2026,False,ACT,1.0,starter,curated,,
00-0040644,Trevor Etienne,CAR,RB,carries,0.48446456024928936,0.0,1.0609089875608293,veteran_model,True,,False,2026,False,ACT,,deep_bench,deep_bench_discounted,,
00-0040644,Trevor Etienne,CAR,RB,receiving_tds,0.0,0.0,0.01665790508458431,veteran_model,True,,False,2026,False,ACT,,deep_bench,deep_bench_discounted,,
00-0040644,Trevor Etienne,CAR,RB,receiving_yards,0.6288959453470682,0.0,1.7108447172810646,veteran_model,True,,False,2026,False,ACT,,deep_bench,deep_bench_discounted,,
00-0040644,Trevor Etienne,CAR,RB,receptions,0.08974903080868367,0.0,0.2469644151765652,veteran_model,True,,False,2026,False,ACT,,deep_bench,deep_bench_discounted,,
00-0040644,Trevor Etienne,CAR,RB,rushing_tds,0.011099584943475961,0.0,0.0455529407193137,veteran_model,True,,False,2026,False,ACT,,deep_bench,deep_bench_discounted,,
00-0040644,Trevor Etienne,CAR,RB,rushing_yards,2.044521812702938,0.0,4.9901768655163306,veteran_model,True,,False,2026,False,ACT,,deep_bench,deep_bench_discounted,,
00-0040644,Trevor Etienne,CAR,RB,targets,0.12965717952251155,0.0,0.30124482335861386,veteran_model,True,,False,2026,False,ACT,,deep_bench,deep_bench_discounted,,
00-0041485,Miles Davis,CAR,RB,carries,4.768431302939416,1.0,10.200000000000005,rookie_rule,True,udfa,False,2026,False,,,,rookie_path,,no_data
00-0041485,Miles Davis,CAR,RB,receiving_tds,0.02717801974901366,0.0,0.06416666666666668,rookie_rule,True,udfa,False,2026,False,,,,rookie_path,,no_data
00-0041485,Miles Davis,CAR,RB,receiving_yards,6.800567233832953,0.0,16.6,rookie_rule,True,udfa,False,2026,False,,,,rookie_path,,no_data
00-0041485,Miles Davis,CAR,RB,receptions,0.9315463929054193,0.0,2.0,rookie_rule,True,udfa,False,2026,False,,,,rookie_path,,no_data
00-0041485,Miles Davis,CAR,RB,rushing_tds,0.13696538605260714,0.0,0.3600000000000004,rookie_rule,True,udfa,False,2026,False,,,,rookie_path,,no_data
00-0041485,Miles Davis,CAR,RB,rushing_yards,18.928516974536244,1.5999999999999996,43.44761904761906,rookie_rule,True,udfa,False,2026,False,,,,rookie_path,,no_data
00-0041485,Miles Davis,CAR,RB,targets,1.2312123474902381,0.0,2.576923076923078,rookie_rule,True,udfa,False,2026,False,,,,rookie_path,,no_data
00-0036275,D'Andre Swift,CHI,RB,carries,12.582193102661112,8.943695983605469,16.42515595140471,veteran_model,False,,False,2026,False,ACT,1.0,starter,curated,,
00-0036275,D'Andre Swift,CHI,RB,receiving_tds,0.04693619443324427,0.0,0.15798889499713967,veteran_model,False,,False,2026,False,ACT,1.0,starter,curated,,
00-0036275,D'Andre Swift,CHI,RB,receiving_yards,13.50823440599053,4.59157721936881,20.72122621888384,veteran_model,False,,False,2026,False,ACT,1.0,starter,curated,,
00-0036275,D'Andre Swift,CHI,RB,receptions,2.112332582334568,1.1661447126226112,3.1604351447871117,veteran_model,False,,False,2026,False,ACT,1.0,starter,curated,,
00-0036275,D'Andre Swift,CHI,RB,rushing_tds,0.40352263446934006,0.18103928044283657,0.633211672974925,veteran_model,False,,False,2026,False,ACT,1.0,starter,curated,,
00-0036275,D'Andre Swift,CHI,RB,rushing_yards,60.81786149633481,43.612431881750595,80.45556184842408,veteran_model,False,,False,2026,False,ACT,1.0,starter,curated,,
00-0036275,D'Andre Swift,CHI,RB,targets,2.385690934705571,1.2845670201937027,3.529608560279587,veteran_model,False,,False,2026,False,ACT,1.0,starter,curated,,
00-0037329,Brittain Brown,CHI,RB,carries,0.4302605686919157,0.0,1.0067049960034558,veteran_model,True,,False,2026,False,ACT,,deep_bench,deep_bench_discounted,,
00-0037329,Brittain Brown,CHI,RB,receiving_tds,0.00256325383018243,0.0,0.01922115891476674,veteran_model,True,,False,2026,False,ACT,,deep_bench,deep_bench_discounted,,
00-0037329,Brittain Brown,CHI,RB,receiving_yards,0.42728877721008685,0.0,1.509237549144083,veteran_model,True,,False,2026,False,ACT,,deep_bench,deep_bench_discounted,,
00-0037329,Brittain Brown,CHI,RB,receptions,0.09793051015566998,0.0,0.2551458945235515,veteran_model,True,,False,2026,False,ACT,,deep_bench,deep_bench_discounted,,
00-0037329,Brittain Brown,CHI,RB,rushing_tds,0.006263489191812855,0.0,0.040716844967650594,veteran_model,True,,False,2026,False,ACT,,deep_bench,deep_bench_discounted,,
00-0037329,Brittain Brown,CHI,RB,rushing_yards,1.8784840222832033,0.0,4.824139075096595,veteran_model,True,,False,2026,False,ACT,,deep_bench,deep_bench_discounted,,
00-0037329,Brittain Brown,CHI,RB,targets,0.12394724435092774,0.0,0.29553488818703005,veteran_model,True,,False,2026,False,ACT,,deep_bench,deep_bench_discounted,,
00-0039021,Roschon Johnson,CHI,RB,carries,0.5409379362567542,0.0,1.1173823635682942,veteran_model,True,,False,2026,False,ACT,,deep_bench,deep_bench_discounted,,
00-0039021,Roschon Johnson,CHI,RB,receiving_tds,0.0028678393120842314,0.0,0.01952574439666854,veteran_model,True,,False,2026,False,ACT,,deep_bench,deep_bench_discounted,,
00-0039021,Roschon Johnson,CHI,RB,receiving_yards,0.42728877721008685,0.0,1.509237549144083,veteran_model,True,,False,2026,False,ACT,,deep_bench,deep_bench_discounted,,
00-0039021,Roschon Johnson,CHI,RB,receptions,0.09793051015566998,0.0,0.2551458945235515,veteran_model,True,,False,2026,False,ACT,,deep_bench,deep_bench_discounted,,
00-0039021,Roschon Johnson,CHI,RB,rushing_tds,0.006263489191812855,0.0,0.040716844967650594,veteran_model,True,,False,2026,False,ACT,,deep_bench,deep_bench_discounted,,
00-0039021,Roschon Johnson,CHI,RB,rushing_yards,2.3630423035339696,0.0,5.308697356347362,veteran_model,True,,False,2026,False,ACT,,deep_bench,deep_bench_discounted,,
00-0039021,Roschon Johnson,CHI,RB,targets,0.12394724435092774,0.0,0.29553488818703005,veteran_model,True,,False,2026,False,ACT,,deep_bench,deep_bench_discounted,,
00-0040236,Kyle Monangai,CHI,RB,carries,7.409063100004878,3.7705659809492356,11.252025948748479,veteran_model,False,,False,2026,False,ACT,2.0,committee,curated,,
00-0040236,Kyle Monangai,CHI,RB,receiving_tds,0.029853974535313924,0.0,0.14090667509920934,veteran_model,False,,False,2026,False,ACT,2.0,committee,curated,,
00-0040236,Kyle Monangai,CHI,RB,receiving_yards,5.8351849622343455,0.0,13.048176775127654,veteran_model,False,,False,2026,False,ACT,2.0,committee,curated,,
00-0040236,Kyle Monangai,CHI,RB,receptions,1.0230531555658355,0.07686528585387875,2.071155718018379,veteran_model,False,,False,2026,False,ACT,2.0,committee,curated,,
00-0040236,Kyle Monangai,CHI,RB,rushing_tds,0.2379389493040849,0.015455595277581419,0.4676279878096698,veteran_model,False,,False,2026,False,ACT,2.0,committee,curated,,
00-0040236,Kyle Monangai,CHI,RB,rushing_yards,34.55244619158396,17.347016576999746,54.190146543673244,veteran_model,False,,False,2026,False,ACT,2.0,committee,curated,,
00-0040236,Kyle Monangai,CHI,RB,targets,1.4376095812206797,0.3364856667088114,2.5815272067946955,veteran_model,False,,False,2026,False,ACT,2.0,committee,curated,,
00-0041165,Coleman Bennett,CHI,RB,carries,1.4305293908818248,0.3,3.060000000000001,rookie_rule,True,udfa,False,2026,False,,,,rookie_path,,no_data
00-0041165,Coleman Bennett,CHI,RB,receiving_tds,0.008153405924704099,0.0,0.019250000000000007,rookie_rule,True,udfa,False,2026,False,,,,rookie_path,,no_data
00-0041165,Coleman Bennett,CHI,RB,receiving_yards,2.040170170149886,0.0,4.980000000000001,rookie_rule,True,udfa,False,2026,False,,,,rookie_path,,no_data
00-0041165,Coleman Bennett,CHI,RB,receptions,0.2794639178716258,0.0,0.6,rookie_rule,True,udfa,False,2026,False,,,,rookie_path,,no_data
00-0041165,Coleman Bennett,CHI,RB,rushing_tds,0.04108961581578214,0.0,0.10800000000000011,rookie_rule,True,udfa,False,2026,False,,,,rookie_path,,no_data
00-0041165,Coleman Bennett,CHI,RB,rushing_yards,5.678555092360873,0.4799999999999999,13.034285714285717,rookie_rule,True,udfa,False,2026,False,,,,rookie_path,,no_data
00-0041165,Coleman Bennett,CHI,RB,targets,0.36936370424707143,0.0,0.7730769230769234,rookie_rule,True,udfa,False,2026,False,,,,rookie_path,,no_data
00-0033526,Samaje Perine,CIN,RB,carries,7.527510551575906,3.889013432520264,11.370473400319506,veteran_model,False,,False,2026,False,ACT,2.0,backup,curated,,
00-0033526,Samaje Perine,CIN,RB,receiving_tds,0.029788099044170627,0.0,0.14084079960806603,veteran_model,False,,False,2026,False,ACT,2.0,backup,curated,,
00-0033526,Samaje Perine,CIN,RB,receiving_yards,7.307820493838238,0.0,14.520812306731548,veteran_model,False,,False,2026,False,ACT,2.0,backup,curated,,
00-0033526,Samaje Perine,CIN,RB,receptions,0.8547152740826093,0.0,1.902817836535153,veteran_model,False,,False,2026,False,ACT,2.0,backup,curated,,
00-0033526,Samaje Perine,CIN,RB,rushing_tds,0.23851159138092567,0.016028237354422187,0.46820062988651057,veteran_model,False,,False,2026,False,ACT,2.0,backup,curated,,
00-0033526,Samaje Perine,CIN,RB,rushing_yards,29.359978471372212,12.154548856787997,48.9976788234615,veteran_model,False,,False,2026,False,ACT,2.0,backup,curated,,
00-0033526,Samaje Perine,CIN,RB,targets,1.1735653547782479,0.07244144026637955,2.3174829803522634,veteran_model,False,,False,2026,False,ACT,2.0,backup,curated,,
00-0038597,Chase Brown,CIN,RB,carries,12.978708464314673,9.34021134525903,16.821671313058275,veteran_model,False,,False,2026,False,ACT,1.0,starter,curated,,
00-0038597,Chase Brown,CIN,RB,receiving_tds,0.13174217885193348,0.06974340138392808,0.2427948794158289,veteran_model,False,,False,2026,False,ACT,1.0,starter,curated,,
00-0038597,Chase Brown,CIN,RB,receiving_yards,28.097971253780287,19.181314067158567,35.310963066673594,veteran_model,False,,False,2026,False,ACT,1.0,starter,curated,,
00-0038597,Chase Brown,CIN,RB,receptions,3.421341693267275,2.4751538235553183,4.469444255719819,veteran_model,False,,False,2026,False,ACT,1.0,starter,curated,,
00-0038597,Chase Brown,CIN,RB,rushing_tds,0.4306054779715519,0.20812212394504842,0.6602945164771368,veteran_model,False,,False,2026,False,ACT,1.0,starter,curated,,
00-0038597,Chase Brown,CIN,RB,rushing_yards,56.94299061408463,39.73756099950042,76.5806909661739,veteran_model,False,,False,2026,False,ACT,1.0,starter,curated,,
00-0038597,Chase Brown,CIN,RB,targets,4.561975202575165,3.4608512880632967,5.705892828149181,veteran_model,False,,False,2026,False,ACT,1.0,starter,curated,,
00-0039266,Kendall Milton,CIN,RB,carries,0.7403735952697169,0.19459902741137058,1.316818022581257,veteran_model,True,,False,2026,False,ACT,,deep_bench,deep_bench_discounted,,
00-0039266,Kendall Milton,CIN,RB,receiving_tds,0.0012475156079456327,0.0,0.01790542069252994,veteran_model,True,,False,2026,False,ACT,,deep_bench,deep_bench_discounted,,
00-0039266,Kendall Milton,CIN,RB,receiving_yards,0.7254490065392267,0.0,1.807397778473223,veteran_model,True,,False,2026,False,ACT,,deep_bench,deep_bench_discounted,,
00-0039266,Kendall Milton,CIN,RB,receptions,0.08552910638591839,0.0,0.24274449075379992,veteran_model,True,,False,2026,False,ACT,,deep_bench,deep_bench_discounted,,
00-0039266,Kendall Milton,CIN,RB,rushing_tds,0.012227053505308767,0.0,0.0466804092811465,veteran_model,True,,False,2026,False,ACT,,deep_bench,deep_bench_discounted,,
00-0039266,Kendall Milton,CIN,RB,rushing_yards,2.992820795580409,0.41200635339277714,5.938475848393802,veteran_model,True,,False,2026,False,ACT,,deep_bench,deep_bench_discounted,,
00-0039266,Kendall Milton,CIN,RB,targets,0.0983298951022845,0.0,0.2699175389383868,veteran_model,True,,False,2026,False,ACT,,deep_bench,deep_bench_discounted,,
00-0040208,Tahj Brooks,CIN,RB,carries,0.5905971107154775,0.044822542857131116,1.1670415380270174,veteran_model,True,,False,2026,False,ACT,,deep_bench,deep_bench_discounted,,
00-0040208,Tahj Brooks,CIN,RB,receiving_tds,0.001176857929252184,0.0,0.017834763013836494,veteran_model,True,,False,2026,False,ACT,,deep_bench,deep_bench_discounted,,
00-0040208,Tahj Brooks,CIN,RB,receiving_yards,0.8170089826906716,0.0,1.898957754624668,veteran_model,True,,False,2026,False,ACT,,deep_bench,deep_bench_discounted,,
00-0040208,Tahj Brooks,CIN,RB,receptions,0.0805161133619128,0.0,0.2377314977297943,veteran_model,True,,False,2026,False,ACT,,deep_bench,deep_bench_discounted,,
00-0040208,Tahj Brooks,CIN,RB,rushing_tds,0.011280667978258423,0.0,0.04573402375409616,veteran_model,True,,False,2026,False,ACT,,deep_bench,deep_bench_discounted,,
00-0040208,Tahj Brooks,CIN,RB,rushing_yards,2.55883482189834,0.0,5.504489874711732,veteran_model,True,,False,2026,False,ACT,,deep_bench,deep_bench_discounted,,
00-0040208,Tahj Brooks,CIN,RB,targets,0.10997251471399945,0.0,0.28156015855010175,veteran_model,True,,False,2026,False,ACT,,deep_bench,deep_bench_discounted,,
00-0041241,Kentrel Bullock,CIN,RB,carries,1.4305293908818248,0.3,3.060000000000001,rookie_rule,True,udfa,False,2026,False,,,,rookie_path,,no_data
00-0041241,Kentrel Bullock,CIN,RB,receiving_tds,0.008153405924704099,0.0,0.019250000000000007,rookie_rule,True,udfa,False,2026,False,,,,rookie_path,,no_data
00-0041241,Kentrel Bullock,CIN,RB,receiving_yards,2.040170170149886,0.0,4.980000000000001,rookie_rule,True,udfa,False,2026,False,,,,rookie_path,,no_data
00-0041241,Kentrel Bullock,CIN,RB,receptions,0.2794639178716258,0.0,0.6,rookie_rule,True,udfa,False,2026,False,,,,rookie_path,,no_data
00-0041241,Kentrel Bullock,CIN,RB,rushing_tds,0.04108961581578214,0.0,0.10800000000000011,rookie_rule,True,udfa,False,2026,False,,,,rookie_path,,no_data
00-0041241,Kentrel Bullock,CIN,RB,rushing_yards,5.678555092360873,0.4799999999999999,13.034285714285717,rookie_rule,True,udfa,False,2026,False,,,,rookie_path,,no_data
00-0041241,Kentrel Bullock,CIN,RB,targets,0.36936370424707143,0.0,0.7730769230769234,rookie_rule,True,udfa,False,2026,False,,,,rookie_path,,no_data
00-0041244,Jamal Haynes,CIN,RB,carries,1.4305293908818248,0.3,3.060000000000001,rookie_rule,True,udfa,False,2026,False,,,,rookie_path,,no_data
00-0041244,Jamal Haynes,CIN,RB,receiving_tds,0.008153405924704099,0.0,0.019250000000000007,rookie_rule,True,udfa,False,2026,False,,,,rookie_path,,no_data
00-0041244,Jamal Haynes,CIN,RB,receiving_yards,2.040170170149886,0.0,4.980000000000001,rookie_rule,True,udfa,False,2026,False,,,,rookie_path,,no_data
00-0041244,Jamal Haynes,CIN,RB,receptions,0.2794639178716258,0.0,0.6,rookie_rule,True,udfa,False,2026,False,,,,rookie_path,,no_data
00-0041244,Jamal Haynes,CIN,RB,rushing_tds,0.04108961581578214,0.0,0.10800000000000011,rookie_rule,True,udfa,False,2026,False,,,,rookie_path,,no_data
00-0041244,Jamal Haynes,CIN,RB,rushing_yards,5.678555092360873,0.4799999999999999,13.034285714285717,rookie_rule,True,udfa,False,2026,False,,,,rookie_path,,no_data
00-0041244,Jamal Haynes,CIN,RB,targets,0.36936370424707143,0.0,0.7730769230769234,rookie_rule,True,udfa,False,2026,False,,,,rookie_path,,no_data
00-0035291,Trayveon Williams,CLE,RB,carries,0.4028448380576162,0.0,0.9792892653691562,veteran_model,True,,False,2026,False,,,deep_bench,deep_bench_discounted,,
00-0035291,Trayveon Williams,CLE,RB,receiving_tds,0.0025708346097212476,0.0,0.019228739694305556,veteran_model,True,,False,2026,False,,,deep_bench,deep_bench_discounted,,
00-0035291,Trayveon Williams,CLE,RB,receiving_yards,0.7129027981707546,0.0,1.7948515701047512,veteran_model,True,,False,2026,False,,,deep_bench,deep_bench_discounted,,
00-0035291,Trayveon Williams,CLE,RB,receptions,0.13609701956514214,0.0,0.29331240393302366,veteran_model,True,,False,2026,False,,,deep_bench,deep_bench_discounted,,
00-0035291,Trayveon Williams,CLE,RB,rushing_tds,0.0059679646381218645,0.0,0.0404213204139596,veteran_model,True,,False,2026,False,,,deep_bench,deep_bench_discounted,,
00-0035291,Trayveon Williams,CLE,RB,rushing_yards,1.7861309351610772,0.0,4.73178598797447,veteran_model,True,,False,2026,False,,,deep_bench,deep_bench_discounted,,
00-0035291,Trayveon Williams,CLE,RB,targets,0.17687866935892002,0.011710082182139769,0.34846631319502236,veteran_model,True,,False,2026,False,,,deep_bench,deep_bench_discounted,,
00-0040162,Dylan Sampson,CLE,RB,carries,4.5523007698543365,0.9138036507986942,8.395263618597937,veteran_model,False,,False,2026,False,ACT,2.0,committee,curated,,
00-0040162,Dylan Sampson,CLE,RB,receiving_tds,0.04599516074130833,0.0,0.15704786130520373,veteran_model,False,,False,2026,False,ACT,2.0,committee,curated,,
00-0040162,Dylan Sampson,CLE,RB,receiving_yards,11.613374304639635,2.696717118017915,18.826366117532945,veteran_model,False,,False,2026,False,ACT,2.0,committee,curated,,
00-0040162,Dylan Sampson,CLE,RB,receptions,1.3446426959356348,0.398454826223678,2.392745258388178,veteran_model,False,,False,2026,False,ACT,2.0,committee,curated,,
00-0040162,Dylan Sampson,CLE,RB,rushing_tds,0.11571904156222944,0.0,0.3454080800678143,veteran_model,False,,False,2026,False,ACT,2.0,committee,curated,,
00-0040162,Dylan Sampson,CLE,RB,rushing_yards,17.69134608617438,0.4859164715901656,37.32904643826366,veteran_model,False,,False,2026,False,ACT,2.0,committee,curated,,
00-0040162,Dylan Sampson,CLE,RB,targets,1.8881564202478274,0.7870325057359591,3.032074045821843,veteran_model,False,,False,2026,False,ACT,2.0,committee,curated,,
00-0040466,Raheim Sanders,CLE,RB,carries,0.4800729514076444,0.0,1.0565173787191844,veteran_model,True,,False,2026,False,ACT,,deep_bench,deep_bench_discounted,,
00-0040466,Raheim Sanders,CLE,RB,receiving_tds,0.0,0.0,0.01665790508458431,veteran_model,True,,False,2026,False,ACT,,deep_bench,deep_bench_discounted,,
00-0040466,Raheim Sanders,CLE,RB,receiving_yards,0.662228207603241,0.0,1.7441769795372373,veteran_model,True,,False,2026,False,ACT,,deep_bench,deep_bench_discounted,,
00-0040466,Raheim Sanders,CLE,RB,receptions,0.07335756594944612,0.0,0.2305729503173276,veteran_model,True,,False,2026,False,ACT,,deep_bench,deep_bench_discounted,,
00-0040466,Raheim Sanders,CLE,RB,rushing_tds,0.018379218955846457,0.0,0.05283257473168419,veteran_model,True,,False,2026,False,ACT,,deep_bench,deep_bench_discounted,,
00-0040466,Raheim Sanders,CLE,RB,rushing_yards,2.2150965959154583,0.0,5.1607516487288505,veteran_model,True,,False,2026,False,ACT,,deep_bench,deep_bench_discounted,,
00-0040466,Raheim Sanders,CLE,RB,targets,0.0874020456054331,0.0,0.25898968944153544,veteran_model,True,,False,2026,False,ACT,,deep_bench,deep_bench_discounted,,
00-0040784,Quinshon Judkins,CLE,RB,carries,10.488221479689638,6.849724360633996,14.331184328433238,veteran_model,False,,False,2026,False,ACT,1.0,starter,curated,,
00-0040784,Quinshon Judkins,CLE,RB,receiving_tds,0.012274027864424473,0.0,0.12332672842831988,veteran_model,False,,False,2026,False,ACT,1.0,starter,curated,,
00-0040784,Quinshon Judkins,CLE,RB,receiving_yards,9.719688275498346,0.8030310888766259,16.932680088391656,veteran_model,False,,False,2026,False,ACT,1.0,starter,curated,,
00-0040784,Quinshon Judkins,CLE,RB,receptions,1.48019193742337,0.5340040677114133,2.528294499875914,veteran_model,False,,False,2026,False,ACT,1.0,starter,curated,,
00-0040784,Quinshon Judkins,CLE,RB,rushing_tds,0.2924937612830166,0.07001040725651309,0.5221827997886015,veteran_model,False,,False,2026,False,ACT,1.0,starter,curated,,
00-0040784,Quinshon Judkins,CLE,RB,rushing_yards,41.30326359137267,24.097833976788454,60.94096394346195,veteran_model,False,,False,2026,False,ACT,1.0,starter,curated,,
00-0040784,Quinshon Judkins,CLE,RB,targets,1.8301704595540806,0.7290465450422123,2.974088085128096,veteran_model,False,,False,2026,False,ACT,1.0,starter,curated,,
00-0041277,Davon Booth,CLE,RB,carries,1.4305293908818248,0.3,3.060000000000001,rookie_rule,True,udfa,False,2026,False,,,,rookie_path,,no_data
00-0041277,Davon Booth,CLE,RB,receiving_tds,0.008153405924704099,0.0,0.019250000000000007,rookie_rule,True,udfa,False,2026,False,,,,rookie_path,,no_data
00-0041277,Davon Booth,CLE,RB,receiving_yards,2.040170170149886,0.0,4.980000000000001,rookie_rule,True,udfa,False,2026,False,,,,rookie_path,,no_data
00-0041277,Davon Booth,CLE,RB,receptions,0.2794639178716258,0.0,0.6,rookie_rule,True,udfa,False,2026,False,,,,rookie_path,,no_data
00-0041277,Davon Booth,CLE,RB,rushing_tds,0.04108961581578214,0.0,0.10800000000000011,rookie_rule,True,udfa,False,2026,False,,,,rookie_path,,no_data
00-0041277,Davon Booth,CLE,RB,rushing_yards,5.678555092360873,0.4799999999999999,13.034285714285717,rookie_rule,True,udfa,False,2026,False,,,,rookie_path,,no_data
00-0041277,Davon Booth,CLE,RB,targets,0.36936370424707143,0.0,0.7730769230769234,rookie_rule,True,udfa,False,2026,False,,,,rookie_path,,no_data
00-0041281,TJ Harden,CLE,RB,carries,1.4305293908818248,0.3,3.060000000000001,rookie_rule,True,udfa,False,2026,False,,,,rookie_path,,no_data
00-0041281,TJ Harden,CLE,RB,receiving_tds,0.008153405924704099,0.0,0.019250000000000007,rookie_rule,True,udfa,False,2026,False,,,,rookie_path,,no_data
00-0041281,TJ Harden,CLE,RB,receiving_yards,2.040170170149886,0.0,4.980000000000001,rookie_rule,True,udfa,False,2026,False,,,,rookie_path,,no_data
00-0041281,TJ Harden,CLE,RB,receptions,0.2794639178716258,0.0,0.6,rookie_rule,True,udfa,False,2026,False,,,,rookie_path,,no_data
00-0041281,TJ Harden,CLE,RB,rushing_tds,0.04108961581578214,0.0,0.10800000000000011,rookie_rule,True,udfa,False,2026,False,,,,rookie_path,,no_data
00-0041281,TJ Harden,CLE,RB,rushing_yards,5.678555092360873,0.4799999999999999,13.034285714285717,rookie_rule,True,udfa,False,2026,False,,,,rookie_path,,no_data
00-0041281,TJ Harden,CLE,RB,targets,0.36936370424707143,0.0,0.7730769230769234,rookie_rule,True,udfa,False,2026,False,,,,rookie_path,,no_data
00-0035243,Miles Sanders,DAL,RB,carries,0.6046790246870428,0.058904456828696466,1.1811234519985827,veteran_model,True,,False,2026,False,,,deep_bench,deep_bench_discounted,,
00-0035243,Miles Sanders,DAL,RB,receiving_tds,0.003076830599137736,0.0,0.019734735683722048,veteran_model,True,,False,2026,False,,,deep_bench,deep_bench_discounted,,
00-0035243,Miles Sanders,DAL,RB,receiving_yards,0.9979707485991979,0.0,2.079919520533194,veteran_model,True,,False,2026,False,,,deep_bench,deep_bench_discounted,,
00-0035243,Miles Sanders,DAL,RB,receptions,0.11243580906692056,0.0,0.2696511934348021,veteran_model,True,,False,2026,False,,,deep_bench,deep_bench_discounted,,
00-0035243,Miles Sanders,DAL,RB,rushing_tds,0.017495127724104994,0.0,0.05194848349994272,veteran_model,True,,False,2026,False,,,deep_bench,deep_bench_discounted,,
00-0035243,Miles Sanders,DAL,RB,rushing_yards,2.455716453969317,0.0,5.40137150678271,veteran_model,True,,False,2026,False,,,deep_bench,deep_bench_discounted,,
00-0035243,Miles Sanders,DAL,RB,targets,0.16518498674378265,1.6399567002423064e-05,0.336772630579885,veteran_model,True,,False,2026,False,,,deep_bench,deep_bench_discounted,,
00-0036997,Javonte Williams,DAL,RB,carries,13.645942928925175,10.007445809869532,17.488905777668776,veteran_model,False,,False,2026,False,ACT,1.0,starter,curated,,
00-0036997,Javonte Williams,DAL,RB,receiving_tds,0.059772990842261904,0.0,0.1708256914061573,veteran_model,False,,False,2026,False,ACT,1.0,starter,curated,,
00-0036997,Javonte Williams,DAL,RB,receiving_yards,18.54218918925521,9.625532002633491,25.75518100214852,veteran_model,False,,False,2026,False,ACT,1.0,starter,curated,,
00-0036997,Javonte Williams,DAL,RB,receptions,2.3802780438738202,1.4340901741618635,3.428380606326364,veteran_model,False,,False,2026,False,ACT,1.0,starter,curated,,
00-0036997,Javonte Williams,DAL,RB,rushing_tds,0.38403135977780495,0.16154800575130146,0.6137203982833899,veteran_model,False,,False,2026,False,ACT,1.0,starter,curated,,
00-0036997,Javonte Williams,DAL,RB,rushing_yards,57.01451433125438,39.80908471667017,76.65221468334366,veteran_model,False,,False,2026,False,ACT,1.0,starter,curated,,
00-0036997,Javonte Williams,DAL,RB,targets,2.89013221693086,1.7890083024189916,4.034049842504875,veteran_model,False,,False,2026,False,ACT,1.0,starter,curated,,
00-0037563,Malik Davis,DAL,RB,carries,0.8091513803380911,0.26337681247974476,1.385595807649631,veteran_model,True,,False,2026,False,ACT,,deep_bench,deep_bench_discounted,,
00-0037563,Malik Davis,DAL,RB,receiving_tds,0.003870406705551576,0.0,0.020528311790135888,veteran_model,True,,False,2026,False,ACT,,deep_bench,deep_bench_discounted,,
00-0037563,Malik Davis,DAL,RB,receiving_yards,0.9463801456732455,0.0,2.028328917607242,veteran_model,True,,False,2026,False,ACT,,deep_bench,deep_bench_discounted,,
00-0037563,Malik Davis,DAL,RB,receptions,0.1272792066684721,0.0,0.2844945910363536,veteran_model,True,,False,2026,False,ACT,,deep_bench,deep_bench_discounted,,
00-0037563,Malik Davis,DAL,RB,rushing_tds,0.021304957733274472,0.0,0.05575831350911221,veteran_model,True,,False,2026,False,ACT,,deep_bench,deep_bench_discounted,,
00-0037563,Malik Davis,DAL,RB,rushing_yards,3.520343304449732,0.9395288622621001,6.465998357263125,veteran_model,True,,False,2026,False,ACT,,deep_bench,deep_bench_discounted,,
00-0037563,Malik Davis,DAL,RB,targets,0.16454512207305202,0.0,0.3361327659091543,veteran_model,True,,False,2026,False,ACT,,deep_bench,deep_bench_discounted,,
00-0038738,Hunter Luepke,DAL,RB,carries,0.5331464180865175,0.0,1.1095908453980574,veteran_model,True,,False,2026,False,ACT,,deep_bench,deep_bench_discounted,,
00-0038738,Hunter Luepke,DAL,RB,receiving_tds,0.012262844833972041,0.0029630282137712315,0.02892074991855635,veteran_model,True,,False,2026,False,ACT,,deep_bench,deep_bench_discounted,,
00-0038738,Hunter Luepke,DAL,RB,receiving_yards,1.201348576011881,0.0,2.283297347945877,veteran_model,True,,False,2026,False,ACT,,deep_bench,deep_bench_discounted,,
00-0038738,Hunter Luepke,DAL,RB,receptions,0.20854567337037344,0.06661749291357992,0.3657610577382549,veteran_model,True,,False,2026,False,ACT,,deep_bench,deep_bench_discounted,,
00-0038738,Hunter Luepke,DAL,RB,rushing_tds,0.014558374425067803,0.0,0.04901173020090554,veteran_model,True,,False,2026,False,ACT,,deep_bench,deep_bench_discounted,,
00-0038738,Hunter Luepke,DAL,RB,rushing_yards,2.333963401595112,0.0,5.279618454408505,veteran_model,True,,False,2026,False,ACT,,deep_bench,deep_bench_discounted,,
00-0038738,Hunter Luepke,DAL,RB,targets,0.28084071229940294,0.11567212512262269,0.45242835613550525,veteran_model,True,,False,2026,False,ACT,,deep_bench,deep_bench_discounted,,
00-0040021,Phil Mafah,DAL,RB,carries,0.6568276389238578,0.11105307106551139,1.2332720662353978,veteran_model,True,,False,2026,False,ACT,,deep_bench,deep_bench_discounted,,
00-0040021,Phil Mafah,DAL,RB,receiving_tds,0.0040398005811535,0.0,0.020697705665737812,veteran_model,True,,False,2026,False,ACT,,deep_bench,deep_bench_discounted,,
00-0040021,Phil Mafah,DAL,RB,receiving_yards,0.8729842950643611,0.0,1.9549330669983576,veteran_model,True,,False,2026,False,ACT,,deep_bench,deep_bench_discounted,,
00-0040021,Phil Mafah,DAL,RB,receptions,0.1564532008570822,0.01452502040028869,0.3136685852249637,veteran_model,True,,False,2026,False,ACT,,deep_bench,deep_bench_discounted,,
00-0040021,Phil Mafah,DAL,RB,rushing_tds,0.013850163254299984,0.0,0.048303519030137715,veteran_model,True,,False,2026,False,ACT,,deep_bench,deep_bench_discounted,,
00-0040021,Phil Mafah,DAL,RB,rushing_yards,2.325582730691997,0.0,5.271237783505389,veteran_model,True,,False,2026,False,ACT,,deep_bench,deep_bench_discounted,,
00-0040021,Phil Mafah,DAL,RB,targets,0.18630366767137146,0.02113508049459123,0.3578913115074738,veteran_model,True,,False,2026,False,ACT,,deep_bench,deep_bench_discounted,,
00-0040586,Jaydon Blue,DAL,RB,carries,5.145780530402174,1.5072834113465317,8.988743379145774,veteran_model,False,,False,2026,False,ACT,2.0,committee,curated,,
00-0040586,Jaydon Blue,DAL,RB,receiving_tds,0.021058162296121414,0.0,0.13211086286001683,veteran_model,False,,False,2026,False,ACT,2.0,committee,curated,,
00-0040586,Jaydon Blue,DAL,RB,receiving_yards,6.612501067717256,0.0,13.825492880610565,veteran_model,False,,False,2026,False,ACT,2.0,committee,curated,,
00-0040586,Jaydon Blue,DAL,RB,receptions,0.7647013919061225,0.0,1.812803954358666,veteran_model,False,,False,2026,False,ACT,2.0,committee,curated,,
00-0040586,Jaydon Blue,DAL,RB,rushing_tds,0.22707482581208566,0.0045914717855821685,0.4567638643176706,veteran_model,False,,False,2026,False,ACT,2.0,committee,curated,,
00-0040586,Jaydon Blue,DAL,RB,rushing_yards,21.866392658761097,4.6609630441768815,41.50409301085038,veteran_model,False,,False,2026,False,ACT,2.0,committee,curated,,
00-0040586,Jaydon Blue,DAL,RB,targets,1.0017365776580067,0.0,2.1456542032320223,veteran_model,False,,False,2026,False,ACT,2.0,committee,curated,,
00-0040937,Dominic Richardson,DAL,RB,carries,1.4305293908818248,0.3,3.060000000000001,rookie_rule,True,udfa,False,2026,False,,,,rookie_path,,no_data
00-0040937,Dominic Richardson,DAL,RB,receiving_tds,0.008153405924704099,0.0,0.019250000000000007,rookie_rule,True,udfa,False,2026,False,,,,rookie_path,,no_data
00-0040937,Dominic Richardson,DAL,RB,receiving_yards,2.040170170149886,0.0,4.980000000000001,rookie_rule,True,udfa,False,2026,False,,,,rookie_path,,no_data
00-0040937,Dominic Richardson,DAL,RB,receptions,0.2794639178716258,0.0,0.6,rookie_rule,True,udfa,False,2026,False,,,,rookie_path,,no_data
00-0040937,Dominic Richardson,DAL,RB,rushing_tds,0.04108961581578214,0.0,0.10800000000000011,rookie_rule,True,udfa,False,2026,False,,,,rookie_path,,no_data
00-0040937,Dominic Richardson,DAL,RB,rushing_yards,5.678555092360873,0.4799999999999999,13.034285714285717,rookie_rule,True,udfa,False,2026,False,,,,rookie_path,,no_data
00-0040937,Dominic Richardson,DAL,RB,targets,0.36936370424707143,0.0,0.7730769230769234,rookie_rule,True,udfa,False,2026,False,,,,rookie_path,,no_data
00-0036158,J.K. Dobbins,DEN,RB,carries,9.010006997133061,5.371509878077418,12.852969845876661,veteran_model,False,,False,2026,False,ACT,1.0,starter,curated,,
00-0036158,J.K. Dobbins,DEN,RB,receiving_tds,0.03807141391339567,0.0,0.14912411447729107,veteran_model,False,,False,2026,False,ACT,1.0,starter,curated,,
00-0036158,J.K. Dobbins,DEN,RB,receiving_yards,11.636307607332956,2.719650420711236,18.849299420226266,veteran_model,False,,False,2026,False,ACT,1.0,starter,curated,,
00-0036158,J.K. Dobbins,DEN,RB,receptions,1.5859857701416913,0.6397979004297345,2.634088332594235,veteran_model,False,,False,2026,False,ACT,1.0,starter,curated,,
00-0036158,J.K. Dobbins,DEN,RB,rushing_tds,0.2943186379446639,0.07183528391816041,0.5240076764502488,veteran_model,False,,False,2026,False,ACT,1.0,starter,curated,,
00-0036158,J.K. Dobbins,DEN,RB,rushing_yards,44.2359411641945,27.030511549610285,63.87364151628378,veteran_model,False,,False,2026,False,ACT,1.0,starter,curated,,
00-0036158,J.K. Dobbins,DEN,RB,targets,2.0125679215955077,0.9114440070836394,3.156485547169523,veteran_model,False,,False,2026,False,ACT,1.0,starter,curated,,
00-0037085,Tyler Badie,DEN,RB,carries,0.4785753341226317,0.0,1.0550197614341716,veteran_model,True,,False,2026,False,ACT,,deep_bench,deep_bench_discounted,,
00-0037085,Tyler Badie,DEN,RB,receiving_tds,0.007966028735785573,0.0,0.024623933820369887,veteran_model,True,,False,2026,False,ACT,,deep_bench,deep_bench_discounted,,
00-0037085,Tyler Badie,DEN,RB,receiving_yards,1.5564100274991373,0.2189114495058794,2.6383587994331337,veteran_model,True,,False,2026,False,ACT,,deep_bench,deep_bench_discounted,,
00-0037085,Tyler Badie,DEN,RB,receptions,0.27132842382822075,0.12940024337142725,0.42854380819610227,veteran_model,True,,False,2026,False,ACT,,deep_bench,deep_bench_discounted,,
00-0037085,Tyler Badie,DEN,RB,rushing_tds,0.008392729769325615,0.0,0.042846085545163344,veteran_model,True,,False,2026,False,ACT,,deep_bench,deep_bench_discounted,,
00-0037085,Tyler Badie,DEN,RB,rushing_yards,1.998785629313201,0.0,4.944440682126593,veteran_model,True,,False,2026,False,ACT,,deep_bench,deep_bench_discounted,,
00-0037085,Tyler Badie,DEN,RB,targets,0.3416314804068948,0.17646289323011458,0.5132191242429972,veteran_model,True,,False,2026,False,ACT,,deep_bench,deep_bench_discounted,,
00-0038794,Jaleel McLaughlin,DEN,RB,carries,0.7124786403879813,0.16670407252963496,1.2889230676995211,veteran_model,True,,False,2026,False,ACT,,deep_bench,deep_bench_discounted,,
00-0038794,Jaleel McLaughlin,DEN,RB,receiving_tds,0.0033607305996519706,0.0,0.02001863568423628,veteran_model,True,,False,2026,False,ACT,,deep_bench,deep_bench_discounted,,
00-0038794,Jaleel McLaughlin,DEN,RB,receiving_yards,0.9964383141688081,0.0,2.0783870861028046,veteran_model,True,,False,2026,False,ACT,,deep_bench,deep_bench_discounted,,
00-0038794,Jaleel McLaughlin,DEN,RB,receptions,0.12854111917474134,0.0,0.2857565035426229,veteran_model,True,,False,2026,False,ACT,,deep_bench,deep_bench_discounted,,
00-0038794,Jaleel McLaughlin,DEN,RB,rushing_tds,0.011158250433726995,0.0,0.045611606209564726,veteran_model,True,,False,2026,False,ACT,,deep_bench,deep_bench_discounted,,
00-0038794,Jaleel McLaughlin,DEN,RB,rushing_yards,2.7487801252498483,0.1679656830622159,5.69443517806324,veteran_model,True,,False,2026,False,ACT,,deep_bench,deep_bench_discounted,,
00-0038794,Jaleel McLaughlin,DEN,RB,targets,0.17861607543633987,0.013447488259559614,0.3502037192724422,veteran_model,True,,False,2026,False,ACT,,deep_bench,deep_bench_discounted,,
00-0040730,RJ Harvey,DEN,RB,carries,7.900553585181524,4.262056466125882,11.743516433925123,veteran_model,False,,False,2026,False,ACT,2.0,committee,curated,,
00-0040730,RJ Harvey,DEN,RB,receiving_tds,0.06723699804624511,0.005238220578239708,0.17828969861014052,veteran_model,False,,False,2026,False,ACT,2.0,committee,curated,,
00-0040730,RJ Harvey,DEN,RB,receiving_yards,14.141341901646594,5.224684715024875,21.354333714539905,veteran_model,False,,False,2026,False,ACT,2.0,committee,curated,,
00-0040730,RJ Harvey,DEN,RB,receptions,1.838708688872155,0.8925208191601983,2.8868112513246986,veteran_model,False,,False,2026,False,ACT,2.0,committee,curated,,
00-0040730,RJ Harvey,DEN,RB,rushing_tds,0.21610154418819158,0.0,0.44579058269377647,veteran_model,False,,False,2026,False,ACT,2.0,committee,curated,,
00-0040730,RJ Harvey,DEN,RB,rushing_yards,37.52586688297575,20.320437268391533,57.16356723506503,veteran_model,False,,False,2026,False,ACT,2.0,committee,curated,,
00-0040730,RJ Harvey,DEN,RB,targets,2.3603370081214985,1.2592130936096302,3.5042546336955143,veteran_model,False,,False,2026,False,ACT,2.0,committee,curated,,
COL293648,Jonah Coleman,DEN,RB,carries,1.6473773287630753,0.48116883116883113,3.268928571428571,rookie_rule,True,drafted,False,2026,False,,,,rookie_path,,no_data
COL293648,Jonah Coleman,DEN,RB,receiving_tds,0.013724340432485228,0.0,0.04,rookie_rule,True,drafted,False,2026,False,,,,rookie_path,,no_data
COL293648,Jonah Coleman,DEN,RB,receiving_yards,2.393515977695842,0.0,4.985955882352941,rookie_rule,True,drafted,False,2026,False,,,,rookie_path,,no_data
COL293648,Jonah Coleman,DEN,RB,receptions,0.3209810465636257,0.0,0.6465000000000002,rookie_rule,True,drafted,False,2026,False,,,,rookie_path,,no_data
COL293648,Jonah Coleman,DEN,RB,rushing_tds,0.03899776756677209,0.0,0.09375,rookie_rule,True,drafted,False,2026,False,,,,rookie_path,,no_data
COL293648,Jonah Coleman,DEN,RB,rushing_yards,6.476432339656322,1.0920000000000007,13.856742081447965,rookie_rule,True,drafted,False,2026,False,,,,rookie_path,,no_data
COL293648,Jonah Coleman,DEN,RB,targets,0.42146772240663644,0.0,0.8662500000000003,rookie_rule,True,drafted,False,2026,False,,,,rookie_path,,no_data
00-0035567,Craig Reynolds,DET,RB,carries,0.6570102335134556,0.1112356656551092,1.2334546608249957,veteran_model,True,,False,2026,False,,,deep_bench,deep_bench_discounted,,
00-0035567,Craig Reynolds,DET,RB,receiving_tds,0.0017102235780336763,0.0,0.01836812866261799,veteran_model,True,,False,2026,False,,,deep_bench,deep_bench_discounted,,
00-0035567,Craig Reynolds,DET,RB,receiving_yards,0.7083008283918614,0.0,1.790249600325858,veteran_model,True,,False,2026,False,,,deep_bench,deep_bench_discounted,,
00-0035567,Craig Reynolds,DET,RB,receptions,0.1050756184225831,0.0,0.26229100279046463,veteran_model,True,,False,2026,False,,,deep_bench,deep_bench_discounted,,
00-0035567,Craig Reynolds,DET,RB,rushing_tds,0.007042220672368796,0.0,0.04149557644820653,veteran_model,True,,False,2026,False,,,deep_bench,deep_bench_discounted,,
00-0035567,Craig Reynolds,DET,RB,rushing_yards,2.5351366447145014,0.0,5.480791697527893,veteran_model,True,,False,2026,False,,,deep_bench,deep_bench_discounted,,
00-0035567,Craig Reynolds,DET,RB,targets,0.11223181180360273,0.0,0.28381945563970506,veteran_model,True,,False,2026,False,,,deep_bench,deep_bench_discounted,,
00-0037197,Isiah Pacheco,DET,RB,carries,8.996761057951016,5.358263938895373,12.839723906694616,veteran_model,False,,False,2026,True,ACT,2.0,backup,curated,,
00-0037197,Isiah Pacheco,DET,RB,receiving_tds,0.016386952125721006,0.0,0.1274396526896164,veteran_model,False,,False,2026,True,ACT,2.0,backup,curated,,
00-0037197,Isiah Pacheco,DET,RB,receiving_yards,9.428955458272911,0.5122982716511917,16.64194727116622,veteran_model,False,,False,2026,True,ACT,2.0,backup,curated,,
00-0037197,Isiah Pacheco,DET,RB,receptions,1.4609938393087316,0.5148059695967748,2.5090964017612754,veteran_model,False,,False,2026,True,ACT,2.0,backup,curated,,
00-0037197,Isiah Pacheco,DET,RB,rushing_tds,0.3319379123505721,0.10945455832406858,0.561626950856157,veteran_model,False,,False,2026,True,ACT,2.0,backup,curated,,
00-0037197,Isiah Pacheco,DET,RB,rushing_yards,40.10340362270857,22.897974008124354,59.74110397479785,veteran_model,False,,False,2026,True,ACT,2.0,backup,curated,,
00-0037197,Isiah Pacheco,DET,RB,targets,1.7721169667742533,0.670993052262385,2.916034592348269,veteran_model,False,,False,2026,True,ACT,2.0,backup,curated,,
00-0038896,Jacob Saylors,DET,RB,carries,0.6570102335134556,0.1112356656551092,1.2334546608249957,veteran_model,True,,False,2026,False,ACT,,deep_bench,deep_bench_discounted,,
00-0038896,Jacob Saylors,DET,RB,receiving_tds,0.0017102235780336763,0.0,0.01836812866261799,veteran_model,True,,False,2026,False,ACT,,deep_bench,deep_bench_discounted,,
00-0038896,Jacob Saylors,DET,RB,receiving_yards,0.7083008283918614,0.0,1.790249600325858,veteran_model,True,,False,2026,False,ACT,,deep_bench,deep_bench_discounted,,
00-0038896,Jacob Saylors,DET,RB,receptions,0.1050756184225831,0.0,0.26229100279046463,veteran_model,True,,False,2026,False,ACT,,deep_bench,deep_bench_discounted,,
00-0038896,Jacob Saylors,DET,RB,rushing_tds,0.007042220672368796,0.0,0.04149557644820653,veteran_model,True,,False,2026,False,ACT,,deep_bench,deep_bench_discounted,,
00-0038896,Jacob Saylors,DET,RB,rushing_yards,2.5351366447145014,0.0,5.480791697527893,veteran_model,True,,False,2026,False,ACT,,deep_bench,deep_bench_discounted,,
00-0038896,Jacob Saylors,DET,RB,targets,0.11223181180360273,0.0,0.28381945563970506,veteran_model,True,,False,2026,False,ACT,,deep_bench,deep_bench_discounted,,
00-0039139,Jahmyr Gibbs,DET,RB,carries,15.983777058521751,12.345279939466108,19.82673990726535,veteran_model,False,,False,2026,False,ACT,1.0,starter,curated,,
00-0039139,Jahmyr Gibbs,DET,RB,receiving_tds,0.11288094653659449,0.050882169068589084,0.2239336471004899,veteran_model,False,,False,2026,False,ACT,1.0,starter,curated,,
00-0039139,Jahmyr Gibbs,DET,RB,receiving_yards,27.415418059948287,18.498760873326567,34.628409872841594,veteran_model,False,,False,2026,False,ACT,1.0,starter,curated,,
00-0039139,Jahmyr Gibbs,DET,RB,receptions,3.359185758106964,2.412997888395007,4.407288320559507,veteran_model,False,,False,2026,False,ACT,1.0,starter,curated,,
00-0039139,Jahmyr Gibbs,DET,RB,rushing_tds,0.43271838480133756,0.21023503077483408,0.6624074233069225,veteran_model,False,,False,2026,False,ACT,1.0,starter,curated,,
00-0039139,Jahmyr Gibbs,DET,RB,rushing_yards,75.61318087472397,58.40775126013975,95.25088122681325,veteran_model,False,,False,2026,False,ACT,1.0,starter,curated,,
00-0039139,Jahmyr Gibbs,DET,RB,targets,4.311842973462696,3.2107190589508274,5.4557605990367115,veteran_model,False,,False,2026,False,ACT,1.0,starter,curated,,
00-0039364,Sione Vaki,DET,RB,carries,0.6570102335134556,0.1112356656551092,1.2334546608249957,veteran_model,True,,False,2026,False,ACT,,deep_bench,deep_bench_discounted,,
00-0039364,Sione Vaki,DET,RB,receiving_tds,0.0017102235780336763,0.0,0.01836812866261799,veteran_model,True,,False,2026,False,ACT,,deep_bench,deep_bench_discounted,,
00-0039364,Sione Vaki,DET,RB,receiving_yards,0.7083008283918614,0.0,1.790249600325858,veteran_model,True,,False,2026,False,ACT,,deep_bench,deep_bench_discounted,,
00-0039364,Sione Vaki,DET,RB,receptions,0.1050756184225831,0.0,0.26229100279046463,veteran_model,True,,False,2026,False,ACT,,deep_bench,deep_bench_discounted,,
00-0039364,Sione Vaki,DET,RB,rushing_tds,0.007042220672368796,0.0,0.04149557644820653,veteran_model,True,,False,2026,False,ACT,,deep_bench,deep_bench_discounted,,
00-0039364,Sione Vaki,DET,RB,rushing_yards,2.5351366447145014,0.0,5.480791697527893,veteran_model,True,,False,2026,False,ACT,,deep_bench,deep_bench_discounted,,
00-0039364,Sione Vaki,DET,RB,targets,0.11223181180360273,0.0,0.28381945563970506,veteran_model,True,,False,2026,False,ACT,,deep_bench,deep_bench_discounted,,
00-0035700,Josh Jacobs,GB,RB,carries,13.913592242857733,10.27509512380209,17.756555091601335,veteran_model,False,,False,2026,False,ACT,1.0,starter,curated,,
00-0035700,Josh Jacobs,GB,RB,receiving_tds,0.08734822082974877,0.02534944336174337,0.19840092139364418,veteran_model,False,,False,2026,False,ACT,1.0,starter,curated,,
00-0035700,Josh Jacobs,GB,RB,receiving_yards,20.105328600397325,11.188671413775605,27.318320413290635,veteran_model,False,,False,2026,False,ACT,1.0,starter,curated,,
00-0035700,Josh Jacobs,GB,RB,receptions,2.2778526634245195,1.3316647937125627,3.3259552258770633,veteran_model,False,,False,2026,False,ACT,1.0,starter,curated,,
00-0035700,Josh Jacobs,GB,RB,rushing_tds,0.6204871258085296,0.3980037717820261,0.8501761643141145,veteran_model,False,,False,2026,False,ACT,1.0,starter,curated,,
00-0035700,Josh Jacobs,GB,RB,rushing_yards,67.29361016103587,50.08818054645165,86.93131051312515,veteran_model,False,,False,2026,False,ACT,1.0,starter,curated,,
00-0035700,Josh Jacobs,GB,RB,targets,2.8272141216758984,1.72609020716403,3.971131747249914,veteran_model,False,,False,2026,False,ACT,1.0,starter,curated,,
00-0038685,Chris Brooks,GB,RB,carries,0.5589217861254097,0.013147218267063287,1.1353662134369495,veteran_model,True,,False,2026,False,ACT,,deep_bench,deep_bench_discounted,,
00-0038685,Chris Brooks,GB,RB,receiving_tds,0.0074320443073615785,0.0,0.02408994939194589,veteran_model,True,,False,2026,False,ACT,,deep_bench,deep_bench_discounted,,
00-0038685,Chris Brooks,GB,RB,receiving_yards,1.5260191026076888,0.18852052461443083,2.607967874541685,veteran_model,True,,False,2026,False,ACT,,deep_bench,deep_bench_discounted,,
00-0038685,Chris Brooks,GB,RB,receptions,0.18508091354700004,0.04315273309020653,0.34229629791488153,veteran_model,True,,False,2026,False,ACT,,deep_bench,deep_bench_discounted,,
00-0038685,Chris Brooks,GB,RB,rushing_tds,0.011164384168594272,0.0,0.045617739944432,veteran_model,True,,False,2026,False,ACT,,deep_bench,deep_bench_discounted,,
00-0038685,Chris Brooks,GB,RB,rushing_yards,2.7712021561413853,0.1903877139537533,5.716857208954778,veteran_model,True,,False,2026,False,ACT,,deep_bench,deep_bench_discounted,,
00-0038685,Chris Brooks,GB,RB,targets,0.2714244834748555,0.10625589629807525,0.4430121273109578,veteran_model,True,,False,2026,False,ACT,,deep_bench,deep_bench_discounted,,
00-0040946,Jaden Nixon,GB,RB,carries,4.487028671584476,0.9409863299946305,9.598060565945236,rookie_rule,True,udfa,False,2026,False,,,,rookie_path,,no_data
00-0040946,Jaden Nixon,GB,RB,receiving_tds,0.025574145060145954,0.0,0.06037995617465547,rookie_rule,True,udfa,False,2026,False,,,,rookie_path,,no_data
00-0040946,Jaden Nixon,GB,RB,receiving_yards,6.399240803246206,0.0,15.620373077910868,rookie_rule,True,udfa,False,2026,False,,,,rookie_path,,no_data
00-0040946,Jaden Nixon,GB,RB,receptions,0.8765724214798066,0.0,1.881972659989261,rookie_rule,True,udfa,False,2026,False,,,,rookie_path,,no_data
00-0040946,Jaden Nixon,GB,RB,rushing_tds,0.12888255595794054,0.0,0.3387550787980673,rookie_rule,True,udfa,False,2026,False,,,,rookie_path,,no_data
00-0040946,Jaden Nixon,GB,RB,rushing_yards,17.811475720109925,1.5055781279914084,40.883615594623855,rookie_rule,True,udfa,False,2026,False,,,,rookie_path,,no_data
00-0040946,Jaden Nixon,GB,RB,targets,1.1585539883089129,0.0,2.4248493888323184,rookie_rule,True,udfa,False,2026,False,,,,rookie_path,,no_data
00-0033854,Dare Ogunbowale,HOU,RB,carries,0.7566218459401209,0.21084727808177461,1.333066273251661,veteran_model,True,,False,2026,False,,,deep_bench,deep_bench_discounted,,
00-0033854,Dare Ogunbowale,HOU,RB,receiving_tds,0.010875152667217803,0.0015753360470169917,0.027533057751802113,veteran_model,True,,False,2026,False,,,deep_bench,deep_bench_discounted,,
00-0033854,Dare Ogunbowale,HOU,RB,receiving_yards,1.1260293646509119,0.0,2.207978136584908,veteran_model,True,,False,2026,False,,,deep_bench,deep_bench_discounted,,
00-0033854,Dare Ogunbowale,HOU,RB,receptions,0.16696376394705723,0.02503558349026371,0.3241791483149387,veteran_model,True,,False,2026,False,,,deep_bench,deep_bench_discounted,,
00-0033854,Dare Ogunbowale,HOU,RB,rushing_tds,0.017872156136422807,0.0,0.05232551191226054,veteran_model,True,,False,2026,False,,,deep_bench,deep_bench_discounted,,
00-0033854,Dare Ogunbowale,HOU,RB,rushing_yards,3.0637518369917633,0.48293739480413134,6.009406889805156,veteran_model,True,,False,2026,False,,,deep_bench,deep_bench_discounted,,
00-0033854,Dare Ogunbowale,HOU,RB,targets,0.19751798636738976,0.03234939919060953,0.3691056302034921,veteran_model,True,,False,2026,False,,,deep_bench,deep_bench_discounted,,
00-0034791,Nick Chubb,HOU,RB,carries,1.4458566122593177,0.9000820444009714,2.022301039570858,veteran_model,True,,False,2026,False,,,deep_bench,deep_bench_discounted,,
00-0034791,Nick Chubb,HOU,RB,receiving_tds,0.003802259014058694,0.0,0.020460164098643006,veteran_model,True,,False,2026,False,,,deep_bench,deep_bench_discounted,,
00-0034791,Nick Chubb,HOU,RB,receiving_yards,1.4211094407220035,0.0836108627287457,2.503058212656,veteran_model,True,,False,2026,False,,,deep_bench,deep_bench_discounted,,
00-0034791,Nick Chubb,HOU,RB,receptions,0.18226641680478473,0.04033823634799122,0.33948180117266624,veteran_model,True,,False,2026,False,,,deep_bench,deep_bench_discounted,,
00-0034791,Nick Chubb,HOU,RB,rushing_tds,0.03424160205713513,0.0008690989531596139,0.06869495783297287,veteran_model,True,,False,2026,False,,,deep_bench,deep_bench_discounted,,
00-0034791,Nick Chubb,HOU,RB,rushing_yards,5.446507868363332,2.8656934261756994,8.392162921176723,veteran_model,True,,False,2026,False,,,deep_bench,deep_bench_discounted,,
00-0034791,Nick Chubb,HOU,RB,targets,0.23346817436850079,0.06829958719172054,0.4050558182046031,veteran_model,True,,False,2026,False,,,deep_bench,deep_bench_discounted,,
00-0035685,David Montgomery,HOU,RB,carries,10.602331191329334,6.963834072273691,14.445294040072934,veteran_model,False,,False,2026,True,ACT,1.0,starter,curated,,
00-0035685,David Montgomery,HOU,RB,receiving_tds,0.0325662707827306,0.0,0.143618971346626,veteran_model,False,,False,2026,True,ACT,1.0,starter,curated,,
00-0035685,David Montgomery,HOU,RB,receiving_yards,14.36802729606491,5.4513701094431894,21.58101910895822,veteran_model,False,,False,2026,True,ACT,1.0,starter,curated,,
00-0035685,David Montgomery,HOU,RB,receptions,2.0577785791699776,1.1115907094580209,3.105881141622521,veteran_model,False,,False,2026,True,ACT,1.0,starter,curated,,
00-0035685,David Montgomery,HOU,RB,rushing_tds,0.5363720084105066,0.3138886543840031,0.7660610469160914,veteran_model,False,,False,2026,True,ACT,1.0,starter,curated,,
00-0035685,David Montgomery,HOU,RB,rushing_yards,44.060810329456274,26.85538071487206,63.69851068154556,veteran_model,False,,False,2026,True,ACT,1.0,starter,curated,,
00-0035685,David Montgomery,HOU,RB,targets,2.4663721259755977,1.3652482114637294,3.6102897515496135,veteran_model,False,,False,2026,True,ACT,1.0,starter,curated,,
00-0038397,Evan Hull,HOU,RB,carries,0.9063840543942736,0.3606094865359272,1.4828284817058135,veteran_model,True,,False,2026,True,ACT,,deep_bench,deep_bench_discounted,,
00-0038397,Evan Hull,HOU,RB,receiving_tds,0.003050045494551279,0.0,0.01970795057913559,veteran_model,True,,False,2026,True,ACT,,deep_bench,deep_bench_discounted,,
00-0038397,Evan Hull,HOU,RB,receiving_yards,1.1525669794494864,0.0,2.2345157513834826,veteran_model,True,,False,2026,True,ACT,,deep_bench,deep_bench_discounted,,
00-0038397,Evan Hull,HOU,RB,receptions,0.1005085819541868,0.0,0.2577239663220683,veteran_model,True,,False,2026,True,ACT,,deep_bench,deep_bench_discounted,,
00-0038397,Evan Hull,HOU,RB,rushing_tds,0.018450090928779073,0.0,0.0529034467046168,veteran_model,True,,False,2026,True,ACT,,deep_bench,deep_bench_discounted,,
00-0038397,Evan Hull,HOU,RB,rushing_yards,3.5439224637063127,0.9631080215186806,6.489577516519706,veteran_model,True,,False,2026,True,ACT,,deep_bench,deep_bench_discounted,,
00-0038397,Evan Hull,HOU,RB,targets,0.13584423859237318,0.0,0.3074318824284755,veteran_model,True,,False,2026,True,ACT,,deep_bench,deep_bench_discounted,,
00-0039405,Jawhar Jordan,HOU,RB,carries,1.2053288278319312,0.6595542599735849,1.7817732551434713,veteran_model,True,,False,2026,False,ACT,,deep_bench,deep_bench_discounted,,
00-0039405,Jawhar Jordan,HOU,RB,receiving_tds,0.0017695650245065063,0.0,0.018427470109090818,veteran_model,True,,False,2026,False,ACT,,deep_bench,deep_bench_discounted,,
00-0039405,Jawhar Jordan,HOU,RB,receiving_yards,1.237445232133632,0.0,2.3193940040676284,veteran_model,True,,False,2026,False,ACT,,deep_bench,deep_bench_discounted,,
00-0039405,Jawhar Jordan,HOU,RB,receptions,0.10359927738137042,0.0,0.26081466174925194,veteran_model,True,,False,2026,False,ACT,,deep_bench,deep_bench_discounted,,
00-0039405,Jawhar Jordan,HOU,RB,rushing_tds,0.03465313596243333,0.0012806328584578058,0.06910649173827106,veteran_model,True,,False,2026,False,ACT,,deep_bench,deep_bench_discounted,,
00-0039405,Jawhar Jordan,HOU,RB,rushing_yards,5.104925789448351,2.524111347260719,8.050580842261743,veteran_model,True,,False,2026,False,ACT,,deep_bench,deep_bench_discounted,,
00-0039405,Jawhar Jordan,HOU,RB,targets,0.14290247896896913,0.0,0.31449012280507144,veteran_model,True,,False,2026,False,ACT,,deep_bench,deep_bench_discounted,,
00-0039603,British Brooks,HOU,RB,carries,0.9037410093956352,0.35796644153728885,1.4801854367071752,veteran_model,True,,False,2026,False,ACT,,deep_bench,deep_bench_discounted,,
00-0039603,British Brooks,HOU,RB,receiving_tds,0.003050045494551279,0.0,0.01970795057913559,veteran_model,True,,False,2026,False,ACT,,deep_bench,deep_bench_discounted,,
00-0039603,British Brooks,HOU,RB,receiving_yards,1.0774326089197757,0.0,2.159381380853772,veteran_model,True,,False,2026,False,ACT,,deep_bench,deep_bench_discounted,,
00-0039603,British Brooks,HOU,RB,receptions,0.1236626140275661,0.0,0.28087799839544764,veteran_model,True,,False,2026,False,ACT,,deep_bench,deep_bench_discounted,,
00-0039603,British Brooks,HOU,RB,rushing_tds,0.018027045070687312,0.0,0.05248040084652505,veteran_model,True,,False,2026,False,ACT,,deep_bench,deep_bench_discounted,,
00-0039603,British Brooks,HOU,RB,rushing_yards,3.822323102528072,1.24150866034044,6.767978155341464,veteran_model,True,,False,2026,False,ACT,,deep_bench,deep_bench_discounted,,
00-0039603,British Brooks,HOU,RB,targets,0.16539285414760083,0.00022426697082058577,0.3369804979837031,veteran_model,True,,False,2026,False,ACT,,deep_bench,deep_bench_discounted,,
00-0040583,Woody Marks,HOU,RB,carries,10.053961448902099,6.415464329846456,13.896924297645699,veteran_model,False,,False,2026,False,ACT,2.0,committee,curated,,
00-0040583,Woody Marks,HOU,RB,receiving_tds,0.05564214404271552,0.0,0.16669484460661094,veteran_model,False,,False,2026,False,ACT,2.0,committee,curated,,
00-0040583,Woody Marks,HOU,RB,receiving_yards,17.637306797853896,8.720649611232176,24.850298610747206,veteran_model,False,,False,2026,False,ACT,2.0,committee,curated,,
00-0040583,Woody Marks,HOU,RB,receptions,2.204587801723401,1.2583999320114443,3.252690364175945,veteran_model,False,,False,2026,False,ACT,2.0,committee,curated,,
00-0040583,Woody Marks,HOU,RB,rushing_tds,0.42835846837393615,0.20587511434743266,0.6580475068795211,veteran_model,False,,False,2026,False,ACT,2.0,committee,curated,,
00-0040583,Woody Marks,HOU,RB,rushing_yards,44.00824946077916,26.802819846194947,63.645949812868444,veteran_model,False,,False,2026,False,ACT,2.0,committee,curated,,
00-0040583,Woody Marks,HOU,RB,targets,2.6666634316178013,1.565539517105933,3.8105810571918166,veteran_model,False,,False,2026,False,ACT,2.0,committee,curated,,
00-0041307,Joshua Pitsenberger,HOU,RB,carries,4.41884343196726,0.9266870279211826,9.452207684796067,rookie_rule,True,udfa,False,2026,False,,,,rookie_path,,no_data
00-0041307,Joshua Pitsenberger,HOU,RB,receiving_tds,0.025185518345996676,0.0,0.059462417624942566,rookie_rule,True,udfa,False,2026,False,,,,rookie_path,,no_data
00-0041307,Joshua Pitsenberger,HOU,RB,receiving_yards,6.301997438098837,0.0,15.383004663491633,rookie_rule,True,udfa,False,2026,False,,,,rookie_path,,no_data
00-0041307,Joshua Pitsenberger,HOU,RB,receptions,0.8632519582122212,0.0,1.853374055842365,rookie_rule,True,udfa,False,2026,False,,,,rookie_path,,no_data
00-0041307,Joshua Pitsenberger,HOU,RB,rushing_tds,0.12692404652916792,0.0,0.3336073300516261,rookie_rule,True,udfa,False,2026,False,,,,rookie_path,,no_data
00-0041307,Joshua Pitsenberger,HOU,RB,rushing_yards,17.540811138088646,1.4826992446738918,40.262344965489866,rookie_rule,True,udfa,False,2026,False,,,,rookie_path,,no_data
00-0041307,Joshua Pitsenberger,HOU,RB,targets,1.140948511035591,0.0,2.388001187335356,rookie_rule,True,udfa,False,2026,False,,,,rookie_path,,no_data
00-0041312,Noah Whittington,HOU,RB,carries,4.41884343196726,0.9266870279211826,9.452207684796067,rookie_rule,True,udfa,False,2026,False,,,,rookie_path,,no_data
00-0041312,Noah Whittington,HOU,RB,receiving_tds,0.025185518345996676,0.0,0.059462417624942566,rookie_rule,True,udfa,False,2026,False,,,,rookie_path,,no_data
00-0041312,Noah Whittington,HOU,RB,receiving_yards,6.301997438098837,0.0,15.383004663491633,rookie_rule,True,udfa,False,2026,False,,,,rookie_path,,no_data
00-0041312,Noah Whittington,HOU,RB,receptions,0.8632519582122212,0.0,1.853374055842365,rookie_rule,True,udfa,False,2026,False,,,,rookie_path,,no_data
00-0041312,Noah Whittington,HOU,RB,rushing_tds,0.12692404652916792,0.0,0.3336073300516261,rookie_rule,True,udfa,False,2026,False,,,,rookie_path,,no_data
00-0041312,Noah Whittington,HOU,RB,rushing_yards,17.540811138088646,1.4826992446738918,40.262344965489866,rookie_rule,True,udfa,False,2026,False,,,,rookie_path,,no_data
00-0041312,Noah Whittington,HOU,RB,targets,1.140948511035591,0.0,2.388001187335356,rookie_rule,True,udfa,False,2026,False,,,,rookie_path,,no_data
00-0036223,Jonathan Taylor,IND,RB,carries,15.344398469112761,11.705901350057118,19.18736131785636,veteran_model,False,,False,2026,False,ACT,1.0,starter,curated,,
00-0036223,Jonathan Taylor,IND,RB,receiving_tds,0.11205697352553778,0.05005819605753238,0.2231096740894332,veteran_model,False,,False,2026,False,ACT,1.0,starter,curated,,
00-0036223,Jonathan Taylor,IND,RB,receiving_yards,14.023780081316074,5.1071228946943545,21.236771894209383,veteran_model,False,,False,2026,False,ACT,1.0,starter,curated,,
00-0036223,Jonathan Taylor,IND,RB,receptions,2.2048618388928687,1.258673969180912,3.2529644013454124,veteran_model,False,,False,2026,False,ACT,1.0,starter,curated,,
00-0036223,Jonathan Taylor,IND,RB,rushing_tds,0.45805208699649147,0.23556873296998798,0.6877411255020763,veteran_model,False,,False,2026,False,ACT,1.0,starter,curated,,
00-0036223,Jonathan Taylor,IND,RB,rushing_yards,64.05341100680107,46.84798139221685,83.69111135889035,veteran_model,False,,False,2026,False,ACT,1.0,starter,curated,,
00-0036223,Jonathan Taylor,IND,RB,targets,2.8774566097116363,1.776332695199768,4.021374235285652,veteran_model,False,,False,2026,False,ACT,1.0,starter,curated,,
00-0040179,DJ Giddens,IND,RB,carries,3.8822550973348853,0.24375797827924295,7.7252179460784856,veteran_model,False,,False,2026,False,ACT,2.0,backup,curated,,
00-0040179,DJ Giddens,IND,RB,receiving_tds,0.014423688510335396,0.0,0.1254763890742308,veteran_model,False,,False,2026,False,ACT,2.0,backup,curated,,
00-0040179,DJ Giddens,IND,RB,receiving_yards,3.9169688598651544,0.0,11.129960672758465,veteran_model,False,,False,2026,False,ACT,2.0,backup,curated,,
00-0040179,DJ Giddens,IND,RB,receptions,0.4365494231837304,0.0,1.4846519856362739,veteran_model,False,,False,2026,False,ACT,2.0,backup,curated,,
00-0040179,DJ Giddens,IND,RB,rushing_tds,0.06523268166459821,0.0,0.2949217201701831,veteran_model,False,,False,2026,False,ACT,2.0,backup,curated,,
00-0040179,DJ Giddens,IND,RB,rushing_yards,13.840958445866361,0.0,33.478658797955646,veteran_model,False,,False,2026,False,ACT,2.0,backup,curated,,
00-0040179,DJ Giddens,IND,RB,targets,0.7591430461080233,0.0,1.9030606716820389,veteran_model,False,,False,2026,False,ACT,2.0,backup,curated,,
00-0040476,Ulysses Bentley IV,IND,RB,carries,0.6486844061371101,0.10290983827876372,1.22512883344865,veteran_model,True,,False,2026,False,ACT,,deep_bench,deep_bench_discounted,,
00-0040476,Ulysses Bentley IV,IND,RB,receiving_tds,0.003082601442988217,0.0,0.019740506527572525,veteran_model,True,,False,2026,False,ACT,,deep_bench,deep_bench_discounted,,
00-0040476,Ulysses Bentley IV,IND,RB,receiving_yards,0.5323806282207716,0.0,1.6143294001547681,veteran_model,True,,False,2026,False,ACT,,deep_bench,deep_bench_discounted,,
00-0040476,Ulysses Bentley IV,IND,RB,receptions,0.09863960300251104,0.0,0.2558549873703926,veteran_model,True,,False,2026,False,ACT,,deep_bench,deep_bench_discounted,,
00-0040476,Ulysses Bentley IV,IND,RB,rushing_tds,0.007953445250544517,0.0,0.042406801026382245,veteran_model,True,,False,2026,False,ACT,,deep_bench,deep_bench_discounted,,
00-0040476,Ulysses Bentley IV,IND,RB,rushing_yards,2.5480016141877315,0.0,5.493656667001123,veteran_model,True,,False,2026,False,ACT,,deep_bench,deep_bench_discounted,,
00-0040476,Ulysses Bentley IV,IND,RB,targets,0.13191848699476677,0.0,0.30350613083086914,veteran_model,True,,False,2026,False,ACT,,deep_bench,deep_bench_discounted,,
00-0041231,Lincoln Pare,IND,RB,carries,1.4305293908818248,0.3,3.060000000000001,rookie_rule,True,udfa,False,2026,False,,,,rookie_path,,no_data
00-0041231,Lincoln Pare,IND,RB,receiving_tds,0.008153405924704099,0.0,0.019250000000000007,rookie_rule,True,udfa,False,2026,False,,,,rookie_path,,no_data
00-0041231,Lincoln Pare,IND,RB,receiving_yards,2.040170170149886,0.0,4.980000000000001,rookie_rule,True,udfa,False,2026,False,,,,rookie_path,,no_data
00-0041231,Lincoln Pare,IND,RB,receptions,0.2794639178716258,0.0,0.6,rookie_rule,True,udfa,False,2026,False,,,,rookie_path,,no_data
00-0041231,Lincoln Pare,IND,RB,rushing_tds,0.04108961581578214,0.0,0.10800000000000011,rookie_rule,True,udfa,False,2026,False,,,,rookie_path,,no_data
00-0041231,Lincoln Pare,IND,RB,rushing_yards,5.678555092360873,0.4799999999999999,13.034285714285717,rookie_rule,True,udfa,False,2026,False,,,,rookie_path,,no_data
00-0041231,Lincoln Pare,IND,RB,targets,0.36936370424707143,0.0,0.7730769230769234,rookie_rule,True,udfa,False,2026,False,,,,rookie_path,,no_data
00-0041486,Anderson Castle,IND,RB,carries,1.4305293908818248,0.3,3.060000000000001,rookie_rule,True,udfa,False,2026,False,,,,rookie_path,,no_data
00-0041486,Anderson Castle,IND,RB,receiving_tds,0.008153405924704099,0.0,0.019250000000000007,rookie_rule,True,udfa,False,2026,False,,,,rookie_path,,no_data
00-0041486,Anderson Castle,IND,RB,receiving_yards,2.040170170149886,0.0,4.980000000000001,rookie_rule,True,udfa,False,2026,False,,,,rookie_path,,no_data
00-0041486,Anderson Castle,IND,RB,receptions,0.2794639178716258,0.0,0.6,rookie_rule,True,udfa,False,2026,False,,,,rookie_path,,no_data
00-0041486,Anderson Castle,IND,RB,rushing_tds,0.04108961581578214,0.0,0.10800000000000011,rookie_rule,True,udfa,False,2026,False,,,,rookie_path,,no_data
00-0041486,Anderson Castle,IND,RB,rushing_yards,5.678555092360873,0.4799999999999999,13.034285714285717,rookie_rule,True,udfa,False,2026,False,,,,rookie_path,,no_data
00-0041486,Anderson Castle,IND,RB,targets,0.36936370424707143,0.0,0.7730769230769234,rookie_rule,True,udfa,False,2026,False,,,,rookie_path,,no_data
MCG547540,Seth McGowan,IND,RB,carries,1.7791675150641215,0.5196623376623377,3.5304428571428574,rookie_rule,True,drafted,False,2026,False,,,,rookie_path,,above_median
MCG547540,Seth McGowan,IND,RB,receiving_tds,0.014822287667084048,0.0,0.04320000000000001,rookie_rule,True,drafted,False,2026,False,,,,rookie_path,,above_median
MCG547540,Seth McGowan,IND,RB,receiving_yards,2.5849972559115093,0.0,5.384832352941176,rookie_rule,True,drafted,False,2026,False,,,,rookie_path,,above_median
MCG547540,Seth McGowan,IND,RB,receptions,0.34665953028871577,0.0,0.6982200000000003,rookie_rule,True,drafted,False,2026,False,,,,rookie_path,,above_median
MCG547540,Seth McGowan,IND,RB,rushing_tds,0.04211758897211386,0.0,0.10125,rookie_rule,True,drafted,False,2026,False,,,,rookie_path,,above_median
MCG547540,Seth McGowan,IND,RB,rushing_yards,6.994546926828828,1.1793600000000009,14.965281447963804,rookie_rule,True,drafted,False,2026,False,,,,rookie_path,,above_median
MCG547540,Seth McGowan,IND,RB,targets,0.4551851401991674,0.0,0.9355500000000004,rookie_rule,True,drafted,False,2026,False,,,,rookie_path,,above_median
00-0032104,Ameer Abdullah,JAX,RB,carries,0.5011562065579915,0.0,1.0776006338695314,veteran_model,True,,False,2026,True,ACT,,deep_bench,deep_bench_discounted,,
00-0032104,Ameer Abdullah,JAX,RB,receiving_tds,0.0038017789036407746,0.0,0.020459683988225084,veteran_model,True,,False,2026,True,ACT,,deep_bench,deep_bench_discounted,,
00-0032104,Ameer Abdullah,JAX,RB,receiving_yards,1.1614905116967862,0.0,2.243439283630783,veteran_model,True,,False,2026,True,ACT,,deep_bench,deep_bench_discounted,,
00-0032104,Ameer Abdullah,JAX,RB,receptions,0.16189460833157412,0.01996642787478061,0.31910999269945567,veteran_model,True,,False,2026,True,ACT,,deep_bench,deep_bench_discounted,,
00-0032104,Ameer Abdullah,JAX,RB,rushing_tds,0.01414543777370226,0.0,0.04859879354953999,veteran_model,True,,False,2026,True,ACT,,deep_bench,deep_bench_discounted,,
00-0032104,Ameer Abdullah,JAX,RB,rushing_yards,2.8097022838860486,0.2288878416984163,5.755357336699441,veteran_model,True,,False,2026,True,ACT,,deep_bench,deep_bench_discounted,,
00-0032104,Ameer Abdullah,JAX,RB,targets,0.19812654640382996,0.0329579592270497,0.3697141902399323,veteran_model,True,,False,2026,True,ACT,,deep_bench,deep_bench_discounted,,
00-0036425,DeeJay Dallas,JAX,RB,carries,0.5832728184323064,0.0374982505739601,1.1597172457438463,veteran_model,True,,False,2026,False,ACT,,deep_bench,deep_bench_discounted,,
00-0036425,DeeJay Dallas,JAX,RB,receiving_tds,0.0028761839445255338,0.0,0.019534089029109844,veteran_model,True,,False,2026,False,ACT,,deep_bench,deep_bench_discounted,,
00-0036425,DeeJay Dallas,JAX,RB,receiving_yards,0.983159630690033,0.0,2.0651084026240296,veteran_model,True,,False,2026,False,ACT,,deep_bench,deep_bench_discounted,,
00-0036425,DeeJay Dallas,JAX,RB,receptions,0.13526010669712105,0.0,0.2924754910650026,veteran_model,True,,False,2026,False,ACT,,deep_bench,deep_bench_discounted,,
00-0036425,DeeJay Dallas,JAX,RB,rushing_tds,0.014633343446323008,0.0,0.04908669922216074,veteran_model,True,,False,2026,False,ACT,,deep_bench,deep_bench_discounted,,
00-0036425,DeeJay Dallas,JAX,RB,rushing_yards,2.817083432032057,0.23626898984442482,5.762738484845449,veteran_model,True,,False,2026,False,ACT,,deep_bench,deep_bench_discounted,,
00-0036425,DeeJay Dallas,JAX,RB,targets,0.1632845382455179,0.0,0.33487218208162023,veteran_model,True,,False,2026,False,ACT,,deep_bench,deep_bench_discounted,,
00-0038611,Chris Rodriguez Jr.,JAX,RB,carries,8.253005324596382,4.614508205540739,12.095968173339982,veteran_model,False,,False,2026,True,ACT,2.0,backup,curated,,
00-0038611,Chris Rodriguez Jr.,JAX,RB,receiving_tds,0.021123698766762882,0.0,0.13217639933065828,veteran_model,False,,False,2026,True,ACT,2.0,backup,curated,,
00-0038611,Chris Rodriguez Jr.,JAX,RB,receiving_yards,9.311274234660305,0.3946170480385849,16.524266047553613,veteran_model,False,,False,2026,True,ACT,2.0,backup,curated,,
00-0038611,Chris Rodriguez Jr.,JAX,RB,receptions,1.0900291673147742,0.1438412976028174,2.1381317297673177,veteran_model,False,,False,2026,True,ACT,2.0,backup,curated,,
00-0038611,Chris Rodriguez Jr.,JAX,RB,rushing_tds,0.328647248513559,0.10616389448705549,0.5583362870191438,veteran_model,False,,False,2026,True,ACT,2.0,backup,curated,,
00-0038611,Chris Rodriguez Jr.,JAX,RB,rushing_yards,35.65710726752886,18.451677652944642,55.29480761961814,veteran_model,False,,False,2026,True,ACT,2.0,backup,curated,,
00-0038611,Chris Rodriguez Jr.,JAX,RB,targets,1.3313898369319899,0.23026592242012156,2.4753074625060054,veteran_model,False,,False,2026,True,ACT,2.0,backup,curated,,
00-0040238,LeQuint Allen Jr.,JAX,RB,carries,0.6420590456155616,0.09628447775721527,1.2185034729271016,veteran_model,True,,False,2026,False,ACT,,deep_bench,deep_bench_discounted,,
00-0040238,LeQuint Allen Jr.,JAX,RB,receiving_tds,0.0042315368688311235,0.0,0.020889441953415435,veteran_model,True,,False,2026,False,ACT,,deep_bench,deep_bench_discounted,,
00-0040238,LeQuint Allen Jr.,JAX,RB,receiving_yards,1.3414430638883366,0.003944485895078564,2.423391835822333,veteran_model,True,,False,2026,False,ACT,,deep_bench,deep_bench_discounted,,
00-0040238,LeQuint Allen Jr.,JAX,RB,receptions,0.17173729802265134,0.029809117565857822,0.3289526823905328,veteran_model,True,,False,2026,False,ACT,,deep_bench,deep_bench_discounted,,
00-0040238,LeQuint Allen Jr.,JAX,RB,rushing_tds,0.02234179568774607,0.0,0.0567951514635838,veteran_model,True,,False,2026,False,ACT,,deep_bench,deep_bench_discounted,,
00-0040238,LeQuint Allen Jr.,JAX,RB,rushing_yards,3.333393939325171,0.7525794971375388,6.279048992138564,veteran_model,True,,False,2026,False,ACT,,deep_bench,deep_bench_discounted,,
00-0040238,LeQuint Allen Jr.,JAX,RB,targets,0.24404114582000594,0.07887255864322569,0.4156287896561083,veteran_model,True,,False,2026,False,ACT,,deep_bench,deep_bench_discounted,,
00-0040719,Bhayshul Tuten,JAX,RB,carries,6.588773016822737,2.9502758977670944,10.431735865566337,veteran_model,False,,False,2026,False,ACT,1.0,starter,curated,,
00-0040719,Bhayshul Tuten,JAX,RB,receiving_tds,0.04418933755932,0.0,0.1552420381232154,veteran_model,False,,False,2026,False,ACT,1.0,starter,curated,,
00-0040719,Bhayshul Tuten,JAX,RB,receiving_yards,10.020985792238221,1.1043286056165016,17.233977605131532,veteran_model,False,,False,2026,False,ACT,1.0,starter,curated,,
00-0040719,Bhayshul Tuten,JAX,RB,receptions,1.1759163548392586,0.22972848512730182,2.224018917291802,veteran_model,False,,False,2026,False,ACT,1.0,starter,curated,,
00-0040719,Bhayshul Tuten,JAX,RB,rushing_tds,0.14263239341965334,0.0,0.37232143192523826,veteran_model,False,,False,2026,False,ACT,1.0,starter,curated,,
00-0040719,Bhayshul Tuten,JAX,RB,rushing_yards,27.563486510819505,10.35805689623529,47.201186862908784,veteran_model,False,,False,2026,False,ACT,1.0,starter,curated,,
00-0040719,Bhayshul Tuten,JAX,RB,targets,1.6415472979598613,0.540423383447993,2.785464923533877,veteran_model,False,,False,2026,False,ACT,1.0,starter,curated,,
00-0041217,J'Mari Taylor,JAX,RB,carries,4.482325424763051,0.9399999999999998,9.588000000000003,rookie_rule,True,udfa,False,2026,False,,,,rookie_path,,below_median
00-0041217,J'Mari Taylor,JAX,RB,receiving_tds,0.02554733856407284,0.0,0.06031666666666668,rookie_rule,True,udfa,False,2026,False,,,,rookie_path,,below_median
00-0041217,J'Mari Taylor,JAX,RB,receiving_yards,6.392533199802975,0.0,15.604000000000001,rookie_rule,True,udfa,False,2026,False,,,,rookie_path,,below_median
00-0041217,J'Mari Taylor,JAX,RB,receptions,0.875653609331094,0.0,1.8799999999999997,rookie_rule,True,udfa,False,2026,False,,,,rookie_path,,below_median
00-0041217,J'Mari Taylor,JAX,RB,rushing_tds,0.1287474628894507,0.0,0.3384000000000003,rookie_rule,True,udfa,False,2026,False,,,,rookie_path,,below_median
00-0041217,J'Mari Taylor,JAX,RB,rushing_yards,17.79280595606407,1.5039999999999998,40.84076190476191,rookie_rule,True,udfa,False,2026,False,,,,rookie_path,,below_median
00-0041217,J'Mari Taylor,JAX,RB,targets,1.1573396066408237,0.0,2.4223076923076934,rookie_rule,True,udfa,False,2026,False,,,,rookie_path,,below_median
00-0033923,Kareem Hunt,KC,RB,carries,1.551016138382145,1.0052415705237985,2.127460565693685,veteran_model,True,,False,2026,False,,,deep_bench,deep_bench_discounted,,
00-0033923,Kareem Hunt,KC,RB,receiving_tds,0.002691891011068363,0.0,0.019349796095652672,veteran_model,True,,False,2026,False,,,deep_bench,deep_bench_discounted,,
00-0033923,Kareem Hunt,KC,RB,receiving_yards,1.3261106716805198,0.0,2.408059443614516,veteran_model,True,,False,2026,False,,,deep_bench,deep_bench_discounted,,
00-0033923,Kareem Hunt,KC,RB,receptions,0.2304978126951125,0.088569632238319,0.38771319706299406,veteran_model,True,,False,2026,False,,,deep_bench,deep_bench_discounted,,
00-0033923,Kareem Hunt,KC,RB,rushing_tds,0.04945352465289806,0.016081021548922537,0.08390688042873579,veteran_model,True,,False,2026,False,,,deep_bench,deep_bench_discounted,,
00-0033923,Kareem Hunt,KC,RB,rushing_yards,5.934115395345782,3.35330095315815,8.879770448159174,veteran_model,True,,False,2026,False,,,deep_bench,deep_bench_discounted,,
00-0033923,Kareem Hunt,KC,RB,targets,0.31366940083990996,0.1485008136631297,0.4852570446760123,veteran_model,True,,False,2026,False,,,deep_bench,deep_bench_discounted,,
00-0036360,Clyde Edwards-Helaire,KC,RB,carries,0.5256295449355346,0.0,1.1020739722470745,veteran_model,True,,False,2026,False,,,deep_bench,deep_bench_discounted,,
00-0036360,Clyde Edwards-Helaire,KC,RB,receiving_tds,0.00099260580869745,0.0,0.017650510893281762,veteran_model,True,,False,2026,False,,,deep_bench,deep_bench_discounted,,
00-0036360,Clyde Edwards-Helaire,KC,RB,receiving_yards,0.7462797146091608,0.0,1.828228486543157,veteran_model,True,,False,2026,False,,,deep_bench,deep_bench_discounted,,
00-0036360,Clyde Edwards-Helaire,KC,RB,receptions,0.09843659984775385,0.0,0.2556519842156354,veteran_model,True,,False,2026,False,,,deep_bench,deep_bench_discounted,,
00-0036360,Clyde Edwards-Helaire,KC,RB,rushing_tds,0.00922713581912872,0.0,0.04368049159496645,veteran_model,True,,False,2026,False,,,deep_bench,deep_bench_discounted,,
00-0036360,Clyde Edwards-Helaire,KC,RB,rushing_yards,2.0101985476029607,0.0,4.955853600416353,veteran_model,True,,False,2026,False,,,deep_bench,deep_bench_discounted,,
00-0036360,Clyde Edwards-Helaire,KC,RB,targets,0.1467970879028529,0.0,0.3183847317389552,veteran_model,True,,False,2026,False,,,deep_bench,deep_bench_discounted,,
00-0038134,Kenneth Walker III,KC,RB,carries,14.23397482197123,10.595477702915588,18.07693767071483,veteran_model,False,,False,2026,True,ACT,1.0,starter,curated,,
00-0038134,Kenneth Walker III,KC,RB,receiving_tds,0.10859181984981064,0.04659304238180524,0.21964452041370605,veteran_model,False,,False,2026,True,ACT,1.0,starter,curated,,
00-0038134,Kenneth Walker III,KC,RB,receiving_yards,16.128504518256683,7.211847331634964,23.341496331149994,veteran_model,False,,False,2026,True,ACT,1.0,starter,curated,,
00-0038134,Kenneth Walker III,KC,RB,receptions,2.1964944089090626,1.2503065391971058,3.244596971361606,veteran_model,False,,False,2026,True,ACT,1.0,starter,curated,,
00-0038134,Kenneth Walker III,KC,RB,rushing_tds,0.4046991998086199,0.18221584578211641,0.6343882383142048,veteran_model,False,,False,2026,True,ACT,1.0,starter,curated,,
00-0038134,Kenneth Walker III,KC,RB,rushing_yards,61.13446996967946,43.92904035509524,80.77217032176874,veteran_model,False,,False,2026,True,ACT,1.0,starter,curated,,
00-0038134,Kenneth Walker III,KC,RB,targets,3.233703439041299,2.132579524529431,4.377621064615314,veteran_model,False,,False,2026,True,ACT,1.0,starter,curated,,
00-0038705,Emari Demercado,KC,RB,carries,8.913608444866119,5.275111325810476,12.756571293609719,veteran_model,False,,False,2026,True,ACT,2.0,committee,curated,,
00-0038705,Emari Demercado,KC,RB,receiving_tds,0.07047887112740346,0.008480093659398058,0.18153157169129885,veteran_model,False,,False,2026,True,ACT,2.0,committee,curated,,
00-0038705,Emari Demercado,KC,RB,receiving_yards,13.84607972415834,4.92942253753662,21.05907153705165,veteran_model,False,,False,2026,True,ACT,2.0,committee,curated,,
00-0038705,Emari Demercado,KC,RB,receptions,2.2192209162249705,1.2730330465130137,3.267323478677514,veteran_model,False,,False,2026,True,ACT,2.0,committee,curated,,
00-0038705,Emari Demercado,KC,RB,rushing_tds,0.32640330286672037,0.10391994884021688,0.5560923413723052,veteran_model,False,,False,2026,True,ACT,2.0,committee,curated,,
00-0038705,Emari Demercado,KC,RB,rushing_yards,43.46446581767361,26.259036203089398,63.102166169762896,veteran_model,False,,False,2026,True,ACT,2.0,committee,curated,,
00-0038705,Emari Demercado,KC,RB,targets,2.8786227329274037,1.7774988184155354,4.022540358501419,veteran_model,False,,False,2026,True,ACT,2.0,committee,curated,,
00-0040078,Brashard Smith,KC,RB,carries,0.6089510811289768,0.06317651327063041,1.1853955084405168,veteran_model,True,,False,2026,False,ACT,,deep_bench,deep_bench_discounted,,
00-0040078,Brashard Smith,KC,RB,receiving_tds,0.009337168389637803,3.7351769436992645e-05,0.025995073474222117,veteran_model,True,,False,2026,False,ACT,,deep_bench,deep_bench_discounted,,
00-0040078,Brashard Smith,KC,RB,receiving_yards,2.0550297117245577,0.7175311337313,3.1369784836585546,veteran_model,True,,False,2026,False,ACT,,deep_bench,deep_bench_discounted,,
00-0040078,Brashard Smith,KC,RB,receptions,0.29366600561923506,0.15173782516244153,0.4508813899871166,veteran_model,True,,False,2026,False,ACT,,deep_bench,deep_bench_discounted,,
00-0040078,Brashard Smith,KC,RB,rushing_tds,0.015498099846964033,0.0,0.04995145562280177,veteran_model,True,,False,2026,False,ACT,,deep_bench,deep_bench_discounted,,
00-0040078,Brashard Smith,KC,RB,rushing_yards,2.530690854083131,0.0,5.4763459068965235,veteran_model,True,,False,2026,False,ACT,,deep_bench,deep_bench_discounted,,
00-0040078,Brashard Smith,KC,RB,targets,0.35912042176091635,0.1939518345841361,0.5307080655970187,veteran_model,True,,False,2026,False,ACT,,deep_bench,deep_bench_discounted,,
00-0040959,Jaydn Ott,KC,RB,carries,4.768431302939416,1.0,10.200000000000005,rookie_rule,True,udfa,False,2026,False,,,,rookie_path,,no_data
00-0040959,Jaydn Ott,KC,RB,receiving_tds,0.02717801974901366,0.0,0.06416666666666668,rookie_rule,True,udfa,False,2026,False,,,,rookie_path,,no_data
00-0040959,Jaydn Ott,KC,RB,receiving_yards,6.800567233832953,0.0,16.6,rookie_rule,True,udfa,False,2026,False,,,,rookie_path,,no_data
00-0040959,Jaydn Ott,KC,RB,receptions,0.9315463929054193,0.0,2.0,rookie_rule,True,udfa,False,2026,False,,,,rookie_path,,no_data
00-0040959,Jaydn Ott,KC,RB,rushing_tds,0.13696538605260714,0.0,0.3600000000000004,rookie_rule,True,udfa,False,2026,False,,,,rookie_path,,no_data
00-0040959,Jaydn Ott,KC,RB,rushing_yards,18.928516974536244,1.5999999999999996,43.44761904761906,rookie_rule,True,udfa,False,2026,False,,,,rookie_path,,no_data
00-0040959,Jaydn Ott,KC,RB,targets,1.2312123474902381,0.0,2.576923076923078,rookie_rule,True,udfa,False,2026,False,,,,rookie_path,,no_data
00-0040964,EJ Smith,KC,RB,carries,4.768431302939416,1.0,10.200000000000005,rookie_rule,True,udfa,False,2026,False,,,,rookie_path,,no_data
00-0040964,EJ Smith,KC,RB,receiving_tds,0.02717801974901366,0.0,0.06416666666666668,rookie_rule,True,udfa,False,2026,False,,,,rookie_path,,no_data
00-0040964,EJ Smith,KC,RB,receiving_yards,6.800567233832953,0.0,16.6,rookie_rule,True,udfa,False,2026,False,,,,rookie_path,,no_data
00-0040964,EJ Smith,KC,RB,receptions,0.9315463929054193,0.0,2.0,rookie_rule,True,udfa,False,2026,False,,,,rookie_path,,no_data
00-0040964,EJ Smith,KC,RB,rushing_tds,0.13696538605260714,0.0,0.3600000000000004,rookie_rule,True,udfa,False,2026,False,,,,rookie_path,,no_data
00-0040964,EJ Smith,KC,RB,rushing_yards,18.928516974536244,1.5999999999999996,43.44761904761906,rookie_rule,True,udfa,False,2026,False,,,,rookie_path,,no_data
00-0040964,EJ Smith,KC,RB,targets,1.2312123474902381,0.0,2.576923076923078,rookie_rule,True,udfa,False,2026,False,,,,rookie_path,,no_data
JOH224817,Emmett Johnson,KC,RB,carries,5.930558383547072,1.7322077922077923,11.768142857142857,rookie_rule,True,drafted,False,2026,False,,,,rookie_path,,above_median
JOH224817,Emmett Johnson,KC,RB,receiving_tds,0.049407625556946826,0.0,0.14400000000000002,rookie_rule,True,drafted,False,2026,False,,,,rookie_path,,above_median
JOH224817,Emmett Johnson,KC,RB,receiving_yards,8.616657519705031,0.0,17.94944117647059,rookie_rule,True,drafted,False,2026,False,,,,rookie_path,,above_median
JOH224817,Emmett Johnson,KC,RB,receptions,1.1555317676290526,0.0,2.327400000000001,rookie_rule,True,drafted,False,2026,False,,,,rookie_path,,above_median
JOH224817,Emmett Johnson,KC,RB,rushing_tds,0.14039196324037953,0.0,0.3375,rookie_rule,True,drafted,False,2026,False,,,,rookie_path,,above_median
JOH224817,Emmett Johnson,KC,RB,rushing_yards,23.315156422762758,3.9312000000000027,49.88427149321267,rookie_rule,True,drafted,False,2026,False,,,,rookie_path,,above_median
JOH224817,Emmett Johnson,KC,RB,targets,1.5172838006638913,0.0,3.118500000000002,rookie_rule,True,drafted,False,2026,False,,,,rookie_path,,above_median
00-0037557,Ronnie Rivers,LA,RB,carries,0.821381020620772,0.2756064527624257,1.397825447932312,veteran_model,True,,False,2026,False,ACT,,deep_bench,deep_bench_discounted,,
00-0037557,Ronnie Rivers,LA,RB,receiving_tds,0.004946784539756581,0.0,0.02160468962434089,veteran_model,True,,False,2026,False,ACT,,deep_bench,deep_bench_discounted,,
00-0037557,Ronnie Rivers,LA,RB,receiving_yards,0.7582371734290673,0.0,1.8401859453630636,veteran_model,True,,False,2026,False,ACT,,deep_bench,deep_bench_discounted,,
00-0037557,Ronnie Rivers,LA,RB,receptions,0.13633725291789137,0.0,0.29355263728577285,veteran_model,True,,False,2026,False,ACT,,deep_bench,deep_bench_discounted,,
00-0037557,Ronnie Rivers,LA,RB,rushing_tds,0.012960350964348014,0.0,0.04741370674018575,veteran_model,True,,False,2026,False,ACT,,deep_bench,deep_bench_discounted,,
00-0037557,Ronnie Rivers,LA,RB,rushing_yards,2.8463358239119465,0.2655213817243142,5.791990876725339,veteran_model,True,,False,2026,False,ACT,,deep_bench,deep_bench_discounted,,
00-0037557,Ronnie Rivers,LA,RB,targets,0.18916454002107044,0.02399595284429019,0.3607521838571727,veteran_model,True,,False,2026,False,ACT,,deep_bench,deep_bench_discounted,,
00-0037840,Kyren Williams,LA,RB,carries,12.268167742463655,8.629670623408012,16.111130591207257,veteran_model,False,,False,2026,False,ACT,1.0,starter,curated,,
00-0037840,Kyren Williams,LA,RB,receiving_tds,0.039606400100167354,0.0,0.15065910066406277,veteran_model,False,,False,2026,False,ACT,1.0,starter,curated,,
00-0037840,Kyren Williams,LA,RB,receiving_yards,16.487401272145547,7.5707440855238275,23.700393085038858,veteran_model,False,,False,2026,False,ACT,1.0,starter,curated,,
00-0037840,Kyren Williams,LA,RB,receptions,2.1531648332752518,1.206976963563295,3.201267395727795,veteran_model,False,,False,2026,False,ACT,1.0,starter,curated,,
00-0037840,Kyren Williams,LA,RB,rushing_tds,0.3005789994608552,0.07809564543435171,0.5302680379664401,veteran_model,False,,False,2026,False,ACT,1.0,starter,curated,,
00-0037840,Kyren Williams,LA,RB,rushing_yards,48.82686171176382,31.621432097179603,68.4645620638531,veteran_model,False,,False,2026,False,ACT,1.0,starter,curated,,
00-0037840,Kyren Williams,LA,RB,targets,2.9640383782624617,1.8629144637505934,4.1079560038364775,veteran_model,False,,False,2026,False,ACT,1.0,starter,curated,,
00-0039738,Blake Corum,LA,RB,carries,8.858859175583648,5.220362056528005,12.701822024327248,veteran_model,False,,False,2026,False,ACT,2.0,backup,curated,,
00-0039738,Blake Corum,LA,RB,receiving_tds,0.04709225113067128,0.0,0.1581449516945667,veteran_model,False,,False,2026,False,ACT,2.0,backup,curated,,
00-0039738,Blake Corum,LA,RB,receiving_yards,5.69879016179123,0.0,12.91178197468454,veteran_model,False,,False,2026,False,ACT,2.0,backup,curated,,
00-0039738,Blake Corum,LA,RB,receptions,1.0748112454874033,0.12862337577544647,2.1229138079399466,veteran_model,False,,False,2026,False,ACT,2.0,backup,curated,,
00-0039738,Blake Corum,LA,RB,rushing_tds,0.2274905185915131,0.005007164565009603,0.457179557097098,veteran_model,False,,False,2026,False,ACT,2.0,backup,curated,,
00-0039738,Blake Corum,LA,RB,rushing_yards,34.18951403248604,16.984084417901823,53.82721438457532,veteran_model,False,,False,2026,False,ACT,2.0,backup,curated,,
00-0039738,Blake Corum,LA,RB,targets,1.5419594435689037,0.4408355290570354,2.6858770691429195,veteran_model,False,,False,2026,False,ACT,2.0,backup,curated,,
00-0041415,Dean Connors,LA,RB,carries,1.4305293908818248,0.3,3.060000000000001,rookie_rule,True,udfa,False,2026,False,,,,rookie_path,,no_data
00-0041415,Dean Connors,LA,RB,receiving_tds,0.008153405924704099,0.0,0.019250000000000007,rookie_rule,True,udfa,False,2026,False,,,,rookie_path,,no_data
00-0041415,Dean Connors,LA,RB,receiving_yards,2.040170170149886,0.0,4.980000000000001,rookie_rule,True,udfa,False,2026,False,,,,rookie_path,,no_data
00-0041415,Dean Connors,LA,RB,receptions,0.2794639178716258,0.0,0.6,rookie_rule,True,udfa,False,2026,False,,,,rookie_path,,no_data
00-0041415,Dean Connors,LA,RB,rushing_tds,0.04108961581578214,0.0,0.10800000000000011,rookie_rule,True,udfa,False,2026,False,,,,rookie_path,,no_data
00-0041415,Dean Connors,LA,RB,rushing_yards,5.678555092360873,0.4799999999999999,13.034285714285717,rookie_rule,True,udfa,False,2026,False,,,,rookie_path,,no_data
00-0041415,Dean Connors,LA,RB,targets,0.36936370424707143,0.0,0.7730769230769234,rookie_rule,True,udfa,False,2026,False,,,,rookie_path,,no_data
00-0034367,Nyheim Hines,LAC,RB,carries,0.8104618271133023,0.2646872592549559,1.3869062544248423,veteran_model,True,,False,2026,False,,,deep_bench,deep_bench_discounted,,
00-0034367,Nyheim Hines,LAC,RB,receiving_tds,0.003062804028577237,0.0,0.01972070911316155,veteran_model,True,,False,2026,False,,,deep_bench,deep_bench_discounted,,
00-0034367,Nyheim Hines,LAC,RB,receiving_yards,0.6088095744862284,0.0,1.690758346420225,veteran_model,True,,False,2026,False,,,deep_bench,deep_bench_discounted,,
00-0034367,Nyheim Hines,LAC,RB,receptions,0.10793186803612155,0.0,0.26514725240400305,veteran_model,True,,False,2026,False,,,deep_bench,deep_bench_discounted,,
00-0034367,Nyheim Hines,LAC,RB,rushing_tds,0.013442366017068929,0.0,0.047895721792906666,veteran_model,True,,False,2026,False,,,deep_bench,deep_bench_discounted,,
00-0034367,Nyheim Hines,LAC,RB,rushing_yards,3.245495762945945,0.6646813207583129,6.191150815759338,veteran_model,True,,False,2026,False,,,deep_bench,deep_bench_discounted,,
00-0034367,Nyheim Hines,LAC,RB,targets,0.12335995516275043,0.0,0.29494759899885276,veteran_model,True,,False,2026,False,,,deep_bench,deep_bench_discounted,,
00-0036755,Jaret Patterson,LAC,RB,carries,0.9859377822325487,0.44016321437420236,1.5623822095440887,veteran_model,True,,False,2026,False,ACT,,deep_bench,deep_bench_discounted,,
00-0036755,Jaret Patterson,LAC,RB,receiving_tds,0.0026899845767917236,0.0,0.019347889661376034,veteran_model,True,,False,2026,False,ACT,,deep_bench,deep_bench_discounted,,
00-0036755,Jaret Patterson,LAC,RB,receiving_yards,0.8647565220197829,0.0,1.9467052939537794,veteran_model,True,,False,2026,False,ACT,,deep_bench,deep_bench_discounted,,
00-0036755,Jaret Patterson,LAC,RB,receptions,0.09745365253153553,0.0,0.25466903689941706,veteran_model,True,,False,2026,False,ACT,,deep_bench,deep_bench_discounted,,
00-0036755,Jaret Patterson,LAC,RB,rushing_tds,0.027299197716207008,0.0,0.06175255349204473,veteran_model,True,,False,2026,False,ACT,,deep_bench,deep_bench_discounted,,
00-0036755,Jaret Patterson,LAC,RB,rushing_yards,4.782337122913786,2.2015226807261534,7.727992175727178,veteran_model,True,,False,2026,False,ACT,,deep_bench,deep_bench_discounted,,
00-0036755,Jaret Patterson,LAC,RB,targets,0.124116534873514,0.0,0.29570417870961635,veteran_model,True,,False,2026,False,ACT,,deep_bench,deep_bench_discounted,,
00-0036893,Najee Harris,LAC,RB,carries,0.88268808330744,0.3369135154490936,1.4591325106189799,veteran_model,True,,False,2026,False,,,deep_bench,deep_bench_discounted,,
00-0036893,Najee Harris,LAC,RB,receiving_tds,0.0032577517677146823,0.0,0.019915656852298996,veteran_model,True,,False,2026,False,,,deep_bench,deep_bench_discounted,,
00-0036893,Najee Harris,LAC,RB,receiving_yards,0.9935772033417675,0.0,2.0755259752757635,veteran_model,True,,False,2026,False,,,deep_bench,deep_bench_discounted,,
00-0036893,Najee Harris,LAC,RB,receptions,0.1365751183450282,0.0,0.2937905027129097,veteran_model,True,,False,2026,False,,,deep_bench,deep_bench_discounted,,
00-0036893,Najee Harris,LAC,RB,rushing_tds,0.016107203587202662,0.0,0.050560559363040394,veteran_model,True,,False,2026,False,,,deep_bench,deep_bench_discounted,,
00-0036893,Najee Harris,LAC,RB,rushing_yards,3.318712378916645,0.7378979367290125,6.264367431730037,veteran_model,True,,False,2026,False,,,deep_bench,deep_bench_discounted,,
00-0036893,Najee Harris,LAC,RB,targets,0.18141363003483932,0.016245042858059076,0.35300127387094166,veteran_model,True,,False,2026,False,,,deep_bench,deep_bench_discounted,,
00-0037617,Hassan Haskins,LAC,RB,carries,0.6205525770362471,0.07477800917790078,1.196997004347787,veteran_model,True,,False,2026,False,,,deep_bench,deep_bench_discounted,,
00-0037617,Hassan Haskins,LAC,RB,receiving_tds,0.0032577517677146823,0.0,0.019915656852298996,veteran_model,True,,False,2026,False,,,deep_bench,deep_bench_discounted,,
00-0037617,Hassan Haskins,LAC,RB,receiving_yards,0.6669200659319897,0.0,1.748868837865986,veteran_model,True,,False,2026,False,,,deep_bench,deep_bench_discounted,,
00-0037617,Hassan Haskins,LAC,RB,receptions,0.099955600071413,0.0,0.25717098443929454,veteran_model,True,,False,2026,False,,,deep_bench,deep_bench_discounted,,
00-0037617,Hassan Haskins,LAC,RB,rushing_tds,0.012887328985821662,0.0,0.047340684761659396,veteran_model,True,,False,2026,False,,,deep_bench,deep_bench_discounted,,
00-0037617,Hassan Haskins,LAC,RB,rushing_yards,2.7068410164033954,0.12602657421576335,5.652496069216788,veteran_model,True,,False,2026,False,,,deep_bench,deep_bench_discounted,,
00-0037617,Hassan Haskins,LAC,RB,targets,0.13559456557041144,0.0,0.30718220940651375,veteran_model,True,,False,2026,False,,,deep_bench,deep_bench_discounted,,
00-0038454,Keaton Mitchell,LAC,RB,carries,3.8345913852236038,0.19609426616796144,7.677554233967204,veteran_model,False,,False,2026,True,ACT,2.0,backup,curated,,
00-0038454,Keaton Mitchell,LAC,RB,receiving_tds,0.023809392347230847,0.0,0.13486209291112625,veteran_model,False,,False,2026,True,ACT,2.0,backup,curated,,
00-0038454,Keaton Mitchell,LAC,RB,receiving_yards,4.7374847003429,0.0,11.950476513236211,veteran_model,False,,False,2026,True,ACT,2.0,backup,curated,,
00-0038454,Keaton Mitchell,LAC,RB,receptions,0.7641265556935796,0.0,1.812229118146123,veteran_model,False,,False,2026,True,ACT,2.0,backup,curated,,
00-0038454,Keaton Mitchell,LAC,RB,rushing_tds,0.08525671164826891,0.0,0.3149457501538538,veteran_model,False,,False,2026,True,ACT,2.0,backup,curated,,
00-0038454,Keaton Mitchell,LAC,RB,rushing_yards,18.119061030840395,0.9136314162561803,37.75676138292968,veteran_model,False,,False,2026,True,ACT,2.0,backup,curated,,
00-0038454,Keaton Mitchell,LAC,RB,targets,1.1541826285216568,0.053058714009788455,2.2981002540956723,veteran_model,False,,False,2026,True,ACT,2.0,backup,curated,,
00-0039391,Kimani Vidal,LAC,RB,carries,1.4519563717992556,0.9061818039409091,2.0284007991107953,veteran_model,True,,False,2026,False,ACT,,deep_bench,deep_bench_discounted,,
00-0039391,Kimani Vidal,LAC,RB,receiving_tds,0.00866892913803794,0.0,0.02532683422262225,veteran_model,True,,False,2026,False,ACT,,deep_bench,deep_bench_discounted,,
00-0039391,Kimani Vidal,LAC,RB,receiving_yards,2.0590770992007066,0.7215785212074487,3.141025871134703,veteran_model,True,,False,2026,False,ACT,,deep_bench,deep_bench_discounted,,
00-0039391,Kimani Vidal,LAC,RB,receptions,0.3052344230761229,0.16330624261932938,0.46244980744400443,veteran_model,True,,False,2026,False,ACT,,deep_bench,deep_bench_discounted,,
00-0039391,Kimani Vidal,LAC,RB,rushing_tds,0.05450466221956063,0.02113215911558511,0.08895801799539836,veteran_model,True,,False,2026,False,ACT,,deep_bench,deep_bench_discounted,,
00-0039391,Kimani Vidal,LAC,RB,rushing_yards,6.322843688571295,3.742029246383663,9.268498741384688,veteran_model,True,,False,2026,False,ACT,,deep_bench,deep_bench_discounted,,
00-0039391,Kimani Vidal,LAC,RB,targets,0.3552670153616748,0.19009842818489456,0.5268546591977772,veteran_model,True,,False,2026,False,ACT,,deep_bench,deep_bench_discounted,,
00-0040039,Amar Johnson,LAC,RB,carries,0.7117713056594311,0.16599673780108476,1.288215732970971,veteran_model,True,,False,2026,False,ACT,,deep_bench,deep_bench_discounted,,
00-0040039,Amar Johnson,LAC,RB,receiving_tds,0.0027582185466754356,0.0,0.019416123631259746,veteran_model,True,,False,2026,False,ACT,,deep_bench,deep_bench_discounted,,
00-0040039,Amar Johnson,LAC,RB,receiving_yards,0.6088095744862284,0.0,1.690758346420225,veteran_model,True,,False,2026,False,ACT,,deep_bench,deep_bench_discounted,,
00-0040039,Amar Johnson,LAC,RB,receptions,0.10793186803612155,0.0,0.26514725240400305,veteran_model,True,,False,2026,False,ACT,,deep_bench,deep_bench_discounted,,
00-0040039,Amar Johnson,LAC,RB,rushing_tds,0.013442366017068929,0.0,0.047895721792906666,veteran_model,True,,False,2026,False,ACT,,deep_bench,deep_bench_discounted,,
00-0040039,Amar Johnson,LAC,RB,rushing_yards,2.8713349593042903,0.290520517116658,5.8169900121176825,veteran_model,True,,False,2026,False,ACT,,deep_bench,deep_bench_discounted,,
00-0040039,Amar Johnson,LAC,RB,targets,0.12335995516275043,0.0,0.29494759899885276,veteran_model,True,,False,2026,False,ACT,,deep_bench,deep_bench_discounted,,
00-0040666,Omarion Hampton,LAC,RB,carries,12.225705162619386,8.587208043563743,16.068668011362988,veteran_model,False,,False,2026,False,ACT,1.0,starter,curated,,
00-0040666,Omarion Hampton,LAC,RB,receiving_tds,0.032276688511577216,0.0,0.14332938907547263,veteran_model,False,,False,2026,False,ACT,1.0,starter,curated,,
00-0040666,Omarion Hampton,LAC,RB,receiving_yards,14.048977180348228,5.132319993726508,21.26196899324154,veteran_model,False,,False,2026,False,ACT,1.0,starter,curated,,
00-0040666,Omarion Hampton,LAC,RB,receptions,2.3294248295622655,1.3832369598503087,3.377527392014809,veteran_model,False,,False,2026,False,ACT,1.0,starter,curated,,
00-0040666,Omarion Hampton,LAC,RB,rushing_tds,0.3881446795291752,0.1656613255026717,0.6178337180347601,veteran_model,False,,False,2026,False,ACT,1.0,starter,curated,,
00-0040666,Omarion Hampton,LAC,RB,rushing_yards,55.389633121023444,38.18420350643923,75.02733347311272,veteran_model,False,,False,2026,False,ACT,1.0,starter,curated,,
00-0040666,Omarion Hampton,LAC,RB,targets,2.9068440210698707,1.8057201065580024,4.0507616466438865,veteran_model,False,,False,2026,False,ACT,1.0,starter,curated,,
00-0041376,Gregory Desrosiers,LAC,RB,carries,1.4305293908818248,0.3,3.060000000000001,rookie_rule,True,udfa,False,2026,False,,,,rookie_path,,no_data
00-0041376,Gregory Desrosiers,LAC,RB,receiving_tds,0.008153405924704099,0.0,0.019250000000000007,rookie_rule,True,udfa,False,2026,False,,,,rookie_path,,no_data
00-0041376,Gregory Desrosiers,LAC,RB,receiving_yards,2.040170170149886,0.0,4.980000000000001,rookie_rule,True,udfa,False,2026,False,,,,rookie_path,,no_data
00-0041376,Gregory Desrosiers,LAC,RB,receptions,0.2794639178716258,0.0,0.6,rookie_rule,True,udfa,False,2026,False,,,,rookie_path,,no_data
00-0041376,Gregory Desrosiers,LAC,RB,rushing_tds,0.04108961581578214,0.0,0.10800000000000011,rookie_rule,True,udfa,False,2026,False,,,,rookie_path,,no_data
00-0041376,Gregory Desrosiers,LAC,RB,rushing_yards,5.678555092360873,0.4799999999999999,13.034285714285717,rookie_rule,True,udfa,False,2026,False,,,,rookie_path,,no_data
00-0041376,Gregory Desrosiers,LAC,RB,targets,0.36936370424707143,0.0,0.7730769230769234,rookie_rule,True,udfa,False,2026,False,,,,rookie_path,,no_data
00-0031687,Raheem Mostert,LV,RB,carries,0.46495969430951006,0.0,1.0414041216210501,veteran_model,True,,False,2026,False,,,deep_bench,deep_bench_discounted,,
00-0031687,Raheem Mostert,LV,RB,receiving_tds,0.004138158525503023,0.0,0.020796063610087335,veteran_model,True,,False,2026,False,,,deep_bench,deep_bench_discounted,,
00-0031687,Raheem Mostert,LV,RB,receiving_yards,0.7444886146090476,0.0,1.826437386543044,veteran_model,True,,False,2026,False,,,deep_bench,deep_bench_discounted,,
00-0031687,Raheem Mostert,LV,RB,receptions,0.11614061867665142,0.0,0.27335600304453295,veteran_model,True,,False,2026,False,,,deep_bench,deep_bench_discounted,,
00-0031687,Raheem Mostert,LV,RB,rushing_tds,0.0063595187393821655,0.0,0.040812874515219894,veteran_model,True,,False,2026,False,,,deep_bench,deep_bench_discounted,,
00-0031687,Raheem Mostert,LV,RB,rushing_yards,2.243977571420168,0.0,5.18963262423356,veteran_model,True,,False,2026,False,,,deep_bench,deep_bench_discounted,,
00-0031687,Raheem Mostert,LV,RB,targets,0.1757759232937145,0.010607336116934263,0.3473635671298168,veteran_model,True,,False,2026,False,,,deep_bench,deep_bench_discounted,,
00-0038040,Zamir White,LV,RB,carries,0.44422455206519806,0.0,1.020668979376738,veteran_model,True,,False,2026,False,,,deep_bench,deep_bench_discounted,,
00-0038040,Zamir White,LV,RB,receiving_tds,0.003233984888389161,0.0,0.019891889972973472,veteran_model,True,,False,2026,False,,,deep_bench,deep_bench_discounted,,
00-0038040,Zamir White,LV,RB,receiving_yards,0.7277847047850912,0.0,1.8097334767190876,veteran_model,True,,False,2026,False,,,deep_bench,deep_bench_discounted,,
00-0038040,Zamir White,LV,RB,receptions,0.11004915093971507,0.0,0.2672645353075966,veteran_model,True,,False,2026,False,,,deep_bench,deep_bench_discounted,,
00-0038040,Zamir White,LV,RB,rushing_tds,0.004912135808502852,0.0,0.039365491584340585,veteran_model,True,,False,2026,False,,,deep_bench,deep_bench_discounted,,
00-0038040,Zamir White,LV,RB,rushing_yards,1.8494191605533477,0.0,4.79507421336674,veteran_model,True,,False,2026,False,,,deep_bench,deep_bench_discounted,,
00-0038040,Zamir White,LV,RB,targets,0.14832090937630077,0.0,0.3199085532124031,veteran_model,True,,False,2026,False,,,deep_bench,deep_bench_discounted,,
00-0039407,Dylan Laube,LV,RB,carries,2.2530083465636364,0.0,6.095971195307236,veteran_model,False,,False,2026,False,ACT,2.0,backup,curated,,
00-0039407,Dylan Laube,LV,RB,receiving_tds,0.02155989925592774,0.0,0.13261259981982315,veteran_model,False,,False,2026,False,ACT,2.0,backup,curated,,
00-0039407,Dylan Laube,LV,RB,receiving_yards,3.235419079296928,0.0,10.448410892190237,veteran_model,False,,False,2026,False,ACT,2.0,backup,curated,,
00-0039407,Dylan Laube,LV,RB,receptions,0.5307225093552518,0.0,1.5788250718077954,veteran_model,False,,False,2026,False,ACT,2.0,backup,curated,,
00-0039407,Dylan Laube,LV,RB,rushing_tds,0.03274757205668568,0.0,0.2624366105622706,veteran_model,False,,False,2026,False,ACT,2.0,backup,curated,,
00-0039407,Dylan Laube,LV,RB,rushing_yards,12.058480145885246,0.0,31.69618049797453,veteran_model,False,,False,2026,False,ACT,2.0,backup,curated,,
00-0039407,Dylan Laube,LV,RB,targets,0.7637484605649325,0.0,1.907666086138948,veteran_model,False,,False,2026,False,ACT,2.0,backup,curated,,
00-0040122,Ashton Jeanty,LV,RB,carries,14.661765359672938,11.023268240617295,18.504728208416537,veteran_model,False,,False,2026,False,ACT,1.0,starter,curated,,
00-0040122,Ashton Jeanty,LV,RB,receiving_tds,0.1731791768870068,0.11118039941900139,0.28423187745090217,veteran_model,False,,False,2026,False,ACT,1.0,starter,curated,,
00-0040122,Ashton Jeanty,LV,RB,receiving_yards,27.531182509183544,18.614525322561825,34.74417432207685,veteran_model,False,,False,2026,False,ACT,1.0,starter,curated,,
00-0040122,Ashton Jeanty,LV,RB,receptions,3.3989594131098424,2.4527715433978856,4.447061975562386,veteran_model,False,,False,2026,False,ACT,1.0,starter,curated,,
00-0040122,Ashton Jeanty,LV,RB,rushing_tds,0.3780319014408363,0.15554854741433283,0.6077209399464212,veteran_model,False,,False,2026,False,ACT,1.0,starter,curated,,
00-0040122,Ashton Jeanty,LV,RB,rushing_yards,62.71601899088079,45.51058937629658,82.35371934297007,veteran_model,False,,False,2026,False,ACT,1.0,starter,curated,,
00-0040122,Ashton Jeanty,LV,RB,targets,4.265107243244614,3.163983328732746,5.40902486881863,veteran_model,False,,False,2026,False,ACT,1.0,starter,curated,,
00-0040998,Roman Hemby,LV,RB,carries,3.128211710037106,0.6560253281008315,6.691458346628483,rookie_rule,True,udfa,False,2026,False,,,,rookie_path,,no_data
00-0040998,Roman Hemby,LV,RB,receiving_tds,0.017829469322977565,0.0,0.0420949585531367,rookie_rule,True,udfa,False,2026,False,,,,rookie_path,,no_data
00-0040998,Roman Hemby,LV,RB,receiving_yards,4.4613443508470265,0.0,10.890020446473804,rookie_rule,True,udfa,False,2026,False,,,,rookie_path,,no_data
00-0040998,Roman Hemby,LV,RB,receptions,0.6111180280469237,0.0,1.3120506562016627,rookie_rule,True,udfa,False,2026,False,,,,rookie_path,,no_data
00-0040998,Roman Hemby,LV,RB,rushing_tds,0.08985276232361865,0.0,0.2361691181162996,rookie_rule,True,udfa,False,2026,False,,,,rookie_path,,no_data
00-0040998,Roman Hemby,LV,RB,rushing_yards,12.417586558682297,1.04964052496133,28.502738540914226,rookie_rule,True,udfa,False,2026,False,,,,rookie_path,,no_data
00-0040998,Roman Hemby,LV,RB,targets,0.8077064842240784,0.0,1.6905268070290667,rookie_rule,True,udfa,False,2026,False,,,,rookie_path,,no_data
WAS797326,Mike Washington Jr.,LV,RB,carries,3.502285767752632,1.022953709429814,6.949665878982589,rookie_rule,True,drafted,False,2026,False,,,,rookie_path,,above_median
WAS797326,Mike Washington Jr.,LV,RB,receiving_tds,0.029177627571562816,0.0,0.08503906680280235,rookie_rule,True,drafted,False,2026,False,,,,rookie_path,,above_median
WAS797326,Mike Washington Jr.,LV,RB,receiving_yards,5.088559128021287,0.0,10.600025883880926,rookie_rule,True,drafted,False,2026,False,,,,rookie_path,,above_median
WAS797326,Mike Washington Jr.,LV,RB,receptions,0.6823982165289394,0.0,1.3744439172002934,rookie_rule,True,drafted,False,2026,False,,,,rookie_path,,above_median
WAS797326,Mike Washington Jr.,LV,RB,rushing_tds,0.08290834403177226,0.0,0.199310312819068,rookie_rule,True,drafted,False,2026,False,,,,rookie_path,,above_median
WAS797326,Mike Washington Jr.,LV,RB,rushing_yards,13.768744059396587,2.321566523716506,29.459110388336402,rookie_rule,True,drafted,False,2026,False,,,,rookie_path,,above_median
WAS797326,Mike Washington Jr.,LV,RB,targets,0.8960305450240729,0.0,1.8416272904481892,rookie_rule,True,drafted,False,2026,False,,,,rookie_path,,above_median
00-0039040,De'Von Achane,MIA,RB,carries,16.026043683329956,12.387546564274313,19.869006532073556,veteran_model,False,,False,2026,False,ACT,1.0,starter,curated,,
00-0039040,De'Von Achane,MIA,RB,receiving_tds,0.14903134428675122,0.08703256681874581,0.2600840448506466,veteran_model,False,,False,2026,False,ACT,1.0,starter,curated,,
00-0039040,De'Von Achane,MIA,RB,receiving_yards,29.614738013144724,20.698080826523004,36.82772982603803,veteran_model,False,,False,2026,False,ACT,1.0,starter,curated,,
00-0039040,De'Von Achane,MIA,RB,receptions,3.5365519150640314,2.5903640453520747,4.584654477516575,veteran_model,False,,False,2026,False,ACT,1.0,starter,curated,,
00-0039040,De'Von Achane,MIA,RB,rushing_tds,0.5440791807285272,0.32159582670202375,0.7737682192341121,veteran_model,False,,False,2026,False,ACT,1.0,starter,curated,,
00-0039040,De'Von Achane,MIA,RB,rushing_yards,76.45107943289642,59.2456498183122,96.0887797849857,veteran_model,False,,False,2026,False,ACT,1.0,starter,curated,,
00-0039040,De'Von Achane,MIA,RB,targets,4.297610599315735,3.196486684803867,5.441528224889751,veteran_model,False,,False,2026,False,ACT,1.0,starter,curated,,
00-0039874,Jaylen Wright,MIA,RB,carries,0.9302228041379342,0.3844482362795879,1.5066672314494742,veteran_model,True,,False,2026,False,ACT,,deep_bench,deep_bench_discounted,,
00-0039874,Jaylen Wright,MIA,RB,receiving_tds,0.002408801834630965,0.0,0.019066706919215273,veteran_model,True,,False,2026,False,ACT,,deep_bench,deep_bench_discounted,,
00-0039874,Jaylen Wright,MIA,RB,receiving_yards,1.0024384589316873,0.0,2.084387230865684,veteran_model,True,,False,2026,False,ACT,,deep_bench,deep_bench_discounted,,
00-0039874,Jaylen Wright,MIA,RB,receptions,0.13202315941280293,0.0,0.2892385437806844,veteran_model,True,,False,2026,False,ACT,,deep_bench,deep_bench_discounted,,
00-0039874,Jaylen Wright,MIA,RB,rushing_tds,0.021396346552474018,0.0,0.055849702328311754,veteran_model,True,,False,2026,False,ACT,,deep_bench,deep_bench_discounted,,
00-0039874,Jaylen Wright,MIA,RB,rushing_yards,3.52316326752922,0.9423488253415879,6.468818320342612,veteran_model,True,,False,2026,False,ACT,,deep_bench,deep_bench_discounted,,
00-0039874,Jaylen Wright,MIA,RB,targets,0.14527611928024958,0.0,0.31686376311635195,veteran_model,True,,False,2026,False,ACT,,deep_bench,deep_bench_discounted,,
00-0040198,Ollie Gordon II,MIA,RB,carries,6.633735761270176,2.995238642214534,10.476698610013777,veteran_model,False,,False,2026,False,ACT,2.0,backup,curated,,
00-0040198,Ollie Gordon II,MIA,RB,receiving_tds,0.024713066428345275,0.0,0.1357657669922407,veteran_model,False,,False,2026,False,ACT,2.0,backup,curated,,
00-0040198,Ollie Gordon II,MIA,RB,receiving_yards,8.080772574476105,0.0,15.293764387369414,veteran_model,False,,False,2026,False,ACT,2.0,backup,curated,,
00-0040198,Ollie Gordon II,MIA,RB,receptions,1.175008072501472,0.2288202027895152,2.2231106349540157,veteran_model,False,,False,2026,False,ACT,2.0,backup,curated,,
00-0040198,Ollie Gordon II,MIA,RB,rushing_tds,0.2559652531679409,0.0334818991414374,0.4856542916735258,veteran_model,False,,False,2026,False,ACT,2.0,backup,curated,,
00-0040198,Ollie Gordon II,MIA,RB,rushing_yards,32.63193898992149,15.426509375337272,52.26963934201077,veteran_model,False,,False,2026,False,ACT,2.0,backup,curated,,
00-0040198,Ollie Gordon II,MIA,RB,targets,1.5670255660936614,0.4659016515817931,2.7109431916676767,veteran_model,False,,False,2026,False,ACT,2.0,backup,curated,,
00-0041157,Anthony Hankerson,MIA,RB,carries,1.4305293908818248,0.3,3.060000000000001,rookie_rule,True,udfa,False,2026,False,,,,rookie_path,,no_data
00-0041157,Anthony Hankerson,MIA,RB,receiving_tds,0.008153405924704099,0.0,0.019250000000000007,rookie_rule,True,udfa,False,2026,False,,,,rookie_path,,no_data
00-0041157,Anthony Hankerson,MIA,RB,receiving_yards,2.040170170149886,0.0,4.980000000000001,rookie_rule,True,udfa,False,2026,False,,,,rookie_path,,no_data
00-0041157,Anthony Hankerson,MIA,RB,receptions,0.2794639178716258,0.0,0.6,rookie_rule,True,udfa,False,2026,False,,,,rookie_path,,no_data
00-0041157,Anthony Hankerson,MIA,RB,rushing_tds,0.04108961581578214,0.0,0.10800000000000011,rookie_rule,True,udfa,False,2026,False,,,,rookie_path,,no_data
00-0041157,Anthony Hankerson,MIA,RB,rushing_yards,5.678555092360873,0.4799999999999999,13.034285714285717,rookie_rule,True,udfa,False,2026,False,,,,rookie_path,,no_data
00-0041157,Anthony Hankerson,MIA,RB,targets,0.36936370424707143,0.0,0.7730769230769234,rookie_rule,True,udfa,False,2026,False,,,,rookie_path,,no_data
00-0041161,Le'Veon Moss,MIA,RB,carries,1.4305293908818248,0.3,3.060000000000001,rookie_rule,True,udfa,False,2026,False,,,,rookie_path,,no_data
00-0041161,Le'Veon Moss,MIA,RB,receiving_tds,0.008153405924704099,0.0,0.019250000000000007,rookie_rule,True,udfa,False,2026,False,,,,rookie_path,,no_data
00-0041161,Le'Veon Moss,MIA,RB,receiving_yards,2.040170170149886,0.0,4.980000000000001,rookie_rule,True,udfa,False,2026,False,,,,rookie_path,,no_data
00-0041161,Le'Veon Moss,MIA,RB,receptions,0.2794639178716258,0.0,0.6,rookie_rule,True,udfa,False,2026,False,,,,rookie_path,,no_data
00-0041161,Le'Veon Moss,MIA,RB,rushing_tds,0.04108961581578214,0.0,0.10800000000000011,rookie_rule,True,udfa,False,2026,False,,,,rookie_path,,no_data
00-0041161,Le'Veon Moss,MIA,RB,rushing_yards,5.678555092360873,0.4799999999999999,13.034285714285717,rookie_rule,True,udfa,False,2026,False,,,,rookie_path,,no_data
00-0041161,Le'Veon Moss,MIA,RB,targets,0.36936370424707143,0.0,0.7730769230769234,rookie_rule,True,udfa,False,2026,False,,,,rookie_path,,no_data
00-0041436,DJ Herman,MIA,RB,carries,1.4305293908818248,0.3,3.060000000000001,rookie_rule,True,udfa,False,2026,False,,,,rookie_path,,no_data
00-0041436,DJ Herman,MIA,RB,receiving_tds,0.008153405924704099,0.0,0.019250000000000007,rookie_rule,True,udfa,False,2026,False,,,,rookie_path,,no_data
00-0041436,DJ Herman,MIA,RB,receiving_yards,2.040170170149886,0.0,4.980000000000001,rookie_rule,True,udfa,False,2026,False,,,,rookie_path,,no_data
00-0041436,DJ Herman,MIA,RB,receptions,0.2794639178716258,0.0,0.6,rookie_rule,True,udfa,False,2026,False,,,,rookie_path,,no_data
00-0041436,DJ Herman,MIA,RB,rushing_tds,0.04108961581578214,0.0,0.10800000000000011,rookie_rule,True,udfa,False,2026,False,,,,rookie_path,,no_data
00-0041436,DJ Herman,MIA,RB,rushing_yards,5.678555092360873,0.4799999999999999,13.034285714285717,rookie_rule,True,udfa,False,2026,False,,,,rookie_path,,no_data
00-0041436,DJ Herman,MIA,RB,targets,0.36936370424707143,0.0,0.7730769230769234,rookie_rule,True,udfa,False,2026,False,,,,rookie_path,,no_data
00-0033293,Aaron Jones,MIN,RB,carries,8.809725920972127,5.1712288019164845,12.652688769715727,veteran_model,False,,False,2026,False,ACT,1.0,starter,curated,,
00-0033293,Aaron Jones,MIN,RB,receiving_tds,0.07848193160673507,0.016483154138729667,0.1895346321706305,veteran_model,False,,False,2026,False,ACT,1.0,starter,curated,,
00-0033293,Aaron Jones,MIN,RB,receiving_yards,14.41656904249917,5.49991185587745,21.62956085539248,veteran_model,False,,False,2026,False,ACT,1.0,starter,curated,,
00-0033293,Aaron Jones,MIN,RB,receptions,2.304975677209872,1.3587878074979152,3.3530782396624152,veteran_model,False,,False,2026,False,ACT,1.0,starter,curated,,
00-0033293,Aaron Jones,MIN,RB,rushing_tds,0.31787498020652494,0.09539162618002145,0.5475640187121098,veteran_model,False,,False,2026,False,ACT,1.0,starter,curated,,
00-0033293,Aaron Jones,MIN,RB,rushing_yards,45.60538523456771,28.399955619983498,65.243085586657,veteran_model,False,,False,2026,False,ACT,1.0,starter,curated,,
00-0033293,Aaron Jones,MIN,RB,targets,2.6267533093263262,1.525629394814458,3.770670934900342,veteran_model,False,,False,2026,False,ACT,1.0,starter,curated,,
00-0036414,Cam Akers,MIN,RB,carries,0.4908402783457418,0.0,1.0672847056572818,veteran_model,True,,False,2026,False,,,deep_bench,deep_bench_discounted,,
00-0036414,Cam Akers,MIN,RB,receiving_tds,0.0017546151329411292,0.0,0.01841252021752544,veteran_model,True,,False,2026,False,,,deep_bench,deep_bench_discounted,,
00-0036414,Cam Akers,MIN,RB,receiving_yards,0.43985527676088426,0.0,1.5218040486948807,veteran_model,True,,False,2026,False,,,deep_bench,deep_bench_discounted,,
00-0036414,Cam Akers,MIN,RB,receptions,0.060333408533994035,0.0,0.21754879290187557,veteran_model,True,,False,2026,False,,,deep_bench,deep_bench_discounted,,
00-0036414,Cam Akers,MIN,RB,rushing_tds,0.007062195083273148,0.0,0.041515550859110885,veteran_model,True,,False,2026,False,,,deep_bench,deep_bench_discounted,,
00-0036414,Cam Akers,MIN,RB,rushing_yards,1.9597407591234626,0.0,4.905395811936854,veteran_model,True,,False,2026,False,,,deep_bench,deep_bench_discounted,,
00-0036414,Cam Akers,MIN,RB,targets,0.07282572987876705,0.0,0.24441337371486938,veteran_model,True,,False,2026,False,,,deep_bench,deep_bench_discounted,,
00-0037525,Jordan Mason,MIN,RB,carries,8.776226832980177,5.137729713924534,12.619189681723777,veteran_model,False,,False,2026,False,ACT,2.0,committee,curated,,
00-0037525,Jordan Mason,MIN,RB,receiving_tds,0.03818133692066331,0.0,0.1492340374845587,veteran_model,False,,False,2026,False,ACT,2.0,committee,curated,,
00-0037525,Jordan Mason,MIN,RB,receiving_yards,8.925474666749091,0.008817480127371269,16.1384664796424,veteran_model,False,,False,2026,False,ACT,2.0,committee,curated,,
00-0037525,Jordan Mason,MIN,RB,receptions,1.1931353005870495,0.24694743087509274,2.241237863039593,veteran_model,False,,False,2026,False,ACT,2.0,committee,curated,,
00-0037525,Jordan Mason,MIN,RB,rushing_tds,0.28276454287722463,0.060281188850721146,0.5124535813828095,veteran_model,False,,False,2026,False,ACT,2.0,committee,curated,,
00-0037525,Jordan Mason,MIN,RB,rushing_yards,35.938817808785835,18.73338819420162,55.57651816087512,veteran_model,False,,False,2026,False,ACT,2.0,committee,curated,,
00-0037525,Jordan Mason,MIN,RB,targets,1.691644057008113,0.5905201424962447,2.835561682582129,veteran_model,False,,False,2026,False,ACT,2.0,committee,curated,,
00-0038440,Zavier Scott,MIN,RB,carries,0.5820985052084353,0.03632393735008903,1.1585429325199752,veteran_model,True,,False,2026,False,ACT,,deep_bench,deep_bench_discounted,,
00-0038440,Zavier Scott,MIN,RB,receiving_tds,0.008211168410807419,0.0,0.024869073495391733,veteran_model,True,,False,2026,False,ACT,,deep_bench,deep_bench_discounted,,
00-0038440,Zavier Scott,MIN,RB,receiving_yards,0.7588625457917189,0.0,1.8408113177257153,veteran_model,True,,False,2026,False,ACT,,deep_bench,deep_bench_discounted,,
00-0038440,Zavier Scott,MIN,RB,receptions,0.11274260505034486,0.0,0.26995798941822635,veteran_model,True,,False,2026,False,ACT,,deep_bench,deep_bench_discounted,,
00-0038440,Zavier Scott,MIN,RB,rushing_tds,0.007534918991506269,0.0,0.041988274767344,veteran_model,True,,False,2026,False,ACT,,deep_bench,deep_bench_discounted,,
00-0038440,Zavier Scott,MIN,RB,rushing_yards,2.284682512771498,0.0,5.23033756558489,veteran_model,True,,False,2026,False,ACT,,deep_bench,deep_bench_discounted,,
00-0038440,Zavier Scott,MIN,RB,targets,0.12078721530971512,0.0,0.29237485914581746,veteran_model,True,,False,2026,False,ACT,,deep_bench,deep_bench_discounted,,
00-0041350,Kejon Owens,MIN,RB,carries,1.4305293908818248,0.3,3.060000000000001,rookie_rule,True,udfa,False,2026,False,,,,rookie_path,,no_data
00-0041350,Kejon Owens,MIN,RB,receiving_tds,0.008153405924704099,0.0,0.019250000000000007,rookie_rule,True,udfa,False,2026,False,,,,rookie_path,,no_data
00-0041350,Kejon Owens,MIN,RB,receiving_yards,2.040170170149886,0.0,4.980000000000001,rookie_rule,True,udfa,False,2026,False,,,,rookie_path,,no_data
00-0041350,Kejon Owens,MIN,RB,receptions,0.2794639178716258,0.0,0.6,rookie_rule,True,udfa,False,2026,False,,,,rookie_path,,no_data
00-0041350,Kejon Owens,MIN,RB,rushing_tds,0.04108961581578214,0.0,0.10800000000000011,rookie_rule,True,udfa,False,2026,False,,,,rookie_path,,no_data
00-0041350,Kejon Owens,MIN,RB,rushing_yards,5.678555092360873,0.4799999999999999,13.034285714285717,rookie_rule,True,udfa,False,2026,False,,,,rookie_path,,no_data
00-0041350,Kejon Owens,MIN,RB,targets,0.36936370424707143,0.0,0.7730769230769234,rookie_rule,True,udfa,False,2026,False,,,,rookie_path,,no_data
CLA041524,Demond Claiborne,MIN,RB,carries,1.7791675150641215,0.5196623376623377,3.5304428571428574,rookie_rule,True,drafted,False,2026,False,,,,rookie_path,,above_median
CLA041524,Demond Claiborne,MIN,RB,receiving_tds,0.014822287667084048,0.0,0.04320000000000001,rookie_rule,True,drafted,False,2026,False,,,,rookie_path,,above_median
CLA041524,Demond Claiborne,MIN,RB,receiving_yards,2.5849972559115093,0.0,5.384832352941176,rookie_rule,True,drafted,False,2026,False,,,,rookie_path,,above_median
CLA041524,Demond Claiborne,MIN,RB,receptions,0.34665953028871577,0.0,0.6982200000000003,rookie_rule,True,drafted,False,2026,False,,,,rookie_path,,above_median
CLA041524,Demond Claiborne,MIN,RB,rushing_tds,0.04211758897211386,0.0,0.10125,rookie_rule,True,drafted,False,2026,False,,,,rookie_path,,above_median
CLA041524,Demond Claiborne,MIN,RB,rushing_yards,6.994546926828828,1.1793600000000009,14.965281447963804,rookie_rule,True,drafted,False,2026,False,,,,rookie_path,,above_median
CLA041524,Demond Claiborne,MIN,RB,targets,0.4551851401991674,0.0,0.9355500000000004,rookie_rule,True,drafted,False,2026,False,,,,rookie_path,,above_median
00-0035628,D'Ernest Johnson,NE,RB,carries,0.6568419910187681,0.11106742316042177,1.233286418330308,veteran_model,True,,False,2026,False,,,deep_bench,deep_bench_discounted,,
00-0035628,D'Ernest Johnson,NE,RB,receiving_tds,0.0012385371722832645,0.0,0.017896442256867574,veteran_model,True,,False,2026,False,,,deep_bench,deep_bench_discounted,,
00-0035628,D'Ernest Johnson,NE,RB,receiving_yards,0.6404580354269735,0.0,1.7224068073609697,veteran_model,True,,False,2026,False,,,deep_bench,deep_bench_discounted,,
00-0035628,D'Ernest Johnson,NE,RB,receptions,0.09819185439904969,0.0,0.2554072387669312,veteran_model,True,,False,2026,False,,,deep_bench,deep_bench_discounted,,
00-0035628,D'Ernest Johnson,NE,RB,rushing_tds,0.006986805830135787,0.0,0.04144016160597352,veteran_model,True,,False,2026,False,,,deep_bench,deep_bench_discounted,,
00-0035628,D'Ernest Johnson,NE,RB,rushing_yards,3.036369743287586,0.4555553010999535,5.982024796100977,veteran_model,True,,False,2026,False,,,deep_bench,deep_bench_discounted,,
00-0035628,D'Ernest Johnson,NE,RB,targets,0.12257435012895486,0.0,0.29416199396505716,veteran_model,True,,False,2026,False,,,deep_bench,deep_bench_discounted,,
00-0036187,Reggie Gilliam,NE,RB,carries,0.4815348855523479,0.0,1.057979312863888,veteran_model,True,,False,2026,True,ACT,,deep_bench,deep_bench_discounted,,
00-0036187,Reggie Gilliam,NE,RB,receiving_tds,0.0007000238871731109,0.0,0.01735792897175742,veteran_model,True,,False,2026,True,ACT,,deep_bench,deep_bench_discounted,,
00-0036187,Reggie Gilliam,NE,RB,receiving_yards,0.6392529866151019,0.0,1.7212017585490984,veteran_model,True,,False,2026,True,ACT,,deep_bench,deep_bench_discounted,,
00-0036187,Reggie Gilliam,NE,RB,receptions,0.07660839906691809,0.0,0.2338237834347996,veteran_model,True,,False,2026,True,ACT,,deep_bench,deep_bench_discounted,,
00-0036187,Reggie Gilliam,NE,RB,rushing_tds,0.005659677889323717,0.0,0.040113033665161446,veteran_model,True,,False,2026,True,ACT,,deep_bench,deep_bench_discounted,,
00-0036187,Reggie Gilliam,NE,RB,rushing_yards,2.410006909859789,0.0,5.355661962673181,veteran_model,True,,False,2026,True,ACT,,deep_bench,deep_bench_discounted,,
00-0036187,Reggie Gilliam,NE,RB,targets,0.09279040302771324,0.0,0.26437804686381555,veteran_model,True,,False,2026,True,ACT,,deep_bench,deep_bench_discounted,,
00-0036328,Antonio Gibson,NE,RB,carries,0.661757718836518,0.11598315097817166,1.238202146148058,veteran_model,True,,False,2026,False,,,deep_bench,deep_bench_discounted,,
00-0036328,Antonio Gibson,NE,RB,receiving_tds,0.000933951690381463,0.0,0.017591856774965775,veteran_model,True,,False,2026,False,,,deep_bench,deep_bench_discounted,,
00-0036328,Antonio Gibson,NE,RB,receiving_yards,0.7775014102264909,0.0,1.8594501821604874,veteran_model,True,,False,2026,False,,,deep_bench,deep_bench_discounted,,
00-0036328,Antonio Gibson,NE,RB,receptions,0.08132131524405016,0.0,0.23853669961193166,veteran_model,True,,False,2026,False,,,deep_bench,deep_bench_discounted,,
00-0036328,Antonio Gibson,NE,RB,rushing_tds,0.0060457233441061214,0.0,0.04049907911994386,veteran_model,True,,False,2026,False,,,deep_bench,deep_bench_discounted,,
00-0036328,Antonio Gibson,NE,RB,rushing_yards,2.5934751615649314,0.012660719377299401,5.539130214378323,veteran_model,True,,False,2026,False,,,deep_bench,deep_bench_discounted,,
00-0036328,Antonio Gibson,NE,RB,targets,0.10377924454814592,0.0,0.2753668883842482,veteran_model,True,,False,2026,False,,,deep_bench,deep_bench_discounted,,
00-0036875,Rhamondre Stevenson,NE,RB,carries,9.750600012710729,6.112102893655086,13.593562861454329,veteran_model,False,,False,2026,False,ACT,1.0,committee,curated,,
00-0036875,Rhamondre Stevenson,NE,RB,receiving_tds,0.08446890841596535,0.02247013094795995,0.19552160897986076,veteran_model,False,,False,2026,False,ACT,1.0,committee,curated,,
00-0036875,Rhamondre Stevenson,NE,RB,receiving_yards,15.092745406091964,6.176088219470245,22.305737218985275,veteran_model,False,,False,2026,False,ACT,1.0,committee,curated,,
00-0036875,Rhamondre Stevenson,NE,RB,receptions,2.1693664985577024,1.2231786288457456,3.217469061010246,veteran_model,False,,False,2026,False,ACT,1.0,committee,curated,,
00-0036875,Rhamondre Stevenson,NE,RB,rushing_tds,0.409041688925324,0.1865583348988205,0.6387307274309089,veteran_model,False,,False,2026,False,ACT,1.0,committee,curated,,
00-0036875,Rhamondre Stevenson,NE,RB,rushing_yards,40.795841315870746,23.59041170128653,60.43354166796003,veteran_model,False,,False,2026,False,ACT,1.0,committee,curated,,
00-0036875,Rhamondre Stevenson,NE,RB,targets,2.781663601478948,1.6805396869670797,3.9255812270529633,veteran_model,False,,False,2026,False,ACT,1.0,committee,curated,,
00-0039757,Terrell Jennings,NE,RB,carries,0.5263926218349847,0.0,1.1028370491465247,veteran_model,True,,False,2026,False,ACT,,deep_bench,deep_bench_discounted,,
00-0039757,Terrell Jennings,NE,RB,receiving_tds,0.000933951690381463,0.0,0.017591856774965775,veteran_model,True,,False,2026,False,ACT,,deep_bench,deep_bench_discounted,,
00-0039757,Terrell Jennings,NE,RB,receiving_yards,0.6404580354269735,0.0,1.7224068073609697,veteran_model,True,,False,2026,False,ACT,,deep_bench,deep_bench_discounted,,
00-0039757,Terrell Jennings,NE,RB,receptions,0.07543846145443268,0.0,0.23265384582231421,veteran_model,True,,False,2026,False,ACT,,deep_bench,deep_bench_discounted,,
00-0039757,Terrell Jennings,NE,RB,rushing_tds,0.006986805830135787,0.0,0.04144016160597352,veteran_model,True,,False,2026,False,ACT,,deep_bench,deep_bench_discounted,,
00-0039757,Terrell Jennings,NE,RB,rushing_yards,2.5206211015156157,0.0,5.466276154329008,veteran_model,True,,False,2026,False,ACT,,deep_bench,deep_bench_discounted,,
00-0039757,Terrell Jennings,NE,RB,targets,0.1041605143724702,0.0,0.2757481582085725,veteran_model,True,,False,2026,False,ACT,,deep_bench,deep_bench_discounted,,
00-0040734,TreVeyon Henderson,NE,RB,carries,9.943412154038835,6.304915034983193,13.786375002782435,veteran_model,False,,False,2026,False,ACT,2.0,committee,curated,,
00-0040734,TreVeyon Henderson,NE,RB,receiving_tds,0.03434283240868617,0.0,0.14539553297258156,veteran_model,False,,False,2026,False,ACT,2.0,committee,curated,,
00-0040734,TreVeyon Henderson,NE,RB,receiving_yards,11.188791091338702,2.2721339047169824,18.40178290423201,veteran_model,False,,False,2026,False,ACT,2.0,committee,curated,,
00-0040734,TreVeyon Henderson,NE,RB,receptions,1.678845166854906,0.7326572971429492,2.7269477293074496,veteran_model,False,,False,2026,False,ACT,2.0,committee,curated,,
00-0040734,TreVeyon Henderson,NE,RB,rushing_tds,0.2560947369900644,0.03361138296356092,0.48578377549564933,veteran_model,False,,False,2026,False,ACT,2.0,committee,curated,,
00-0040734,TreVeyon Henderson,NE,RB,rushing_yards,41.59951528940611,24.3940856748219,61.237215641495396,veteran_model,False,,False,2026,False,ACT,2.0,committee,curated,,
00-0040734,TreVeyon Henderson,NE,RB,targets,2.300508025965459,1.1993841114535906,3.4444256515394747,veteran_model,False,,False,2026,False,ACT,2.0,committee,curated,,
00-0041323,Myles Montgomery,NE,RB,carries,1.4305293908818248,0.3,3.060000000000001,rookie_rule,True,udfa,False,2026,False,,,,rookie_path,,no_data
00-0041323,Myles Montgomery,NE,RB,receiving_tds,0.008153405924704099,0.0,0.019250000000000007,rookie_rule,True,udfa,False,2026,False,,,,rookie_path,,no_data
00-0041323,Myles Montgomery,NE,RB,receiving_yards,2.040170170149886,0.0,4.980000000000001,rookie_rule,True,udfa,False,2026,False,,,,rookie_path,,no_data
00-0041323,Myles Montgomery,NE,RB,receptions,0.2794639178716258,0.0,0.6,rookie_rule,True,udfa,False,2026,False,,,,rookie_path,,no_data
00-0041323,Myles Montgomery,NE,RB,rushing_tds,0.04108961581578214,0.0,0.10800000000000011,rookie_rule,True,udfa,False,2026,False,,,,rookie_path,,no_data
00-0041323,Myles Montgomery,NE,RB,rushing_yards,5.678555092360873,0.4799999999999999,13.034285714285717,rookie_rule,True,udfa,False,2026,False,,,,rookie_path,,no_data
00-0041323,Myles Montgomery,NE,RB,targets,0.36936370424707143,0.0,0.7730769230769234,rookie_rule,True,udfa,False,2026,False,,,,rookie_path,,no_data
MIL303300,Jam Miller,NE,RB,carries,1.6473773287630753,0.48116883116883113,3.268928571428571,rookie_rule,True,drafted,False,2026,False,,,,rookie_path,,no_data
MIL303300,Jam Miller,NE,RB,receiving_tds,0.013724340432485228,0.0,0.04,rookie_rule,True,drafted,False,2026,False,,,,rookie_path,,no_data
MIL303300,Jam Miller,NE,RB,receiving_yards,2.393515977695842,0.0,4.985955882352941,rookie_rule,True,drafted,False,2026,False,,,,rookie_path,,no_data
MIL303300,Jam Miller,NE,RB,receptions,0.3209810465636257,0.0,0.6465000000000002,rookie_rule,True,drafted,False,2026,False,,,,rookie_path,,no_data
MIL303300,Jam Miller,NE,RB,rushing_tds,0.03899776756677209,0.0,0.09375,rookie_rule,True,drafted,False,2026,False,,,,rookie_path,,no_data
MIL303300,Jam Miller,NE,RB,rushing_yards,6.476432339656322,1.0920000000000007,13.856742081447965,rookie_rule,True,drafted,False,2026,False,,,,rookie_path,,no_data
MIL303300,Jam Miller,NE,RB,targets,0.42146772240663644,0.0,0.8662500000000003,rookie_rule,True,drafted,False,2026,False,,,,rookie_path,,no_data
00-0033906,Alvin Kamara,NO,RB,carries,12.722487140544633,9.08399002148899,16.565449989288233,veteran_model,False,,False,2026,False,ACT,1.0,committee,curated,,
00-0033906,Alvin Kamara,NO,RB,receiving_tds,0.08134317941565801,0.019344401947652606,0.19239587997955343,veteran_model,False,,False,2026,False,ACT,1.0,committee,curated,,
00-0033906,Alvin Kamara,NO,RB,receiving_yards,15.220847765109768,6.304190578488049,22.433839578003077,veteran_model,False,,False,2026,False,ACT,1.0,committee,curated,,
00-0033906,Alvin Kamara,NO,RB,receptions,2.3751737485390816,1.4289858788271248,3.423276310991625,veteran_model,False,,False,2026,False,ACT,1.0,committee,curated,,
00-0033906,Alvin Kamara,NO,RB,rushing_tds,0.2883468560982094,0.06586350207170594,0.5180358946037943,veteran_model,False,,False,2026,False,ACT,1.0,committee,curated,,
00-0033906,Alvin Kamara,NO,RB,rushing_yards,68.54173964732664,51.33631003274242,88.17943999941592,veteran_model,False,,False,2026,False,ACT,1.0,committee,curated,,
00-0033906,Alvin Kamara,NO,RB,targets,2.9994847875840494,1.898360873072181,4.143402413158065,veteran_model,False,,False,2026,False,ACT,1.0,committee,curated,,
00-0036973,Travis Etienne,NO,RB,carries,10.986333330835235,7.347836211779592,14.829296179578835,veteran_model,False,,False,2026,True,ACT,2.0,committee,curated,,
00-0036973,Travis Etienne,NO,RB,receiving_tds,0.042997192109754424,0.0,0.15404989267364982,veteran_model,False,,False,2026,True,ACT,2.0,committee,curated,,
00-0036973,Travis Etienne,NO,RB,receiving_yards,14.516532082487531,5.5998748958658116,21.72952389538084,veteran_model,False,,False,2026,True,ACT,2.0,committee,curated,,
00-0036973,Travis Etienne,NO,RB,receptions,1.9382338991793207,0.9920460294673639,2.986336461631864,veteran_model,False,,False,2026,True,ACT,2.0,committee,curated,,
00-0036973,Travis Etienne,NO,RB,rushing_tds,0.33387143437327915,0.11138808034677566,0.563560472878864,veteran_model,False,,False,2026,True,ACT,2.0,committee,curated,,
00-0036973,Travis Etienne,NO,RB,rushing_yards,46.5958562924667,29.390426677882484,66.23355664455599,veteran_model,False,,False,2026,True,ACT,2.0,committee,curated,,
00-0036973,Travis Etienne,NO,RB,targets,2.3562904721919193,1.255166557680051,3.5002080977659347,veteran_model,False,,False,2026,True,ACT,2.0,committee,curated,,
00-0037276,Ty Chandler,NO,RB,carries,0.8431673903948917,0.2973928225365454,1.4196118177064319,veteran_model,True,,False,2026,True,ACT,,deep_bench,deep_bench_discounted,,
00-0037276,Ty Chandler,NO,RB,receiving_tds,0.003155903823270002,0.0,0.019813808907854315,veteran_model,True,,False,2026,True,ACT,,deep_bench,deep_bench_discounted,,
00-0037276,Ty Chandler,NO,RB,receiving_yards,0.9315804410812933,0.0,2.0135292130152895,veteran_model,True,,False,2026,True,ACT,,deep_bench,deep_bench_discounted,,
00-0037276,Ty Chandler,NO,RB,receptions,0.18241367077048642,0.04048549031369292,0.33962905513836794,veteran_model,True,,False,2026,True,ACT,,deep_bench,deep_bench_discounted,,
00-0037276,Ty Chandler,NO,RB,rushing_tds,0.012206740907176253,0.0,0.046660096683013984,veteran_model,True,,False,2026,True,ACT,,deep_bench,deep_bench_discounted,,
00-0037276,Ty Chandler,NO,RB,rushing_yards,2.6526760369603073,0.07186159477267519,5.5983310897736995,veteran_model,True,,False,2026,True,ACT,,deep_bench,deep_bench_discounted,,
00-0037276,Ty Chandler,NO,RB,targets,0.21928233011229795,0.05411374293551769,0.39086997394840023,veteran_model,True,,False,2026,True,ACT,,deep_bench,deep_bench_discounted,,
00-0038551,Kendre Miller,NO,RB,carries,1.0916625864146128,0.5458880185562665,1.6681070137261527,veteran_model,True,,False,2026,False,ACT,,deep_bench,deep_bench_discounted,,
00-0038551,Kendre Miller,NO,RB,receiving_tds,0.002141915825312742,0.0,0.018799820909897055,veteran_model,True,,False,2026,False,ACT,,deep_bench,deep_bench_discounted,,
00-0038551,Kendre Miller,NO,RB,receiving_yards,0.9008057151009533,0.0,1.9827544870349496,veteran_model,True,,False,2026,False,ACT,,deep_bench,deep_bench_discounted,,
00-0038551,Kendre Miller,NO,RB,receptions,0.12047998847542646,0.0,0.277695372843308,veteran_model,True,,False,2026,False,ACT,,deep_bench,deep_bench_discounted,,
00-0038551,Kendre Miller,NO,RB,rushing_tds,0.026737273832038142,0.0,0.06119062960787587,veteran_model,True,,False,2026,False,ACT,,deep_bench,deep_bench_discounted,,
00-0038551,Kendre Miller,NO,RB,rushing_yards,4.880312938496513,2.299498496308881,7.825967991309906,veteran_model,True,,False,2026,False,ACT,,deep_bench,deep_bench_discounted,,
00-0038551,Kendre Miller,NO,RB,targets,0.14387710785993466,0.0,0.315464751696037,veteran_model,True,,False,2026,False,ACT,,deep_bench,deep_bench_discounted,,
00-0039373,Audric Estimé,NO,RB,carries,1.0220133487279421,0.4762387808695957,1.598457776039482,veteran_model,True,,False,2026,False,ACT,,deep_bench,deep_bench_discounted,,
00-0039373,Audric Estimé,NO,RB,receiving_tds,0.0077807232260302985,0.0,0.024438628310614607,veteran_model,True,,False,2026,False,ACT,,deep_bench,deep_bench_discounted,,
00-0039373,Audric Estimé,NO,RB,receiving_yards,0.9217820167755039,0.0,2.0037307887095004,veteran_model,True,,False,2026,False,ACT,,deep_bench,deep_bench_discounted,,
00-0039373,Audric Estimé,NO,RB,receptions,0.11767264820147799,0.0,0.2748880325693595,veteran_model,True,,False,2026,False,ACT,,deep_bench,deep_bench_discounted,,
00-0039373,Audric Estimé,NO,RB,rushing_tds,0.027606706367775468,0.0,0.0620600621436132,veteran_model,True,,False,2026,False,ACT,,deep_bench,deep_bench_discounted,,
00-0039373,Audric Estimé,NO,RB,rushing_yards,4.393912915373011,1.8130984731853796,7.339567968186404,veteran_model,True,,False,2026,False,ACT,,deep_bench,deep_bench_discounted,,
00-0039373,Audric Estimé,NO,RB,targets,0.15280637190866103,0.0,0.32439401574476334,veteran_model,True,,False,2026,False,ACT,,deep_bench,deep_bench_discounted,,
00-0040202,Devin Neal,NO,RB,carries,1.069749961710029,0.5239753938516826,1.646194389021569,veteran_model,True,,False,2026,False,ACT,,deep_bench,deep_bench_discounted,,
00-0040202,Devin Neal,NO,RB,receiving_tds,0.0037191033222186104,0.0,0.02037700840680292,veteran_model,True,,False,2026,False,ACT,,deep_bench,deep_bench_discounted,,
00-0040202,Devin Neal,NO,RB,receiving_yards,0.9020454589947738,0.0,1.9839942309287701,veteran_model,True,,False,2026,False,ACT,,deep_bench,deep_bench_discounted,,
00-0040202,Devin Neal,NO,RB,receptions,0.14980617086818757,0.007877990411394059,0.30702155523606905,veteran_model,True,,False,2026,False,ACT,,deep_bench,deep_bench_discounted,,
00-0040202,Devin Neal,NO,RB,rushing_tds,0.021833931319401114,0.0,0.05628728709523885,veteran_model,True,,False,2026,False,ACT,,deep_bench,deep_bench_discounted,,
00-0040202,Devin Neal,NO,RB,rushing_yards,4.312559317583232,1.7317448753956002,7.258214370396624,veteran_model,True,,False,2026,False,ACT,,deep_bench,deep_bench_discounted,,
00-0040202,Devin Neal,NO,RB,targets,0.1867923792071527,0.021623792030372457,0.358380023043255,veteran_model,True,,False,2026,False,ACT,,deep_bench,deep_bench_discounted,,
00-0041326,CJ Donaldson,NO,RB,carries,2.3550580054960384,0.49388527502625523,5.037629805267806,rookie_rule,True,udfa,False,2026,False,,,,rookie_path,,no_data
00-0041326,CJ Donaldson,NO,RB,receiving_tds,0.013422823758410609,0.0,0.03169097181418472,rookie_rule,True,udfa,False,2026,False,,,,rookie_path,,no_data
00-0041326,CJ Donaldson,NO,RB,receiving_yards,3.358700018616128,0.0,8.198495565435838,rookie_rule,True,udfa,False,2026,False,,,,rookie_path,,no_data
00-0041326,CJ Donaldson,NO,RB,receptions,0.460077046459809,0.0,0.9877705500525104,rookie_rule,True,udfa,False,2026,False,,,,rookie_path,,no_data
00-0041326,CJ Donaldson,NO,RB,rushing_tds,0.0676451873596691,0.0,0.17779869900945205,rookie_rule,True,udfa,False,2026,False,,,,rookie_path,,no_data
00-0041326,CJ Donaldson,NO,RB,rushing_yards,9.348515811807973,0.7902164400420082,21.458139282569302,rookie_rule,True,udfa,False,2026,False,,,,rookie_path,,no_data
00-0041326,CJ Donaldson,NO,RB,targets,0.6080776488559376,0.0,1.2727043625676584,rookie_rule,True,udfa,False,2026,False,,,,rookie_path,,no_data
00-0033376,Patrick Ricard,NYG,RB,carries,0.6093932731389761,0.06361870528062974,1.185837700450516,veteran_model,True,,False,2026,True,ACT,,deep_bench,deep_bench_discounted,,
00-0033376,Patrick Ricard,NYG,RB,receiving_tds,0.0007845662309266944,0.0,0.017442471315511004,veteran_model,True,,False,2026,True,ACT,,deep_bench,deep_bench_discounted,,
00-0033376,Patrick Ricard,NYG,RB,receiving_yards,0.6391416215728665,0.0,1.721090393506863,veteran_model,True,,False,2026,True,ACT,,deep_bench,deep_bench_discounted,,
00-0033376,Patrick Ricard,NYG,RB,receptions,0.07508393631502486,0.0,0.23229932068290637,veteran_model,True,,False,2026,True,ACT,,deep_bench,deep_bench_discounted,,
00-0033376,Patrick Ricard,NYG,RB,rushing_tds,0.006111850599203834,0.0,0.04056520637504157,veteran_model,True,,False,2026,True,ACT,,deep_bench,deep_bench_discounted,,
00-0033376,Patrick Ricard,NYG,RB,rushing_yards,1.9899149041566466,0.0,4.935569956970039,veteran_model,True,,False,2026,True,ACT,,deep_bench,deep_bench_discounted,,
00-0033376,Patrick Ricard,NYG,RB,targets,0.12052717010671246,0.0,0.29211481394281474,veteran_model,True,,False,2026,True,ACT,,deep_bench,deep_bench_discounted,,
00-0035250,Devin Singletary,NYG,RB,carries,1.0929263027847527,0.5471517349264063,1.6693707300962926,veteran_model,True,,False,2026,False,ACT,,deep_bench,deep_bench_discounted,,
00-0035250,Devin Singletary,NYG,RB,receiving_tds,0.001771394398272879,0.0,0.018429299482857188,veteran_model,True,,False,2026,False,ACT,,deep_bench,deep_bench_discounted,,
00-0035250,Devin Singletary,NYG,RB,receiving_yards,0.6739756778200533,0.0,1.7559244497540498,veteran_model,True,,False,2026,False,ACT,,deep_bench,deep_bench_discounted,,
00-0035250,Devin Singletary,NYG,RB,receptions,0.13583200007065138,0.0,0.2930473844385329,veteran_model,True,,False,2026,False,ACT,,deep_bench,deep_bench_discounted,,
00-0035250,Devin Singletary,NYG,RB,rushing_tds,0.022464794570452546,0.0,0.056918150346290275,veteran_model,True,,False,2026,False,ACT,,deep_bench,deep_bench_discounted,,
00-0035250,Devin Singletary,NYG,RB,rushing_yards,4.573797079212112,1.9929826370244799,7.519452132025504,veteran_model,True,,False,2026,False,ACT,,deep_bench,deep_bench_discounted,,
00-0035250,Devin Singletary,NYG,RB,targets,0.18305112221948758,0.017882535042707346,0.3546387660555899,veteran_model,True,,False,2026,False,ACT,,deep_bench,deep_bench_discounted,,
00-0039384,Tyrone Tracy Jr.,NYG,RB,carries,9.651373622737978,6.012876503682335,13.494336471481578,veteran_model,False,,False,2026,False,ACT,2.0,committee,curated,,
00-0039384,Tyrone Tracy Jr.,NYG,RB,receiving_tds,0.08867065062476137,0.026671873156755968,0.19972335118865678,veteran_model,False,,False,2026,False,ACT,2.0,committee,curated,,
00-0039384,Tyrone Tracy Jr.,NYG,RB,receiving_yards,15.527141930556516,6.610484743934796,22.740133743449825,veteran_model,False,,False,2026,False,ACT,2.0,committee,curated,,
00-0039384,Tyrone Tracy Jr.,NYG,RB,receptions,2.164303912703997,1.2181160429920403,3.2124064751565404,veteran_model,False,,False,2026,False,ACT,2.0,committee,curated,,
00-0039384,Tyrone Tracy Jr.,NYG,RB,rushing_tds,0.32317322275556276,0.10068986872905927,0.5528622612611477,veteran_model,False,,False,2026,False,ACT,2.0,committee,curated,,
00-0039384,Tyrone Tracy Jr.,NYG,RB,rushing_yards,47.40568013653436,30.200250521950142,67.04338048862364,veteran_model,False,,False,2026,False,ACT,2.0,committee,curated,,
00-0039384,Tyrone Tracy Jr.,NYG,RB,targets,2.7840153198232214,1.682891405311353,3.927932945397237,veteran_model,False,,False,2026,False,ACT,2.0,committee,curated,,
00-0040715,Cam Skattebo,NYG,RB,carries,11.501211083076237,7.862713964020594,15.344173931819837,veteran_model,False,,False,2026,False,ACT,1.0,starter,curated,,
00-0040715,Cam Skattebo,NYG,RB,receiving_tds,0.052358865854520945,0.0,0.16341156641841637,veteran_model,False,,False,2026,False,ACT,1.0,starter,curated,,
00-0040715,Cam Skattebo,NYG,RB,receiving_yards,17.011955560297476,8.095298373675757,24.224947373190787,veteran_model,False,,False,2026,False,ACT,1.0,starter,curated,,
00-0040715,Cam Skattebo,NYG,RB,receptions,2.3128646360685683,1.3666767663566115,3.360967198521112,veteran_model,False,,False,2026,False,ACT,1.0,starter,curated,,
00-0040715,Cam Skattebo,NYG,RB,rushing_tds,0.4002691522637587,0.1777857982372552,0.6299581907693436,veteran_model,False,,False,2026,False,ACT,1.0,starter,curated,,
00-0040715,Cam Skattebo,NYG,RB,rushing_yards,50.84630400841614,33.64087439383192,70.48400436050542,veteran_model,False,,False,2026,False,ACT,1.0,starter,curated,,
00-0040715,Cam Skattebo,NYG,RB,targets,3.076528979008756,1.9754050644968877,4.220446604582771,veteran_model,False,,False,2026,False,ACT,1.0,starter,curated,,
00-0041139,Damon Bankston,NYG,RB,carries,1.4305293908818248,0.3,3.060000000000001,rookie_rule,True,udfa,False,2026,False,,,,rookie_path,,no_data
00-0041139,Damon Bankston,NYG,RB,receiving_tds,0.008153405924704099,0.0,0.019250000000000007,rookie_rule,True,udfa,False,2026,False,,,,rookie_path,,no_data
00-0041139,Damon Bankston,NYG,RB,receiving_yards,2.040170170149886,0.0,4.980000000000001,rookie_rule,True,udfa,False,2026,False,,,,rookie_path,,no_data
00-0041139,Damon Bankston,NYG,RB,receptions,0.2794639178716258,0.0,0.6,rookie_rule,True,udfa,False,2026,False,,,,rookie_path,,no_data
00-0041139,Damon Bankston,NYG,RB,rushing_tds,0.04108961581578214,0.0,0.10800000000000011,rookie_rule,True,udfa,False,2026,False,,,,rookie_path,,no_data
00-0041139,Damon Bankston,NYG,RB,rushing_yards,5.678555092360873,0.4799999999999999,13.034285714285717,rookie_rule,True,udfa,False,2026,False,,,,rookie_path,,no_data
00-0041139,Damon Bankston,NYG,RB,targets,0.36936370424707143,0.0,0.7730769230769234,rookie_rule,True,udfa,False,2026,False,,,,rookie_path,,no_data
00-0036842,Kene Nwangwu,NYJ,RB,carries,0.6374309658619766,0.09165639800363025,1.2138753931735164,veteran_model,True,,False,2026,False,ACT,,deep_bench,deep_bench_discounted,,
00-0036842,Kene Nwangwu,NYJ,RB,receiving_tds,0.002902088053505661,0.0,0.01955999313808997,veteran_model,True,,False,2026,False,ACT,,deep_bench,deep_bench_discounted,,
00-0036842,Kene Nwangwu,NYJ,RB,receiving_yards,1.0913103530917696,0.0,2.173259125025766,veteran_model,True,,False,2026,False,ACT,,deep_bench,deep_bench_discounted,,
00-0036842,Kene Nwangwu,NYJ,RB,receptions,0.11393394253210988,0.0,0.2711493268999914,veteran_model,True,,False,2026,False,ACT,,deep_bench,deep_bench_discounted,,
00-0036842,Kene Nwangwu,NYJ,RB,rushing_tds,0.008475717787418052,0.0,0.04292907356325578,veteran_model,True,,False,2026,False,ACT,,deep_bench,deep_bench_discounted,,
00-0036842,Kene Nwangwu,NYJ,RB,rushing_yards,2.312534115861162,0.0,5.258189168674554,veteran_model,True,,False,2026,False,ACT,,deep_bench,deep_bench_discounted,,
00-0036842,Kene Nwangwu,NYJ,RB,targets,0.17052113036950448,0.005352543192724224,0.34210877420560676,veteran_model,True,,False,2026,False,ACT,,deep_bench,deep_bench_discounted,,
00-0036906,Khalil Herbert,NYJ,RB,carries,0.6983650928791241,0.15259052502077777,1.274809520190664,veteran_model,True,,False,2026,False,,,deep_bench,deep_bench_discounted,,
00-0036906,Khalil Herbert,NYJ,RB,receiving_tds,0.002902088053505661,0.0,0.01955999313808997,veteran_model,True,,False,2026,False,,,deep_bench,deep_bench_discounted,,
00-0036906,Khalil Herbert,NYJ,RB,receiving_yards,1.156876468254331,0.0,2.2388252401883273,veteran_model,True,,False,2026,False,,,deep_bench,deep_bench_discounted,,
00-0036906,Khalil Herbert,NYJ,RB,receptions,0.11530172969024778,0.0,0.2725171140581293,veteran_model,True,,False,2026,False,,,deep_bench,deep_bench_discounted,,
00-0036906,Khalil Herbert,NYJ,RB,rushing_tds,0.007534635301388388,0.0,0.041987991077226124,veteran_model,True,,False,2026,False,,,deep_bench,deep_bench_discounted,,
00-0036906,Khalil Herbert,NYJ,RB,rushing_yards,2.0882809349193483,0.0,5.0339359877327405,veteran_model,True,,False,2026,False,,,deep_bench,deep_bench_discounted,,
00-0036906,Khalil Herbert,NYJ,RB,targets,0.1818115794594904,0.016642992282710146,0.3533992232955927,veteran_model,True,,False,2026,False,,,deep_bench,deep_bench_discounted,,
00-0038120,Breece Hall,NYJ,RB,carries,14.880058438019487,11.241561318963845,18.723021286763085,veteran_model,False,,False,2026,False,ACT,1.0,starter,curated,,
00-0038120,Breece Hall,NYJ,RB,receiving_tds,0.07364377814562814,0.011645000677622738,0.18469647870952355,veteran_model,False,,False,2026,False,ACT,1.0,starter,curated,,
00-0038120,Breece Hall,NYJ,RB,receiving_yards,18.458824371961573,9.542167185339853,25.671816184854883,veteran_model,False,,False,2026,False,ACT,1.0,starter,curated,,
00-0038120,Breece Hall,NYJ,RB,receptions,2.429415295967118,1.4832274262551612,3.4775178584196613,veteran_model,False,,False,2026,False,ACT,1.0,starter,curated,,
00-0038120,Breece Hall,NYJ,RB,rushing_tds,0.5920127627896451,0.3695294087631416,0.82170180129523,veteran_model,False,,False,2026,False,ACT,1.0,starter,curated,,
00-0038120,Breece Hall,NYJ,RB,rushing_yards,68.03382900241999,50.82839938783577,87.67152935450927,veteran_model,False,,False,2026,False,ACT,1.0,starter,curated,,
00-0038120,Breece Hall,NYJ,RB,targets,2.955508742591235,1.8543848280793669,4.0994263681652505,veteran_model,False,,False,2026,False,ACT,1.0,starter,curated,,
00-0039794,Braelon Allen,NYJ,RB,carries,5.108351604891274,1.4698544858356315,8.951314453634874,veteran_model,False,,False,2026,False,ACT,2.0,backup,curated,,
00-0039794,Braelon Allen,NYJ,RB,receiving_tds,0.012692477889667209,0.0,0.12374517845356262,veteran_model,False,,False,2026,False,ACT,2.0,backup,curated,,
00-0039794,Braelon Allen,NYJ,RB,receiving_yards,9.29846923951128,0.38181205288955944,16.511461052404588,veteran_model,False,,False,2026,False,ACT,2.0,backup,curated,,
00-0039794,Braelon Allen,NYJ,RB,receptions,1.0026403679637317,0.056452498251774896,2.050742930416275,veteran_model,False,,False,2026,False,ACT,2.0,backup,curated,,
00-0039794,Braelon Allen,NYJ,RB,rushing_tds,0.096506650278164,0.0,0.3261956887837489,veteran_model,False,,False,2026,False,ACT,2.0,backup,curated,,
00-0039794,Braelon Allen,NYJ,RB,rushing_yards,17.354205874900877,0.14877626031666225,36.99190622699016,veteran_model,False,,False,2026,False,ACT,2.0,backup,curated,,
00-0039794,Braelon Allen,NYJ,RB,targets,1.4402097727923824,0.3390858582805141,2.584127398366398,veteran_model,False,,False,2026,False,ACT,2.0,backup,curated,,
00-0039798,Isaiah Davis,NYJ,RB,carries,0.7824244811843141,0.2366499133259677,1.358868908495854,veteran_model,True,,False,2026,False,ACT,,deep_bench,deep_bench_discounted,,
00-0039798,Isaiah Davis,NYJ,RB,receiving_tds,0.0056316900530144045,0.0,0.022289595137598713,veteran_model,True,,False,2026,False,ACT,,deep_bench,deep_bench_discounted,,
00-0039798,Isaiah Davis,NYJ,RB,receiving_yards,1.8094699500701996,0.4719713720769417,2.891418722004196,veteran_model,True,,False,2026,False,ACT,,deep_bench,deep_bench_discounted,,
00-0039798,Isaiah Davis,NYJ,RB,receptions,0.2414672472786016,0.0995390668218081,0.39868263164648315,veteran_model,True,,False,2026,False,ACT,,deep_bench,deep_bench_discounted,,
00-0039798,Isaiah Davis,NYJ,RB,rushing_tds,0.028970501484968977,0.0,0.06342385726080671,veteran_model,True,,False,2026,False,ACT,,deep_bench,deep_bench_discounted,,
00-0039798,Isaiah Davis,NYJ,RB,rushing_yards,3.30268177199394,0.7218673298063081,6.248336824807333,veteran_model,True,,False,2026,False,ACT,,deep_bench,deep_bench_discounted,,
00-0039798,Isaiah Davis,NYJ,RB,targets,0.3086154153397024,0.14344682816292212,0.48020305917580464,veteran_model,True,,False,2026,False,ACT,,deep_bench,deep_bench_discounted,,
00-0041200,Sam Scott,NYJ,RB,carries,3.7489875654868827,0.7862098303011904,8.019340269072146,rookie_rule,True,udfa,False,2026,False,,,,rookie_path,,no_data
00-0041200,Sam Scott,NYJ,RB,receiving_tds,0.021367626294794433,0.0,0.05044846411099307,rookie_rule,True,udfa,False,2026,False,,,,rookie_path,,no_data
00-0041200,Sam Scott,NYJ,RB,receiving_yards,5.346672810863642,0.0,13.051083182999763,rookie_rule,True,udfa,False,2026,False,,,,rookie_path,,no_data
00-0041200,Sam Scott,NYJ,RB,receptions,0.7323909314838557,0.0,1.5724196606023806,rookie_rule,True,udfa,False,2026,False,,,,rookie_path,,no_data
00-0041200,Sam Scott,NYJ,RB,rushing_tds,0.10768353292555728,0.0,0.2830355389084288,rookie_rule,True,udfa,False,2026,False,,,,rookie_path,,no_data
00-0041200,Sam Scott,NYJ,RB,rushing_yards,14.881786118403342,1.2579357284819044,34.158945198419346,rookie_rule,True,udfa,False,2026,False,,,,rookie_path,,no_data
00-0041200,Sam Scott,NYJ,RB,targets,0.9679912507850303,0.0,2.0260022550069148,rookie_rule,True,udfa,False,2026,False,,,,rookie_path,,no_data
00-0041239,Chip Trayanum,NYJ,RB,carries,3.7489875654868827,0.7862098303011904,8.019340269072146,rookie_rule,True,udfa,False,2026,False,,,,rookie_path,,no_data
00-0041239,Chip Trayanum,NYJ,RB,receiving_tds,0.021367626294794433,0.0,0.05044846411099307,rookie_rule,True,udfa,False,2026,False,,,,rookie_path,,no_data
00-0041239,Chip Trayanum,NYJ,RB,receiving_yards,5.346672810863642,0.0,13.051083182999763,rookie_rule,True,udfa,False,2026,False,,,,rookie_path,,no_data
00-0041239,Chip Trayanum,NYJ,RB,receptions,0.7323909314838557,0.0,1.5724196606023806,rookie_rule,True,udfa,False,2026,False,,,,rookie_path,,no_data
00-0041239,Chip Trayanum,NYJ,RB,rushing_tds,0.10768353292555728,0.0,0.2830355389084288,rookie_rule,True,udfa,False,2026,False,,,,rookie_path,,no_data
00-0041239,Chip Trayanum,NYJ,RB,rushing_yards,14.881786118403342,1.2579357284819044,34.158945198419346,rookie_rule,True,udfa,False,2026,False,,,,rookie_path,,no_data
00-0041239,Chip Trayanum,NYJ,RB,targets,0.9679912507850303,0.0,2.0260022550069148,rookie_rule,True,udfa,False,2026,False,,,,rookie_path,,no_data
00-0034844,Saquon Barkley,PHI,RB,carries,14.463540912915805,10.825043793860162,18.306503761659407,veteran_model,False,,False,2026,False,ACT,1.0,starter,curated,,
00-0034844,Saquon Barkley,PHI,RB,receiving_tds,0.11964465895355564,0.057645881485550235,0.23069735951745104,veteran_model,False,,False,2026,False,ACT,1.0,starter,curated,,
00-0034844,Saquon Barkley,PHI,RB,receiving_yards,20.438200425880016,11.521543239258296,27.651192238773326,veteran_model,False,,False,2026,False,ACT,1.0,starter,curated,,
00-0034844,Saquon Barkley,PHI,RB,receptions,2.7349125672762833,1.7887246975643265,3.7830151297288266,veteran_model,False,,False,2026,False,ACT,1.0,starter,curated,,
00-0034844,Saquon Barkley,PHI,RB,rushing_tds,0.40368825827599414,0.18120490424949065,0.6333772967815791,veteran_model,False,,False,2026,False,ACT,1.0,starter,curated,,
00-0034844,Saquon Barkley,PHI,RB,rushing_yards,65.11617674804661,47.910747133462394,84.7538771001359,veteran_model,False,,False,2026,False,ACT,1.0,starter,curated,,
00-0034844,Saquon Barkley,PHI,RB,targets,3.501834099368045,2.4007101848561767,4.645751724942061,veteran_model,False,,False,2026,False,ACT,1.0,starter,curated,,
00-0036567,Elijah Mitchell,PHI,RB,carries,0.5721950303019034,0.026420462443557134,1.1486394576134433,veteran_model,True,,False,2026,True,ACT,,deep_bench,deep_bench_discounted,,
00-0036567,Elijah Mitchell,PHI,RB,receiving_tds,0.0014284328523614378,0.0,0.018086337936945748,veteran_model,True,,False,2026,True,ACT,,deep_bench,deep_bench_discounted,,
00-0036567,Elijah Mitchell,PHI,RB,receiving_yards,0.5421045820996635,0.0,1.62405335403366,veteran_model,True,,False,2026,True,ACT,,deep_bench,deep_bench_discounted,,
00-0036567,Elijah Mitchell,PHI,RB,receptions,0.10847575586424991,0.0,0.2656911402321314,veteran_model,True,,False,2026,True,ACT,,deep_bench,deep_bench_discounted,,
00-0036567,Elijah Mitchell,PHI,RB,rushing_tds,0.006267168334664175,0.0,0.04072052411050191,veteran_model,True,,False,2026,True,ACT,,deep_bench,deep_bench_discounted,,
00-0036567,Elijah Mitchell,PHI,RB,rushing_yards,2.2036557560889785,0.0,5.149310808902371,veteran_model,True,,False,2026,True,ACT,,deep_bench,deep_bench_discounted,,
00-0036567,Elijah Mitchell,PHI,RB,targets,0.14250660255909672,0.0,0.31409424639519906,veteran_model,True,,False,2026,True,ACT,,deep_bench,deep_bench_discounted,,
00-0037258,Dameon Pierce,PHI,RB,carries,0.4994378316625544,0.0,1.0758822589740944,veteran_model,True,,False,2026,True,ACT,,deep_bench,deep_bench_discounted,,
00-0037258,Dameon Pierce,PHI,RB,receiving_tds,0.0014284328523614378,0.0,0.018086337936945748,veteran_model,True,,False,2026,True,ACT,,deep_bench,deep_bench_discounted,,
00-0037258,Dameon Pierce,PHI,RB,receiving_yards,0.6324595094392372,0.0,1.7144082813732335,veteran_model,True,,False,2026,True,ACT,,deep_bench,deep_bench_discounted,,
00-0037258,Dameon Pierce,PHI,RB,receptions,0.10847575586424991,0.0,0.2656911402321314,veteran_model,True,,False,2026,True,ACT,,deep_bench,deep_bench_discounted,,
00-0037258,Dameon Pierce,PHI,RB,rushing_tds,0.006267168334664175,0.0,0.04072052411050191,veteran_model,True,,False,2026,True,ACT,,deep_bench,deep_bench_discounted,,
00-0037258,Dameon Pierce,PHI,RB,rushing_yards,2.0620679179586627,0.0,5.007722970772055,veteran_model,True,,False,2026,True,ACT,,deep_bench,deep_bench_discounted,,
00-0037258,Dameon Pierce,PHI,RB,targets,0.14250660255909672,0.0,0.31409424639519906,veteran_model,True,,False,2026,True,ACT,,deep_bench,deep_bench_discounted,,
00-0038555,Tank Bigsby,PHI,RB,carries,5.242105866132124,1.6036087470764815,9.085068714875725,veteran_model,False,,False,2026,False,ACT,2.0,backup,curated,,
00-0038555,Tank Bigsby,PHI,RB,receiving_tds,0.00466474009977389,0.0,0.11571744066366929,veteran_model,False,,False,2026,False,ACT,2.0,backup,curated,,
00-0038555,Tank Bigsby,PHI,RB,receiving_yards,4.093567983362336,0.0,11.306559796255645,veteran_model,False,,False,2026,False,ACT,2.0,backup,curated,,
00-0038555,Tank Bigsby,PHI,RB,receptions,0.689312446429156,0.0,1.7374150088816995,veteran_model,False,,False,2026,False,ACT,2.0,backup,curated,,
00-0038555,Tank Bigsby,PHI,RB,rushing_tds,0.08771201128662409,0.0,0.31740104979220896,veteran_model,False,,False,2026,False,ACT,2.0,backup,curated,,
00-0038555,Tank Bigsby,PHI,RB,rushing_yards,20.073964154678368,2.868534540094153,39.71166450676765,veteran_model,False,,False,2026,False,ACT,2.0,backup,curated,,
00-0038555,Tank Bigsby,PHI,RB,targets,1.0034363219088491,0.0,2.1473539474828645,veteran_model,False,,False,2026,False,ACT,2.0,backup,curated,,
00-0039746,Will Shipley,PHI,RB,carries,0.5131970005793065,0.0,1.0896414278908464,veteran_model,True,,False,2026,False,ACT,,deep_bench,deep_bench_discounted,,
00-0039746,Will Shipley,PHI,RB,receiving_tds,0.004462044804167062,0.0,0.02111994988875137,veteran_model,True,,False,2026,False,ACT,,deep_bench,deep_bench_discounted,,
00-0039746,Will Shipley,PHI,RB,receiving_yards,0.6126018453811072,0.0,1.6945506173151037,veteran_model,True,,False,2026,False,ACT,,deep_bench,deep_bench_discounted,,
00-0039746,Will Shipley,PHI,RB,receptions,0.10231398036876638,0.0,0.2595293647366479,veteran_model,True,,False,2026,False,ACT,,deep_bench,deep_bench_discounted,,
00-0039746,Will Shipley,PHI,RB,rushing_tds,0.006491042687196695,0.0,0.04094439846303443,veteran_model,True,,False,2026,False,ACT,,deep_bench,deep_bench_discounted,,
00-0039746,Will Shipley,PHI,RB,rushing_yards,1.8635070236295284,0.0,4.809162076442921,veteran_model,True,,False,2026,False,ACT,,deep_bench,deep_bench_discounted,,
00-0039746,Will Shipley,PHI,RB,targets,0.16679468747516873,0.0016261002983884887,0.33838233131127105,veteran_model,True,,False,2026,False,ACT,,deep_bench,deep_bench_discounted,,
00-0035594,Travis Homer,PIT,RB,carries,0.6329738929091054,0.08719932505075915,1.2094183202206452,veteran_model,True,,False,2026,True,ACT,,deep_bench,deep_bench_discounted,,
00-0035594,Travis Homer,PIT,RB,receiving_tds,0.002042199844857801,0.0,0.018700104929442112,veteran_model,True,,False,2026,True,ACT,,deep_bench,deep_bench_discounted,,
00-0035594,Travis Homer,PIT,RB,receiving_yards,0.37682158645292557,0.0,1.458770358386922,veteran_model,True,,False,2026,True,ACT,,deep_bench,deep_bench_discounted,,
00-0035594,Travis Homer,PIT,RB,receptions,0.1084348917310765,0.0,0.265650276098958,veteran_model,True,,False,2026,True,ACT,,deep_bench,deep_bench_discounted,,
00-0035594,Travis Homer,PIT,RB,rushing_tds,0.010894821146927032,0.0,0.045348176922764764,veteran_model,True,,False,2026,True,ACT,,deep_bench,deep_bench_discounted,,
00-0035594,Travis Homer,PIT,RB,rushing_yards,2.6570146049507435,0.07620016276311112,5.602669657764135,veteran_model,True,,False,2026,True,ACT,,deep_bench,deep_bench_discounted,,
00-0035594,Travis Homer,PIT,RB,targets,0.15620080250613957,0.0,0.32778844634224186,veteran_model,True,,False,2026,True,ACT,,deep_bench,deep_bench_discounted,,
00-0036139,Rico Dowdle,PIT,RB,carries,15.217087755167123,11.57859063611148,19.060050603910724,veteran_model,False,,False,2026,True,ACT,2.0,committee,curated,,
00-0036139,Rico Dowdle,PIT,RB,receiving_tds,0.1342563258122118,0.0722575483442064,0.24530902637610721,veteran_model,False,,False,2026,True,ACT,2.0,committee,curated,,
00-0036139,Rico Dowdle,PIT,RB,receiving_yards,24.61177322693315,15.69511604031143,31.82476503982646,veteran_model,False,,False,2026,True,ACT,2.0,committee,curated,,
00-0036139,Rico Dowdle,PIT,RB,receptions,3.226977279700743,2.2807894099887864,4.2750798421532865,veteran_model,False,,False,2026,True,ACT,2.0,committee,curated,,
00-0036139,Rico Dowdle,PIT,RB,rushing_tds,0.42090705404339956,0.19842370001689608,0.6505960925489844,veteran_model,False,,False,2026,True,ACT,2.0,committee,curated,,
00-0036139,Rico Dowdle,PIT,RB,rushing_yards,65.25186844531159,48.04643883072737,84.88956879740087,veteran_model,False,,False,2026,True,ACT,2.0,committee,curated,,
00-0036139,Rico Dowdle,PIT,RB,targets,4.319382792451574,3.2182588779397054,5.4633004180255895,veteran_model,False,,False,2026,True,ACT,2.0,committee,curated,,
00-0037228,Jaylen Warren,PIT,RB,carries,9.900532622288651,6.262035503233008,13.74349547103225,veteran_model,False,,False,2026,False,ACT,1.0,starter,curated,,
00-0037228,Jaylen Warren,PIT,RB,receiving_tds,0.045856234428775774,0.0,0.15690893499267117,veteran_model,False,,False,2026,False,ACT,1.0,starter,curated,,
00-0037228,Jaylen Warren,PIT,RB,receiving_yards,11.893397699580415,2.9767405129586955,19.106389512473726,veteran_model,False,,False,2026,False,ACT,1.0,starter,curated,,
00-0037228,Jaylen Warren,PIT,RB,receptions,1.6979777557070554,0.7517898859950987,2.746080318159599,veteran_model,False,,False,2026,False,ACT,1.0,starter,curated,,
00-0037228,Jaylen Warren,PIT,RB,rushing_tds,0.25989950661890954,0.03741615259240605,0.48958854512449446,veteran_model,False,,False,2026,False,ACT,1.0,starter,curated,,
00-0037228,Jaylen Warren,PIT,RB,rushing_yards,38.45230341363001,21.246873799045797,58.090003765719295,veteran_model,False,,False,2026,False,ACT,1.0,starter,curated,,
00-0037228,Jaylen Warren,PIT,RB,targets,2.2481873704692994,1.147063455957431,3.392104996043315,veteran_model,False,,False,2026,False,ACT,1.0,starter,curated,,
00-0040142,Kaleb Johnson,PIT,RB,carries,0.5073297069854231,0.0,1.0837741342969631,veteran_model,True,,False,2026,False,ACT,,deep_bench,deep_bench_discounted,,
00-0040142,Kaleb Johnson,PIT,RB,receiving_tds,0.0005741576508049931,0.0,0.017232062735389304,veteran_model,True,,False,2026,False,ACT,,deep_bench,deep_bench_discounted,,
00-0040142,Kaleb Johnson,PIT,RB,receiving_yards,0.42625957974062145,0.0,1.5082083516746179,veteran_model,True,,False,2026,False,ACT,,deep_bench,deep_bench_discounted,,
00-0040142,Kaleb Johnson,PIT,RB,receptions,0.09864557445024551,0.0,0.25586095881812704,veteran_model,True,,False,2026,False,ACT,,deep_bench,deep_bench_discounted,,
00-0040142,Kaleb Johnson,PIT,RB,rushing_tds,0.013797596668752528,0.0,0.04825095244459026,veteran_model,True,,False,2026,False,ACT,,deep_bench,deep_bench_discounted,,
00-0040142,Kaleb Johnson,PIT,RB,rushing_yards,2.2079645224160296,0.0,5.153619575229421,veteran_model,True,,False,2026,False,ACT,,deep_bench,deep_bench_discounted,,
00-0040142,Kaleb Johnson,PIT,RB,targets,0.1755171300339514,0.010348542857171161,0.34710477387005373,veteran_model,True,,False,2026,False,ACT,,deep_bench,deep_bench_discounted,,
00-0035311,Myles Gaskin,SEA,RB,carries,0.626039444538023,0.08026487667967663,1.2024838718495627,veteran_model,True,,False,2026,False,,,deep_bench,deep_bench_discounted,,
00-0035311,Myles Gaskin,SEA,RB,receiving_tds,0.0018463159214797578,0.0,0.01850422100606407,veteran_model,True,,False,2026,False,,,deep_bench,deep_bench_discounted,,
00-0035311,Myles Gaskin,SEA,RB,receiving_yards,0.6815833709786189,0.0,1.7635321429126154,veteran_model,True,,False,2026,False,,,deep_bench,deep_bench_discounted,,
00-0035311,Myles Gaskin,SEA,RB,receptions,0.10479710649965808,0.0,0.2620124908675396,veteran_model,True,,False,2026,False,,,deep_bench,deep_bench_discounted,,
00-0035311,Myles Gaskin,SEA,RB,rushing_tds,0.006778816936461797,0.0,0.04123217271229953,veteran_model,True,,False,2026,False,,,deep_bench,deep_bench_discounted,,
00-0035311,Myles Gaskin,SEA,RB,rushing_yards,2.421596632854472,0.0,5.367251685667864,veteran_model,True,,False,2026,False,,,deep_bench,deep_bench_discounted,,
00-0035311,Myles Gaskin,SEA,RB,targets,0.1077624246998022,0.0,0.2793500685359045,veteran_model,True,,False,2026,False,,,deep_bench,deep_bench_discounted,,
00-0038488,Brady Russell,SEA,RB,carries,0.49240354968163513,0.0,1.0688479769931751,veteran_model,True,,False,2026,False,ACT,,deep_bench,deep_bench_discounted,,
00-0038488,Brady Russell,SEA,RB,receiving_tds,0.001541730439577957,0.0,0.018199635524162268,veteran_model,True,,False,2026,False,ACT,,deep_bench,deep_bench_discounted,,
00-0038488,Brady Russell,SEA,RB,receiving_yards,0.6542524820368366,0.0,1.7362012539708331,veteran_model,True,,False,2026,False,ACT,,deep_bench,deep_bench_discounted,,
00-0038488,Brady Russell,SEA,RB,receptions,0.08984296351318162,0.0,0.24705834788106312,veteran_model,True,,False,2026,False,ACT,,deep_bench,deep_bench_discounted,,
00-0038488,Brady Russell,SEA,RB,rushing_tds,0.006778816936461797,0.0,0.04123217271229953,veteran_model,True,,False,2026,False,ACT,,deep_bench,deep_bench_discounted,,
00-0038488,Brady Russell,SEA,RB,rushing_yards,1.937038351603705,0.0,4.882693404417098,veteran_model,True,,False,2026,False,ACT,,deep_bench,deep_bench_discounted,,
00-0038488,Brady Russell,SEA,RB,targets,0.09165461015600043,0.0,0.2632422539921027,veteran_model,True,,False,2026,False,ACT,,deep_bench,deep_bench_discounted,,
00-0038797,Emanuel Wilson,SEA,RB,carries,1.0255081278714147,0.4797335600130684,1.6019525551829548,veteran_model,True,,False,2026,True,ACT,,deep_bench,deep_bench_discounted,,
00-0038797,Emanuel Wilson,SEA,RB,receiving_tds,0.0034653505824035506,0.0,0.02012325566698786,veteran_model,True,,False,2026,True,ACT,,deep_bench,deep_bench_discounted,,
00-0038797,Emanuel Wilson,SEA,RB,receiving_yards,0.8925998028307048,0.0,1.9745485747647011,veteran_model,True,,False,2026,True,ACT,,deep_bench,deep_bench_discounted,,
00-0038797,Emanuel Wilson,SEA,RB,receptions,0.14297393462157715,0.0010457541647836243,0.30018931898945866,veteran_model,True,,False,2026,True,ACT,,deep_bench,deep_bench_discounted,,
00-0038797,Emanuel Wilson,SEA,RB,rushing_tds,0.03971424184378179,0.006341738739806269,0.07416759761961952,veteran_model,True,,False,2026,True,ACT,,deep_bench,deep_bench_discounted,,
00-0038797,Emanuel Wilson,SEA,RB,rushing_yards,4.7135399873123465,2.1327255451247145,7.65919504012574,veteran_model,True,,False,2026,True,ACT,,deep_bench,deep_bench_discounted,,
00-0038797,Emanuel Wilson,SEA,RB,targets,0.18670783915782613,0.021539251981045882,0.35829548299392844,veteran_model,True,,False,2026,True,ACT,,deep_bench,deep_bench_discounted,,
00-0039165,Zach Charbonnet,SEA,RB,carries,10.431525733366259,6.793028614310616,14.274488582109859,veteran_model,False,,False,2026,False,ACT,1.0,starter,curated,,
00-0039165,Zach Charbonnet,SEA,RB,receiving_tds,0.03670968793498745,0.0,0.14776238849888285,veteran_model,False,,False,2026,False,ACT,1.0,starter,curated,,
00-0039165,Zach Charbonnet,SEA,RB,receiving_yards,11.380170127216925,2.463512940595205,18.593161940110235,veteran_model,False,,False,2026,False,ACT,1.0,starter,curated,,
00-0039165,Zach Charbonnet,SEA,RB,receptions,1.5394770558789903,0.5932891861670335,2.587579618331534,veteran_model,False,,False,2026,False,ACT,1.0,starter,curated,,
00-0039165,Zach Charbonnet,SEA,RB,rushing_tds,0.2776024413774446,0.05511908735094112,0.5072914798830295,veteran_model,False,,False,2026,False,ACT,1.0,starter,curated,,
00-0039165,Zach Charbonnet,SEA,RB,rushing_yards,41.16458942580448,23.959159811220264,60.80228977789376,veteran_model,False,,False,2026,False,ACT,1.0,starter,curated,,
00-0039165,Zach Charbonnet,SEA,RB,targets,1.923482550021401,0.8223586355095327,3.0674001755954166,veteran_model,False,,False,2026,False,ACT,1.0,starter,curated,,
00-0039299,George Holani,SEA,RB,carries,0.46479642573347557,0.0,1.0412408530450155,veteran_model,True,,False,2026,False,ACT,,deep_bench,deep_bench_discounted,,
00-0039299,George Holani,SEA,RB,receiving_tds,0.0008633487937754753,0.0,0.017521253878359785,veteran_model,True,,False,2026,False,ACT,,deep_bench,deep_bench_discounted,,
00-0039299,George Holani,SEA,RB,receiving_yards,0.699761242612443,0.0,1.7817100145464395,veteran_model,True,,False,2026,False,ACT,,deep_bench,deep_bench_discounted,,
00-0039299,George Holani,SEA,RB,receptions,0.0790271171830411,0.0,0.23624250155092263,veteran_model,True,,False,2026,False,ACT,,deep_bench,deep_bench_discounted,,
00-0039299,George Holani,SEA,RB,rushing_tds,0.00620445748085677,0.0,0.0406578132566945,veteran_model,True,,False,2026,False,ACT,,deep_bench,deep_bench_discounted,,
00-0039299,George Holani,SEA,RB,rushing_yards,1.885168981248003,0.0,4.830824034061395,veteran_model,True,,False,2026,False,ACT,,deep_bench,deep_bench_discounted,,
00-0039299,George Holani,SEA,RB,targets,0.096283697880591,0.0,0.26787134171669336,veteran_model,True,,False,2026,False,ACT,,deep_bench,deep_bench_discounted,,
00-0040067,Jacardia Wright,SEA,RB,carries,0.626039444538023,0.08026487667967663,1.2024838718495627,veteran_model,True,,False,2026,False,ACT,,deep_bench,deep_bench_discounted,,
00-0040067,Jacardia Wright,SEA,RB,receiving_tds,0.0018463159214797578,0.0,0.01850422100606407,veteran_model,True,,False,2026,False,ACT,,deep_bench,deep_bench_discounted,,
00-0040067,Jacardia Wright,SEA,RB,receiving_yards,0.6815833709786189,0.0,1.7635321429126154,veteran_model,True,,False,2026,False,ACT,,deep_bench,deep_bench_discounted,,
00-0040067,Jacardia Wright,SEA,RB,receptions,0.10479710649965808,0.0,0.2620124908675396,veteran_model,True,,False,2026,False,ACT,,deep_bench,deep_bench_discounted,,
00-0040067,Jacardia Wright,SEA,RB,rushing_tds,0.006778816936461797,0.0,0.04123217271229953,veteran_model,True,,False,2026,False,ACT,,deep_bench,deep_bench_discounted,,
00-0040067,Jacardia Wright,SEA,RB,rushing_yards,2.421596632854472,0.0,5.367251685667864,veteran_model,True,,False,2026,False,ACT,,deep_bench,deep_bench_discounted,,
00-0040067,Jacardia Wright,SEA,RB,targets,0.1077624246998022,0.0,0.2793500685359045,veteran_model,True,,False,2026,False,ACT,,deep_bench,deep_bench_discounted,,
PRI206342,Jadarian Price,SEA,RB,carries,13.69263052782776,7.607181083465338,18.580196307828846,rookie_rule,True,drafted,True,2026,False,,,,rookie_path,,above_median
PRI206342,Jadarian Price,SEA,RB,receiving_tds,0.11783527631215687,0.0,0.2622171584762755,rookie_rule,True,drafted,True,2026,False,,,,rookie_path,,above_median
PRI206342,Jadarian Price,SEA,RB,receiving_yards,21.052104488289388,6.942828300718389,35.18305482029616,rookie_rule,True,drafted,True,2026,False,,,,rookie_path,,above_median
PRI206342,Jadarian Price,SEA,RB,receptions,2.772071976026753,0.8342706104732892,4.476614581821777,rookie_rule,True,drafted,True,2026,False,,,,rookie_path,,above_median
PRI206342,Jadarian Price,SEA,RB,rushing_tds,0.42642923879881584,0.16580054006747322,0.6354243314939564,rookie_rule,True,drafted,True,2026,False,,,,rookie_path,,above_median
PRI206342,Jadarian Price,SEA,RB,rushing_yards,61.034647550595416,36.21660492604285,80.06081448451879,rookie_rule,True,drafted,True,2026,False,,,,rookie_path,,above_median
PRI206342,Jadarian Price,SEA,RB,targets,3.716426179256927,1.1170742072438957,6.209410443505208,rookie_rule,True,drafted,True,2026,False,,,,rookie_path,,above_median
00-0033280,Christian McCaffrey,SF,RB,carries,16.0348687909125,12.396371671856858,19.8778316396561,veteran_model,False,,False,2026,False,ACT,1.0,starter,curated,,
00-0033280,Christian McCaffrey,SF,RB,receiving_tds,0.14196368858067754,0.07996491111267214,0.2530163891445729,veteran_model,False,,False,2026,False,ACT,1.0,starter,curated,,
00-0033280,Christian McCaffrey,SF,RB,receiving_yards,30.027715509443453,21.111058322821734,37.24070732233676,veteran_model,False,,False,2026,False,ACT,1.0,starter,curated,,
00-0033280,Christian McCaffrey,SF,RB,receptions,3.419534316967141,2.4733464472551843,4.467636879419684,veteran_model,False,,False,2026,False,ACT,1.0,starter,curated,,
00-0033280,Christian McCaffrey,SF,RB,rushing_tds,0.5128423987511139,0.29035904472461044,0.7425314372566988,veteran_model,False,,False,2026,False,ACT,1.0,starter,curated,,
00-0033280,Christian McCaffrey,SF,RB,rushing_yards,66.49700618958771,49.29157657500349,86.13470654167699,veteran_model,False,,False,2026,False,ACT,1.0,starter,curated,,
00-0033280,Christian McCaffrey,SF,RB,targets,4.184164598218499,3.0830406837066304,5.3280822237925145,veteran_model,False,,False,2026,False,ACT,1.0,starter,curated,,
BLA097235,Kaelon Black,SF,RB,carries,4.390463987552824,1.8911763297273778,7.658427331710161,rookie_rule,True,drafted,False,2026,False,,,,rookie_path,,no_data
BLA097235,Kaelon Black,SF,RB,receiving_tds,0.0330076158234873,0.0,0.09414041464350885,rookie_rule,True,drafted,False,2026,False,,,,rookie_path,,no_data
BLA097235,Kaelon Black,SF,RB,receiving_yards,6.525280245193041,1.0275949260642572,13.88595254559613,rookie_rule,True,drafted,False,2026,False,,,,rookie_path,,no_data
BLA097235,Kaelon Black,SF,RB,receptions,0.8042110112880474,0.09930070403878272,1.5690069107251476,rookie_rule,True,drafted,False,2026,False,,,,rookie_path,,no_data
BLA097235,Kaelon Black,SF,RB,rushing_tds,0.13270523291910152,0.0,0.3012493268592283,rookie_rule,True,drafted,False,2026,False,,,,rookie_path,,no_data
BLA097235,Kaelon Black,SF,RB,rushing_yards,19.70389654452847,6.024986537184566,33.706452460804776,rookie_rule,True,drafted,False,2026,False,,,,rookie_path,,no_data
BLA097235,Kaelon Black,SF,RB,targets,1.0361588208915566,0.1915636745156119,1.9832247351565868,rookie_rule,True,drafted,False,2026,False,,,,rookie_path,,no_data
00-0036919,Kenny Gainwell,TB,RB,carries,7.9146880071998575,4.276190888144216,11.757650855943456,veteran_model,False,,False,2026,True,ACT,2.0,backup,curated,,
00-0036919,Kenny Gainwell,TB,RB,receiving_tds,0.07227168531848838,0.010272907850482974,0.18332438588238378,veteran_model,False,,False,2026,True,ACT,2.0,backup,curated,,
00-0036919,Kenny Gainwell,TB,RB,receiving_yards,20.45721704757982,11.540559860958101,27.67020886047313,veteran_model,False,,False,2026,True,ACT,2.0,backup,curated,,
00-0036919,Kenny Gainwell,TB,RB,receptions,2.697317225403524,1.751129355691567,3.7454197878560676,veteran_model,False,,False,2026,True,ACT,2.0,backup,curated,,
00-0036919,Kenny Gainwell,TB,RB,rushing_tds,0.300956764397678,0.0784734103711745,0.5306458029032629,veteran_model,False,,False,2026,True,ACT,2.0,backup,curated,,
00-0036919,Kenny Gainwell,TB,RB,rushing_yards,33.45137460060244,16.245944986018227,53.089074952691725,veteran_model,False,,False,2026,True,ACT,2.0,backup,curated,,
00-0036919,Kenny Gainwell,TB,RB,targets,3.6656617986248854,2.564537884113017,4.809579424198901,veteran_model,False,,False,2026,True,ACT,2.0,backup,curated,,
00-0038458,Owen Wright,TB,RB,carries,0.6669617160398201,0.12118714818147384,1.2434061433513601,veteran_model,True,,False,2026,False,,,deep_bench,deep_bench_discounted,,
00-0038458,Owen Wright,TB,RB,receiving_tds,0.0018134967343069897,0.0,0.0184714018188913,veteran_model,True,,False,2026,False,,,deep_bench,deep_bench_discounted,,
00-0038458,Owen Wright,TB,RB,receiving_yards,0.7655106481978117,0.0,1.847459420131808,veteran_model,True,,False,2026,False,,,deep_bench,deep_bench_discounted,,
00-0038458,Owen Wright,TB,RB,receptions,0.1211070127949278,0.0,0.2783223971628093,veteran_model,True,,False,2026,False,,,deep_bench,deep_bench_discounted,,
00-0038458,Owen Wright,TB,RB,rushing_tds,0.010885286392381002,0.0,0.045338642168218736,veteran_model,True,,False,2026,False,,,deep_bench,deep_bench_discounted,,
00-0038458,Owen Wright,TB,RB,rushing_yards,2.56020146790225,0.0,5.505856520715642,veteran_model,True,,False,2026,False,,,deep_bench,deep_bench_discounted,,
00-0038458,Owen Wright,TB,RB,targets,0.13717358144957498,0.0,0.3087612252856773,veteran_model,True,,False,2026,False,,,deep_bench,deep_bench_discounted,,
00-0038951,Sean Tucker,TB,RB,carries,1.0243836294161393,0.47860906155779287,1.6008280567276794,veteran_model,True,,False,2026,False,ACT,,deep_bench,deep_bench_discounted,,
00-0038951,Sean Tucker,TB,RB,receiving_tds,0.004848849017934886,0.0,0.021506754102519197,veteran_model,True,,False,2026,False,ACT,,deep_bench,deep_bench_discounted,,
00-0038951,Sean Tucker,TB,RB,receiving_yards,1.2129682280797347,0.0,2.294917000013731,veteran_model,True,,False,2026,False,ACT,,deep_bench,deep_bench_discounted,,
00-0038951,Sean Tucker,TB,RB,receptions,0.205037048915804,0.06310886845901047,0.36225243328368545,veteran_model,True,,False,2026,False,ACT,,deep_bench,deep_bench_discounted,,
00-0038951,Sean Tucker,TB,RB,rushing_tds,0.041081561769792975,0.007709058665817455,0.0755349175456307,veteran_model,True,,False,2026,False,ACT,,deep_bench,deep_bench_discounted,,
00-0038951,Sean Tucker,TB,RB,rushing_yards,4.555182198226885,1.9743677560392532,7.500837251040277,veteran_model,True,,False,2026,False,ACT,,deep_bench,deep_bench_discounted,,
00-0038951,Sean Tucker,TB,RB,targets,0.2759317341074554,0.1107631469306752,0.4475193779435578,veteran_model,True,,False,2026,False,ACT,,deep_bench,deep_bench_discounted,,
00-0039361,Bucky Irving,TB,RB,carries,16.008119975541913,12.36962285648627,19.851082824285513,veteran_model,False,,False,2026,False,ACT,1.0,starter,curated,,
00-0039361,Bucky Irving,TB,RB,receiving_tds,0.07079884676996044,0.008800069301955038,0.18185154733385583,veteran_model,False,,False,2026,False,ACT,1.0,starter,curated,,
00-0039361,Bucky Irving,TB,RB,receiving_yards,17.086593935772505,8.169936749150786,24.299585748665816,veteran_model,False,,False,2026,False,ACT,1.0,starter,curated,,
00-0039361,Bucky Irving,TB,RB,receptions,2.3542483764431954,1.4080605067312386,3.402350938895739,veteran_model,False,,False,2026,False,ACT,1.0,starter,curated,,
00-0039361,Bucky Irving,TB,RB,rushing_tds,0.4953184948401583,0.2728351408136548,0.7250075333457432,veteran_model,False,,False,2026,False,ACT,1.0,starter,curated,,
00-0039361,Bucky Irving,TB,RB,rushing_yards,75.05612981500117,57.85070020041695,94.69383016709045,veteran_model,False,,False,2026,False,ACT,1.0,starter,curated,,
00-0039361,Bucky Irving,TB,RB,targets,3.0477003163870435,1.9465764018751752,4.191617941961059,veteran_model,False,,False,2026,False,ACT,1.0,starter,curated,,
00-0040429,Josh Williams,TB,RB,carries,0.6669617160398201,0.12118714818147384,1.2434061433513601,veteran_model,True,,False,2026,False,ACT,,deep_bench,deep_bench_discounted,,
00-0040429,Josh Williams,TB,RB,receiving_tds,0.0018134967343069897,0.0,0.0184714018188913,veteran_model,True,,False,2026,False,ACT,,deep_bench,deep_bench_discounted,,
00-0040429,Josh Williams,TB,RB,receiving_yards,0.7655106481978117,0.0,1.847459420131808,veteran_model,True,,False,2026,False,ACT,,deep_bench,deep_bench_discounted,,
00-0040429,Josh Williams,TB,RB,receptions,0.1211070127949278,0.0,0.2783223971628093,veteran_model,True,,False,2026,False,ACT,,deep_bench,deep_bench_discounted,,
00-0040429,Josh Williams,TB,RB,rushing_tds,0.010885286392381002,0.0,0.045338642168218736,veteran_model,True,,False,2026,False,ACT,,deep_bench,deep_bench_discounted,,
00-0040429,Josh Williams,TB,RB,rushing_yards,2.56020146790225,0.0,5.505856520715642,veteran_model,True,,False,2026,False,ACT,,deep_bench,deep_bench_discounted,,
00-0040429,Josh Williams,TB,RB,targets,0.13717358144957498,0.0,0.3087612252856773,veteran_model,True,,False,2026,False,ACT,,deep_bench,deep_bench_discounted,,
00-0041433,Kadarius Calloway,TB,RB,carries,4.353015487962236,0.9128820803770195,9.311397219845603,rookie_rule,True,udfa,False,2026,False,,,,rookie_path,,no_data
00-0041433,Kadarius Calloway,TB,RB,receiving_tds,0.02481032720900731,0.0,0.05857660015752543,rookie_rule,True,udfa,False,2026,False,,,,rookie_path,,no_data
00-0041433,Kadarius Calloway,TB,RB,receiving_yards,6.208115964165219,0.0,15.153842534258526,rookie_rule,True,udfa,False,2026,False,,,,rookie_path,,no_data
00-0041433,Kadarius Calloway,TB,RB,receptions,0.8503920091232076,0.0,1.825764160754039,rookie_rule,True,udfa,False,2026,False,,,,rookie_path,,no_data
00-0041433,Kadarius Calloway,TB,RB,rushing_tds,0.1250332465593456,0.0,0.3286375489357274,rookie_rule,True,udfa,False,2026,False,,,,rookie_path,,no_data
00-0041433,Kadarius Calloway,TB,RB,rushing_yards,17.279503954166373,1.460611328603231,39.66255286361871,rookie_rule,True,udfa,False,2026,False,,,,rookie_path,,no_data
00-0041433,Kadarius Calloway,TB,RB,targets,1.1239516891627623,0.0,2.3524268994330897,rookie_rule,True,udfa,False,2026,False,,,,rookie_path,,no_data
00-0035261,Tony Pollard,TEN,RB,carries,15.552871465759296,11.914374346703653,19.395834314502896,veteran_model,False,,False,2026,False,ACT,1.0,starter,curated,,
00-0035261,Tony Pollard,TEN,RB,receiving_tds,0.041848746544417795,0.0,0.15290144710831322,veteran_model,False,,False,2026,False,ACT,1.0,starter,curated,,
00-0035261,Tony Pollard,TEN,RB,receiving_yards,13.849629092445264,4.932971905823544,21.062620905338573,veteran_model,False,,False,2026,False,ACT,1.0,starter,curated,,
00-0035261,Tony Pollard,TEN,RB,receptions,2.1201734885360213,1.1739856188240645,3.168276050988565,veteran_model,False,,False,2026,False,ACT,1.0,starter,curated,,
00-0035261,Tony Pollard,TEN,RB,rushing_tds,0.6327707268577732,0.41028737283126976,0.8624597653633581,veteran_model,False,,False,2026,False,ACT,1.0,starter,curated,,
00-0035261,Tony Pollard,TEN,RB,rushing_yards,76.30701696178787,59.10158734720365,95.94471731387715,veteran_model,False,,False,2026,False,ACT,1.0,starter,curated,,
00-0035261,Tony Pollard,TEN,RB,targets,2.380599772975691,1.2794758584638228,3.5245173985497065,veteran_model,False,,False,2026,False,ACT,1.0,starter,curated,,
00-0036924,Michael Carter,TEN,RB,carries,0.6050194696004139,0.05924490174206751,1.1814638969119537,veteran_model,True,,False,2026,True,ACT,,deep_bench,deep_bench_discounted,,
00-0036924,Michael Carter,TEN,RB,receiving_tds,0.008254270758607879,0.0,0.02491217584319219,veteran_model,True,,False,2026,True,ACT,,deep_bench,deep_bench_discounted,,
00-0036924,Michael Carter,TEN,RB,receiving_yards,2.369081966061072,1.031583388067814,3.4510307379950684,veteran_model,True,,False,2026,True,ACT,,deep_bench,deep_bench_discounted,,
00-0036924,Michael Carter,TEN,RB,receptions,0.2785744458540248,0.1366462653972313,0.4357898302219063,veteran_model,True,,False,2026,True,ACT,,deep_bench,deep_bench_discounted,,
00-0036924,Michael Carter,TEN,RB,rushing_tds,0.0138126969200336,0.0,0.048266052695871337,veteran_model,True,,False,2026,True,ACT,,deep_bench,deep_bench_discounted,,
00-0036924,Michael Carter,TEN,RB,rushing_yards,2.6712456544423215,0.09043121225468927,5.616900707255714,veteran_model,True,,False,2026,True,ACT,,deep_bench,deep_bench_discounted,,
00-0036924,Michael Carter,TEN,RB,targets,0.3044955624028087,0.1393269752260284,0.4760832062389109,veteran_model,True,,False,2026,True,ACT,,deep_bench,deep_bench_discounted,,
00-0037594,Julius Chestnut,TEN,RB,carries,0.51642135982922,0.0,1.0928657871407599,veteran_model,True,,False,2026,False,ACT,,deep_bench,deep_bench_discounted,,
00-0037594,Julius Chestnut,TEN,RB,receiving_tds,0.0,0.0,0.01665790508458431,veteran_model,True,,False,2026,False,ACT,,deep_bench,deep_bench_discounted,,
00-0037594,Julius Chestnut,TEN,RB,receiving_yards,0.9023425680459397,0.0,1.984291339979936,veteran_model,True,,False,2026,False,ACT,,deep_bench,deep_bench_discounted,,
00-0037594,Julius Chestnut,TEN,RB,receptions,0.09063169585352893,0.0,0.24784708022141044,veteran_model,True,,False,2026,False,ACT,,deep_bench,deep_bench_discounted,,
00-0037594,Julius Chestnut,TEN,RB,rushing_tds,0.010889083686248871,0.0,0.0453424394620866,veteran_model,True,,False,2026,False,ACT,,deep_bench,deep_bench_discounted,,
00-0037594,Julius Chestnut,TEN,RB,rushing_yards,2.493093925729089,0.0,5.438748978542482,veteran_model,True,,False,2026,False,ACT,,deep_bench,deep_bench_discounted,,
00-0037594,Julius Chestnut,TEN,RB,targets,0.09338211268295517,0.0,0.2649697565190575,veteran_model,True,,False,2026,False,ACT,,deep_bench,deep_bench_discounted,,
00-0039032,Tyjae Spears,TEN,RB,carries,6.942240902938076,3.303743783882434,10.785203751681676,veteran_model,False,,False,2026,False,ACT,2.0,committee,curated,,
00-0039032,Tyjae Spears,TEN,RB,receiving_tds,0.05299054663019075,0.0,0.16404324719408617,veteran_model,False,,False,2026,False,ACT,2.0,committee,curated,,
00-0039032,Tyjae Spears,TEN,RB,receiving_yards,19.139993522488194,10.223336335866474,26.352985335381504,veteran_model,False,,False,2026,False,ACT,2.0,committee,curated,,
00-0039032,Tyjae Spears,TEN,RB,receptions,2.323532162665821,1.3773442929538642,3.3716347251183647,veteran_model,False,,False,2026,False,ACT,2.0,committee,curated,,
00-0039032,Tyjae Spears,TEN,RB,rushing_tds,0.17869001572856943,0.0,0.4083790542341543,veteran_model,False,,False,2026,False,ACT,2.0,committee,curated,,
00-0039032,Tyjae Spears,TEN,RB,rushing_yards,23.02848946346189,5.823059848877676,42.66618981555118,veteran_model,False,,False,2026,False,ACT,2.0,committee,curated,,
00-0039032,Tyjae Spears,TEN,RB,targets,2.518368611497508,1.4172446969856396,3.6622862370715232,veteran_model,False,,False,2026,False,ACT,2.0,committee,curated,,
00-0040205,Kalel Mullings,TEN,RB,carries,0.638885473134719,0.09311090527637267,1.215329900446259,veteran_model,True,,False,2026,False,ACT,,deep_bench,deep_bench_discounted,,
00-0040205,Kalel Mullings,TEN,RB,receiving_tds,0.0012604402080685815,0.0,0.01791834529265289,veteran_model,True,,False,2026,False,ACT,,deep_bench,deep_bench_discounted,,
00-0040205,Kalel Mullings,TEN,RB,receiving_yards,0.9011375192340683,0.0,1.9830862911680647,veteran_model,True,,False,2026,False,ACT,,deep_bench,deep_bench_discounted,,
00-0040205,Kalel Mullings,TEN,RB,receptions,0.10764105173053483,0.0,0.26485643609841636,veteran_model,True,,False,2026,False,ACT,,deep_bench,deep_bench_discounted,,
00-0040205,Kalel Mullings,TEN,RB,rushing_tds,0.011463443141853902,0.0,0.04591679891769163,veteran_model,True,,False,2026,False,ACT,,deep_bench,deep_bench_discounted,,
00-0040205,Kalel Mullings,TEN,RB,rushing_yards,2.9501408805642773,0.36932643837664525,5.89579593337767,veteran_model,True,,False,2026,False,ACT,,deep_bench,deep_bench_discounted,,
00-0040205,Kalel Mullings,TEN,RB,targets,0.08813432361928308,0.0,0.2597219674553854,veteran_model,True,,False,2026,False,ACT,,deep_bench,deep_bench_discounted,,
00-0033699,Austin Ekeler,WAS,RB,carries,1.0054893404899206,0.4597147726315742,1.5819337678014604,veteran_model,True,,False,2026,False,,,deep_bench,deep_bench_discounted,,
00-0033699,Austin Ekeler,WAS,RB,receiving_tds,0.0024296431103623946,0.0,0.019087548194946704,veteran_model,True,,False,2026,False,,,deep_bench,deep_bench_discounted,,
00-0033699,Austin Ekeler,WAS,RB,receiving_yards,1.6936532407236995,0.3561546627304416,2.775602012657696,veteran_model,True,,False,2026,False,,,deep_bench,deep_bench_discounted,,
00-0033699,Austin Ekeler,WAS,RB,receptions,0.24777046551902804,0.10584228506223453,0.40498584988690955,veteran_model,True,,False,2026,False,,,deep_bench,deep_bench_discounted,,
00-0033699,Austin Ekeler,WAS,RB,rushing_tds,0.019863167773704227,0.0,0.05431652354954195,veteran_model,True,,False,2026,False,,,deep_bench,deep_bench_discounted,,
00-0033699,Austin Ekeler,WAS,RB,rushing_yards,3.6701268561965756,1.0893124140089434,6.615781909009968,veteran_model,True,,False,2026,False,,,deep_bench,deep_bench_discounted,,
00-0033699,Austin Ekeler,WAS,RB,targets,0.33700047832178937,0.1718318911450091,0.5085881221578916,veteran_model,True,,False,2026,False,,,deep_bench,deep_bench_discounted,,
00-0033955,Jeremy McNichols,WAS,RB,carries,0.6134818683706134,0.06770730051226705,1.1899262956821532,veteran_model,True,,False,2026,False,ACT,,deep_bench,deep_bench_discounted,,
00-0033955,Jeremy McNichols,WAS,RB,receiving_tds,0.007243022376376037,0.0,0.023900927460960345,veteran_model,True,,False,2026,False,ACT,,deep_bench,deep_bench_discounted,,
00-0033955,Jeremy McNichols,WAS,RB,receiving_yards,1.92317476933035,0.5856761913370923,3.005123541264347,veteran_model,True,,False,2026,False,ACT,,deep_bench,deep_bench_discounted,,
00-0033955,Jeremy McNichols,WAS,RB,receptions,0.26444933998524545,0.12252115952845191,0.42166472435312696,veteran_model,True,,False,2026,False,ACT,,deep_bench,deep_bench_discounted,,
00-0033955,Jeremy McNichols,WAS,RB,rushing_tds,0.014392411988436667,0.0,0.048845767764274406,veteran_model,True,,False,2026,False,ACT,,deep_bench,deep_bench_discounted,,
00-0033955,Jeremy McNichols,WAS,RB,rushing_yards,2.7420779105310245,0.16126346834339245,5.687732963344417,veteran_model,True,,False,2026,False,ACT,,deep_bench,deep_bench_discounted,,
00-0033955,Jeremy McNichols,WAS,RB,targets,0.35863821193615936,0.1934696247593791,0.5302258557722617,veteran_model,True,,False,2026,False,ACT,,deep_bench,deep_bench_discounted,,
00-0037256,Rachaad White,WAS,RB,carries,14.70736379319094,11.068866674135297,18.55032664193454,veteran_model,False,,False,2026,True,ACT,2.0,committee,curated,,
00-0037256,Rachaad White,WAS,RB,receiving_tds,0.1584948258134171,0.09649604834541169,0.2695475263773125,veteran_model,False,,False,2026,True,ACT,2.0,committee,curated,,
00-0037256,Rachaad White,WAS,RB,receiving_yards,28.820596793867438,19.903939607245718,36.033588606760745,veteran_model,False,,False,2026,True,ACT,2.0,committee,curated,,
00-0037256,Rachaad White,WAS,RB,receptions,3.5264580910717873,2.5802702213598305,4.574560653524331,veteran_model,False,,False,2026,True,ACT,2.0,committee,curated,,
00-0037256,Rachaad White,WAS,RB,rushing_tds,0.4188032178164861,0.19631986378998262,0.648492256322071,veteran_model,False,,False,2026,True,ACT,2.0,committee,curated,,
00-0037256,Rachaad White,WAS,RB,rushing_yards,62.8633780380387,45.657948423454485,82.50107839012799,veteran_model,False,,False,2026,True,ACT,2.0,committee,curated,,
00-0037256,Rachaad White,WAS,RB,targets,4.369969789911475,3.268845875399607,5.513887415485491,veteran_model,False,,False,2026,True,ACT,2.0,committee,curated,,
00-0037267,Jerome Ford,WAS,RB,carries,0.5335797600256058,0.0,1.1100241873371457,veteran_model,True,,False,2026,True,ACT,,deep_bench,deep_bench_discounted,,
00-0037267,Jerome Ford,WAS,RB,receiving_tds,0.00573038362060611,0.0,0.022388288705190423,veteran_model,True,,False,2026,True,ACT,,deep_bench,deep_bench_discounted,,
00-0037267,Jerome Ford,WAS,RB,receiving_yards,1.6318100056188098,0.2943114276255519,2.7137587775528065,veteran_model,True,,False,2026,True,ACT,,deep_bench,deep_bench_discounted,,
00-0037267,Jerome Ford,WAS,RB,receptions,0.2221733076276616,0.08024512717086808,0.3793886919955431,veteran_model,True,,False,2026,True,ACT,,deep_bench,deep_bench_discounted,,
00-0037267,Jerome Ford,WAS,RB,rushing_tds,0.012655597314035209,0.0,0.047108953089872944,veteran_model,True,,False,2026,True,ACT,,deep_bench,deep_bench_discounted,,
00-0037267,Jerome Ford,WAS,RB,rushing_yards,2.6967510845436187,0.11593664235598666,5.642406137357011,veteran_model,True,,False,2026,True,ACT,,deep_bench,deep_bench_discounted,,
00-0037267,Jerome Ford,WAS,RB,targets,0.2756835330670258,0.11051494589024558,0.4472711769031281,veteran_model,True,,False,2026,True,ACT,,deep_bench,deep_bench_discounted,,
00-0040242,Jacory Croskey-Merritt,WAS,RB,carries,9.458065866470562,5.81956874741492,13.301028715214162,veteran_model,False,,False,2026,False,ACT,1.0,starter,curated,,
00-0040242,Jacory Croskey-Merritt,WAS,RB,receiving_tds,0.03090442866263853,0.0,0.14195712922653395,veteran_model,False,,False,2026,False,ACT,1.0,starter,curated,,
00-0040242,Jacory Croskey-Merritt,WAS,RB,receiving_yards,5.239891252483862,0.0,12.452883065377172,veteran_model,False,,False,2026,False,ACT,1.0,starter,curated,,
00-0040242,Jacory Croskey-Merritt,WAS,RB,receptions,0.8900163233890238,0.0,1.9381188858415674,veteran_model,False,,False,2026,False,ACT,1.0,starter,curated,,
00-0040242,Jacory Croskey-Merritt,WAS,RB,rushing_tds,0.3129464499867345,0.090463095960231,0.5426354884923194,veteran_model,False,,False,2026,False,ACT,1.0,starter,curated,,
00-0040242,Jacory Croskey-Merritt,WAS,RB,rushing_yards,37.310078469699334,20.10464885511512,56.94777882178862,veteran_model,False,,False,2026,False,ACT,1.0,starter,curated,,
00-0040242,Jacory Croskey-Merritt,WAS,RB,targets,1.260488156242415,0.15936424173054675,2.404405781816431,veteran_model,False,,False,2026,False,ACT,1.0,starter,curated,,
00-0041178,Robert Henry Jr.,WAS,RB,carries,4.991739455510833,1.046830527354722,10.677671379018168,rookie_rule,True,udfa,False,2026,False,,,,rookie_path,,above_median
00-0041178,Robert Henry Jr.,WAS,RB,receiving_tds,0.028450780746317024,0.0,0.06717162550526136,rookie_rule,True,udfa,False,2026,False,,,,rookie_path,,above_median
00-0041178,Robert Henry Jr.,WAS,RB,receiving_yards,7.119041383704594,0.0,17.377386754088388,rookie_rule,True,udfa,False,2026,False,,,,rookie_path,,above_median
00-0041178,Robert Henry Jr.,WAS,RB,receptions,0.9751712017405693,0.0,2.093661054709444,rookie_rule,True,udfa,False,2026,False,,,,rookie_path,,above_median
00-0041178,Robert Henry Jr.,WAS,RB,rushing_tds,0.14337954731079383,0.0,0.3768589898477004,rookie_rule,True,udfa,False,2026,False,,,,rookie_path,,above_median
00-0041178,Robert Henry Jr.,WAS,RB,rushing_yards,19.814949406496584,1.6749288437675551,45.482293959926125,rookie_rule,True,udfa,False,2026,False,,,,rookie_path,,above_median
00-0041178,Robert Henry Jr.,WAS,RB,targets,1.2888706710088513,0.0,2.697601743567939,rookie_rule,True,udfa,False,2026,False,,,,rookie_path,,above_median
ALL532376,Kaytron Allen,WAS,RB,carries,4.791371443049673,1.399472092212759,9.507628114727208,rookie_rule,True,drafted,False,2026,False,,,,rookie_path,,no_data
ALL532376,Kaytron Allen,WAS,RB,receiving_tds,0.039917031559658575,0.0,0.11633938040527118,rookie_rule,True,drafted,False,2026,False,,,,rookie_path,,no_data
ALL532376,Kaytron Allen,WAS,RB,receiving_yards,6.961504145881278,0.0,14.501575452023959,rookie_rule,True,drafted,False,2026,False,,,,rookie_path,,no_data
ALL532376,Kaytron Allen,WAS,RB,receptions,0.9335684019761928,0.0,1.8803352358001961,rookie_rule,True,drafted,False,2026,False,,,,rookie_path,,no_data
ALL532376,Kaytron Allen,WAS,RB,rushing_tds,0.11342440289767612,0.0,0.2726704228248543,rookie_rule,True,drafted,False,2026,False,,,,rookie_path,,no_data
ALL532376,Kaytron Allen,WAS,RB,rushing_yards,18.836603140806933,3.1760650850639056,40.302119704782605,rookie_rule,True,drafted,False,2026,False,,,,rookie_path,,no_data
ALL532376,Kaytron Allen,WAS,RB,targets,1.2258323421402229,0.0,2.519474706901655,rookie_rule,True,drafted,False,2026,False,,,,rookie_path,,no_data
00-0033439,Pharaoh Brown,ARI,TE,receiving_tds,0.018694182989096808,0.0,0.04635824602417516,veteran_model,True,,False,2026,False,,,deep_bench,deep_bench_discounted,,
00-0033439,Pharaoh Brown,ARI,TE,receiving_yards,1.5635267916013447,0.0,3.5440245986405077,veteran_model,True,,False,2026,False,,,deep_bench,deep_bench_discounted,,
00-0033439,Pharaoh Brown,ARI,TE,receptions,0.17210929308413228,0.048319069403097,0.37390531075351635,veteran_model,True,,False,2026,False,,,deep_bench,deep_bench_discounted,,
00-0033439,Pharaoh Brown,ARI,TE,targets,0.2704026420285792,0.12681880858156927,0.4978277949671359,veteran_model,True,,False,2026,False,,,deep_bench,deep_bench_discounted,,
00-0036332,Josiah Deguara,ARI,TE,receiving_tds,0.014074205561040228,0.0,0.04173826859611857,veteran_model,True,,False,2026,False,,,deep_bench,deep_bench_discounted,,
00-0036332,Josiah Deguara,ARI,TE,receiving_yards,1.5788985818904226,0.0028462632650958497,3.559396388929586,veteran_model,True,,False,2026,False,,,deep_bench,deep_bench_discounted,,
00-0036332,Josiah Deguara,ARI,TE,receptions,0.1737728962585274,0.049982672577492136,0.3755689139279115,veteran_model,True,,False,2026,False,,,deep_bench,deep_bench_discounted,,
00-0036332,Josiah Deguara,ARI,TE,targets,0.2592162931865991,0.11563245973958916,0.4866414461251558,veteran_model,True,,False,2026,False,,,deep_bench,deep_bench_discounted,,
00-0037744,Trey McBride,ARI,TE,receiving_tds,0.36873769045024046,0.21569948651307316,0.5531647773507627,veteran_model,False,,False,2026,False,ACT,1.0,starter,curated,,
00-0037744,Trey McBride,ARI,TE,receiving_yards,51.52226029411881,41.01524483661663,64.72557900771324,veteran_model,False,,False,2026,False,ACT,1.0,starter,curated,,
00-0037744,Trey McBride,ARI,TE,receptions,5.182180043252314,4.356911885378746,6.527486827714875,veteran_model,False,,False,2026,False,ACT,1.0,starter,curated,,
00-0037744,Trey McBride,ARI,TE,targets,7.567998261693768,6.610772705380368,9.084165947950813,veteran_model,False,,False,2026,False,ACT,1.0,starter,curated,,
00-0039041,Elijah Higgins,ARI,TE,receiving_tds,0.10883399512668253,0.0,0.29326108202720486,veteran_model,False,,False,2026,False,ACT,2.0,backup,curated,,
00-0039041,Elijah Higgins,ARI,TE,receiving_yards,15.062828735845496,4.555813278343317,28.266147449439917,veteran_model,False,,False,2026,False,ACT,2.0,backup,curated,,
00-0039041,Elijah Higgins,ARI,TE,receptions,1.6966732092167764,0.8714050513432079,3.0419799936793366,veteran_model,False,,False,2026,False,ACT,2.0,backup,curated,,
00-0039041,Elijah Higgins,ARI,TE,targets,2.4802751452146974,1.5230495889012976,3.996442831471742,veteran_model,False,,False,2026,False,ACT,2.0,backup,curated,,
00-0039737,Tip Reiman,ARI,TE,receiving_tds,0.01296938623605056,0.0,0.040633449271128906,veteran_model,True,,False,2026,False,ACT,,deep_bench,deep_bench_discounted,,
00-0039737,Tip Reiman,ARI,TE,receiving_yards,1.692925359915129,0.11687304128980225,3.673423166954292,veteran_model,True,,False,2026,False,ACT,,deep_bench,deep_bench_discounted,,
00-0039737,Tip Reiman,ARI,TE,receptions,0.16769823711792678,0.04390801343689151,0.36949425478731085,veteran_model,True,,False,2026,False,ACT,,deep_bench,deep_bench_discounted,,
00-0039737,Tip Reiman,ARI,TE,targets,0.25524163621126067,0.1116578027642507,0.48266678914981737,veteran_model,True,,False,2026,False,ACT,,deep_bench,deep_bench_discounted,,
00-0041366,Jameson Geers,ARI,TE,receiving_tds,0.033602959210257535,0.0,0.13219323396170507,rookie_rule,True,udfa,False,2026,False,,,,rookie_path,,no_data
00-0041366,Jameson Geers,ARI,TE,receiving_yards,5.787744763793213,0.0,11.114667960727573,rookie_rule,True,udfa,False,2026,False,,,,rookie_path,,no_data
00-0041366,Jameson Geers,ARI,TE,receptions,0.5630370387151167,0.0,0.9392677149910624,rookie_rule,True,udfa,False,2026,False,,,,rookie_path,,no_data
00-0041366,Jameson Geers,ARI,TE,targets,0.963317370202946,0.6261784766607082,1.490901134906448,rookie_rule,True,udfa,False,2026,False,,,,rookie_path,,no_data
00-0032392,Austin Hooper,ATL,TE,receiving_tds,0.017170605020538618,0.0,0.04483466805561696,veteran_model,True,,False,2026,True,ACT,,deep_bench,deep_bench_discounted,,
00-0032392,Austin Hooper,ATL,TE,receiving_yards,2.244978755478612,0.6689264368532851,4.225476562517775,veteran_model,True,,False,2026,True,ACT,,deep_bench,deep_bench_discounted,,
00-0032392,Austin Hooper,ATL,TE,receptions,0.2823953100399519,0.15860508635891662,0.48419132770933593,veteran_model,True,,False,2026,True,ACT,,deep_bench,deep_bench_discounted,,
00-0032392,Austin Hooper,ATL,TE,targets,0.37275260436644686,0.2291687709194369,0.6001777573050036,veteran_model,True,,False,2026,True,ACT,,deep_bench,deep_bench_discounted,,
00-0036429,Charlie Woerner,ATL,TE,receiving_tds,0.07911455968905759,0.0,0.2635416465895799,veteran_model,False,,False,2026,False,ACT,2.0,backup,curated,,
00-0036429,Charlie Woerner,ATL,TE,receiving_yards,10.923886409011036,0.4168709515088569,24.127205122605456,veteran_model,False,,False,2026,False,ACT,2.0,backup,curated,,
00-0036429,Charlie Woerner,ATL,TE,receptions,1.4217197446088647,0.5964515867352962,2.7670265290714253,veteran_model,False,,False,2026,False,ACT,2.0,backup,curated,,
00-0036429,Charlie Woerner,ATL,TE,targets,1.7593324562713,0.8021068999579002,3.2755001425283448,veteran_model,False,,False,2026,False,ACT,2.0,backup,curated,,
00-0036970,Kyle Pitts,ATL,TE,receiving_tds,0.4008339507385803,0.247795746801413,0.5852610376391026,veteran_model,False,,False,2026,False,ACT,1.0,starter,curated,,
00-0036970,Kyle Pitts,ATL,TE,receiving_yards,47.92553376908935,37.41851831158717,61.12885248268377,veteran_model,False,,False,2026,False,ACT,1.0,starter,curated,,
00-0036970,Kyle Pitts,ATL,TE,receptions,4.690944370514215,3.865676212640646,6.0362511549767754,veteran_model,False,,False,2026,False,ACT,1.0,starter,curated,,
00-0036970,Kyle Pitts,ATL,TE,targets,6.192087432014826,5.234861875701426,7.70825511827187,veteran_model,False,,False,2026,False,ACT,1.0,starter,curated,,
00-0041195,Jack Velling,ATL,TE,receiving_tds,0.04731853487450179,0.0,0.18614997900186944,rookie_rule,True,udfa,False,2026,False,,,,rookie_path,,no_data
00-0041195,Jack Velling,ATL,TE,receiving_yards,8.15010370773132,0.0,15.651294287130868,rookie_rule,True,udfa,False,2026,False,,,,rookie_path,,no_data
00-0041195,Jack Velling,ATL,TE,receptions,0.7928494507098286,0.0,1.322644587644862,rookie_rule,True,udfa,False,2026,False,,,,rookie_path,,no_data
00-0041195,Jack Velling,ATL,TE,targets,1.3565104874229947,0.881763058429908,2.0994358534045428,rookie_rule,True,udfa,False,2026,False,,,,rookie_path,,no_data
00-0034753,Mark Andrews,BAL,TE,receiving_tds,0.36817402296139057,0.21513581902422327,0.5526011098619129,veteran_model,False,,False,2026,False,ACT,1.0,starter,curated,,
00-0034753,Mark Andrews,BAL,TE,receiving_yards,42.97466951917998,32.467654061677806,56.1779882327744,veteran_model,False,,False,2026,False,ACT,1.0,starter,curated,,
00-0034753,Mark Andrews,BAL,TE,receptions,3.9662246335250537,3.1409564756514854,5.311531417987614,veteran_model,False,,False,2026,False,ACT,1.0,starter,curated,,
00-0034753,Mark Andrews,BAL,TE,targets,5.503368543674451,4.546142987361051,7.0195362299314965,veteran_model,False,,False,2026,False,ACT,1.0,starter,curated,,
00-0034798,Durham Smythe,BAL,TE,receiving_tds,0.07034060848992373,0.0,0.254767695390446,veteran_model,False,,False,2026,True,ACT,2.0,backup,curated,,
00-0034798,Durham Smythe,BAL,TE,receiving_yards,6.084701598296569,0.0,19.28802031189099,veteran_model,False,,False,2026,True,ACT,2.0,backup,curated,,
00-0034798,Durham Smythe,BAL,TE,receptions,0.8778452631569013,0.052577105283332704,2.2231520476194615,veteran_model,False,,False,2026,True,ACT,2.0,backup,curated,,
00-0034798,Durham Smythe,BAL,TE,targets,1.4413132445600998,0.4840876882467,2.9574809308171446,veteran_model,False,,False,2026,True,ACT,2.0,backup,curated,,
CUE040912,Josh Cuevas,BAL,TE,receiving_tds,0.10399843774371592,0.0,0.23506733073962427,rookie_rule,True,drafted,False,2026,False,,,,rookie_path,,above_median
CUE040912,Josh Cuevas,BAL,TE,receiving_yards,14.976942163839679,5.150286680877176,27.90750179043211,rookie_rule,True,drafted,False,2026,False,,,,rookie_path,,above_median
CUE040912,Josh Cuevas,BAL,TE,receptions,1.4276814646864313,0.6716759958674836,2.3387272627193103,rookie_rule,True,drafted,False,2026,False,,,,rookie_path,,above_median
CUE040912,Josh Cuevas,BAL,TE,targets,2.006384625148993,0.9306354159609713,3.4693625879489134,rookie_rule,True,drafted,False,2026,False,,,,rookie_path,,above_median
HIB564972,Matthew Hibner,BAL,TE,receiving_tds,0.10399843774371592,0.0,0.23506733073962427,rookie_rule,True,drafted,False,2026,False,,,,rookie_path,,above_median
HIB564972,Matthew Hibner,BAL,TE,receiving_yards,14.976942163839679,5.150286680877176,27.90750179043211,rookie_rule,True,drafted,False,2026,False,,,,rookie_path,,above_median
HIB564972,Matthew Hibner,BAL,TE,receptions,1.4276814646864313,0.6716759958674836,2.3387272627193103,rookie_rule,True,drafted,False,2026,False,,,,rookie_path,,above_median
HIB564972,Matthew Hibner,BAL,TE,targets,2.006384625148993,0.9306354159609713,3.4693625879489134,rookie_rule,True,drafted,False,2026,False,,,,rookie_path,,above_median
00-0035689,Dawson Knox,BUF,TE,receiving_tds,0.15205502037713148,0.0,0.3364821072776538,veteran_model,False,,False,2026,False,ACT,2.0,backup,curated,,
00-0035689,Dawson Knox,BUF,TE,receiving_yards,36.05805952652036,25.551044069018182,49.26137824011478,veteran_model,False,,False,2026,False,ACT,2.0,backup,curated,,
00-0035689,Dawson Knox,BUF,TE,receptions,3.7037389221060666,2.878470764232498,5.049045706568627,veteran_model,False,,False,2026,False,ACT,2.0,backup,curated,,
00-0035689,Dawson Knox,BUF,TE,targets,4.487090649147537,3.529865092834137,6.003258335404581,veteran_model,False,,False,2026,False,ACT,2.0,backup,curated,,
00-0036534,Shane Zylstra,BUF,TE,receiving_tds,0.011291174947029461,0.0,0.03895523798210781,veteran_model,True,,False,2026,True,ACT,,deep_bench,deep_bench_discounted,,
00-0036534,Shane Zylstra,BUF,TE,receiving_yards,1.4761324824283777,0.0,3.4566302894675407,veteran_model,True,,False,2026,True,ACT,,deep_bench,deep_bench_discounted,,
00-0036534,Shane Zylstra,BUF,TE,receptions,0.1757112403053473,0.05192101662431201,0.37750725797473134,veteran_model,True,,False,2026,True,ACT,,deep_bench,deep_bench_discounted,,
00-0036534,Shane Zylstra,BUF,TE,targets,0.25313615492965374,0.10955232148264378,0.4805613078682105,veteran_model,True,,False,2026,True,ACT,,deep_bench,deep_bench_discounted,,
00-0038933,Dalton Kincaid,BUF,TE,receiving_tds,0.13867528734692414,0.0,0.3231023742474465,veteran_model,False,,False,2026,False,ACT,1.0,starter,curated,,
00-0038933,Dalton Kincaid,BUF,TE,receiving_yards,26.236605380414613,15.729589922912433,39.43992409400903,veteran_model,False,,False,2026,False,ACT,1.0,starter,curated,,
00-0038933,Dalton Kincaid,BUF,TE,receptions,2.534623253030508,1.7093550951569394,3.879930037493068,veteran_model,False,,False,2026,False,ACT,1.0,starter,curated,,
00-0038933,Dalton Kincaid,BUF,TE,targets,3.5013015594572368,2.5440760031438368,5.017469245714281,veteran_model,False,,False,2026,False,ACT,1.0,starter,curated,,
00-0040194,Jackson Hawes,BUF,TE,receiving_tds,0.014136275686077587,0.0,0.04180033872115593,veteran_model,True,,False,2026,False,ACT,,deep_bench,deep_bench_discounted,,
00-0040194,Jackson Hawes,BUF,TE,receiving_yards,2.5195525937025285,0.9435002750772017,4.500050400741691,veteran_model,True,,False,2026,False,ACT,,deep_bench,deep_bench_discounted,,
00-0040194,Jackson Hawes,BUF,TE,receptions,0.2782935193890737,0.15450329570803845,0.48008953705845775,veteran_model,True,,False,2026,False,ACT,,deep_bench,deep_bench_discounted,,
00-0040194,Jackson Hawes,BUF,TE,targets,0.3496245292530234,0.20604069580601345,0.5770496821915801,veteran_model,True,,False,2026,False,ACT,,deep_bench,deep_bench_discounted,,
00-0040363,Keleki Latu,BUF,TE,receiving_tds,0.012827795074950753,0.0,0.0404918581100291,veteran_model,True,,False,2026,False,ACT,,deep_bench,deep_bench_discounted,,
00-0040363,Keleki Latu,BUF,TE,receiving_yards,1.6041683609610875,0.02811604233576057,3.5846661680002505,veteran_model,True,,False,2026,False,ACT,,deep_bench,deep_bench_discounted,,
00-0040363,Keleki Latu,BUF,TE,receptions,0.1757112403053473,0.05192101662431201,0.37750725797473134,veteran_model,True,,False,2026,False,ACT,,deep_bench,deep_bench_discounted,,
00-0040363,Keleki Latu,BUF,TE,targets,0.24273522697521144,0.09915139352820147,0.47016037991376813,veteran_model,True,,False,2026,False,ACT,,deep_bench,deep_bench_discounted,,
00-0036825,Feleipe Franks,CAR,TE,receiving_tds,0.00626556782294327,0.0,0.033929630858021614,veteran_model,True,,False,2026,True,ACT,,deep_bench,deep_bench_discounted,,
00-0036825,Feleipe Franks,CAR,TE,receiving_yards,1.2821181446109795,0.0,3.2626159516501425,veteran_model,True,,False,2026,True,ACT,,deep_bench,deep_bench_discounted,,
00-0036825,Feleipe Franks,CAR,TE,receptions,0.1624137232142598,0.03862349953322451,0.36420974088364383,veteran_model,True,,False,2026,True,ACT,,deep_bench,deep_bench_discounted,,
00-0036825,Feleipe Franks,CAR,TE,targets,0.2299356606220479,0.08635182717503795,0.4573608135606046,veteran_model,True,,False,2026,True,ACT,,deep_bench,deep_bench_discounted,,
00-0037005,Tommy Tremble,CAR,TE,receiving_tds,0.11016411147561367,0.0,0.294591198376136,veteran_model,False,,False,2026,False,ACT,1.0,starter,curated,,
00-0037005,Tommy Tremble,CAR,TE,receiving_yards,20.62346206923729,10.116446611735112,33.82678078283171,veteran_model,False,,False,2026,False,ACT,1.0,starter,curated,,
00-0037005,Tommy Tremble,CAR,TE,receptions,2.345398319092418,1.5201301612188496,3.6907051035549783,veteran_model,False,,False,2026,False,ACT,1.0,starter,curated,,
00-0037005,Tommy Tremble,CAR,TE,targets,3.0830034674420412,2.1257779111286412,4.599171153699086,veteran_model,False,,False,2026,False,ACT,1.0,starter,curated,,
00-0037282,James Mitchell,CAR,TE,receiving_tds,0.009620371555829716,0.0,0.03728443459090806,veteran_model,True,,False,2026,False,ACT,,deep_bench,deep_bench_discounted,,
00-0037282,James Mitchell,CAR,TE,receiving_yards,1.2182850770975224,0.0,3.1987828841366857,veteran_model,True,,False,2026,False,ACT,,deep_bench,deep_bench_discounted,,
00-0037282,James Mitchell,CAR,TE,receptions,0.1646793895072773,0.040889165826242024,0.3664754071766613,veteran_model,True,,False,2026,False,ACT,,deep_bench,deep_bench_discounted,,
00-0037282,James Mitchell,CAR,TE,targets,0.24729934408126178,0.10371551063425181,0.47472449701981845,veteran_model,True,,False,2026,False,ACT,,deep_bench,deep_bench_discounted,,
00-0039356,Ja'Tavion Sanders,CAR,TE,receiving_tds,0.1377360423593489,0.0,0.32216312925987123,veteran_model,False,,False,2026,False,ACT,2.0,backup,curated,,
00-0039356,Ja'Tavion Sanders,CAR,TE,receiving_yards,15.886789489032529,5.379774031530349,29.09010820262695,veteran_model,False,,False,2026,False,ACT,2.0,backup,curated,,
00-0039356,Ja'Tavion Sanders,CAR,TE,receptions,1.6084223053029199,0.7831541474293513,2.9537290897654804,veteran_model,False,,False,2026,False,ACT,2.0,backup,curated,,
00-0039356,Ja'Tavion Sanders,CAR,TE,targets,2.5230992172617173,1.5658736609483175,4.039266903518762,veteran_model,False,,False,2026,False,ACT,2.0,backup,curated,,
00-0040187,Mitchell Evans,CAR,TE,receiving_tds,0.01574314106741827,0.0,0.04340720410249661,veteran_model,True,,False,2026,False,ACT,,deep_bench,deep_bench_discounted,,
00-0040187,Mitchell Evans,CAR,TE,receiving_yards,2.3539445303051023,0.7778922116797755,4.334442337344265,veteran_model,True,,False,2026,False,ACT,,deep_bench,deep_bench_discounted,,
00-0040187,Mitchell Evans,CAR,TE,receptions,0.24747418524675344,0.12368396156571816,0.4492702029161375,veteran_model,True,,False,2026,False,ACT,,deep_bench,deep_bench_discounted,,
00-0040187,Mitchell Evans,CAR,TE,targets,0.3489248987305536,0.20534106528354365,0.5763500516691104,veteran_model,True,,False,2026,False,ACT,,deep_bench,deep_bench_discounted,,
00-0036290,Cole Kmet,CHI,TE,receiving_tds,0.13802507630845942,0.0,0.32245216320898173,veteran_model,False,,False,2026,False,ACT,2.0,backup,curated,,
00-0036290,Cole Kmet,CHI,TE,receiving_yards,22.340888005061004,11.833872547558824,35.544206718655424,veteran_model,False,,False,2026,False,ACT,2.0,backup,curated,,
00-0036290,Cole Kmet,CHI,TE,receptions,2.150665912548083,1.3253977546745144,3.495972697010643,veteran_model,False,,False,2026,False,ACT,2.0,backup,curated,,
00-0036290,Cole Kmet,CHI,TE,targets,3.1440668239698604,2.186841267656461,4.660234510226905,veteran_model,False,,False,2026,False,ACT,2.0,backup,curated,,
00-0040126,Colston Loveland,CHI,TE,receiving_tds,0.1893034636335477,0.03626525969638039,0.37373055053407,veteran_model,False,,False,2026,False,ACT,1.0,starter,curated,,
00-0040126,Colston Loveland,CHI,TE,receiving_yards,34.93027588151199,24.42326042400981,48.13359459510641,veteran_model,False,,False,2026,False,ACT,1.0,starter,curated,,
00-0040126,Colston Loveland,CHI,TE,receptions,3.3979179196852494,2.5726497618116806,4.74322470414781,veteran_model,False,,False,2026,False,ACT,1.0,starter,curated,,
00-0040126,Colston Loveland,CHI,TE,targets,4.813918484736717,3.8566929284233167,6.330086170993761,veteran_model,False,,False,2026,False,ACT,1.0,starter,curated,,
00-0041170,Hayden Large,CHI,TE,receiving_tds,0.049114353190388975,0.0,0.19321468509812073,rookie_rule,True,udfa,False,2026,False,,,,rookie_path,,no_data
00-0041170,Hayden Large,CHI,TE,receiving_yards,8.459413908343866,0.0,16.24528733917094,rookie_rule,True,udfa,False,2026,False,,,,rookie_path,,no_data
00-0041170,Hayden Large,CHI,TE,receptions,0.8229394264265755,0.0,1.3728411835919105,rookie_rule,True,udfa,False,2026,False,,,,rookie_path,,no_data
00-0041170,Hayden Large,CHI,TE,targets,1.4079923514635475,0.9152274557279403,2.1791129898284294,rookie_rule,True,udfa,False,2026,False,,,,rookie_path,,no_data
ROU550040,Sam Roush,CHI,TE,receiving_tds,0.13577752011334185,0.0,0.3212502022971982,rookie_rule,True,drafted,False,2026,False,,,,rookie_path,,above_median
ROU550040,Sam Roush,CHI,TE,receiving_yards,16.321990925767327,4.5688917660045965,30.411685817468097,rookie_rule,True,drafted,False,2026,False,,,,rookie_path,,above_median
ROU550040,Sam Roush,CHI,TE,receptions,1.5571079930606517,0.6230306953642631,2.8270017802153435,rookie_rule,True,drafted,False,2026,False,,,,rookie_path,,above_median
ROU550040,Sam Roush,CHI,TE,targets,2.355010208187499,1.0708340076573273,4.229794330246444,rookie_rule,True,drafted,False,2026,False,,,,rookie_path,,above_median
00-0034613,Tanner Hudson,CIN,TE,receiving_tds,0.01956171173601907,0.0,0.04722577477109742,veteran_model,True,,False,2026,False,ACT,,deep_bench,deep_bench_discounted,,
00-0034613,Tanner Hudson,CIN,TE,receiving_yards,2.324105623347977,0.7480533047226504,4.30460343038714,veteran_model,True,,False,2026,False,ACT,,deep_bench,deep_bench_discounted,,
00-0034613,Tanner Hudson,CIN,TE,receptions,0.2168330257975657,0.09304280211653042,0.41862904346694974,veteran_model,True,,False,2026,False,ACT,,deep_bench,deep_bench_discounted,,
00-0034613,Tanner Hudson,CIN,TE,targets,0.33722872989017477,0.19364489644316482,0.5646538828287315,veteran_model,True,,False,2026,False,ACT,,deep_bench,deep_bench_discounted,,
00-0034829,Mike Gesicki,CIN,TE,receiving_tds,0.17968240578750788,0.026644201850340582,0.36410949268803017,veteran_model,False,,False,2026,False,ACT,2.0,backup,curated,,
00-0034829,Mike Gesicki,CIN,TE,receiving_yards,16.0044773662579,5.497461908755719,29.20779607985232,veteran_model,False,,False,2026,False,ACT,2.0,backup,curated,,
00-0034829,Mike Gesicki,CIN,TE,receptions,1.7001682671647877,0.8749001092912192,3.0454750516273483,veteran_model,False,,False,2026,False,ACT,2.0,backup,curated,,
00-0034829,Mike Gesicki,CIN,TE,targets,2.524204481269972,1.5669789249565722,4.040372167527017,veteran_model,False,,False,2026,False,ACT,2.0,backup,curated,,
00-0035631,Drew Sample,CIN,TE,receiving_tds,0.1016746378915647,0.0,0.286101724792087,veteran_model,False,,False,2026,False,ACT,1.0,starter,curated,,
00-0035631,Drew Sample,CIN,TE,receiving_yards,12.494648352022457,1.987632894520278,25.69796706561688,veteran_model,False,,False,2026,False,ACT,1.0,starter,curated,,
00-0035631,Drew Sample,CIN,TE,receptions,1.4782805044634701,0.6530123465899016,2.8235872889260305,veteran_model,False,,False,2026,False,ACT,1.0,starter,curated,,
00-0035631,Drew Sample,CIN,TE,targets,1.9073966051607287,0.950171048847329,3.4235642914177733,veteran_model,False,,False,2026,False,ACT,1.0,starter,curated,,
00-0039631,Cam Grandy,CIN,TE,receiving_tds,0.008201286785793706,0.0,0.035865349820872056,veteran_model,True,,False,2026,False,ACT,,deep_bench,deep_bench_discounted,,
00-0039631,Cam Grandy,CIN,TE,receiving_yards,1.2007149525922334,0.0,3.1812127596313964,veteran_model,True,,False,2026,False,ACT,,deep_bench,deep_bench_discounted,,
00-0039631,Cam Grandy,CIN,TE,receptions,0.16638591636704295,0.04259569268600766,0.36818193403642696,veteran_model,True,,False,2026,False,ACT,,deep_bench,deep_bench_discounted,,
00-0039631,Cam Grandy,CIN,TE,targets,0.2333945837354077,0.08981075028839774,0.4608197366739644,veteran_model,True,,False,2026,False,ACT,,deep_bench,deep_bench_discounted,,
00-0041246,Josh Kattus,CIN,TE,receiving_tds,0.01609906462585034,0.0,0.06333333333333332,rookie_rule,True,udfa,False,2026,False,,,,rookie_path,,no_data
00-0041246,Josh Kattus,CIN,TE,receiving_yards,2.772889030612245,0.0,5.325,rookie_rule,True,udfa,False,2026,False,,,,rookie_path,,no_data
00-0041246,Josh Kattus,CIN,TE,receptions,0.2697491496598639,0.0,0.45,rookie_rule,True,udfa,False,2026,False,,,,rookie_path,,no_data
00-0041246,Josh Kattus,CIN,TE,targets,0.4615221088435374,0.3,0.7142857142857143,rookie_rule,True,udfa,False,2026,False,,,,rookie_path,,no_data
END438361,Jack Endries,CIN,TE,receiving_tds,0.04163802197802199,0.0,0.09411428571428575,rookie_rule,True,drafted,False,2026,False,,,,rookie_path,,above_median
END438361,Jack Endries,CIN,TE,receiving_yards,5.99634245004995,2.0620285714285713,11.17337142857143,rookie_rule,True,drafted,False,2026,False,,,,rookie_path,,above_median
END438361,Jack Endries,CIN,TE,receptions,0.571603126873127,0.26892000000000005,0.9363600000000001,rookie_rule,True,drafted,False,2026,False,,,,rookie_path,,above_median
END438361,Jack Endries,CIN,TE,targets,0.8032994430569431,0.3726,1.3890342857142859,rookie_rule,True,drafted,False,2026,False,,,,rookie_path,,above_median
00-0036741,Jack Stoll,CLE,TE,receiving_tds,0.009476288210859397,0.0,0.03714035124593774,veteran_model,True,,False,2026,True,ACT,,deep_bench,deep_bench_discounted,,
00-0036741,Jack Stoll,CLE,TE,receiving_yards,1.303871491851267,0.0,3.2843692988904296,veteran_model,True,,False,2026,True,ACT,,deep_bench,deep_bench_discounted,,
00-0036741,Jack Stoll,CLE,TE,receptions,0.17254442446533924,0.04875420078430397,0.3743404421347233,veteran_model,True,,False,2026,True,ACT,,deep_bench,deep_bench_discounted,,
00-0036741,Jack Stoll,CLE,TE,targets,0.22974093548349328,0.08615710203648332,0.45716608842205,veteran_model,True,,False,2026,True,ACT,,deep_bench,deep_bench_discounted,,
00-0037015,Sal Cannella,CLE,TE,receiving_tds,0.010472538416487953,0.0,0.038136601451566304,veteran_model,True,,False,2026,False,,,deep_bench,deep_bench_discounted,,
00-0037015,Sal Cannella,CLE,TE,receiving_yards,1.2842181503242964,0.0,3.2647159573634594,veteran_model,True,,False,2026,False,,,deep_bench,deep_bench_discounted,,
00-0037015,Sal Cannella,CLE,TE,receptions,0.17088082129094412,0.04709059760990884,0.37267683896032816,veteran_model,True,,False,2026,False,,,deep_bench,deep_bench_discounted,,
00-0037015,Sal Cannella,CLE,TE,targets,0.22507401091192847,0.0814901774649185,0.45249916385048516,veteran_model,True,,False,2026,False,,,deep_bench,deep_bench_discounted,,
00-0038710,Blake Whiteheart,CLE,TE,receiving_tds,0.05791711175511969,0.0,0.242344198655642,veteran_model,False,,False,2026,False,ACT,2.0,backup,curated,,
00-0038710,Blake Whiteheart,CLE,TE,receiving_yards,7.801275815330599,0.0,21.00459452892502,veteran_model,False,,False,2026,False,ACT,2.0,backup,curated,,
00-0038710,Blake Whiteheart,CLE,TE,receptions,1.1502961631022617,0.32502800522869313,2.495602947564822,veteran_model,False,,False,2026,False,ACT,2.0,backup,curated,,
00-0038710,Blake Whiteheart,CLE,TE,targets,1.4706876581156387,0.513462101802239,2.9868553443726835,veteran_model,False,,False,2026,False,ACT,2.0,backup,curated,,
00-0039458,Brenden Bates,CLE,TE,receiving_tds,0.00918743406531548,0.0,0.03685149710039382,veteran_model,True,,False,2026,False,ACT,,deep_bench,deep_bench_discounted,,
00-0039458,Brenden Bates,CLE,TE,receiving_yards,1.2575938199900099,0.0,3.238091627029173,veteran_model,True,,False,2026,False,ACT,,deep_bench,deep_bench_discounted,,
00-0039458,Brenden Bates,CLE,TE,receptions,0.17254442446533924,0.04875420078430397,0.3743404421347233,veteran_model,True,,False,2026,False,ACT,,deep_bench,deep_bench_discounted,,
00-0039458,Brenden Bates,CLE,TE,targets,0.22221745855608083,0.07863362510907086,0.4496426114946375,veteran_model,True,,False,2026,False,ACT,,deep_bench,deep_bench_discounted,,
00-0040663,Harold Fannin Jr.,CLE,TE,receiving_tds,0.1764593922227719,0.023421188285604605,0.3608864791232942,veteran_model,False,,False,2026,False,ACT,1.0,starter,curated,,
00-0040663,Harold Fannin Jr.,CLE,TE,receiving_yards,43.807291787247046,33.30027632974487,57.010610500841466,veteran_model,False,,False,2026,False,ACT,1.0,starter,curated,,
00-0040663,Harold Fannin Jr.,CLE,TE,receptions,4.8183479953136645,3.9930798374400958,6.163654779776225,veteran_model,False,,False,2026,False,ACT,1.0,starter,curated,,
00-0040663,Harold Fannin Jr.,CLE,TE,targets,5.834064495426205,4.876838939112805,7.35023218168325,veteran_model,False,,False,2026,False,ACT,1.0,starter,curated,,
RYA022232,Carsen Ryan,CLE,TE,receiving_tds,0.06135234765836425,0.0,0.1386745119595084,rookie_rule,True,drafted,False,2026,False,,,,rookie_path,,no_data
RYA022232,Carsen Ryan,CLE,TE,receiving_yards,8.835426593229077,3.0383358235062774,16.46361992804524,rookie_rule,True,drafted,False,2026,False,,,,rookie_path,,no_data
RYA022232,Carsen Ryan,CLE,TE,receptions,0.8422396669332403,0.3962453677793821,1.3796977263643544,rookie_rule,True,drafted,False,2026,False,,,,rookie_path,,no_data
RYA022232,Carsen Ryan,CLE,TE,targets,1.183637078875023,0.5490146662003487,2.046699395363039,rookie_rule,True,drafted,False,2026,False,,,,rookie_path,,no_data
00-0038041,Jake Ferguson,DAL,TE,receiving_tds,0.22558587732486818,0.07254767338770088,0.41001296422539046,veteran_model,False,,False,2026,False,ACT,1.0,starter,curated,,
00-0038041,Jake Ferguson,DAL,TE,receiving_yards,32.834227960715765,22.327212503213588,46.037546674310185,veteran_model,False,,False,2026,False,ACT,1.0,starter,curated,,
00-0038041,Jake Ferguson,DAL,TE,receptions,3.483927525965912,2.6586593680923434,4.829234310428473,veteran_model,False,,False,2026,False,ACT,1.0,starter,curated,,
00-0038041,Jake Ferguson,DAL,TE,targets,4.989725113090317,4.032499556776917,6.505892799347361,veteran_model,False,,False,2026,False,ACT,1.0,starter,curated,,
00-0038547,Luke Schoonmaker,DAL,TE,receiving_tds,0.012466125717150466,0.0,0.04013018875222881,veteran_model,True,,False,2026,False,ACT,,deep_bench,deep_bench_discounted,,
00-0038547,Luke Schoonmaker,DAL,TE,receiving_yards,2.3704089803200943,0.7943566616947676,4.350906787359257,veteran_model,True,,False,2026,False,ACT,,deep_bench,deep_bench_discounted,,
00-0038547,Luke Schoonmaker,DAL,TE,receptions,0.2546042484795004,0.13081402479846513,0.45640026614888446,veteran_model,True,,False,2026,False,ACT,,deep_bench,deep_bench_discounted,,
00-0038547,Luke Schoonmaker,DAL,TE,targets,0.3634064314841457,0.21982259803713575,0.5908315844227024,veteran_model,True,,False,2026,False,ACT,,deep_bench,deep_bench_discounted,,
00-0039530,Brevyn Spann-Ford,DAL,TE,receiving_tds,0.08650301553600193,0.0,0.27093010243652427,veteran_model,False,,False,2026,False,ACT,2.0,backup,curated,,
00-0039530,Brevyn Spann-Ford,DAL,TE,receiving_yards,14.065092268564927,3.5580768110627474,27.268410982159345,veteran_model,False,,False,2026,False,ACT,2.0,backup,curated,,
00-0039530,Brevyn Spann-Ford,DAL,TE,receptions,1.4287126950530653,0.6034445371794968,2.7740194795156254,veteran_model,False,,False,2026,False,ACT,2.0,backup,curated,,
00-0039530,Brevyn Spann-Ford,DAL,TE,targets,2.1291774699427934,1.1719519136293937,3.6453451561998382,veteran_model,False,,False,2026,False,ACT,2.0,backup,curated,,
00-0040938,DJ Rogers,DAL,TE,receiving_tds,0.01609906462585034,0.0,0.06333333333333332,rookie_rule,True,udfa,False,2026,False,,,,rookie_path,,no_data
00-0040938,DJ Rogers,DAL,TE,receiving_yards,2.772889030612245,0.0,5.325,rookie_rule,True,udfa,False,2026,False,,,,rookie_path,,no_data
00-0040938,DJ Rogers,DAL,TE,receptions,0.2697491496598639,0.0,0.45,rookie_rule,True,udfa,False,2026,False,,,,rookie_path,,no_data
00-0040938,DJ Rogers,DAL,TE,targets,0.4615221088435374,0.3,0.7142857142857143,rookie_rule,True,udfa,False,2026,False,,,,rookie_path,,no_data
00-0040939,Michael Trigg,DAL,TE,receiving_tds,0.01609906462585034,0.0,0.06333333333333332,rookie_rule,True,udfa,False,2026,False,,,,rookie_path,,no_data
00-0040939,Michael Trigg,DAL,TE,receiving_yards,2.772889030612245,0.0,5.325,rookie_rule,True,udfa,False,2026,False,,,,rookie_path,,no_data
00-0040939,Michael Trigg,DAL,TE,receptions,0.2697491496598639,0.0,0.45,rookie_rule,True,udfa,False,2026,False,,,,rookie_path,,no_data
00-0040939,Michael Trigg,DAL,TE,targets,0.4615221088435374,0.3,0.7142857142857143,rookie_rule,True,udfa,False,2026,False,,,,rookie_path,,no_data
00-0033881,Evan Engram,DEN,TE,receiving_tds,0.16176685751723707,0.008728653580069773,0.3461939444177594,veteran_model,False,,False,2026,False,ACT,2.0,backup,curated,,
00-0033881,Evan Engram,DEN,TE,receiving_yards,22.06156037843606,11.55454492093388,35.26487909203048,veteran_model,False,,False,2026,False,ACT,2.0,backup,curated,,
00-0033881,Evan Engram,DEN,TE,receptions,2.2644751374145096,1.439206979540941,3.6097819218770697,veteran_model,False,,False,2026,False,ACT,2.0,backup,curated,,
00-0033881,Evan Engram,DEN,TE,targets,3.370695251604324,2.4134696952909245,4.886862937861369,veteran_model,False,,False,2026,False,ACT,2.0,backup,curated,,
00-0036422,Adam Trautman,DEN,TE,receiving_tds,0.08115710829533052,0.0,0.26558419519585286,veteran_model,False,,False,2026,False,ACT,1.0,starter,curated,,
00-0036422,Adam Trautman,DEN,TE,receiving_yards,15.32666242547286,4.81964696797068,28.52998113906728,veteran_model,False,,False,2026,False,ACT,1.0,starter,curated,,
00-0036422,Adam Trautman,DEN,TE,receptions,1.7217076479570366,0.896439490083468,3.067014432419597,veteran_model,False,,False,2026,False,ACT,1.0,starter,curated,,
00-0036422,Adam Trautman,DEN,TE,targets,2.1934153829427827,1.236189826629383,3.7095830691998275,veteran_model,False,,False,2026,False,ACT,1.0,starter,curated,,
00-0037539,Lucas Krull,DEN,TE,receiving_tds,0.013307044314181784,0.0,0.04097110734926013,veteran_model,True,,False,2026,False,ACT,,deep_bench,deep_bench_discounted,,
00-0037539,Lucas Krull,DEN,TE,receiving_yards,1.5115510808901842,0.0,3.4920488879293474,veteran_model,True,,False,2026,False,ACT,,deep_bench,deep_bench_discounted,,
00-0037539,Lucas Krull,DEN,TE,receptions,0.1846510255276788,0.06086080184664354,0.38644704319706286,veteran_model,True,,False,2026,False,ACT,,deep_bench,deep_bench_discounted,,
00-0037539,Lucas Krull,DEN,TE,targets,0.24251751885532227,0.09893368540831232,0.469942671793879,veteran_model,True,,False,2026,False,ACT,,deep_bench,deep_bench_discounted,,
00-0038783,Nate Adkins,DEN,TE,receiving_tds,0.012357483712816737,0.0,0.040021546747895084,veteran_model,True,,False,2026,False,ACT,,deep_bench,deep_bench_discounted,,
00-0038783,Nate Adkins,DEN,TE,receiving_yards,1.9231424269418596,0.34709010831653275,3.9036402339810223,veteran_model,True,,False,2026,False,ACT,,deep_bench,deep_bench_discounted,,
00-0038783,Nate Adkins,DEN,TE,receptions,0.190451695991419,0.06666147231038373,0.3922477136608031,veteran_model,True,,False,2026,False,ACT,,deep_bench,deep_bench_discounted,,
00-0038783,Nate Adkins,DEN,TE,targets,0.24698712684181284,0.10340329339480288,0.4744122797803696,veteran_model,True,,False,2026,False,ACT,,deep_bench,deep_bench_discounted,,
BEN687044,Dallen Bentley,DEN,TE,receiving_tds,0.04163802197802199,0.0,0.09411428571428575,rookie_rule,True,drafted,False,2026,False,,,,rookie_path,,above_median
BEN687044,Dallen Bentley,DEN,TE,receiving_yards,5.99634245004995,2.0620285714285713,11.17337142857143,rookie_rule,True,drafted,False,2026,False,,,,rookie_path,,above_median
BEN687044,Dallen Bentley,DEN,TE,receptions,0.571603126873127,0.26892000000000005,0.9363600000000001,rookie_rule,True,drafted,False,2026,False,,,,rookie_path,,above_median
BEN687044,Dallen Bentley,DEN,TE,targets,0.8032994430569431,0.3726,1.3890342857142859,rookie_rule,True,drafted,False,2026,False,,,,rookie_path,,above_median
JOL735174,Justin Joly,DEN,TE,receiving_tds,0.03855372405372406,0.0,0.08714285714285716,rookie_rule,True,drafted,False,2026,False,,,,rookie_path,,no_data
JOL735174,Justin Joly,DEN,TE,receiving_yards,5.5521689352314345,1.909285714285714,10.345714285714285,rookie_rule,True,drafted,False,2026,False,,,,rookie_path,,no_data
JOL735174,Justin Joly,DEN,TE,receptions,0.5292621545121545,0.249,0.867,rookie_rule,True,drafted,False,2026,False,,,,rookie_path,,no_data
JOL735174,Justin Joly,DEN,TE,targets,0.7437957806082807,0.34500000000000003,1.2861428571428573,rookie_rule,True,drafted,False,2026,False,,,,rookie_path,,no_data
00-0034073,Ross Dwelley,DET,TE,receiving_tds,0.012021628478405039,0.0,0.03968569151348338,veteran_model,True,,False,2026,False,,,deep_bench,deep_bench_discounted,,
00-0034073,Ross Dwelley,DET,TE,receiving_yards,1.744943567604021,0.16889124897869418,3.725441374643184,veteran_model,True,,False,2026,False,,,deep_bench,deep_bench_discounted,,
00-0034073,Ross Dwelley,DET,TE,receptions,0.1889215437372774,0.06513132005624213,0.3907175614066615,veteran_model,True,,False,2026,False,,,deep_bench,deep_bench_discounted,,
00-0034073,Ross Dwelley,DET,TE,targets,0.25103555187817556,0.10745171843116559,0.4784607048167322,veteran_model,True,,False,2026,False,,,deep_bench,deep_bench_discounted,,
00-0034270,Tyler Conklin,DET,TE,receiving_tds,0.0073396579376901845,0.0,0.03500372097276853,veteran_model,True,,False,2026,True,ACT,,deep_bench,deep_bench_discounted,,
00-0034270,Tyler Conklin,DET,TE,receiving_yards,1.5053049657619473,0.0,3.4858027728011103,veteran_model,True,,False,2026,True,ACT,,deep_bench,deep_bench_discounted,,
00-0034270,Tyler Conklin,DET,TE,receptions,0.1889215437372774,0.06513132005624213,0.3907175614066615,veteran_model,True,,False,2026,True,ACT,,deep_bench,deep_bench_discounted,,
00-0034270,Tyler Conklin,DET,TE,targets,0.24342936404815269,0.09984553060114272,0.4708545169867093,veteran_model,True,,False,2026,True,ACT,,deep_bench,deep_bench_discounted,,
00-0035956,Giovanni Ricci,DET,TE,receiving_tds,0.013172334891485475,0.0,0.04083639792656382,veteran_model,True,,False,2026,False,,,deep_bench,deep_bench_discounted,,
00-0035956,Giovanni Ricci,DET,TE,receiving_yards,1.446165184623327,0.0,3.4266629916624898,veteran_model,True,,False,2026,False,,,deep_bench,deep_bench_discounted,,
00-0035956,Giovanni Ricci,DET,TE,receptions,0.18725794056288228,0.063467716881847,0.38905395823226635,veteran_model,True,,False,2026,False,,,deep_bench,deep_bench_discounted,,
00-0035956,Giovanni Ricci,DET,TE,targets,0.2642930321884655,0.12070919874145554,0.4917181851270222,veteran_model,True,,False,2026,False,,,deep_bench,deep_bench_discounted,,
00-0036754,Brock Wright,DET,TE,receiving_tds,0.07670071335383048,0.0,0.2611278002543528,veteran_model,False,,False,2026,False,ACT,2.0,backup,curated,,
00-0036754,Brock Wright,DET,TE,receiving_yards,16.943886567680025,6.4368711101778455,30.147205281274445,veteran_model,False,,False,2026,False,ACT,2.0,backup,curated,,
00-0036754,Brock Wright,DET,TE,receptions,2.102121099403911,1.2768529415303422,3.447427883866471,veteran_model,False,,False,2026,False,ACT,2.0,backup,curated,,
00-0036754,Brock Wright,DET,TE,targets,2.4234793548391673,1.4662537985257675,3.939647041096212,veteran_model,False,,False,2026,False,ACT,2.0,backup,curated,,
00-0039065,Sam LaPorta,DET,TE,receiving_tds,0.2591524471338946,0.10611424319672733,0.44357953403441697,veteran_model,False,,False,2026,False,ACT,1.0,starter,curated,,
00-0039065,Sam LaPorta,DET,TE,receiving_yards,22.805313010885335,12.298297553383156,36.008631724479756,veteran_model,False,,False,2026,False,ACT,1.0,starter,curated,,
00-0039065,Sam LaPorta,DET,TE,receptions,2.255896617533815,1.4306284596602465,3.6012034019963757,veteran_model,False,,False,2026,False,ACT,1.0,starter,curated,,
00-0039065,Sam LaPorta,DET,TE,targets,3.0273744187484515,2.070148862435052,4.543542105005496,veteran_model,False,,False,2026,False,ACT,1.0,starter,curated,,
00-0041457,Miles Kitselman,DET,TE,receiving_tds,0.02363662698994253,0.0,0.09298592252533577,rookie_rule,True,udfa,False,2026,False,,,,rookie_path,,no_data
00-0041457,Miles Kitselman,DET,TE,receiving_yards,4.071152282713637,0.0,7.818158486011786,rookie_rule,True,udfa,False,2026,False,,,,rookie_path,,no_data
00-0041457,Miles Kitselman,DET,TE,receptions,0.3960453715507471,0.0,0.6606894495221227,rookie_rule,True,udfa,False,2026,False,,,,rookie_path,,no_data
00-0041457,Miles Kitselman,DET,TE,targets,0.6776061956313909,0.44045963301474844,1.0487134119398773,rookie_rule,True,udfa,False,2026,False,,,,rookie_path,,no_data
00-0037306,John FitzPatrick,GB,TE,receiving_tds,0.014133555521408485,0.0,0.04179761855648684,veteran_model,True,,False,2026,False,,,deep_bench,deep_bench_discounted,,
00-0037306,John FitzPatrick,GB,TE,receiving_yards,2.0578846054915143,0.4818322868661875,4.0383824125306775,veteran_model,True,,False,2026,False,,,deep_bench,deep_bench_discounted,,
00-0037306,John FitzPatrick,GB,TE,receptions,0.2335320240684882,0.10974180038745292,0.43532804173787226,veteran_model,True,,False,2026,False,,,deep_bench,deep_bench_discounted,,
00-0037306,John FitzPatrick,GB,TE,targets,0.31019283187568547,0.16660899842867552,0.5376179848142422,veteran_model,True,,False,2026,False,,,deep_bench,deep_bench_discounted,,
00-0038589,Josh Whyle,GB,TE,receiving_tds,0.008307958775611727,0.0,0.03597202181069007,veteran_model,True,,False,2026,False,ACT,,deep_bench,deep_bench_discounted,,
00-0038589,Josh Whyle,GB,TE,receiving_yards,1.5350537064093566,0.0,3.5155515134485196,veteran_model,True,,False,2026,False,ACT,,deep_bench,deep_bench_discounted,,
00-0038589,Josh Whyle,GB,TE,receptions,0.1961405736858733,0.072350350004838,0.39793659135525733,veteran_model,True,,False,2026,False,ACT,,deep_bench,deep_bench_discounted,,
00-0038589,Josh Whyle,GB,TE,targets,0.25105938273573725,0.10747554928872728,0.47848453567429394,veteran_model,True,,False,2026,False,ACT,,deep_bench,deep_bench_discounted,,
00-0038996,Tucker Kraft,GB,TE,receiving_tds,0.2429107105197052,0.0898725065825379,0.4273377974202275,veteran_model,False,,False,2026,False,ACT,1.0,starter,curated,,
00-0038996,Tucker Kraft,GB,TE,receiving_yards,32.53591094525289,22.02889548775071,45.73922965884731,veteran_model,False,,False,2026,False,ACT,1.0,starter,curated,,
00-0038996,Tucker Kraft,GB,TE,receptions,3.0355118762348674,2.2102437183612986,4.380818660697428,veteran_model,False,,False,2026,False,ACT,1.0,starter,curated,,
00-0038996,Tucker Kraft,GB,TE,targets,3.8586452338676875,2.901419677554288,5.374812920124732,veteran_model,False,,False,2026,False,ACT,1.0,starter,curated,,
00-0039144,Luke Musgrave,GB,TE,receiving_tds,0.06710857531471943,0.0,0.25153566221524176,veteran_model,False,,False,2026,False,ACT,2.0,backup,curated,,
00-0039144,Luke Musgrave,GB,TE,receiving_yards,17.343527318916777,6.836511861414598,30.546846032511198,veteran_model,False,,False,2026,False,ACT,2.0,backup,curated,,
00-0039144,Luke Musgrave,GB,TE,receptions,1.8267010722591235,1.001432914385555,3.1720078567216836,veteran_model,False,,False,2026,False,ACT,2.0,backup,curated,,
00-0039144,Luke Musgrave,GB,TE,targets,2.550427212418314,1.5932016561049143,4.066594898675358,veteran_model,False,,False,2026,False,ACT,2.0,backup,curated,,
00-0040628,Drake Dabney,GB,TE,receiving_tds,0.013344513051485244,0.0,0.04100857608656359,veteran_model,True,,False,2026,False,ACT,,deep_bench,deep_bench_discounted,,
00-0040628,Drake Dabney,GB,TE,receiving_yards,1.992692946115704,0.41664062749037717,3.973190753154867,veteran_model,True,,False,2026,False,ACT,,deep_bench,deep_bench_discounted,,
00-0040628,Drake Dabney,GB,TE,receptions,0.2159725297620131,0.09218230608097781,0.41776854743139713,veteran_model,True,,False,2026,False,ACT,,deep_bench,deep_bench_discounted,,
00-0040628,Drake Dabney,GB,TE,targets,0.27193239503431527,0.1283485615873053,0.499357547972872,veteran_model,True,,False,2026,False,ACT,,deep_bench,deep_bench_discounted,,
00-0040945,RJ Maryland,GB,TE,receiving_tds,0.05795663265306123,0.0,0.228,rookie_rule,True,udfa,False,2026,False,,,,rookie_path,,above_median
00-0040945,RJ Maryland,GB,TE,receiving_yards,9.982400510204084,0.0,19.170000000000005,rookie_rule,True,udfa,False,2026,False,,,,rookie_path,,above_median
00-0040945,RJ Maryland,GB,TE,receptions,0.9710969387755102,0.0,1.62,rookie_rule,True,udfa,False,2026,False,,,,rookie_path,,above_median
00-0040945,RJ Maryland,GB,TE,targets,1.6614795918367347,1.08,2.5714285714285716,rookie_rule,True,udfa,False,2026,False,,,,rookie_path,,above_median
00-0034383,Dalton Schultz,HOU,TE,receiving_tds,0.18690055722333368,0.03386235328616638,0.371327644123856,veteran_model,False,,False,2026,False,ACT,1.0,starter,curated,,
00-0034383,Dalton Schultz,HOU,TE,receiving_yards,36.90703588727012,26.40002042976794,50.11035460086454,veteran_model,False,,False,2026,False,ACT,1.0,starter,curated,,
00-0034383,Dalton Schultz,HOU,TE,receptions,4.127465382298116,3.302197224424547,5.472772166760676,veteran_model,False,,False,2026,False,ACT,1.0,starter,curated,,
00-0034383,Dalton Schultz,HOU,TE,targets,5.971729772802893,5.014504216489493,7.487897459059937,veteran_model,False,,False,2026,False,ACT,1.0,starter,curated,,
00-0034981,Foster Moreau,HOU,TE,receiving_tds,0.05827288365489587,0.0,0.2426999705554182,veteran_model,False,,False,2026,True,ACT,2.0,backup,curated,,
00-0034981,Foster Moreau,HOU,TE,receiving_yards,9.487013161729177,0.0,22.690331875323597,veteran_model,False,,False,2026,True,ACT,2.0,backup,curated,,
00-0034981,Foster Moreau,HOU,TE,receptions,1.1527279135054986,0.3274597556319301,2.498034697968059,veteran_model,False,,False,2026,True,ACT,2.0,backup,curated,,
00-0034981,Foster Moreau,HOU,TE,targets,1.6920607591038308,0.734835202790431,3.2082284453608754,veteran_model,False,,False,2026,True,ACT,2.0,backup,curated,,
00-0039359,Cade Stover,HOU,TE,receiving_tds,0.011777329474401944,0.0,0.03944139250948029,veteran_model,True,,False,2026,False,ACT,,deep_bench,deep_bench_discounted,,
00-0039359,Cade Stover,HOU,TE,receiving_yards,1.9918503624824215,0.4157980438570948,3.9723481695215845,veteran_model,True,,False,2026,False,ACT,,deep_bench,deep_bench_discounted,,
00-0039359,Cade Stover,HOU,TE,receptions,0.21961086124482848,0.09582063756379319,0.4214068789142125,veteran_model,True,,False,2026,False,ACT,,deep_bench,deep_bench_discounted,,
00-0039359,Cade Stover,HOU,TE,targets,0.2999624315851534,0.15637859813814342,0.5273875845237102,veteran_model,True,,False,2026,False,ACT,,deep_bench,deep_bench_discounted,,
00-0041535,Louis Hansen,HOU,TE,receiving_tds,0.029572401560615028,0.0,0.11633711703338741,rookie_rule,True,udfa,False,2026,False,,,,rookie_path,,no_data
00-0041535,Louis Hansen,HOU,TE,receiving_yards,5.093524984341046,0.0,9.781502340044021,rookie_rule,True,udfa,False,2026,False,,,,rookie_path,,no_data
00-0041535,Louis Hansen,HOU,TE,receptions,0.49550271147846836,0.0,0.8266058315530159,rookie_rule,True,udfa,False,2026,False,,,,rookie_path,,no_data
00-0041535,Louis Hansen,HOU,TE,targets,0.8477708145793639,0.5510705543686772,1.3120727484968506,rookie_rule,True,udfa,False,2026,False,,,,rookie_path,,no_data
KLE258860,Marlin Klein,HOU,TE,receiving_tds,0.08175344042771521,0.0,0.1934289951235805,rookie_rule,True,drafted,False,2026,False,,,,rookie_path,,above_median
KLE258860,Marlin Klein,HOU,TE,receiving_yards,9.827686583887663,2.7509901528686997,18.31127820503228,rookie_rule,True,drafted,False,2026,False,,,,rookie_path,,above_median
KLE258860,Marlin Klein,HOU,TE,receptions,0.9375553143402452,0.37513502084573186,1.702175157087508,rookie_rule,True,drafted,False,2026,False,,,,rookie_path,,above_median
KLE258860,Marlin Klein,HOU,TE,targets,1.417982789794666,0.6447633170786016,2.546815102460476,rookie_rule,True,drafted,False,2026,False,,,,rookie_path,,above_median
00-0033217,Mo Alie-Cox,IND,TE,receiving_tds,0.09966688800884364,0.0,0.28409397490936594,veteran_model,False,,False,2026,False,ACT,2.0,backup,curated,,
00-0033217,Mo Alie-Cox,IND,TE,receiving_yards,17.808498493696018,7.301483036193838,31.011817207290438,veteran_model,False,,False,2026,False,ACT,2.0,backup,curated,,
00-0033217,Mo Alie-Cox,IND,TE,receptions,1.6333439341173333,0.8080757762437647,2.9786507185798934,veteran_model,False,,False,2026,False,ACT,2.0,backup,curated,,
00-0033217,Mo Alie-Cox,IND,TE,targets,2.4244007755039405,1.4671752191905407,3.9405684617609853,veteran_model,False,,False,2026,False,ACT,2.0,backup,curated,,
00-0037292,Andrew Ogletree,IND,TE,receiving_tds,0.013655480842070983,0.0,0.04131954387714933,veteran_model,True,,False,2026,False,ACT,,deep_bench,deep_bench_discounted,,
00-0037292,Andrew Ogletree,IND,TE,receiving_yards,1.8796154567531431,0.3035631381278164,3.8601132637923063,veteran_model,True,,False,2026,False,ACT,,deep_bench,deep_bench_discounted,,
00-0037292,Andrew Ogletree,IND,TE,receptions,0.19641994084282532,0.07262971716179004,0.3982159585122094,veteran_model,True,,False,2026,False,ACT,,deep_bench,deep_bench_discounted,,
00-0037292,Andrew Ogletree,IND,TE,targets,0.27544326801774716,0.1318594345707372,0.5028684209563039,veteran_model,True,,False,2026,False,ACT,,deep_bench,deep_bench_discounted,,
00-0038394,Will Mallory,IND,TE,receiving_tds,0.010793962295920188,0.0,0.038458025330998534,veteran_model,True,,False,2026,False,ACT,,deep_bench,deep_bench_discounted,,
00-0038394,Will Mallory,IND,TE,receiving_yards,1.7078144549092924,0.1317621362839656,3.688312261948455,veteran_model,True,,False,2026,False,ACT,,deep_bench,deep_bench_discounted,,
00-0038394,Will Mallory,IND,TE,receptions,0.19475633766843017,0.0709661139873949,0.3965523553378142,veteran_model,True,,False,2026,False,ACT,,deep_bench,deep_bench_discounted,,
00-0038394,Will Mallory,IND,TE,targets,0.28501530702099226,0.1414314735739823,0.512440459959549,veteran_model,True,,False,2026,False,ACT,,deep_bench,deep_bench_discounted,,
00-0040128,Tyler Warren,IND,TE,receiving_tds,0.4649591013361663,0.311920897398999,0.6493861882366886,veteran_model,False,,False,2026,False,ACT,1.0,starter,curated,,
00-0040128,Tyler Warren,IND,TE,receiving_yards,52.430763900681285,41.92374844317911,65.63408261427571,veteran_model,False,,False,2026,False,ACT,1.0,starter,curated,,
00-0040128,Tyler Warren,IND,TE,receptions,5.286254483190168,4.4609863253165996,6.631561267652729,veteran_model,False,,False,2026,False,ACT,1.0,starter,curated,,
00-0040128,Tyler Warren,IND,TE,targets,7.256290848511002,6.299065292197602,8.772458534768047,veteran_model,False,,False,2026,False,ACT,1.0,starter,curated,,
00-0040853,Carson Towt,IND,TE,receiving_tds,0.04195615147299528,0.0,0.16505449157315136,rookie_rule,True,udfa,False,2026,False,,,,rookie_path,,no_data
00-0040853,Carson Towt,IND,TE,receiving_yards,7.22649140741799,0.0,13.877607909900492,rookie_rule,True,udfa,False,2026,False,,,,rookie_path,,no_data
00-0040853,Carson Towt,IND,TE,receptions,0.7029996118326121,0.0,1.17275559801976,rookie_rule,True,udfa,False,2026,False,,,,rookie_path,,no_data
00-0040853,Carson Towt,IND,TE,targets,1.2027836372358742,0.7818370653465067,1.8615168222535872,rookie_rule,True,udfa,False,2026,False,,,,rookie_path,,no_data
00-0036590,Quintin Morris,JAX,TE,receiving_tds,0.007234678456993174,0.0,0.03489874149207152,veteran_model,True,,False,2026,False,ACT,,deep_bench,deep_bench_discounted,,
00-0036590,Quintin Morris,JAX,TE,receiving_yards,1.9866137048243857,0.4105613861990588,3.9671115118635485,veteran_model,True,,False,2026,False,ACT,,deep_bench,deep_bench_discounted,,
00-0036590,Quintin Morris,JAX,TE,receptions,0.19828935720950866,0.07449913352847339,0.40008537487889273,veteran_model,True,,False,2026,False,ACT,,deep_bench,deep_bench_discounted,,
00-0036590,Quintin Morris,JAX,TE,targets,0.25351403057604915,0.1099301971290392,0.48093918351460585,veteran_model,True,,False,2026,False,ACT,,deep_bench,deep_bench_discounted,,
00-0037004,Hunter Long,JAX,TE,receiving_tds,0.008726038474947967,0.0,0.036390101510026314,veteran_model,True,,False,2026,False,ACT,,deep_bench,deep_bench_discounted,,
00-0037004,Hunter Long,JAX,TE,receiving_yards,2.3520630287205484,0.7760107100952214,4.332560835759711,veteran_model,True,,False,2026,False,ACT,,deep_bench,deep_bench_discounted,,
00-0037004,Hunter Long,JAX,TE,receptions,0.231571197158372,0.10778097347733673,0.43336721482775603,veteran_model,True,,False,2026,False,ACT,,deep_bench,deep_bench_discounted,,
00-0037004,Hunter Long,JAX,TE,targets,0.3254416032473153,0.18185776980030532,0.552866756185872,veteran_model,True,,False,2026,False,ACT,,deep_bench,deep_bench_discounted,,
00-0038935,Brenton Strange,JAX,TE,receiving_tds,0.1306334422361134,0.0,0.31506052913663574,veteran_model,False,,False,2026,False,ACT,1.0,starter,curated,,
00-0038935,Brenton Strange,JAX,TE,receiving_yards,29.980079019801753,19.473063562299572,43.18339773339618,veteran_model,False,,False,2026,False,ACT,1.0,starter,curated,,
00-0038935,Brenton Strange,JAX,TE,receptions,2.7245373910299926,1.899269233156424,4.069844175492553,veteran_model,False,,False,2026,False,ACT,1.0,starter,curated,,
00-0038935,Brenton Strange,JAX,TE,targets,4.021352150918913,3.064126594605513,5.537519837175958,veteran_model,False,,False,2026,False,ACT,1.0,starter,curated,,
00-0041207,Ethan Conner,JAX,TE,receiving_tds,0.038788858939191394,0.0,0.15259443886390994,rookie_rule,True,udfa,False,2026,False,,,,rookie_path,,no_data
00-0041207,Ethan Conner,JAX,TE,receiving_yards,6.680959668286843,0.0,12.829979793952429,rookie_rule,True,udfa,False,2026,False,,,,rookie_path,,no_data
00-0041207,Ethan Conner,JAX,TE,receptions,0.6499297914689021,0.0,1.08422364455936,rookie_rule,True,udfa,False,2026,False,,,,rookie_path,,no_data
00-0041207,Ethan Conner,JAX,TE,targets,1.111984850877915,0.7228157630395734,1.7209899119989842,rookie_rule,True,udfa,False,2026,False,,,,rookie_path,,no_data
BOE586077,Nate Boerkircher,JAX,TE,receiving_tds,0.09928935555261158,0.0,0.23491904647108555,rookie_rule,True,drafted,False,2026,False,,,,rookie_path,,no_data
BOE586077,Nate Boerkircher,JAX,TE,receiving_yards,11.935701572706567,3.3410708831443277,22.23900306592943,rookie_rule,True,drafted,False,2026,False,,,,rookie_path,,no_data
BOE586077,Nate Boerkircher,JAX,TE,receptions,1.1386586603419684,0.4556005749742265,2.067287608945553,rookie_rule,True,drafted,False,2026,False,,,,rookie_path,,no_data
BOE586077,Nate Boerkircher,JAX,TE,targets,1.7221366666261704,0.7830634882369517,3.0931007785359594,rookie_rule,True,drafted,False,2026,False,,,,rookie_path,,no_data
KOZ404039,Tanner Koziol,JAX,TE,receiving_tds,0.08850374165720426,0.0,0.2000447195475818,rookie_rule,True,drafted,False,2026,False,,,,rookie_path,,above_median
KOZ404039,Tanner Koziol,JAX,TE,receiving_yards,12.74553203721996,4.382947011071196,23.74957145841946,rookie_rule,True,drafted,False,2026,False,,,,rookie_path,,above_median
KOZ404039,Tanner Koziol,JAX,TE,receptions,1.2149716309274259,0.5716031904449753,1.9902809884168418,rookie_rule,True,drafted,False,2026,False,,,,rookie_path,,above_median
KOZ404039,Tanner Koziol,JAX,TE,targets,1.707453980864274,0.7919803241105081,2.9524632952243914,rookie_rule,True,drafted,False,2026,False,,,,rookie_path,,above_median
00-0030506,Travis Kelce,KC,TE,receiving_tds,0.5050567206283835,0.3520185166912162,0.6894838075289058,veteran_model,False,,False,2026,False,ACT,1.0,starter,curated,,
00-0030506,Travis Kelce,KC,TE,receiving_yards,48.4251760444401,37.91816058693792,61.62849475803452,veteran_model,False,,False,2026,False,ACT,1.0,starter,curated,,
00-0030506,Travis Kelce,KC,TE,receptions,4.327227102184277,3.501958944310708,5.672533886646837,veteran_model,False,,False,2026,False,ACT,1.0,starter,curated,,
00-0030506,Travis Kelce,KC,TE,targets,5.898156129153761,4.940930572840361,7.414323815410805,veteran_model,False,,False,2026,False,ACT,1.0,starter,curated,,
00-0036637,Noah Gray,KC,TE,receiving_tds,0.11474397725181792,0.0,0.29917106415234024,veteran_model,False,,False,2026,False,ACT,2.0,backup,curated,,
00-0036637,Noah Gray,KC,TE,receiving_yards,17.44851215282867,6.9414966953264905,30.65183086642309,veteran_model,False,,False,2026,False,ACT,2.0,backup,curated,,
00-0036637,Noah Gray,KC,TE,receptions,2.117616243251576,1.2923480853780076,3.4629230277141367,veteran_model,False,,False,2026,False,ACT,2.0,backup,curated,,
00-0036637,Noah Gray,KC,TE,targets,2.8999692890478537,1.9427437327344539,4.416136975304898,veteran_model,False,,False,2026,False,ACT,2.0,backup,curated,,
00-0039824,Jared Wiley,KC,TE,receiving_tds,0.011310003187488815,0.0,0.03897406622256716,veteran_model,True,,False,2026,False,ACT,,deep_bench,deep_bench_discounted,,
00-0039824,Jared Wiley,KC,TE,receiving_yards,1.511687664777443,0.0,3.492185471816606,veteran_model,True,,False,2026,False,ACT,,deep_bench,deep_bench_discounted,,
00-0039824,Jared Wiley,KC,TE,receptions,0.17389937013161086,0.05010914645057557,0.37569538780099493,veteran_model,True,,False,2026,False,ACT,,deep_bench,deep_bench_discounted,,
00-0039824,Jared Wiley,KC,TE,targets,0.2745190983774585,0.13093526493044857,0.5019442513160152,veteran_model,True,,False,2026,False,ACT,,deep_bench,deep_bench_discounted,,
00-0040955,John Michael Gyllenborg,KC,TE,receiving_tds,0.05122339680564989,0.0,0.20151161199444362,rookie_rule,True,udfa,False,2026,False,,,,rookie_path,,no_data
00-0040955,John Michael Gyllenborg,KC,TE,receiving_yards,8.822673764848163,0.0,16.942884219006512,rookie_rule,True,udfa,False,2026,False,,,,rookie_path,,no_data
00-0040955,John Michael Gyllenborg,KC,TE,receptions,0.8582776734014148,0.0,1.4317930325920996,rookie_rule,True,udfa,False,2026,False,,,,rookie_path,,no_data
00-0040955,John Michael Gyllenborg,KC,TE,targets,1.4684536440653098,0.9545286883947329,2.2726873533207925,rookie_rule,True,udfa,False,2026,False,,,,rookie_path,,no_data
00-0033110,Tyler Higbee,LA,TE,receiving_tds,0.14817968410713894,0.0,0.33260677100766123,veteran_model,False,,False,2026,False,ACT,2.0,backup,curated,,
00-0033110,Tyler Higbee,LA,TE,receiving_yards,21.768645547597025,11.261630090094846,34.971964261191445,veteran_model,False,,False,2026,False,ACT,2.0,backup,curated,,
00-0033110,Tyler Higbee,LA,TE,receptions,2.445215353011002,1.6199471951374333,3.7905221374735625,veteran_model,False,,False,2026,False,ACT,2.0,backup,curated,,
00-0033110,Tyler Higbee,LA,TE,targets,3.199165453785605,2.2419398974722053,4.71533314004265,veteran_model,False,,False,2026,False,ACT,2.0,backup,curated,,
00-0036244,Colby Parkinson,LA,TE,receiving_tds,0.19115378297853663,0.038115579041369335,0.3755808698790589,veteran_model,False,,False,2026,False,ACT,1.0,starter,curated,,
00-0036244,Colby Parkinson,LA,TE,receiving_yards,29.96577334730833,19.45875788980615,43.16909206090275,veteran_model,False,,False,2026,False,ACT,1.0,starter,curated,,
00-0036244,Colby Parkinson,LA,TE,receptions,3.297229703681841,2.4719615458082727,4.642536488144401,veteran_model,False,,False,2026,False,ACT,1.0,starter,curated,,
00-0036244,Colby Parkinson,LA,TE,targets,4.7509446002827636,3.7937190439693635,6.267112286539808,veteran_model,False,,False,2026,False,ACT,1.0,starter,curated,,
00-0039074,Davis Allen,LA,TE,receiving_tds,0.023099157340296102,0.00014342674972100676,0.050763220375374445,veteran_model,True,,False,2026,False,ACT,,deep_bench,deep_bench_discounted,,
00-0039074,Davis Allen,LA,TE,receiving_yards,2.9508110497952864,1.3747587311699594,4.931308856834449,veteran_model,True,,False,2026,False,ACT,,deep_bench,deep_bench_discounted,,
00-0039074,Davis Allen,LA,TE,receptions,0.35817785035806876,0.2343876266770335,0.5599738680274527,veteran_model,True,,False,2026,False,ACT,,deep_bench,deep_bench_discounted,,
00-0039074,Davis Allen,LA,TE,targets,0.435177730572119,0.291593897125109,0.6626028835106758,veteran_model,True,,False,2026,False,ACT,,deep_bench,deep_bench_discounted,,
00-0040737,Terrance Ferguson,LA,TE,receiving_tds,0.021580379785311774,0.0,0.04924444282039012,veteran_model,True,,False,2026,False,ACT,,deep_bench,deep_bench_discounted,,
00-0040737,Terrance Ferguson,LA,TE,receiving_yards,2.4810950752588106,0.9050427566334838,4.461592882297974,veteran_model,True,,False,2026,False,ACT,,deep_bench,deep_bench_discounted,,
00-0040737,Terrance Ferguson,LA,TE,receptions,0.2812607344805238,0.1574705107994885,0.48305675214990784,veteran_model,True,,False,2026,False,ACT,,deep_bench,deep_bench_discounted,,
00-0040737,Terrance Ferguson,LA,TE,targets,0.36949505527842774,0.22591122183141776,0.5969202082169844,veteran_model,True,,False,2026,False,ACT,,deep_bench,deep_bench_discounted,,
00-0041403,Rohan Jones,LA,TE,receiving_tds,0.01609906462585034,0.0,0.06333333333333332,rookie_rule,True,udfa,False,2026,False,,,,rookie_path,,no_data
00-0041403,Rohan Jones,LA,TE,receiving_yards,2.772889030612245,0.0,5.325,rookie_rule,True,udfa,False,2026,False,,,,rookie_path,,no_data
00-0041403,Rohan Jones,LA,TE,receptions,0.2697491496598639,0.0,0.45,rookie_rule,True,udfa,False,2026,False,,,,rookie_path,,no_data
00-0041403,Rohan Jones,LA,TE,targets,0.4615221088435374,0.3,0.7142857142857143,rookie_rule,True,udfa,False,2026,False,,,,rookie_path,,no_data
00-0041422,Dan Villari,LA,TE,receiving_tds,0.01609906462585034,0.0,0.06333333333333332,rookie_rule,True,udfa,False,2026,False,,,,rookie_path,,no_data
00-0041422,Dan Villari,LA,TE,receiving_yards,2.772889030612245,0.0,5.325,rookie_rule,True,udfa,False,2026,False,,,,rookie_path,,no_data
00-0041422,Dan Villari,LA,TE,receptions,0.2697491496598639,0.0,0.45,rookie_rule,True,udfa,False,2026,False,,,,rookie_path,,no_data
00-0041422,Dan Villari,LA,TE,targets,0.4615221088435374,0.3,0.7142857142857143,rookie_rule,True,udfa,False,2026,False,,,,rookie_path,,no_data
KLA269938,Max Klare,LA,TE,receiving_tds,0.047548517957413224,0.0,0.11250000000000002,rookie_rule,True,drafted,False,2026,False,,,,rookie_path,,no_data
KLA269938,Max Klare,LA,TE,receiving_yards,5.715868709243888,1.5999999999999999,10.649999999999999,rookie_rule,True,drafted,False,2026,False,,,,rookie_path,,no_data
KLA269938,Max Klare,LA,TE,receptions,0.5452903934898196,0.2181818181818182,0.99,rookie_rule,True,drafted,False,2026,False,,,,rookie_path,,no_data
KLA269938,Max Klare,LA,TE,targets,0.8247112267216283,0.37499999999999994,1.48125,rookie_rule,True,drafted,False,2026,False,,,,rookie_path,,no_data
00-0033885,David Njoku,LAC,TE,receiving_tds,0.11976302796979284,0.0,0.30419011487031516,veteran_model,False,,False,2026,True,ACT,2.0,backup,curated,,
00-0033885,David Njoku,LAC,TE,receiving_yards,22.522609700237027,12.015594242734847,35.72592841383145,veteran_model,False,,False,2026,True,ACT,2.0,backup,curated,,
00-0033885,David Njoku,LAC,TE,receptions,2.3183245269954122,1.4930563691218437,3.663631311457973,veteran_model,False,,False,2026,True,ACT,2.0,backup,curated,,
00-0033885,David Njoku,LAC,TE,targets,3.308530825911107,2.351305269597707,4.824698512168151,veteran_model,False,,False,2026,True,ACT,2.0,backup,curated,,
00-0034159,Will Dissly,LAC,TE,receiving_tds,0.009590453605942873,0.0,0.03725451664102122,veteran_model,True,,False,2026,False,,,deep_bench,deep_bench_discounted,,
00-0034159,Will Dissly,LAC,TE,receiving_yards,1.3654073028008806,0.0,3.345905109840044,veteran_model,True,,False,2026,False,,,deep_bench,deep_bench_discounted,,
00-0034159,Will Dissly,LAC,TE,receptions,0.18283265953437186,0.05904243585333659,0.38462867720375593,veteran_model,True,,False,2026,False,,,deep_bench,deep_bench_discounted,,
00-0034159,Will Dissly,LAC,TE,targets,0.26563921269137436,0.12205537924436438,0.49306436562993106,veteran_model,True,,False,2026,False,,,deep_bench,deep_bench_discounted,,
00-0037654,Tucker Fisk,LAC,TE,receiving_tds,0.009155443360674443,0.0,0.03681950639575279,veteran_model,True,,False,2026,False,,,deep_bench,deep_bench_discounted,,
00-0037654,Tucker Fisk,LAC,TE,receiving_yards,1.1885522111211622,0.0,3.169050018160325,veteran_model,True,,False,2026,False,,,deep_bench,deep_bench_discounted,,
00-0037654,Tucker Fisk,LAC,TE,receptions,0.15889556771447888,0.0351053440334436,0.36069158538386287,veteran_model,True,,False,2026,False,,,deep_bench,deep_bench_discounted,,
00-0037654,Tucker Fisk,LAC,TE,targets,0.22105740533029344,0.07747357188328348,0.44848255826885014,veteran_model,True,,False,2026,False,,,deep_bench,deep_bench_discounted,,
00-0038046,Charlie Kolar,LAC,TE,receiving_tds,0.01304718890898485,0.0,0.0407112519440632,veteran_model,True,,False,2026,True,ACT,,deep_bench,deep_bench_discounted,,
00-0038046,Charlie Kolar,LAC,TE,receiving_yards,1.9172698140853512,0.34121749546002444,3.8977676211245145,veteran_model,True,,False,2026,True,ACT,,deep_bench,deep_bench_discounted,,
00-0038046,Charlie Kolar,LAC,TE,receptions,0.2113470534370104,0.08755682975597512,0.4131430711063944,veteran_model,True,,False,2026,True,ACT,,deep_bench,deep_bench_discounted,,
00-0038046,Charlie Kolar,LAC,TE,targets,0.2783797335027381,0.1347959000557281,0.5058048864412947,veteran_model,True,,False,2026,True,ACT,,deep_bench,deep_bench_discounted,,
00-0040189,Oronde Gadsden II,LAC,TE,receiving_tds,0.11639217069791245,0.0,0.30081925759843475,veteran_model,False,,False,2026,False,ACT,1.0,starter,curated,,
00-0040189,Oronde Gadsden II,LAC,TE,receiving_yards,28.11823069778239,17.61121524028021,41.32154941137681,veteran_model,False,,False,2026,False,ACT,1.0,starter,curated,,
00-0040189,Oronde Gadsden II,LAC,TE,receptions,2.8458381516425377,2.0205699937689694,4.191144936105098,veteran_model,False,,False,2026,False,ACT,1.0,starter,curated,,
00-0040189,Oronde Gadsden II,LAC,TE,targets,4.154026456912934,3.196800900599534,5.670194143169979,veteran_model,False,,False,2026,False,ACT,1.0,starter,curated,,
00-0041384,Evan Svoboda,LAC,TE,receiving_tds,0.048025628026730334,0.0,0.18893166646934503,rookie_rule,True,udfa,False,2026,False,,,,rookie_path,,no_data
00-0041384,Evan Svoboda,LAC,TE,receiving_yards,8.27189282349692,0.0,15.885175641304146,rookie_rule,True,udfa,False,2026,False,,,,rookie_path,,no_data
00-0041384,Evan Svoboda,LAC,TE,receptions,0.8046972059041082,0.0,1.3424092091242938,rookie_rule,True,udfa,False,2026,False,,,,rookie_path,,no_data
00-0041384,Evan Svoboda,LAC,TE,targets,1.3767811758356208,0.8949394727495293,2.1308082684512604,rookie_rule,True,udfa,False,2026,False,,,,rookie_path,,no_data
00-0041452,Johnny Pascuzzi,LAC,TE,receiving_tds,0.048025628026730334,0.0,0.18893166646934503,rookie_rule,True,udfa,False,2026,False,,,,rookie_path,,no_data
00-0041452,Johnny Pascuzzi,LAC,TE,receiving_yards,8.27189282349692,0.0,15.885175641304146,rookie_rule,True,udfa,False,2026,False,,,,rookie_path,,no_data
00-0041452,Johnny Pascuzzi,LAC,TE,receptions,0.8046972059041082,0.0,1.3424092091242938,rookie_rule,True,udfa,False,2026,False,,,,rookie_path,,no_data
00-0041452,Johnny Pascuzzi,LAC,TE,targets,1.3767811758356208,0.8949394727495293,2.1308082684512604,rookie_rule,True,udfa,False,2026,False,,,,rookie_path,,no_data
00-0034365,Ian Thomas,LV,TE,receiving_tds,0.010335670206283636,0.0,0.03799973324136198,veteran_model,True,,False,2026,False,ACT,,deep_bench,deep_bench_discounted,,
00-0034365,Ian Thomas,LV,TE,receiving_yards,1.5080939293526834,0.0,3.488591736391846,veteran_model,True,,False,2026,False,ACT,,deep_bench,deep_bench_discounted,,
00-0034365,Ian Thomas,LV,TE,receptions,0.20426907059469654,0.08047884691366125,0.40606508826408055,veteran_model,True,,False,2026,False,ACT,,deep_bench,deep_bench_discounted,,
00-0034365,Ian Thomas,LV,TE,targets,0.2955296996892621,0.15194586624225215,0.5229548526278188,veteran_model,True,,False,2026,False,ACT,,deep_bench,deep_bench_discounted,,
00-0036423,Albert Okwuegbunam,LV,TE,receiving_tds,0.01628212848957664,0.0,0.04394619152465498,veteran_model,True,,False,2026,False,ACT,,deep_bench,deep_bench_discounted,,
00-0036423,Albert Okwuegbunam,LV,TE,receiving_yards,1.550793769556954,0.0,3.531291576596117,veteran_model,True,,False,2026,False,ACT,,deep_bench,deep_bench_discounted,,
00-0036423,Albert Okwuegbunam,LV,TE,receptions,0.1779234116075289,0.05413318792649362,0.37971942927691293,veteran_model,True,,False,2026,False,ACT,,deep_bench,deep_bench_discounted,,
00-0036423,Albert Okwuegbunam,LV,TE,targets,0.2962355309472972,0.15265169750028723,0.523660683885854,veteran_model,True,,False,2026,False,ACT,,deep_bench,deep_bench_discounted,,
00-0039066,Michael Mayer,LV,TE,receiving_tds,0.13402899054380632,0.0,0.31845607744432863,veteran_model,False,,False,2026,False,ACT,2.0,backup,curated,,
00-0039066,Michael Mayer,LV,TE,receiving_yards,23.548749529505578,13.041734072003399,36.7520682431,veteran_model,False,,False,2026,False,ACT,2.0,backup,curated,,
00-0039066,Michael Mayer,LV,TE,receptions,2.3930541405979624,1.5677859827243938,3.7383609250605225,veteran_model,False,,False,2026,False,ACT,2.0,backup,curated,,
00-0039066,Michael Mayer,LV,TE,targets,3.356441231459717,2.3992156751463174,4.872608917716762,veteran_model,False,,False,2026,False,ACT,2.0,backup,curated,,
00-0039338,Brock Bowers,LV,TE,receiving_tds,0.4667868832883775,0.3137486793512102,0.6512139701888998,veteran_model,False,,False,2026,False,ACT,1.0,starter,curated,,
00-0039338,Brock Bowers,LV,TE,receiving_yards,47.15616849460948,36.649153037107304,60.3594872082039,veteran_model,False,,False,2026,False,ACT,1.0,starter,curated,,
00-0039338,Brock Bowers,LV,TE,receptions,4.536790363605241,3.711522205731672,5.8820971480678015,veteran_model,False,,False,2026,False,ACT,1.0,starter,curated,,
00-0039338,Brock Bowers,LV,TE,targets,6.044203902819851,5.086978346506451,7.560371589076896,veteran_model,False,,False,2026,False,ACT,1.0,starter,curated,,
00-0040488,Carter Runyon,LV,TE,receiving_tds,0.00982657863361943,0.0,0.037490641668697776,veteran_model,True,,False,2026,False,ACT,,deep_bench,deep_bench_discounted,,
00-0040488,Carter Runyon,LV,TE,receiving_yards,1.3571517061430123,0.0,3.3376495131821753,veteran_model,True,,False,2026,False,ACT,,deep_bench,deep_bench_discounted,,
00-0040488,Carter Runyon,LV,TE,receptions,0.17856335614657168,0.05477313246553639,0.3803593738159557,veteran_model,True,,False,2026,False,ACT,,deep_bench,deep_bench_discounted,,
00-0040488,Carter Runyon,LV,TE,targets,0.2677136903588384,0.12412985691182843,0.4951388432973951,veteran_model,True,,False,2026,False,ACT,,deep_bench,deep_bench_discounted,,
00-0041016,Patrick Gurd,LV,TE,receiving_tds,0.026793660412849734,0.0,0.10540561613886429,rookie_rule,True,udfa,False,2026,False,,,,rookie_path,,no_data
00-0041016,Patrick Gurd,LV,TE,receiving_yards,4.614917001416555,0.0,8.862393251675563,rookie_rule,True,udfa,False,2026,False,,,,rookie_path,,no_data
00-0041016,Patrick Gurd,LV,TE,receptions,0.44894329457104215,0.0,0.7489346409866673,rookie_rule,True,udfa,False,2026,False,,,,rookie_path,,no_data
00-0041016,Patrick Gurd,LV,TE,targets,0.7681108775425428,0.4992897606577782,1.1887851444232813,rookie_rule,True,udfa,False,2026,False,,,,rookie_path,,no_data
00-0031610,Darren Waller,MIA,TE,receiving_tds,0.01953767618009451,0.0,0.04720173921517286,veteran_model,True,,False,2026,False,,,deep_bench,deep_bench_discounted,,
00-0031610,Darren Waller,MIA,TE,receiving_yards,2.799288216855881,1.2232358982305545,4.779786023895044,veteran_model,True,,False,2026,False,,,deep_bench,deep_bench_discounted,,
00-0031610,Darren Waller,MIA,TE,receptions,0.25261170120076026,0.128821477519725,0.4544077188701443,veteran_model,True,,False,2026,False,,,deep_bench,deep_bench_discounted,,
00-0031610,Darren Waller,MIA,TE,targets,0.43303761360476206,0.2894537801577521,0.6604627665433188,veteran_model,True,,False,2026,False,,,deep_bench,deep_bench_discounted,,
00-0037252,Greg Dulcich,MIA,TE,receiving_tds,0.12572615852054933,0.0,0.31015324542107164,veteran_model,False,,False,2026,False,ACT,1.0,starter,curated,,
00-0037252,Greg Dulcich,MIA,TE,receiving_yards,21.36376069761334,10.856745240111161,34.56707941120776,veteran_model,False,,False,2026,False,ACT,1.0,starter,curated,,
00-0037252,Greg Dulcich,MIA,TE,receptions,1.940078723898161,1.1148105660245924,3.2853855083607213,veteran_model,False,,False,2026,False,ACT,1.0,starter,curated,,
00-0037252,Greg Dulcich,MIA,TE,targets,2.8606267423492366,1.9034011860358369,4.376794428606281,veteran_model,False,,False,2026,False,ACT,1.0,starter,curated,,
00-0038809,Ben Sims,MIA,TE,receiving_tds,0.08318279308278549,0.0,0.2676098799833078,veteran_model,False,,False,2026,True,ACT,2.0,backup,curated,,
00-0038809,Ben Sims,MIA,TE,receiving_yards,11.13693600643924,0.6299205489370614,24.340254720033663,veteran_model,False,,False,2026,True,ACT,2.0,backup,curated,,
00-0038809,Ben Sims,MIA,TE,receptions,1.1123645653074332,0.28709640743386466,2.457671349769994,veteran_model,False,,False,2026,True,ACT,2.0,backup,curated,,
00-0038809,Ben Sims,MIA,TE,targets,1.600059670404959,0.6428341140915592,3.116227356662004,veteran_model,False,,False,2026,True,ACT,2.0,backup,curated,,
KAC282861,Will Kacmarek,MIA,TE,receiving_tds,0.15849505985804407,0.0,0.375,rookie_rule,True,drafted,False,2026,False,,,,rookie_path,,no_data
KAC282861,Will Kacmarek,MIA,TE,receiving_yards,19.052895697479627,5.333333333333333,35.5,rookie_rule,True,drafted,False,2026,False,,,,rookie_path,,no_data
KAC282861,Will Kacmarek,MIA,TE,receptions,1.8176346449660652,0.7272727272727273,3.3,rookie_rule,True,drafted,False,2026,False,,,,rookie_path,,no_data
KAC282861,Will Kacmarek,MIA,TE,targets,2.749037422405428,1.25,4.9375,rookie_rule,True,drafted,False,2026,False,,,,rookie_path,,no_data
TRA291459,Seydou Traore,MIA,TE,receiving_tds,0.12851241351241352,0.0,0.29047619047619055,rookie_rule,True,drafted,False,2026,False,,,,rookie_path,,no_data
TRA291459,Seydou Traore,MIA,TE,receiving_yards,18.507229784104783,6.364285714285715,34.48571428571429,rookie_rule,True,drafted,False,2026,False,,,,rookie_path,,no_data
TRA291459,Seydou Traore,MIA,TE,receptions,1.7642071817071818,0.8300000000000001,2.89,rookie_rule,True,drafted,False,2026,False,,,,rookie_path,,no_data
TRA291459,Seydou Traore,MIA,TE,targets,2.479319268694269,1.1500000000000001,4.287142857142857,rookie_rule,True,drafted,False,2026,False,,,,rookie_path,,no_data
00-0035229,T.J. Hockenson,MIN,TE,receiving_tds,0.16382053240319847,0.010782328466031166,0.3482476193037208,veteran_model,False,,False,2026,False,ACT,1.0,starter,curated,,
00-0035229,T.J. Hockenson,MIN,TE,receiving_yards,32.794920118650914,22.287904661148737,45.998238832245335,veteran_model,False,,False,2026,False,ACT,1.0,starter,curated,,
00-0035229,T.J. Hockenson,MIN,TE,receptions,3.456781811558606,2.6315136536850376,4.802088596021166,veteran_model,False,,False,2026,False,ACT,1.0,starter,curated,,
00-0035229,T.J. Hockenson,MIN,TE,targets,4.403414827451693,3.4461892711382927,5.919582513708738,veteran_model,False,,False,2026,False,ACT,1.0,starter,curated,,
00-0035249,Josh Oliver,MIN,TE,receiving_tds,0.12796055179381355,0.0,0.31238763869433583,veteran_model,False,,False,2026,False,ACT,2.0,backup,curated,,
00-0035249,Josh Oliver,MIN,TE,receiving_yards,16.424752854481877,5.917737396979698,29.628071568076297,veteran_model,False,,False,2026,False,ACT,2.0,backup,curated,,
00-0035249,Josh Oliver,MIN,TE,receptions,1.7590481298273655,0.9337799719537969,3.104354914289926,veteran_model,False,,False,2026,False,ACT,2.0,backup,curated,,
00-0035249,Josh Oliver,MIN,TE,targets,2.4614896651196534,1.5042641088062536,3.977657351376698,veteran_model,False,,False,2026,False,ACT,2.0,backup,curated,,
00-0040509,Ben Yurosek,MIN,TE,receiving_tds,0.013523812071196148,0.0,0.041187875106274495,veteran_model,True,,False,2026,False,ACT,,deep_bench,deep_bench_discounted,,
00-0040509,Ben Yurosek,MIN,TE,receiving_yards,1.4153595568861081,0.0,3.3958573639252716,veteran_model,True,,False,2026,False,ACT,,deep_bench,deep_bench_discounted,,
00-0040509,Ben Yurosek,MIN,TE,receptions,0.17827154683689592,0.054481323155860635,0.38006756450628,veteran_model,True,,False,2026,False,ACT,,deep_bench,deep_bench_discounted,,
00-0040509,Ben Yurosek,MIN,TE,targets,0.24399208448544624,0.10040825103843629,0.471417237424003,veteran_model,True,,False,2026,False,ACT,,deep_bench,deep_bench_discounted,,
BRE060106,Max Bredeson,MIN,TE,receiving_tds,0.04582193993707621,0.0,0.10357118187547718,rookie_rule,True,drafted,False,2026,False,,,,rookie_path,,no_data
BRE060106,Max Bredeson,MIN,TE,receiving_yards,6.5988735904255815,2.2692276160094296,12.296106543314846,rookie_rule,True,drafted,False,2026,False,,,,rookie_path,,no_data
BRE060106,Max Bredeson,MIN,TE,receptions,0.6290395869729455,0.29594191804746994,1.0304483652496244,rookie_rule,True,drafted,False,2026,False,,,,rookie_path,,no_data
BRE060106,Max Bredeson,MIN,TE,targets,0.8840174696740151,0.41004000693324155,1.5286087711883949,rookie_rule,True,drafted,False,2026,False,,,,rookie_path,,no_data
00-0033090,Hunter Henry,NE,TE,receiving_tds,0.26776496963429985,0.11472676569713255,0.4521920565348222,veteran_model,False,,False,2026,False,ACT,1.0,starter,curated,,
00-0033090,Hunter Henry,NE,TE,receiving_yards,39.947210645880084,29.440195188377906,53.150529359474504,veteran_model,False,,False,2026,False,ACT,1.0,starter,curated,,
00-0033090,Hunter Henry,NE,TE,receptions,3.990551937803073,3.1652837799295046,5.335858722265633,veteran_model,False,,False,2026,False,ACT,1.0,starter,curated,,
00-0033090,Hunter Henry,NE,TE,targets,5.4297168232639725,4.4724912669505725,6.945884509521017,veteran_model,False,,False,2026,False,ACT,1.0,starter,curated,,
00-0038720,Julian Hill,NE,TE,receiving_tds,0.01802497505681116,0.0,0.045689038091889504,veteran_model,True,,False,2026,True,RES,,deep_bench,deep_bench_discounted,,
00-0038720,Julian Hill,NE,TE,receiving_yards,2.2117729365087087,0.6357206178833819,4.192270743547872,veteran_model,True,,False,2026,True,RES,,deep_bench,deep_bench_discounted,,
00-0038720,Julian Hill,NE,TE,receptions,0.2245766914407589,0.10078646775972362,0.42637270911014297,veteran_model,True,,False,2026,True,RES,,deep_bench,deep_bench_discounted,,
00-0038720,Julian Hill,NE,TE,targets,0.3248564008058543,0.18127256735884437,0.552281553744411,veteran_model,True,,False,2026,True,RES,,deep_bench,deep_bench_discounted,,
00-0039305,Jack Westover,NE,TE,receiving_tds,0.007100627628563703,0.0,0.034764690663642045,veteran_model,True,,False,2026,False,ACT,,deep_bench,deep_bench_discounted,,
00-0039305,Jack Westover,NE,TE,receiving_yards,1.1721405067945825,0.0,3.1526383138337457,veteran_model,True,,False,2026,False,ACT,,deep_bench,deep_bench_discounted,,
00-0039305,Jack Westover,NE,TE,receptions,0.16879810044916385,0.045007876768128584,0.3705941181185479,veteran_model,True,,False,2026,False,ACT,,deep_bench,deep_bench_discounted,,
00-0039305,Jack Westover,NE,TE,targets,0.2372259220908654,0.09364208864385544,0.4646510750294221,veteran_model,True,,False,2026,False,ACT,,deep_bench,deep_bench_discounted,,
00-0041314,Tanner Arkin,NE,TE,receiving_tds,0.044073990026536204,0.0,0.17338601754530128,rookie_rule,True,udfa,False,2026,False,,,,rookie_path,,no_data
00-0041314,Tanner Arkin,NE,TE,receiving_yards,7.591266096519603,0.0,14.578113843611517,rookie_rule,True,udfa,False,2026,False,,,,rookie_path,,no_data
00-0041314,Tanner Arkin,NE,TE,receptions,0.7384852230908726,0.0,1.2319532825587196,rookie_rule,True,udfa,False,2026,False,,,,rookie_path,,no_data
00-0041314,Tanner Arkin,NE,TE,targets,1.2634970599182633,0.8213021883724797,1.9554814008868562,rookie_rule,True,udfa,False,2026,False,,,,rookie_path,,no_data
RAR148318,Eli Raridon,NE,TE,receiving_tds,0.12184334473683525,0.0,0.2882818828374622,rookie_rule,True,drafted,False,2026,False,,,,rookie_path,,above_median
RAR148318,Eli Raridon,NE,TE,receiving_yards,14.646945720467226,4.100009000355018,27.290684908613088,rookie_rule,True,drafted,False,2026,False,,,,rookie_path,,above_median
RAR148318,Eli Raridon,NE,TE,receptions,1.3973097006971185,0.5590921364120479,2.5368805689696674,rookie_rule,True,drafted,False,2026,False,,,,rookie_path,,above_median
RAR148318,Eli Raridon,NE,TE,targets,2.113327157657815,0.9609396094582073,3.795711457359919,rookie_rule,True,drafted,False,2026,False,,,,rookie_path,,above_median
00-0033357,Taysom Hill,NO,TE,receiving_tds,0.007463925056935369,0.0,0.035127988092013715,veteran_model,True,,False,2026,False,,,deep_bench,deep_bench_discounted,,
00-0033357,Taysom Hill,NO,TE,receiving_yards,1.9088116789329654,0.33275936030763864,3.889309485972128,veteran_model,True,,False,2026,False,,,deep_bench,deep_bench_discounted,,
00-0033357,Taysom Hill,NO,TE,receptions,0.220976178864529,0.09718595518349372,0.422772196533913,veteran_model,True,,False,2026,False,,,deep_bench,deep_bench_discounted,,
00-0033357,Taysom Hill,NO,TE,targets,0.30552072583075995,0.16193689238374998,0.5329458787693166,veteran_model,True,,False,2026,False,,,deep_bench,deep_bench_discounted,,
00-0035644,Noah Fant,NO,TE,receiving_tds,0.05903501348993134,0.0,0.24346210039045366,veteran_model,False,,False,2026,True,ACT,2.0,backup,curated,,
00-0035644,Noah Fant,NO,TE,receiving_yards,13.594667405865225,3.087651948363046,26.797986119459644,veteran_model,False,,False,2026,True,ACT,2.0,backup,curated,,
00-0035644,Noah Fant,NO,TE,receptions,1.499002452766926,0.6737342948933573,2.8443092372294863,veteran_model,False,,False,2026,True,ACT,2.0,backup,curated,,
00-0035644,Noah Fant,NO,TE,targets,2.2467512630638016,1.2895257067504018,3.7629189493208464,veteran_model,False,,False,2026,True,ACT,2.0,backup,curated,,
00-0036040,Juwan Johnson,NO,TE,receiving_tds,0.22689103123139717,0.07385282729422987,0.4113181181319195,veteran_model,False,,False,2026,False,ACT,1.0,starter,curated,,
00-0036040,Juwan Johnson,NO,TE,receiving_yards,38.8496423138175,28.34262685631532,52.05296102741192,veteran_model,False,,False,2026,False,ACT,1.0,starter,curated,,
00-0036040,Juwan Johnson,NO,TE,receptions,3.7074340791310325,2.8821659212574637,5.052740863593593,veteran_model,False,,False,2026,False,ACT,1.0,starter,curated,,
00-0036040,Juwan Johnson,NO,TE,targets,5.854313837436455,4.897088281123055,7.370481523693499,veteran_model,False,,False,2026,False,ACT,1.0,starter,curated,,
00-0037340,Zaire Mitchell-Paden,NO,TE,receiving_tds,0.006358207994709317,0.0,0.034022271029787665,veteran_model,True,,False,2026,True,ACT,,deep_bench,deep_bench_discounted,,
00-0037340,Zaire Mitchell-Paden,NO,TE,receiving_yards,1.2381165831026066,0.0,3.21861439014177,veteran_model,True,,False,2026,True,ACT,,deep_bench,deep_bench_discounted,,
00-0037340,Zaire Mitchell-Paden,NO,TE,receptions,0.15714663457246894,0.03335641089143367,0.35894265224185296,veteran_model,True,,False,2026,True,ACT,,deep_bench,deep_bench_discounted,,
00-0037340,Zaire Mitchell-Paden,NO,TE,targets,0.24499103629960012,0.10140720285259015,0.4724161892381568,veteran_model,True,,False,2026,True,ACT,,deep_bench,deep_bench_discounted,,
00-0040244,Moliki Matavao,NO,TE,receiving_tds,0.008871946674864012,0.0,0.036536009709942356,veteran_model,True,,False,2026,False,ACT,,deep_bench,deep_bench_discounted,,
00-0040244,Moliki Matavao,NO,TE,receiving_yards,1.2463584838906017,0.0,3.226856290929765,veteran_model,True,,False,2026,False,ACT,,deep_bench,deep_bench_discounted,,
00-0040244,Moliki Matavao,NO,TE,receptions,0.16358726103426444,0.03979703735322917,0.3653832787036485,veteran_model,True,,False,2026,False,ACT,,deep_bench,deep_bench_discounted,,
00-0040244,Moliki Matavao,NO,TE,targets,0.25561031742838913,0.11202648398137917,0.48303547036694583,veteran_model,True,,False,2026,False,ACT,,deep_bench,deep_bench_discounted,,
00-0041327,Cody Hardy,NO,TE,receiving_tds,0.028039528095912217,0.0,0.11030682966240812,rookie_rule,True,udfa,False,2026,False,,,,rookie_path,,no_data
00-0041327,Cody Hardy,NO,TE,receiving_yards,4.829504178513236,0.0,9.274482125563,rookie_rule,True,udfa,False,2026,False,,,,rookie_path,,no_data
00-0041327,Cody Hardy,NO,TE,receptions,0.46981852899647447,0.0,0.7837590528644789,rookie_rule,True,udfa,False,2026,False,,,,rookie_path,,no_data
00-0041327,Cody Hardy,NO,TE,targets,0.8038269575627284,0.5225060352429859,1.2440619886737758,rookie_rule,True,udfa,False,2026,False,,,,rookie_path,,no_data
00-0031484,Chris Manhertz,NYG,TE,receiving_tds,0.016385586216231183,0.0,0.04404964925130953,veteran_model,True,,False,2026,False,ACT,,deep_bench,deep_bench_discounted,,
00-0031484,Chris Manhertz,NYG,TE,receiving_yards,1.380586055434567,0.0,3.36108386247373,veteran_model,True,,False,2026,False,ACT,,deep_bench,deep_bench_discounted,,
00-0031484,Chris Manhertz,NYG,TE,receptions,0.18075268147492118,0.056962457793885896,0.3825486991443053,veteran_model,True,,False,2026,False,ACT,,deep_bench,deep_bench_discounted,,
00-0031484,Chris Manhertz,NYG,TE,targets,0.2599430442261178,0.11635921077910787,0.4873681971646745,veteran_model,True,,False,2026,False,ACT,,deep_bench,deep_bench_discounted,,
00-0037348,Tanner Conner,NYG,TE,receiving_tds,0.013683058119986108,0.0,0.041347121155064455,veteran_model,True,,False,2026,True,ACT,,deep_bench,deep_bench_discounted,,
00-0037348,Tanner Conner,NYG,TE,receiving_yards,1.9174621103506289,0.341409791725302,3.8979599173897914,veteran_model,True,,False,2026,True,ACT,,deep_bench,deep_bench_discounted,,
00-0037348,Tanner Conner,NYG,TE,receptions,0.22941255169139774,0.10562232801036248,0.43120856936078183,veteran_model,True,,False,2026,True,ACT,,deep_bench,deep_bench_discounted,,
00-0037348,Tanner Conner,NYG,TE,targets,0.3333442273042725,0.1897603938572625,0.5607693802428292,veteran_model,True,,False,2026,True,ACT,,deep_bench,deep_bench_discounted,,
00-0037838,Isaiah Likely,NYG,TE,receiving_tds,0.15100304603835732,0.0,0.33543013293887963,veteran_model,False,,False,2026,True,ACT,1.0,starter,curated,,
00-0037838,Isaiah Likely,NYG,TE,receiving_yards,31.520372770758204,21.013357313256023,44.72369148435263,veteran_model,False,,False,2026,True,ACT,1.0,starter,curated,,
00-0037838,Isaiah Likely,NYG,TE,receptions,3.3133715882958517,2.4881034304222833,4.658678372758412,veteran_model,False,,False,2026,True,ACT,1.0,starter,curated,,
00-0037838,Isaiah Likely,NYG,TE,targets,4.624576684792873,3.6673511284794733,6.140744371049918,veteran_model,False,,False,2026,True,ACT,1.0,starter,curated,,
00-0039847,Theo Johnson,NYG,TE,receiving_tds,0.23353526334236827,0.08049705940520097,0.4179623502428906,veteran_model,False,,False,2026,False,ACT,2.0,backup,curated,,
00-0039847,Theo Johnson,NYG,TE,receiving_yards,42.144119438210915,31.637103980708737,55.347438151805335,veteran_model,False,,False,2026,False,ACT,2.0,backup,curated,,
00-0039847,Theo Johnson,NYG,TE,receptions,4.08193035285143,3.256662194977861,5.42723713731399,veteran_model,False,,False,2026,False,ACT,2.0,backup,curated,,
00-0039847,Theo Johnson,NYG,TE,targets,5.410642094857686,4.453416538544286,6.926809781114731,veteran_model,False,,False,2026,False,ACT,2.0,backup,curated,,
00-0037755,Jelani Woods,NYJ,TE,receiving_tds,0.019699556368904195,0.0,0.04736361940398254,veteran_model,True,,False,2026,False,ACT,,deep_bench,deep_bench_discounted,,
00-0037755,Jelani Woods,NYJ,TE,receiving_yards,1.2506278303206741,0.0,3.231125637359837,veteran_model,True,,False,2026,False,ACT,,deep_bench,deep_bench_discounted,,
00-0037755,Jelani Woods,NYJ,TE,receptions,0.1604294527437074,0.03663922906267212,0.36222547041309144,veteran_model,True,,False,2026,False,ACT,,deep_bench,deep_bench_discounted,,
00-0037755,Jelani Woods,NYJ,TE,targets,0.25940529350928027,0.11582146006227031,0.48683044644783696,veteran_model,True,,False,2026,False,ACT,,deep_bench,deep_bench_discounted,,
00-0037805,Jeremy Ruckert,NYJ,TE,receiving_tds,0.14498135340616247,0.0,0.3294084403066848,veteran_model,False,,False,2026,False,ACT,2.0,backup,curated,,
00-0037805,Jeremy Ruckert,NYJ,TE,receiving_yards,13.515004864191438,3.0079894066892585,26.71832357778586,veteran_model,False,,False,2026,False,ACT,2.0,backup,curated,,
00-0037805,Jeremy Ruckert,NYJ,TE,receptions,1.5027418862208095,0.677473728347241,2.8480486706833696,veteran_model,False,,False,2026,False,ACT,2.0,backup,curated,,
00-0037805,Jeremy Ruckert,NYJ,TE,targets,2.4756718095825354,1.5184462532691356,3.99183949583958,veteran_model,False,,False,2026,False,ACT,2.0,backup,curated,,
00-0040736,Mason Taylor,NYJ,TE,receiving_tds,0.45285930855275164,0.2998211046155843,0.6372863954532739,veteran_model,False,,False,2026,False,ACT,1.0,starter,curated,,
00-0040736,Mason Taylor,NYJ,TE,receiving_yards,42.63060250530485,32.12358704780267,55.83392121889927,veteran_model,False,,False,2026,False,ACT,1.0,starter,curated,,
00-0040736,Mason Taylor,NYJ,TE,receptions,3.6978414260563155,2.872573268182747,5.043148210518876,veteran_model,False,,False,2026,False,ACT,1.0,starter,curated,,
00-0040736,Mason Taylor,NYJ,TE,targets,5.321527365287356,4.364301808973956,6.837695051544401,veteran_model,False,,False,2026,False,ACT,1.0,starter,curated,,
00-0041237,Chase Curtis,NYJ,TE,receiving_tds,0.04004151389466649,0.0,0.1575223533540082,rookie_rule,True,udfa,False,2026,False,,,,rookie_path,,no_data
00-0041237,Chase Curtis,NYJ,TE,receiving_yards,6.896715879340348,0.0,13.24431365700148,rookie_rule,True,udfa,False,2026,False,,,,rookie_path,,no_data
00-0041237,Chase Curtis,NYJ,TE,receptions,0.6709187505736472,0.0,1.119237773831111,rookie_rule,True,udfa,False,2026,False,,,,rookie_path,,no_data
00-0041237,Chase Curtis,NYJ,TE,targets,1.1478955059464009,0.7461585158874072,1.7765678949700172,rookie_rule,True,udfa,False,2026,False,,,,rookie_path,,no_data
SAD482340,Kenyon Sadiq,NYJ,TE,receiving_tds,0.1562575480074907,0.07166144638060097,0.2579812069701635,rookie_rule,True,drafted,True,2026,False,,,,rookie_path,,above_median
SAD482340,Kenyon Sadiq,NYJ,TE,receiving_yards,26.653012126769823,15.559491545387987,38.92481152226291,rookie_rule,True,drafted,True,2026,False,,,,rookie_path,,above_median
SAD482340,Kenyon Sadiq,NYJ,TE,receptions,2.2352958340639875,1.2899060348508176,2.942598142003427,rookie_rule,True,drafted,True,2026,False,,,,rookie_path,,above_median
SAD482340,Kenyon Sadiq,NYJ,TE,targets,3.463125620007973,1.9348590522762263,4.944639800261467,rookie_rule,True,drafted,True,2026,False,,,,rookie_path,,above_median
00-0033246,Johnny Mundt,PHI,TE,receiving_tds,0.06348890963780089,0.0,0.2479159965383232,veteran_model,False,,False,2026,True,ACT,2.0,backup,curated,,
00-0033246,Johnny Mundt,PHI,TE,receiving_yards,10.74733465444885,0.24031919694667003,23.95065336804327,veteran_model,False,,False,2026,True,ACT,2.0,backup,curated,,
00-0033246,Johnny Mundt,PHI,TE,receptions,1.5755173344916662,0.7502491766180976,2.9208241189542266,veteran_model,False,,False,2026,True,ACT,2.0,backup,curated,,
00-0033246,Johnny Mundt,PHI,TE,targets,1.9746571174563328,1.017431561142933,3.4908248037133776,veteran_model,False,,False,2026,True,ACT,2.0,backup,curated,,
00-0034351,Dallas Goedert,PHI,TE,receiving_tds,0.3234870553565703,0.170448851419403,0.5079141422570926,veteran_model,False,,False,2026,False,ACT,1.0,starter,curated,,
00-0034351,Dallas Goedert,PHI,TE,receiving_yards,42.89564409403516,32.388628636532985,56.09896280762958,veteran_model,False,,False,2026,False,ACT,1.0,starter,curated,,
00-0034351,Dallas Goedert,PHI,TE,receptions,4.154292333012288,3.329024175138719,5.499599117474848,veteran_model,False,,False,2026,False,ACT,1.0,starter,curated,,
00-0034351,Dallas Goedert,PHI,TE,targets,6.054205770840675,5.096980214527275,7.57037345709772,veteran_model,False,,False,2026,False,ACT,1.0,starter,curated,,
00-0037086,Grant Calcaterra,PHI,TE,receiving_tds,0.012125431423870675,0.0,0.039789494458949026,veteran_model,True,,False,2026,False,ACT,,deep_bench,deep_bench_discounted,,
00-0037086,Grant Calcaterra,PHI,TE,receiving_yards,1.8990053253861872,0.32295300676086036,3.87950313242535,veteran_model,True,,False,2026,False,ACT,,deep_bench,deep_bench_discounted,,
00-0037086,Grant Calcaterra,PHI,TE,receptions,0.2384701891757367,0.11467996549470144,0.4402662068451208,veteran_model,True,,False,2026,False,ACT,,deep_bench,deep_bench_discounted,,
00-0037086,Grant Calcaterra,PHI,TE,targets,0.3197783981029193,0.17619456465590932,0.547203551041476,veteran_model,True,,False,2026,False,ACT,,deep_bench,deep_bench_discounted,,
00-0037475,Stone Smartt,PHI,TE,receiving_tds,0.009960287228653553,0.0,0.0376243502637319,veteran_model,True,,False,2026,True,ACT,,deep_bench,deep_bench_discounted,,
00-0037475,Stone Smartt,PHI,TE,receiving_yards,1.5388059409395358,0.0,3.519303747978699,veteran_model,True,,False,2026,True,ACT,,deep_bench,deep_bench_discounted,,
00-0037475,Stone Smartt,PHI,TE,receptions,0.20576773578242458,0.0819775121013893,0.4075637534518086,veteran_model,True,,False,2026,True,ACT,,deep_bench,deep_bench_discounted,,
00-0037475,Stone Smartt,PHI,TE,targets,0.25526300040535327,0.11167916695834333,0.48268815334391,veteran_model,True,,False,2026,True,ACT,,deep_bench,deep_bench_discounted,,
00-0040927,Dae'Quan Wright,PHI,TE,receiving_tds,0.05366354875283447,0.0,0.2111111111111111,rookie_rule,True,udfa,False,2026,False,,,,rookie_path,,no_data
00-0040927,Dae'Quan Wright,PHI,TE,receiving_yards,9.24296343537415,0.0,17.75,rookie_rule,True,udfa,False,2026,False,,,,rookie_path,,no_data
00-0040927,Dae'Quan Wright,PHI,TE,receptions,0.8991638321995464,0.0,1.5,rookie_rule,True,udfa,False,2026,False,,,,rookie_path,,no_data
00-0040927,Dae'Quan Wright,PHI,TE,targets,1.538407029478458,1.0,2.380952380952381,rookie_rule,True,udfa,False,2026,False,,,,rookie_path,,no_data
STO806346,Eli Stowers,PHI,TE,receiving_tds,0.16627684762316897,0.0,0.3934117436501522,rookie_rule,True,drafted,False,2026,False,,,,rookie_path,,above_median
STO806346,Eli Stowers,PHI,TE,receiving_yards,19.98835444781318,5.595189243024387,37.24297839888107,rookie_rule,True,drafted,False,2026,False,,,,rookie_path,,above_median
STO806346,Eli Stowers,PHI,TE,receptions,1.9068768399867335,0.7629803513215073,3.4620233441213393,rookie_rule,True,drafted,False,2026,False,,,,rookie_path,,above_median
STO806346,Eli Stowers,PHI,TE,targets,2.884009615221438,1.3113724788338406,5.17992129139367,rookie_rule,True,drafted,False,2026,False,,,,rookie_path,,above_median
00-0033757,Robert Tonyan,PIT,TE,receiving_tds,0.004527578560822877,0.0,0.032191641595901224,veteran_model,True,,False,2026,True,ACT,,deep_bench,deep_bench_discounted,,
00-0033757,Robert Tonyan,PIT,TE,receiving_yards,1.0999959148056275,0.0,3.0804937218447908,veteran_model,True,,False,2026,True,ACT,,deep_bench,deep_bench_discounted,,
00-0033757,Robert Tonyan,PIT,TE,receptions,0.15840995838989483,0.03461973470885956,0.3602059760592789,veteran_model,True,,False,2026,True,ACT,,deep_bench,deep_bench_discounted,,
00-0033757,Robert Tonyan,PIT,TE,targets,0.25204146201860533,0.10845762857159537,0.47946661495716203,veteran_model,True,,False,2026,True,ACT,,deep_bench,deep_bench_discounted,,
00-0033858,Jonnu Smith,PIT,TE,receiving_tds,0.0250135998491633,0.0020578692585882046,0.052677662884241645,veteran_model,True,,False,2026,False,,,deep_bench,deep_bench_discounted,,
00-0033858,Jonnu Smith,PIT,TE,receiving_yards,4.523802761380861,2.947750442755534,6.504300568420024,veteran_model,True,,False,2026,False,,,deep_bench,deep_bench_discounted,,
00-0033858,Jonnu Smith,PIT,TE,receptions,0.4373056134756721,0.3135153897946368,0.6391016311450561,veteran_model,True,,False,2026,False,,,deep_bench,deep_bench_discounted,,
00-0033858,Jonnu Smith,PIT,TE,targets,0.5259611549674131,0.3823773215204032,0.7533863079059698,veteran_model,True,,False,2026,False,,,deep_bench,deep_bench_discounted,,
00-0036894,Pat Freiermuth,PIT,TE,receiving_tds,0.16675733232775533,0.013719128390588031,0.35118441922827764,veteran_model,False,,False,2026,False,ACT,2.0,backup,curated,,
00-0036894,Pat Freiermuth,PIT,TE,receiving_yards,25.204474130766307,14.697458673264128,38.40779284436073,veteran_model,False,,False,2026,False,ACT,2.0,backup,curated,,
00-0036894,Pat Freiermuth,PIT,TE,receptions,2.5980852141788238,1.7728170563052552,3.943391998641384,veteran_model,False,,False,2026,False,ACT,2.0,backup,curated,,
00-0036894,Pat Freiermuth,PIT,TE,targets,3.481652719271831,2.524427162958431,4.997820405528875,veteran_model,False,,False,2026,False,ACT,2.0,backup,curated,,
00-0038558,Darnell Washington,PIT,TE,receiving_tds,0.13985395332444317,0.0,0.3242810402249655,veteran_model,False,,False,2026,False,ACT,1.0,starter,curated,,
00-0038558,Darnell Washington,PIT,TE,receiving_yards,23.258003034358346,12.750987576856167,36.461321747952766,veteran_model,False,,False,2026,False,ACT,1.0,starter,curated,,
00-0038558,Darnell Washington,PIT,TE,receptions,2.3868705233148444,1.5616023654412758,3.7321773077774045,veteran_model,False,,False,2026,False,ACT,1.0,starter,curated,,
00-0038558,Darnell Washington,PIT,TE,targets,3.2959641792303644,2.3387386229169644,4.812131865487409,veteran_model,False,,False,2026,False,ACT,1.0,starter,curated,,
00-0041263,Lake McRee,PIT,TE,receiving_tds,0.05366354875283447,0.0,0.2111111111111111,rookie_rule,True,udfa,False,2026,False,,,,rookie_path,,no_data
00-0041263,Lake McRee,PIT,TE,receiving_yards,9.24296343537415,0.0,17.75,rookie_rule,True,udfa,False,2026,False,,,,rookie_path,,no_data
00-0041263,Lake McRee,PIT,TE,receptions,0.8991638321995464,0.0,1.5,rookie_rule,True,udfa,False,2026,False,,,,rookie_path,,no_data
00-0041263,Lake McRee,PIT,TE,targets,1.538407029478458,1.0,2.380952380952381,rookie_rule,True,udfa,False,2026,False,,,,rookie_path,,no_data
NOW373761,Riley Nowakowski,PIT,TE,receiving_tds,0.1387934065934066,0.0,0.3137142857142858,rookie_rule,True,drafted,False,2026,False,,,,rookie_path,,above_median
NOW373761,Riley Nowakowski,PIT,TE,receiving_yards,19.98780816683317,6.8734285714285726,37.24457142857144,rookie_rule,True,drafted,False,2026,False,,,,rookie_path,,above_median
NOW373761,Riley Nowakowski,PIT,TE,receptions,1.9053437562437565,0.8964000000000001,3.1212000000000004,rookie_rule,True,drafted,False,2026,False,,,,rookie_path,,above_median
NOW373761,Riley Nowakowski,PIT,TE,targets,2.6776648101898104,1.242,4.630114285714286,rookie_rule,True,drafted,False,2026,False,,,,rookie_path,,above_median
00-0033576,Eric Saubert,SEA,TE,receiving_tds,0.012953247184868897,0.0,0.04061731021994724,veteran_model,True,,False,2026,False,ACT,,deep_bench,deep_bench_discounted,,
00-0033576,Eric Saubert,SEA,TE,receiving_yards,1.8290221660470671,0.2529698474217403,3.80951997308623,veteran_model,True,,False,2026,False,ACT,,deep_bench,deep_bench_discounted,,
00-0033576,Eric Saubert,SEA,TE,receptions,0.2003992280217996,0.07660900434076433,0.4021952456911837,veteran_model,True,,False,2026,False,ACT,,deep_bench,deep_bench_discounted,,
00-0033576,Eric Saubert,SEA,TE,targets,0.2699394420795883,0.12635560863257833,0.497364595018145,veteran_model,True,,False,2026,False,ACT,,deep_bench,deep_bench_discounted,,
00-0036232,Harrison Bryant,SEA,TE,receiving_tds,0.005106211395314859,0.0,0.0327702744303932,veteran_model,True,,False,2026,True,ACT,,deep_bench,deep_bench_discounted,,
00-0036232,Harrison Bryant,SEA,TE,receiving_yards,1.238978092753872,0.0,3.2194758997930353,veteran_model,True,,False,2026,True,ACT,,deep_bench,deep_bench_discounted,,
00-0036232,Harrison Bryant,SEA,TE,receptions,0.15943678252322221,0.03564655884218693,0.3612328001926063,veteran_model,True,,False,2026,True,ACT,,deep_bench,deep_bench_discounted,,
00-0036232,Harrison Bryant,SEA,TE,targets,0.22287394015256587,0.07929010670555592,0.4502990930911226,veteran_model,True,,False,2026,True,ACT,,deep_bench,deep_bench_discounted,,
00-0039793,AJ Barner,SEA,TE,receiving_tds,0.14560987791969296,0.0,0.3300369648202153,veteran_model,False,,False,2026,False,ACT,1.0,starter,curated,,
00-0039793,AJ Barner,SEA,TE,receiving_yards,43.0301694197697,32.52315396226752,56.23348813336412,veteran_model,False,,False,2026,False,ACT,1.0,starter,curated,,
00-0039793,AJ Barner,SEA,TE,receptions,4.203076213937182,3.3778080560636132,5.548382998399743,veteran_model,False,,False,2026,False,ACT,1.0,starter,curated,,
00-0039793,AJ Barner,SEA,TE,targets,5.12138588804392,4.16416033173052,6.637553574300965,veteran_model,False,,False,2026,False,ACT,1.0,starter,curated,,
00-0040058,Nick Kallerup,SEA,TE,receiving_tds,0.012508720428776595,0.0,0.040172783463854944,veteran_model,True,,False,2026,False,ACT,,deep_bench,deep_bench_discounted,,
00-0040058,Nick Kallerup,SEA,TE,receiving_yards,1.3284032674452633,0.0,3.3089010744844263,veteran_model,True,,False,2026,False,ACT,,deep_bench,deep_bench_discounted,,
00-0040058,Nick Kallerup,SEA,TE,receptions,0.15988067835803124,0.036090454676995974,0.36167669602741526,veteran_model,True,,False,2026,False,ACT,,deep_bench,deep_bench_discounted,,
00-0040058,Nick Kallerup,SEA,TE,targets,0.25199020420844526,0.1084063707614353,0.479415357147002,veteran_model,True,,False,2026,False,ACT,,deep_bench,deep_bench_discounted,,
00-0040739,Elijah Arroyo,SEA,TE,receiving_tds,0.09432328445771127,0.0,0.27875037135823355,veteran_model,False,,False,2026,False,ACT,2.0,backup,curated,,
00-0040739,Elijah Arroyo,SEA,TE,receiving_yards,16.899526881277023,6.3925114237748435,30.102845594871443,veteran_model,False,,False,2026,False,ACT,2.0,backup,curated,,
00-0040739,Elijah Arroyo,SEA,TE,receptions,1.7859701987597023,0.9607020408861338,3.1312769832222624,veteran_model,False,,False,2026,False,ACT,2.0,backup,curated,,
00-0040739,Elijah Arroyo,SEA,TE,targets,2.7081233708016303,1.7508978144882306,4.224291057058675,veteran_model,False,,False,2026,False,ACT,2.0,backup,curated,,
00-0040974,Lance Mason,SEA,TE,receiving_tds,0.01609906462585034,0.0,0.06333333333333332,rookie_rule,True,udfa,False,2026,False,,,,rookie_path,,no_data
00-0040974,Lance Mason,SEA,TE,receiving_yards,2.772889030612245,0.0,5.325,rookie_rule,True,udfa,False,2026,False,,,,rookie_path,,no_data
00-0040974,Lance Mason,SEA,TE,receptions,0.2697491496598639,0.0,0.45,rookie_rule,True,udfa,False,2026,False,,,,rookie_path,,no_data
00-0040974,Lance Mason,SEA,TE,targets,0.4615221088435374,0.3,0.7142857142857143,rookie_rule,True,udfa,False,2026,False,,,,rookie_path,,no_data
00-0033288,George Kittle,SF,TE,receiving_tds,0.3807742211643653,0.22773601722719802,0.5652013080648877,veteran_model,False,,False,2026,False,ACT,1.0,starter,curated,,
00-0033288,George Kittle,SF,TE,receiving_yards,38.32265404536096,27.815638587858786,51.52597275895538,veteran_model,False,,False,2026,False,ACT,1.0,starter,curated,,
00-0033288,George Kittle,SF,TE,receptions,3.0999934191775553,2.2747252613039866,4.445300203640116,veteran_model,False,,False,2026,False,ACT,1.0,starter,curated,,
00-0033288,George Kittle,SF,TE,targets,4.327472445775269,3.3702468894618693,5.843640132032315,veteran_model,False,,False,2026,False,ACT,1.0,starter,curated,,
00-0036887,Luke Farrell,SF,TE,receiving_tds,0.0129348792514553,0.0,0.04059894228653364,veteran_model,True,,False,2026,False,ACT,,deep_bench,deep_bench_discounted,,
00-0036887,Luke Farrell,SF,TE,receiving_yards,1.8472145654596424,0.2711622468343156,3.8277123724988056,veteran_model,True,,False,2026,False,ACT,,deep_bench,deep_bench_discounted,,
00-0036887,Luke Farrell,SF,TE,receptions,0.1864713597537612,0.06268113607272592,0.38826737742314527,veteran_model,True,,False,2026,False,ACT,,deep_bench,deep_bench_discounted,,
00-0036887,Luke Farrell,SF,TE,targets,0.27863399279597245,0.1350501593489625,0.5060591457345291,veteran_model,True,,False,2026,False,ACT,,deep_bench,deep_bench_discounted,,
00-0037112,Jake Tonges,SF,TE,receiving_tds,0.09511378386523843,0.0,0.27954087076576073,veteran_model,False,,False,2026,False,ACT,2.0,backup,curated,,
00-0037112,Jake Tonges,SF,TE,receiving_yards,19.771844209710824,9.264828752208645,32.97516292330525,veteran_model,False,,False,2026,False,ACT,2.0,backup,curated,,
00-0037112,Jake Tonges,SF,TE,receptions,1.829016342698616,1.0037481848250474,3.174323127161176,veteran_model,False,,False,2026,False,ACT,2.0,backup,curated,,
00-0037112,Jake Tonges,SF,TE,targets,3.0938941854726494,2.1366686291592494,4.610061871729695,veteran_model,False,,False,2026,False,ACT,2.0,backup,curated,,
00-0038643,Brayden Willis,SF,TE,receiving_tds,0.01185307999506928,0.0,0.039517143030147625,veteran_model,True,,False,2026,False,ACT,,deep_bench,deep_bench_discounted,,
00-0038643,Brayden Willis,SF,TE,receiving_yards,1.225773133241523,0.0,3.2062709402806857,veteran_model,True,,False,2026,False,ACT,,deep_bench,deep_bench_discounted,,
00-0038643,Brayden Willis,SF,TE,receptions,0.15759817397707324,0.03380795029603795,0.3593941916464573,veteran_model,True,,False,2026,False,ACT,,deep_bench,deep_bench_discounted,,
00-0038643,Brayden Willis,SF,TE,targets,0.22111546088649328,0.07753162743948333,0.44854061382505,veteran_model,True,,False,2026,False,ACT,,deep_bench,deep_bench_discounted,,
00-0041357,Khalil Dinkins,SF,TE,receiving_tds,0.05186227996463452,0.0,0.20402496298777123,rookie_rule,True,udfa,False,2026,False,,,,rookie_path,,no_data
00-0041357,Khalil Dinkins,SF,TE,receiving_yards,8.932714450103056,0.0,17.154204124892875,rookie_rule,True,udfa,False,2026,False,,,,rookie_path,,no_data
00-0041357,Khalil Dinkins,SF,TE,receptions,0.8689825306632081,0.0,1.4496510528078486,rookie_rule,True,udfa,False,2026,False,,,,rookie_path,,no_data
00-0041357,Khalil Dinkins,SF,TE,targets,1.4867689132869608,0.9664340352052323,2.301033417155315,rookie_rule,True,udfa,False,2026,False,,,,rookie_path,,no_data
00-0038129,Cade Otton,TB,TE,receiving_tds,0.3077569125263335,0.15471870858916623,0.49218399942685587,veteran_model,False,,False,2026,False,ACT,1.0,starter,curated,,
00-0038129,Cade Otton,TB,TE,receiving_yards,37.064537313442095,26.557521855939918,50.267856027036515,veteran_model,False,,False,2026,False,ACT,1.0,starter,curated,,
00-0038129,Cade Otton,TB,TE,receptions,3.666825505356311,2.841557347482742,5.012132289818871,veteran_model,False,,False,2026,False,ACT,1.0,starter,curated,,
00-0038129,Cade Otton,TB,TE,targets,4.976388936703632,4.019163380390232,6.492556622960677,veteran_model,False,,False,2026,False,ACT,1.0,starter,curated,,
00-0039050,Payne Durham,TB,TE,receiving_tds,0.042616460246548575,0.0,0.2270435471470709,veteran_model,False,,False,2026,False,ACT,2.0,backup,curated,,
00-0039050,Payne Durham,TB,TE,receiving_yards,10.771852657547454,0.26483720004527456,23.975171371141876,veteran_model,False,,False,2026,False,ACT,2.0,backup,curated,,
00-0039050,Payne Durham,TB,TE,receptions,1.1654815548216375,0.34021339694806896,2.510788339284198,veteran_model,False,,False,2026,False,ACT,2.0,backup,curated,,
00-0039050,Payne Durham,TB,TE,targets,1.7382943999213436,0.7810688436079438,3.254462086178388,veteran_model,False,,False,2026,False,ACT,2.0,backup,curated,,
00-0039754,Devin Culp,TB,TE,receiving_tds,0.011208134230082807,0.0,0.03887219726516115,veteran_model,True,,False,2026,False,ACT,,deep_bench,deep_bench_discounted,,
00-0039754,Devin Culp,TB,TE,receiving_yards,1.6239454498770096,0.04789313125168286,3.6044432569161726,veteran_model,True,,False,2026,False,ACT,,deep_bench,deep_bench_discounted,,
00-0039754,Devin Culp,TB,TE,receptions,0.17438943411623425,0.05059921043519898,0.3761854517856183,veteran_model,True,,False,2026,False,ACT,,deep_bench,deep_bench_discounted,,
00-0039754,Devin Culp,TB,TE,targets,0.258830226642216,0.11524639319520602,0.4862553795807727,veteran_model,True,,False,2026,False,ACT,,deep_bench,deep_bench_discounted,,
00-0041252,Kenny Fletcher Jr.,TB,TE,receiving_tds,0.049288232981095685,0.0,0.19389872401595173,rookie_rule,True,udfa,False,2026,False,,,,rookie_path,,no_data
00-0041252,Kenny Fletcher Jr.,TB,TE,receiving_yards,8.489362813792795,0.0,16.30280061134121,rookie_rule,True,udfa,False,2026,False,,,,rookie_path,,no_data
00-0041252,Kenny Fletcher Jr.,TB,TE,receptions,0.8258528830016151,0.0,1.3777014601133415,rookie_rule,True,udfa,False,2026,False,,,,rookie_path,,no_data
00-0041252,Kenny Fletcher Jr.,TB,TE,targets,1.4129770738407332,0.918467640075561,2.1868277144656214,rookie_rule,True,udfa,False,2026,False,,,,rookie_path,,no_data
SHA375359,Bauer Sharp,TB,TE,receiving_tds,0.11245994746423243,0.0,0.2541928536530623,rookie_rule,True,drafted,False,2026,False,,,,rookie_path,,above_median
SHA375359,Bauer Sharp,TB,TE,receiving_yards,16.195494523397606,5.569323752578979,30.17810895336848,rookie_rule,True,drafted,False,2026,False,,,,rookie_path,,above_median
SHA375359,Bauer Sharp,TB,TE,receptions,1.5438403306591604,0.7263248260939141,2.5290105390498936,rookie_rule,True,drafted,False,2026,False,,,,rookie_path,,above_median
SHA375359,Bauer Sharp,TB,TE,targets,2.169627875500789,1.0063536747084352,3.7516364941615077,rookie_rule,True,drafted,False,2026,False,,,,rookie_path,,above_median
00-0036876,Kylen Granson,TEN,TE,receiving_tds,0.009048099428348418,0.0,0.03671216246342676,veteran_model,True,,False,2026,True,ACT,,deep_bench,deep_bench_discounted,,
00-0036876,Kylen Granson,TEN,TE,receiving_yards,1.683433432055064,0.10738111342973697,3.663931239094227,veteran_model,True,,False,2026,True,ACT,,deep_bench,deep_bench_discounted,,
00-0036876,Kylen Granson,TEN,TE,receptions,0.18151813597091684,0.057727912289881556,0.38331415364030086,veteran_model,True,,False,2026,True,ACT,,deep_bench,deep_bench_discounted,,
00-0036876,Kylen Granson,TEN,TE,targets,0.2498275894866421,0.10624375603963214,0.4772527424251988,veteran_model,True,,False,2026,True,ACT,,deep_bench,deep_bench_discounted,,
00-0038115,Daniel Bellinger,TEN,TE,receiving_tds,0.10527972566024459,0.0,0.2897068125607669,veteran_model,False,,False,2026,True,ACT,2.0,backup,curated,,
00-0038115,Daniel Bellinger,TEN,TE,receiving_yards,18.116734489357928,7.609719031855748,31.320053202952348,veteran_model,False,,False,2026,True,ACT,2.0,backup,curated,,
00-0038115,Daniel Bellinger,TEN,TE,receptions,1.8999821361516318,1.0747139782780633,3.2452889206141924,veteran_model,False,,False,2026,True,ACT,2.0,backup,curated,,
00-0038115,Daniel Bellinger,TEN,TE,targets,2.6764507433007494,1.7192251869873496,4.192618429557794,veteran_model,False,,False,2026,True,ACT,2.0,backup,curated,,
00-0039648,David Martin-Robinson,TEN,TE,receiving_tds,0.011061970798357508,0.0,0.038726033833435855,veteran_model,True,,False,2026,False,ACT,,deep_bench,deep_bench_discounted,,
00-0039648,David Martin-Robinson,TEN,TE,receiving_yards,1.4763025113182533,0.0,3.4568003183574163,veteran_model,True,,False,2026,False,ACT,,deep_bench,deep_bench_discounted,,
00-0039648,David Martin-Robinson,TEN,TE,receptions,0.17261451967155161,0.04882429599051634,0.37441053734093566,veteran_model,True,,False,2026,False,ACT,,deep_bench,deep_bench_discounted,,
00-0039648,David Martin-Robinson,TEN,TE,targets,0.23888408595083477,0.0953002525038248,0.46630923888939146,veteran_model,True,,False,2026,False,ACT,,deep_bench,deep_bench_discounted,,
00-0040584,Gunnar Helm,TEN,TE,receiving_tds,0.17057854295693398,0.017540339019766676,0.3550056298574563,veteran_model,False,,False,2026,False,ACT,1.0,starter,curated,,
00-0040584,Gunnar Helm,TEN,TE,receiving_yards,23.155494612626995,12.648479155124816,36.358813326221416,veteran_model,False,,False,2026,False,ACT,1.0,starter,curated,,
00-0040584,Gunnar Helm,TEN,TE,receptions,2.1708807630552394,1.3456126051816708,3.5161875475177995,veteran_model,False,,False,2026,False,ACT,1.0,starter,curated,,
00-0040584,Gunnar Helm,TEN,TE,targets,3.12149303803314,2.1642674817197403,4.637660724290185,veteran_model,False,,False,2026,False,ACT,1.0,starter,curated,,
KAN023071,Jaren Kanak,TEN,TE,receiving_tds,0.10437227670171284,0.0,0.23591231772105736,rookie_rule,True,drafted,False,2026,False,,,,rookie_path,,above_median
KAN023071,Jaren Kanak,TEN,TE,receiving_yards,15.030779169221507,5.168800207117919,28.007819753047496,rookie_rule,True,drafted,False,2026,False,,,,rookie_path,,above_median
KAN023071,Jaren Kanak,TEN,TE,receptions,1.432813493231179,0.6740904422750867,2.34713419057229,rookie_rule,True,drafted,False,2026,False,,,,rookie_path,,above_median
KAN023071,Jaren Kanak,TEN,TE,targets,2.013596894428029,0.9339807332727105,3.4818337646601294,rookie_rule,True,drafted,False,2026,False,,,,rookie_path,,above_median
00-0030061,Zach Ertz,WAS,TE,receiving_tds,0.030868882692406226,0.007913152101831132,0.05853294572748457,veteran_model,True,,False,2026,False,,,deep_bench,deep_bench_discounted,,
00-0030061,Zach Ertz,WAS,TE,receiving_yards,5.234753183307334,3.6587008646820074,7.2152509903464965,veteran_model,True,,False,2026,False,,,deep_bench,deep_bench_discounted,,
00-0030061,Zach Ertz,WAS,TE,receptions,0.5174247224241157,0.3936344987430805,0.7192207400934997,veteran_model,True,,False,2026,False,,,deep_bench,deep_bench_discounted,,
00-0030061,Zach Ertz,WAS,TE,targets,0.6960968553541551,0.5525130219071451,0.9235220082927119,veteran_model,True,,False,2026,False,,,deep_bench,deep_bench_discounted,,
00-0033455,Anthony Firkser,WAS,TE,receiving_tds,0.010062103773445843,0.0,0.03772616680852419,veteran_model,True,,False,2026,True,ACT,,deep_bench,deep_bench_discounted,,
00-0033455,Anthony Firkser,WAS,TE,receiving_yards,1.6771828588636808,0.1011305402383539,3.6576806659028436,veteran_model,True,,False,2026,True,ACT,,deep_bench,deep_bench_discounted,,
00-0033455,Anthony Firkser,WAS,TE,receptions,0.18888596327824256,0.06509573959720727,0.3906819809476266,veteran_model,True,,False,2026,True,ACT,,deep_bench,deep_bench_discounted,,
00-0033455,Anthony Firkser,WAS,TE,targets,0.25362859290353473,0.11004475945652477,0.4810537458420914,veteran_model,True,,False,2026,True,ACT,,deep_bench,deep_bench_discounted,,
00-0036628,John Bates,WAS,TE,receiving_tds,0.07159804184101116,0.0,0.2560251287415335,veteran_model,False,,False,2026,False,ACT,2.0,backup,curated,,
00-0036628,John Bates,WAS,TE,receiving_yards,16.999577521883765,6.492562064381586,30.202896235478185,veteran_model,False,,False,2026,False,ACT,2.0,backup,curated,,
00-0036628,John Bates,WAS,TE,receptions,1.8383987784274989,1.0131306205539303,3.1837055628900592,veteran_model,False,,False,2026,False,ACT,2.0,backup,curated,,
00-0036628,John Bates,WAS,TE,targets,2.084707762233862,1.1274822059204623,3.600875448490907,veteran_model,False,,False,2026,False,ACT,2.0,backup,curated,,
00-0037809,Chig Okonkwo,WAS,TE,receiving_tds,0.37426447626491505,0.22122627232774775,0.5586915631654373,veteran_model,False,,False,2026,True,ACT,1.0,starter,curated,,
00-0037809,Chig Okonkwo,WAS,TE,receiving_yards,51.49519448204671,40.988179024544536,64.69851319564114,veteran_model,False,,False,2026,True,ACT,1.0,starter,curated,,
00-0037809,Chig Okonkwo,WAS,TE,receptions,4.746091489483463,3.9208233316098946,6.091398273946024,veteran_model,False,,False,2026,True,ACT,1.0,starter,curated,,
00-0037809,Chig Okonkwo,WAS,TE,targets,6.277992253133273,5.320766696819873,7.794159939390317,veteran_model,False,,False,2026,True,ACT,1.0,starter,curated,,
00-0039686,Colson Yankoff,WAS,TE,receiving_tds,0.006886694805929126,0.0,0.03455075784100747,veteran_model,True,,False,2026,False,ACT,,deep_bench,deep_bench_discounted,,
00-0039686,Colson Yankoff,WAS,TE,receiving_yards,1.3886413788847636,0.0,3.3691391859239266,veteran_model,True,,False,2026,False,ACT,,deep_bench,deep_bench_discounted,,
00-0039686,Colson Yankoff,WAS,TE,receptions,0.17543758101154605,0.05164735733051077,0.37723359868093015,veteran_model,True,,False,2026,False,ACT,,deep_bench,deep_bench_discounted,,
00-0039686,Colson Yankoff,WAS,TE,targets,0.2450977358601103,0.10151390241310033,0.472522888798667,veteran_model,True,,False,2026,False,ACT,,deep_bench,deep_bench_discounted,,
00-0039912,Ben Sinnott,WAS,TE,receiving_tds,0.007995521180449883,0.0,0.03565958421552823,veteran_model,True,,False,2026,False,ACT,,deep_bench,deep_bench_discounted,,
00-0039912,Ben Sinnott,WAS,TE,receiving_yards,1.759717687039196,0.18366536841386907,3.740215494078359,veteran_model,True,,False,2026,False,ACT,,deep_bench,deep_bench_discounted,,
00-0039912,Ben Sinnott,WAS,TE,receptions,0.19723680837522126,0.07344658469418598,0.3990328260446053,veteran_model,True,,False,2026,False,ACT,,deep_bench,deep_bench_discounted,,
00-0039912,Ben Sinnott,WAS,TE,targets,0.2961024666357191,0.15251863318870915,0.5235276195742758,veteran_model,True,,False,2026,False,ACT,,deep_bench,deep_bench_discounted,,
00-0041180,Quentin Moore,WAS,TE,receiving_tds,0.05366354875283447,0.0,0.2111111111111111,rookie_rule,True,udfa,False,2026,False,,,,rookie_path,,no_data
00-0041180,Quentin Moore,WAS,TE,receiving_yards,9.24296343537415,0.0,17.75,rookie_rule,True,udfa,False,2026,False,,,,rookie_path,,no_data
00-0041180,Quentin Moore,WAS,TE,receptions,0.8991638321995464,0.0,1.5,rookie_rule,True,udfa,False,2026,False,,,,rookie_path,,no_data
00-0041180,Quentin Moore,WAS,TE,targets,1.538407029478458,1.0,2.380952380952381,rookie_rule,True,udfa,False,2026,False,,,,rookie_path,,no_data
00-0033307,Kendrick Bourne,ARI,WR,receiving_tds,0.18231529277975056,0.010935406116577173,0.3579619075674604,veteran_model,False,,False,2026,True,ACT,3.0,starter,curated,,
00-0033307,Kendrick Bourne,ARI,WR,receiving_yards,20.8807012832042,2.5714686842415873,40.76641995339254,veteran_model,False,,False,2026,True,ACT,3.0,starter,curated,,
00-0033307,Kendrick Bourne,ARI,WR,receptions,1.9757441160375488,0.5568567623242733,3.1555883245676135,veteran_model,False,,False,2026,True,ACT,3.0,starter,curated,,
00-0033307,Kendrick Bourne,ARI,WR,targets,3.0808523314764558,1.319267345563599,4.767687690940276,veteran_model,False,,False,2026,True,ACT,3.0,starter,curated,,
00-0033891,Zay Jones,ARI,WR,receiving_tds,0.01850450165179116,0.0,0.04485149386994763,veteran_model,True,,False,2026,False,,,deep_bench,deep_bench_discounted,,
00-0033891,Zay Jones,ARI,WR,receiving_yards,2.637463617857484,0.0,5.6203214183857355,veteran_model,True,,False,2026,False,,,deep_bench,deep_bench_discounted,,
00-0033891,Zay Jones,ARI,WR,receptions,0.2524523624209577,0.039619259363966396,0.42942899370046744,veteran_model,True,,False,2026,False,,,deep_bench,deep_bench_discounted,,
00-0033891,Zay Jones,ARI,WR,targets,0.44993194789190644,0.18569420000497794,0.7029572518114794,veteran_model,True,,False,2026,False,,,deep_bench,deep_bench_discounted,,
00-0034928,Steven Sims,ARI,WR,receiving_tds,0.001765485844961776,0.0,0.028112478063118243,veteran_model,True,,False,2026,False,,,deep_bench,deep_bench_discounted,,
00-0034928,Steven Sims,ARI,WR,receiving_yards,1.3922858520427073,0.0,4.375143652570958,veteran_model,True,,False,2026,False,,,deep_bench,deep_bench_discounted,,
00-0034928,Steven Sims,ARI,WR,receptions,0.11979432316092051,0.0,0.2967709544404302,veteran_model,True,,False,2026,False,,,deep_bench,deep_bench_discounted,,
00-0034928,Steven Sims,ARI,WR,targets,0.24524235213440157,0.0,0.4982676560539745,veteran_model,True,,False,2026,False,,,deep_bench,deep_bench_discounted,,
00-0035876,Andre Baccellia,ARI,WR,receiving_tds,0.013945443067869491,0.0,0.04029243528602596,veteran_model,True,,False,2026,False,,,deep_bench,deep_bench_discounted,,
00-0035876,Andre Baccellia,ARI,WR,receiving_yards,2.446560235564852,0.0,5.429418036093103,veteran_model,True,,False,2026,False,,,deep_bench,deep_bench_discounted,,
00-0035876,Andre Baccellia,ARI,WR,receptions,0.23719968646068554,0.024366583403694207,0.41417631774019525,veteran_model,True,,False,2026,False,,,deep_bench,deep_bench_discounted,,
00-0035876,Andre Baccellia,ARI,WR,targets,0.37538320818658955,0.11114546029966103,0.6284085121061626,veteran_model,True,,False,2026,False,,,deep_bench,deep_bench_discounted,,
00-0036331,Devin Duvernay,ARI,WR,receiving_tds,0.008752785276341183,0.0,0.03509977749449765,veteran_model,True,,False,2026,True,ACT,,deep_bench,deep_bench_discounted,,
00-0036331,Devin Duvernay,ARI,WR,receiving_yards,1.9685312647091964,0.0,4.951389065237447,veteran_model,True,,False,2026,True,ACT,,deep_bench,deep_bench_discounted,,
00-0036331,Devin Duvernay,ARI,WR,receptions,0.19744829955829615,0.0,0.37442493083780587,veteran_model,True,,False,2026,True,ACT,,deep_bench,deep_bench_discounted,,
00-0036331,Devin Duvernay,ARI,WR,targets,0.3062761484590313,0.04203840057210277,0.5593014523786043,veteran_model,True,,False,2026,True,ACT,,deep_bench,deep_bench_discounted,,
00-0038559,Michael Wilson,ARI,WR,receiving_tds,0.3668903300023148,0.19551044333914142,0.5425369447900246,veteran_model,False,,False,2026,False,ACT,2.0,starter,curated,,
00-0038559,Michael Wilson,ARI,WR,receiving_yards,61.583084802059126,43.27385220309651,81.46880347224746,veteran_model,False,,False,2026,False,ACT,2.0,starter,curated,,
00-0038559,Michael Wilson,ARI,WR,receptions,4.486362849117939,3.067475495404664,5.666207057648004,veteran_model,False,,False,2026,False,ACT,2.0,starter,curated,,
00-0038559,Michael Wilson,ARI,WR,targets,6.921916610838715,5.160331624925858,8.608751970302535,veteran_model,False,,False,2026,False,ACT,2.0,starter,curated,,
00-0038640,Jalen Brooks,ARI,WR,receiving_tds,0.01374426513344451,0.0,0.040091257351600976,veteran_model,True,,False,2026,False,ACT,,deep_bench,deep_bench_discounted,,
00-0038640,Jalen Brooks,ARI,WR,receiving_yards,2.446560235564852,0.0,5.429418036093103,veteran_model,True,,False,2026,False,ACT,,deep_bench,deep_bench_discounted,,
00-0038640,Jalen Brooks,ARI,WR,receptions,0.2359717029217913,0.023138599864799967,0.412948334201301,veteran_model,True,,False,2026,False,ACT,,deep_bench,deep_bench_discounted,,
00-0038640,Jalen Brooks,ARI,WR,targets,0.35125595096070183,0.08701820307377332,0.6042812548802748,veteran_model,True,,False,2026,False,ACT,,deep_bench,deep_bench_discounted,,
00-0039521,Xavier Weaver,ARI,WR,receiving_tds,0.018420829317283283,0.0,0.044767821535439754,veteran_model,True,,False,2026,False,ACT,,deep_bench,deep_bench_discounted,,
00-0039521,Xavier Weaver,ARI,WR,receiving_yards,2.6237611023708562,0.0,5.606618902899107,veteran_model,True,,False,2026,False,ACT,,deep_bench,deep_bench_discounted,,
00-0039521,Xavier Weaver,ARI,WR,receptions,0.2448588691906815,0.03202576613369019,0.4218355004701913,veteran_model,True,,False,2026,False,ACT,,deep_bench,deep_bench_discounted,,
00-0039521,Xavier Weaver,ARI,WR,targets,0.44993194789190644,0.18569420000497794,0.7029572518114794,veteran_model,True,,False,2026,False,ACT,,deep_bench,deep_bench_discounted,,
00-0039849,Marvin Harrison Jr.,ARI,WR,receiving_tds,0.2424849254219024,0.071105038758729,0.4181315402096122,veteran_model,False,,False,2026,False,ACT,1.0,starter,curated,,
00-0039849,Marvin Harrison Jr.,ARI,WR,receiving_yards,35.79525564046809,17.48602304150548,55.68097431065643,veteran_model,False,,False,2026,False,ACT,1.0,starter,curated,,
00-0039849,Marvin Harrison Jr.,ARI,WR,receptions,2.8454745273860356,1.42658717367276,4.0253187359161,veteran_model,False,,False,2026,False,ACT,1.0,starter,curated,,
00-0039849,Marvin Harrison Jr.,ARI,WR,targets,5.368685066253093,3.607100080340236,7.055520425716913,veteran_model,False,,False,2026,False,ACT,1.0,starter,curated,,
00-0041368,Harrison Wallace III,ARI,WR,receiving_tds,0.03855902707621136,0.0,0.15914113006129607,rookie_rule,True,udfa,False,2026,False,,,,rookie_path,,below_median
00-0041368,Harrison Wallace III,ARI,WR,receiving_yards,9.394556551657477,0.0,21.610501905804295,rookie_rule,True,udfa,False,2026,False,,,,rookie_path,,below_median
00-0041368,Harrison Wallace III,ARI,WR,receptions,0.7401111724845846,0.0,1.4707031804949116,rookie_rule,True,udfa,False,2026,False,,,,rookie_path,,below_median
00-0041368,Harrison Wallace III,ARI,WR,targets,1.306082871849715,0.5699473030102232,2.402846016099918,rookie_rule,True,udfa,False,2026,False,,,,rookie_path,,below_median
VIR271235,Reggie Virgil,ARI,WR,receiving_tds,0.07233151067154456,0.0,0.20985826343556532,rookie_rule,True,drafted,False,2026,False,,,,rookie_path,,no_data
VIR271235,Reggie Virgil,ARI,WR,receiving_yards,11.815418323607044,1.930696023607202,23.605119794061686,rookie_rule,True,drafted,False,2026,False,,,,rookie_path,,no_data
VIR271235,Reggie Virgil,ARI,WR,receptions,1.025653783091199,0.314787395153348,1.9758962649625542,rookie_rule,True,drafted,False,2026,False,,,,rookie_path,,no_data
VIR271235,Reggie Virgil,ARI,WR,targets,1.7403376941721254,0.629574790306696,3.251995936084203,rookie_rule,True,drafted,False,2026,False,,,,rookie_path,,no_data
00-0034407,Ray-Ray McCloud,ATL,WR,receiving_tds,0.017563260069138404,0.0,0.04391025228729487,veteran_model,True,,False,2026,False,,,deep_bench,deep_bench_discounted,,
00-0034407,Ray-Ray McCloud,ATL,WR,receiving_yards,3.1528956400889405,0.4065107502445485,6.135753440617191,veteran_model,True,,False,2026,False,,,deep_bench,deep_bench_discounted,,
00-0034407,Ray-Ray McCloud,ATL,WR,receptions,0.25860063895288726,0.045767535895895925,0.43557727023239695,veteran_model,True,,False,2026,False,,,deep_bench,deep_bench_discounted,,
00-0034407,Ray-Ray McCloud,ATL,WR,targets,0.46356060268058596,0.1993228547936575,0.7165859066001589,veteran_model,True,,False,2026,False,,,deep_bench,deep_bench_discounted,,
00-0034854,KhaDarel Hodge,ATL,WR,receiving_tds,0.018202989321175384,0.0,0.04454998153933185,veteran_model,True,,False,2026,False,,,deep_bench,deep_bench_discounted,,
00-0034854,KhaDarel Hodge,ATL,WR,receiving_yards,2.9337039074352096,0.18731901759081762,5.91656170796346,veteran_model,True,,False,2026,False,,,deep_bench,deep_bench_discounted,,
00-0034854,KhaDarel Hodge,ATL,WR,receptions,0.1782571749827353,0.0,0.35523380626224504,veteran_model,True,,False,2026,False,,,deep_bench,deep_bench_discounted,,
00-0034854,KhaDarel Hodge,ATL,WR,targets,0.3113164953700963,0.04707874748316782,0.5643417992896693,veteran_model,True,,False,2026,False,,,deep_bench,deep_bench_discounted,,
00-0035208,Olamide Zaccheaus,ATL,WR,receiving_tds,0.22152812222770182,0.05014823556452844,0.3971747370154116,veteran_model,False,,False,2026,True,ACT,3.0,starter,curated,,
00-0035208,Olamide Zaccheaus,ATL,WR,receiving_yards,35.83345919873063,17.524226599768017,55.71917786891897,veteran_model,False,,False,2026,True,ACT,3.0,starter,curated,,
00-0035208,Olamide Zaccheaus,ATL,WR,receptions,3.041017200540655,1.6221298468273793,4.22086140907072,veteran_model,False,,False,2026,True,ACT,3.0,starter,curated,,
00-0035208,Olamide Zaccheaus,ATL,WR,targets,5.153934394249668,3.3923494083368113,6.840769753713488,veteran_model,False,,False,2026,True,ACT,3.0,starter,curated,,
00-0037238,Drake London,ATL,WR,receiving_tds,0.3465347511667867,0.17515486450361334,0.5221813659544965,veteran_model,False,,False,2026,False,ACT,1.0,starter,curated,,
00-0037238,Drake London,ATL,WR,receiving_yards,51.68586015669041,33.3766275577278,71.57157882687875,veteran_model,False,,False,2026,False,ACT,1.0,starter,curated,,
00-0037238,Drake London,ATL,WR,receptions,4.36072717520619,2.9418398214929145,5.540571383736255,veteran_model,False,,False,2026,False,ACT,1.0,starter,curated,,
00-0037238,Drake London,ATL,WR,targets,6.612908847726987,4.85132386181413,8.299744207190807,veteran_model,False,,False,2026,False,ACT,1.0,starter,curated,,
00-0037487,Deven Thompkins,ATL,WR,receiving_tds,0.011766508261409283,0.0,0.03811350047956575,veteran_model,True,,False,2026,False,,,deep_bench,deep_bench_discounted,,
00-0037487,Deven Thompkins,ATL,WR,receiving_yards,2.1391394426644363,0.0,5.121997243192688,veteran_model,True,,False,2026,False,,,deep_bench,deep_bench_discounted,,
00-0037487,Deven Thompkins,ATL,WR,receptions,0.18943317409419994,0.0,0.36640980537370965,veteran_model,True,,False,2026,False,,,deep_bench,deep_bench_discounted,,
00-0037487,Deven Thompkins,ATL,WR,targets,0.25145668726994724,0.0,0.5044819911895202,veteran_model,True,,False,2026,False,,,deep_bench,deep_bench_discounted,,
00-0037741,Jahan Dotson,ATL,WR,receiving_tds,0.17382675688739146,0.0024468702242180784,0.3494733716751013,veteran_model,False,,False,2026,True,ACT,2.0,starter,curated,,
00-0037741,Jahan Dotson,ATL,WR,receiving_yards,25.922959452547147,7.613726853584534,45.808678122735486,veteran_model,False,,False,2026,True,ACT,2.0,starter,curated,,
00-0037741,Jahan Dotson,ATL,WR,receptions,2.109764476490624,0.6908771227773485,3.289608685020689,veteran_model,False,,False,2026,True,ACT,2.0,starter,curated,,
00-0037741,Jahan Dotson,ATL,WR,targets,3.810122416301466,2.0485374303886092,5.496957775765286,veteran_model,False,,False,2026,True,ACT,2.0,starter,curated,,
00-0038953,Dylan Drummond,ATL,WR,receiving_tds,0.013455226567013553,0.0,0.03980221878517002,veteran_model,True,,False,2026,False,ACT,,deep_bench,deep_bench_discounted,,
00-0038953,Dylan Drummond,ATL,WR,receiving_yards,2.9484689863146145,0.20208409647022288,5.931326786842866,veteran_model,True,,False,2026,False,ACT,,deep_bench,deep_bench_discounted,,
00-0038953,Dylan Drummond,ATL,WR,receptions,0.19203643197846224,0.0,0.369013063257972,veteran_model,True,,False,2026,False,ACT,,deep_bench,deep_bench_discounted,,
00-0038953,Dylan Drummond,ATL,WR,targets,0.3953166818804236,0.13107893399349516,0.6483419857999966,veteran_model,True,,False,2026,False,ACT,,deep_bench,deep_bench_discounted,,
00-0039394,Casey Washington,ATL,WR,receiving_tds,0.017362082134713422,0.0,0.04370907435286989,veteran_model,True,,False,2026,False,ACT,,deep_bench,deep_bench_discounted,,
00-0039394,Casey Washington,ATL,WR,receiving_yards,2.880478146004311,0.13409325615991924,5.863335946532563,veteran_model,True,,False,2026,False,ACT,,deep_bench,deep_bench_discounted,,
00-0039394,Casey Washington,ATL,WR,receptions,0.2112250993653137,0.0,0.38820173064482344,veteran_model,True,,False,2026,False,ACT,,deep_bench,deep_bench_discounted,,
00-0039394,Casey Washington,ATL,WR,targets,0.4068731748105737,0.1426354269236452,0.6598984787301466,veteran_model,True,,False,2026,False,ACT,,deep_bench,deep_bench_discounted,,
00-0041185,Vinny Anthony II,ATL,WR,receiving_tds,0.05429749969388433,0.0,0.2240970822139492,rookie_rule,True,udfa,False,2026,False,,,,rookie_path,,below_median
00-0041185,Vinny Anthony II,ATL,WR,receiving_yards,13.229092385541621,0.0,30.431167733975624,rookie_rule,True,udfa,False,2026,False,,,,rookie_path,,below_median
00-0041185,Vinny Anthony II,ATL,WR,receptions,1.0421991738016285,0.0,2.0709937866140637,rookie_rule,True,udfa,False,2026,False,,,,rookie_path,,below_median
00-0041185,Vinny Anthony II,ATL,WR,targets,1.8391811130058073,0.8025802479290274,3.3836053634280585,rookie_rule,True,udfa,False,2026,False,,,,rookie_path,,below_median
00-0041187,Le'Meke Brockington,ATL,WR,receiving_tds,0.05776329754668546,0.0,0.23840115129143533,rookie_rule,True,udfa,False,2026,False,,,,rookie_path,,no_data
00-0041187,Le'Meke Brockington,ATL,WR,receiving_yards,14.073502537810237,0.0,32.37358269571875,rookie_rule,True,udfa,False,2026,False,,,,rookie_path,,no_data
00-0041187,Le'Meke Brockington,ATL,WR,receptions,1.1087225253208814,0.0,2.2031848793766633,rookie_rule,True,udfa,False,2026,False,,,,rookie_path,,no_data
00-0041187,Le'Meke Brockington,ATL,WR,targets,1.9565756521338378,0.8538087743925824,3.599580173859637,rookie_rule,True,udfa,False,2026,False,,,,rookie_path,,no_data
00-0041266,Keelan Marion,ATL,WR,receiving_tds,0.05776329754668546,0.0,0.23840115129143533,rookie_rule,True,udfa,False,2026,False,,,,rookie_path,,no_data
00-0041266,Keelan Marion,ATL,WR,receiving_yards,14.073502537810237,0.0,32.37358269571875,rookie_rule,True,udfa,False,2026,False,,,,rookie_path,,no_data
00-0041266,Keelan Marion,ATL,WR,receptions,1.1087225253208814,0.0,2.2031848793766633,rookie_rule,True,udfa,False,2026,False,,,,rookie_path,,no_data
00-0041266,Keelan Marion,ATL,WR,targets,1.9565756521338378,0.8538087743925824,3.599580173859637,rookie_rule,True,udfa,False,2026,False,,,,rookie_path,,no_data
BRA531428,Zachariah Branch,ATL,WR,receiving_tds,0.17580210064652765,0.0,0.4524821601641616,rookie_rule,True,drafted,False,2026,False,,,,rookie_path,,above_median
BRA531428,Zachariah Branch,ATL,WR,receiving_yards,27.519176209945055,7.9825394422294185,51.056578679056784,rookie_rule,True,drafted,False,2026,False,,,,rookie_path,,above_median
BRA531428,Zachariah Branch,ATL,WR,receptions,2.107040289709181,0.834085995938972,3.6828277152694726,rookie_rule,True,drafted,False,2026,False,,,,rookie_path,,above_median
BRA531428,Zachariah Branch,ATL,WR,targets,3.451213461853744,1.402694696508901,5.68091352086105,rookie_rule,True,drafted,False,2026,False,,,,rookie_path,,above_median
00-0030564,DeAndre Hopkins,BAL,WR,receiving_tds,0.02798040189397081,0.0022734188944948026,0.054327394112127274,veteran_model,True,,False,2026,False,,,deep_bench,deep_bench_discounted,,
00-0030564,DeAndre Hopkins,BAL,WR,receiving_yards,3.649328500017298,0.9029436101729063,6.632186300545549,veteran_model,True,,False,2026,False,,,deep_bench,deep_bench_discounted,,
00-0030564,DeAndre Hopkins,BAL,WR,receptions,0.27956135831919154,0.0667282552622002,0.4565379895987013,veteran_model,True,,False,2026,False,,,deep_bench,deep_bench_discounted,,
00-0030564,DeAndre Hopkins,BAL,WR,targets,0.4520861182429488,0.18784837035602034,0.7051114221625218,veteran_model,True,,False,2026,False,,,deep_bench,deep_bench_discounted,,
00-0036550,Rashod Bateman,BAL,WR,receiving_tds,0.23620082275686427,0.06482093609369088,0.4118474375445741,veteran_model,False,,False,2026,False,ACT,2.0,starter,curated,,
00-0036550,Rashod Bateman,BAL,WR,receiving_yards,30.8614936432699,12.552261044307286,50.747212313458235,veteran_model,False,,False,2026,False,ACT,2.0,starter,curated,,
00-0036550,Rashod Bateman,BAL,WR,receptions,2.5637663300547624,1.1448789763414868,3.7436105385848273,veteran_model,False,,False,2026,False,ACT,2.0,starter,curated,,
00-0036550,Rashod Bateman,BAL,WR,targets,4.219581442496553,2.4579964565836963,5.906416801960373,veteran_model,False,,False,2026,False,ACT,2.0,starter,curated,,
00-0039064,Zay Flowers,BAL,WR,receiving_tds,0.3667587727227433,0.19537888605956993,0.5424053875104531,veteran_model,False,,False,2026,False,ACT,1.0,starter,curated,,
00-0039064,Zay Flowers,BAL,WR,receiving_yards,71.08068194568682,52.77144934672421,90.96640061587516,veteran_model,False,,False,2026,False,ACT,1.0,starter,curated,,
00-0039064,Zay Flowers,BAL,WR,receptions,5.640874992078298,4.2219876383650226,6.820719200608362,veteran_model,False,,False,2026,False,ACT,1.0,starter,curated,,
00-0039064,Zay Flowers,BAL,WR,targets,8.347546852469195,6.585961866556339,10.034382211933014,veteran_model,False,,False,2026,False,ACT,1.0,starter,curated,,
00-0039792,Devontez Walker,BAL,WR,receiving_tds,0.11330198112936145,0.0,0.2889485959170712,veteran_model,False,,False,2026,False,ACT,3.0,starter,curated,,
00-0039792,Devontez Walker,BAL,WR,receiving_yards,17.82272201867952,0.0,37.70844068886786,veteran_model,False,,False,2026,False,ACT,3.0,starter,curated,,
00-0039792,Devontez Walker,BAL,WR,receptions,1.4922460764191807,0.07335872270590515,2.6720902849492454,veteran_model,False,,False,2026,False,ACT,3.0,starter,curated,,
00-0039792,Devontez Walker,BAL,WR,targets,2.6670275867562467,0.90544260084339,4.353862946220067,veteran_model,False,,False,2026,False,ACT,3.0,starter,curated,,
00-0040977,Cortez Braham,BAL,WR,receiving_tds,0.05564073735121195,0.0,0.22964090359475073,rookie_rule,True,udfa,False,2026,False,,,,rookie_path,,no_data
00-0040977,Cortez Braham,BAL,WR,receiving_yards,13.556360034415095,0.0,31.183988594736793,rookie_rule,True,udfa,False,2026,False,,,,rookie_path,,no_data
00-0040977,Cortez Braham,BAL,WR,receptions,1.067981598122794,0.0,2.122227026780827,rookie_rule,True,udfa,False,2026,False,,,,rookie_path,,no_data
00-0040977,Cortez Braham,BAL,WR,targets,1.8846796597816802,0.8224348640370143,3.4673106199742305,rookie_rule,True,udfa,False,2026,False,,,,rookie_path,,no_data
00-0040986,Ty Pezza,BAL,WR,receiving_tds,0.05564073735121195,0.0,0.22964090359475073,rookie_rule,True,udfa,False,2026,False,,,,rookie_path,,no_data
00-0040986,Ty Pezza,BAL,WR,receiving_yards,13.556360034415095,0.0,31.183988594736793,rookie_rule,True,udfa,False,2026,False,,,,rookie_path,,no_data
00-0040986,Ty Pezza,BAL,WR,receptions,1.067981598122794,0.0,2.122227026780827,rookie_rule,True,udfa,False,2026,False,,,,rookie_path,,no_data
00-0040986,Ty Pezza,BAL,WR,targets,1.8846796597816802,0.8224348640370143,3.4673106199742305,rookie_rule,True,udfa,False,2026,False,,,,rookie_path,,no_data
00-0040989,Octavian Smith,BAL,WR,receiving_tds,0.05564073735121195,0.0,0.22964090359475073,rookie_rule,True,udfa,False,2026,False,,,,rookie_path,,no_data
00-0040989,Octavian Smith,BAL,WR,receiving_yards,13.556360034415095,0.0,31.183988594736793,rookie_rule,True,udfa,False,2026,False,,,,rookie_path,,no_data
00-0040989,Octavian Smith,BAL,WR,receptions,1.067981598122794,0.0,2.122227026780827,rookie_rule,True,udfa,False,2026,False,,,,rookie_path,,no_data
00-0040989,Octavian Smith,BAL,WR,targets,1.8846796597816802,0.8224348640370143,3.4673106199742305,rookie_rule,True,udfa,False,2026,False,,,,rookie_path,,no_data
LAN311008,Ja'Kobi Lane,BAL,WR,receiving_tds,0.16934210689683976,0.0,0.43585532854067105,rookie_rule,True,drafted,False,2026,False,,,,rookie_path,,above_median
LAN311008,Ja'Kobi Lane,BAL,WR,receiving_yards,26.50796129465664,7.689214421005007,49.18046242143419,rookie_rule,True,drafted,False,2026,False,,,,rookie_path,,above_median
LAN311008,Ja'Kobi Lane,BAL,WR,receptions,2.029615349666915,0.8034368154078385,3.5474991615472797,rookie_rule,True,drafted,False,2026,False,,,,rookie_path,,above_median
LAN311008,Ja'Kobi Lane,BAL,WR,targets,3.3243957656463454,1.3511515184760805,5.4721636498281265,rookie_rule,True,drafted,False,2026,False,,,,rookie_path,,above_median
SAR527100,Elijah Sarratt,BAL,WR,receiving_tds,0.0981120157613167,0.0,0.2846562591970412,rookie_rule,True,drafted,False,2026,False,,,,rookie_path,,no_data
SAR527100,Elijah Sarratt,BAL,WR,receiving_yards,16.026687373589322,2.61883758461278,32.01849185480719,rookie_rule,True,drafted,False,2026,False,,,,rookie_path,,no_data
SAR527100,Elijah Sarratt,BAL,WR,receptions,1.3912188366872527,0.42698438879556183,2.680148163516758,rookie_rule,True,drafted,False,2026,False,,,,rookie_path,,no_data
SAR527100,Elijah Sarratt,BAL,WR,targets,2.360631455023681,0.8539687775911238,4.411077185787997,rookie_rule,True,drafted,False,2026,False,,,,rookie_path,,no_data
00-0033282,Curtis Samuel,BUF,WR,receiving_tds,0.017655524663504684,0.0,0.04400251688166115,veteran_model,True,,False,2026,False,,,deep_bench,deep_bench_discounted,,
00-0033282,Curtis Samuel,BUF,WR,receiving_yards,2.58409534274756,0.0,5.5669531432758115,veteran_model,True,,False,2026,False,,,deep_bench,deep_bench_discounted,,
00-0033282,Curtis Samuel,BUF,WR,receptions,0.22583097425815513,0.01299787120116379,0.40280760553766487,veteran_model,True,,False,2026,False,,,deep_bench,deep_bench_discounted,,
00-0033282,Curtis Samuel,BUF,WR,targets,0.42604378869294807,0.16180604080601957,0.679069092612521,veteran_model,True,,False,2026,False,,,deep_bench,deep_bench_discounted,,
00-0034487,Trent Sherfield,BUF,WR,receiving_tds,0.014106461290258807,0.0,0.040453453508415275,veteran_model,True,,False,2026,True,ACT,,deep_bench,deep_bench_discounted,,
00-0034487,Trent Sherfield,BUF,WR,receiving_yards,2.0708135840134902,0.0,5.053671384541741,veteran_model,True,,False,2026,True,ACT,,deep_bench,deep_bench_discounted,,
00-0034487,Trent Sherfield,BUF,WR,receptions,0.18751613527545372,0.0,0.3644927665549634,veteran_model,True,,False,2026,True,ACT,,deep_bench,deep_bench_discounted,,
00-0034487,Trent Sherfield,BUF,WR,targets,0.2786558899462326,0.014418142059304084,0.5316811938658056,veteran_model,True,,False,2026,True,ACT,,deep_bench,deep_bench_discounted,,
00-0034827,DJ Moore,BUF,WR,receiving_tds,0.17178700403601282,0.0004071173728394384,0.3474336188237226,veteran_model,False,,False,2026,True,ACT,1.0,starter,curated,,
00-0034827,DJ Moore,BUF,WR,receiving_yards,23.076443190056693,4.767210591094081,42.96216186024503,veteran_model,False,,False,2026,True,ACT,1.0,starter,curated,,
00-0034827,DJ Moore,BUF,WR,receptions,1.7426158940836767,0.3237285403704011,2.9224601026137416,veteran_model,False,,False,2026,True,ACT,1.0,starter,curated,,
00-0034827,DJ Moore,BUF,WR,targets,2.7637792442344877,1.002194258321631,4.450614603698307,veteran_model,False,,False,2026,True,ACT,1.0,starter,curated,,
00-0035140,Mecole Hardman,BUF,WR,receiving_tds,0.0018508357221551554,0.0,0.028197827940311622,veteran_model,True,,False,2026,False,ACT,,deep_bench,deep_bench_discounted,,
00-0035140,Mecole Hardman,BUF,WR,receiving_yards,2.0708135840134902,0.0,5.053671384541741,veteran_model,True,,False,2026,False,ACT,,deep_bench,deep_bench_discounted,,
00-0035140,Mecole Hardman,BUF,WR,receptions,0.17929340321017004,0.0,0.35627003448967975,veteran_model,True,,False,2026,False,ACT,,deep_bench,deep_bench_discounted,,
00-0035140,Mecole Hardman,BUF,WR,targets,0.2710156191577426,0.006777871270814062,0.5240409230773155,veteran_model,True,,False,2026,False,ACT,,deep_bench,deep_bench_discounted,,
00-0036196,Gabe Davis,BUF,WR,receiving_tds,0.018235460663759983,0.0,0.04458245288191645,veteran_model,True,,False,2026,False,,,deep_bench,deep_bench_discounted,,
00-0036196,Gabe Davis,BUF,WR,receiving_yards,3.874163432081998,1.127778542237606,6.857021232610249,veteran_model,True,,False,2026,False,,,deep_bench,deep_bench_discounted,,
00-0036196,Gabe Davis,BUF,WR,receptions,0.3537915829771767,0.1409584799201854,0.5307682142566864,veteran_model,True,,False,2026,False,,,deep_bench,deep_bench_discounted,,
00-0036196,Gabe Davis,BUF,WR,targets,0.5835549165953684,0.3193171687084399,0.8365802205149414,veteran_model,True,,False,2026,False,,,deep_bench,deep_bench_discounted,,
00-0036988,Josh Palmer,BUF,WR,receiving_tds,0.027783167643677546,0.00207618464420154,0.05413015986183402,veteran_model,True,,False,2026,False,ACT,,deep_bench,deep_bench_discounted,,
00-0036988,Josh Palmer,BUF,WR,receiving_yards,3.553472552771242,0.8070876629268502,6.536330353299493,veteran_model,True,,False,2026,False,ACT,,deep_bench,deep_bench_discounted,,
00-0036988,Josh Palmer,BUF,WR,receptions,0.26695910909058235,0.05412600603359103,0.44393574037009215,veteran_model,True,,False,2026,False,ACT,,deep_bench,deep_bench_discounted,,
00-0036988,Josh Palmer,BUF,WR,targets,0.43871959978138547,0.17448185189445695,0.6917449037009585,veteran_model,True,,False,2026,False,ACT,,deep_bench,deep_bench_discounted,,
00-0037261,Khalil Shakir,BUF,WR,receiving_tds,0.266583123192036,0.09520323652886259,0.44222973797974574,veteran_model,False,,False,2026,False,ACT,3.0,starter,curated,,
00-0037261,Khalil Shakir,BUF,WR,receiving_yards,52.27827644039531,33.96904384143269,72.16399511058364,veteran_model,False,,False,2026,False,ACT,3.0,starter,curated,,
00-0037261,Khalil Shakir,BUF,WR,receptions,3.916794372532678,2.4979070188194026,5.096638581062743,veteran_model,False,,False,2026,False,ACT,3.0,starter,curated,,
00-0037261,Khalil Shakir,BUF,WR,targets,6.210615545671763,4.449030559758906,7.897450905135583,veteran_model,False,,False,2026,False,ACT,3.0,starter,curated,,
00-0038679,Tyrell Shavers,BUF,WR,receiving_tds,0.023934006159956632,0.0,0.050280998378113104,veteran_model,True,,False,2026,False,ACT,,deep_bench,deep_bench_discounted,,
00-0038679,Tyrell Shavers,BUF,WR,receiving_yards,2.968269052108582,0.2218841622641902,5.951126852636833,veteran_model,True,,False,2026,False,ACT,,deep_bench,deep_bench_discounted,,
00-0038679,Tyrell Shavers,BUF,WR,receptions,0.25251881761401884,0.039685714557027504,0.4294954488935286,veteran_model,True,,False,2026,False,ACT,,deep_bench,deep_bench_discounted,,
00-0038679,Tyrell Shavers,BUF,WR,targets,0.4303203746224329,0.1660826267355044,0.6833456785420059,veteran_model,True,,False,2026,False,ACT,,deep_bench,deep_bench_discounted,,
00-0039901,Keon Coleman,BUF,WR,receiving_tds,0.21911964361075237,0.04773975694757898,0.39476625839846213,veteran_model,False,,False,2026,False,ACT,2.0,starter,curated,,
00-0039901,Keon Coleman,BUF,WR,receiving_yards,35.84628689641651,17.537054297453896,55.73200556660485,veteran_model,False,,False,2026,False,ACT,2.0,starter,curated,,
00-0039901,Keon Coleman,BUF,WR,receptions,2.765454078620927,1.3465667249076516,3.945298287150992,veteran_model,False,,False,2026,False,ACT,2.0,starter,curated,,
00-0039901,Keon Coleman,BUF,WR,targets,4.510869830485744,2.749284844572887,6.197705189949564,veteran_model,False,,False,2026,False,ACT,2.0,starter,curated,,
00-0041222,Gabriel Benyard,BUF,WR,receiving_tds,0.020296101168945993,0.0,0.08376623376623375,rookie_rule,True,udfa,False,2026,False,,,,rookie_path,,no_data
00-0041222,Gabriel Benyard,BUF,WR,receiving_yards,4.944960614098545,0.0,11.375,rookie_rule,True,udfa,False,2026,False,,,,rookie_path,,no_data
00-0041222,Gabriel Benyard,BUF,WR,receptions,0.3895682119604534,0.0,0.7741258741258741,rookie_rule,True,udfa,False,2026,False,,,,rookie_path,,no_data
00-0041222,Gabriel Benyard,BUF,WR,targets,0.6874755955251645,0.30000000000000004,1.2647727272727274,rookie_rule,True,udfa,False,2026,False,,,,rookie_path,,no_data
00-0041272,Ja'Mori Maclin,BUF,WR,receiving_tds,0.020296101168945993,0.0,0.08376623376623375,rookie_rule,True,udfa,False,2026,False,,,,rookie_path,,no_data
00-0041272,Ja'Mori Maclin,BUF,WR,receiving_yards,4.944960614098545,0.0,11.375,rookie_rule,True,udfa,False,2026,False,,,,rookie_path,,no_data
00-0041272,Ja'Mori Maclin,BUF,WR,receptions,0.3895682119604534,0.0,0.7741258741258741,rookie_rule,True,udfa,False,2026,False,,,,rookie_path,,no_data
00-0041272,Ja'Mori Maclin,BUF,WR,targets,0.6874755955251645,0.30000000000000004,1.2647727272727274,rookie_rule,True,udfa,False,2026,False,,,,rookie_path,,no_data
BEL597603,Skyler Bell,BUF,WR,receiving_tds,0.037224186575456626,0.0,0.10799999999999998,rookie_rule,True,drafted,False,2026,False,,,,rookie_path,,above_median
BEL597603,Skyler Bell,BUF,WR,receiving_yards,6.080604871398655,0.9936000000000005,12.147975,rookie_rule,True,drafted,False,2026,False,,,,rookie_path,,above_median
BEL597603,Skyler Bell,BUF,WR,receptions,0.527835343533472,0.162,1.0168615384615387,rookie_rule,True,drafted,False,2026,False,,,,rookie_path,,above_median
BEL597603,Skyler Bell,BUF,WR,targets,0.8956353106786262,0.32400000000000007,1.6735846153846157,rookie_rule,True,drafted,False,2026,False,,,,rookie_path,,above_median
00-0033589,David Moore,CAR,WR,receiving_tds,0.021482311016574777,0.0,0.047829303234731245,veteran_model,True,,False,2026,False,ACT,,deep_bench,deep_bench_discounted,,
00-0033589,David Moore,CAR,WR,receiving_yards,2.4054345002033695,0.0,5.38829230073162,veteran_model,True,,False,2026,False,ACT,,deep_bench,deep_bench_discounted,,
00-0033589,David Moore,CAR,WR,receptions,0.23149514234589272,0.018662039288901387,0.40847177362540243,veteran_model,True,,False,2026,False,ACT,,deep_bench,deep_bench_discounted,,
00-0033589,David Moore,CAR,WR,targets,0.3302715951891939,0.06603384730226543,0.5832968991087669,veteran_model,True,,False,2026,False,ACT,,deep_bench,deep_bench_discounted,,
00-0034983,Hunter Renfrow,CAR,WR,receiving_tds,0.0217060710428878,0.0,0.048053063261044276,veteran_model,True,,False,2026,False,,,deep_bench,deep_bench_discounted,,
00-0034983,Hunter Renfrow,CAR,WR,receiving_yards,2.8731020588428478,0.12671716899845578,5.855959859371098,veteran_model,True,,False,2026,False,,,deep_bench,deep_bench_discounted,,
00-0034983,Hunter Renfrow,CAR,WR,receptions,0.2904210211448094,0.07758791808781806,0.46739765242431913,veteran_model,True,,False,2026,False,,,deep_bench,deep_bench_discounted,,
00-0034983,Hunter Renfrow,CAR,WR,targets,0.47410347290500915,0.20986572501808068,0.7271287768245821,veteran_model,True,,False,2026,False,,,deep_bench,deep_bench_discounted,,
00-0037614,John Metchie III,CAR,WR,receiving_tds,0.018953330459953087,0.0,0.04530032267810955,veteran_model,True,,False,2026,True,ACT,,deep_bench,deep_bench_discounted,,
00-0037614,John Metchie III,CAR,WR,receiving_yards,2.8838199351825917,0.1374350453382,5.866677735710842,veteran_model,True,,False,2026,True,ACT,,deep_bench,deep_bench_discounted,,
00-0037614,John Metchie III,CAR,WR,receptions,0.2643085969685474,0.05147549391155608,0.44128522824805716,veteran_model,True,,False,2026,True,ACT,,deep_bench,deep_bench_discounted,,
00-0037614,John Metchie III,CAR,WR,targets,0.399253004227387,0.13501525634045855,0.65227830814696,veteran_model,True,,False,2026,True,ACT,,deep_bench,deep_bench_discounted,,
00-0038840,Brycen Tremayne,CAR,WR,receiving_tds,0.016702359985670396,0.0,0.043049352203826864,veteran_model,True,,False,2026,False,ACT,,deep_bench,deep_bench_discounted,,
00-0038840,Brycen Tremayne,CAR,WR,receiving_yards,2.366069873149365,0.0,5.348927673677616,veteran_model,True,,False,2026,False,ACT,,deep_bench,deep_bench_discounted,,
00-0038840,Brycen Tremayne,CAR,WR,receptions,0.25824904795097975,0.045415944893988446,0.4352256792304895,veteran_model,True,,False,2026,False,ACT,,deep_bench,deep_bench_discounted,,
00-0038840,Brycen Tremayne,CAR,WR,targets,0.3842721432846314,0.1200343953977029,0.6372974472042044,veteran_model,True,,False,2026,False,ACT,,deep_bench,deep_bench_discounted,,
00-0039342,Xavier Legette,CAR,WR,receiving_tds,0.21414124913169158,0.042761362468518194,0.38978786391940135,veteran_model,False,,False,2026,False,ACT,2.0,starter,curated,,
00-0039342,Xavier Legette,CAR,WR,receiving_yards,33.74007440976098,15.430841810798366,53.62579307994932,veteran_model,False,,False,2026,False,ACT,2.0,starter,curated,,
00-0039342,Xavier Legette,CAR,WR,receptions,2.6478721826913008,1.2289848289780252,3.8277163912213656,veteran_model,False,,False,2026,False,ACT,2.0,starter,curated,,
00-0039342,Xavier Legette,CAR,WR,targets,4.171170581470298,2.409585595557441,5.858005940934118,veteran_model,False,,False,2026,False,ACT,2.0,starter,curated,,
00-0039491,Jalen Coker,CAR,WR,receiving_tds,0.1705930904465948,0.0,0.3462397052343046,veteran_model,False,,False,2026,False,ACT,3.0,starter,curated,,
00-0039491,Jalen Coker,CAR,WR,receiving_yards,27.479339399408573,9.17010680044596,47.36505806959691,veteran_model,False,,False,2026,False,ACT,3.0,starter,curated,,
00-0039491,Jalen Coker,CAR,WR,receptions,2.311157616888339,0.8922702631750636,3.491001825418404,veteran_model,False,,False,2026,False,ACT,3.0,starter,curated,,
00-0039491,Jalen Coker,CAR,WR,targets,3.7983200196683673,2.0367350337555106,5.485155379132188,veteran_model,False,,False,2026,False,ACT,3.0,starter,curated,,
00-0040124,Tetairoa McMillan,CAR,WR,receiving_tds,0.2890146562977467,0.11763476963457331,0.4646612710854565,veteran_model,False,,False,2026,False,ACT,1.0,starter,curated,,
00-0040124,Tetairoa McMillan,CAR,WR,receiving_yards,56.509451587032686,38.20021898807008,76.39517025722103,veteran_model,False,,False,2026,False,ACT,1.0,starter,curated,,
00-0040124,Tetairoa McMillan,CAR,WR,receptions,4.525053857172287,3.1061665034590114,5.704898065702352,veteran_model,False,,False,2026,False,ACT,1.0,starter,curated,,
00-0040124,Tetairoa McMillan,CAR,WR,targets,7.096708223873113,5.335123237960257,8.783543583336932,veteran_model,False,,False,2026,False,ACT,1.0,starter,curated,,
00-0040218,Jimmy Horn Jr.,CAR,WR,receiving_tds,0.016495444792417314,0.0,0.04284243701057378,veteran_model,True,,False,2026,False,ACT,,deep_bench,deep_bench_discounted,,
00-0040218,Jimmy Horn Jr.,CAR,WR,receiving_yards,2.0524939808663683,0.0,5.03535178139462,veteran_model,True,,False,2026,False,ACT,,deep_bench,deep_bench_discounted,,
00-0040218,Jimmy Horn Jr.,CAR,WR,receptions,0.20074175768998453,0.0,0.3777183889694943,veteran_model,True,,False,2026,False,ACT,,deep_bench,deep_bench_discounted,,
00-0040218,Jimmy Horn Jr.,CAR,WR,targets,0.3000776684272677,0.035839920540339194,0.5531029723468407,veteran_model,True,,False,2026,False,ACT,,deep_bench,deep_bench_discounted,,
00-0041152,Kobe Prentice,CAR,WR,receiving_tds,0.03127846609893134,0.0,0.12909273959971912,rookie_rule,True,udfa,False,2026,False,,,,rookie_path,,no_data
00-0041152,Kobe Prentice,CAR,WR,receiving_yards,7.620714029810107,0.0,17.53009353440372,rookie_rule,True,udfa,False,2026,False,,,,rookie_path,,no_data
00-0041152,Kobe Prentice,CAR,WR,receptions,0.6003663466986515,0.0,1.1930108994135045,rookie_rule,True,udfa,False,2026,False,,,,rookie_path,,no_data
00-0041152,Kobe Prentice,CAR,WR,targets,1.059473537773717,0.46233213717108707,1.9491502601190147,rookie_rule,True,udfa,False,2026,False,,,,rookie_path,,no_data
00-0041542,Malick Meiga,CAR,WR,receiving_tds,0.03127846609893134,0.0,0.12909273959971912,rookie_rule,True,udfa,False,2026,False,,,,rookie_path,,no_data
00-0041542,Malick Meiga,CAR,WR,receiving_yards,7.620714029810107,0.0,17.53009353440372,rookie_rule,True,udfa,False,2026,False,,,,rookie_path,,no_data
00-0041542,Malick Meiga,CAR,WR,receptions,0.6003663466986515,0.0,1.1930108994135045,rookie_rule,True,udfa,False,2026,False,,,,rookie_path,,no_data
00-0041542,Malick Meiga,CAR,WR,targets,1.059473537773717,0.46233213717108707,1.9491502601190147,rookie_rule,True,udfa,False,2026,False,,,,rookie_path,,no_data
BRA836631,Chris Brazzell II,CAR,WR,receiving_tds,0.08814420675569332,0.0,0.2268669198610077,rookie_rule,True,drafted,False,2026,False,,,,rookie_path,,no_data
BRA836631,Chris Brazzell II,CAR,WR,receiving_yards,13.797650589356959,4.0023105778812775,25.598907014049907,rookie_rule,True,drafted,False,2026,False,,,,rookie_path,,no_data
BRA836631,Chris Brazzell II,CAR,WR,receptions,1.056434446776733,0.41819664388364775,1.846507671902052,rookie_rule,True,drafted,False,2026,False,,,,rookie_path,,no_data
BRA836631,Chris Brazzell II,CAR,WR,targets,1.730380193529712,0.7032874515691239,2.848314178854952,rookie_rule,True,drafted,False,2026,False,,,,rookie_path,,no_data
00-0032464,Kalif Raymond,CHI,WR,receiving_tds,0.15586961163552296,0.0,0.33151622642323275,veteran_model,False,,False,2026,True,ACT,3.0,starter,curated,,
00-0032464,Kalif Raymond,CHI,WR,receiving_yards,20.084153911238467,1.774921312275854,39.969872581426806,veteran_model,False,,False,2026,True,ACT,3.0,starter,curated,,
00-0032464,Kalif Raymond,CHI,WR,receptions,1.6960102242918746,0.2771228705785991,2.8758544328219395,veteran_model,False,,False,2026,True,ACT,3.0,starter,curated,,
00-0032464,Kalif Raymond,CHI,WR,targets,2.716106443194923,0.9545214572820662,4.402941802658743,veteran_model,False,,False,2026,True,ACT,3.0,starter,curated,,
00-0035298,Scott Miller,CHI,WR,receiving_tds,0.010990528131962858,0.0,0.03733752035011933,veteran_model,True,,False,2026,True,ACT,,deep_bench,deep_bench_discounted,,
00-0035298,Scott Miller,CHI,WR,receiving_yards,2.648692839486723,0.0,5.631550640014974,veteran_model,True,,False,2026,True,ACT,,deep_bench,deep_bench_discounted,,
00-0035298,Scott Miller,CHI,WR,receptions,0.1990321907519966,0.0,0.3760088220315063,veteran_model,True,,False,2026,True,ACT,,deep_bench,deep_bench_discounted,,
00-0035298,Scott Miller,CHI,WR,targets,0.3681219327566016,0.10388418486967307,0.6211472366761744,veteran_model,True,,False,2026,True,ACT,,deep_bench,deep_bench_discounted,,
00-0039919,Rome Odunze,CHI,WR,receiving_tds,0.33742232465974487,0.16604243799657148,0.5130689394474547,veteran_model,False,,False,2026,False,ACT,1.0,starter,curated,,
00-0039919,Rome Odunze,CHI,WR,receiving_yards,58.68204938882512,40.37281678986251,78.56776805901346,veteran_model,False,,False,2026,False,ACT,1.0,starter,curated,,
00-0039919,Rome Odunze,CHI,WR,receptions,4.368507435379625,2.9496200816663496,5.54835164390969,veteran_model,False,,False,2026,False,ACT,1.0,starter,curated,,
00-0039919,Rome Odunze,CHI,WR,targets,6.721809110143919,4.960224124231063,8.40864446960774,veteran_model,False,,False,2026,False,ACT,1.0,starter,curated,,
00-0040277,Jahdae Walker,CHI,WR,receiving_tds,0.011361002175439746,0.0,0.03770799439359621,veteran_model,True,,False,2026,False,ACT,,deep_bench,deep_bench_discounted,,
00-0040277,Jahdae Walker,CHI,WR,receiving_yards,3.0995781677369316,0.35319327789254,6.082435968265183,veteran_model,True,,False,2026,False,ACT,,deep_bench,deep_bench_discounted,,
00-0040277,Jahdae Walker,CHI,WR,receptions,0.18489386835965135,0.0,0.36187049963916107,veteran_model,True,,False,2026,False,ACT,,deep_bench,deep_bench_discounted,,
00-0040277,Jahdae Walker,CHI,WR,targets,0.33763831553339085,0.07340056764646234,0.5906636194529639,veteran_model,True,,False,2026,False,ACT,,deep_bench,deep_bench_discounted,,
00-0040735,Luther Burden III,CHI,WR,receiving_tds,0.1809636326012148,0.009583745938041427,0.3566102473889246,veteran_model,False,,False,2026,False,ACT,2.0,starter,curated,,
00-0040735,Luther Burden III,CHI,WR,receiving_yards,22.085160268129748,3.7759276691671353,41.97087893831809,veteran_model,False,,False,2026,False,ACT,2.0,starter,curated,,
00-0040735,Luther Burden III,CHI,WR,receptions,2.0363804613466625,0.6174931076333869,3.2162246698767274,veteran_model,False,,False,2026,False,ACT,2.0,starter,curated,,
00-0040735,Luther Burden III,CHI,WR,targets,3.1901320981934567,1.4285471122806,4.876967457657276,veteran_model,False,,False,2026,False,ACT,2.0,starter,curated,,
00-0041168,Omari Kelly,CHI,WR,receiving_tds,0.05995551224639029,0.0,0.24744887762432416,rookie_rule,True,udfa,False,2026,False,,,,rookie_path,,no_data
00-0041168,Omari Kelly,CHI,WR,receiving_yards,14.60761572819355,0.0,33.602214835535655,rookie_rule,True,udfa,False,2026,False,,,,rookie_path,,no_data
00-0041168,Omari Kelly,CHI,WR,receptions,1.150800417704672,0.0,2.2867994665603915,rookie_rule,True,udfa,False,2026,False,,,,rookie_path,,no_data
00-0041168,Omari Kelly,CHI,WR,targets,2.0308310026395064,0.8862122593987424,3.7361903208742433,rookie_rule,True,udfa,False,2026,False,,,,rookie_path,,no_data
00-0041265,Squirrel White,CHI,WR,receiving_tds,0.05995551224639029,0.0,0.24744887762432416,rookie_rule,True,udfa,False,2026,False,,,,rookie_path,,no_data
00-0041265,Squirrel White,CHI,WR,receiving_yards,14.60761572819355,0.0,33.602214835535655,rookie_rule,True,udfa,False,2026,False,,,,rookie_path,,no_data
00-0041265,Squirrel White,CHI,WR,receptions,1.150800417704672,0.0,2.2867994665603915,rookie_rule,True,udfa,False,2026,False,,,,rookie_path,,no_data
00-0041265,Squirrel White,CHI,WR,targets,2.0308310026395064,0.8862122593987424,3.7361903208742433,rookie_rule,True,udfa,False,2026,False,,,,rookie_path,,no_data
00-0041407,Kyron Hudson,CHI,WR,receiving_tds,0.05995551224639029,0.0,0.24744887762432416,rookie_rule,True,udfa,False,2026,False,,,,rookie_path,,no_data
00-0041407,Kyron Hudson,CHI,WR,receiving_yards,14.60761572819355,0.0,33.602214835535655,rookie_rule,True,udfa,False,2026,False,,,,rookie_path,,no_data
00-0041407,Kyron Hudson,CHI,WR,receptions,1.150800417704672,0.0,2.2867994665603915,rookie_rule,True,udfa,False,2026,False,,,,rookie_path,,no_data
00-0041407,Kyron Hudson,CHI,WR,targets,2.0308310026395064,0.8862122593987424,3.7361903208742433,rookie_rule,True,udfa,False,2026,False,,,,rookie_path,,no_data
THO417520,Zavion Thomas,CHI,WR,receiving_tds,0.1824740872824156,0.0,0.4696546223502818,rookie_rule,True,drafted,False,2026,False,,,,rookie_path,,above_median
THO417520,Zavion Thomas,CHI,WR,receiving_yards,28.56357542490419,8.28549029596289,52.99426207059799,rookie_rule,True,drafted,False,2026,False,,,,rookie_path,,above_median
THO417520,Zavion Thomas,CHI,WR,receptions,2.187006027334142,0.8657409681925476,3.8225972470793366,rookie_rule,True,drafted,False,2026,False,,,,rookie_path,,above_median
THO417520,Zavion Thomas,CHI,WR,targets,3.582192841567655,1.455929329285874,5.89651378360779,rookie_rule,True,drafted,False,2026,False,,,,rookie_path,,above_median
00-0036410,Tee Higgins,CIN,WR,receiving_tds,0.2938016974121872,0.12242181074901382,0.469448312199897,veteran_model,False,,False,2026,False,ACT,2.0,starter,curated,,
00-0036410,Tee Higgins,CIN,WR,receiving_yards,39.22595078772095,20.916718188758335,59.11166945790929,veteran_model,False,,False,2026,False,ACT,2.0,starter,curated,,
00-0036410,Tee Higgins,CIN,WR,receptions,2.9163053854254333,1.4974180317121577,4.096149593955499,veteran_model,False,,False,2026,False,ACT,2.0,starter,curated,,
00-0036410,Tee Higgins,CIN,WR,targets,5.438164564210564,3.6765795782977073,7.124999923674384,veteran_model,False,,False,2026,False,ACT,2.0,starter,curated,,
00-0036900,Ja'Marr Chase,CIN,WR,receiving_tds,0.5739240535772573,0.4025441669140839,0.7495706683649671,veteran_model,False,,False,2026,False,ACT,1.0,starter,curated,,
00-0036900,Ja'Marr Chase,CIN,WR,receiving_yards,78.30603535353438,59.996802754571775,98.19175402372272,veteran_model,False,,False,2026,False,ACT,1.0,starter,curated,,
00-0036900,Ja'Marr Chase,CIN,WR,receptions,5.734492352990783,4.315604999277507,6.914336561520848,veteran_model,False,,False,2026,False,ACT,1.0,starter,curated,,
00-0036900,Ja'Marr Chase,CIN,WR,targets,9.265566697897757,7.503981711984901,10.952402057361578,veteran_model,False,,False,2026,False,ACT,1.0,starter,curated,,
00-0038576,Charlie Jones,CIN,WR,receiving_tds,0.009750204950398904,0.0,0.036097197168555376,veteran_model,True,,False,2026,False,ACT,,deep_bench,deep_bench_discounted,,
00-0038576,Charlie Jones,CIN,WR,receiving_yards,1.6367076687395279,0.0,4.619565469267779,veteran_model,True,,False,2026,False,ACT,,deep_bench,deep_bench_discounted,,
00-0038576,Charlie Jones,CIN,WR,receptions,0.13553856610238507,0.0,0.3125151973818948,veteran_model,True,,False,2026,False,ACT,,deep_bench,deep_bench_discounted,,
00-0038576,Charlie Jones,CIN,WR,targets,0.23361416503200114,0.0,0.4866394689515741,veteran_model,True,,False,2026,False,ACT,,deep_bench,deep_bench_discounted,,
00-0038619,Andrei Iosivas,CIN,WR,receiving_tds,0.2195204140508586,0.048140527387685206,0.39516702883856836,veteran_model,False,,False,2026,False,ACT,3.0,starter,curated,,
00-0038619,Andrei Iosivas,CIN,WR,receiving_yards,35.092063626340476,16.782831027377863,54.977782296528815,veteran_model,False,,False,2026,False,ACT,3.0,starter,curated,,
00-0038619,Andrei Iosivas,CIN,WR,receptions,2.510844415789349,1.0919570620760732,3.6906886243194137,veteran_model,False,,False,2026,False,ACT,3.0,starter,curated,,
00-0038619,Andrei Iosivas,CIN,WR,targets,3.8934308203995682,2.1318458344867115,5.580266179863388,veteran_model,False,,False,2026,False,ACT,3.0,starter,curated,,
00-0038839,Mitchell Tinsley,CIN,WR,receiving_tds,0.020507630193409957,0.0,0.04685462241156643,veteran_model,True,,False,2026,False,ACT,,deep_bench,deep_bench_discounted,,
00-0038839,Mitchell Tinsley,CIN,WR,receiving_yards,2.9129963731594497,0.16661148331505782,5.895854173687701,veteran_model,True,,False,2026,False,ACT,,deep_bench,deep_bench_discounted,,
00-0038839,Mitchell Tinsley,CIN,WR,receptions,0.27805728230177307,0.06522417924478176,0.4550339135812828,veteran_model,True,,False,2026,False,ACT,,deep_bench,deep_bench_discounted,,
00-0038839,Mitchell Tinsley,CIN,WR,targets,0.3931752621770998,0.12893751429017128,0.6462005660966726,veteran_model,True,,False,2026,False,ACT,,deep_bench,deep_bench_discounted,,
00-0040534,Ke'Shawn Williams,CIN,WR,receiving_tds,0.014471579184450157,0.0,0.040818571402606627,veteran_model,True,,False,2026,False,ACT,,deep_bench,deep_bench_discounted,,
00-0040534,Ke'Shawn Williams,CIN,WR,receiving_yards,1.6367076687395279,0.0,4.619565469267779,veteran_model,True,,False,2026,False,ACT,,deep_bench,deep_bench_discounted,,
00-0040534,Ke'Shawn Williams,CIN,WR,receptions,0.13361887920903825,0.0,0.31059551048854794,veteran_model,True,,False,2026,False,ACT,,deep_bench,deep_bench_discounted,,
00-0040534,Ke'Shawn Williams,CIN,WR,targets,0.22799707114444923,0.0,0.48102237506402223,veteran_model,True,,False,2026,False,ACT,,deep_bench,deep_bench_discounted,,
00-0040785,Dohnte Meyers,CIN,WR,receiving_tds,0.020296101168945993,0.0,0.08376623376623375,rookie_rule,True,udfa,False,2026,False,,,,rookie_path,,no_data
00-0040785,Dohnte Meyers,CIN,WR,receiving_yards,4.944960614098545,0.0,11.375,rookie_rule,True,udfa,False,2026,False,,,,rookie_path,,no_data
00-0040785,Dohnte Meyers,CIN,WR,receptions,0.3895682119604534,0.0,0.7741258741258741,rookie_rule,True,udfa,False,2026,False,,,,rookie_path,,no_data
00-0040785,Dohnte Meyers,CIN,WR,targets,0.6874755955251645,0.30000000000000004,1.2647727272727274,rookie_rule,True,udfa,False,2026,False,,,,rookie_path,,no_data
00-0041248,Noah Thomas,CIN,WR,receiving_tds,0.020296101168945993,0.0,0.08376623376623375,rookie_rule,True,udfa,False,2026,False,,,,rookie_path,,no_data
00-0041248,Noah Thomas,CIN,WR,receiving_yards,4.944960614098545,0.0,11.375,rookie_rule,True,udfa,False,2026,False,,,,rookie_path,,no_data
00-0041248,Noah Thomas,CIN,WR,receptions,0.3895682119604534,0.0,0.7741258741258741,rookie_rule,True,udfa,False,2026,False,,,,rookie_path,,no_data
00-0041248,Noah Thomas,CIN,WR,targets,0.6874755955251645,0.30000000000000004,1.2647727272727274,rookie_rule,True,udfa,False,2026,False,,,,rookie_path,,no_data
00-0036407,Jerry Jeudy,CLE,WR,receiving_tds,0.3152057177967271,0.14382583113355374,0.49085233258443695,veteran_model,False,,False,2026,False,ACT,1.0,starter,curated,,
00-0036407,Jerry Jeudy,CLE,WR,receiving_yards,55.746949913163,37.437717314200384,75.63266858335135,veteran_model,False,,False,2026,False,ACT,1.0,starter,curated,,
00-0036407,Jerry Jeudy,CLE,WR,receptions,4.146777355959117,2.727890002245841,5.326621564489182,veteran_model,False,,False,2026,False,ACT,1.0,starter,curated,,
00-0036407,Jerry Jeudy,CLE,WR,targets,6.664054860334812,4.902469874421955,8.350890219798632,veteran_model,False,,False,2026,False,ACT,1.0,starter,curated,,
00-0036630,Tylan Wallace,CLE,WR,receiving_tds,0.010352834210026451,0.0,0.03669982642818292,veteran_model,True,,False,2026,True,ACT,,deep_bench,deep_bench_discounted,,
00-0036630,Tylan Wallace,CLE,WR,receiving_yards,2.292353751794089,0.0,5.27521155232234,veteran_model,True,,False,2026,True,ACT,,deep_bench,deep_bench_discounted,,
00-0036630,Tylan Wallace,CLE,WR,receptions,0.18728123974298308,0.0,0.3642578710224928,veteran_model,True,,False,2026,True,ACT,,deep_bench,deep_bench_discounted,,
00-0036630,Tylan Wallace,CLE,WR,targets,0.31806481981471163,0.05382707192778311,0.5710901237342846,veteran_model,True,,False,2026,True,ACT,,deep_bench,deep_bench_discounted,,
00-0038979,Cedric Tillman,CLE,WR,receiving_tds,0.025893310798455107,0.00018632779897910095,0.052240303016611575,veteran_model,True,,False,2026,False,ACT,,deep_bench,deep_bench_discounted,,
00-0038979,Cedric Tillman,CLE,WR,receiving_yards,4.52422154977774,1.7778366599333477,7.5070793503059905,veteran_model,True,,False,2026,False,ACT,,deep_bench,deep_bench_discounted,,
00-0038979,Cedric Tillman,CLE,WR,receptions,0.32204648789652524,0.10921338483953393,0.499023119176035,veteran_model,True,,False,2026,False,ACT,,deep_bench,deep_bench_discounted,,
00-0038979,Cedric Tillman,CLE,WR,targets,0.5474169309321621,0.2831791830452336,0.8004422348517352,veteran_model,True,,False,2026,False,ACT,,deep_bench,deep_bench_discounted,,
00-0039379,Jamari Thrash,CLE,WR,receiving_tds,0.016345603818537544,0.0,0.04269259603669401,veteran_model,True,,False,2026,False,ACT,,deep_bench,deep_bench_discounted,,
00-0039379,Jamari Thrash,CLE,WR,receiving_yards,2.729267039918138,0.0,5.712124840446388,veteran_model,True,,False,2026,False,ACT,,deep_bench,deep_bench_discounted,,
00-0039379,Jamari Thrash,CLE,WR,receptions,0.22143579423006096,0.008602691173069643,0.3984124255095707,veteran_model,True,,False,2026,False,ACT,,deep_bench,deep_bench_discounted,,
00-0039379,Jamari Thrash,CLE,WR,targets,0.35023780863488396,0.08600006074795545,0.6032631125544569,veteran_model,True,,False,2026,False,ACT,,deep_bench,deep_bench_discounted,,
00-0039920,Malachi Corley,CLE,WR,receiving_tds,0.015514728368491666,0.0,0.04186172058664813,veteran_model,True,,False,2026,False,ACT,,deep_bench,deep_bench_discounted,,
00-0039920,Malachi Corley,CLE,WR,receiving_yards,1.8982611333101937,0.0,4.881118933838445,veteran_model,True,,False,2026,False,ACT,,deep_bench,deep_bench_discounted,,
00-0039920,Malachi Corley,CLE,WR,receptions,0.22109235264242258,0.008259249585431238,0.3980689839219323,veteran_model,True,,False,2026,False,ACT,,deep_bench,deep_bench_discounted,,
00-0039920,Malachi Corley,CLE,WR,targets,0.3380331647752564,0.07379541688832789,0.5910584686948294,veteran_model,True,,False,2026,False,ACT,,deep_bench,deep_bench_discounted,,
00-0040259,Gage Larvadain,CLE,WR,receiving_tds,0.011314931873872653,0.0,0.03766192409202912,veteran_model,True,,False,2026,False,ACT,,deep_bench,deep_bench_discounted,,
00-0040259,Gage Larvadain,CLE,WR,receiving_yards,2.394256159888558,0.0,5.377113960416808,veteran_model,True,,False,2026,False,ACT,,deep_bench,deep_bench_discounted,,
00-0040259,Gage Larvadain,CLE,WR,receptions,0.22003978214450803,0.0072066790875166984,0.3970164134240178,veteran_model,True,,False,2026,False,ACT,,deep_bench,deep_bench_discounted,,
00-0040259,Gage Larvadain,CLE,WR,targets,0.3619839764021276,0.0977462285151991,0.6150092803217007,veteran_model,True,,False,2026,False,ACT,,deep_bench,deep_bench_discounted,,
00-0040782,Isaiah Bond,CLE,WR,receiving_tds,0.024521806124401215,0.0,0.05086879834255768,veteran_model,True,,False,2026,False,ACT,,deep_bench,deep_bench_discounted,,
00-0040782,Isaiah Bond,CLE,WR,receiving_yards,3.1708251625673496,0.4244402727229577,6.1536829630956,veteran_model,True,,False,2026,False,ACT,,deep_bench,deep_bench_discounted,,
00-0040782,Isaiah Bond,CLE,WR,receptions,0.29047815865666055,0.07764505559966924,0.4674547899361703,veteran_model,True,,False,2026,False,ACT,,deep_bench,deep_bench_discounted,,
00-0040782,Isaiah Bond,CLE,WR,targets,0.46278180972989497,0.1985440618429665,0.7158071136494679,veteran_model,True,,False,2026,False,ACT,,deep_bench,deep_bench_discounted,,
00-0041287,Kole Wilson,CLE,WR,receiving_tds,0.03545038878352964,0.0,0.14631113282429642,rookie_rule,True,udfa,False,2026,False,,,,rookie_path,,no_data
00-0041287,Kole Wilson,CLE,WR,receiving_yards,8.637165080614276,0.0,19.868257901159787,rookie_rule,True,udfa,False,2026,False,,,,rookie_path,,no_data
00-0041287,Kole Wilson,CLE,WR,receptions,0.6804432268416676,0.0,1.3521347266016375,rookie_rule,True,udfa,False,2026,False,,,,rookie_path,,no_data
00-0041287,Kole Wilson,CLE,WR,targets,1.2007861479250443,0.5239980105800384,2.209127976422662,rookie_rule,True,udfa,False,2026,False,,,,rookie_path,,no_data
00-0041491,Aaron Anderson,CLE,WR,receiving_tds,0.033323365456517866,0.0,0.13753246485483864,rookie_rule,True,udfa,False,2026,False,,,,rookie_path,,below_median
00-0041491,Aaron Anderson,CLE,WR,receiving_yards,8.118935175777418,0.0,18.676162427090198,rookie_rule,True,udfa,False,2026,False,,,,rookie_path,,below_median
00-0041491,Aaron Anderson,CLE,WR,receptions,0.6396166332311675,0.0,1.2710066430055391,rookie_rule,True,udfa,False,2026,False,,,,rookie_path,,below_median
00-0041491,Aaron Anderson,CLE,WR,targets,1.1287389790495417,0.49255812994523607,2.0765802978373022,rookie_rule,True,udfa,False,2026,False,,,,rookie_path,,below_median
BOS677861,Denzel Boston,CLE,WR,receiving_tds,0.09390683051094993,0.0,0.24169884982886686,rookie_rule,True,drafted,False,2026,False,,,,rookie_path,,below_median
BOS677861,Denzel Boston,CLE,WR,receiving_yards,14.699702714839653,4.263970542397594,27.272492551856583,rookie_rule,True,drafted,False,2026,False,,,,rookie_path,,below_median
BOS677861,Denzel Boston,CLE,WR,receptions,1.1255012007125926,0.4455371805237015,1.967227221898786,rookie_rule,True,drafted,False,2026,False,,,,rookie_path,,below_median
BOS677861,Denzel Boston,CLE,WR,targets,1.8435076510890918,0.7492664344694874,3.0345290596014243,rookie_rule,True,drafted,False,2026,False,,,,rookie_path,,below_median
CON046719,KC Concepcion,CLE,WR,receiving_tds,0.16017633008388957,0.0,0.341272027839724,rookie_rule,True,drafted,False,2026,False,,,,rookie_path,,no_data
CON046719,KC Concepcion,CLE,WR,receiving_yards,26.90837675854176,9.517212766149237,40.95753112428581,rookie_rule,True,drafted,False,2026,False,,,,rookie_path,,no_data
CON046719,KC Concepcion,CLE,WR,receptions,2.053656446829557,0.7546139249126819,2.9606003028960197,rookie_rule,True,drafted,False,2026,False,,,,rookie_path,,no_data
CON046719,KC Concepcion,CLE,WR,targets,3.4320698666439564,1.7890285186132115,4.702047745212688,rookie_rule,True,drafted,False,2026,False,,,,rookie_path,,no_data
00-0034272,Marquez Valdes-Scantling,DAL,WR,receiving_tds,0.00976083931507467,0.0,0.03610783153323114,veteran_model,True,,False,2026,True,ACT,,deep_bench,deep_bench_discounted,,
00-0034272,Marquez Valdes-Scantling,DAL,WR,receiving_yards,2.1408253114377107,0.0,5.123683111965961,veteran_model,True,,False,2026,True,ACT,,deep_bench,deep_bench_discounted,,
00-0034272,Marquez Valdes-Scantling,DAL,WR,receptions,0.189748041508235,0.0,0.36672467278774473,veteran_model,True,,False,2026,True,ACT,,deep_bench,deep_bench_discounted,,
00-0034272,Marquez Valdes-Scantling,DAL,WR,targets,0.29594249655067345,0.03170474866374493,0.5489678004702464,veteran_model,True,,False,2026,True,ACT,,deep_bench,deep_bench_discounted,,
00-0036358,CeeDee Lamb,DAL,WR,receiving_tds,0.4028177810878372,0.23143789442466384,0.578464395875547,veteran_model,False,,False,2026,False,ACT,1.0,starter,curated,,
00-0036358,CeeDee Lamb,DAL,WR,receiving_yards,52.29191137041976,33.982678771457145,72.17763004060811,veteran_model,False,,False,2026,False,ACT,1.0,starter,curated,,
00-0036358,CeeDee Lamb,DAL,WR,receptions,4.242984078455463,2.824096724742188,5.422828286985528,veteran_model,False,,False,2026,False,ACT,1.0,starter,curated,,
00-0036358,CeeDee Lamb,DAL,WR,targets,6.534307745809066,4.77272275989621,8.221143105272887,veteran_model,False,,False,2026,False,ACT,1.0,starter,curated,,
00-0036427,Tyler Johnson,DAL,WR,receiving_tds,0.00976083931507467,0.0,0.03610783153323114,veteran_model,True,,False,2026,True,ACT,,deep_bench,deep_bench_discounted,,
00-0036427,Tyler Johnson,DAL,WR,receiving_yards,2.015269737562274,0.0,4.998127538090524,veteran_model,True,,False,2026,True,ACT,,deep_bench,deep_bench_discounted,,
00-0036427,Tyler Johnson,DAL,WR,receptions,0.1896132682524709,0.0,0.3665898995319807,veteran_model,True,,False,2026,True,ACT,,deep_bench,deep_bench_discounted,,
00-0036427,Tyler Johnson,DAL,WR,targets,0.29594249655067345,0.03170474866374493,0.5489678004702464,veteran_model,True,,False,2026,True,ACT,,deep_bench,deep_bench_discounted,,
00-0037247,George Pickens,DAL,WR,receiving_tds,0.462534532406835,0.2911546457436616,0.6381811471945448,veteran_model,False,,False,2026,False,ACT,2.0,starter,curated,,
00-0037247,George Pickens,DAL,WR,receiving_yards,63.94198913678372,45.63275653782111,83.82770780697206,veteran_model,False,,False,2026,False,ACT,2.0,starter,curated,,
00-0037247,George Pickens,DAL,WR,receptions,4.702413411972641,3.2835260582593655,5.882257620502706,veteran_model,False,,False,2026,False,ACT,2.0,starter,curated,,
00-0037247,George Pickens,DAL,WR,targets,7.449407073835541,5.687822087922685,9.136242433299362,veteran_model,False,,False,2026,False,ACT,2.0,starter,curated,,
00-0037801,KaVontae Turpin,DAL,WR,receiving_tds,0.02643538586042848,0.0007284028609524747,0.05278237807858495,veteran_model,True,,False,2026,False,ACT,,deep_bench,deep_bench_discounted,,
00-0037801,KaVontae Turpin,DAL,WR,receiving_yards,3.11719181566357,0.37080692581917807,6.100049616191821,veteran_model,True,,False,2026,False,ACT,,deep_bench,deep_bench_discounted,,
00-0037801,KaVontae Turpin,DAL,WR,receptions,0.2857867773711609,0.07295367431416958,0.4627634086506706,veteran_model,True,,False,2026,False,ACT,,deep_bench,deep_bench_discounted,,
00-0037801,KaVontae Turpin,DAL,WR,targets,0.4238873329639162,0.15964958507698765,0.6769126368834891,veteran_model,True,,False,2026,False,ACT,,deep_bench,deep_bench_discounted,,
00-0039062,Jonathan Mingo,DAL,WR,receiving_tds,0.011933849688721706,0.0,0.03828084190687817,veteran_model,True,,False,2026,False,ACT,,deep_bench,deep_bench_discounted,,
00-0039062,Jonathan Mingo,DAL,WR,receiving_yards,2.0422791376543454,0.0,5.025136938182595,veteran_model,True,,False,2026,False,ACT,,deep_bench,deep_bench_discounted,,
00-0039062,Jonathan Mingo,DAL,WR,receptions,0.19655533614952606,0.0,0.37353196742903577,veteran_model,True,,False,2026,False,ACT,,deep_bench,deep_bench_discounted,,
00-0039062,Jonathan Mingo,DAL,WR,targets,0.3136312868177854,0.04939353893085691,0.5666565907373584,veteran_model,True,,False,2026,False,ACT,,deep_bench,deep_bench_discounted,,
00-0039410,Ryan Flournoy,DAL,WR,receiving_tds,0.1586516644091998,0.0,0.3342982791969096,veteran_model,False,,False,2026,False,ACT,3.0,starter,curated,,
00-0039410,Ryan Flournoy,DAL,WR,receiving_yards,22.613122108911078,4.3038895099484655,42.49884077909942,veteran_model,False,,False,2026,False,ACT,3.0,starter,curated,,
00-0039410,Ryan Flournoy,DAL,WR,receptions,1.9422855684622296,0.523398214748954,3.1221297769922947,veteran_model,False,,False,2026,False,ACT,3.0,starter,curated,,
00-0039410,Ryan Flournoy,DAL,WR,targets,3.081169336128473,1.3195843502156164,4.768004695592293,veteran_model,False,,False,2026,False,ACT,3.0,starter,curated,,
00-0040930,Camden Brown,DAL,WR,receiving_tds,0.020296101168945993,0.0,0.08376623376623375,rookie_rule,True,udfa,False,2026,False,,,,rookie_path,,no_data
00-0040930,Camden Brown,DAL,WR,receiving_yards,4.944960614098545,0.0,11.375,rookie_rule,True,udfa,False,2026,False,,,,rookie_path,,no_data
00-0040930,Camden Brown,DAL,WR,receptions,0.3895682119604534,0.0,0.7741258741258741,rookie_rule,True,udfa,False,2026,False,,,,rookie_path,,no_data
00-0040930,Camden Brown,DAL,WR,targets,0.6874755955251645,0.30000000000000004,1.2647727272727274,rookie_rule,True,udfa,False,2026,False,,,,rookie_path,,no_data
00-0040934,Jordan Hudson,DAL,WR,receiving_tds,0.020296101168945993,0.0,0.08376623376623375,rookie_rule,True,udfa,False,2026,False,,,,rookie_path,,no_data
00-0040934,Jordan Hudson,DAL,WR,receiving_yards,4.944960614098545,0.0,11.375,rookie_rule,True,udfa,False,2026,False,,,,rookie_path,,no_data
00-0040934,Jordan Hudson,DAL,WR,receptions,0.3895682119604534,0.0,0.7741258741258741,rookie_rule,True,udfa,False,2026,False,,,,rookie_path,,no_data
00-0040934,Jordan Hudson,DAL,WR,targets,0.6874755955251645,0.30000000000000004,1.2647727272727274,rookie_rule,True,udfa,False,2026,False,,,,rookie_path,,no_data
00-0041516,Romello Brinson,DAL,WR,receiving_tds,0.020296101168945993,0.0,0.08376623376623375,rookie_rule,True,udfa,False,2026,False,,,,rookie_path,,no_data
00-0041516,Romello Brinson,DAL,WR,receiving_yards,4.944960614098545,0.0,11.375,rookie_rule,True,udfa,False,2026,False,,,,rookie_path,,no_data
00-0041516,Romello Brinson,DAL,WR,receptions,0.3895682119604534,0.0,0.7741258741258741,rookie_rule,True,udfa,False,2026,False,,,,rookie_path,,no_data
00-0041516,Romello Brinson,DAL,WR,targets,0.6874755955251645,0.30000000000000004,1.2647727272727274,rookie_rule,True,udfa,False,2026,False,,,,rookie_path,,no_data
SMI038569,Anthony Smith,DAL,WR,receiving_tds,0.034466839421719096,0.0,0.09999999999999998,rookie_rule,True,drafted,False,2026,False,,,,rookie_path,,no_data
SMI038569,Anthony Smith,DAL,WR,receiving_yards,5.630189695739495,0.9200000000000004,11.248125,rookie_rule,True,drafted,False,2026,False,,,,rookie_path,,no_data
SMI038569,Anthony Smith,DAL,WR,receptions,0.48873642919765914,0.14999999999999997,0.9415384615384617,rookie_rule,True,drafted,False,2026,False,,,,rookie_path,,no_data
SMI038569,Anthony Smith,DAL,WR,targets,0.8292919543320613,0.3,1.5496153846153848,rookie_rule,True,drafted,False,2026,False,,,,rookie_path,,no_data
00-0034348,Courtland Sutton,DEN,WR,receiving_tds,0.38876086474773475,0.21738097808456136,0.5644074795354446,veteran_model,False,,False,2026,False,ACT,1.0,starter,curated,,
00-0034348,Courtland Sutton,DEN,WR,receiving_yards,55.57814383670186,37.268911237739246,75.4638625068902,veteran_model,False,,False,2026,False,ACT,1.0,starter,curated,,
00-0034348,Courtland Sutton,DEN,WR,receptions,4.209770086777279,2.790882733064004,5.389614295307345,veteran_model,False,,False,2026,False,ACT,1.0,starter,curated,,
00-0034348,Courtland Sutton,DEN,WR,targets,6.992103565272328,5.230518579359471,8.678938924736148,veteran_model,False,,False,2026,False,ACT,1.0,starter,curated,,
00-0035406,Lil'Jordan Humphrey,DEN,WR,receiving_tds,0.017668942418574928,0.0,0.044015934636731396,veteran_model,True,,False,2026,False,ACT,,deep_bench,deep_bench_discounted,,
00-0035406,Lil'Jordan Humphrey,DEN,WR,receiving_yards,2.9996141805118843,0.25322929066749233,5.982471981040135,veteran_model,True,,False,2026,False,ACT,,deep_bench,deep_bench_discounted,,
00-0035406,Lil'Jordan Humphrey,DEN,WR,receptions,0.2684565740807656,0.0556234710237743,0.44543320536027536,veteran_model,True,,False,2026,False,ACT,,deep_bench,deep_bench_discounted,,
00-0035406,Lil'Jordan Humphrey,DEN,WR,targets,0.4508032730339785,0.18656552514704997,0.7038285769535515,veteran_model,True,,False,2026,False,ACT,,deep_bench,deep_bench_discounted,,
00-0036613,Jaylen Waddle,DEN,WR,receiving_tds,0.12793229640075518,0.0,0.303578911188465,veteran_model,False,,False,2026,True,ACT,2.0,starter,curated,,
00-0036613,Jaylen Waddle,DEN,WR,receiving_yards,17.458062412690495,0.0,37.343781082878834,veteran_model,False,,False,2026,True,ACT,2.0,starter,curated,,
00-0036613,Jaylen Waddle,DEN,WR,receptions,1.671712693486333,0.2528253397730573,2.851556902016398,veteran_model,False,,False,2026,True,ACT,2.0,starter,curated,,
00-0036613,Jaylen Waddle,DEN,WR,targets,2.6385733753175997,0.876988389404743,4.325408734781419,veteran_model,False,,False,2026,True,ACT,2.0,starter,curated,,
00-0036959,Michael Bandy,DEN,WR,receiving_tds,0.007987480622562581,0.0,0.03433447284071905,veteran_model,True,,False,2026,False,ACT,,deep_bench,deep_bench_discounted,,
00-0036959,Michael Bandy,DEN,WR,receiving_yards,2.063689485491121,0.0,5.046547286019371,veteran_model,True,,False,2026,False,ACT,,deep_bench,deep_bench_discounted,,
00-0036959,Michael Bandy,DEN,WR,receptions,0.1858317527768636,0.0,0.3628083840563733,veteran_model,True,,False,2026,False,ACT,,deep_bench,deep_bench_discounted,,
00-0036959,Michael Bandy,DEN,WR,targets,0.3019040915300177,0.037666343643089205,0.5549293954495906,veteran_model,True,,False,2026,False,ACT,,deep_bench,deep_bench_discounted,,
00-0038976,Marvin Mims Jr.,DEN,WR,receiving_tds,0.02459010686568335,0.0,0.05093709908383982,veteran_model,True,,False,2026,False,ACT,,deep_bench,deep_bench_discounted,,
00-0038976,Marvin Mims Jr.,DEN,WR,receiving_yards,3.2652210653072875,0.5188361754628955,6.248078865835538,veteran_model,True,,False,2026,False,ACT,,deep_bench,deep_bench_discounted,,
00-0038976,Marvin Mims Jr.,DEN,WR,receptions,0.30527579920494613,0.0924426961479548,0.4822524304844559,veteran_model,True,,False,2026,False,ACT,,deep_bench,deep_bench_discounted,,
00-0038976,Marvin Mims Jr.,DEN,WR,targets,0.4530652028952278,0.18882745500829926,0.7060905068148008,veteran_model,True,,False,2026,False,ACT,,deep_bench,deep_bench_discounted,,
00-0039868,Troy Franklin,DEN,WR,receiving_tds,0.3566481893257259,0.1852683026625525,0.5322948041134357,veteran_model,False,,False,2026,False,ACT,3.0,starter,curated,,
00-0039868,Troy Franklin,DEN,WR,receiving_yards,51.41785386364998,33.10862126468737,71.30357253383832,veteran_model,False,,False,2026,False,ACT,3.0,starter,curated,,
00-0039868,Troy Franklin,DEN,WR,receptions,4.069733276008248,2.6508459222949723,5.249577484538312,veteran_model,False,,False,2026,False,ACT,3.0,starter,curated,,
00-0039868,Troy Franklin,DEN,WR,targets,6.344626592136506,4.583041606223649,8.031461951600326,veteran_model,False,,False,2026,False,ACT,3.0,starter,curated,,
00-0040134,Pat Bryant,DEN,WR,receiving_tds,0.025123292264457548,0.0,0.051470284482614016,veteran_model,True,,False,2026,False,ACT,,deep_bench,deep_bench_discounted,,
00-0040134,Pat Bryant,DEN,WR,receiving_yards,3.5955355575142884,0.8491506676698967,6.578393358042539,veteran_model,True,,False,2026,False,ACT,,deep_bench,deep_bench_discounted,,
00-0040134,Pat Bryant,DEN,WR,receptions,0.28547770817997126,0.0726446051229799,0.46245433945948095,veteran_model,True,,False,2026,False,ACT,,deep_bench,deep_bench_discounted,,
00-0040134,Pat Bryant,DEN,WR,targets,0.46113986980843247,0.196902121921504,0.7141651737280054,veteran_model,True,,False,2026,False,ACT,,deep_bench,deep_bench_discounted,,
00-0041292,Kolbe Katsis,DEN,WR,receiving_tds,0.020296101168945993,0.0,0.08376623376623375,rookie_rule,True,udfa,False,2026,False,,,,rookie_path,,no_data
00-0041292,Kolbe Katsis,DEN,WR,receiving_yards,4.944960614098545,0.0,11.375,rookie_rule,True,udfa,False,2026,False,,,,rookie_path,,no_data
00-0041292,Kolbe Katsis,DEN,WR,receptions,0.3895682119604534,0.0,0.7741258741258741,rookie_rule,True,udfa,False,2026,False,,,,rookie_path,,no_data
00-0041292,Kolbe Katsis,DEN,WR,targets,0.6874755955251645,0.30000000000000004,1.2647727272727274,rookie_rule,True,udfa,False,2026,False,,,,rookie_path,,no_data
00-0041293,Dane Key,DEN,WR,receiving_tds,0.020296101168945993,0.0,0.08376623376623375,rookie_rule,True,udfa,False,2026,False,,,,rookie_path,,no_data
00-0041293,Dane Key,DEN,WR,receiving_yards,4.944960614098545,0.0,11.375,rookie_rule,True,udfa,False,2026,False,,,,rookie_path,,no_data
00-0041293,Dane Key,DEN,WR,receptions,0.3895682119604534,0.0,0.7741258741258741,rookie_rule,True,udfa,False,2026,False,,,,rookie_path,,no_data
00-0041293,Dane Key,DEN,WR,targets,0.6874755955251645,0.30000000000000004,1.2647727272727274,rookie_rule,True,udfa,False,2026,False,,,,rookie_path,,no_data
00-0041294,Joseph Manjack,DEN,WR,receiving_tds,0.020296101168945993,0.0,0.08376623376623375,rookie_rule,True,udfa,False,2026,False,,,,rookie_path,,no_data
00-0041294,Joseph Manjack,DEN,WR,receiving_yards,4.944960614098545,0.0,11.375,rookie_rule,True,udfa,False,2026,False,,,,rookie_path,,no_data
00-0041294,Joseph Manjack,DEN,WR,receptions,0.3895682119604534,0.0,0.7741258741258741,rookie_rule,True,udfa,False,2026,False,,,,rookie_path,,no_data
00-0041294,Joseph Manjack,DEN,WR,targets,0.6874755955251645,0.30000000000000004,1.2647727272727274,rookie_rule,True,udfa,False,2026,False,,,,rookie_path,,no_data
00-0041299,Cameron Ross,DEN,WR,receiving_tds,0.020296101168945993,0.0,0.08376623376623375,rookie_rule,True,udfa,False,2026,False,,,,rookie_path,,no_data
00-0041299,Cameron Ross,DEN,WR,receiving_yards,4.944960614098545,0.0,11.375,rookie_rule,True,udfa,False,2026,False,,,,rookie_path,,no_data
00-0041299,Cameron Ross,DEN,WR,receptions,0.3895682119604534,0.0,0.7741258741258741,rookie_rule,True,udfa,False,2026,False,,,,rookie_path,,no_data
00-0041299,Cameron Ross,DEN,WR,targets,0.6874755955251645,0.30000000000000004,1.2647727272727274,rookie_rule,True,udfa,False,2026,False,,,,rookie_path,,no_data
00-0034418,Cedrick Wilson Jr.,DET,WR,receiving_tds,0.00966545222853911,0.0,0.036012444446695574,veteran_model,True,,False,2026,True,ACT,,deep_bench,deep_bench_discounted,,
00-0034418,Cedrick Wilson Jr.,DET,WR,receiving_yards,1.992736560159773,0.0,4.9755943606880235,veteran_model,True,,False,2026,True,ACT,,deep_bench,deep_bench_discounted,,
00-0034418,Cedrick Wilson Jr.,DET,WR,receptions,0.19917410216241985,0.0,0.37615073344192956,veteran_model,True,,False,2026,True,ACT,,deep_bench,deep_bench_discounted,,
00-0034418,Cedrick Wilson Jr.,DET,WR,targets,0.3664234863382919,0.10218573845136343,0.6194487902578649,veteran_model,True,,False,2026,True,ACT,,deep_bench,deep_bench_discounted,,
00-0035500,Greg Dortch,DET,WR,receiving_tds,0.011704495319667536,0.0,0.03805148753782401,veteran_model,True,,False,2026,True,ACT,,deep_bench,deep_bench_discounted,,
00-0035500,Greg Dortch,DET,WR,receiving_yards,1.8559155711548185,0.0,4.83877337168307,veteran_model,True,,False,2026,True,ACT,,deep_bench,deep_bench_discounted,,
00-0035500,Greg Dortch,DET,WR,receptions,0.18820745965168276,0.0,0.3651840909311925,veteran_model,True,,False,2026,True,ACT,,deep_bench,deep_bench_discounted,,
00-0035500,Greg Dortch,DET,WR,targets,0.3502917329933468,0.0860539851064183,0.6033170369129198,veteran_model,True,,False,2026,True,ACT,,deep_bench,deep_bench_discounted,,
00-0035544,Tom Kennedy,DET,WR,receiving_tds,0.004182795558356511,0.0,0.030529787776512978,veteran_model,True,,False,2026,False,ACT,,deep_bench,deep_bench_discounted,,
00-0035544,Tom Kennedy,DET,WR,receiving_yards,1.9657271600677015,0.0,4.948584960595952,veteran_model,True,,False,2026,False,ACT,,deep_bench,deep_bench_discounted,,
00-0035544,Tom Kennedy,DET,WR,receptions,0.1885033806029893,0.0,0.365480011882499,veteran_model,True,,False,2026,False,ACT,,deep_bench,deep_bench_discounted,,
00-0035544,Tom Kennedy,DET,WR,targets,0.2767692553691145,0.012531507482186033,0.5297945592886875,veteran_model,True,,False,2026,False,ACT,,deep_bench,deep_bench_discounted,,
00-0036963,Amon-Ra St. Brown,DET,WR,receiving_tds,0.4901449654157533,0.3187650787525799,0.6657915802034631,veteran_model,False,,False,2026,False,ACT,1.0,starter,curated,,
00-0036963,Amon-Ra St. Brown,DET,WR,receiving_yards,64.71021928042218,46.40098668145957,84.59593795061052,veteran_model,False,,False,2026,False,ACT,1.0,starter,curated,,
00-0036963,Amon-Ra St. Brown,DET,WR,receptions,5.785131868712496,4.366244514999221,6.964976077242561,veteran_model,False,,False,2026,False,ACT,1.0,starter,curated,,
00-0036963,Amon-Ra St. Brown,DET,WR,targets,8.728139201449892,6.966554215537036,10.414974560913713,veteran_model,False,,False,2026,False,ACT,1.0,starter,curated,,
00-0037240,Jameson Williams,DET,WR,receiving_tds,0.23810896250601019,0.0667290758428368,0.41375557729372,veteran_model,False,,False,2026,False,ACT,2.0,starter,curated,,
00-0037240,Jameson Williams,DET,WR,receiving_yards,42.50438335945074,24.19515076048813,62.39010202963908,veteran_model,False,,False,2026,False,ACT,2.0,starter,curated,,
00-0037240,Jameson Williams,DET,WR,receptions,3.336045805550377,1.9171584518371014,4.515890014080442,veteran_model,False,,False,2026,False,ACT,2.0,starter,curated,,
00-0037240,Jameson Williams,DET,WR,targets,5.118073892257029,3.3564889063441723,6.804909251720849,veteran_model,False,,False,2026,False,ACT,2.0,starter,curated,,
00-0038911,Malik Cunningham,DET,WR,receiving_tds,0.00035687439356676183,0.0,0.02670386661172323,veteran_model,True,,False,2026,False,ACT,,deep_bench,deep_bench_discounted,,
00-0038911,Malik Cunningham,DET,WR,receiving_yards,1.3894817474012122,0.0,4.372339547929463,veteran_model,True,,False,2026,False,ACT,,deep_bench,deep_bench_discounted,,
00-0038911,Malik Cunningham,DET,WR,receptions,0.10965516679719202,0.0,0.28663179807670175,veteran_model,True,,False,2026,False,ACT,,deep_bench,deep_bench_discounted,,
00-0038911,Malik Cunningham,DET,WR,targets,0.23728011802676285,0.0,0.49030542194633586,veteran_model,True,,False,2026,False,ACT,,deep_bench,deep_bench_discounted,,
00-0040669,Isaac TeSlaa,DET,WR,receiving_tds,0.18157477803824412,0.010194891375070736,0.3572213928259539,veteran_model,False,,False,2026,False,ACT,3.0,starter,curated,,
00-0040669,Isaac TeSlaa,DET,WR,receiving_yards,20.983087580571887,2.6738549816092743,40.86880625076023,veteran_model,False,,False,2026,False,ACT,3.0,starter,curated,,
00-0040669,Isaac TeSlaa,DET,WR,receptions,1.9948613391060945,0.575973985392819,3.1747055476361594,veteran_model,False,,False,2026,False,ACT,3.0,starter,curated,,
00-0040669,Isaac TeSlaa,DET,WR,targets,3.381707490411366,1.6201225044985095,5.068542849875186,veteran_model,False,,False,2026,False,ACT,3.0,starter,curated,,
00-0041536,Kyre Duplessis,DET,WR,receiving_tds,0.028854010831932845,0.0,0.11908650810921463,rookie_rule,True,udfa,False,2026,False,,,,rookie_path,,no_data
00-0041536,Kyre Duplessis,DET,WR,receiving_yards,7.030017535633442,0.0,16.171301595373393,rookie_rule,True,udfa,False,2026,False,,,,rookie_path,,no_data
00-0041536,Kyre Duplessis,DET,WR,receptions,0.553830773413876,0.0,1.1005382842436544,rookie_rule,True,udfa,False,2026,False,,,,rookie_path,,no_data
00-0041536,Kyre Duplessis,DET,WR,targets,0.9773516654678122,0.4264958662516059,1.798067799765293,rookie_rule,True,udfa,False,2026,False,,,,rookie_path,,no_data
LAW090280,Kendrick Law,DET,WR,receiving_tds,0.05087864216555239,0.0,0.1476162103029716,rookie_rule,True,drafted,False,2026,False,,,,rookie_path,,no_data
LAW090280,Kendrick Law,DET,WR,receiving_yards,8.31107266171905,1.3580691347873395,16.604055855141127,rookie_rule,True,drafted,False,2026,False,,,,rookie_path,,no_data
LAW090280,Kendrick Law,DET,WR,receptions,0.7214541951516505,0.2214243154544574,1.389863395467979,rookie_rule,True,drafted,False,2026,False,,,,rookie_path,,no_data
LAW090280,Kendrick Law,DET,WR,targets,1.2241693553324389,0.44284863090891485,2.287483505041049,rookie_rule,True,drafted,False,2026,False,,,,rookie_path,,no_data
00-0037091,Bo Melton,GB,WR,receiving_tds,0.011978505615719245,0.0,0.03832549783387571,veteran_model,True,,False,2026,False,ACT,,deep_bench,deep_bench_discounted,,
00-0037091,Bo Melton,GB,WR,receiving_yards,1.971058412281586,0.0,4.953916212809838,veteran_model,True,,False,2026,False,ACT,,deep_bench,deep_bench_discounted,,
00-0037091,Bo Melton,GB,WR,receptions,0.1886787079468266,0.0,0.36565533922633625,veteran_model,True,,False,2026,False,ACT,,deep_bench,deep_bench_discounted,,
00-0037091,Bo Melton,GB,WR,targets,0.27230578239249065,0.008068034505562137,0.5253310863120636,veteran_model,True,,False,2026,False,ACT,,deep_bench,deep_bench_discounted,,
00-0038090,Skyy Moore,GB,WR,receiving_tds,0.011398569615463943,0.0,0.03774556183362041,veteran_model,True,,False,2026,True,ACT,,deep_bench,deep_bench_discounted,,
00-0038090,Skyy Moore,GB,WR,receiving_yards,2.1674709593250623,0.0,5.150328759853314,veteran_model,True,,False,2026,True,ACT,,deep_bench,deep_bench_discounted,,
00-0038090,Skyy Moore,GB,WR,receptions,0.1886787079468266,0.0,0.36565533922633625,veteran_model,True,,False,2026,True,ACT,,deep_bench,deep_bench_discounted,,
00-0038090,Skyy Moore,GB,WR,targets,0.2672561671506108,0.0030184192636822926,0.5202814710701837,veteran_model,True,,False,2026,True,ACT,,deep_bench,deep_bench_discounted,,
00-0038124,Christian Watson,GB,WR,receiving_tds,0.21436191949853664,0.042982032835363254,0.39000853428624643,veteran_model,False,,False,2026,False,ACT,3.0,starter,curated,,
00-0038124,Christian Watson,GB,WR,receiving_yards,45.65336798707742,27.344135388114804,65.53908665726576,veteran_model,False,,False,2026,False,ACT,3.0,starter,curated,,
00-0038124,Christian Watson,GB,WR,receptions,3.3317836843411923,1.9128963306279168,4.511627892871257,veteran_model,False,,False,2026,False,ACT,3.0,starter,curated,,
00-0038124,Christian Watson,GB,WR,targets,5.281157331900092,3.519572345987235,6.967992691363912,veteran_model,False,,False,2026,False,ACT,3.0,starter,curated,,
00-0038465,Malik Heath,GB,WR,receiving_tds,0.009464274294114125,0.0,0.035811266512270595,veteran_model,True,,False,2026,False,,,deep_bench,deep_bench_discounted,,
00-0038465,Malik Heath,GB,WR,receiving_yards,2.604384247449111,0.0,5.5872420479773615,veteran_model,True,,False,2026,False,,,deep_bench,deep_bench_discounted,,
00-0038465,Malik Heath,GB,WR,receptions,0.21778742683743066,0.00495432378043934,0.39476405811694043,veteran_model,True,,False,2026,False,,,deep_bench,deep_bench_discounted,,
00-0038465,Malik Heath,GB,WR,targets,0.39157199053875297,0.1273342426518245,0.6445972944583259,veteran_model,True,,False,2026,False,,,deep_bench,deep_bench_discounted,,
00-0039146,Jayden Reed,GB,WR,receiving_tds,0.14240326670938463,0.0,0.31804988149709446,veteran_model,False,,False,2026,False,ACT,1.0,starter,curated,,
00-0039146,Jayden Reed,GB,WR,receiving_yards,20.651790896276786,2.3425582973141736,40.537509566465125,veteran_model,False,,False,2026,False,ACT,1.0,starter,curated,,
00-0039146,Jayden Reed,GB,WR,receptions,1.8682418387674438,0.4493544850541682,3.0480860472975086,veteran_model,False,,False,2026,False,ACT,1.0,starter,curated,,
00-0039146,Jayden Reed,GB,WR,targets,3.253092561419931,1.4915075755070744,4.9399279208837505,veteran_model,False,,False,2026,False,ACT,1.0,starter,curated,,
00-0040009,Savion Williams,GB,WR,receiving_tds,0.015466000453948407,0.0,0.04181299267210488,veteran_model,True,,False,2026,False,ACT,,deep_bench,deep_bench_discounted,,
00-0040009,Savion Williams,GB,WR,receiving_yards,1.9608944915408473,0.0,4.943752292069098,veteran_model,True,,False,2026,False,ACT,,deep_bench,deep_bench_discounted,,
00-0040009,Savion Williams,GB,WR,receptions,0.2088023995487051,0.0,0.38577903082821485,veteran_model,True,,False,2026,False,ACT,,deep_bench,deep_bench_discounted,,
00-0040009,Savion Williams,GB,WR,targets,0.29898937069013926,0.034751622803210744,0.5520146746097122,veteran_model,True,,False,2026,False,ACT,,deep_bench,deep_bench_discounted,,
00-0040388,Jakobie Keeney-James,GB,WR,receiving_tds,0.01779927318996733,0.0,0.0441462654081238,veteran_model,True,,False,2026,False,ACT,,deep_bench,deep_bench_discounted,,
00-0040388,Jakobie Keeney-James,GB,WR,receiving_yards,3.5435630829273927,0.797178193083001,6.526420883455644,veteran_model,True,,False,2026,False,ACT,,deep_bench,deep_bench_discounted,,
00-0040388,Jakobie Keeney-James,GB,WR,receptions,0.28393944292641216,0.07110633986942085,0.4609160742059219,veteran_model,True,,False,2026,False,ACT,,deep_bench,deep_bench_discounted,,
00-0040388,Jakobie Keeney-James,GB,WR,targets,0.4612501964528316,0.1970124485659031,0.7142755003724046,veteran_model,True,,False,2026,False,ACT,,deep_bench,deep_bench_discounted,,
00-0040667,Matthew Golden,GB,WR,receiving_tds,0.18051873119083775,0.009138844527664364,0.35616534597854754,veteran_model,False,,False,2026,False,ACT,2.0,starter,curated,,
00-0040667,Matthew Golden,GB,WR,receiving_yards,23.993158896465886,5.683926297503273,43.878877566654225,veteran_model,False,,False,2026,False,ACT,2.0,starter,curated,,
00-0040667,Matthew Golden,GB,WR,receptions,2.231528740066279,0.8126413863530033,3.4113729485963438,veteran_model,False,,False,2026,False,ACT,2.0,starter,curated,,
00-0040667,Matthew Golden,GB,WR,targets,3.4505694343809763,1.6889844484681196,5.137404793844796,veteran_model,False,,False,2026,False,ACT,2.0,starter,curated,,
00-0040948,J. Michael Sturdivant,GB,WR,receiving_tds,0.06765367056315331,0.0,0.2792207792207792,rookie_rule,True,udfa,False,2026,False,,,,rookie_path,,no_data
00-0040948,J. Michael Sturdivant,GB,WR,receiving_yards,16.483202046995153,0.0,37.91666666666667,rookie_rule,True,udfa,False,2026,False,,,,rookie_path,,no_data
00-0040948,J. Michael Sturdivant,GB,WR,receptions,1.2985607065348446,0.0,2.5804195804195804,rookie_rule,True,udfa,False,2026,False,,,,rookie_path,,no_data
00-0040948,J. Michael Sturdivant,GB,WR,targets,2.291585318417215,1.0,4.215909090909091,rookie_rule,True,udfa,False,2026,False,,,,rookie_path,,no_data
00-0034386,Justin Watson,HOU,WR,receiving_tds,0.02059301850280003,0.0,0.0469400107209565,veteran_model,True,,False,2026,False,ACT,,deep_bench,deep_bench_discounted,,
00-0034386,Justin Watson,HOU,WR,receiving_yards,2.4866789148429858,0.0,5.469536715371237,veteran_model,True,,False,2026,False,ACT,,deep_bench,deep_bench_discounted,,
00-0034386,Justin Watson,HOU,WR,receptions,0.23122228273304493,0.0183891796760536,0.40819891401255465,veteran_model,True,,False,2026,False,ACT,,deep_bench,deep_bench_discounted,,
00-0034386,Justin Watson,HOU,WR,targets,0.38452409145946603,0.12028634357253754,0.637549395379039,veteran_model,True,,False,2026,False,ACT,,deep_bench,deep_bench_discounted,,
00-0036554,Nico Collins,HOU,WR,receiving_tds,0.3409385260200993,0.1695586393569259,0.516585140807809,veteran_model,False,,False,2026,False,ACT,1.0,starter,curated,,
00-0036554,Nico Collins,HOU,WR,receiving_yards,60.647910140763116,42.33867754180051,80.53362881095146,veteran_model,False,,False,2026,False,ACT,1.0,starter,curated,,
00-0036554,Nico Collins,HOU,WR,receptions,4.80922244514141,3.3903350914281347,5.989066653671475,veteran_model,False,,False,2026,False,ACT,1.0,starter,curated,,
00-0036554,Nico Collins,HOU,WR,targets,7.43022944711948,5.668644461206624,9.1170648065833,veteran_model,False,,False,2026,False,ACT,1.0,starter,curated,,
00-0038618,Xavier Hutchinson,HOU,WR,receiving_tds,0.018458243040004964,0.0,0.04480523525816143,veteran_model,True,,False,2026,False,ACT,,deep_bench,deep_bench_discounted,,
00-0038618,Xavier Hutchinson,HOU,WR,receiving_yards,4.260868137170354,1.5144832473259617,7.2437259376986045,veteran_model,True,,False,2026,False,ACT,,deep_bench,deep_bench_discounted,,
00-0038618,Xavier Hutchinson,HOU,WR,receptions,0.3574787238869544,0.1446456208299631,0.5344553551664641,veteran_model,True,,False,2026,False,ACT,,deep_bench,deep_bench_discounted,,
00-0038618,Xavier Hutchinson,HOU,WR,targets,0.5219430635769724,0.25770531569004385,0.7749683674965454,veteran_model,True,,False,2026,False,ACT,,deep_bench,deep_bench_discounted,,
00-0038728,Jared Wayne,HOU,WR,receiving_tds,0.014507897751132507,0.0,0.04085488996928898,veteran_model,True,,False,2026,False,ACT,,deep_bench,deep_bench_discounted,,
00-0038728,Jared Wayne,HOU,WR,receiving_yards,2.5003814303296137,0.0,5.483239230857864,veteran_model,True,,False,2026,False,ACT,,deep_bench,deep_bench_discounted,,
00-0038728,Jared Wayne,HOU,WR,receptions,0.2264714421052597,0.013638339048268376,0.40344807338476946,veteran_model,True,,False,2026,False,ACT,,deep_bench,deep_bench_discounted,,
00-0038728,Jared Wayne,HOU,WR,targets,0.34636502922747153,0.08212728134054305,0.5993903331470445,veteran_model,True,,False,2026,False,ACT,,deep_bench,deep_bench_discounted,,
00-0040130,Jayden Higgins,HOU,WR,receiving_tds,0.16844502090488578,0.0,0.3440916356925956,veteran_model,False,,False,2026,False,ACT,2.0,starter,curated,,
00-0040130,Jayden Higgins,HOU,WR,receiving_yards,30.976201578823922,12.66696897986131,50.86192024901226,veteran_model,False,,False,2026,False,ACT,2.0,starter,curated,,
00-0040130,Jayden Higgins,HOU,WR,receptions,2.5193221030857984,1.1004347493725228,3.6991663116158633,veteran_model,False,,False,2026,False,ACT,2.0,starter,curated,,
00-0040130,Jayden Higgins,HOU,WR,targets,3.914904997979137,2.1533200120662803,5.6017403574429565,veteran_model,False,,False,2026,False,ACT,2.0,starter,curated,,
00-0040138,Jaylin Noel,HOU,WR,receiving_tds,0.12271008654161011,0.0,0.2983567013293199,veteran_model,False,,False,2026,False,ACT,3.0,starter,curated,,
00-0040138,Jaylin Noel,HOU,WR,receiving_yards,16.723187776293585,0.0,36.608906446481924,veteran_model,False,,False,2026,False,ACT,3.0,starter,curated,,
00-0040138,Jaylin Noel,HOU,WR,receptions,1.7010941993165074,0.28220684560323184,2.880938407846572,veteran_model,False,,False,2026,False,ACT,3.0,starter,curated,,
00-0040138,Jaylin Noel,HOU,WR,targets,2.542065165541385,0.7804801796285283,4.228900525005205,veteran_model,False,,False,2026,False,ACT,3.0,starter,curated,,
00-0041308,Treyvhon Saunders,HOU,WR,receiving_tds,0.036100006795357416,0.0,0.14899224156456917,rookie_rule,True,udfa,False,2026,False,,,,rookie_path,,no_data
00-0041308,Treyvhon Saunders,HOU,WR,receiving_yards,8.795438605955802,0.0,20.232337919436752,rookie_rule,True,udfa,False,2026,False,,,,rookie_path,,no_data
00-0041308,Treyvhon Saunders,HOU,WR,receptions,0.6929121500707388,0.0,1.3769122002192564,rookie_rule,True,udfa,False,2026,False,,,,rookie_path,,no_data
00-0041308,Treyvhon Saunders,HOU,WR,targets,1.2227902030796611,0.533600120952178,2.2496096008324775,rookie_rule,True,udfa,False,2026,False,,,,rookie_path,,no_data
00-0041309,Daniel Sobkowicz,HOU,WR,receiving_tds,0.036100006795357416,0.0,0.14899224156456917,rookie_rule,True,udfa,False,2026,False,,,,rookie_path,,no_data
00-0041309,Daniel Sobkowicz,HOU,WR,receiving_yards,8.795438605955802,0.0,20.232337919436752,rookie_rule,True,udfa,False,2026,False,,,,rookie_path,,no_data
00-0041309,Daniel Sobkowicz,HOU,WR,receptions,0.6929121500707388,0.0,1.3769122002192564,rookie_rule,True,udfa,False,2026,False,,,,rookie_path,,no_data
00-0041309,Daniel Sobkowicz,HOU,WR,targets,1.2227902030796611,0.533600120952178,2.2496096008324775,rookie_rule,True,udfa,False,2026,False,,,,rookie_path,,no_data
BON235618,Lewis Bond,HOU,WR,receiving_tds,0.06365559847514493,0.0,0.18468649734977638,rookie_rule,True,drafted,False,2026,False,,,,rookie_path,,no_data
BON235618,Lewis Bond,HOU,WR,receiving_yards,10.398200143209305,1.6991157756179434,20.773768080024535,rookie_rule,True,drafted,False,2026,False,,,,rookie_path,,no_data
BON235618,Lewis Bond,HOU,WR,receptions,0.9026301923575265,0.27702974602466457,1.7388944058163565,rookie_rule,True,drafted,False,2026,False,,,,rookie_path,,no_data
BON235618,Lewis Bond,HOU,WR,targets,1.531590263259391,0.5540594920493291,2.8619303762394193,rookie_rule,True,drafted,False,2026,False,,,,rookie_path,,no_data
00-0035021,Ashton Dulin,IND,WR,receiving_tds,0.0697993318369293,0.0,0.2454459466246391,veteran_model,False,,False,2026,False,ACT,3.0,starter,curated,,
00-0035021,Ashton Dulin,IND,WR,receiving_yards,12.470963779941496,0.0,32.35668245012984,veteran_model,False,,False,2026,False,ACT,3.0,starter,curated,,
00-0035021,Ashton Dulin,IND,WR,receptions,1.3722182555003108,0.0,2.5520624640303757,veteran_model,False,,False,2026,False,ACT,3.0,starter,curated,,
00-0035021,Ashton Dulin,IND,WR,targets,2.3484482638667097,0.586863277953853,4.03528362333053,veteran_model,False,,False,2026,False,ACT,3.0,starter,curated,,
00-0036182,Nick Westbrook-Ikhine,IND,WR,receiving_tds,0.01930289416022115,0.0,0.04564988637837762,veteran_model,True,,False,2026,True,ACT,,deep_bench,deep_bench_discounted,,
00-0036182,Nick Westbrook-Ikhine,IND,WR,receiving_yards,2.8334812903899333,0.08709640054554164,5.816339090918185,veteran_model,True,,False,2026,True,ACT,,deep_bench,deep_bench_discounted,,
00-0036182,Nick Westbrook-Ikhine,IND,WR,receptions,0.26933462395406793,0.056501520897076614,0.4463112552335777,veteran_model,True,,False,2026,True,ACT,,deep_bench,deep_bench_discounted,,
00-0036182,Nick Westbrook-Ikhine,IND,WR,targets,0.4238238126765093,0.15958606478958082,0.6768491165960824,veteran_model,True,,False,2026,True,ACT,,deep_bench,deep_bench_discounted,,
00-0037664,Alec Pierce,IND,WR,receiving_tds,0.23487651802645867,0.06349663136328529,0.41052313281416847,veteran_model,False,,False,2026,False,ACT,2.0,starter,curated,,
00-0037664,Alec Pierce,IND,WR,receiving_yards,35.951705786067656,17.642473187105043,55.837424456255995,veteran_model,False,,False,2026,False,ACT,2.0,starter,curated,,
00-0037664,Alec Pierce,IND,WR,receptions,2.603571381693914,1.1846840279806383,3.7834155902239788,veteran_model,False,,False,2026,False,ACT,2.0,starter,curated,,
00-0037664,Alec Pierce,IND,WR,targets,4.798715471021657,3.0371304851088,6.485550830485477,veteran_model,False,,False,2026,False,ACT,2.0,starter,curated,,
00-0038997,Josh Downs,IND,WR,receiving_tds,0.2546494291717559,0.08326954250858254,0.43029604395946575,veteran_model,False,,False,2026,False,ACT,1.0,starter,curated,,
00-0038997,Josh Downs,IND,WR,receiving_yards,48.28988350046602,29.980650901503406,68.17560217065436,veteran_model,False,,False,2026,False,ACT,1.0,starter,curated,,
00-0038997,Josh Downs,IND,WR,receptions,3.7497841734847337,2.330896819771458,4.929628382014799,veteran_model,False,,False,2026,False,ACT,1.0,starter,curated,,
00-0038997,Josh Downs,IND,WR,targets,5.859164432661137,4.097579446748281,7.545999792124957,veteran_model,False,,False,2026,False,ACT,1.0,starter,curated,,
00-0039816,Anthony Gould,IND,WR,receiving_tds,0.016716995851453226,0.0,0.0430639880696097,veteran_model,True,,False,2026,False,ACT,,deep_bench,deep_bench_discounted,,
00-0039816,Anthony Gould,IND,WR,receiving_yards,1.8459113024386042,0.0,4.828769102966856,veteran_model,True,,False,2026,False,ACT,,deep_bench,deep_bench_discounted,,
00-0039816,Anthony Gould,IND,WR,receptions,0.2013337900604081,0.0,0.3783104213399178,veteran_model,True,,False,2026,False,ACT,,deep_bench,deep_bench_discounted,,
00-0039816,Anthony Gould,IND,WR,targets,0.26785881766587477,0.003621069778946262,0.5208841215854477,veteran_model,True,,False,2026,False,ACT,,deep_bench,deep_bench_discounted,,
00-0040352,Coleman Owen,IND,WR,receiving_tds,0.002443896911520657,0.0,0.028790889129677127,veteran_model,True,,False,2026,False,ACT,,deep_bench,deep_bench_discounted,,
00-0040352,Coleman Owen,IND,WR,receiving_yards,1.8459113024386042,0.0,4.828769102966856,veteran_model,True,,False,2026,False,ACT,,deep_bench,deep_bench_discounted,,
00-0040352,Coleman Owen,IND,WR,receptions,0.19859351816328072,0.0,0.3755701494427904,veteran_model,True,,False,2026,False,ACT,,deep_bench,deep_bench_discounted,,
00-0040352,Coleman Owen,IND,WR,targets,0.26785881766587477,0.003621069778946262,0.5208841215854477,veteran_model,True,,False,2026,False,ACT,,deep_bench,deep_bench_discounted,,
00-0041228,Sahmir Hagans,IND,WR,receiving_tds,0.051217259111595616,0.0,0.21138428823817715,rookie_rule,True,udfa,False,2026,False,,,,rookie_path,,no_data
00-0041228,Sahmir Hagans,IND,WR,receiving_yards,12.478619758578624,0.0,28.704839296219138,rookie_rule,True,udfa,False,2026,False,,,,rookie_path,,no_data
00-0041228,Sahmir Hagans,IND,WR,receptions,0.9830763005925492,0.0,1.9535084669739236,rookie_rule,True,udfa,False,2026,False,,,,rookie_path,,no_data
00-0041228,Sahmir Hagans,IND,WR,targets,1.7348462848019686,0.7570507067134717,3.1916569567124773,rookie_rule,True,udfa,False,2026,False,,,,rookie_path,,no_data
00-0041229,E.J. Horton,IND,WR,receiving_tds,0.051217259111595616,0.0,0.21138428823817715,rookie_rule,True,udfa,False,2026,False,,,,rookie_path,,no_data
00-0041229,E.J. Horton,IND,WR,receiving_yards,12.478619758578624,0.0,28.704839296219138,rookie_rule,True,udfa,False,2026,False,,,,rookie_path,,no_data
00-0041229,E.J. Horton,IND,WR,receptions,0.9830763005925492,0.0,1.9535084669739236,rookie_rule,True,udfa,False,2026,False,,,,rookie_path,,no_data
00-0041229,E.J. Horton,IND,WR,targets,1.7348462848019686,0.7570507067134717,3.1916569567124773,rookie_rule,True,udfa,False,2026,False,,,,rookie_path,,no_data
00-0041233,Raylen Sharpe,IND,WR,receiving_tds,0.051217259111595616,0.0,0.21138428823817715,rookie_rule,True,udfa,False,2026,False,,,,rookie_path,,no_data
00-0041233,Raylen Sharpe,IND,WR,receiving_yards,12.478619758578624,0.0,28.704839296219138,rookie_rule,True,udfa,False,2026,False,,,,rookie_path,,no_data
00-0041233,Raylen Sharpe,IND,WR,receptions,0.9830763005925492,0.0,1.9535084669739236,rookie_rule,True,udfa,False,2026,False,,,,rookie_path,,no_data
00-0041233,Raylen Sharpe,IND,WR,targets,1.7348462848019686,0.7570507067134717,3.1916569567124773,rookie_rule,True,udfa,False,2026,False,,,,rookie_path,,no_data
00-0034960,Jakobi Meyers,JAX,WR,receiving_tds,0.34323473496560336,0.17185484830242997,0.5188813497533131,veteran_model,False,,False,2026,False,ACT,3.0,starter,curated,,
00-0034960,Jakobi Meyers,JAX,WR,receiving_yards,57.663659680263045,39.35442708130043,77.54937835045138,veteran_model,False,,False,2026,False,ACT,3.0,starter,curated,,
00-0034960,Jakobi Meyers,JAX,WR,receptions,4.641346277522484,3.2224589238092083,5.821190486052549,veteran_model,False,,False,2026,False,ACT,3.0,starter,curated,,
00-0034960,Jakobi Meyers,JAX,WR,targets,6.986969223399881,5.225384237487024,8.673804582863701,veteran_model,False,,False,2026,False,ACT,3.0,starter,curated,,
00-0036497,Tim Jones,JAX,WR,receiving_tds,0.01666144022178353,0.0,0.04300843243993999,veteran_model,True,,False,2026,False,ACT,,deep_bench,deep_bench_discounted,,
00-0036497,Tim Jones,JAX,WR,receiving_yards,1.48575065817939,0.0,4.4686084587076405,veteran_model,True,,False,2026,False,ACT,,deep_bench,deep_bench_discounted,,
00-0036497,Tim Jones,JAX,WR,receptions,0.1362752526368811,0.0,0.3132518839163908,veteran_model,True,,False,2026,False,ACT,,deep_bench,deep_bench_discounted,,
00-0036497,Tim Jones,JAX,WR,targets,0.29719771330042577,0.03295996541349727,0.5502230172199988,veteran_model,True,,False,2026,False,ACT,,deep_bench,deep_bench_discounted,,
00-0036841,Austin Trammell,JAX,WR,receiving_tds,0.01933694662988419,0.0,0.04568393884804066,veteran_model,True,,False,2026,False,ACT,,deep_bench,deep_bench_discounted,,
00-0036841,Austin Trammell,JAX,WR,receiving_yards,2.293458861025541,0.0,5.276316661553791,veteran_model,True,,False,2026,False,ACT,,deep_bench,deep_bench_discounted,,
00-0036841,Austin Trammell,JAX,WR,receptions,0.22154155202966344,0.0087084489726721,0.39851818330917316,veteran_model,True,,False,2026,False,ACT,,deep_bench,deep_bench_discounted,,
00-0036841,Austin Trammell,JAX,WR,targets,0.4320753801042556,0.1678376322173271,0.6851006840238286,veteran_model,True,,False,2026,False,ACT,,deep_bench,deep_bench_discounted,,
00-0038606,Parker Washington,JAX,WR,receiving_tds,0.05234388318799906,0.026636900188523053,0.07869087540615552,veteran_model,True,,False,2026,False,ACT,,deep_bench,deep_bench_discounted,,
00-0038606,Parker Washington,JAX,WR,receiving_yards,7.285874146208336,4.539489256363944,10.268731946736589,veteran_model,True,,False,2026,False,ACT,,deep_bench,deep_bench_discounted,,
00-0038606,Parker Washington,JAX,WR,receptions,0.5815787162506137,0.3687456131936225,0.7585553475301235,veteran_model,True,,False,2026,False,ACT,,deep_bench,deep_bench_discounted,,
00-0038606,Parker Washington,JAX,WR,targets,0.8760721037634847,0.6118343558765562,1.1290974076830576,veteran_model,True,,False,2026,False,ACT,,deep_bench,deep_bench_discounted,,
00-0039893,Brian Thomas Jr.,JAX,WR,receiving_tds,0.3604373069440212,0.18905742028084782,0.536083921731731,veteran_model,False,,False,2026,False,ACT,1.0,starter,curated,,
00-0039893,Brian Thomas Jr.,JAX,WR,receiving_yards,40.39283579821812,22.08360319925551,60.27855446840646,veteran_model,False,,False,2026,False,ACT,1.0,starter,curated,,
00-0039893,Brian Thomas Jr.,JAX,WR,receptions,3.538838836674551,2.119951482961276,4.718683045204616,veteran_model,False,,False,2026,False,ACT,1.0,starter,curated,,
00-0039893,Brian Thomas Jr.,JAX,WR,targets,5.488105169168966,3.7265201832561092,7.174940528632786,veteran_model,False,,False,2026,False,ACT,1.0,starter,curated,,
00-0041205,Brady Boyd,JAX,WR,receiving_tds,0.04735084056054077,0.0,0.19542677415752666,rookie_rule,True,udfa,False,2026,False,,,,rookie_path,,no_data
00-0041205,Brady Boyd,JAX,WR,receiving_yards,11.536602013720337,0.0,26.537895475228478,rookie_rule,True,udfa,False,2026,False,,,,rookie_path,,no_data
00-0041205,Brady Boyd,JAX,WR,receptions,0.9088633397343441,0.0,1.8060370577777867,rookie_rule,True,udfa,False,2026,False,,,,rookie_path,,no_data
00-0041205,Brady Boyd,JAX,WR,targets,1.603881801830089,0.6999005400060258,2.9507170493435857,rookie_rule,True,udfa,False,2026,False,,,,rookie_path,,no_data
00-0041206,Alex Bullock,JAX,WR,receiving_tds,0.04735084056054077,0.0,0.19542677415752666,rookie_rule,True,udfa,False,2026,False,,,,rookie_path,,no_data
00-0041206,Alex Bullock,JAX,WR,receiving_yards,11.536602013720337,0.0,26.537895475228478,rookie_rule,True,udfa,False,2026,False,,,,rookie_path,,no_data
00-0041206,Alex Bullock,JAX,WR,receptions,0.9088633397343441,0.0,1.8060370577777867,rookie_rule,True,udfa,False,2026,False,,,,rookie_path,,no_data
00-0041206,Alex Bullock,JAX,WR,targets,1.603881801830089,0.6999005400060258,2.9507170493435857,rookie_rule,True,udfa,False,2026,False,,,,rookie_path,,no_data
00-0041215,Ben Patterson,JAX,WR,receiving_tds,0.04735084056054077,0.0,0.19542677415752666,rookie_rule,True,udfa,False,2026,False,,,,rookie_path,,no_data
00-0041215,Ben Patterson,JAX,WR,receiving_yards,11.536602013720337,0.0,26.537895475228478,rookie_rule,True,udfa,False,2026,False,,,,rookie_path,,no_data
00-0041215,Ben Patterson,JAX,WR,receptions,0.9088633397343441,0.0,1.8060370577777867,rookie_rule,True,udfa,False,2026,False,,,,rookie_path,,no_data
00-0041215,Ben Patterson,JAX,WR,targets,1.603881801830089,0.6999005400060258,2.9507170493435857,rookie_rule,True,udfa,False,2026,False,,,,rookie_path,,no_data
00-0041216,Trebor Pena,JAX,WR,receiving_tds,0.04735084056054077,0.0,0.19542677415752666,rookie_rule,True,udfa,False,2026,False,,,,rookie_path,,no_data
00-0041216,Trebor Pena,JAX,WR,receiving_yards,11.536602013720337,0.0,26.537895475228478,rookie_rule,True,udfa,False,2026,False,,,,rookie_path,,no_data
00-0041216,Trebor Pena,JAX,WR,receptions,0.9088633397343441,0.0,1.8060370577777867,rookie_rule,True,udfa,False,2026,False,,,,rookie_path,,no_data
00-0041216,Trebor Pena,JAX,WR,targets,1.603881801830089,0.6999005400060258,2.9507170493435857,rookie_rule,True,udfa,False,2026,False,,,,rookie_path,,no_data
00-0041220,Michael Wortham,JAX,WR,receiving_tds,0.04735084056054077,0.0,0.19542677415752666,rookie_rule,True,udfa,False,2026,False,,,,rookie_path,,no_data
00-0041220,Michael Wortham,JAX,WR,receiving_yards,11.536602013720337,0.0,26.537895475228478,rookie_rule,True,udfa,False,2026,False,,,,rookie_path,,no_data
00-0041220,Michael Wortham,JAX,WR,receptions,0.9088633397343441,0.0,1.8060370577777867,rookie_rule,True,udfa,False,2026,False,,,,rookie_path,,no_data
00-0041220,Michael Wortham,JAX,WR,targets,1.603881801830089,0.6999005400060258,2.9507170493435857,rookie_rule,True,udfa,False,2026,False,,,,rookie_path,,no_data
CAM108646,Josh Cameron,JAX,WR,receiving_tds,0.0834943359226741,0.0,0.24224540840858352,rookie_rule,True,drafted,False,2026,False,,,,rookie_path,,no_data
CAM108646,Josh Cameron,JAX,WR,receiving_yards,13.638876022622126,2.2286577573589694,27.248066344557987,rookie_rule,True,drafted,False,2026,False,,,,rookie_path,,no_data
CAM108646,Josh Cameron,JAX,WR,receptions,1.1839415589513973,0.3633681126128753,2.280833691477741,rookie_rule,True,drafted,False,2026,False,,,,rookie_path,,no_data
CAM108646,Josh Cameron,JAX,WR,targets,2.008921681671226,0.7267362252257508,3.7538721172237817,rookie_rule,True,drafted,False,2026,False,,,,rookie_path,,no_data
WIL189259,CJ Williams,JAX,WR,receiving_tds,0.0834943359226741,0.0,0.24224540840858352,rookie_rule,True,drafted,False,2026,False,,,,rookie_path,,no_data
WIL189259,CJ Williams,JAX,WR,receiving_yards,13.638876022622126,2.2286577573589694,27.248066344557987,rookie_rule,True,drafted,False,2026,False,,,,rookie_path,,no_data
WIL189259,CJ Williams,JAX,WR,receptions,1.1839415589513973,0.3633681126128753,2.280833691477741,rookie_rule,True,drafted,False,2026,False,,,,rookie_path,,no_data
WIL189259,CJ Williams,JAX,WR,targets,2.008921681671226,0.7267362252257508,3.7538721172237817,rookie_rule,True,drafted,False,2026,False,,,,rookie_path,,no_data
00-0038104,Tyquan Thornton,KC,WR,receiving_tds,0.17060759945551898,0.0,0.3462542142432288,veteran_model,False,,False,2026,False,ACT,3.0,starter,curated,,
00-0038104,Tyquan Thornton,KC,WR,receiving_yards,24.37766543174758,6.068432832784968,44.26338410193592,veteran_model,False,,False,2026,False,ACT,3.0,starter,curated,,
00-0038104,Tyquan Thornton,KC,WR,receptions,1.7256667194673874,0.3067793657541118,2.9055109279974523,veteran_model,False,,False,2026,False,ACT,3.0,starter,curated,,
00-0038104,Tyquan Thornton,KC,WR,targets,2.8059049646102783,1.0443199786974215,4.492740324074099,veteran_model,False,,False,2026,False,ACT,3.0,starter,curated,,
00-0038492,Jason Brownlee,KC,WR,receiving_tds,0.004235604568761498,0.0,0.030582596786917965,veteran_model,True,,False,2026,False,ACT,,deep_bench,deep_bench_discounted,,
00-0038492,Jason Brownlee,KC,WR,receiving_yards,1.4188701907994123,0.0,4.401727991327664,veteran_model,True,,False,2026,False,ACT,,deep_bench,deep_bench_discounted,,
00-0038492,Jason Brownlee,KC,WR,receptions,0.11765006040788843,0.0,0.2946266916873982,veteran_model,True,,False,2026,False,ACT,,deep_bench,deep_bench_discounted,,
00-0038492,Jason Brownlee,KC,WR,targets,0.2624371274827112,0.0,0.5154624314022841,veteran_model,True,,False,2026,False,ACT,,deep_bench,deep_bench_discounted,,
00-0038519,Nikko Remigio,KC,WR,receiving_tds,0.009120412765807169,0.0,0.03546740498396364,veteran_model,True,,False,2026,False,ACT,,deep_bench,deep_bench_discounted,,
00-0038519,Nikko Remigio,KC,WR,receiving_yards,1.4188701907994123,0.0,4.401727991327664,veteran_model,True,,False,2026,False,ACT,,deep_bench,deep_bench_discounted,,
00-0038519,Nikko Remigio,KC,WR,receptions,0.12339783968596317,0.0,0.30037447096547293,veteran_model,True,,False,2026,False,ACT,,deep_bench,deep_bench_discounted,,
00-0038519,Nikko Remigio,KC,WR,targets,0.22889691437197643,0.0,0.48192221829154946,veteran_model,True,,False,2026,False,ACT,,deep_bench,deep_bench_discounted,,
00-0039067,Rashee Rice,KC,WR,receiving_tds,0.25822076625986745,0.08684087959669406,0.43386738104757727,veteran_model,False,,False,2026,False,ACT,1.0,starter,curated,,
00-0039067,Rashee Rice,KC,WR,receiving_yards,54.531880519737015,36.222647920774406,74.41759918992535,veteran_model,False,,False,2026,False,ACT,1.0,starter,curated,,
00-0039067,Rashee Rice,KC,WR,receptions,4.6092408570810415,3.190353503367766,5.789085065611106,veteran_model,False,,False,2026,False,ACT,1.0,starter,curated,,
00-0039067,Rashee Rice,KC,WR,targets,7.5035217910503125,5.741936805137456,9.190357150514131,veteran_model,False,,False,2026,False,ACT,1.0,starter,curated,,
00-0039894,Xavier Worthy,KC,WR,receiving_tds,0.20217635155643857,0.03079646489326518,0.37782296634414836,veteran_model,False,,False,2026,False,ACT,2.0,starter,curated,,
00-0039894,Xavier Worthy,KC,WR,receiving_yards,34.52450282897066,16.21527023000805,54.410221499159,veteran_model,False,,False,2026,False,ACT,2.0,starter,curated,,
00-0039894,Xavier Worthy,KC,WR,receptions,2.5750838603545665,1.156196506641291,3.7549280688846314,veteran_model,False,,False,2026,False,ACT,2.0,starter,curated,,
00-0039894,Xavier Worthy,KC,WR,targets,4.396579986088406,2.634995000175549,6.0834153455522255,veteran_model,False,,False,2026,False,ACT,2.0,starter,curated,,
00-0040646,Jalen Royals,KC,WR,receiving_tds,0.009428262360289803,0.0,0.03577525457844627,veteran_model,True,,False,2026,False,ACT,,deep_bench,deep_bench_discounted,,
00-0040646,Jalen Royals,KC,WR,receiving_yards,2.083311702876283,0.0,5.0661695034045335,veteran_model,True,,False,2026,False,ACT,,deep_bench,deep_bench_discounted,,
00-0040646,Jalen Royals,KC,WR,receptions,0.17545957150725885,0.0,0.3524362027867686,veteran_model,True,,False,2026,False,ACT,,deep_bench,deep_bench_discounted,,
00-0040646,Jalen Royals,KC,WR,targets,0.28951392322614045,0.02527617533921197,0.5425392271457135,veteran_model,True,,False,2026,False,ACT,,deep_bench,deep_bench_discounted,,
00-0040953,Jeff Caldwell,KC,WR,receiving_tds,0.06753249872158627,0.0,0.2787206778110503,rookie_rule,True,udfa,False,2026,False,,,,rookie_path,,above_median
00-0040953,Jeff Caldwell,KC,WR,receiving_yards,16.45367962891598,0.0,37.84875560895407,rookie_rule,True,udfa,False,2026,False,,,,rookie_path,,above_median
00-0040953,Jeff Caldwell,KC,WR,receptions,1.2962349052754651,0.0,2.5757978918996174,rookie_rule,True,udfa,False,2026,False,,,,rookie_path,,above_median
00-0040953,Jeff Caldwell,KC,WR,targets,2.2874809496397455,0.9982089391372502,4.208358141135452,rookie_rule,True,udfa,False,2026,False,,,,rookie_path,,above_median
00-0040954,Omari Evans,KC,WR,receiving_tds,0.06253009140887618,0.0,0.25807470167689844,rookie_rule,True,udfa,False,2026,False,,,,rookie_path,,no_data
00-0040954,Omari Evans,KC,WR,receiving_yards,15.234888545292574,0.0,35.04514408236488,rookie_rule,True,udfa,False,2026,False,,,,rookie_path,,no_data
00-0040954,Omari Evans,KC,WR,receptions,1.20021750488469,0.0,2.384998048055201,rookie_rule,True,udfa,False,2026,False,,,,rookie_path,,no_data
00-0040954,Omari Evans,KC,WR,targets,2.1180379163330976,0.9242675362381946,3.896627908458752,rookie_rule,True,udfa,False,2026,False,,,,rookie_path,,no_data
00-0040967,Jacob De Jesus,KC,WR,receiving_tds,0.06253009140887618,0.0,0.25807470167689844,rookie_rule,True,udfa,False,2026,False,,,,rookie_path,,no_data
00-0040967,Jacob De Jesus,KC,WR,receiving_yards,15.234888545292574,0.0,35.04514408236488,rookie_rule,True,udfa,False,2026,False,,,,rookie_path,,no_data
00-0040967,Jacob De Jesus,KC,WR,receptions,1.20021750488469,0.0,2.384998048055201,rookie_rule,True,udfa,False,2026,False,,,,rookie_path,,no_data
00-0040967,Jacob De Jesus,KC,WR,targets,2.1180379163330976,0.9242675362381946,3.896627908458752,rookie_rule,True,udfa,False,2026,False,,,,rookie_path,,no_data
00-0041020,Xavier Loyd,KC,WR,receiving_tds,0.06253009140887618,0.0,0.25807470167689844,rookie_rule,True,udfa,False,2026,False,,,,rookie_path,,no_data
00-0041020,Xavier Loyd,KC,WR,receiving_yards,15.234888545292574,0.0,35.04514408236488,rookie_rule,True,udfa,False,2026,False,,,,rookie_path,,no_data
00-0041020,Xavier Loyd,KC,WR,receptions,1.20021750488469,0.0,2.384998048055201,rookie_rule,True,udfa,False,2026,False,,,,rookie_path,,no_data
00-0041020,Xavier Loyd,KC,WR,targets,2.1180379163330976,0.9242675362381946,3.896627908458752,rookie_rule,True,udfa,False,2026,False,,,,rookie_path,,no_data
ALL092954,Cyrus Allen,KC,WR,receiving_tds,0.11026010088866309,0.0,0.31990197749081467,rookie_rule,True,drafted,False,2026,False,,,,rookie_path,,no_data
ALL092954,Cyrus Allen,KC,WR,receiving_yards,18.011088173154725,2.943098192915496,35.9829743056387,rookie_rule,True,drafted,False,2026,False,,,,rookie_path,,no_data
ALL092954,Cyrus Allen,KC,WR,receptions,1.5634775017213072,0.47985296623622203,3.0120001572981328,rookie_rule,True,drafted,False,2026,False,,,,rookie_path,,no_data
ALL092954,Cyrus Allen,KC,WR,targets,2.652921361080488,0.9597059324724441,4.95725025888651,rookie_rule,True,drafted,False,2026,False,,,,rookie_path,,no_data
00-0031381,Davante Adams,LA,WR,receiving_tds,0.44790846493207165,0.27652857826889826,0.6235550797197814,veteran_model,False,,False,2026,False,ACT,2.0,starter,curated,,
00-0031381,Davante Adams,LA,WR,receiving_yards,69.51057102696439,51.201338428001776,89.39628969715272,veteran_model,False,,False,2026,False,ACT,2.0,starter,curated,,
00-0031381,Davante Adams,LA,WR,receptions,5.667992019693164,4.249104665979889,6.84783622822323,veteran_model,False,,False,2026,False,ACT,2.0,starter,curated,,
00-0031381,Davante Adams,LA,WR,targets,8.196751931825204,6.435166945912348,9.883587291289025,veteran_model,False,,False,2026,False,ACT,2.0,starter,curated,,
00-0038359,Xavier Smith,LA,WR,receiving_tds,0.016239053334646616,0.0,0.042586045552803084,veteran_model,True,,False,2026,False,ACT,,deep_bench,deep_bench_discounted,,
00-0038359,Xavier Smith,LA,WR,receiving_yards,2.9363371276201877,0.18995223777579592,5.919194928148438,veteran_model,True,,False,2026,False,ACT,,deep_bench,deep_bench_discounted,,
00-0038359,Xavier Smith,LA,WR,receptions,0.27550300509509906,0.06266990203810775,0.45247963637460886,veteran_model,True,,False,2026,False,ACT,,deep_bench,deep_bench_discounted,,
00-0038359,Xavier Smith,LA,WR,targets,0.42782845423999116,0.16359070635306266,0.6808537581595642,veteran_model,True,,False,2026,False,ACT,,deep_bench,deep_bench_discounted,,
00-0039075,Puka Nacua,LA,WR,receiving_tds,0.453190554418006,0.2818106677548326,0.6288371692057158,veteran_model,False,,False,2026,False,ACT,1.0,starter,curated,,
00-0039075,Puka Nacua,LA,WR,receiving_yards,81.32595718922867,63.016724590266065,101.21167585941701,veteran_model,False,,False,2026,False,ACT,1.0,starter,curated,,
00-0039075,Puka Nacua,LA,WR,receptions,6.886335734936789,5.467448381223513,8.066179943466853,veteran_model,False,,False,2026,False,ACT,1.0,starter,curated,,
00-0039075,Puka Nacua,LA,WR,targets,9.24693129707107,7.485346311158214,10.933766656534889,veteran_model,False,,False,2026,False,ACT,1.0,starter,curated,,
00-0039751,Jordan Whittington,LA,WR,receiving_tds,0.13913839827064128,0.0,0.31478501305835105,veteran_model,False,,False,2026,False,ACT,3.0,starter,curated,,
00-0039751,Jordan Whittington,LA,WR,receiving_yards,17.44409764280093,0.0,37.329816312989266,veteran_model,False,,False,2026,False,ACT,3.0,starter,curated,,
00-0039751,Jordan Whittington,LA,WR,receptions,1.9436995701173205,0.524812216404045,3.1235437786473854,veteran_model,False,,False,2026,False,ACT,3.0,starter,curated,,
00-0039751,Jordan Whittington,LA,WR,targets,3.0231345307612574,1.2615495448484007,4.709969890225077,veteran_model,False,,False,2026,False,ACT,3.0,starter,curated,,
00-0040590,Konata Mumpfield,LA,WR,receiving_tds,0.017860982662263467,0.0,0.044207974880419935,veteran_model,True,,False,2026,False,ACT,,deep_bench,deep_bench_discounted,,
00-0040590,Konata Mumpfield,LA,WR,receiving_yards,3.297053912386749,0.5506690225423572,6.279911712915,veteran_model,True,,False,2026,False,ACT,,deep_bench,deep_bench_discounted,,
00-0040590,Konata Mumpfield,LA,WR,receptions,0.29003941624419355,0.07720631318720224,0.4670160475237033,veteran_model,True,,False,2026,False,ACT,,deep_bench,deep_bench_discounted,,
00-0040590,Konata Mumpfield,LA,WR,targets,0.43425018851224056,0.17001244062531204,0.6872754924318135,veteran_model,True,,False,2026,False,ACT,,deep_bench,deep_bench_discounted,,
DAN490797,CJ Daniels,LA,WR,receiving_tds,0.034466839421719096,0.0,0.09999999999999998,rookie_rule,True,drafted,False,2026,False,,,,rookie_path,,no_data
DAN490797,CJ Daniels,LA,WR,receiving_yards,5.630189695739495,0.9200000000000004,11.248125,rookie_rule,True,drafted,False,2026,False,,,,rookie_path,,no_data
DAN490797,CJ Daniels,LA,WR,receptions,0.48873642919765914,0.14999999999999997,0.9415384615384617,rookie_rule,True,drafted,False,2026,False,,,,rookie_path,,no_data
DAN490797,CJ Daniels,LA,WR,targets,0.8292919543320613,0.3,1.5496153846153848,rookie_rule,True,drafted,False,2026,False,,,,rookie_path,,no_data
00-0030279,Keenan Allen,LAC,WR,receiving_tds,0.04714638094760034,0.02143939794812433,0.07349337316575681,veteran_model,True,,False,2026,False,,,deep_bench,deep_bench_discounted,,
00-0030279,Keenan Allen,LAC,WR,receiving_yards,8.663726451019965,5.917341561175574,11.646584251548216,veteran_model,True,,False,2026,False,,,deep_bench,deep_bench_discounted,,
00-0030279,Keenan Allen,LAC,WR,receptions,0.6300265490856262,0.4171934460286349,0.8070031803651359,veteran_model,True,,False,2026,False,,,deep_bench,deep_bench_discounted,,
00-0030279,Keenan Allen,LAC,WR,targets,0.9451007606508091,0.6808630127638805,1.198126064570382,veteran_model,True,,False,2026,False,,,deep_bench,deep_bench_discounted,,
00-0038544,Quentin Johnston,LAC,WR,receiving_tds,0.22067889300765364,0.049299006344480256,0.39632550779536346,veteran_model,False,,False,2026,False,ACT,2.0,starter,curated,,
00-0038544,Quentin Johnston,LAC,WR,receiving_yards,34.80151392040623,16.492281321443617,54.68723259059457,veteran_model,False,,False,2026,False,ACT,2.0,starter,curated,,
00-0038544,Quentin Johnston,LAC,WR,receptions,3.1142465465205715,1.695359192807296,4.294090755050636,veteran_model,False,,False,2026,False,ACT,2.0,starter,curated,,
00-0038544,Quentin Johnston,LAC,WR,targets,5.104038885422834,3.342453899509977,6.790874244886654,veteran_model,False,,False,2026,False,ACT,2.0,starter,curated,,
00-0038573,Derius Davis,LAC,WR,receiving_tds,0.012041714027355625,0.0,0.03838870624551209,veteran_model,True,,False,2026,False,ACT,,deep_bench,deep_bench_discounted,,
00-0038573,Derius Davis,LAC,WR,receiving_yards,2.0249236640546067,0.0,5.007781464582858,veteran_model,True,,False,2026,False,ACT,,deep_bench,deep_bench_discounted,,
00-0038573,Derius Davis,LAC,WR,receptions,0.17554727123022681,0.0,0.3525239025097365,veteran_model,True,,False,2026,False,ACT,,deep_bench,deep_bench_discounted,,
00-0038573,Derius Davis,LAC,WR,targets,0.262137291281312,0.0,0.515162595200885,veteran_model,True,,False,2026,False,ACT,,deep_bench,deep_bench_discounted,,
00-0039915,Ladd McConkey,LAC,WR,receiving_tds,0.3643440113498319,0.19296412468665852,0.5399906261375417,veteran_model,False,,False,2026,False,ACT,1.0,starter,curated,,
00-0039915,Ladd McConkey,LAC,WR,receiving_yards,55.48321981920333,37.17398722024072,75.36893848939167,veteran_model,False,,False,2026,False,ACT,1.0,starter,curated,,
00-0039915,Ladd McConkey,LAC,WR,receptions,4.204378232577354,2.7854908788640786,5.384222441107418,veteran_model,False,,False,2026,False,ACT,1.0,starter,curated,,
00-0039915,Ladd McConkey,LAC,WR,targets,6.249516437344751,4.487931451431894,7.936351796808571,veteran_model,False,,False,2026,False,ACT,1.0,starter,curated,,
00-0040184,KeAndre Lambert-Smith,LAC,WR,receiving_tds,0.012013319573233955,0.0,0.038360311791390427,veteran_model,True,,False,2026,False,ACT,,deep_bench,deep_bench_discounted,,
00-0040184,KeAndre Lambert-Smith,LAC,WR,receiving_yards,2.207918722069898,0.0,5.190776522598149,veteran_model,True,,False,2026,False,ACT,,deep_bench,deep_bench_discounted,,
00-0040184,KeAndre Lambert-Smith,LAC,WR,receptions,0.18972462725906966,0.0,0.3667012585385794,veteran_model,True,,False,2026,False,ACT,,deep_bench,deep_bench_discounted,,
00-0040184,KeAndre Lambert-Smith,LAC,WR,targets,0.337397960167561,0.07316021228063253,0.590423264087134,veteran_model,True,,False,2026,False,ACT,,deep_bench,deep_bench_discounted,,
00-0040727,Tre Harris,LAC,WR,receiving_tds,0.12545264679576706,0.0,0.3010992615834769,veteran_model,False,,False,2026,False,ACT,3.0,starter,curated,,
00-0040727,Tre Harris,LAC,WR,receiving_yards,23.023790700573343,4.714558101610731,42.90950937076168,veteran_model,False,,False,2026,False,ACT,3.0,starter,curated,,
00-0040727,Tre Harris,LAC,WR,receptions,2.0009660740188595,0.5820787203055839,3.1808102825489244,veteran_model,False,,False,2026,False,ACT,3.0,starter,curated,,
00-0040727,Tre Harris,LAC,WR,targets,3.05248817427609,1.2909031883632331,4.73932353373991,veteran_model,False,,False,2026,False,ACT,3.0,starter,curated,,
00-0041373,Jerand Bradley,LAC,WR,receiving_tds,0.05862646949936167,0.0,0.2419636415927234,rookie_rule,True,udfa,False,2026,False,,,,rookie_path,,no_data
00-0041373,Jerand Bradley,LAC,WR,receiving_yards,14.283806540221754,0.0,32.85734954729095,rookie_rule,True,udfa,False,2026,False,,,,rookie_path,,no_data
00-0041373,Jerand Bradley,LAC,WR,receptions,1.1252904538811208,0.0,2.236107643055473,rookie_rule,True,udfa,False,2026,False,,,,rookie_path,,no_data
00-0041373,Jerand Bradley,LAC,WR,targets,1.9858132701013045,0.8665674605878932,3.653369634978504,rookie_rule,True,udfa,False,2026,False,,,,rookie_path,,no_data
00-0041374,Sincere Brown,LAC,WR,receiving_tds,0.05862646949936167,0.0,0.2419636415927234,rookie_rule,True,udfa,False,2026,False,,,,rookie_path,,no_data
00-0041374,Sincere Brown,LAC,WR,receiving_yards,14.283806540221754,0.0,32.85734954729095,rookie_rule,True,udfa,False,2026,False,,,,rookie_path,,no_data
00-0041374,Sincere Brown,LAC,WR,receptions,1.1252904538811208,0.0,2.236107643055473,rookie_rule,True,udfa,False,2026,False,,,,rookie_path,,no_data
00-0041374,Sincere Brown,LAC,WR,targets,1.9858132701013045,0.8665674605878932,3.653369634978504,rookie_rule,True,udfa,False,2026,False,,,,rookie_path,,no_data
00-0041380,Devonte Ross,LAC,WR,receiving_tds,0.05862646949936167,0.0,0.2419636415927234,rookie_rule,True,udfa,False,2026,False,,,,rookie_path,,no_data
00-0041380,Devonte Ross,LAC,WR,receiving_yards,14.283806540221754,0.0,32.85734954729095,rookie_rule,True,udfa,False,2026,False,,,,rookie_path,,no_data
00-0041380,Devonte Ross,LAC,WR,receptions,1.1252904538811208,0.0,2.236107643055473,rookie_rule,True,udfa,False,2026,False,,,,rookie_path,,no_data
00-0041380,Devonte Ross,LAC,WR,targets,1.9858132701013045,0.8665674605878932,3.653369634978504,rookie_rule,True,udfa,False,2026,False,,,,rookie_path,,no_data
00-0041474,Mante Morrow,LAC,WR,receiving_tds,0.05862646949936167,0.0,0.2419636415927234,rookie_rule,True,udfa,False,2026,False,,,,rookie_path,,no_data
00-0041474,Mante Morrow,LAC,WR,receiving_yards,14.283806540221754,0.0,32.85734954729095,rookie_rule,True,udfa,False,2026,False,,,,rookie_path,,no_data
00-0041474,Mante Morrow,LAC,WR,receptions,1.1252904538811208,0.0,2.236107643055473,rookie_rule,True,udfa,False,2026,False,,,,rookie_path,,no_data
00-0041474,Mante Morrow,LAC,WR,targets,1.9858132701013045,0.8665674605878932,3.653369634978504,rookie_rule,True,udfa,False,2026,False,,,,rookie_path,,no_data
THO495568,Brenen Thompson,LAC,WR,receiving_tds,0.11164693861449257,0.0,0.32392566445804954,rookie_rule,True,drafted,False,2026,False,,,,rookie_path,,above_median
THO495568,Brenen Thompson,LAC,WR,receiving_yards,18.237629382172795,2.9801161130140565,36.435563645321984,rookie_rule,True,drafted,False,2026,False,,,,rookie_path,,above_median
THO495568,Brenen Thompson,LAC,WR,receptions,1.5831427257270623,0.48588849668707423,3.049884717666559,rookie_rule,True,drafted,False,2026,False,,,,rookie_path,,above_median
THO495568,Brenen Thompson,LAC,WR,targets,2.6862894733672746,0.9717769933741488,5.019601931159546,rookie_rule,True,drafted,False,2026,False,,,,rookie_path,,above_median
00-0032211,Tyler Lockett,LV,WR,receiving_tds,0.027342114938717438,0.0016351319392414311,0.05368910715687391,veteran_model,True,,False,2026,False,,,deep_bench,deep_bench_discounted,,
00-0032211,Tyler Lockett,LV,WR,receiving_yards,3.4503363047018447,0.7039514148574527,6.433194105230095,veteran_model,True,,False,2026,False,,,deep_bench,deep_bench_discounted,,
00-0032211,Tyler Lockett,LV,WR,receptions,0.2875253297944432,0.07469222673745182,0.46450196107395286,veteran_model,True,,False,2026,False,,,deep_bench,deep_bench_discounted,,
00-0032211,Tyler Lockett,LV,WR,targets,0.453119390361342,0.18888164247441352,0.7061446942809151,veteran_model,True,,False,2026,False,,,deep_bench,deep_bench_discounted,,
00-0035602,Alex Bachman,LV,WR,receiving_tds,0.007786302688137598,0.0,0.03413329490629407,veteran_model,True,,False,2026,False,,,deep_bench,deep_bench_discounted,,
00-0035602,Alex Bachman,LV,WR,receiving_yards,2.1393617783133014,0.0,5.122219578841552,veteran_model,True,,False,2026,False,,,deep_bench,deep_bench_discounted,,
00-0035602,Alex Bachman,LV,WR,receptions,0.19496387379233462,0.0,0.37194050507184434,veteran_model,True,,False,2026,False,,,deep_bench,deep_bench_discounted,,
00-0035602,Alex Bachman,LV,WR,targets,0.25047129588819755,0.0,0.5034965998077705,veteran_model,True,,False,2026,False,,,deep_bench,deep_bench_discounted,,
00-0037093,Dareke Young,LV,WR,receiving_tds,0.007786302688137598,0.0,0.03413329490629407,veteran_model,True,,False,2026,True,ACT,,deep_bench,deep_bench_discounted,,
00-0037093,Dareke Young,LV,WR,receiving_yards,2.1393617783133014,0.0,5.122219578841552,veteran_model,True,,False,2026,True,ACT,,deep_bench,deep_bench_discounted,,
00-0037093,Dareke Young,LV,WR,receptions,0.19496387379233462,0.0,0.37194050507184434,veteran_model,True,,False,2026,True,ACT,,deep_bench,deep_bench_discounted,,
00-0037093,Dareke Young,LV,WR,targets,0.24580646604988837,0.0,0.4988317699694614,veteran_model,True,,False,2026,True,ACT,,deep_bench,deep_bench_discounted,,
00-0037291,Jalen Nailor,LV,WR,receiving_tds,0.17101384320221089,0.0,0.3466604579899207,veteran_model,False,,False,2026,True,ACT,3.0,starter,curated,,
00-0037291,Jalen Nailor,LV,WR,receiving_yards,23.2261815901538,4.9169489911911874,43.11190026034214,veteran_model,False,,False,2026,True,ACT,3.0,starter,curated,,
00-0037291,Jalen Nailor,LV,WR,receptions,1.9953134780375505,0.576426124324275,3.1751576865676157,veteran_model,False,,False,2026,True,ACT,3.0,starter,curated,,
00-0037291,Jalen Nailor,LV,WR,targets,3.3138909645061045,1.5523059785932478,5.000726323969925,veteran_model,False,,False,2026,True,ACT,3.0,starter,curated,,
00-0038563,Tre Tucker,LV,WR,receiving_tds,0.33391498063190755,0.16253509396873417,0.5095615954196173,veteran_model,False,,False,2026,False,ACT,2.0,starter,curated,,
00-0038563,Tre Tucker,LV,WR,receiving_yards,49.634337841126445,31.325105242163833,69.52005651131478,veteran_model,False,,False,2026,False,ACT,2.0,starter,curated,,
00-0038563,Tre Tucker,LV,WR,receptions,3.9000166042100406,2.481129250496765,5.0798608127401055,veteran_model,False,,False,2026,False,ACT,2.0,starter,curated,,
00-0038563,Tre Tucker,LV,WR,targets,6.22348810479138,4.4619031188785225,7.9103234642552,veteran_model,False,,False,2026,False,ACT,2.0,starter,curated,,
00-0038891,Shedrick Jackson,LV,WR,receiving_tds,0.013371966831206988,0.0,0.039718959049363456,veteran_model,True,,False,2026,False,ACT,,deep_bench,deep_bench_discounted,,
00-0038891,Shedrick Jackson,LV,WR,receiving_yards,2.1393617783133014,0.0,5.122219578841552,veteran_model,True,,False,2026,False,ACT,,deep_bench,deep_bench_discounted,,
00-0038891,Shedrick Jackson,LV,WR,receptions,0.1882453769662651,0.0,0.36522200824577483,veteran_model,True,,False,2026,False,ACT,,deep_bench,deep_bench_discounted,,
00-0038891,Shedrick Jackson,LV,WR,targets,0.2398045867587658,0.0,0.4928298906783388,veteran_model,True,,False,2026,False,ACT,,deep_bench,deep_bench_discounted,,
00-0040581,Dont'e Thornton Jr.,LV,WR,receiving_tds,0.02279240942981014,0.0,0.04913940164796661,veteran_model,True,,False,2026,False,ACT,,deep_bench,deep_bench_discounted,,
00-0040581,Dont'e Thornton Jr.,LV,WR,receiving_yards,3.0675636376659696,0.3211787478215779,6.050421438194221,veteran_model,True,,False,2026,False,ACT,,deep_bench,deep_bench_discounted,,
00-0040581,Dont'e Thornton Jr.,LV,WR,receptions,0.26789060358911493,0.05505750053212359,0.4448672348686246,veteran_model,True,,False,2026,False,ACT,,deep_bench,deep_bench_discounted,,
00-0040581,Dont'e Thornton Jr.,LV,WR,targets,0.4146145509929755,0.15037680310604698,0.6676398549125485,veteran_model,True,,False,2026,False,ACT,,deep_bench,deep_bench_discounted,,
00-0040729,Jack Bech,LV,WR,receiving_tds,0.15664882763037516,0.0,0.33229544241808495,veteran_model,False,,False,2026,False,ACT,1.0,starter,curated,,
00-0040729,Jack Bech,LV,WR,receiving_yards,20.35907414786228,2.0498415488996677,40.24479281805062,veteran_model,False,,False,2026,False,ACT,1.0,starter,curated,,
00-0040729,Jack Bech,LV,WR,receptions,1.7353140690589246,0.31642671534564903,2.9151582775889895,veteran_model,False,,False,2026,False,ACT,1.0,starter,curated,,
00-0040729,Jack Bech,LV,WR,targets,2.7640970066198367,1.00251202070698,4.450932366083657,veteran_model,False,,False,2026,False,ACT,1.0,starter,curated,,
00-0041004,Chase Roberts,LV,WR,receiving_tds,0.030745431402794815,0.0,0.1268927944678727,rookie_rule,True,udfa,False,2026,False,,,,rookie_path,,below_median
00-0041004,Chase Roberts,LV,WR,receiving_yards,7.490844969915193,0.0,17.23135292318574,rookie_rule,True,udfa,False,2026,False,,,,rookie_path,,below_median
00-0041004,Chase Roberts,LV,WR,receptions,0.5901351514676921,0.0,1.1726801005742937,rookie_rule,True,udfa,False,2026,False,,,,rookie_path,,below_median
00-0041004,Chase Roberts,LV,WR,targets,1.041418427478804,0.45445326390819524,1.9159336467038686,rookie_rule,True,udfa,False,2026,False,,,,rookie_path,,below_median
00-0041005,Corey Rucker,LV,WR,receiving_tds,0.03270790574765406,0.0,0.1349923345402901,rookie_rule,True,udfa,False,2026,False,,,,rookie_path,,no_data
00-0041005,Corey Rucker,LV,WR,receiving_yards,7.968984010548078,0.0,18.33122651402738,rookie_rule,True,udfa,False,2026,False,,,,rookie_path,,no_data
00-0041005,Corey Rucker,LV,WR,receptions,0.6278033526252045,0.0,1.2475320218875467,rookie_rule,True,udfa,False,2026,False,,,,rookie_path,,no_data
00-0041005,Corey Rucker,LV,WR,targets,1.1078919441263875,0.4834609190512716,2.0382272837275197,rookie_rule,True,udfa,False,2026,False,,,,rookie_path,,no_data
00-0041011,E.J. Williams Jr.,LV,WR,receiving_tds,0.03270790574765406,0.0,0.1349923345402901,rookie_rule,True,udfa,False,2026,False,,,,rookie_path,,no_data
00-0041011,E.J. Williams Jr.,LV,WR,receiving_yards,7.968984010548078,0.0,18.33122651402738,rookie_rule,True,udfa,False,2026,False,,,,rookie_path,,no_data
00-0041011,E.J. Williams Jr.,LV,WR,receptions,0.6278033526252045,0.0,1.2475320218875467,rookie_rule,True,udfa,False,2026,False,,,,rookie_path,,no_data
00-0041011,E.J. Williams Jr.,LV,WR,targets,1.1078919441263875,0.4834609190512716,2.0382272837275197,rookie_rule,True,udfa,False,2026,False,,,,rookie_path,,no_data
00-0041022,Jonathan Brady,LV,WR,receiving_tds,0.03270790574765406,0.0,0.1349923345402901,rookie_rule,True,udfa,False,2026,False,,,,rookie_path,,no_data
00-0041022,Jonathan Brady,LV,WR,receiving_yards,7.968984010548078,0.0,18.33122651402738,rookie_rule,True,udfa,False,2026,False,,,,rookie_path,,no_data
00-0041022,Jonathan Brady,LV,WR,receptions,0.6278033526252045,0.0,1.2475320218875467,rookie_rule,True,udfa,False,2026,False,,,,rookie_path,,no_data
00-0041022,Jonathan Brady,LV,WR,targets,1.1078919441263875,0.4834609190512716,2.0382272837275197,rookie_rule,True,udfa,False,2026,False,,,,rookie_path,,no_data
BEN601117,Malik Benson,LV,WR,receiving_tds,0.05767426380383146,0.0,0.16733261526581494,rookie_rule,True,drafted,False,2026,False,,,,rookie_path,,no_data
BEN601117,Malik Benson,LV,WR,receiving_yards,9.421143662307326,1.5394600604454982,18.821781730867947,rookie_rule,True,drafted,False,2026,False,,,,rookie_path,,no_data
BEN601117,Malik Benson,LV,WR,receptions,0.8178154487332012,0.25099892289872244,1.5755009314258275,rookie_rule,True,drafted,False,2026,False,,,,rookie_path,,no_data
BEN601117,Malik Benson,LV,WR,targets,1.387675915372826,0.5019978457974449,2.5930119496383406,rookie_rule,True,drafted,False,2026,False,,,,rookie_path,,no_data
00-0033040,Tyreek Hill,MIA,WR,receiving_tds,0.019487081216386714,0.0,0.04583407343454319,veteran_model,True,,False,2026,False,,,deep_bench,deep_bench_discounted,,
00-0033040,Tyreek Hill,MIA,WR,receiving_yards,3.6284485934660897,0.8820637036216981,6.611306393994341,veteran_model,True,,False,2026,False,,,deep_bench,deep_bench_discounted,,
00-0033040,Tyreek Hill,MIA,WR,receptions,0.32783188070893327,0.11499877765194191,0.504808511988443,veteran_model,True,,False,2026,False,,,deep_bench,deep_bench_discounted,,
00-0033040,Tyreek Hill,MIA,WR,targets,0.6531616897005812,0.3889239418136527,0.9061869936201541,veteran_model,True,,False,2026,False,,,deep_bench,deep_bench_discounted,,
00-0036620,Dee Eskridge,MIA,WR,receiving_tds,0.011186343643292533,0.0,0.037533335861449,veteran_model,True,,False,2026,False,,,deep_bench,deep_bench_discounted,,
00-0036620,Dee Eskridge,MIA,WR,receiving_yards,2.35856130251551,0.0,5.341419103043761,veteran_model,True,,False,2026,False,,,deep_bench,deep_bench_discounted,,
00-0036620,Dee Eskridge,MIA,WR,receptions,0.2025627347629389,0.0,0.37953936604244864,veteran_model,True,,False,2026,False,,,deep_bench,deep_bench_discounted,,
00-0036620,Dee Eskridge,MIA,WR,targets,0.3486890575317297,0.08445130964480116,0.6017143614513026,veteran_model,True,,False,2026,False,,,deep_bench,deep_bench_discounted,,
00-0036849,Tutu Atwell,MIA,WR,receiving_tds,0.008661098677870132,0.0,0.0350080908960266,veteran_model,True,,False,2026,True,ACT,,deep_bench,deep_bench_discounted,,
00-0036849,Tutu Atwell,MIA,WR,receiving_yards,2.525709424296163,0.0,5.5085672248244135,veteran_model,True,,False,2026,True,ACT,,deep_bench,deep_bench_discounted,,
00-0036849,Tutu Atwell,MIA,WR,receptions,0.21446431173219152,0.0016312086752001797,0.39144094301170124,veteran_model,True,,False,2026,True,ACT,,deep_bench,deep_bench_discounted,,
00-0036849,Tutu Atwell,MIA,WR,targets,0.3776978352548709,0.11346008736794237,0.6307231391744439,veteran_model,True,,False,2026,True,ACT,,deep_bench,deep_bench_discounted,,
00-0037666,Jalen Tolbert,MIA,WR,receiving_tds,0.24435394621405843,0.07297405955088504,0.4200005610017682,veteran_model,False,,False,2026,True,ACT,3.0,starter,curated,,
00-0037666,Jalen Tolbert,MIA,WR,receiving_yards,33.74769725880562,15.43846465984301,53.63341592899396,veteran_model,False,,False,2026,True,ACT,3.0,starter,curated,,
00-0037666,Jalen Tolbert,MIA,WR,receptions,2.5066972459983137,1.087809892285038,3.6865414545283786,veteran_model,False,,False,2026,True,ACT,3.0,starter,curated,,
00-0037666,Jalen Tolbert,MIA,WR,targets,4.597240904618172,2.835655918705315,6.284076264081992,veteran_model,False,,False,2026,True,ACT,3.0,starter,curated,,
00-0039880,Malik Washington,MIA,WR,receiving_tds,0.18970842925657772,0.01832854259340433,0.36535504404428754,veteran_model,False,,False,2026,False,ACT,2.0,starter,curated,,
00-0039880,Malik Washington,MIA,WR,receiving_yards,30.009677102395553,11.70044450343294,49.895395772583896,veteran_model,False,,False,2026,False,ACT,2.0,starter,curated,,
00-0039880,Malik Washington,MIA,WR,receptions,2.7134949302380638,1.2946075765247882,3.8933391387681286,veteran_model,False,,False,2026,False,ACT,2.0,starter,curated,,
00-0039880,Malik Washington,MIA,WR,targets,4.36519275401068,2.6036077680978233,6.0520281134745,veteran_model,False,,False,2026,False,ACT,2.0,starter,curated,,
00-0039884,Tahj Washington,MIA,WR,receiving_tds,0.0142543133983335,0.0,0.04060130561648997,veteran_model,True,,False,2026,False,ACT,,deep_bench,deep_bench_discounted,,
00-0039884,Tahj Washington,MIA,WR,receiving_yards,1.9827207715973811,0.0,4.965578572125632,veteran_model,True,,False,2026,False,ACT,,deep_bench,deep_bench_discounted,,
00-0039884,Tahj Washington,MIA,WR,receptions,0.19560581686373205,0.0,0.37258244814324176,veteran_model,True,,False,2026,False,ACT,,deep_bench,deep_bench_discounted,,
00-0039884,Tahj Washington,MIA,WR,targets,0.36025426715472664,0.09601651926779815,0.6132795710742995,veteran_model,True,,False,2026,False,ACT,,deep_bench,deep_bench_discounted,,
00-0040311,Theo Wease Jr.,MIA,WR,receiving_tds,0.011384409962611523,0.0,0.037731402180767995,veteran_model,True,,False,2026,False,ACT,,deep_bench,deep_bench_discounted,,
00-0040311,Theo Wease Jr.,MIA,WR,receiving_yards,2.7942936005513697,0.04790871070697804,5.77715140107962,veteran_model,True,,False,2026,False,ACT,,deep_bench,deep_bench_discounted,,
00-0040311,Theo Wease Jr.,MIA,WR,receptions,0.2173700321698269,0.0045369291128355745,0.3943466634493366,veteran_model,True,,False,2026,False,ACT,,deep_bench,deep_bench_discounted,,
00-0040311,Theo Wease Jr.,MIA,WR,targets,0.42427308165729744,0.16003533377036894,0.6772983855768704,veteran_model,True,,False,2026,False,ACT,,deep_bench,deep_bench_discounted,,
00-0041158,Donaven McCulley,MIA,WR,receiving_tds,0.06765367056315331,0.0,0.2792207792207792,rookie_rule,True,udfa,False,2026,False,,,,rookie_path,,no_data
00-0041158,Donaven McCulley,MIA,WR,receiving_yards,16.483202046995153,0.0,37.91666666666667,rookie_rule,True,udfa,False,2026,False,,,,rookie_path,,no_data
00-0041158,Donaven McCulley,MIA,WR,receptions,1.2985607065348446,0.0,2.5804195804195804,rookie_rule,True,udfa,False,2026,False,,,,rookie_path,,no_data
00-0041158,Donaven McCulley,MIA,WR,targets,2.291585318417215,1.0,4.215909090909091,rookie_rule,True,udfa,False,2026,False,,,,rookie_path,,no_data
BEL267684,Chris Bell,MIA,WR,receiving_tds,0.19426412367588838,0.0,0.5,rookie_rule,True,drafted,False,2026,False,,,,rookie_path,,no_data
BEL267684,Chris Bell,MIA,WR,receiving_yards,30.409128395206825,8.820833333333335,56.418333333333344,rookie_rule,True,drafted,False,2026,False,,,,rookie_path,,no_data
BEL267684,Chris Bell,MIA,WR,receptions,2.3283131084601676,0.9216783216783218,4.069583333333334,rookie_rule,True,drafted,False,2026,False,,,,rookie_path,,no_data
BEL267684,Chris Bell,MIA,WR,targets,3.813645891145891,1.55,6.277500000000001,rookie_rule,True,drafted,False,2026,False,,,,rookie_path,,no_data
COL362413,Kevin Coleman Jr.,MIA,WR,receiving_tds,0.12408062191818876,0.0,0.36,rookie_rule,True,drafted,False,2026,False,,,,rookie_path,,above_median
COL362413,Kevin Coleman Jr.,MIA,WR,receiving_yards,20.26868290466218,3.312000000000001,40.49325,rookie_rule,True,drafted,False,2026,False,,,,rookie_path,,above_median
COL362413,Kevin Coleman Jr.,MIA,WR,receptions,1.759451145111573,0.5399999999999999,3.389538461538462,rookie_rule,True,drafted,False,2026,False,,,,rookie_path,,above_median
COL362413,Kevin Coleman Jr.,MIA,WR,targets,2.9854510355954207,1.08,5.578615384615385,rookie_rule,True,drafted,False,2026,False,,,,rookie_path,,above_median
DOU210628,Caleb Douglas,MIA,WR,receiving_tds,0.18260827625533507,0.0,0.47,rookie_rule,True,drafted,False,2026,False,,,,rookie_path,,below_median
DOU210628,Caleb Douglas,MIA,WR,receiving_yards,28.584580691494413,8.291583333333334,53.03323333333334,rookie_rule,True,drafted,False,2026,False,,,,rookie_path,,below_median
DOU210628,Caleb Douglas,MIA,WR,receptions,2.1886143219525573,0.8663776223776223,3.8254083333333337,rookie_rule,True,drafted,False,2026,False,,,,rookie_path,,below_median
DOU210628,Caleb Douglas,MIA,WR,targets,3.5848271376771375,1.457,5.900850000000001,rookie_rule,True,drafted,False,2026,False,,,,rookie_path,,below_median
00-0030035,Adam Thielen,MIN,WR,receiving_tds,0.025219504885963435,0.0,0.0515664971041199,veteran_model,True,,False,2026,False,RET,,deep_bench,deep_bench_discounted,,
00-0030035,Adam Thielen,MIN,WR,receiving_yards,3.2698897846876673,0.5235048948432756,6.252747585215918,veteran_model,True,,False,2026,False,RET,,deep_bench,deep_bench_discounted,,
00-0030035,Adam Thielen,MIN,WR,receptions,0.2577732708847724,0.04494016782778112,0.4347499021642822,veteran_model,True,,False,2026,False,RET,,deep_bench,deep_bench_discounted,,
00-0030035,Adam Thielen,MIN,WR,targets,0.4255823815879964,0.16134463370106786,0.6786076855075694,veteran_model,True,,False,2026,False,RET,,deep_bench,deep_bench_discounted,,
00-0036259,Jauan Jennings,MIN,WR,receiving_tds,0.20756294692454907,0.03618306026137569,0.38320956171225884,veteran_model,False,,False,2026,True,ACT,3.0,starter,curated,,
00-0036259,Jauan Jennings,MIN,WR,receiving_yards,23.46207798057873,5.1528453816161175,43.347796650767066,veteran_model,False,,False,2026,True,ACT,3.0,starter,curated,,
00-0036259,Jauan Jennings,MIN,WR,receptions,2.095515544333641,0.6766281906203655,3.275359752863706,veteran_model,False,,False,2026,True,ACT,3.0,starter,curated,,
00-0036259,Jauan Jennings,MIN,WR,targets,3.600683198200831,1.8390982122879742,5.287518557664651,veteran_model,False,,False,2026,True,ACT,3.0,starter,curated,,
00-0036322,Justin Jefferson,MIN,WR,receiving_tds,0.42904359705528045,0.25766371039210706,0.6046902118429902,veteran_model,False,,False,2026,False,ACT,1.0,starter,curated,,
00-0036322,Justin Jefferson,MIN,WR,receiving_yards,69.18405330735018,50.874820708387574,89.06977197753852,veteran_model,False,,False,2026,False,ACT,1.0,starter,curated,,
00-0036322,Justin Jefferson,MIN,WR,receptions,5.203379104518925,3.7844917508056497,6.38322331304899,veteran_model,False,,False,2026,False,ACT,1.0,starter,curated,,
00-0036322,Justin Jefferson,MIN,WR,targets,8.104542950298192,6.342957964385336,9.791378309762013,veteran_model,False,,False,2026,False,ACT,1.0,starter,curated,,
00-0038994,Jordan Addison,MIN,WR,receiving_tds,0.25892549095713785,0.08754560429396446,0.4345721057448476,veteran_model,False,,False,2026,False,ACT,2.0,starter,curated,,
00-0038994,Jordan Addison,MIN,WR,receiving_yards,37.82159716777334,19.512364568810728,57.70731583796168,veteran_model,False,,False,2026,False,ACT,2.0,starter,curated,,
00-0038994,Jordan Addison,MIN,WR,receptions,2.9243949185501976,1.505507564836922,4.1042391270802625,veteran_model,False,,False,2026,False,ACT,2.0,starter,curated,,
00-0038994,Jordan Addison,MIN,WR,targets,5.1960765160327504,3.4344915301198937,6.88291187549657,veteran_model,False,,False,2026,False,ACT,2.0,starter,curated,,
00-0040154,Tai Felton,MIN,WR,receiving_tds,0.008636957219109578,0.0,0.03498394943726604,veteran_model,True,,False,2026,False,ACT,,deep_bench,deep_bench_discounted,,
00-0040154,Tai Felton,MIN,WR,receiving_yards,2.026294785475806,0.0,5.009152586004057,veteran_model,True,,False,2026,False,ACT,,deep_bench,deep_bench_discounted,,
00-0040154,Tai Felton,MIN,WR,receptions,0.19261553323189792,0.0,0.3695921645114077,veteran_model,True,,False,2026,False,ACT,,deep_bench,deep_bench_discounted,,
00-0040154,Tai Felton,MIN,WR,targets,0.2572716044170369,0.0,0.5102969083366099,veteran_model,True,,False,2026,False,ACT,,deep_bench,deep_bench_discounted,,
00-0040970,Michael Briscoe,MIN,WR,receiving_tds,0.026476665483613937,0.0,0.10927470905812171,rookie_rule,True,udfa,False,2026,False,,,,rookie_path,,no_data
00-0040970,Michael Briscoe,MIN,WR,receiving_yards,6.450798945043519,0.0,14.838912526555406,rookie_rule,True,udfa,False,2026,False,,,,rookie_path,,no_data
00-0040970,Michael Briscoe,MIN,WR,receptions,0.5081994391567264,0.0,1.0098625169843591,rookie_rule,True,udfa,False,2026,False,,,,rookie_path,,no_data
00-0040970,Michael Briscoe,MIN,WR,targets,0.8968255143858902,0.3913559347662965,1.6499210431624542,rookie_rule,True,udfa,False,2026,False,,,,rookie_path,,no_data
00-0041342,Dillon Bell,MIN,WR,receiving_tds,0.026476665483613937,0.0,0.10927470905812171,rookie_rule,True,udfa,False,2026,False,,,,rookie_path,,no_data
00-0041342,Dillon Bell,MIN,WR,receiving_yards,6.450798945043519,0.0,14.838912526555406,rookie_rule,True,udfa,False,2026,False,,,,rookie_path,,no_data
00-0041342,Dillon Bell,MIN,WR,receptions,0.5081994391567264,0.0,1.0098625169843591,rookie_rule,True,udfa,False,2026,False,,,,rookie_path,,no_data
00-0041342,Dillon Bell,MIN,WR,targets,0.8968255143858902,0.3913559347662965,1.6499210431624542,rookie_rule,True,udfa,False,2026,False,,,,rookie_path,,no_data
00-0041352,Marcus Sanders Jr.,MIN,WR,receiving_tds,0.026476665483613937,0.0,0.10927470905812171,rookie_rule,True,udfa,False,2026,False,,,,rookie_path,,no_data
00-0041352,Marcus Sanders Jr.,MIN,WR,receiving_yards,6.450798945043519,0.0,14.838912526555406,rookie_rule,True,udfa,False,2026,False,,,,rookie_path,,no_data
00-0041352,Marcus Sanders Jr.,MIN,WR,receptions,0.5081994391567264,0.0,1.0098625169843591,rookie_rule,True,udfa,False,2026,False,,,,rookie_path,,no_data
00-0041352,Marcus Sanders Jr.,MIN,WR,targets,0.8968255143858902,0.3913559347662965,1.6499210431624542,rookie_rule,True,udfa,False,2026,False,,,,rookie_path,,no_data
00-0041356,Luke Wysong,MIN,WR,receiving_tds,0.026476665483613937,0.0,0.10927470905812171,rookie_rule,True,udfa,False,2026,False,,,,rookie_path,,no_data
00-0041356,Luke Wysong,MIN,WR,receiving_yards,6.450798945043519,0.0,14.838912526555406,rookie_rule,True,udfa,False,2026,False,,,,rookie_path,,no_data
00-0041356,Luke Wysong,MIN,WR,receptions,0.5081994391567264,0.0,1.0098625169843591,rookie_rule,True,udfa,False,2026,False,,,,rookie_path,,no_data
00-0041356,Luke Wysong,MIN,WR,targets,0.8968255143858902,0.3913559347662965,1.6499210431624542,rookie_rule,True,udfa,False,2026,False,,,,rookie_path,,no_data
00-0041475,Trayvon Rudolph,MIN,WR,receiving_tds,0.026476665483613937,0.0,0.10927470905812171,rookie_rule,True,udfa,False,2026,False,,,,rookie_path,,no_data
00-0041475,Trayvon Rudolph,MIN,WR,receiving_yards,6.450798945043519,0.0,14.838912526555406,rookie_rule,True,udfa,False,2026,False,,,,rookie_path,,no_data
00-0041475,Trayvon Rudolph,MIN,WR,receptions,0.5081994391567264,0.0,1.0098625169843591,rookie_rule,True,udfa,False,2026,False,,,,rookie_path,,no_data
00-0041475,Trayvon Rudolph,MIN,WR,targets,0.8968255143858902,0.3913559347662965,1.6499210431624542,rookie_rule,True,udfa,False,2026,False,,,,rookie_path,,no_data
00-0041481,Terrill Davis,MIN,WR,receiving_tds,0.026476665483613937,0.0,0.10927470905812171,rookie_rule,True,udfa,False,2026,False,,,,rookie_path,,no_data
00-0041481,Terrill Davis,MIN,WR,receiving_yards,6.450798945043519,0.0,14.838912526555406,rookie_rule,True,udfa,False,2026,False,,,,rookie_path,,no_data
00-0041481,Terrill Davis,MIN,WR,receptions,0.5081994391567264,0.0,1.0098625169843591,rookie_rule,True,udfa,False,2026,False,,,,rookie_path,,no_data
00-0041481,Terrill Davis,MIN,WR,targets,0.8968255143858902,0.3913559347662965,1.6499210431624542,rookie_rule,True,udfa,False,2026,False,,,,rookie_path,,no_data
00-0031588,Stefon Diggs,NE,WR,receiving_tds,0.29185714702424675,0.12047726036107337,0.4675037618119565,veteran_model,False,,False,2026,False,,2.0,starter,curated,,
00-0031588,Stefon Diggs,NE,WR,receiving_yards,48.394156968521585,30.084924369558973,68.27987563870992,veteran_model,False,,False,2026,False,,2.0,starter,curated,,
00-0031588,Stefon Diggs,NE,WR,receptions,3.9368527076923794,2.517965353979104,5.116696916222445,veteran_model,False,,False,2026,False,,2.0,starter,curated,,
00-0031588,Stefon Diggs,NE,WR,targets,5.906081764364396,4.14449677845154,7.592917123828216,veteran_model,False,,False,2026,False,,2.0,starter,curated,,
00-0033555,Mack Hollins,NE,WR,receiving_tds,0.02873913662932696,0.003032153629850953,0.055086128847483436,veteran_model,True,,False,2026,False,ACT,,deep_bench,deep_bench_discounted,,
00-0033555,Mack Hollins,NE,WR,receiving_yards,5.010613934573472,2.2642290447290803,7.993471735101723,veteran_model,True,,False,2026,False,ACT,,deep_bench,deep_bench_discounted,,
00-0033555,Mack Hollins,NE,WR,receptions,0.3615724237723088,0.14873932071531745,0.5385490550518185,veteran_model,True,,False,2026,False,ACT,,deep_bench,deep_bench_discounted,,
00-0033555,Mack Hollins,NE,WR,targets,0.589856067639315,0.3256183197523865,0.842881371558888,veteran_model,True,,False,2026,False,ACT,,deep_bench,deep_bench_discounted,,
00-0035676,A.J. Brown,NE,WR,receiving_tds,0.48188374044622073,0.31050385378304735,0.6575303552339306,veteran_model,False,,False,2026,True,ACT,1.0,starter,curated,,
00-0035676,A.J. Brown,NE,WR,receiving_yards,71.26526745394536,52.95603485498275,91.1509861241337,veteran_model,False,,False,2026,True,ACT,1.0,starter,curated,,
00-0035676,A.J. Brown,NE,WR,receptions,5.118920336607767,3.7000329828944913,6.298764545137832,veteran_model,False,,False,2026,True,ACT,1.0,starter,curated,,
00-0035676,A.J. Brown,NE,WR,targets,8.14425073967209,6.382665753759234,9.83108609913591,veteran_model,False,,False,2026,True,ACT,1.0,starter,curated,,
00-0037816,Romeo Doubs,NE,WR,receiving_tds,0.3632320235904965,0.1918521369273231,0.5388786383782063,veteran_model,False,,False,2026,True,ACT,3.0,starter,curated,,
00-0037816,Romeo Doubs,NE,WR,receiving_yards,58.51327789569821,40.2040452967356,78.39899656588655,veteran_model,False,,False,2026,True,ACT,3.0,starter,curated,,
00-0037816,Romeo Doubs,NE,WR,receptions,4.376921159750691,2.958033806037416,5.556765368280756,veteran_model,False,,False,2026,True,ACT,3.0,starter,curated,,
00-0037816,Romeo Doubs,NE,WR,targets,6.818671780920118,5.057086795007262,8.505507140383937,veteran_model,False,,False,2026,True,ACT,3.0,starter,curated,,
00-0038608,Kayshon Boutte,NE,WR,receiving_tds,0.026697938081440647,0.0009909550819646395,0.05304493029959712,veteran_model,True,,False,2026,False,ACT,,deep_bench,deep_bench_discounted,,
00-0038608,Kayshon Boutte,NE,WR,receiving_yards,4.150343368587611,1.4039584787432198,7.133201169115862,veteran_model,True,,False,2026,False,ACT,,deep_bench,deep_bench_discounted,,
00-0038608,Kayshon Boutte,NE,WR,receptions,0.31455407491906945,0.1017209718620781,0.49153070619857914,veteran_model,True,,False,2026,False,ACT,,deep_bench,deep_bench_discounted,,
00-0038608,Kayshon Boutte,NE,WR,targets,0.5239086543467207,0.25967090645979224,0.7769339582662936,veteran_model,True,,False,2026,False,ACT,,deep_bench,deep_bench_discounted,,
00-0038621,DeMario Douglas,NE,WR,receiving_tds,0.15173773052419717,0.0,0.32738434531190697,veteran_model,False,,False,2026,False,ACT,2.0,starter,curated,,
00-0038621,DeMario Douglas,NE,WR,receiving_yards,18.74808731509625,0.4388547161336369,38.63380598528459,veteran_model,False,,False,2026,False,ACT,2.0,starter,curated,,
00-0038621,DeMario Douglas,NE,WR,receptions,1.704122857864253,0.28523550415097754,2.8839670663943178,veteran_model,False,,False,2026,False,ACT,2.0,starter,curated,,
00-0038621,DeMario Douglas,NE,WR,targets,2.3799638025702374,0.6183788166573807,4.066799162034057,veteran_model,False,,False,2026,False,ACT,2.0,starter,curated,,
00-0040131,Kyle Williams,NE,WR,receiving_tds,0.012060479119514397,0.0,0.03840747133767086,veteran_model,True,,False,2026,False,ACT,,deep_bench,deep_bench_discounted,,
00-0040131,Kyle Williams,NE,WR,receiving_yards,2.777480803157928,0.03109591331353627,5.760338603686178,veteran_model,True,,False,2026,False,ACT,,deep_bench,deep_bench_discounted,,
00-0040131,Kyle Williams,NE,WR,receptions,0.24472120520374102,0.0318881021467497,0.42169783648325077,veteran_model,True,,False,2026,False,ACT,,deep_bench,deep_bench_discounted,,
00-0040131,Kyle Williams,NE,WR,targets,0.3672251693229715,0.10298742143604302,0.6202504732425446,veteran_model,True,,False,2026,False,ACT,,deep_bench,deep_bench_discounted,,
00-0040563,Efton Chism III,NE,WR,receiving_tds,0.009303266446273646,0.0,0.03565025866443011,veteran_model,True,,False,2026,False,ACT,,deep_bench,deep_bench_discounted,,
00-0040563,Efton Chism III,NE,WR,receiving_yards,1.7682250613999593,0.0,4.75108286192821,veteran_model,True,,False,2026,False,ACT,,deep_bench,deep_bench_discounted,,
00-0040563,Efton Chism III,NE,WR,receptions,0.19556147966808046,0.0,0.37253811094759015,veteran_model,True,,False,2026,False,ACT,,deep_bench,deep_bench_discounted,,
00-0040563,Efton Chism III,NE,WR,targets,0.2687377478992879,0.004500000012359384,0.5217630518188608,veteran_model,True,,False,2026,False,ACT,,deep_bench,deep_bench_discounted,,
00-0041317,Nick DeGennaro,NE,WR,receiving_tds,0.053802574545568346,0.0,0.22205442311772547,rookie_rule,True,udfa,False,2026,False,,,,rookie_path,,no_data
00-0041317,Nick DeGennaro,NE,WR,receiving_yards,13.10850837066225,0.0,30.153785712905087,rookie_rule,True,udfa,False,2026,False,,,,rookie_path,,no_data
00-0041317,Nick DeGennaro,NE,WR,receptions,1.0326994623309977,0.0,2.0521165470951157,rookie_rule,True,udfa,False,2026,False,,,,rookie_path,,no_data
00-0041317,Nick DeGennaro,NE,WR,targets,1.8224168606872633,0.7952646781425518,3.352763586260076,rookie_rule,True,udfa,False,2026,False,,,,rookie_path,,no_data
00-0041318,Kyle Dixon,NE,WR,receiving_tds,0.053802574545568346,0.0,0.22205442311772547,rookie_rule,True,udfa,False,2026,False,,,,rookie_path,,no_data
00-0041318,Kyle Dixon,NE,WR,receiving_yards,13.10850837066225,0.0,30.153785712905087,rookie_rule,True,udfa,False,2026,False,,,,rookie_path,,no_data
00-0041318,Kyle Dixon,NE,WR,receptions,1.0326994623309977,0.0,2.0521165470951157,rookie_rule,True,udfa,False,2026,False,,,,rookie_path,,no_data
00-0041318,Kyle Dixon,NE,WR,targets,1.8224168606872633,0.7952646781425518,3.352763586260076,rookie_rule,True,udfa,False,2026,False,,,,rookie_path,,no_data
00-0041319,Cameron Dorner,NE,WR,receiving_tds,0.053802574545568346,0.0,0.22205442311772547,rookie_rule,True,udfa,False,2026,False,,,,rookie_path,,no_data
00-0041319,Cameron Dorner,NE,WR,receiving_yards,13.10850837066225,0.0,30.153785712905087,rookie_rule,True,udfa,False,2026,False,,,,rookie_path,,no_data
00-0041319,Cameron Dorner,NE,WR,receptions,1.0326994623309977,0.0,2.0521165470951157,rookie_rule,True,udfa,False,2026,False,,,,rookie_path,,no_data
00-0041319,Cameron Dorner,NE,WR,targets,1.8224168606872633,0.7952646781425518,3.352763586260076,rookie_rule,True,udfa,False,2026,False,,,,rookie_path,,no_data
00-0041322,Jimmy Kibble,NE,WR,receiving_tds,0.053802574545568346,0.0,0.22205442311772547,rookie_rule,True,udfa,False,2026,False,,,,rookie_path,,no_data
00-0041322,Jimmy Kibble,NE,WR,receiving_yards,13.10850837066225,0.0,30.153785712905087,rookie_rule,True,udfa,False,2026,False,,,,rookie_path,,no_data
00-0041322,Jimmy Kibble,NE,WR,receptions,1.0326994623309977,0.0,2.0521165470951157,rookie_rule,True,udfa,False,2026,False,,,,rookie_path,,no_data
00-0041322,Jimmy Kibble,NE,WR,targets,1.8224168606872633,0.7952646781425518,3.352763586260076,rookie_rule,True,udfa,False,2026,False,,,,rookie_path,,no_data
00-0031236,Brandin Cooks,NO,WR,receiving_tds,0.020857874663243906,0.0,0.04720486688140037,veteran_model,True,,False,2026,False,,,deep_bench,deep_bench_discounted,,
00-0031236,Brandin Cooks,NO,WR,receiving_yards,3.5293886147656925,0.7830037249213008,6.512246415293943,veteran_model,True,,False,2026,False,,,deep_bench,deep_bench_discounted,,
00-0031236,Brandin Cooks,NO,WR,receptions,0.32016940366920804,0.10733630061221669,0.49714603494871773,veteran_model,True,,False,2026,False,,,deep_bench,deep_bench_discounted,,
00-0031236,Brandin Cooks,NO,WR,targets,0.47168832992528353,0.20745058203835504,0.7247136338448565,veteran_model,True,,False,2026,False,,,deep_bench,deep_bench_discounted,,
00-0034860,Dante Pettis,NO,WR,receiving_tds,0.014334809970022733,0.0,0.040681802188179204,veteran_model,True,,False,2026,False,,,deep_bench,deep_bench_discounted,,
00-0034860,Dante Pettis,NO,WR,receiving_yards,2.595225412272808,0.0,5.578083212801059,veteran_model,True,,False,2026,False,,,deep_bench,deep_bench_discounted,,
00-0034860,Dante Pettis,NO,WR,receptions,0.21285870083570066,2.5597778709329775e-05,0.3898353321152104,veteran_model,True,,False,2026,False,,,deep_bench,deep_bench_discounted,,
00-0034860,Dante Pettis,NO,WR,targets,0.3951934126772649,0.13095566479033638,0.6482187165968378,veteran_model,True,,False,2026,False,,,deep_bench,deep_bench_discounted,,
00-0037231,Kevin Austin Jr.,NO,WR,receiving_tds,0.01805031382161766,0.0,0.044397306039774126,veteran_model,True,,False,2026,False,ACT,,deep_bench,deep_bench_discounted,,
00-0037231,Kevin Austin Jr.,NO,WR,receiving_yards,3.023175320750554,0.276790430906162,6.006033121278804,veteran_model,True,,False,2026,False,ACT,,deep_bench,deep_bench_discounted,,
00-0037231,Kevin Austin Jr.,NO,WR,receptions,0.30939000060398186,0.09655689754699055,0.4863666318834916,veteran_model,True,,False,2026,False,ACT,,deep_bench,deep_bench_discounted,,
00-0037231,Kevin Austin Jr.,NO,WR,targets,0.49003136315918483,0.22579361527225633,0.7430566670787578,veteran_model,True,,False,2026,False,ACT,,deep_bench,deep_bench_discounted,,
00-0037239,Chris Olave,NO,WR,receiving_tds,0.4198475573428055,0.2484676706796321,0.5954941721305153,veteran_model,False,,False,2026,False,ACT,1.0,starter,curated,,
00-0037239,Chris Olave,NO,WR,receiving_yards,63.663807863243576,45.35457526428097,83.54952653343192,veteran_model,False,,False,2026,False,ACT,1.0,starter,curated,,
00-0037239,Chris Olave,NO,WR,receptions,5.660370164216278,4.241482810503003,6.840214372746344,veteran_model,False,,False,2026,False,ACT,1.0,starter,curated,,
00-0037239,Chris Olave,NO,WR,targets,8.254902178656096,6.493317192743239,9.941737538119916,veteran_model,False,,False,2026,False,ACT,1.0,starter,curated,,
00-0038647,Ronnie Bell,NO,WR,receiving_tds,0.010227449071437598,0.0,0.03657444128959407,veteran_model,True,,False,2026,False,ACT,,deep_bench,deep_bench_discounted,,
00-0038647,Ronnie Bell,NO,WR,receiving_yards,2.561802446908725,0.0,5.544660247436976,veteran_model,True,,False,2026,False,ACT,,deep_bench,deep_bench_discounted,,
00-0038647,Ronnie Bell,NO,WR,receptions,0.23420013803149586,0.02136703497450455,0.4111767693110056,veteran_model,True,,False,2026,False,ACT,,deep_bench,deep_bench_discounted,,
00-0038647,Ronnie Bell,NO,WR,targets,0.3977961950567651,0.1335584471698366,0.6508214989763381,veteran_model,True,,False,2026,False,ACT,,deep_bench,deep_bench_discounted,,
00-0039424,Devaughn Vele,NO,WR,receiving_tds,0.13712637880787223,0.0,0.312772993595582,veteran_model,False,,False,2026,False,ACT,2.0,starter,curated,,
00-0039424,Devaughn Vele,NO,WR,receiving_yards,23.417676567061434,5.108443968098822,43.303395237249774,veteran_model,False,,False,2026,False,ACT,2.0,starter,curated,,
00-0039424,Devaughn Vele,NO,WR,receptions,1.8927415263508303,0.4738541726375547,3.072585734880895,veteran_model,False,,False,2026,False,ACT,2.0,starter,curated,,
00-0039424,Devaughn Vele,NO,WR,targets,2.9442819807048806,1.1826969947920238,4.6311173401687,veteran_model,False,,False,2026,False,ACT,2.0,starter,curated,,
00-0039623,Mason Tipton,NO,WR,receiving_tds,0.013397248114052194,0.0,0.039744240332208663,veteran_model,True,,False,2026,False,ACT,,deep_bench,deep_bench_discounted,,
00-0039623,Mason Tipton,NO,WR,receiving_yards,2.907591481056044,0.16120659121165204,5.890449281584294,veteran_model,True,,False,2026,False,ACT,,deep_bench,deep_bench_discounted,,
00-0039623,Mason Tipton,NO,WR,receptions,0.23201806624613064,0.019184963189139325,0.4089946975256404,veteran_model,True,,False,2026,False,ACT,,deep_bench,deep_bench_discounted,,
00-0039623,Mason Tipton,NO,WR,targets,0.40816238598200916,0.14392463809508066,0.6611876899015822,veteran_model,True,,False,2026,False,ACT,,deep_bench,deep_bench_discounted,,
00-0040788,Damien Alford,NO,WR,receiving_tds,0.034228777555528174,0.0,0.1412692890315193,rookie_rule,True,udfa,False,2026,False,,,,rookie_path,,no_data
00-0040788,Damien Alford,NO,WR,receiving_yards,8.339530605996533,0.0,19.18360287294294,rookie_rule,True,udfa,False,2026,False,,,,rookie_path,,no_data
00-0040788,Damien Alford,NO,WR,receptions,0.6569953292458723,0.0,1.3055405136615899,rookie_rule,True,udfa,False,2026,False,,,,rookie_path,,no_data
00-0040788,Damien Alford,NO,WR,targets,1.159407367858875,0.5059411746710226,2.1330019977607884,rookie_rule,True,udfa,False,2026,False,,,,rookie_path,,no_data
00-0041451,Brock Rechsteiner,NO,WR,receiving_tds,0.034228777555528174,0.0,0.1412692890315193,rookie_rule,True,udfa,False,2026,False,,,,rookie_path,,no_data
00-0041451,Brock Rechsteiner,NO,WR,receiving_yards,8.339530605996533,0.0,19.18360287294294,rookie_rule,True,udfa,False,2026,False,,,,rookie_path,,no_data
00-0041451,Brock Rechsteiner,NO,WR,receptions,0.6569953292458723,0.0,1.3055405136615899,rookie_rule,True,udfa,False,2026,False,,,,rookie_path,,no_data
00-0041451,Brock Rechsteiner,NO,WR,targets,1.159407367858875,0.5059411746710226,2.1330019977607884,rookie_rule,True,udfa,False,2026,False,,,,rookie_path,,no_data
BRO268113,Barion Brown,NO,WR,receiving_tds,0.06518451919798418,0.0,0.18912241531757185,rookie_rule,True,drafted,False,2026,False,,,,rookie_path,,above_median
BRO268113,Barion Brown,NO,WR,receiving_yards,10.647950739543584,1.739926220921662,21.27272567793963,rookie_rule,True,drafted,False,2026,False,,,,rookie_path,,above_median
BRO268113,Barion Brown,NO,WR,receptions,0.9243101394354677,0.2836836229763578,1.7806602796054465,rookie_rule,True,drafted,False,2026,False,,,,rookie_path,,above_median
BRO268113,Barion Brown,NO,WR,targets,1.5683769740670892,0.5673672459527156,2.9306700435172965,rookie_rule,True,drafted,False,2026,False,,,,rookie_path,,above_median
LAN016345,Bryce Lance,NO,WR,receiving_tds,0.060356036294429795,0.0,0.17511334751627022,rookie_rule,True,drafted,False,2026,False,,,,rookie_path,,no_data
LAN016345,Bryce Lance,NO,WR,receiving_yards,9.85921364772554,1.6110427971496868,19.69696822031447,rookie_rule,True,drafted,False,2026,False,,,,rookie_path,,no_data
LAN016345,Bryce Lance,NO,WR,receptions,0.855842721699507,0.26267002127440536,1.648759518153191,rookie_rule,True,drafted,False,2026,False,,,,rookie_path,,no_data
LAN016345,Bryce Lance,NO,WR,targets,1.4522009019139714,0.5253400425488107,2.713583373627126,rookie_rule,True,drafted,False,2026,False,,,,rookie_path,,no_data
TYS405541,Jordyn Tyson,NO,WR,receiving_tds,0.1546566951798724,0.0,0.3295118820326481,rookie_rule,True,drafted,False,2026,False,,,,rookie_path,,no_data
TYS405541,Jordyn Tyson,NO,WR,receiving_yards,25.981121055473125,9.18925207591815,39.5461451956809,rookie_rule,True,drafted,False,2026,False,,,,rookie_path,,no_data
TYS405541,Jordyn Tyson,NO,WR,receptions,1.9828879768637169,0.7286101242461042,2.858578782237193,rookie_rule,True,drafted,False,2026,False,,,,rookie_path,,no_data
TYS405541,Jordyn Tyson,NO,WR,targets,3.3138016267671153,1.7273790586059317,4.540016396128599,rookie_rule,True,drafted,False,2026,False,,,,rookie_path,,no_data
00-0033857,JuJu Smith-Schuster,NYG,WR,receiving_tds,0.02381592658704213,0.0,0.050162918805198596,veteran_model,True,,False,2026,True,ACT,,deep_bench,deep_bench_discounted,,
00-0033857,JuJu Smith-Schuster,NYG,WR,receiving_yards,4.230741222193418,1.484356332349027,7.213599022721669,veteran_model,True,,False,2026,True,ACT,,deep_bench,deep_bench_discounted,,
00-0033857,JuJu Smith-Schuster,NYG,WR,receptions,0.3287196325354339,0.11588652947844258,0.5056962638149436,veteran_model,True,,False,2026,True,ACT,,deep_bench,deep_bench_discounted,,
00-0033857,JuJu Smith-Schuster,NYG,WR,targets,0.5518110095053081,0.2875732616183796,0.804836313424881,veteran_model,True,,False,2026,True,ACT,,deep_bench,deep_bench_discounted,,
00-0034419,Braxton Berrios,NYG,WR,receiving_tds,0.012733033098578803,0.0,0.03908002531673527,veteran_model,True,,False,2026,True,ACT,,deep_bench,deep_bench_discounted,,
00-0034419,Braxton Berrios,NYG,WR,receiving_yards,2.465560287317731,0.0,5.448418087845982,veteran_model,True,,False,2026,True,ACT,,deep_bench,deep_bench_discounted,,
00-0034419,Braxton Berrios,NYG,WR,receptions,0.20473548356944637,0.0,0.38171211484895606,veteran_model,True,,False,2026,True,ACT,,deep_bench,deep_bench_discounted,,
00-0034419,Braxton Berrios,NYG,WR,targets,0.3291385773840773,0.06490082949714882,0.5821638813036503,veteran_model,True,,False,2026,True,ACT,,deep_bench,deep_bench_discounted,,
00-0035535,Darius Slayton,NYG,WR,receiving_tds,0.2133757215393727,0.04199583487619932,0.3890223363270825,veteran_model,False,,False,2026,False,ACT,2.0,starter,curated,,
00-0035535,Darius Slayton,NYG,WR,receiving_yards,34.50853179813987,16.199299199177258,54.39425046832821,veteran_model,False,,False,2026,False,ACT,2.0,starter,curated,,
00-0035535,Darius Slayton,NYG,WR,receptions,2.3830266701422165,0.9641393164289409,3.5628708786722814,veteran_model,False,,False,2026,False,ACT,2.0,starter,curated,,
00-0035535,Darius Slayton,NYG,WR,targets,4.318183194645313,2.556598208732456,6.0050185541091325,veteran_model,False,,False,2026,False,ACT,2.0,starter,curated,,
00-0035645,Gunner Olszewski,NYG,WR,receiving_tds,0.013350180309470834,0.0,0.039697172527627306,veteran_model,True,,False,2026,False,RES,,deep_bench,deep_bench_discounted,,
00-0035645,Gunner Olszewski,NYG,WR,receiving_yards,2.3893599649782176,0.0,5.372217765506469,veteran_model,True,,False,2026,False,RES,,deep_bench,deep_bench_discounted,,
00-0035645,Gunner Olszewski,NYG,WR,receptions,0.19398329428239958,0.0,0.37095992556190927,veteran_model,True,,False,2026,False,RES,,deep_bench,deep_bench_discounted,,
00-0035645,Gunner Olszewski,NYG,WR,targets,0.3097599738430124,0.045522225956083906,0.5627852777625854,veteran_model,True,,False,2026,False,RES,,deep_bench,deep_bench_discounted,,
00-0036165,Isaiah Hodgins,NYG,WR,receiving_tds,0.016761819155930863,0.0,0.043108811374087334,veteran_model,True,,False,2026,False,ACT,,deep_bench,deep_bench_discounted,,
00-0036165,Isaiah Hodgins,NYG,WR,receiving_yards,4.19356464516353,1.4471797553191386,7.176422445691781,veteran_model,True,,False,2026,False,ACT,,deep_bench,deep_bench_discounted,,
00-0036165,Isaiah Hodgins,NYG,WR,receptions,0.35647191452014043,0.14363881146314914,0.5334485457996502,veteran_model,True,,False,2026,False,ACT,,deep_bench,deep_bench_discounted,,
00-0036165,Isaiah Hodgins,NYG,WR,targets,0.5695829137161387,0.3053451658292101,0.8226082176357116,veteran_model,True,,False,2026,False,ACT,,deep_bench,deep_bench_discounted,,
00-0036309,Darnell Mooney,NYG,WR,receiving_tds,0.039032493699751376,0.013325510700275366,0.06537948591790785,veteran_model,True,,False,2026,True,ACT,,deep_bench,deep_bench_discounted,,
00-0036309,Darnell Mooney,NYG,WR,receiving_yards,5.742093424394366,2.995708534549975,8.724951224922618,veteran_model,True,,False,2026,True,ACT,,deep_bench,deep_bench_discounted,,
00-0036309,Darnell Mooney,NYG,WR,receptions,0.42648468045544186,0.21365157739845053,0.6034613117349515,veteran_model,True,,False,2026,True,ACT,,deep_bench,deep_bench_discounted,,
00-0036309,Darnell Mooney,NYG,WR,targets,0.7651297920735161,0.5008920441865876,1.018155095993089,veteran_model,True,,False,2026,True,ACT,,deep_bench,deep_bench_discounted,,
00-0037837,Calvin Austin III,NYG,WR,receiving_tds,0.2133757215393727,0.04199583487619932,0.3890223363270825,veteran_model,False,,False,2026,True,ACT,3.0,starter,curated,,
00-0037837,Calvin Austin III,NYG,WR,receiving_yards,36.24504708586082,17.935814486898206,56.13076575604916,veteran_model,False,,False,2026,True,ACT,3.0,starter,curated,,
00-0037837,Calvin Austin III,NYG,WR,receptions,2.526222351179844,1.1073349974665685,3.706066559709909,veteran_model,False,,False,2026,True,ACT,3.0,starter,curated,,
00-0037837,Calvin Austin III,NYG,WR,targets,4.431278461696767,2.66969347578391,6.118113821160587,veteran_model,False,,False,2026,True,ACT,3.0,starter,curated,,
00-0038496,Xavier Gipson,NYG,WR,receiving_tds,0.008351236621278358,0.0,0.034698228839434825,veteran_model,True,,False,2026,True,ACT,,deep_bench,deep_bench_discounted,,
00-0038496,Xavier Gipson,NYG,WR,receiving_yards,1.9311226930819816,0.0,4.913980493610232,veteran_model,True,,False,2026,True,ACT,,deep_bench,deep_bench_discounted,,
00-0038496,Xavier Gipson,NYG,WR,receptions,0.19398329428239958,0.0,0.37095992556190927,veteran_model,True,,False,2026,True,ACT,,deep_bench,deep_bench_discounted,,
00-0038496,Xavier Gipson,NYG,WR,targets,0.2735316860206316,0.009293938133703083,0.5265569899402045,veteran_model,True,,False,2026,True,ACT,,deep_bench,deep_bench_discounted,,
00-0038824,Ryan Miller,NYG,WR,receiving_tds,0.008101736349693677,0.0,0.03444872856785015,veteran_model,True,,False,2026,True,ACT,,deep_bench,deep_bench_discounted,,
00-0038824,Ryan Miller,NYG,WR,receiving_yards,1.9311226930819816,0.0,4.913980493610232,veteran_model,True,,False,2026,True,ACT,,deep_bench,deep_bench_discounted,,
00-0038824,Ryan Miller,NYG,WR,receptions,0.19411806753816366,0.0,0.3710946988176734,veteran_model,True,,False,2026,True,ACT,,deep_bench,deep_bench_discounted,,
00-0038824,Ryan Miller,NYG,WR,targets,0.2825664390968366,0.018328691209908075,0.5355917430164095,veteran_model,True,,False,2026,True,ACT,,deep_bench,deep_bench_discounted,,
00-0038938,Jalin Hyatt,NYG,WR,receiving_tds,0.010244999343793136,0.0,0.0365919915619496,veteran_model,True,,False,2026,False,ACT,,deep_bench,deep_bench_discounted,,
00-0038938,Jalin Hyatt,NYG,WR,receiving_yards,2.594427770259475,0.0,5.577285570787726,veteran_model,True,,False,2026,False,ACT,,deep_bench,deep_bench_discounted,,
00-0038938,Jalin Hyatt,NYG,WR,receptions,0.2314929994385144,0.018659896381523076,0.40846963071802417,veteran_model,True,,False,2026,False,ACT,,deep_bench,deep_bench_discounted,,
00-0038938,Jalin Hyatt,NYG,WR,targets,0.37731540408523273,0.1130776561983042,0.6303407080048057,veteran_model,True,,False,2026,False,ACT,,deep_bench,deep_bench_discounted,,
00-0039337,Malik Nabers,NYG,WR,receiving_tds,0.1631849781850833,0.0,0.3388315929727931,veteran_model,False,,False,2026,False,ACT,1.0,starter,curated,,
00-0039337,Malik Nabers,NYG,WR,receiving_yards,32.43118661404785,14.12195401508524,52.31690528423619,veteran_model,False,,False,2026,False,ACT,1.0,starter,curated,,
00-0039337,Malik Nabers,NYG,WR,receptions,2.3764794301342698,0.9575920764209942,3.5563236386643347,veteran_model,False,,False,2026,False,ACT,1.0,starter,curated,,
00-0039337,Malik Nabers,NYG,WR,targets,3.9160971601680115,2.1545121742551547,5.602932519631832,veteran_model,False,,False,2026,False,ACT,1.0,starter,curated,,
00-0040432,Beaux Collins,NYG,WR,receiving_tds,0.010119209721522594,0.0,0.03646620193967907,veteran_model,True,,False,2026,False,ACT,,deep_bench,deep_bench_discounted,,
00-0040432,Beaux Collins,NYG,WR,receiving_yards,1.9311226930819816,0.0,4.913980493610232,veteran_model,True,,False,2026,False,ACT,,deep_bench,deep_bench_discounted,,
00-0040432,Beaux Collins,NYG,WR,receptions,0.19411806753816366,0.0,0.3710946988176734,veteran_model,True,,False,2026,False,ACT,,deep_bench,deep_bench_discounted,,
00-0040432,Beaux Collins,NYG,WR,targets,0.3097599738430124,0.045522225956083906,0.5627852777625854,veteran_model,True,,False,2026,False,ACT,,deep_bench,deep_bench_discounted,,
FIE775129,Malachi Fields,NYG,WR,receiving_tds,0.1772826951588838,0.0,0.45629293717316405,rookie_rule,True,drafted,False,2026,False,,,,rookie_path,,below_median
FIE775129,Malachi Fields,NYG,WR,receiving_yards,27.750941024649578,8.04976789996324,51.48657405416261,rookie_rule,True,drafted,False,2026,False,,,,rookie_path,,below_median
FIE775129,Malachi Fields,NYG,WR,receptions,2.124785653836139,0.8411106170548674,3.713844264475245,rookie_rule,True,drafted,False,2026,False,,,,rookie_path,,below_median
FIE775129,Malachi Fields,NYG,WR,targets,3.4802793700186547,1.4145081052368087,5.728757826209076,rookie_rule,True,drafted,False,2026,False,,,,rookie_path,,below_median
00-0033375,Tim Patrick,NYJ,WR,receiving_tds,0.02001103621324533,0.0,0.0463580284314018,veteran_model,True,,False,2026,True,ACT,,deep_bench,deep_bench_discounted,,
00-0033375,Tim Patrick,NYJ,WR,receiving_yards,3.0720590714913647,0.3256741816469727,6.054916872019615,veteran_model,True,,False,2026,True,ACT,,deep_bench,deep_bench_discounted,,
00-0033375,Tim Patrick,NYJ,WR,receptions,0.24787020210758934,0.03503709905059801,0.42484683338709905,veteran_model,True,,False,2026,True,ACT,,deep_bench,deep_bench_discounted,,
00-0033375,Tim Patrick,NYJ,WR,targets,0.4036955072726064,0.13945775938567787,0.6567208111921794,veteran_model,True,,False,2026,True,ACT,,deep_bench,deep_bench_discounted,,
00-0033943,Josh Reynolds,NYJ,WR,receiving_tds,0.023616205148310702,0.0,0.04996319736646716,veteran_model,True,,False,2026,False,,,deep_bench,deep_bench_discounted,,
00-0033943,Josh Reynolds,NYJ,WR,receiving_yards,3.920963883544944,1.1745789937005522,6.903821684073195,veteran_model,True,,False,2026,False,,,deep_bench,deep_bench_discounted,,
00-0033943,Josh Reynolds,NYJ,WR,receptions,0.33653058636215244,0.12369748330516113,0.5135072176416622,veteran_model,True,,False,2026,False,,,deep_bench,deep_bench_discounted,,
00-0033943,Josh Reynolds,NYJ,WR,targets,0.594533844613137,0.33029609672620847,0.8475591485327099,veteran_model,True,,False,2026,False,,,deep_bench,deep_bench_discounted,,
00-0034521,Allen Lazard,NYJ,WR,receiving_tds,0.021178089213026257,0.0,0.047525081431182725,veteran_model,True,,False,2026,False,,,deep_bench,deep_bench_discounted,,
00-0034521,Allen Lazard,NYJ,WR,receiving_yards,2.840132786222302,0.09374789637791014,5.822990586750553,veteran_model,True,,False,2026,False,,,deep_bench,deep_bench_discounted,,
00-0034521,Allen Lazard,NYJ,WR,receptions,0.24395544261077942,0.0311223395537881,0.42093207389028914,veteran_model,True,,False,2026,False,,,deep_bench,deep_bench_discounted,,
00-0034521,Allen Lazard,NYJ,WR,targets,0.42088679988229477,0.15664905199536627,0.6739121038018677,veteran_model,True,,False,2026,False,,,deep_bench,deep_bench_discounted,,
00-0037740,Garrett Wilson,NYJ,WR,receiving_tds,0.23660899097137988,0.0652291043082065,0.4122556057590897,veteran_model,False,,False,2026,False,ACT,1.0,starter,curated,,
00-0037740,Garrett Wilson,NYJ,WR,receiving_yards,43.242886696730004,24.93365409776739,63.12860536691834,veteran_model,False,,False,2026,False,ACT,1.0,starter,curated,,
00-0037740,Garrett Wilson,NYJ,WR,receptions,3.048468421333786,1.6295810676205102,4.228312629863851,veteran_model,False,,False,2026,False,ACT,1.0,starter,curated,,
00-0037740,Garrett Wilson,NYJ,WR,targets,5.4185164278913,3.656931441978443,7.1053517873551195,veteran_model,False,,False,2026,False,ACT,1.0,starter,curated,,
00-0039451,Isaiah Williams,NYJ,WR,receiving_tds,0.025905059968445016,0.000198076968969009,0.052252052186601484,veteran_model,True,,False,2026,False,ACT,,deep_bench,deep_bench_discounted,,
00-0039451,Isaiah Williams,NYJ,WR,receiving_yards,3.533666063610385,0.7872811737659934,6.5165238641386365,veteran_model,True,,False,2026,False,ACT,,deep_bench,deep_bench_discounted,,
00-0039451,Isaiah Williams,NYJ,WR,receptions,0.24984917366790865,0.037016070610917336,0.42682580494741834,veteran_model,True,,False,2026,False,ACT,,deep_bench,deep_bench_discounted,,
00-0039451,Isaiah Williams,NYJ,WR,targets,0.4002962812617386,0.1360585333748101,0.6533215851813116,veteran_model,True,,False,2026,False,ACT,,deep_bench,deep_bench_discounted,,
00-0039890,Adonai Mitchell,NYJ,WR,receiving_tds,0.18848378525051668,0.01710389858734329,0.3641304000382265,veteran_model,False,,False,2026,False,ACT,2.0,starter,curated,,
00-0039890,Adonai Mitchell,NYJ,WR,receiving_yards,28.123520024520552,9.81428742555794,48.00923869470889,veteran_model,False,,False,2026,False,ACT,2.0,starter,curated,,
00-0039890,Adonai Mitchell,NYJ,WR,receptions,2.2635240138100055,0.8446366600967299,3.4433682223400703,veteran_model,False,,False,2026,False,ACT,2.0,starter,curated,,
00-0039890,Adonai Mitchell,NYJ,WR,targets,3.7476362673975334,1.9860512814846767,5.434471626861353,veteran_model,False,,False,2026,False,ACT,2.0,starter,curated,,
00-0040406,Quentin Skinner,NYJ,WR,receiving_tds,0.01749730148808576,0.0,0.04384429370624223,veteran_model,True,,False,2026,False,RES,,deep_bench,deep_bench_discounted,,
00-0040406,Quentin Skinner,NYJ,WR,receiving_yards,2.5902248561488737,0.0,5.5730826566771245,veteran_model,True,,False,2026,False,RES,,deep_bench,deep_bench_discounted,,
00-0040406,Quentin Skinner,NYJ,WR,receptions,0.2113084026823738,0.0,0.3882850339618835,veteran_model,True,,False,2026,False,RES,,deep_bench,deep_bench_discounted,,
00-0040406,Quentin Skinner,NYJ,WR,targets,0.36088812639700885,0.09665037851008036,0.6139134303165819,veteran_model,True,,False,2026,False,RES,,deep_bench,deep_bench_discounted,,
00-0040582,Arian Smith,NYJ,WR,receiving_tds,0.022060560653290897,0.0,0.048407552871447365,veteran_model,True,,False,2026,False,ACT,,deep_bench,deep_bench_discounted,,
00-0040582,Arian Smith,NYJ,WR,receiving_yards,3.0813378579572865,0.3349529681128947,6.064195658485537,veteran_model,True,,False,2026,False,ACT,,deep_bench,deep_bench_discounted,,
00-0040582,Arian Smith,NYJ,WR,receptions,0.24014898753513245,0.027315884478141116,0.41712561881464216,veteran_model,True,,False,2026,False,ACT,,deep_bench,deep_bench_discounted,,
00-0040582,Arian Smith,NYJ,WR,targets,0.4076553030364955,0.14341755514956703,0.6606806069560686,veteran_model,True,,False,2026,False,ACT,,deep_bench,deep_bench_discounted,,
00-0041199,Caullin Lacy,NYJ,WR,receiving_tds,0.048879997815902645,0.0,0.2017379244149939,rookie_rule,True,udfa,False,2026,False,,,,rookie_path,,no_data
00-0041199,Caullin Lacy,NYJ,WR,receiving_yards,11.909167283157263,0.0,27.394915433640744,rookie_rule,True,udfa,False,2026,False,,,,rookie_path,,no_data
00-0041199,Caullin Lacy,NYJ,WR,receptions,0.9382143492124179,0.0,1.8643615698172784,rookie_rule,True,udfa,False,2026,False,,,,rookie_path,,no_data
00-0041199,Caullin Lacy,NYJ,WR,targets,1.6556778727124122,0.7225032641839317,3.04600807968453,rookie_rule,True,udfa,False,2026,False,,,,rookie_path,,no_data
00-0041201,DT Sheffield,NYJ,WR,receiving_tds,0.048879997815902645,0.0,0.2017379244149939,rookie_rule,True,udfa,False,2026,False,,,,rookie_path,,no_data
00-0041201,DT Sheffield,NYJ,WR,receiving_yards,11.909167283157263,0.0,27.394915433640744,rookie_rule,True,udfa,False,2026,False,,,,rookie_path,,no_data
00-0041201,DT Sheffield,NYJ,WR,receptions,0.9382143492124179,0.0,1.8643615698172784,rookie_rule,True,udfa,False,2026,False,,,,rookie_path,,no_data
00-0041201,DT Sheffield,NYJ,WR,targets,1.6556778727124122,0.7225032641839317,3.04600807968453,rookie_rule,True,udfa,False,2026,False,,,,rookie_path,,no_data
00-0041267,Malik McClain,NYJ,WR,receiving_tds,0.048879997815902645,0.0,0.2017379244149939,rookie_rule,True,udfa,False,2026,False,,,,rookie_path,,no_data
00-0041267,Malik McClain,NYJ,WR,receiving_yards,11.909167283157263,0.0,27.394915433640744,rookie_rule,True,udfa,False,2026,False,,,,rookie_path,,no_data
00-0041267,Malik McClain,NYJ,WR,receptions,0.9382143492124179,0.0,1.8643615698172784,rookie_rule,True,udfa,False,2026,False,,,,rookie_path,,no_data
00-0041267,Malik McClain,NYJ,WR,targets,1.6556778727124122,0.7225032641839317,3.04600807968453,rookie_rule,True,udfa,False,2026,False,,,,rookie_path,,no_data
00-0041311,Jalen Walthall,NYJ,WR,receiving_tds,0.048879997815902645,0.0,0.2017379244149939,rookie_rule,True,udfa,False,2026,False,,,,rookie_path,,no_data
00-0041311,Jalen Walthall,NYJ,WR,receiving_yards,11.909167283157263,0.0,27.394915433640744,rookie_rule,True,udfa,False,2026,False,,,,rookie_path,,no_data
00-0041311,Jalen Walthall,NYJ,WR,receptions,0.9382143492124179,0.0,1.8643615698172784,rookie_rule,True,udfa,False,2026,False,,,,rookie_path,,no_data
00-0041311,Jalen Walthall,NYJ,WR,targets,1.6556778727124122,0.7225032641839317,3.04600807968453,rookie_rule,True,udfa,False,2026,False,,,,rookie_path,,no_data
COO816508,Omar Cooper Jr.,NYJ,WR,receiving_tds,0.23852410221693215,0.0,0.508199956944883,rookie_rule,True,drafted,False,2026,False,,,,rookie_path,,above_median
COO816508,Omar Cooper Jr.,NYJ,WR,receiving_yards,40.0701926750642,14.172410052498737,60.99127340054425,rookie_rule,True,drafted,False,2026,False,,,,rookie_path,,above_median
COO816508,Omar Cooper Jr.,NYJ,WR,receptions,3.0581707046570887,1.1237216439278161,4.408732107307015,rookie_rule,True,drafted,False,2026,False,,,,rookie_path,,above_median
COO816508,Omar Cooper Jr.,NYJ,WR,targets,5.110813709230894,2.6641041221210013,7.001981606274868,rookie_rule,True,drafted,False,2026,False,,,,rookie_path,,above_median
00-0035662,Marquise Brown,PHI,WR,receiving_tds,0.03210459788875368,0.0063976148892776735,0.058451590106910145,veteran_model,True,,False,2026,True,ACT,,deep_bench,deep_bench_discounted,,
00-0035662,Marquise Brown,PHI,WR,receiving_yards,4.859953218252471,2.1135683284080793,7.842811018780722,veteran_model,True,,False,2026,True,ACT,,deep_bench,deep_bench_discounted,,
00-0035662,Marquise Brown,PHI,WR,receptions,0.4174677410683428,0.20463463801135146,0.5944443723478525,veteran_model,True,,False,2026,True,ACT,,deep_bench,deep_bench_discounted,,
00-0035662,Marquise Brown,PHI,WR,targets,0.6332008800385672,0.3689631321516388,0.8862261839581402,veteran_model,True,,False,2026,True,ACT,,deep_bench,deep_bench_discounted,,
00-0036912,DeVonta Smith,PHI,WR,receiving_tds,0.34859717690686026,0.17721729024368688,0.52424379169457,veteran_model,False,,False,2026,False,ACT,1.0,starter,curated,,
00-0036912,DeVonta Smith,PHI,WR,receiving_yards,60.40097804600221,42.0917454470396,80.28669671619055,veteran_model,False,,False,2026,False,ACT,1.0,starter,curated,,
00-0036912,DeVonta Smith,PHI,WR,receptions,4.864964938430302,3.4460775847170266,6.044809146960366,veteran_model,False,,False,2026,False,ACT,1.0,starter,curated,,
00-0036912,DeVonta Smith,PHI,WR,targets,7.727880667866777,5.96629568195392,9.414716027330597,veteran_model,False,,False,2026,False,ACT,1.0,starter,curated,,
00-0036980,Elijah Moore,PHI,WR,receiving_tds,0.014491045760100841,0.0,0.04083803797825731,veteran_model,True,,False,2026,True,ACT,,deep_bench,deep_bench_discounted,,
00-0036980,Elijah Moore,PHI,WR,receiving_yards,2.6507430800810745,0.0,5.633600880609326,veteran_model,True,,False,2026,True,ACT,,deep_bench,deep_bench_discounted,,
00-0036980,Elijah Moore,PHI,WR,receptions,0.254517493295965,0.04168439023897367,0.4314941245754747,veteran_model,True,,False,2026,True,ACT,,deep_bench,deep_bench_discounted,,
00-0036980,Elijah Moore,PHI,WR,targets,0.41650524340021977,0.15226749551329125,0.6695305473197928,veteran_model,True,,False,2026,True,ACT,,deep_bench,deep_bench_discounted,,
00-0037098,Samori Toure,PHI,WR,receiving_tds,0.007868737152747657,0.0,0.03421572937090413,veteran_model,True,,False,2026,True,ACT,,deep_bench,deep_bench_discounted,,
00-0037098,Samori Toure,PHI,WR,receiving_yards,1.9553315864071978,0.0,4.9381893869354485,veteran_model,True,,False,2026,True,ACT,,deep_bench,deep_bench_discounted,,
00-0037098,Samori Toure,PHI,WR,receptions,0.20558062544286138,0.0,0.3825572567223711,veteran_model,True,,False,2026,True,ACT,,deep_bench,deep_bench_discounted,,
00-0037098,Samori Toure,PHI,WR,targets,0.3422095841391574,0.07797183625222893,0.5952348880587304,veteran_model,True,,False,2026,True,ACT,,deep_bench,deep_bench_discounted,,
00-0037132,Britain Covey,PHI,WR,receiving_tds,0.01233606717784453,0.0,0.038683059396000995,veteran_model,True,,False,2026,False,ACT,,deep_bench,deep_bench_discounted,,
00-0037132,Britain Covey,PHI,WR,receiving_yards,1.9553315864071978,0.0,4.9381893869354485,veteran_model,True,,False,2026,False,ACT,,deep_bench,deep_bench_discounted,,
00-0037132,Britain Covey,PHI,WR,receptions,0.19785541359214145,0.0,0.37483204487165117,veteran_model,True,,False,2026,False,ACT,,deep_bench,deep_bench_discounted,,
00-0037132,Britain Covey,PHI,WR,targets,0.309160336148861,0.044922588261932496,0.562185640068434,veteran_model,True,,False,2026,False,ACT,,deep_bench,deep_bench_discounted,,
00-0038393,Dontayvion Wicks,PHI,WR,receiving_tds,0.21340025669150345,0.04202037002833006,0.38904687147921324,veteran_model,False,,False,2026,True,ACT,2.0,starter,curated,,
00-0038393,Dontayvion Wicks,PHI,WR,receiving_yards,37.26527607360673,18.956043474644115,57.15099474379507,veteran_model,False,,False,2026,True,ACT,2.0,starter,curated,,
00-0038393,Dontayvion Wicks,PHI,WR,receptions,2.886891069034785,1.4680037153215093,4.06673527756485,veteran_model,False,,False,2026,True,ACT,2.0,starter,curated,,
00-0038393,Dontayvion Wicks,PHI,WR,targets,4.644599298296929,2.883014312384072,6.331434657760749,veteran_model,False,,False,2026,True,ACT,2.0,starter,curated,,
00-0040024,Darius Cooper,PHI,WR,receiving_tds,0.014984109300440019,0.0,0.04133110151859649,veteran_model,True,,False,2026,False,ACT,,deep_bench,deep_bench_discounted,,
00-0040024,Darius Cooper,PHI,WR,receiving_yards,2.283625783555111,0.0,5.266483584083362,veteran_model,True,,False,2026,False,ACT,,deep_bench,deep_bench_discounted,,
00-0040024,Darius Cooper,PHI,WR,receptions,0.22924633819388243,0.0164132351368911,0.40622296947339215,veteran_model,True,,False,2026,False,ACT,,deep_bench,deep_bench_discounted,,
00-0040024,Darius Cooper,PHI,WR,targets,0.4031666927967667,0.13892894490983818,0.6561919967163395,veteran_model,True,,False,2026,False,ACT,,deep_bench,deep_bench_discounted,,
LEM694125,Makai Lemon,PHI,WR,receiving_tds,0.2698767618935686,0.0,0.575,rookie_rule,True,drafted,False,2026,False,,,,rookie_path,,no_data
LEM694125,Makai Lemon,PHI,WR,receiving_yards,45.337195474537914,16.035294117647062,69.00823529411764,rookie_rule,True,drafted,False,2026,False,,,,rookie_path,,no_data
LEM694125,Makai Lemon,PHI,WR,receptions,3.460150145916953,1.2714285714285718,4.988235294117647,rookie_rule,True,drafted,False,2026,False,,,,rookie_path,,no_data
LEM694125,Makai Lemon,PHI,WR,targets,5.782601597360001,3.0142857142857142,7.92235294117647,rookie_rule,True,drafted,False,2026,False,,,,rookie_path,,no_data
00-0035640,DK Metcalf,PIT,WR,receiving_tds,0.2887293856279815,0.11734949896480812,0.46437600041569127,veteran_model,False,,False,2026,False,ACT,1.0,starter,curated,,
00-0035640,DK Metcalf,PIT,WR,receiving_yards,54.56422135457762,36.254988755615,74.44994002476597,veteran_model,False,,False,2026,False,ACT,1.0,starter,curated,,
00-0035640,DK Metcalf,PIT,WR,receptions,4.277694752021504,2.8588073983082287,5.4575389605515685,veteran_model,False,,False,2026,False,ACT,1.0,starter,curated,,
00-0035640,DK Metcalf,PIT,WR,targets,6.465363125507229,4.703778139594371,8.152198484971048,veteran_model,False,,False,2026,False,ACT,1.0,starter,curated,,
00-0036252,Michael Pittman,PIT,WR,receiving_tds,0.49658901104708225,0.32520912438390887,0.672235625834792,veteran_model,False,,False,2026,True,ACT,2.0,starter,curated,,
00-0036252,Michael Pittman,PIT,WR,receiving_yards,71.95479026741772,53.64555766845511,91.84050893760606,veteran_model,False,,False,2026,True,ACT,2.0,starter,curated,,
00-0036252,Michael Pittman,PIT,WR,receptions,5.492640082814237,4.073752729100962,6.672484291344302,veteran_model,False,,False,2026,True,ACT,2.0,starter,curated,,
00-0036252,Michael Pittman,PIT,WR,targets,8.782001921303241,7.020416935390385,10.468837280767062,veteran_model,False,,False,2026,True,ACT,2.0,starter,curated,,
00-0036862,Ben Skowronek,PIT,WR,receiving_tds,0.012906426265904351,0.0,0.039253418484060824,veteran_model,True,,False,2026,False,ACT,,deep_bench,deep_bench_discounted,,
00-0036862,Ben Skowronek,PIT,WR,receiving_yards,2.209490858851355,0.0,5.192348659379606,veteran_model,True,,False,2026,False,ACT,,deep_bench,deep_bench_discounted,,
00-0036862,Ben Skowronek,PIT,WR,receptions,0.20972291542035362,0.0,0.38669954669986334,veteran_model,True,,False,2026,False,ACT,,deep_bench,deep_bench_discounted,,
00-0036862,Ben Skowronek,PIT,WR,targets,0.3726794718019918,0.10844172391506328,0.6257047757215648,veteran_model,True,,False,2026,False,ACT,,deep_bench,deep_bench_discounted,,
00-0039739,Roman Wilson,PIT,WR,receiving_tds,0.02170395045701248,0.0,0.04805094267516894,veteran_model,True,,False,2026,False,ACT,,deep_bench,deep_bench_discounted,,
00-0039739,Roman Wilson,PIT,WR,receiving_yards,3.2622561475282095,0.5158712576838175,6.24511394805646,veteran_model,True,,False,2026,False,ACT,,deep_bench,deep_bench_discounted,,
00-0039739,Roman Wilson,PIT,WR,receptions,0.2751433912891108,0.06231028823211947,0.4521200225686205,veteran_model,True,,False,2026,False,ACT,,deep_bench,deep_bench_discounted,,
00-0039739,Roman Wilson,PIT,WR,targets,0.45449734594367,0.19025959805674147,0.707522649863243,veteran_model,True,,False,2026,False,ACT,,deep_bench,deep_bench_discounted,,
BER218265,Germie Bernard,PIT,WR,receiving_tds,0.18260827625533507,0.0,0.47,rookie_rule,True,drafted,False,2026,False,,,,rookie_path,,below_median
BER218265,Germie Bernard,PIT,WR,receiving_yards,28.584580691494413,8.291583333333334,53.03323333333334,rookie_rule,True,drafted,False,2026,False,,,,rookie_path,,below_median
BER218265,Germie Bernard,PIT,WR,receptions,2.1886143219525573,0.8663776223776223,3.8254083333333337,rookie_rule,True,drafted,False,2026,False,,,,rookie_path,,below_median
BER218265,Germie Bernard,PIT,WR,targets,3.5848271376771375,1.457,5.900850000000001,rookie_rule,True,drafted,False,2026,False,,,,rookie_path,,below_median
WET055619,Kaden Wetjen,PIT,WR,receiving_tds,0.12408062191818876,0.0,0.36,rookie_rule,True,drafted,False,2026,False,,,,rookie_path,,above_median
WET055619,Kaden Wetjen,PIT,WR,receiving_yards,20.26868290466218,3.312000000000001,40.49325,rookie_rule,True,drafted,False,2026,False,,,,rookie_path,,above_median
WET055619,Kaden Wetjen,PIT,WR,receptions,1.759451145111573,0.5399999999999999,3.389538461538462,rookie_rule,True,drafted,False,2026,False,,,,rookie_path,,above_median
WET055619,Kaden Wetjen,PIT,WR,targets,2.9854510355954207,1.08,5.578615384615385,rookie_rule,True,drafted,False,2026,False,,,,rookie_path,,above_median
00-0033908,Cooper Kupp,SEA,WR,receiving_tds,0.23892880143986922,0.06754891477669583,0.414575416227579,veteran_model,False,,False,2026,False,ACT,2.0,starter,curated,,
00-0033908,Cooper Kupp,SEA,WR,receiving_yards,38.91519390033428,20.605961301371668,58.80091257052262,veteran_model,False,,False,2026,False,ACT,2.0,starter,curated,,
00-0033908,Cooper Kupp,SEA,WR,receptions,2.7685899911676866,1.349702637454411,3.9484341996977514,veteran_model,False,,False,2026,False,ACT,2.0,starter,curated,,
00-0033908,Cooper Kupp,SEA,WR,targets,4.913043454600407,3.1514584686875504,6.599878814064227,veteran_model,False,,False,2026,False,ACT,2.0,starter,curated,,
00-0035891,Cody White,SEA,WR,receiving_tds,0.019587183709116343,0.0,0.045934175927272815,veteran_model,True,,False,2026,False,ACT,,deep_bench,deep_bench_discounted,,
00-0035891,Cody White,SEA,WR,receiving_yards,2.23231081172325,0.0,5.2151686122515,veteran_model,True,,False,2026,False,ACT,,deep_bench,deep_bench_discounted,,
00-0035891,Cody White,SEA,WR,receptions,0.17979795288803205,0.0,0.35677458416754176,veteran_model,True,,False,2026,False,ACT,,deep_bench,deep_bench_discounted,,
00-0035891,Cody White,SEA,WR,targets,0.23995548923005516,0.0,0.49298079314962817,veteran_model,True,,False,2026,False,ACT,,deep_bench,deep_bench_discounted,,
00-0037545,Rashid Shaheed,SEA,WR,receiving_tds,0.25345620106994926,0.08207631440677587,0.4291028158576591,veteran_model,False,,False,2026,False,ACT,3.0,starter,curated,,
00-0037545,Rashid Shaheed,SEA,WR,receiving_yards,52.464789726398166,34.15555712743556,72.3505083965865,veteran_model,False,,False,2026,False,ACT,3.0,starter,curated,,
00-0037545,Rashid Shaheed,SEA,WR,receptions,4.2323043454528655,2.81341699173959,5.412148553982931,veteran_model,False,,False,2026,False,ACT,3.0,starter,curated,,
00-0037545,Rashid Shaheed,SEA,WR,targets,6.572483115825161,4.810898129912305,8.259318475288982,veteran_model,False,,False,2026,False,ACT,3.0,starter,curated,,
00-0037745,Velus Jones Jr.,SEA,WR,receiving_tds,0.00019344043057233705,0.0,0.026540432648728806,veteran_model,True,,False,2026,False,ACT,,deep_bench,deep_bench_discounted,,
00-0037745,Velus Jones Jr.,SEA,WR,receiving_yards,1.695363555084316,0.0,4.678221355612567,veteran_model,True,,False,2026,False,ACT,,deep_bench,deep_bench_discounted,,
00-0037745,Velus Jones Jr.,SEA,WR,receptions,0.10485021080183786,0.0,0.28182684208134756,veteran_model,True,,False,2026,False,ACT,,deep_bench,deep_bench_discounted,,
00-0037745,Velus Jones Jr.,SEA,WR,targets,0.22008092649834032,0.0,0.4731062304179133,veteran_model,True,,False,2026,False,ACT,,deep_bench,deep_bench_discounted,,
00-0038543,Jaxon Smith-Njigba,SEA,WR,receiving_tds,0.4576661358656939,0.2862862492025205,0.6333127506534036,veteran_model,False,,False,2026,False,ACT,1.0,starter,curated,,
00-0038543,Jaxon Smith-Njigba,SEA,WR,receiving_yards,66.50951692566805,48.20028432670544,86.39523559585639,veteran_model,False,,False,2026,False,ACT,1.0,starter,curated,,
00-0038543,Jaxon Smith-Njigba,SEA,WR,receptions,5.866958186329241,4.448070832615966,7.046802394859306,veteran_model,False,,False,2026,False,ACT,1.0,starter,curated,,
00-0038543,Jaxon Smith-Njigba,SEA,WR,targets,8.796616837331422,7.035031851418566,10.483452196795241,veteran_model,False,,False,2026,False,ACT,1.0,starter,curated,,
00-0038752,Jake Bobo,SEA,WR,receiving_tds,0.010968917055310938,0.0,0.0373159092734674,veteran_model,True,,False,2026,False,ACT,,deep_bench,deep_bench_discounted,,
00-0038752,Jake Bobo,SEA,WR,receiving_yards,2.0513755074789235,0.0,5.034233308007174,veteran_model,True,,False,2026,False,ACT,,deep_bench,deep_bench_discounted,,
00-0038752,Jake Bobo,SEA,WR,receptions,0.1881479621190953,0.0,0.36512459339860504,veteran_model,True,,False,2026,False,ACT,,deep_bench,deep_bench_discounted,,
00-0038752,Jake Bobo,SEA,WR,targets,0.25610642393498956,0.0,0.5091317278545625,veteran_model,True,,False,2026,False,ACT,,deep_bench,deep_bench_discounted,,
00-0040648,Tory Horton,SEA,WR,receiving_tds,0.020262355322550316,0.0,0.04660934754070679,veteran_model,True,,False,2026,False,ACT,,deep_bench,deep_bench_discounted,,
00-0040648,Tory Horton,SEA,WR,receiving_yards,3.086499463385169,0.3401145735407768,6.069357263913419,veteran_model,True,,False,2026,False,ACT,,deep_bench,deep_bench_discounted,,
00-0040648,Tory Horton,SEA,WR,receptions,0.27455558165018007,0.06172247859318875,0.45153221292968976,veteran_model,True,,False,2026,False,ACT,,deep_bench,deep_bench_discounted,,
00-0040648,Tory Horton,SEA,WR,targets,0.46308854819504036,0.19885080030811186,0.7161138521146133,veteran_model,True,,False,2026,False,ACT,,deep_bench,deep_bench_discounted,,
00-0041476,Rashad Rochelle,SEA,WR,receiving_tds,0.020296101168945993,0.0,0.08376623376623375,rookie_rule,True,udfa,False,2026,False,,,,rookie_path,,no_data
00-0041476,Rashad Rochelle,SEA,WR,receiving_yards,4.944960614098545,0.0,11.375,rookie_rule,True,udfa,False,2026,False,,,,rookie_path,,no_data
00-0041476,Rashad Rochelle,SEA,WR,receptions,0.3895682119604534,0.0,0.7741258741258741,rookie_rule,True,udfa,False,2026,False,,,,rookie_path,,no_data
00-0041476,Rashad Rochelle,SEA,WR,targets,0.6874755955251645,0.30000000000000004,1.2647727272727274,rookie_rule,True,udfa,False,2026,False,,,,rookie_path,,no_data
HEN199637,Emmanuel Henderson Jr.,SEA,WR,receiving_tds,0.034466839421719096,0.0,0.09999999999999998,rookie_rule,True,drafted,False,2026,False,,,,rookie_path,,no_data
HEN199637,Emmanuel Henderson Jr.,SEA,WR,receiving_yards,5.630189695739495,0.9200000000000004,11.248125,rookie_rule,True,drafted,False,2026,False,,,,rookie_path,,no_data
HEN199637,Emmanuel Henderson Jr.,SEA,WR,receptions,0.48873642919765914,0.14999999999999997,0.9415384615384617,rookie_rule,True,drafted,False,2026,False,,,,rookie_path,,no_data
HEN199637,Emmanuel Henderson Jr.,SEA,WR,targets,0.8292919543320613,0.3,1.5496153846153848,rookie_rule,True,drafted,False,2026,False,,,,rookie_path,,no_data
00-0031408,Mike Evans,SF,WR,receiving_tds,0.2776585798651522,0.1062786932019788,0.453305194652862,veteran_model,False,,False,2026,True,ACT,2.0,starter,curated,,
00-0031408,Mike Evans,SF,WR,receiving_yards,45.99952344934011,27.690290850377497,65.88524211952844,veteran_model,False,,False,2026,True,ACT,2.0,starter,curated,,
00-0031408,Mike Evans,SF,WR,receptions,3.768357282948149,2.349469929234873,4.948201491478214,veteran_model,False,,False,2026,True,ACT,2.0,starter,curated,,
00-0031408,Mike Evans,SF,WR,targets,5.989200243840359,4.227615257927502,7.676035603304179,veteran_model,False,,False,2026,True,ACT,2.0,starter,curated,,
00-0032775,Demarcus Robinson,SF,WR,receiving_tds,0.02890339478044934,0.003196411780973332,0.0552503869986058,veteran_model,True,,False,2026,False,ACT,,deep_bench,deep_bench_discounted,,
00-0032775,Demarcus Robinson,SF,WR,receiving_yards,3.087072309772841,0.3406874199284493,6.069930110301092,veteran_model,True,,False,2026,False,ACT,,deep_bench,deep_bench_discounted,,
00-0032775,Demarcus Robinson,SF,WR,receptions,0.27363250942704564,0.06079940637005429,0.45060914070655533,veteran_model,True,,False,2026,False,ACT,,deep_bench,deep_bench_discounted,,
00-0032775,Demarcus Robinson,SF,WR,targets,0.43292309440819005,0.16868534652126152,0.6859483983277631,veteran_model,True,,False,2026,False,ACT,,deep_bench,deep_bench_discounted,,
00-0034775,Christian Kirk,SF,WR,receiving_tds,0.2558539487852129,0.0844740621220395,0.43150056357292266,veteran_model,False,,False,2026,True,ACT,3.0,starter,curated,,
00-0034775,Christian Kirk,SF,WR,receiving_yards,35.33897404753208,17.02974144856947,55.22469271772042,veteran_model,False,,False,2026,True,ACT,3.0,starter,curated,,
00-0034775,Christian Kirk,SF,WR,receptions,2.8149915175918494,1.3961041638785738,3.9948357261219143,veteran_model,False,,False,2026,True,ACT,3.0,starter,curated,,
00-0034775,Christian Kirk,SF,WR,targets,4.557579546568978,2.7959945606561214,6.244414906032798,veteran_model,False,,False,2026,True,ACT,3.0,starter,curated,,
00-0034867,Malik Turner,SF,WR,receiving_tds,0.01827089161507728,0.0,0.04461788383323374,veteran_model,True,,False,2026,False,ACT,,deep_bench,deep_bench_discounted,,
00-0034867,Malik Turner,SF,WR,receiving_yards,1.3871956772237748,0.0,4.370053477752026,veteran_model,True,,False,2026,False,ACT,,deep_bench,deep_bench_discounted,,
00-0034867,Malik Turner,SF,WR,receptions,0.09875057655249848,0.0,0.2757272078320082,veteran_model,True,,False,2026,False,ACT,,deep_bench,deep_bench_discounted,,
00-0034867,Malik Turner,SF,WR,targets,0.22329506564128607,0.0,0.476320369560859,veteran_model,True,,False,2026,False,ACT,,deep_bench,deep_bench_discounted,,
00-0039916,Ricky Pearsall,SF,WR,receiving_tds,0.02797031935097399,0.0022633363514979825,0.05431731156913045,veteran_model,True,,False,2026,False,ACT,,deep_bench,deep_bench_discounted,,
00-0039916,Ricky Pearsall,SF,WR,receiving_yards,4.682099832653957,1.9357149428095652,7.664957633182207,veteran_model,True,,False,2026,False,ACT,,deep_bench,deep_bench_discounted,,
00-0039916,Ricky Pearsall,SF,WR,receptions,0.39871094441120297,0.18587784135421162,0.5756875756907127,veteran_model,True,,False,2026,False,ACT,,deep_bench,deep_bench_discounted,,
00-0039916,Ricky Pearsall,SF,WR,targets,0.6013931927784062,0.3371554448914777,0.8544184966979792,veteran_model,True,,False,2026,False,ACT,,deep_bench,deep_bench_discounted,,
00-0040172,Jordan Watkins,SF,WR,receiving_tds,0.024596903819916322,0.0,0.05094389603807279,veteran_model,True,,False,2026,False,ACT,,deep_bench,deep_bench_discounted,,
00-0040172,Jordan Watkins,SF,WR,receiving_yards,1.9634410898902641,0.0,4.946298890418515,veteran_model,True,,False,2026,False,ACT,,deep_bench,deep_bench_discounted,,
00-0040172,Jordan Watkins,SF,WR,receptions,0.17517656941097987,0.0,0.3521532006904896,veteran_model,True,,False,2026,False,ACT,,deep_bench,deep_bench_discounted,,
00-0040172,Jordan Watkins,SF,WR,targets,0.26273822226658833,0.0,0.5157635261861613,veteran_model,True,,False,2026,False,ACT,,deep_bench,deep_bench_discounted,,
00-0041359,Wesley Grimes,SF,WR,receiving_tds,0.06330999717112923,0.0,0.2612935350800586,rookie_rule,True,udfa,False,2026,False,,,,rookie_path,,no_data
00-0041359,Wesley Grimes,SF,WR,receiving_yards,15.424905497068051,0.0,35.48224419197618,rookie_rule,True,udfa,False,2026,False,,,,rookie_path,,no_data
00-0041359,Wesley Grimes,SF,WR,receptions,1.2151872023043817,0.0,2.414744905587805,rookie_rule,True,udfa,False,2026,False,,,,rookie_path,,no_data
00-0041359,Wesley Grimes,SF,WR,targets,2.144455117050385,0.9357954512169542,3.9452285500169317,rookie_rule,True,udfa,False,2026,False,,,,rookie_path,,no_data
00-0041361,Will Pauling,SF,WR,receiving_tds,0.06330999717112923,0.0,0.2612935350800586,rookie_rule,True,udfa,False,2026,False,,,,rookie_path,,no_data
00-0041361,Will Pauling,SF,WR,receiving_yards,15.424905497068051,0.0,35.48224419197618,rookie_rule,True,udfa,False,2026,False,,,,rookie_path,,no_data
00-0041361,Will Pauling,SF,WR,receptions,1.2151872023043817,0.0,2.414744905587805,rookie_rule,True,udfa,False,2026,False,,,,rookie_path,,no_data
00-0041361,Will Pauling,SF,WR,targets,2.144455117050385,0.9357954512169542,3.9452285500169317,rookie_rule,True,udfa,False,2026,False,,,,rookie_path,,no_data
00-0032385,Sterling Shepard,TB,WR,receiving_tds,0.026620254582770186,0.0009132715832941771,0.052967246800926654,veteran_model,True,,False,2026,False,,,deep_bench,deep_bench_discounted,,
00-0032385,Sterling Shepard,TB,WR,receiving_yards,4.649428442744392,1.9030435528999996,7.632286243272642,veteran_model,True,,False,2026,False,,,deep_bench,deep_bench_discounted,,
00-0032385,Sterling Shepard,TB,WR,receptions,0.3495843233343819,0.13675122027739056,0.5265609546138916,veteran_model,True,,False,2026,False,,,deep_bench,deep_bench_discounted,,
00-0032385,Sterling Shepard,TB,WR,targets,0.5662900296481322,0.30205228176120374,0.8193153335677053,veteran_model,True,,False,2026,False,,,deep_bench,deep_bench_discounted,,
00-0033921,Chris Godwin Jr.,TB,WR,receiving_tds,0.17472218052677063,0.0033422938635972455,0.3503687953144804,veteran_model,False,,False,2026,False,ACT,3.0,starter,curated,,
00-0033921,Chris Godwin Jr.,TB,WR,receiving_yards,30.15146136351874,11.842228764556129,50.03718003370708,veteran_model,False,,False,2026,False,ACT,3.0,starter,curated,,
00-0033921,Chris Godwin Jr.,TB,WR,receptions,2.4747307776981247,1.055843423984849,3.6545749862281895,veteran_model,False,,False,2026,False,ACT,3.0,starter,curated,,
00-0033921,Chris Godwin Jr.,TB,WR,targets,4.0905806201581925,2.3289956342453357,5.777415979622012,veteran_model,False,,False,2026,False,ACT,3.0,starter,curated,,
00-0035359,David Sills,TB,WR,receiving_tds,0.027008894391973688,0.0013019113924976802,0.05335588661013015,veteran_model,True,,False,2026,True,ACT,,deep_bench,deep_bench_discounted,,
00-0035359,David Sills,TB,WR,receiving_yards,4.0891917114092955,1.3428068215649036,7.072049511937546,veteran_model,True,,False,2026,True,ACT,,deep_bench,deep_bench_discounted,,
00-0035359,David Sills,TB,WR,receptions,0.2940321762711083,0.08119907321411694,0.47100880755061797,veteran_model,True,,False,2026,True,ACT,,deep_bench,deep_bench_discounted,,
00-0035359,David Sills,TB,WR,targets,0.49339549058624377,0.2291577426993153,0.7464207945058169,veteran_model,True,,False,2026,True,ACT,,deep_bench,deep_bench_discounted,,
00-0039589,Kameron Johnson,TB,WR,receiving_tds,0.014378044558109189,0.0,0.04072503677626566,veteran_model,True,,False,2026,False,ACT,,deep_bench,deep_bench_discounted,,
00-0039589,Kameron Johnson,TB,WR,receiving_yards,2.3813224695891706,0.0,5.364180270117422,veteran_model,True,,False,2026,False,ACT,,deep_bench,deep_bench_discounted,,
00-0039589,Kameron Johnson,TB,WR,receptions,0.1942376631937636,0.0,0.3712142944732733,veteran_model,True,,False,2026,False,ACT,,deep_bench,deep_bench_discounted,,
00-0039589,Kameron Johnson,TB,WR,targets,0.35233479067436724,0.08809704278743873,0.6053600945939402,veteran_model,True,,False,2026,False,ACT,,deep_bench,deep_bench_discounted,,
00-0039855,Jalen McMillan,TB,WR,receiving_tds,0.13574327742009404,0.0,0.31138989220780383,veteran_model,False,,False,2026,False,ACT,2.0,starter,curated,,
00-0039855,Jalen McMillan,TB,WR,receiving_yards,22.003272542012603,3.69403994304999,41.88899121220094,veteran_model,False,,False,2026,False,ACT,2.0,starter,curated,,
00-0039855,Jalen McMillan,TB,WR,receptions,1.84490531833685,0.42601796462357444,3.024749526866915,veteran_model,False,,False,2026,False,ACT,2.0,starter,curated,,
00-0039855,Jalen McMillan,TB,WR,targets,3.315296736159451,1.5537117502465945,5.002132095623271,veteran_model,False,,False,2026,False,ACT,2.0,starter,curated,,
00-0040129,Emeka Egbuka,TB,WR,receiving_tds,0.2888716760105588,0.11749178934738541,0.46451829079826856,veteran_model,False,,False,2026,False,ACT,1.0,starter,curated,,
00-0040129,Emeka Egbuka,TB,WR,receiving_yards,57.01422505476126,38.704992455798646,76.8999437249496,veteran_model,False,,False,2026,False,ACT,1.0,starter,curated,,
00-0040129,Emeka Egbuka,TB,WR,receptions,4.7844686989070855,3.36558134519381,5.964312907437151,veteran_model,False,,False,2026,False,ACT,1.0,starter,curated,,
00-0040129,Emeka Egbuka,TB,WR,targets,7.1724432233503554,5.410858237437498,8.859278582814175,veteran_model,False,,False,2026,False,ACT,1.0,starter,curated,,
00-0040237,Tez Johnson,TB,WR,receiving_tds,0.02376084770890716,0.0,0.05010783992706362,veteran_model,True,,False,2026,False,ACT,,deep_bench,deep_bench_discounted,,
00-0040237,Tez Johnson,TB,WR,receiving_yards,3.5484128830383628,0.802027993193971,6.531270683566613,veteran_model,True,,False,2026,False,ACT,,deep_bench,deep_bench_discounted,,
00-0040237,Tez Johnson,TB,WR,receptions,0.28223133296273434,0.06939822990574301,0.4592079642422441,veteran_model,True,,False,2026,False,ACT,,deep_bench,deep_bench_discounted,,
00-0040237,Tez Johnson,TB,WR,targets,0.4453246301604867,0.18108688227355815,0.6983499340800595,veteran_model,True,,False,2026,False,ACT,,deep_bench,deep_bench_discounted,,
00-0041257,Eric Rivers Jr.,TB,WR,receiving_tds,0.06498119489057301,0.0,0.2681909158957749,rookie_rule,True,udfa,False,2026,False,,,,rookie_path,,above_median
00-0041257,Eric Rivers Jr.,TB,WR,receiving_yards,15.832077634821541,0.0,36.418871079102615,rookie_rule,True,udfa,False,2026,False,,,,rookie_path,,above_median
00-0041257,Eric Rivers Jr.,TB,WR,receptions,1.2472645703652108,0.0,2.4784870689044243,rookie_rule,True,udfa,False,2026,False,,,,rookie_path,,above_median
00-0041257,Eric Rivers Jr.,TB,WR,targets,2.201062424919583,0.9604976987895194,4.049370980123997,rookie_rule,True,udfa,False,2026,False,,,,rookie_path,,above_median
00-0041435,Dean Patterson,TB,WR,receiving_tds,0.06016777304682686,0.0,0.2483249221257175,rookie_rule,True,udfa,False,2026,False,,,,rookie_path,,no_data
00-0041435,Dean Patterson,TB,WR,receiving_yards,14.659331143353278,0.0,33.72117692509501,rookie_rule,True,udfa,False,2026,False,,,,rookie_path,,no_data
00-0041435,Dean Patterson,TB,WR,receptions,1.1548746021900098,0.0,2.294895434170763,rookie_rule,True,udfa,False,2026,False,,,,rookie_path,,no_data
00-0041435,Dean Patterson,TB,WR,targets,2.0380207638144285,0.8893497211014069,3.7494175741888855,rookie_rule,True,udfa,False,2026,False,,,,rookie_path,,no_data
HUR541377,Ted Hurst,TB,WR,receiving_tds,0.16955564926664787,0.0,0.4364049471881275,rookie_rule,True,drafted,False,2026,False,,,,rookie_path,,no_data
HUR541377,Ted Hurst,TB,WR,receiving_yards,26.541388142694444,7.698910609977217,49.24247955755102,rookie_rule,True,drafted,False,2026,False,,,,rookie_path,,no_data
HUR541377,Ted Hurst,TB,WR,receptions,2.0321747182699688,0.8044499585929399,3.551972599322035,rookie_rule,True,drafted,False,2026,False,,,,rookie_path,,no_data
HUR541377,Ted Hurst,TB,WR,targets,3.328587867439484,1.3528553362831954,5.479064111946942,rookie_rule,True,drafted,False,2026,False,,,,rookie_path,,no_data
00-0034837,Calvin Ridley,TEN,WR,receiving_tds,0.16328877387790133,0.0,0.3389353886656111,veteran_model,False,,False,2026,False,ACT,1.0,starter,curated,,
00-0034837,Calvin Ridley,TEN,WR,receiving_yards,27.389859098753902,9.08062649979129,47.27557776894224,veteran_model,False,,False,2026,False,ACT,1.0,starter,curated,,
00-0034837,Calvin Ridley,TEN,WR,receptions,2.1800789767322284,0.7611916230189528,3.3599231852622933,veteran_model,False,,False,2026,False,ACT,1.0,starter,curated,,
00-0034837,Calvin Ridley,TEN,WR,targets,3.9448122110984567,2.1832272251856,5.631647570562277,veteran_model,False,,False,2026,False,ACT,1.0,starter,curated,,
00-0036133,James Proche,TEN,WR,receiving_tds,0.01793685456694144,0.0,0.04428384678509791,veteran_model,True,,False,2026,False,,,deep_bench,deep_bench_discounted,,
00-0036133,James Proche,TEN,WR,receiving_yards,2.8184107754786476,0.0720258856342559,5.8012685760068985,veteran_model,True,,False,2026,False,,,deep_bench,deep_bench_discounted,,
00-0036133,James Proche,TEN,WR,receptions,0.21460003872426947,0.0017669356672781354,0.3915766700037792,veteran_model,True,,False,2026,False,,,deep_bench,deep_bench_discounted,,
00-0036133,James Proche,TEN,WR,targets,0.38086311799999134,0.11662537011306284,0.6338884219195644,veteran_model,True,,False,2026,False,,,deep_bench,deep_bench_discounted,,
00-0036176,Mason Kinsey,TEN,WR,receiving_tds,0.024110005287660115,0.0,0.05045699750581658,veteran_model,True,,False,2026,False,ACT,,deep_bench,deep_bench_discounted,,
00-0036176,Mason Kinsey,TEN,WR,receiving_yards,2.177044097267008,0.0,5.159901897795259,veteran_model,True,,False,2026,False,ACT,,deep_bench,deep_bench_discounted,,
00-0036176,Mason Kinsey,TEN,WR,receptions,0.19283582341817462,0.0,0.36981245469768437,veteran_model,True,,False,2026,False,ACT,,deep_bench,deep_bench_discounted,,
00-0036176,Mason Kinsey,TEN,WR,targets,0.2761439294602382,0.011906181573309716,0.5291692333798111,veteran_model,True,,False,2026,False,ACT,,deep_bench,deep_bench_discounted,,
00-0038117,Wan'Dale Robinson,TEN,WR,receiving_tds,0.0519589860986975,0.02625200309922149,0.07830597831685396,veteran_model,True,,False,2026,True,ACT,,deep_bench,deep_bench_discounted,,
00-0038117,Wan'Dale Robinson,TEN,WR,receiving_yards,8.158578703053712,5.412193813209319,11.14143650358196,veteran_model,True,,False,2026,True,ACT,,deep_bench,deep_bench_discounted,,
00-0038117,Wan'Dale Robinson,TEN,WR,receptions,0.6916741828247958,0.4788410797678045,0.8686508141043056,veteran_model,True,,False,2026,True,ACT,,deep_bench,deep_bench_discounted,,
00-0038117,Wan'Dale Robinson,TEN,WR,targets,1.0681568582727232,0.8039191103857947,1.3211821621922961,veteran_model,True,,False,2026,True,ACT,,deep_bench,deep_bench_discounted,,
00-0039650,Bryce Oliver,TEN,WR,receiving_tds,0.012655375831183814,0.0,0.039002368049340284,veteran_model,True,,False,2026,False,ACT,,deep_bench,deep_bench_discounted,,
00-0039650,Bryce Oliver,TEN,WR,receiving_yards,1.6007986846005196,0.0,4.58365648512877,veteran_model,True,,False,2026,False,ACT,,deep_bench,deep_bench_discounted,,
00-0039650,Bryce Oliver,TEN,WR,receptions,0.11461524331803431,0.0,0.29159187459754404,veteran_model,True,,False,2026,False,ACT,,deep_bench,deep_bench_discounted,,
00-0039650,Bryce Oliver,TEN,WR,targets,0.23670077283493599,0.0,0.4897260767545089,veteran_model,True,,False,2026,False,ACT,,deep_bench,deep_bench_discounted,,
00-0040170,Elic Ayomanor,TEN,WR,receiving_tds,0.2330109948680962,0.06163110820492282,0.408657609655806,veteran_model,False,,False,2026,False,ACT,3.0,starter,curated,,
00-0040170,Elic Ayomanor,TEN,WR,receiving_yards,37.05258874547273,18.74335614651012,56.93830741566107,veteran_model,False,,False,2026,False,ACT,3.0,starter,curated,,
00-0040170,Elic Ayomanor,TEN,WR,receptions,2.6380727531662456,1.21918539945297,3.8179169616963105,veteran_model,False,,False,2026,False,ACT,3.0,starter,curated,,
00-0040170,Elic Ayomanor,TEN,WR,targets,4.601828900968872,2.8402439150560155,6.288664260432692,veteran_model,False,,False,2026,False,ACT,3.0,starter,curated,,
00-0040522,Xavier Restrepo,TEN,WR,receiving_tds,0.021206002256407386,0.0,0.047552994474563855,veteran_model,True,,False,2026,False,ACT,,deep_bench,deep_bench_discounted,,
00-0040522,Xavier Restrepo,TEN,WR,receiving_yards,2.647384169737166,0.0,5.630241970265416,veteran_model,True,,False,2026,False,ACT,,deep_bench,deep_bench_discounted,,
00-0040522,Xavier Restrepo,TEN,WR,receptions,0.20167612995247555,0.0,0.37865276123198527,veteran_model,True,,False,2026,False,ACT,,deep_bench,deep_bench_discounted,,
00-0040522,Xavier Restrepo,TEN,WR,targets,0.3757945579146875,0.11155681002775901,0.6288198618342605,veteran_model,True,,False,2026,False,ACT,,deep_bench,deep_bench_discounted,,
00-0040705,Chimere Dike,TEN,WR,receiving_tds,0.03336215609750879,0.00765517309803278,0.05970914831566526,veteran_model,True,,False,2026,False,ACT,,deep_bench,deep_bench_discounted,,
00-0040705,Chimere Dike,TEN,WR,receiving_yards,5.037973564382069,2.2915886745376777,8.02083136491032,veteran_model,True,,False,2026,False,ACT,,deep_bench,deep_bench_discounted,,
00-0040705,Chimere Dike,TEN,WR,receptions,0.43595610477952335,0.22312300172253205,0.6129327360590332,veteran_model,True,,False,2026,False,ACT,,deep_bench,deep_bench_discounted,,
00-0040705,Chimere Dike,TEN,WR,targets,0.6875937202856759,0.4233559723987474,0.9406190242052489,veteran_model,True,,False,2026,False,ACT,,deep_bench,deep_bench_discounted,,
00-0040912,Hank Beatty,TEN,WR,receiving_tds,0.05584074684870861,0.0,0.2304663844190386,rookie_rule,True,udfa,False,2026,False,,,,rookie_path,,no_data
00-0040912,Hank Beatty,TEN,WR,receiving_yards,13.605090530944146,0.0,31.29608441132178,rookie_rule,True,udfa,False,2026,False,,,,rookie_path,,no_data
00-0040912,Hank Beatty,TEN,WR,receptions,1.0718206281742455,0.0,2.1298557100335485,rookie_rule,True,udfa,False,2026,False,,,,rookie_path,,no_data
00-0040912,Hank Beatty,TEN,WR,targets,1.8914544411674068,0.8253912372216732,3.4797744205595538,rookie_rule,True,udfa,False,2026,False,,,,rookie_path,,no_data
00-0040919,Tyren Montgomery,TEN,WR,receiving_tds,0.05584074684870861,0.0,0.2304663844190386,rookie_rule,True,udfa,False,2026,False,,,,rookie_path,,no_data
00-0040919,Tyren Montgomery,TEN,WR,receiving_yards,13.605090530944146,0.0,31.29608441132178,rookie_rule,True,udfa,False,2026,False,,,,rookie_path,,no_data
00-0040919,Tyren Montgomery,TEN,WR,receptions,1.0718206281742455,0.0,2.1298557100335485,rookie_rule,True,udfa,False,2026,False,,,,rookie_path,,no_data
00-0040919,Tyren Montgomery,TEN,WR,targets,1.8914544411674068,0.8253912372216732,3.4797744205595538,rookie_rule,True,udfa,False,2026,False,,,,rookie_path,,no_data
TAT143045,Carnell Tate,TEN,WR,receiving_tds,0.2371681731545277,0.0,0.5053110116151253,rookie_rule,True,drafted,False,2026,False,,,,rookie_path,,below_median
TAT143045,Carnell Tate,TEN,WR,receiving_yards,39.84240714614163,14.091844681972708,60.64455858477424,rookie_rule,True,drafted,False,2026,False,,,,rookie_path,,below_median
TAT143045,Carnell Tate,TEN,WR,receptions,3.0407860357800334,1.1173336654346875,4.383669952425845,rookie_rule,True,drafted,False,2026,False,,,,rookie_path,,below_median
TAT143045,Carnell Tate,TEN,WR,targets,5.081760457268212,2.648959588839539,6.9621777027442535,rookie_rule,True,drafted,False,2026,False,,,,rookie_path,,below_median
00-0032398,Chris Moore,WAS,WR,receiving_tds,0.02166554473647034,0.0,0.04801253695462682,veteran_model,True,,False,2026,False,,,deep_bench,deep_bench_discounted,,
00-0032398,Chris Moore,WAS,WR,receiving_yards,3.0072129353089587,0.2608280454645667,5.990070735837209,veteran_model,True,,False,2026,False,,,deep_bench,deep_bench_discounted,,
00-0032398,Chris Moore,WAS,WR,receptions,0.2774797531433414,0.06464665008635007,0.45445638442285113,veteran_model,True,,False,2026,False,,,deep_bench,deep_bench_discounted,,
00-0032398,Chris Moore,WAS,WR,targets,0.44295537097281545,0.17871762308588696,0.6959806748923885,veteran_model,True,,False,2026,False,,,deep_bench,deep_bench_discounted,,
00-0032688,Robbie Chosen,WAS,WR,receiving_tds,0.017002180742997346,0.0,0.043349172961153815,veteran_model,True,,False,2026,False,,,deep_bench,deep_bench_discounted,,
00-0032688,Robbie Chosen,WAS,WR,receiving_yards,2.9762287508380205,0.22984386099362852,5.959086551366271,veteran_model,True,,False,2026,False,,,deep_bench,deep_bench_discounted,,
00-0032688,Robbie Chosen,WAS,WR,receptions,0.21618569910989688,0.003352596052905543,0.3931623303894066,veteran_model,True,,False,2026,False,,,deep_bench,deep_bench_discounted,,
00-0032688,Robbie Chosen,WAS,WR,targets,0.3891727842488205,0.12493503636189202,0.6421980881683935,veteran_model,True,,False,2026,False,,,deep_bench,deep_bench_discounted,,
00-0033591,Noah Brown,WAS,WR,receiving_tds,0.016523978365114468,0.0,0.04287097058327093,veteran_model,True,,False,2026,False,,,deep_bench,deep_bench_discounted,,
00-0033591,Noah Brown,WAS,WR,receiving_yards,2.9147935073779134,0.16840861753352154,5.897651307906164,veteran_model,True,,False,2026,False,,,deep_bench,deep_bench_discounted,,
00-0033591,Noah Brown,WAS,WR,receptions,0.22377613770485272,0.010943034647861394,0.40075276898436246,veteran_model,True,,False,2026,False,,,deep_bench,deep_bench_discounted,,
00-0033591,Noah Brown,WAS,WR,targets,0.4271607461652347,0.1629229982783062,0.6801860500848076,veteran_model,True,,False,2026,False,,,deep_bench,deep_bench_discounted,,
00-0035659,Terry McLaurin,WAS,WR,receiving_tds,0.24669952146879426,0.07531963480562087,0.4223461362565041,veteran_model,False,,False,2026,False,ACT,1.0,starter,curated,,
00-0035659,Terry McLaurin,WAS,WR,receiving_yards,43.35975780084014,25.05052520187753,63.24547647102848,veteran_model,False,,False,2026,False,ACT,1.0,starter,curated,,
00-0035659,Terry McLaurin,WAS,WR,receptions,3.231105857859371,1.8122185041460954,4.410950066389436,veteran_model,False,,False,2026,False,ACT,1.0,starter,curated,,
00-0035659,Terry McLaurin,WAS,WR,targets,5.403796363807845,3.6422113778949883,7.090631723271665,veteran_model,False,,False,2026,False,ACT,1.0,starter,curated,,
00-0035719,Deebo Samuel Sr.,WAS,WR,receiving_tds,0.3016064277299004,0.130226541066727,0.47725304251761014,veteran_model,False,,False,2026,False,,1.0,starter,curated,,
00-0035719,Deebo Samuel Sr.,WAS,WR,receiving_yards,60.923650179079736,42.61441758011712,80.80936884926808,veteran_model,False,,False,2026,False,,1.0,starter,curated,,
00-0035719,Deebo Samuel Sr.,WAS,WR,receptions,4.837871049520132,3.4189836958068565,6.017715258050197,veteran_model,False,,False,2026,False,,1.0,starter,curated,,
00-0035719,Deebo Samuel Sr.,WAS,WR,targets,7.2027321024429956,5.441147116530139,8.889567461906815,veteran_model,False,,False,2026,False,,1.0,starter,curated,,
00-0036415,Van Jefferson,WAS,WR,receiving_tds,0.02743613833852028,0.001729155339044272,0.053783130556676745,veteran_model,True,,False,2026,True,ACT,,deep_bench,deep_bench_discounted,,
00-0036415,Van Jefferson,WAS,WR,receiving_yards,4.266621773858357,1.5202368840139648,7.249479574386607,veteran_model,True,,False,2026,True,ACT,,deep_bench,deep_bench_discounted,,
00-0036415,Van Jefferson,WAS,WR,receptions,0.3464730396603983,0.13363993660340692,0.523449670939908,veteran_model,True,,False,2026,True,ACT,,deep_bench,deep_bench_discounted,,
00-0036415,Van Jefferson,WAS,WR,targets,0.5738574350151152,0.30961968712818666,0.8268827389346881,veteran_model,True,,False,2026,True,ACT,,deep_bench,deep_bench_discounted,,
00-0036626,Dyami Brown,WAS,WR,receiving_tds,0.022852871370183707,0.0,0.04919986358834017,veteran_model,True,,False,2026,True,ACT,,deep_bench,deep_bench_discounted,,
00-0036626,Dyami Brown,WAS,WR,receiving_yards,3.4025049479137137,0.656120058069322,6.385362748441965,veteran_model,True,,False,2026,True,ACT,,deep_bench,deep_bench_discounted,,
00-0036626,Dyami Brown,WAS,WR,receptions,0.26231941429041794,0.049486311233426616,0.43929604556992763,veteran_model,True,,False,2026,True,ACT,,deep_bench,deep_bench_discounted,,
00-0036626,Dyami Brown,WAS,WR,targets,0.43638173031003347,0.17214398242310497,0.6894070342296065,veteran_model,True,,False,2026,True,ACT,,deep_bench,deep_bench_discounted,,
00-0037524,Tay Martin,WAS,WR,receiving_tds,0.01060477217159389,0.0,0.036951764389750355,veteran_model,True,,False,2026,False,,,deep_bench,deep_bench_discounted,,
00-0037524,Tay Martin,WAS,WR,receiving_yards,1.9899360533929178,0.0,4.972793853921169,veteran_model,True,,False,2026,False,,,deep_bench,deep_bench_discounted,,
00-0037524,Tay Martin,WAS,WR,receptions,0.18767215794580383,0.0,0.3646487892253136,veteran_model,True,,False,2026,False,,,deep_bench,deep_bench_discounted,,
00-0037524,Tay Martin,WAS,WR,targets,0.26435001222030863,0.00011226433338015206,0.5173753161398816,veteran_model,True,,False,2026,False,,,deep_bench,deep_bench_discounted,,
00-0037742,Treylon Burks,WAS,WR,receiving_tds,0.021759568136273184,0.0,0.04810656035442965,veteran_model,True,,False,2026,False,ACT,,deep_bench,deep_bench_discounted,,
00-0037742,Treylon Burks,WAS,WR,receiving_yards,4.049654325670912,1.3032694358265198,7.032512126199163,veteran_model,True,,False,2026,False,ACT,,deep_bench,deep_bench_discounted,,
00-0037742,Treylon Burks,WAS,WR,receptions,0.33399026905770757,0.12115716600071623,0.5109669003372173,veteran_model,True,,False,2026,False,ACT,,deep_bench,deep_bench_discounted,,
00-0037742,Treylon Burks,WAS,WR,targets,0.5457965477216097,0.2815587998346812,0.7988218516411826,veteran_model,True,,False,2026,False,ACT,,deep_bench,deep_bench_discounted,,
00-0039355,Luke McCaffrey,WAS,WR,receiving_tds,0.08685583303790036,0.0,0.26250244782561016,veteran_model,False,,False,2026,False,ACT,3.0,starter,curated,,
00-0039355,Luke McCaffrey,WAS,WR,receiving_yards,18.36440452081602,0.05517192185340747,38.25012319100436,veteran_model,False,,False,2026,False,ACT,3.0,starter,curated,,
00-0039355,Luke McCaffrey,WAS,WR,receptions,1.6998846071588471,0.2809972534455716,2.879728815688912,veteran_model,False,,False,2026,False,ACT,3.0,starter,curated,,
00-0039355,Luke McCaffrey,WAS,WR,targets,2.8532111376039344,1.0916261516910777,4.540046497067754,veteran_model,False,,False,2026,False,ACT,3.0,starter,curated,,
00-0040164,Jaylin Lane,WAS,WR,receiving_tds,0.025219504885963435,0.0,0.0515664971041199,veteran_model,True,,False,2026,False,ACT,,deep_bench,deep_bench_discounted,,
00-0040164,Jaylin Lane,WAS,WR,receiving_yards,3.181213125702119,0.4348282358577272,6.1640709262303695,veteran_model,True,,False,2026,False,ACT,,deep_bench,deep_bench_discounted,,
00-0040164,Jaylin Lane,WAS,WR,receptions,0.2549930508021449,0.0421599477451536,0.43196968208165465,veteran_model,True,,False,2026,False,ACT,,deep_bench,deep_bench_discounted,,
00-0040164,Jaylin Lane,WAS,WR,targets,0.41479967989133276,0.15056193200440426,0.6678249838109057,veteran_model,True,,False,2026,False,ACT,,deep_bench,deep_bench_discounted,,
00-0040317,Jacoby Jones,WAS,WR,receiving_tds,0.02047336603101441,0.0,0.046820358249170885,veteran_model,True,,False,2026,False,ACT,,deep_bench,deep_bench_discounted,,
00-0040317,Jacoby Jones,WAS,WR,receiving_yards,2.121680435389803,0.0,5.104538235918054,veteran_model,True,,False,2026,False,ACT,,deep_bench,deep_bench_discounted,,
00-0040317,Jacoby Jones,WAS,WR,receptions,0.17658187681761314,0.0,0.35355850809712286,veteran_model,True,,False,2026,False,ACT,,deep_bench,deep_bench_discounted,,
00-0040317,Jacoby Jones,WAS,WR,targets,0.23916432443916938,0.0,0.49218962835874236,veteran_model,True,,False,2026,False,ACT,,deep_bench,deep_bench_discounted,,
00-0041176,Jaden Bradley,WAS,WR,receiving_tds,0.06765367056315331,0.0,0.2792207792207792,rookie_rule,True,udfa,False,2026,False,,,,rookie_path,,no_data
00-0041176,Jaden Bradley,WAS,WR,receiving_yards,16.483202046995153,0.0,37.91666666666667,rookie_rule,True,udfa,False,2026,False,,,,rookie_path,,no_data
00-0041176,Jaden Bradley,WAS,WR,receptions,1.2985607065348446,0.0,2.5804195804195804,rookie_rule,True,udfa,False,2026,False,,,,rookie_path,,no_data
00-0041176,Jaden Bradley,WAS,WR,targets,2.291585318417215,1.0,4.215909090909091,rookie_rule,True,udfa,False,2026,False,,,,rookie_path,,no_data
00-0041179,Chris Hilton Jr.,WAS,WR,receiving_tds,0.07306596420820559,0.0,0.3015584415584416,rookie_rule,True,udfa,False,2026,False,,,,rookie_path,,above_median
00-0041179,Chris Hilton Jr.,WAS,WR,receiving_yards,17.801858210754766,0.0,40.95,rookie_rule,True,udfa,False,2026,False,,,,rookie_path,,above_median
00-0041179,Chris Hilton Jr.,WAS,WR,receptions,1.4024455630576322,0.0,2.786853146853147,rookie_rule,True,udfa,False,2026,False,,,,rookie_path,,above_median
00-0041179,Chris Hilton Jr.,WAS,WR,targets,2.474912143890592,1.08,4.553181818181819,rookie_rule,True,udfa,False,2026,False,,,,rookie_path,,above_median
WIL143106,Antonio Williams,WAS,WR,receiving_tds,0.20980525356995947,0.0,0.54,rookie_rule,True,drafted,False,2026,False,,,,rookie_path,,above_median
WIL143106,Antonio Williams,WAS,WR,receiving_yards,32.84185866682337,9.526500000000002,60.93180000000001,rookie_rule,True,drafted,False,2026,False,,,,rookie_path,,above_median
WIL143106,Antonio Williams,WAS,WR,receptions,2.514578157136981,0.9954125874125874,4.395150000000001,rookie_rule,True,drafted,False,2026,False,,,,rookie_path,,above_median
WIL143106,Antonio Williams,WAS,WR,targets,4.118737562437563,1.6740000000000002,6.779700000000002,rookie_rule,True,drafted,False,2026,False,,,,rookie_path,,above_median
