player_id,position,season,fantasy_pts,fantasy_pts_low,fantasy_pts_high,pg_attempts,pg_carries,pg_completions,pg_interceptions,pg_passing_tds,pg_passing_yards,pg_receiving_tds,pg_receiving_yards,pg_receptions,pg_rushing_tds,pg_rushing_yards,pg_targets,any_stat_low_n_flag,display_name,team,source,low_confidence,rookie_tier,team_changed,roster_status,depth_rank,role,depth_chart_status,sleeper_fantasy_pts,sleeper_gp,sleeper_attempts,sleeper_completions,sleeper_passing_yards,sleeper_passing_tds,sleeper_interceptions,sleeper_carries,sleeper_rushing_yards,sleeper_rushing_tds,sleeper_receptions,sleeper_targets,sleeper_receiving_yards,sleeper_receiving_tds,match_method,fantasy_pts_delta,matched_sleeper
00-0036389,QB,2026,21.72995635189342,13.536336170340329,28.52577003567206,31.99832860098543,6.833474900889912,21.77723514338853,0.6900369946562291,1.6263338090384205,241.78277080796207,,,,0.5544738613482326,36.06541104644317,,False,Jalen Hurts,PHI,veteran_model,False,,False,ACT,1.0,starter,curated,17.252222222222223,18.0,25.666666666666668,16.666666666666668,184.77777777777777,1.1666666666666667,0.4444444444444444,6.666666666666667,28.61111111111111,0.5,0.0,0.0,0.0,0.0,name,4.477734129671198,True
00-0034857,QB,2026,19.979525293452152,11.785905111899057,26.77533897723078,26.92245971517121,7.178505401488657,17.43693534677689,0.5266244702560428,1.50556931992106,190.74563053282452,,,,0.6481797687399232,34.91593120527474,,False,Josh Allen,BUF,veteran_model,False,,False,ACT,1.0,starter,curated,20.083333333333332,18.0,26.333333333333332,17.38888888888889,202.77777777777777,1.5,0.5555555555555556,6.111111111111111,29.72222222222222,0.6111111111111112,0.0,0.0,0.0,0.0,gsis_id,-0.10380803988118004,True
00-0039851,QB,2026,19.11547741114328,10.921857229590184,25.911291094921907,29.36739301903464,4.797186981211395,18.666962951140253,0.4485798478855106,1.5176327846853264,219.97697301641435,,,,0.3848897634797842,28.33688466637713,,False,Drake Maye,NE,veteran_model,False,,False,ACT,1.0,starter,curated,17.82,18.0,28.055555555555557,19.11111111111111,214.11111111111111,1.6111111111111112,0.6111111111111112,4.722222222222222,23.11111111111111,0.2222222222222222,0.0,0.0,0.0,0.0,name,1.2954774111432812,True
00-0039732,QB,2026,17.76392936035563,9.57433667459708,24.559743044134265,32.523784758001,4.916782270826941,20.45350409795596,0.6199953012450247,1.6625637885013596,224.1862179795837,,,,0.1644941947973712,23.99250920872662,,False,Bo Nix,DEN,veteran_model,False,,False,ACT,1.0,starter,curated,16.428888888888892,18.0,30.833333333333332,20.333333333333332,209.33333333333334,1.4444444444444444,0.6666666666666666,4.222222222222222,18.333333333333332,0.2222222222222222,0.0,0.0,0.0,0.0,name,1.335040471466737,True
00-0036971,QB,2026,17.738619120805733,9.563546866845442,24.53443280458436,31.285599620770785,4.79619075567997,20.60177788322955,0.5853302458266293,1.5946232476081337,224.78553488247945,,,,0.1620741228309947,25.669204897413096,,False,Trevor Lawrence,JAX,veteran_model,False,,False,ACT,1.0,starter,curated,16.85666666666667,18.0,29.0,18.27777777777778,210.44444444444446,1.4444444444444444,0.6666666666666666,4.388888888888889,18.833333333333332,0.2777777777777778,0.0,0.0,0.0,0.0,name,0.8819524541390642,True
00-0033280,RB,2026,16.946003145542292,12.281920682956343,21.95705582922673,,15.61688768577389,,,,,0.1576587872894679,33.57805095241941,4.381596671229532,0.632818648455062,66.54535100218405,5.2343254078603305,False,Christian McCaffrey,SF,veteran_model,False,,False,ACT,1.0,starter,curated,14.222222222222221,18.0,0.0,0.0,0.0,0.0,0.0,13.333333333333334,54.666666666666664,0.3888888888888889,3.888888888888889,0.0,33.666666666666664,0.2222222222222222,gsis_id,2.7237809233200707,True
00-0030565,QB,2026,16.84997298441922,8.656352802866127,23.64578666819785,26.924233778667425,4.356596655750279,18.02280873326645,0.5943179578908065,1.4776799229027184,203.22654066271656,,,,0.2714891840979413,23.69892477493649,,False,Geno Smith,NYJ,veteran_model,False,,True,ACT,1.0,starter,curated,12.36,18.0,27.166666666666668,18.055555555555557,187.33333333333334,1.2222222222222223,0.7777777777777778,2.5,8.666666666666666,0.05555555555555555,0.0,0.0,0.0,0.0,gsis_id,4.4899729844192215,True
00-0033873,QB,2026,16.638511787646404,8.611009244416344,23.43432547142504,30.895490800758864,4.208967169622344,19.85536587284044,0.6683758992507828,1.5010826920435705,219.19698326164703,,,,0.1374791710426238,23.781784612520667,,False,Patrick Mahomes,KC,veteran_model,False,,False,ACT,1.0,starter,curated,15.926666666666668,18.0,30.833333333333332,20.555555555555557,220.11111111111111,1.6111111111111112,0.6666666666666666,2.611111111111111,11.222222222222221,0.05555555555555555,0.0,0.0,0.0,0.0,gsis_id,0.7118451209797367,True
00-0026498,QB,2026,16.51094000172294,10.354401000298145,23.30675368550157,37.89547436967098,1.7545769200536168,26.637776776282912,0.7013081297320204,1.594631792175001,277.5324824304438,,,,0.0459292745848681,1.5815414776001555,,False,Matthew Stafford,LA,veteran_model,False,,False,ACT,1.0,starter,curated,15.56777777777778,18.0,29.333333333333332,19.055555555555557,224.05555555555554,1.7777777777777777,0.6111111111111112,1.5,1.0555555555555556,0.0,0.0,0.0,0.0,0.0,gsis_id,0.9431622239451602,True
00-0038542,RB,2026,16.169882328064688,11.50579986547874,21.18093501174913,,15.878428749417887,,,,,0.1624331107476096,24.67388082874908,4.153930576079412,0.5596973910315443,72.92745946475151,5.226822804580551,False,Bijan Robinson,ATL,veteran_model,False,,False,ACT,1.0,starter,curated,16.272222222222222,18.0,0.0,0.0,0.0,0.0,0.0,15.555555555555555,76.22222222222223,0.5,3.5555555555555554,0.0,29.833333333333332,0.16666666666666666,name,-0.10233989415753442,True
00-0039910,QB,2026,16.048095010360704,7.84600684758526,22.843908694139333,28.39572746775949,7.830879657094884,17.539165192712698,0.4174617261173786,1.0592291086410153,197.9824472709716,,,,0.2653133511586376,31.3492403024071,,False,Jayden Daniels,WAS,veteran_model,False,,False,ACT,1.0,starter,curated,17.473333333333333,18.0,26.61111111111111,17.666666666666668,187.38888888888889,1.2222222222222223,0.5,7.0,38.111111111111114,0.3333333333333333,0.0,0.0,0.0,0.0,name,-1.4252383229726284,True
00-0039040,RB,2026,16.029176494446826,11.365094031860878,21.04022917813127,,15.191026309590743,,,,,0.1394585952482724,28.28754801028892,3.9958756517520335,0.5150295986631721,72.7555470407325,5.120816243438418,False,De'Von Achane,MIA,veteran_model,False,,False,ACT,1.0,starter,curated,12.105555555555556,18.0,0.0,0.0,0.0,0.0,0.0,11.777777777777779,57.77777777777778,0.3333333333333333,3.0555555555555554,0.0,23.555555555555557,0.1111111111111111,name,3.92362093889127,True
00-0039139,RB,2026,15.820754110241648,11.156671647655696,20.831806793926088,,14.256667402695102,,,,,0.1474499102469824,28.982728257435035,4.147389059464008,0.5073762949085066,69.19829523833205,4.911625895096504,False,Jahmyr Gibbs,DET,veteran_model,False,,False,ACT,1.0,starter,curated,16.66111111111111,18.0,0.0,0.0,0.0,0.0,0.0,14.166666666666666,69.5,0.6666666666666666,3.5,0.0,29.61111111111111,0.16666666666666666,name,-0.8403570008694636,True
00-0040691,QB,2026,15.78825573467235,7.561076738010111,22.584069418450984,24.460111013952066,6.527428363644837,15.727322030481204,0.4049163091739804,0.842489303213091,165.58730067410409,,,,0.5124778376163522,35.297720875056704,,False,Jaxson Dart,NYG,veteran_model,False,,False,ACT,1.0,starter,curated,16.474444444444444,18.0,27.5,17.88888888888889,187.0,1.2222222222222223,0.6666666666666666,5.888888888888889,29.944444444444443,0.3333333333333333,0.0,0.0,0.0,0.0,name,-0.6861887097720931,True
00-0033077,QB,2026,15.769454883217016,8.180928220046615,22.565268566995652,30.683983125382404,3.153770230678335,19.473927405427,0.5657462214505672,1.5251696096034484,223.36378576723817,,,,0.1428891469622789,10.08382575241158,,False,Dak Prescott,DAL,veteran_model,False,,False,ACT,1.0,starter,curated,16.88222222222222,18.0,32.22222222222222,21.61111111111111,238.44444444444446,1.7222222222222223,0.7222222222222222,2.4444444444444446,8.444444444444445,0.05555555555555555,0.0,0.0,0.0,0.0,gsis_id,-1.112767339005206,True
00-0037834,QB,2026,15.709075115576134,8.24244985431396,22.504888799354763,31.80530208312343,2.919052002969606,21.73021954599428,0.6686054445024865,1.465664745466459,235.9952741902167,,,,0.131734020426489,9.534119325476675,,False,Brock Purdy,SF,veteran_model,False,,False,ACT,1.0,starter,curated,16.844444444444445,18.0,27.444444444444443,18.5,216.66666666666666,1.6666666666666667,0.7222222222222222,3.5555555555555554,13.444444444444445,0.16666666666666666,0.0,0.0,0.0,0.0,name,-1.135369328868311,True
00-0036355,QB,2026,15.665590295341504,8.134038465656776,22.46140397912014,33.430565445403104,3.778961033097493,21.00946334587156,0.6816623396397369,1.5194992534381624,228.55438343347927,,,,0.1190949581700861,10.941728745086396,,False,Justin Herbert,LAC,veteran_model,False,,False,ACT,1.0,starter,curated,16.415555555555557,18.0,29.61111111111111,19.72222222222222,213.44444444444446,1.4444444444444444,0.5555555555555556,3.888888888888889,18.77777777777778,0.16666666666666666,0.0,0.0,0.0,0.0,name,-0.7499652602140525,True
00-0036442,QB,2026,14.887401443373331,7.710519563603403,21.683215127151964,30.56914945848704,2.671048935385476,20.435927480831527,0.7509702566808868,1.4318379800575394,230.1979340722648,,,,0.0806603511551613,9.701105666833882,,False,Joe Burrow,CIN,veteran_model,False,,False,ACT,1.0,starter,curated,17.006666666666668,18.0,30.5,20.944444444444443,222.66666666666666,1.8333333333333333,0.5555555555555556,2.5555555555555554,7.666666666666667,0.1111111111111111,0.0,0.0,0.0,0.0,name,-2.119265223293336,True
00-0035710,QB,2026,14.788242221400896,7.010743572829096,21.58405590517952,28.201719520507933,3.4701124614935583,18.36578646790318,0.5736687069444825,1.409940038338544,206.0282509879864,,,,0.1255750785868855,13.012389708949142,,False,Daniel Jones,IND,veteran_model,False,,False,ACT,1.0,starter,curated,12.418888888888889,18.0,26.055555555555557,17.333333333333332,182.55555555555554,1.0555555555555556,0.6111111111111112,2.611111111111111,10.61111111111111,0.1111111111111111,0.0,0.0,0.0,0.0,name,2.3693533325120075,True
00-0040743,QB,2026,14.696882281185657,6.50326209963256,21.492695964964284,29.210384339974897,4.983522925939552,18.97813383423534,0.6386310566202265,1.1212723849196633,197.9062541770337,,,,0.3013737064527188,17.64562448949793,,False,Tyler Shough,NO,veteran_model,False,,False,ACT,1.0,starter,curated,15.052222222222222,18.0,29.944444444444443,19.666666666666668,203.66666666666666,1.2222222222222223,0.6666666666666666,4.666666666666667,19.055555555555557,0.16666666666666666,0.0,0.0,0.0,0.0,name,-0.35533994103656497,True
MEN516487,QB,2026,14.441040584687643,8.605882352941178,22.59776569704805,29.800303590744768,4.456841823753589,18.22655960597137,0.6995946319475731,1.0802593104063694,199.9315128498952,,,,0.2212175079822138,21.946270450682217,,False,Fernando Mendoza,LV,rookie_rule,True,drafted,False,,,,rookie_path,11.786666666666667,18.0,24.11111111111111,15.38888888888889,160.77777777777777,1.0555555555555556,0.6111111111111112,2.9444444444444446,13.0,0.1111111111111111,0.0,0.0,0.0,0.0,name,2.654373918020976,True
00-0040122,RB,2026,14.395387201659265,9.731304739073313,19.406439885343705,,14.510339675678296,,,,,0.1711684487561411,20.926343028912417,2.7582887452773326,0.5596613815201501,65.38629544471607,3.348158981204413,False,Ashton Jeanty,LV,veteran_model,False,,False,ACT,1.0,starter,curated,13.027777777777779,18.0,0.0,0.0,0.0,0.0,0.0,15.61111111111111,64.0,0.4444444444444444,2.7777777777777777,0.0,21.27777777777778,0.1111111111111111,name,1.3676094238814862,True
00-0039361,RB,2026,14.364684125313554,9.700601662727603,19.375736808998,,16.389084292825668,,,,,0.0842289179338908,17.653567159381794,2.448740807898319,0.5368934305669869,76.48222914420948,2.985242939519848,False,Bucky Irving,TB,veteran_model,False,,False,ACT,1.0,starter,curated,9.961111111111112,18.0,0.0,0.0,0.0,0.0,0.0,11.722222222222221,50.111111111111114,0.3333333333333333,2.0,0.0,15.055555555555555,0.1111111111111111,name,4.403573014202442,True
00-0033119,QB,2026,14.323536784344173,6.945315653548119,21.119350468122803,30.388149918671065,3.2367482475307896,19.661346121070856,0.7235222756917935,1.4521218058453682,207.66705469264508,,,,0.0638991679556964,12.720169169063055,,False,Jacoby Brissett,ARI,veteran_model,False,,False,ACT,1.0,starter,curated,8.88888888888889,18.0,19.72222222222222,12.5,133.33333333333334,0.8333333333333334,0.3888888888888889,1.9444444444444444,6.111111111111111,0.05555555555555555,0.0,0.0,0.0,0.0,gsis_id,5.434647895455283,True
00-0039075,WR,2026,14.098399915038552,10.703753151205314,17.443428913101037,,,,,,,0.4827437574077449,76.54789045422834,7.0942966503384985,,,9.635457152074247,False,Puka Nacua,LA,veteran_model,False,,False,ACT,1.0,starter,curated,14.38888888888889,18.0,0.0,0.0,0.0,0.0,0.0,0.5555555555555556,3.0555555555555554,0.0,5.944444444444445,0.0,77.77777777777777,0.5555555555555556,name,-0.2904889738503371,True
00-0034796,QB,2026,13.805201056166151,5.6156444061351225,20.60101473994478,23.203591901316603,4.741179668970997,14.760673237500749,0.380356673449865,1.1051831716180118,172.54223160421685,,,,0.1507085077498887,23.39241405925828,,False,Lamar Jackson,BAL,veteran_model,False,,False,ACT,1.0,starter,curated,18.11111111111111,18.0,23.055555555555557,15.0,187.77777777777777,1.5,0.4444444444444444,6.611111111111111,37.111111111111114,0.2777777777777778,0.0,0.0,0.0,0.0,gsis_id,-4.30591005494496,True
00-0034855,QB,2026,13.732118932902944,5.930668989850671,20.52793261668157,29.294743748713586,2.941140507173114,18.968686388836524,0.827271752984913,1.2768835445631457,205.0121880930872,,,,0.160772734892824,11.140043275397558,,False,Baker Mayfield,TB,veteran_model,False,,False,ACT,1.0,starter,curated,15.27111111111111,18.0,29.22222222222222,19.055555555555557,204.55555555555554,1.4444444444444444,0.7222222222222222,3.5,17.0,0.1111111111111111,0.0,0.0,0.0,0.0,gsis_id,-1.5389921782081668,True
00-0036264,QB,2026,13.721648076714654,6.396848350103896,20.51746176049329,26.201358792465093,2.8510425074332924,16.77836495490007,0.5608966990412344,1.4050628955356153,190.5299843049869,,,,0.0628476355929747,12.249047068973375,,False,Jordan Love,GB,veteran_model,False,,False,ACT,1.0,starter,curated,15.473333333333333,18.0,27.833333333333332,18.22222222222222,211.55555555555554,1.5,0.5555555555555556,2.8333333333333335,11.222222222222221,0.1111111111111111,0.0,0.0,0.0,0.0,name,-1.7516852566186785,True
00-0039918,QB,2026,13.711065678794428,5.517445497241334,20.50687936257306,27.834280256837783,5.016082460018429,15.99694529000273,0.5805749500549537,1.167006203980722,179.0224807918365,,,,0.1663459100480026,20.45216071019972,,False,Caleb Williams,CHI,veteran_model,False,,False,ACT,1.0,starter,curated,16.63,18.0,28.555555555555557,17.555555555555557,202.83333333333334,1.5555555555555556,0.5555555555555556,4.166666666666667,20.72222222222222,0.16666666666666666,0.0,0.0,0.0,0.0,name,-2.9189343212055707,True
LOV121782,RB,2026,13.67912582251455,6.0925816067131215,20.367749290477235,,14.564453461025222,,,,,0.125337961498894,22.392512195023265,2.9485724604488306,0.4535803978850986,64.92078216483853,3.953054602555632,True,Jeremiyah Love,ARI,rookie_rule,True,drafted,False,,,,rookie_path,11.777777777777779,18.0,0.0,0.0,0.0,0.0,0.0,12.777777777777779,55.72222222222222,0.3333333333333333,2.9444444444444446,0.0,21.77777777777778,0.1111111111111111,name,1.9013480447367712,True
00-0036900,WR,2026,13.559459710195148,10.16481294636191,16.90448870825763,,,,,,,0.5012693387323102,77.83429524662793,5.536828306276988,,,8.900759009069883,False,Ja'Marr Chase,CIN,veteran_model,False,,False,ACT,1.0,starter,curated,14.255555555555556,18.0,0.0,0.0,0.0,0.0,0.0,0.16666666666666666,0.8888888888888888,0.0,6.055555555555555,0.0,74.72222222222223,0.6111111111111112,name,-0.6960958453604089,True
00-0023459,QB,2026,13.529624869288664,6.823331322417056,20.325438553067293,38.894088253699145,2.1389053360981745,22.204056696929094,0.7529731421135253,1.1508288374944409,236.2192865705479,,,,0.0505691903127254,6.800691988396831,,False,Aaron Rodgers,PIT,veteran_model,False,,False,ACT,1.0,starter,curated,9.833333333333334,18.0,22.38888888888889,14.5,150.0,1.0,0.3888888888888889,1.1666666666666667,3.3333333333333335,0.0,0.0,0.0,0.0,0.0,gsis_id,3.6962915359553303,True
00-0038120,RB,2026,13.510168219225816,8.949266734335051,18.521220902910255,,15.39178734583312,,,,,0.0439539870429389,18.335235581306744,2.5086751391189024,0.576821745165502,66.97652698285043,3.0791026825446184,False,Breece Hall,NYJ,veteran_model,False,,False,ACT,1.0,starter,curated,10.866666666666667,18.0,0.0,0.0,0.0,0.0,0.0,12.444444444444445,55.888888888888886,0.3333333333333333,2.111111111111111,0.0,17.77777777777778,0.1111111111111111,name,2.643501552559149,True
00-0039150,QB,2026,13.396160093878532,5.62115162813553,20.191973777657168,25.31988761105577,3.323420784541594,17.188988903811733,0.5701655356179774,1.230347978077357,189.0724998304408,,,,0.1353598158020663,12.40040364775031,,False,Bryce Young,CAR,veteran_model,False,,False,ACT,1.0,starter,curated,13.087777777777779,18.0,27.38888888888889,17.27777777777778,177.88888888888889,1.1111111111111112,0.6111111111111112,2.8333333333333335,13.61111111111111,0.16666666666666666,0.0,0.0,0.0,0.0,name,0.3083823161007526,True
00-0038597,RB,2026,13.352338859159437,8.688256396573482,18.363391542843875,,13.985525461724144,,,,,0.1480176415354309,25.14857611781008,3.047020415163359,0.4115306085253833,59.5668153943186,3.8574532987017065,False,Chase Brown,CIN,veteran_model,False,,False,ACT,1.0,starter,curated,12.594444444444443,18.0,0.0,0.0,0.0,0.0,0.0,12.222222222222221,52.5,0.4444444444444444,3.1666666666666665,0.0,23.166666666666668,0.16666666666666666,name,0.7578944147149933,True
00-0039163,QB,2026,13.283260067252687,5.908811885039519,20.07907375103132,31.787227366631008,2.913179060561834,19.65660623228864,0.7008682552617364,1.2026731109328053,205.56662894968355,,,,0.1121261274214669,9.78882211528798,,False,C.J. Stroud,HOU,veteran_model,False,,False,ACT,1.0,starter,curated,13.233333333333333,18.0,26.72222222222222,16.77777777777778,189.16666666666666,1.1666666666666667,0.6666666666666666,3.0,12.222222222222221,0.1111111111111111,0.0,0.0,0.0,0.0,name,0.04992673391935476,True
00-0029604,QB,2026,13.13134521889319,6.655323134487403,19.927158902671817,34.096619681750305,1.832631641220583,20.669258388158752,0.6351902787602065,1.2135469988743874,219.858122566646,,,,0.0462339258507004,4.758093231460112,,False,Kirk Cousins,LV,veteran_model,False,,True,ACT,1.0,starter,curated,2.1755555555555555,18.0,5.444444444444445,3.5,35.5,0.2777777777777778,0.16666666666666666,0.2777777777777778,0.3333333333333333,0.0,0.0,0.0,0.0,0.0,gsis_id,10.955789663337633,True
00-0035261,RB,2026,12.988776401562507,8.558348758104536,17.99982908524695,,14.696888892630538,,,,,0.0222083468041404,12.306425520977418,1.5422728855345182,0.620246966678497,71.32265525801682,2.181346479418192,False,Tony Pollard,TEN,veteran_model,False,,False,ACT,1.0,starter,curated,8.116666666666667,18.0,0.0,0.0,0.0,0.0,0.0,10.5,44.111111111111114,0.2777777777777778,1.5555555555555556,0.0,10.38888888888889,0.05555555555555555,name,4.87210973489584,True
00-0033106,QB,2026,12.938403903937628,6.484512688952427,19.734217587716252,29.78763227910137,2.266237125950627,18.65655386194713,0.6516029848711022,1.4984877473227889,187.9144218889762,,,,0.0218392788564869,6.000463356907067,,False,Jared Goff,DET,veteran_model,False,,False,ACT,1.0,starter,curated,15.747777777777777,18.0,29.61111111111111,20.11111111111111,228.0,1.6666666666666667,0.5555555555555556,1.6111111111111112,2.9444444444444446,0.05555555555555555,0.0,0.0,0.0,0.0,gsis_id,-2.8093738738401495,True
PRI206342,RB,2026,12.860298282567694,5.727881868317608,19.148543161213773,,13.69263052782776,,,,,0.1178352763121568,21.052104488289388,2.772071976026753,0.4264292387988158,61.034647550595416,3.716426179256927,True,Jadarian Price,SEA,rookie_rule,True,drafted,False,,,,rookie_path,8.916666666666666,18.0,0.0,0.0,0.0,0.0,0.0,11.777777777777779,50.666666666666664,0.3888888888888889,1.0555555555555556,0.0,7.666666666666667,0.05555555555555555,name,3.943631615901028,True
00-0034844,RB,2026,12.704435654455198,8.040353191869247,17.71548833813964,,15.042932842358368,,,,,0.1384272031160547,21.205664006701834,2.58963063128672,0.3952708945101062,60.86865352384688,3.2737138915698685,False,Saquon Barkley,PHI,veteran_model,False,,False,ACT,1.0,starter,curated,12.677777777777777,18.0,0.0,0.0,0.0,0.0,0.0,15.055555555555555,67.77777777777777,0.4444444444444444,2.0555555555555554,0.0,15.38888888888889,0.1111111111111111,gsis_id,0.02665787667742059,True
00-0038543,WR,2026,12.33910740372114,8.944460639887902,15.684136401783626,,,,,,,0.4437191775530813,68.7454910562904,5.604486465547226,,,8.967594714363083,False,Jaxon Smith-Njigba,SEA,veteran_model,False,,False,ACT,1.0,starter,curated,13.06111111111111,18.0,0.0,0.0,0.0,0.0,0.0,0.3333333333333333,1.8333333333333333,0.0,5.5,0.0,74.61111111111111,0.4444444444444444,name,-0.7220037073899697,True
00-0037248,RB,2026,12.31284103442248,7.871812868638598,17.323893718106923,,14.643943049891496,,,,,0.0239751005251256,14.10070140083417,2.034689213214147,0.4132079372979255,72.62328060793683,2.6024885540916944,False,James Cook,BUF,veteran_model,False,,False,ACT,1.0,starter,curated,13.627777777777778,18.0,0.0,0.0,0.0,0.0,0.0,14.666666666666666,70.55555555555556,0.6111111111111112,1.7222222222222223,0.0,14.88888888888889,0.1111111111111111,name,-1.3149367433552985,True
00-0036223,RB,2026,12.016406837412829,7.352324374826878,17.02745952109727,,12.90891411235911,,,,,0.0760584130339166,15.507861791948002,1.933836890154944,0.5498994834583883,57.42954834186725,2.6126862343063126,False,Jonathan Taylor,IND,veteran_model,False,,False,ACT,1.0,starter,curated,14.127777777777778,18.0,0.0,0.0,0.0,0.0,0.0,15.944444444444445,76.94444444444444,0.6111111111111112,2.0,0.0,15.444444444444445,0.05555555555555555,name,-2.1113709403649494,True
00-0035676,WR,2026,12.005644882672428,8.610998118839188,15.35067388073491,,,,,,,0.5566492613637483,60.10781011890415,5.309936605199044,,,8.505504442746597,False,A.J. Brown,NE,veteran_model,False,,True,ACT,1.0,starter,curated,11.538888888888888,18.0,0.0,0.0,0.0,0.0,0.0,0.05555555555555555,0.3333333333333333,0.0,4.388888888888889,0.0,65.33333333333333,0.4444444444444444,name,0.46675599378353994,True
00-0036322,WR,2026,11.973523786381676,8.578877022548436,15.318552784444162,,,,,,,0.3943074184226202,68.94078615442817,5.427201320806277,,,8.061732850275405,False,Justin Jefferson,MIN,veteran_model,False,,False,ACT,1.0,starter,curated,11.411111111111111,18.0,0.0,0.0,0.0,0.0,0.0,0.05555555555555555,0.3333333333333333,0.0,5.0,0.0,65.44444444444444,0.3888888888888889,name,0.5624126752705649,True
00-0040715,RB,2026,11.828438683035142,7.164356220449195,16.839491366719585,,12.715639796728397,,,,,0.0746410474385159,20.262763699800225,2.750742884034375,0.4460482311343028,53.026551996010205,3.638307092348092,False,Cam Skattebo,NYG,veteran_model,False,,False,ACT,1.0,starter,curated,10.416666666666666,18.0,0.0,0.0,0.0,0.0,0.0,12.5,52.111111111111114,0.3333333333333333,2.4444444444444446,0.0,17.61111111111111,0.05555555555555555,name,1.4117720163684755,True
00-0035700,RB,2026,11.777727907200568,7.268661611517301,16.78878059088501,,13.760947313251927,,,,,0.0353147888416897,16.495403446748767,1.957602904649024,0.4735182253739073,60.96388024907598,2.492646910497278,False,Josh Jacobs,GB,veteran_model,False,,False,ACT,1.0,starter,curated,10.338888888888889,18.0,0.0,0.0,0.0,0.0,0.0,12.055555555555555,51.0,0.4444444444444444,1.8333333333333333,0.0,14.333333333333334,0.05555555555555555,name,1.438839018311679,True
00-0038117,WR,2026,11.76816732268706,8.37352055885382,15.113196320749545,,,,,,,0.4335897842790192,64.73804202805792,5.385648828414304,,,8.36390595397349,False,Wan'Dale Robinson,TEN,veteran_model,False,,True,ACT,4.0,starter,curated,7.227777777777778,18.0,0.0,0.0,0.0,0.0,0.0,0.16666666666666666,0.8333333333333334,0.0,3.7777777777777777,0.0,39.22222222222222,0.2222222222222222,name,4.5403895449092815,True
00-0031381,WR,2026,11.69067088782494,8.296024123991701,15.035699885887423,,,,,,,0.5141005018387761,57.204479618679706,5.771239829848626,,,8.194605319746199,False,Davante Adams,LA,veteran_model,False,,False,ACT,2.0,starter,curated,8.944444444444445,18.0,0.0,0.0,0.0,0.0,0.0,0.0,0.0,0.0,3.5,0.0,44.166666666666664,0.4444444444444444,gsis_id,2.746226443380495,True
00-0032764,RB,2026,11.66180135312992,7.212352503564986,16.672854036814364,,12.27741032300967,,,,,0.0253785478219675,9.049565048801608,1.5665688463658212,0.560207175684921,64.60046084025518,2.079046874861568,False,Derrick Henry,BAL,veteran_model,False,,False,ACT,1.0,starter,curated,13.244444444444445,18.0,0.0,0.0,0.0,0.0,0.0,15.61111111111111,78.11111111111111,0.6666666666666666,0.9444444444444444,0.0,7.388888888888889,0.05555555555555555,gsis_id,-1.5826430913145249,True
00-0034869,QB,2026,11.633262435176276,5.412401194713988,18.429076118954907,28.233040301413496,2.0580622782583773,17.839864741063927,0.5390004621453056,1.1664322979052493,188.68705333847933,,,,0.037331887617835,2.7406070859970684,,False,Sam Darnold,SEA,veteran_model,False,,False,ACT,1.0,starter,curated,14.596666666666668,18.0,26.555555555555557,17.61111111111111,204.22222222222223,1.4444444444444444,0.6666666666666666,2.4444444444444446,8.722222222222221,0.1111111111111111,0.0,0.0,0.0,0.0,gsis_id,-2.963404231490392,True
00-0036963,WR,2026,11.554097919755794,8.159451155922554,14.899126917818275,,,,,,,0.4789591880917849,62.59055003996339,4.842575574417489,,,8.017710288602242,False,Amon-Ra St. Brown,DET,veteran_model,False,,False,ACT,1.0,starter,curated,12.63888888888889,18.0,0.0,0.0,0.0,0.0,0.0,0.16666666666666666,0.8888888888888888,0.0,5.888888888888889,0.0,69.38888888888889,0.4444444444444444,name,-1.0847909691330955,True
00-0039064,WR,2026,11.449974117509257,8.055327353676017,14.79500311557174,,,,,,,0.3873883069053859,63.39653338293139,5.571981875567604,,,8.06592231440357,False,Zay Flowers,BAL,veteran_model,False,,False,ACT,1.0,starter,curated,10.427777777777777,18.0,0.0,0.0,0.0,0.0,0.0,0.2777777777777778,1.6111111111111112,0.0,4.5,0.0,61.27777777777778,0.3333333333333333,name,1.0221963397314795,True
00-0040784,RB,2026,11.399064761162316,6.905668205573259,16.410117444846758,,12.931550141823672,,,,,0.0327031654926545,13.071508268534483,2.0191827035797743,0.3915561704548334,65.36766566834054,2.638268846539858,False,Quinshon Judkins,CLE,veteran_model,False,,False,ACT,1.0,starter,curated,10.0,18.0,0.0,0.0,0.0,0.0,0.0,13.555555555555555,56.22222222222222,0.3333333333333333,1.7777777777777777,0.0,12.666666666666666,0.05555555555555555,name,1.3990647611623164,True
00-0037247,WR,2026,11.358612620248028,7.96396585641479,14.703641618310511,,,,,,,0.4615564002252495,62.32077812277726,4.714392813237609,,,7.540321668993332,False,George Pickens,DAL,veteran_model,False,,False,ACT,2.0,starter,curated,11.427777777777777,18.0,0.0,0.0,0.0,0.0,0.0,0.05555555555555555,0.3333333333333333,0.0,4.444444444444445,0.0,67.27777777777777,0.3888888888888889,name,-0.06916515752974917,True
00-0037239,WR,2026,11.354325959492632,7.959679195659392,14.699354957555116,,,,,,,0.3835332206802581,64.52347610702617,5.201558049416932,,,8.627375950961765,False,Chris Olave,NO,veteran_model,False,,False,ACT,1.0,starter,curated,10.655555555555557,18.0,0.0,0.0,0.0,0.0,0.0,0.05555555555555555,0.3333333333333333,0.0,4.444444444444445,0.0,59.55555555555556,0.3888888888888889,name,0.6987704039370755,True
00-0036554,WR,2026,11.265280381483851,7.870633617650615,14.610309379546338,,,,,,,0.4056224662777606,63.02755529635032,5.057580108364515,,,7.334562220599168,False,Nico Collins,HOU,veteran_model,False,,False,ACT,1.0,starter,curated,11.694444444444445,18.0,0.0,0.0,0.0,0.0,0.0,0.16666666666666666,1.0,0.0,4.555555555555555,0.0,68.72222222222223,0.3888888888888889,name,-0.4291640629605933,True
00-0039067,WR,2026,11.111896450097912,7.717249686264674,14.456925448160398,,,,,,,0.3886316089427518,59.54344337822434,5.651524917237936,,,8.674511232489579,False,Rashee Rice,KC,veteran_model,False,,False,ACT,1.0,starter,curated,10.294444444444444,18.0,0.0,0.0,0.0,0.0,0.0,0.3333333333333333,1.6111111111111112,0.0,4.888888888888889,0.0,53.55555555555556,0.3888888888888889,name,0.8174520056534682,True
00-0033293,RB,2026,11.08782259951666,6.423740136930708,16.0988752832011,,12.085179636111642,,,,,0.1019690635717333,20.492502686732166,2.4879475937390514,0.3598444891283718,50.237172177732845,2.893230106406161,False,Aaron Jones,MIN,veteran_model,False,,False,ACT,1.0,starter,curated,6.672222222222222,18.0,0.0,0.0,0.0,0.0,0.0,7.277777777777778,31.27777777777778,0.16666666666666666,1.8888888888888888,0.0,13.777777777777779,0.05555555555555555,gsis_id,4.415600377294438,True
00-0040676,QB,2026,10.953995834610655,3.2988787483279043,17.749809518389288,24.457620433278016,3.417396980685172,15.007534560138884,0.6485354239886278,0.8490815177470806,173.06081828681022,,,,0.1020990550862176,13.19713549609874,,False,Cam Ward,TEN,veteran_model,False,,False,ACT,1.0,starter,curated,12.657777777777778,18.0,30.055555555555557,18.944444444444443,195.33333333333334,1.0555555555555556,0.7222222222222222,2.5555555555555554,10.11111111111111,0.1111111111111111,0.0,0.0,0.0,0.0,name,-1.7037819431671224,True
00-0036613,WR,2026,10.905761320763965,7.511114556930725,14.25079031882645,,,,,,,0.3807347199820584,63.7956217974029,4.483581642262648,,,6.7712203860098,False,Jaylen Waddle,DEN,veteran_model,False,,True,ACT,2.0,starter,curated,10.13888888888889,18.0,0.0,0.0,0.0,0.0,0.0,0.16666666666666666,1.0,0.0,4.277777777777778,0.0,55.666666666666664,0.3888888888888889,name,0.7668724318750755,True
00-0038134,RB,2026,10.90271568794038,6.23863322535443,15.91376837162482,,14.04733748847314,,,,,0.0787488748976373,12.913839795218092,2.046233794081552,0.4231848678078824,55.76612355144675,2.5884218791250504,False,Kenneth Walker III,KC,veteran_model,False,,True,ACT,1.0,starter,curated,12.527777777777779,18.0,0.0,0.0,0.0,0.0,0.0,14.38888888888889,64.33333333333333,0.5,2.0555555555555554,0.0,15.11111111111111,0.1111111111111111,name,-1.6250620898373977,True
00-0037744,TE,2026,10.902605963934692,8.682672803211673,14.222215168721082,,,,,,,0.5026302344337421,54.10935154931589,4.951778804801301,,,7.258077202172067,False,Trey McBride,ARI,veteran_model,False,,False,ACT,1.0,starter,curated,10.383333333333333,18.0,0.0,0.0,0.0,0.0,0.0,0.0,0.0,0.0,5.333333333333333,0.0,53.833333333333336,0.3888888888888889,name,0.5192726306013586,True
00-0040666,RB,2026,10.860896875905844,6.338311823428599,15.871949559590288,,12.803112635403972,,,,,0.0375679149740191,16.885925364632925,2.755750138438407,0.3922276266093801,52.15656020722952,3.3674119419839235,False,Omarion Hampton,LAC,veteran_model,False,,False,ACT,1.0,starter,curated,12.161111111111111,18.0,0.0,0.0,0.0,0.0,0.0,12.88888888888889,56.94444444444444,0.4444444444444444,2.6666666666666665,0.0,20.22222222222222,0.1111111111111111,name,-1.3002142352052672,True
00-0035228,QB,2026,10.803813876048483,2.610193694495392,17.599627559827116,17.938580878647215,5.085401259953352,12.10730139216518,0.5420098791062719,0.901792216342756,128.83282709145058,,,,0.1940623658639792,19.629774900481063,,False,Kyler Murray,MIN,veteran_model,False,,True,ACT,1.0,starter,curated,14.733333333333333,18.0,25.833333333333332,17.27777777777778,182.5,1.1111111111111112,0.5,4.611111111111111,27.11111111111111,0.16666666666666666,0.0,0.0,0.0,0.0,name,-3.929519457284849,True
00-0037238,WR,2026,10.785118994881664,7.390472231048426,14.130147992944147,,,,,,,0.4659058742818621,53.19125599255134,5.341116299870714,,,8.382205739965546,False,Drake London,ATL,veteran_model,False,,False,ACT,1.0,starter,curated,11.399999999999999,18.0,0.0,0.0,0.0,0.0,0.0,0.05555555555555555,0.3333333333333333,0.0,5.0,0.0,64.22222222222223,0.3888888888888889,name,-0.6148810051183347,True
00-0036275,RB,2026,10.762961926627694,6.22196131482562,15.774014610312136,,12.59566504177342,,,,,0.0406371748614907,14.39679773969598,1.8419320434805788,0.4258794654379697,56.03216289121044,2.260694012278848,False,D'Andre Swift,CHI,veteran_model,False,,False,ACT,1.0,starter,curated,10.399999999999999,18.0,0.0,0.0,0.0,0.0,0.0,11.61111111111111,52.22222222222222,0.3888888888888889,2.0555555555555554,0.0,15.944444444444445,0.05555555555555555,name,0.3629619266276958,True
00-0039917,QB,2026,10.755304089651585,3.232029474889819,17.551117773430217,25.49428147407384,2.259951841127687,15.750643168866317,0.6693795248250067,1.0277307576421248,154.5668675031726,,,,0.1306057058931618,10.168311732472253,,False,Michael Penix Jr.,ATL,veteran_model,False,,False,ACT,1.0,starter,curated,6.021111111111111,18.0,12.277777777777779,7.611111111111111,87.05555555555556,0.5555555555555556,0.2777777777777778,1.1111111111111112,3.7222222222222223,0.05555555555555555,0.0,0.0,0.0,0.0,name,4.734192978540474,True
00-0034348,WR,2026,10.746153093194472,7.351506329361235,14.091182091256956,,,,,,,0.4048422638424086,61.27814732527998,4.378569555224046,,,6.956510237503056,False,Courtland Sutton,DEN,veteran_model,False,,False,ACT,1.0,starter,curated,8.044444444444444,18.0,0.0,0.0,0.0,0.0,0.0,0.0,0.0,0.0,3.2777777777777777,0.0,44.05555555555556,0.3333333333333333,gsis_id,2.701708648750028,True
00-0040124,WR,2026,10.71262544344698,7.317978679613741,14.057654441509465,,,,,,,0.3909338551569933,59.572495066926585,4.819545611624722,,,7.346319074541866,False,Tetairoa McMillan,CAR,veteran_model,False,,False,ACT,1.0,starter,curated,10.25,18.0,0.0,0.0,0.0,0.0,0.0,0.05555555555555555,0.3333333333333333,0.0,4.277777777777778,0.0,59.666666666666664,0.3333333333333333,name,0.46262544344697965,True
00-0036358,WR,2026,10.514744528628832,7.120097764795593,13.859773526691315,,,,,,,0.4318541464521489,55.02070106158202,4.843099087515474,,,7.437444877096723,False,CeeDee Lamb,DAL,veteran_model,False,,False,ACT,1.0,starter,curated,12.36111111111111,18.0,0.0,0.0,0.0,0.0,0.0,0.16666666666666666,0.8888888888888888,0.0,5.333333333333333,0.0,69.38888888888889,0.4444444444444444,name,-1.846366582482279,True
00-0039338,TE,2026,10.4828571403717,8.26292397964868,13.802466345158088,,,,,,,0.4529839347782465,52.26734107752584,5.076438847899272,,,6.928942993632048,False,Brock Bowers,LV,veteran_model,False,,False,ACT,1.0,starter,curated,11.25,18.0,0.0,0.0,0.0,0.0,0.0,0.2222222222222222,1.0,0.0,5.666666666666667,0.0,59.833333333333336,0.3888888888888889,name,-0.7671428596283008,True
00-0039337,WR,2026,10.426502172434503,7.031855408601265,13.771531170496988,,,,,,,0.3961834183486665,57.874236241820746,4.52395607632086,,,7.374124382632105,False,Malik Nabers,NYG,veteran_model,False,,False,ACT,1.0,starter,curated,10.350000000000001,18.0,0.0,0.0,0.0,0.0,0.0,0.16666666666666666,0.8888888888888888,0.0,4.555555555555555,0.0,58.72222222222222,0.3333333333333333,name,0.07650217243450186,True
00-0036997,RB,2026,10.399499858085562,5.776929763753657,15.410552541770002,,12.065552623651593,,,,,0.0542320886164625,17.160811961747907,2.044518284455164,0.3799782739781899,50.55897344115274,2.577071232532662,False,Javonte Williams,DAL,veteran_model,False,,False,ACT,1.0,starter,curated,10.488888888888889,18.0,0.0,0.0,0.0,0.0,0.0,13.277777777777779,55.77777777777778,0.3888888888888889,2.0555555555555554,0.0,13.277777777777779,0.05555555555555555,name,-0.08938903080332672,True
00-0036252,WR,2026,10.30620037075521,6.911553606921971,13.651229368817694,,,,,,,0.4326708025242762,54.44296355031418,4.531758401156267,,,7.444103963106897,False,Michael Pittman,PIT,veteran_model,False,,True,ACT,2.0,starter,curated,7.577777777777778,18.0,0.0,0.0,0.0,0.0,0.0,0.05555555555555555,0.3888888888888889,0.0,3.8333333333333335,0.0,42.888888888888886,0.2222222222222222,name,2.7284225929774317,True
00-0036410,WR,2026,10.091101419192364,6.696454655359123,13.436130417254848,,,,,,,0.3501676773856589,59.4630315780073,4.087584394155357,,,6.990553856510072,False,Tee Higgins,CIN,veteran_model,False,,False,ACT,2.0,starter,curated,10.383333333333333,18.0,0.0,0.0,0.0,0.0,0.0,0.05555555555555555,0.3333333333333333,0.0,4.166666666666667,0.0,58.22222222222222,0.3888888888888889,name,-0.2922319141409684,True
00-0039915,WR,2026,10.08066817249268,6.68602140865944,13.425697170555164,,,,,,,0.3932880452268926,53.72584622545804,4.696710557171038,,,6.983698745135986,False,Ladd McConkey,LAC,veteran_model,False,,False,ACT,1.0,starter,curated,10.427777777777777,18.0,0.0,0.0,0.0,0.0,0.0,0.1111111111111111,0.6666666666666666,0.0,4.5,0.0,57.77777777777778,0.3888888888888889,name,-0.3471096052850964,True
00-0035640,WR,2026,9.896010055576967,6.501363291743727,13.24103905363945,,,,,,,0.2915359404763175,60.069780378988725,4.27963274964038,,,6.890892251572682,False,DK Metcalf,PIT,veteran_model,False,,False,ACT,1.0,starter,curated,8.461111111111112,18.0,0.0,0.0,0.0,0.0,0.0,0.1111111111111111,0.5555555555555556,0.0,3.4444444444444446,0.0,46.833333333333336,0.3333333333333333,name,1.4348989444658553,True
00-0036912,WR,2026,9.886549475404856,6.491902711571616,13.23157847346734,,,,,,,0.3130673849144707,57.22266493769988,4.571757344296084,,,6.856325695708708,False,DeVonta Smith,PHI,veteran_model,False,,False,ACT,1.0,starter,curated,10.511111111111111,18.0,0.0,0.0,0.0,0.0,0.0,0.05555555555555555,0.3333333333333333,0.0,4.444444444444445,0.0,59.22222222222222,0.3888888888888889,name,-0.6245616357062556,True
00-0040668,QB,2026,9.877554358387265,2.417030758524634,16.673368042165897,24.41575093613944,3.11760242380078,14.586880898469992,0.6097721914938483,0.8381614829776795,150.1684603939296,,,,0.1011546342416334,11.307865882572589,,False,Shedeur Sanders,CLE,veteran_model,False,,False,ACT,1.0,starter,curated,5.395555555555556,18.0,12.555555555555555,7.888888888888889,79.61111111111111,0.3888888888888889,0.2777777777777778,1.4444444444444444,4.888888888888889,0.1111111111111111,0.0,0.0,0.0,0.0,name,4.481998802831709,True
00-0037840,RB,2026,9.865611446318722,5.283315850280944,14.876664130003164,,11.994584072016693,,,,,0.0475196722341081,14.554409210570126,2.0781667359042064,0.3826371026061961,47.90146508267781,2.7809643131086905,False,Kyren Williams,LA,veteran_model,False,,False,ACT,1.0,starter,curated,10.666666666666666,18.0,0.0,0.0,0.0,0.0,0.0,12.666666666666666,54.5,0.4444444444444444,1.7777777777777777,0.0,12.166666666666666,0.1111111111111111,name,-0.8010552203479442,True
00-0038559,WR,2026,9.805355447862658,6.41070868402942,13.15038444592514,,,,,,,0.3411549183967527,58.22185615712019,3.8724806435402455,,,6.632883955546115,False,Michael Wilson,ARI,veteran_model,False,,False,ACT,2.0,starter,curated,7.583333333333333,18.0,0.0,0.0,0.0,0.0,0.0,0.05555555555555555,0.3333333333333333,0.0,3.2777777777777777,0.0,42.44444444444444,0.2777777777777778,name,2.2220221145293246,True
00-0038997,WR,2026,9.78895115504361,6.3943043912103725,13.133980153106094,,,,,,,0.3025458612138743,56.97997074749185,4.55135782602236,,,6.524696245807867,False,Josh Downs,IND,veteran_model,False,,False,ACT,1.0,starter,curated,7.966666666666667,18.0,0.0,0.0,0.0,0.0,0.0,0.1111111111111111,0.7777777777777778,0.0,4.111111111111111,0.0,45.0,0.2222222222222222,name,1.822284488376944,True
00-0040129,WR,2026,9.545819877819415,6.151173113986177,12.8908488758819,,,,,,,0.279917064563821,54.775627028025575,4.777509575267866,,,7.53260249023087,False,Emeka Egbuka,TB,veteran_model,False,,False,ACT,1.0,starter,curated,10.305555555555555,18.0,0.0,0.0,0.0,0.0,0.0,0.16666666666666666,1.1666666666666667,0.0,4.277777777777778,0.0,57.166666666666664,0.3888888888888889,name,-0.7597356777361401,True
00-0036407,WR,2026,9.534086312137752,6.139439548304514,12.879115310200236,,,,,,,0.3060822429605395,56.04351897131581,4.186481914485867,,,6.786700788609874,False,Jerry Jeudy,CLE,veteran_model,False,,False,ACT,1.0,starter,curated,5.449999999999999,18.0,0.0,0.0,0.0,0.0,0.0,0.05555555555555555,0.2777777777777778,0.0,2.388888888888889,0.0,32.27777777777778,0.16666666666666666,name,4.084086312137753,True
00-0034960,WR,2026,9.497957440298803,6.103310676465565,12.842986438361288,,,,,,,0.343135692238853,49.70298762488713,4.937689048753945,,,7.272512554754932,False,Jakobi Meyers,JAX,veteran_model,False,,False,ACT,3.0,starter,curated,7.627777777777778,18.0,0.0,0.0,0.0,0.0,0.0,0.2222222222222222,1.1666666666666667,0.0,3.5555555555555554,0.0,40.666666666666664,0.2777777777777778,name,1.870179662521025,True
00-0039919,WR,2026,9.49791867331798,6.103271909484741,12.842947671380465,,,,,,,0.3680759641007823,50.23003366082621,4.53291904526133,,,6.855847652627216,False,Rome Odunze,CHI,veteran_model,False,,False,ACT,1.0,starter,curated,9.661111111111111,18.0,0.0,0.0,0.0,0.0,0.0,0.05555555555555555,0.3333333333333333,0.0,3.7777777777777777,0.0,54.05555555555556,0.3888888888888889,name,-0.16319243779313197,True
00-0038563,WR,2026,9.49339730234855,6.09875053851531,12.838426300411031,,,,,,,0.3116097965097214,56.08540054378408,4.030396937823625,,,6.104039920131863,False,Tre Tucker,LV,veteran_model,False,,False,ACT,2.0,starter,curated,5.1,18.0,0.0,0.0,0.0,0.0,0.0,0.3333333333333333,1.7777777777777777,0.0,2.2222222222222223,0.0,28.11111111111111,0.16666666666666666,name,4.39339730234855,True
00-0038544,WR,2026,9.48861597003402,6.09396920620078,12.833644968096502,,,,,,,0.4521662917442149,49.2208944183348,3.707057555470499,,,6.366725919318741,False,Quentin Johnston,LAC,veteran_model,False,,False,ACT,2.0,starter,curated,7.4944444444444445,18.0,0.0,0.0,0.0,0.0,0.0,0.1111111111111111,0.6111111111111112,0.0,3.2222222222222223,0.0,41.55555555555556,0.2777777777777778,name,1.994171525589576,True
00-0039849,WR,2026,9.42493689252087,6.030290128687632,12.769965890583354,,,,,,,0.3207663450471475,56.24720262847148,3.751237118781674,,,5.641293623775812,False,Marvin Harrison Jr.,ARI,veteran_model,False,,False,ACT,1.0,starter,curated,8.622222222222222,18.0,0.0,0.0,0.0,0.0,0.0,0.0,0.0,0.0,3.4444444444444446,0.0,49.0,0.3333333333333333,name,0.8027146702986485,True
00-0040128,TE,2026,9.419371194433158,7.199438033710138,12.738980399219548,,,,,,,0.3769469321999155,46.790814753575866,4.957216251752157,,,6.785966055146417,False,Tyler Warren,IND,veteran_model,False,,False,ACT,1.0,starter,curated,8.866666666666667,18.0,0.0,0.0,0.0,0.0,0.0,0.2777777777777778,1.0555555555555556,0.0,4.611111111111111,0.0,47.888888888888886,0.2777777777777778,name,0.5527045277664904,True
00-0033288,TE,2026,9.404625927718683,7.184692766995664,12.724235132505072,,,,,,,0.4473591721053698,45.25100301135577,4.390741187901774,,,5.593049191029117,False,George Kittle,SF,veteran_model,False,,False,ACT,1.0,starter,curated,7.683333333333334,18.0,0.0,0.0,0.0,0.0,0.0,0.0,0.0,0.0,3.4444444444444446,0.0,39.611111111111114,0.3333333333333333,gsis_id,1.7212925943853499,True
00-0037740,WR,2026,9.242140934346128,5.847494170512887,12.58716993240861,,,,,,,0.3654117622009447,46.74030311541171,4.751280099198573,,,7.560528223943182,False,Garrett Wilson,NYJ,veteran_model,False,,False,ACT,1.0,starter,curated,10.18888888888889,18.0,0.0,0.0,0.0,0.0,0.0,0.16666666666666666,0.8888888888888888,0.0,4.611111111111111,0.0,57.94444444444444,0.3333333333333333,name,-0.9467479545427615,True
00-0030506,TE,2026,9.1013811854222,6.88144802469918,12.42099039020859,,,,,,,0.4396166386163669,41.600604200889855,4.607241867270026,,,6.349088247290953,False,Travis Kelce,KC,veteran_model,False,,False,ACT,1.0,starter,curated,7.577777777777778,18.0,0.0,0.0,0.0,0.0,0.0,0.0,0.0,0.0,3.888888888888889,0.0,39.666666666666664,0.2777777777777778,gsis_id,1.5236034076444218,True
00-0037240,WR,2026,9.084414153693253,5.689767389860014,12.429443151755736,,,,,,,0.2956874715697439,54.81205713491767,3.658167221566044,,,6.073561055455545,False,Jameson Williams,DET,veteran_model,False,,False,ACT,2.0,starter,curated,9.788888888888888,18.0,0.0,0.0,0.0,0.0,0.0,0.4444444444444444,2.4444444444444446,0.0,3.3333333333333335,0.0,55.44444444444444,0.3888888888888889,name,-0.7044747351956353,True
00-0031408,WR,2026,9.059063630766728,5.664416866933489,12.404092628829211,,,,,,,0.376494618071636,48.68782965556503,3.8626259135608167,,,7.325331126237906,False,Mike Evans,SF,veteran_model,False,,True,ACT,2.0,starter,curated,10.399999999999999,18.0,0.0,0.0,0.0,0.0,0.0,0.0,0.0,0.0,3.888888888888889,0.0,56.77777777777778,0.4444444444444444,gsis_id,-1.3409363692332708,True
00-0036970,TE,2026,9.04830000036721,6.828366839644189,12.367909205153598,,,,,,,0.3561422576315051,45.31981799175578,4.7589293108052,,,6.81521167792625,False,Kyle Pitts,ATL,veteran_model,False,,False,ACT,1.0,starter,curated,7.699999999999999,18.0,0.0,0.0,0.0,0.0,0.0,0.0,0.0,0.0,3.6666666666666665,0.0,42.0,0.2777777777777778,name,1.3483000003672103,True
00-0037664,WR,2026,8.995316420713316,5.600669656880077,12.3403454187758,,,,,,,0.3131102570411288,53.18178557163716,3.596952642605653,,,5.710459612786922,False,Alec Pierce,IND,veteran_model,False,,False,ACT,2.0,starter,curated,8.383333333333333,18.0,0.0,0.0,0.0,0.0,0.0,0.05555555555555555,0.3888888888888889,0.0,3.0,0.0,48.44444444444444,0.3333333333333333,name,0.6119830873799827,True
00-0039868,WR,2026,8.878858110147174,5.484211346313934,12.223887108209658,,,,,,,0.3405818505520709,49.73682760300162,3.7233684930691706,,,6.037771233695498,False,Troy Franklin,DEN,veteran_model,False,,False,ACT,3.0,starter,curated,3.922222222222222,18.0,0.0,0.0,0.0,0.0,0.0,0.16666666666666666,0.9444444444444444,0.0,1.6666666666666667,0.0,19.944444444444443,0.16666666666666666,name,4.956635887924952,True
00-0038994,WR,2026,8.758299435072432,5.363652671239194,12.103328433134916,,,,,,,0.3426491039895979,48.87080097079184,3.630649428111321,,,5.814722062969103,False,Jordan Addison,MIN,veteran_model,False,,False,ACT,2.0,starter,curated,7.872222222222222,18.0,0.0,0.0,0.0,0.0,0.0,0.2222222222222222,1.2222222222222223,0.0,3.3333333333333335,0.0,44.166666666666664,0.2777777777777778,name,0.8860772128502106,True
00-0037228,RB,2026,8.715796382438079,4.159647759782728,13.726849066122522,,11.069234797831353,,,,,0.0431618433370369,12.22964671947228,1.865991766890795,0.2980897124290011,45.123264924492254,2.570377715930723,False,Jaylen Warren,PIT,veteran_model,False,,False,ACT,1.0,starter,curated,8.477777777777778,18.0,0.0,0.0,0.0,0.0,0.0,9.555555555555555,42.166666666666664,0.2777777777777778,2.0,0.0,14.833333333333334,0.05555555555555555,name,0.23801860466030078,True
00-0037261,WR,2026,8.697341881761846,5.302695117928607,12.04237087982433,,,,,,,0.2857322927669252,48.72301082287862,4.221294085744865,,,6.335828490655726,False,Khalil Shakir,BUF,veteran_model,False,,False,ACT,3.0,starter,curated,7.333333333333333,18.0,0.0,0.0,0.0,0.0,0.0,0.1111111111111111,0.5555555555555556,0.0,3.8333333333333335,0.0,40.27777777777778,0.2222222222222222,name,1.3640085484285125,True
00-0038606,WR,2026,8.596558570200187,5.201911806366949,11.941587568262673,,,,,,,0.3470506416432017,45.42564342220153,3.9433807562416487,,,6.31198702369826,False,Parker Washington,JAX,veteran_model,False,,False,ACT,4.0,starter,curated,9.8,18.0,0.0,0.0,0.0,0.0,0.0,0.5555555555555556,3.2222222222222223,0.0,4.0,0.0,50.333333333333336,0.3888888888888889,name,-1.2034414297998133,True
00-0039893,WR,2026,8.595765485878276,5.201118722045036,11.94079448394076,,,,,,,0.3395991363543203,45.01183418025676,4.113974499453356,,,6.578841905777757,False,Brian Thomas Jr.,JAX,veteran_model,False,,False,ACT,1.0,starter,curated,9.133333333333333,18.0,0.0,0.0,0.0,0.0,0.0,0.16666666666666666,0.9444444444444444,0.0,3.4444444444444446,0.0,49.833333333333336,0.3888888888888889,name,-0.5375678474550565,True
00-0038128,QB,2026,8.561942639169198,0.9997884857482262,15.35775632294783,14.278833618817822,5.649606932487506,8.384934311800066,0.3056290982631825,0.6202842496539896,101.53205101487454,,,,0.1086068397634929,19.791407579036647,,False,Malik Willis,MIA,veteran_model,False,,True,ACT,1.0,starter,curated,15.006666666666668,18.0,23.27777777777778,15.055555555555555,158.22222222222223,0.9444444444444444,0.5,6.944444444444445,39.55555555555556,0.2777777777777778,0.0,0.0,0.0,0.0,name,-6.44472402749747,True
00-0036259,WR,2026,8.486328256567225,5.091681492733986,11.83135725462971,,,,,,,0.3033194837159764,46.24710447531293,4.083401813480147,,,6.599831809576427,False,Jauan Jennings,MIN,veteran_model,False,,True,ACT,3.0,starter,curated,4.788888888888889,18.0,0.0,0.0,0.0,0.0,0.0,0.0,0.0,0.0,2.1666666666666665,0.0,27.055555555555557,0.16666666666666666,name,3.697439367678336,True
00-0034351,TE,2026,8.448190762592603,6.228257601869583,11.767799967378997,,,,,,,0.3377475083536059,43.09203929506122,4.225003565929692,,,6.19450704127066,False,Dallas Goedert,PHI,veteran_model,False,,False,ACT,1.0,starter,curated,6.083333333333333,18.0,0.0,0.0,0.0,0.0,0.0,0.0,0.0,0.0,2.9444444444444446,0.0,32.77777777777778,0.2222222222222222,gsis_id,2.3648574292592697,True
00-0037816,WR,2026,8.090551122105232,4.695904358271994,11.435580120167716,,,,,,,0.360085762965241,40.4191337256887,3.776246343489832,,,6.407672911247075,False,Romeo Doubs,NE,veteran_model,False,,True,ACT,3.0,starter,curated,7.372222222222222,18.0,0.0,0.0,0.0,0.0,0.0,0.0,0.0,0.0,3.1666666666666665,0.0,41.22222222222222,0.2777777777777778,name,0.7183288998830104,True
00-0035659,WR,2026,8.051065613697979,4.656418849864741,11.396094611760462,,,,,,,0.2560146414077785,45.15584600046122,3.9987863304103706,,,6.203343178858521,False,Terry McLaurin,WAS,veteran_model,False,,False,ACT,1.0,starter,curated,9.927777777777777,18.0,0.0,0.0,0.0,0.0,0.0,0.05555555555555555,0.3888888888888889,0.0,4.166666666666667,0.0,58.05555555555556,0.3333333333333333,name,-1.8767121640797981,True
00-0040663,TE,2026,8.043079392445868,5.823146231722849,11.36268859723226,,,,,,,0.1955968625712253,46.29085781105509,4.480824871826017,,,6.042253351733768,False,Harold Fannin Jr.,CLE,veteran_model,False,,False,ACT,1.0,starter,curated,7.966666666666667,18.0,0.0,0.0,0.0,0.0,0.0,0.3333333333333333,1.3888888888888888,0.0,4.111111111111111,0.0,41.05555555555556,0.2777777777777778,name,0.07641272577920155,True
00-0039165,RB,2026,8.020279179712654,3.4295576972473585,13.031331863397096,,9.349534870370912,,,,,0.0489239866386944,10.53854462389724,1.91257462716084,0.3486867379985932,36.24473055918784,2.039336363420248,False,Zach Charbonnet,SEA,veteran_model,False,,False,ACT,1.0,starter,curated,3.427777777777778,18.0,0.0,0.0,0.0,0.0,0.0,3.611111111111111,14.666666666666666,0.16666666666666666,0.6111111111111112,0.0,4.333333333333333,0.05555555555555555,name,4.592501401934876,True
00-0035719,WR,2026,8.012188776843036,4.617542013009798,11.35721777490552,,,,,,,0.2420244391095789,41.71168941951747,4.777746400467632,,,5.9476007260511725,False,Deebo Samuel Sr.,WAS,veteran_model,False,,False,,1.0,starter,curated,7.094444444444445,18.0,0.0,0.0,0.0,0.0,0.0,0.9444444444444444,4.944444444444445,0.05555555555555555,3.111111111111111,0.0,34.888888888888886,0.2222222222222222,name,0.9177443323985912,True
00-0031588,WR,2026,7.941255006569979,4.54660824273674,11.286284004632464,,,,,,,0.3318650832844979,39.43150293759808,4.013828426206366,,,6.173383597809686,False,Stefon Diggs,NE,veteran_model,False,,False,,2.0,starter,curated,7.333333333333333,18.0,0.0,0.0,0.0,0.0,0.0,0.05555555555555555,0.3333333333333333,0.0,3.4444444444444446,0.0,39.111111111111114,0.2777777777777778,gsis_id,0.6079216732366461,True
00-0035685,RB,2026,7.9216575290667475,3.4548351236382677,12.93271021275119,,10.539393769952618,,,,,0.0282741404658919,9.360539576530943,1.2218909451282185,0.3016028401137386,43.95396215371761,1.8162260522259663,False,David Montgomery,HOU,veteran_model,False,,True,ACT,1.0,starter,curated,10.31111111111111,18.0,0.0,0.0,0.0,0.0,0.0,13.11111111111111,54.77777777777778,0.3888888888888889,1.8333333333333333,0.0,13.61111111111111,0.05555555555555555,name,-2.3894535820443625,True
LEM694125,WR,2026,7.88305519177368,2.239243697478992,12.844941176470588,,,,,,,0.2698767618935686,45.33719547453792,3.460150145916953,,,5.782601597360001,False,Makai Lemon,PHI,rookie_rule,True,drafted,False,,,,rookie_path,7.694444444444445,18.0,0.0,0.0,0.0,0.0,0.0,0.1111111111111111,0.5555555555555556,0.0,3.3333333333333335,0.0,43.05555555555556,0.2777777777777778,name,0.18861074732923555,True
00-0039065,TE,2026,7.781014922144198,5.561081761421178,11.100624126930589,,,,,,,0.3320858014381274,37.42160075550737,4.092680075929394,,,5.578093429048892,False,Sam LaPorta,DET,veteran_model,False,,False,ACT,1.0,starter,curated,8.805555555555555,18.0,0.0,0.0,0.0,0.0,0.0,0.05555555555555555,0.16666666666666666,0.0,4.222222222222222,0.0,46.77777777777778,0.3333333333333333,name,-1.0245406334113571,True
KLU066027,QB,2026,7.769789562289562,0.856,16.959952380952384,18.904551467051466,2.770664983164983,11.134698172198172,0.7331810165143499,0.5509199134199134,122.75979036395702,,,,0.1654481321147987,11.293915343915344,,False,Cade Klubnik,NYJ,rookie_rule,True,drafted,False,,,,rookie_path,1.3333333333333333,18.0,3.388888888888889,2.111111111111111,22.22222222222222,0.1111111111111111,0.1111111111111111,0.2777777777777778,1.1111111111111112,0.0,0.0,0.0,0.0,0.0,name,6.436456228956229,True
00-0039901,WR,2026,7.739810755444483,4.345163991611244,11.084839753506966,,,,,,,0.3133729345110064,41.19732550731884,3.479681195293122,,,5.451032623177457,False,Keon Coleman,BUF,veteran_model,False,,False,ACT,2.0,starter,curated,1.7666666666666666,18.0,0.0,0.0,0.0,0.0,0.0,0.05555555555555555,0.3333333333333333,0.0,0.7777777777777778,0.0,10.11111111111111,0.05555555555555555,name,5.973144088777817,True
00-0040736,TE,2026,7.529073466917074,5.309140306194053,10.848682671703465,,,,,,,0.4377742887160111,30.86449972738428,3.6319555237651593,,,5.140067120892935,False,Mason Taylor,NYJ,veteran_model,False,,False,ACT,1.0,starter,curated,3.3777777777777778,18.0,0.0,0.0,0.0,0.0,0.0,0.0,0.0,0.0,1.8333333333333333,0.0,17.944444444444443,0.1111111111111111,name,4.151295689139296,True
00-0034753,TE,2026,7.425909334002593,5.2059761732795735,10.745518538788982,,,,,,,0.3362751046086946,33.570336461363404,4.10245012042817,,,5.717016855393467,False,Mark Andrews,BAL,veteran_model,False,,False,ACT,1.0,starter,curated,7.361111111111111,18.0,0.0,0.0,0.0,0.0,0.0,0.3333333333333333,0.6666666666666666,0.0,3.3333333333333335,0.0,36.27777777777778,0.3333333333333333,gsis_id,0.06479822289148185,True
00-0037809,TE,2026,7.351422211478059,5.13148905075504,10.671031416264452,,,,,,,0.3289239751521983,33.37638992266259,4.080478736597221,,,6.08899055274619,False,Chig Okonkwo,WAS,veteran_model,False,,True,ACT,1.0,starter,curated,6.311111111111111,18.0,0.0,0.0,0.0,0.0,0.0,0.0,0.0,0.0,3.388888888888889,0.0,32.833333333333336,0.2222222222222222,name,1.0403111003669485,True
00-0038129,TE,2026,7.309773157340411,5.089839996617393,10.6293823621268,,,,,,,0.4001517181217404,30.88686192726929,3.6403533117660807,,,4.7677273527597,False,Cade Otton,TB,veteran_model,False,,False,ACT,1.0,starter,curated,5.555555555555555,18.0,0.0,0.0,0.0,0.0,0.0,0.0,0.0,0.0,3.111111111111111,0.0,30.0,0.16666666666666666,name,1.7542176017848554,True
00-0036158,RB,2026,7.285189257604772,2.886663676793148,12.296241941289214,,9.163445095705558,,,,,0.022862195622719,7.734242744418059,1.1112291028437118,0.3246720214680099,38.70945129196737,1.5127001849651742,False,J.K. Dobbins,DEN,veteran_model,False,,False,ACT,1.0,starter,curated,8.177777777777777,18.0,0.0,0.0,0.0,0.0,0.0,9.5,40.666666666666664,0.3333333333333333,1.4444444444444444,0.0,10.555555555555555,0.05555555555555555,name,-0.892588520173005,True
00-0033090,TE,2026,7.234400821567293,5.014467660844273,10.554010026353684,,,,,,,0.2771101764723528,34.95093629870695,4.1532922657249625,,,5.462401936839311,False,Hunter Henry,NE,veteran_model,False,,False,ACT,1.0,starter,curated,6.916666666666667,18.0,0.0,0.0,0.0,0.0,0.0,0.0,0.0,0.0,3.2222222222222223,0.0,36.388888888888886,0.2777777777777778,gsis_id,0.3177341549006263,True
00-0034383,TE,2026,7.213859402446451,4.993926241723431,10.53346860723284,,,,,,,0.241713728833435,37.71203701896405,3.984746655098871,,,5.290321646399048,False,Dalton Schultz,HOU,veteran_model,False,,False,ACT,1.0,starter,curated,5.888888888888889,18.0,0.0,0.0,0.0,0.0,0.0,0.0,0.0,0.0,3.0555555555555554,0.0,30.27777777777778,0.2222222222222222,gsis_id,1.3249705135575613,True
COO816508,WR,2026,6.967249233136557,1.9791018272137813,11.35269313537723,,,,,,,0.2385241022169321,40.0701926750642,3.0581707046570887,,,5.110813709230894,False,Omar Cooper Jr.,NYJ,rookie_rule,True,drafted,False,,,,rookie_path,5.811111111111111,18.0,0.0,0.0,0.0,0.0,0.0,0.16666666666666666,0.7777777777777778,0.0,2.5,0.0,31.5,0.2222222222222222,name,1.156138122025446,True
TAT143045,WR,2026,6.927642771431346,1.9678513009146148,11.288156904381095,,,,,,,0.2371681731545277,39.84240714614163,3.0407860357800334,,,5.081760457268212,False,Carnell Tate,TEN,rookie_rule,True,drafted,False,,,,rookie_path,8.600000000000001,18.0,0.0,0.0,0.0,0.0,0.0,0.1111111111111111,0.6111111111111112,0.0,3.9444444444444446,0.0,49.0,0.2777777777777778,name,-1.6723572285686554,True
00-0038124,WR,2026,6.903792374339012,3.509145610505773,10.248821372401496,,,,,,,0.1738279009544711,42.36856717342372,3.247936502539625,,,5.040051311284167,False,Christian Watson,GB,veteran_model,False,,False,ACT,3.0,starter,curated,9.783333333333333,18.0,0.0,0.0,0.0,0.0,0.0,0.1111111111111111,0.7777777777777778,0.0,3.5,0.0,56.22222222222222,0.3888888888888889,name,-2.879540958994321,True
00-0038393,WR,2026,6.859944996266423,3.465298232433184,10.204973994328906,,,,,,,0.2227991163457177,38.382447463117046,3.369811103760824,,,4.895202617282781,False,Dontayvion Wicks,PHI,veteran_model,False,,True,ACT,2.0,starter,curated,3.1888888888888887,18.0,0.0,0.0,0.0,0.0,0.0,0.05555555555555555,0.4444444444444444,0.0,1.4444444444444444,0.0,17.555555555555557,0.1111111111111111,name,3.671056107377534,True
00-0038996,TE,2026,6.730506215397425,4.5105730546744045,10.050115420183811,,,,,,,0.2215140398012532,35.18793201579514,3.765257550020783,,,4.660248081849164,False,Tucker Kraft,GB,veteran_model,False,,False,ACT,1.0,starter,curated,7.827777777777778,18.0,0.0,0.0,0.0,0.0,0.0,0.0,0.0,0.0,3.7222222222222223,0.0,43.0,0.2777777777777778,name,-1.097271562380353,True
00-0037666,WR,2026,6.714629699290912,3.3199829354576726,10.059658697353395,,,,,,,0.2600436840300728,35.17891515956869,3.272952158307212,,,4.42524681924476,False,Jalen Tolbert,MIA,veteran_model,False,,True,ACT,3.0,starter,curated,1.5388888888888888,18.0,0.0,0.0,0.0,0.0,0.0,0.0,0.0,0.0,0.7222222222222222,0.0,8.444444444444445,0.05555555555555555,name,5.175740810402023,True
00-0040126,TE,2026,6.701357223250492,4.481424062527472,10.020966428036882,,,,,,,0.1856250809639893,39.12105145649204,3.3510031836347034,,,4.781382417661531,False,Colston Loveland,CHI,veteran_model,False,,False,ACT,1.0,starter,curated,9.633333333333333,18.0,0.0,0.0,0.0,0.0,0.0,0.05555555555555555,0.2222222222222222,0.0,4.666666666666667,0.0,52.77777777777778,0.3333333333333333,name,-2.931976110082841,True
00-0037837,WR,2026,6.626846489899632,3.2321997260663933,9.971875487962116,,,,,,,0.23133084944055,36.60709820533696,3.1563031454452712,,,5.360753843991148,False,Calvin Austin III,NYG,veteran_model,False,,True,ACT,3.0,starter,curated,1.9666666666666666,18.0,0.0,0.0,0.0,0.0,0.0,0.1111111111111111,0.7222222222222222,0.0,0.8888888888888888,0.0,11.166666666666666,0.05555555555555555,name,4.660179823232966,True
00-0036040,TE,2026,6.568146338039179,4.348213177316159,9.887755542825568,,,,,,,0.243992355383761,33.398080187922375,3.528768373888752,,,5.495890657681907,False,Juwan Johnson,NO,veteran_model,False,,False,ACT,1.0,starter,curated,6.088888888888889,18.0,0.0,0.0,0.0,0.0,0.0,0.0,0.0,0.0,3.0,0.0,32.55555555555556,0.2222222222222222,name,0.4792574491502908,True
00-0037838,TE,2026,6.503464929864794,4.283531769141774,9.823074134651185,,,,,,,0.1949175606172016,34.92054586320896,3.6838099596813767,,,5.065654952331514,False,Isaiah Likely,NYG,veteran_model,False,,True,ACT,1.0,starter,curated,7.016666666666667,18.0,0.0,0.0,0.0,0.0,0.0,0.0,0.0,0.0,3.4444444444444446,0.0,36.27777777777778,0.2777777777777778,name,-0.5132017368018724,True
00-0036555,RB,2026,6.501343582232304,1.971521070345594,11.512396265916744,,5.723288974421756,,,,,0.0387741582089299,14.619243551987829,1.8995611884330963,0.2208455123123048,25.31920609689564,2.40990611830599,False,Chuba Hubbard,CAR,veteran_model,False,,False,ACT,1.0,starter,curated,8.244444444444445,18.0,0.0,0.0,0.0,0.0,0.0,10.555555555555555,44.77777777777778,0.2777777777777778,1.6111111111111112,0.0,10.722222222222221,0.05555555555555555,name,-1.7431008622121418,True
00-0040170,WR,2026,6.467271308816265,3.0726245449830256,9.812300306878749,,,,,,,0.244446494981773,34.81861792722549,3.037461092406155,,,4.741398889857996,False,Elic Ayomanor,TEN,veteran_model,False,,False,ACT,3.0,starter,curated,2.5944444444444446,18.0,0.0,0.0,0.0,0.0,0.0,0.0,0.0,0.0,1.1111111111111112,0.0,13.722222222222221,0.1111111111111111,name,3.8728268643718207,True
00-0038041,TE,2026,6.383305464285137,4.163372303562117,9.702914669071529,,,,,,,0.1952387355279718,33.70493636273675,3.6827588296872618,,,5.1631738015707045,False,Jake Ferguson,DAL,veteran_model,False,,False,ACT,1.0,starter,curated,6.933333333333334,18.0,0.0,0.0,0.0,0.0,0.0,0.0,0.0,0.0,3.888888888888889,0.0,34.333333333333336,0.2777777777777778,name,-0.550027869048197,True
00-0033921,WR,2026,6.341854655346946,2.947207891513707,9.686883653409431,,,,,,,0.2016629727298211,33.46579232871297,3.5705951721934435,,,5.656715036096186,False,Chris Godwin Jr.,TB,veteran_model,False,,False,ACT,3.0,starter,curated,7.7555555555555555,18.0,0.0,0.0,0.0,0.0,0.0,0.05555555555555555,0.3333333333333333,0.0,3.7777777777777777,0.0,41.666666666666664,0.2777777777777778,gsis_id,-1.4137009002086094,True
00-0034775,WR,2026,6.309199408012985,2.914552644179745,9.654228406075468,,,,,,,0.1939484676609264,34.97199958654752,3.2966172867853474,,,4.759470917076603,False,Christian Kirk,SF,veteran_model,False,,True,ACT,3.0,starter,curated,2.05,18.0,0.0,0.0,0.0,0.0,0.0,0.05555555555555555,0.5,0.0,1.0555555555555556,0.0,11.38888888888889,0.05555555555555555,gsis_id,4.259199408012985,True
00-0040242,RB,2026,6.164610866947974,2.188780289011936,11.175663550632416,,8.653234282125439,,,,,0.0257108141864117,6.075722135890199,1.1723119553938126,0.1683956638125054,38.06243807668545,1.7636430969496135,False,Jacory Croskey-Merritt,WAS,veteran_model,False,,False,ACT,1.0,starter,curated,6.577777777777778,18.0,0.0,0.0,0.0,0.0,0.0,7.833333333333333,34.111111111111114,0.2777777777777778,1.0555555555555556,0.0,7.5,0.05555555555555555,name,-0.41316691082980395,True
00-0040189,TE,2026,6.161221651495913,3.941288490772892,9.4808308562823,,,,,,,0.1944536366867696,33.71346526202465,3.246306610345659,,,4.651508940042924,False,Oronde Gadsden II,LAC,veteran_model,False,,False,ACT,1.0,starter,curated,6.322222222222222,18.0,0.0,0.0,0.0,0.0,0.0,0.0,0.0,0.0,3.111111111111111,0.0,34.333333333333336,0.2222222222222222,name,-0.16100057072630936,True
00-0035229,TE,2026,6.044158437849641,3.824225277126621,9.36376764263603,,,,,,,0.1664046500467503,33.134842680426146,3.464492539053049,,,4.688247652382658,False,T.J. Hockenson,MIN,veteran_model,False,,False,ACT,1.0,starter,curated,6.777777777777778,18.0,0.0,0.0,0.0,0.0,0.0,0.0,0.0,0.0,3.6666666666666665,0.0,36.111111111111114,0.2222222222222222,name,-0.7336193399281363,True
00-0035208,WR,2026,5.994655043276418,2.6000082794431787,9.339684041338902,,,,,,,0.1852319325613197,32.23641306536632,3.319244282743735,,,4.683528711887949,False,Olamide Zaccheaus,ATL,veteran_model,False,,True,ACT,3.0,starter,curated,3.3777777777777778,18.0,0.0,0.0,0.0,0.0,0.0,0.1111111111111111,0.6666666666666666,0.0,1.6666666666666667,0.0,18.11111111111111,0.1111111111111111,name,2.61687726549864,True
00-0038935,TE,2026,5.951689185624765,3.731756024901745,9.271298390411154,,,,,,,0.233241433857696,29.045707634777266,3.2953396380017246,,,4.632055609673127,False,Brenton Strange,JAX,veteran_model,False,,False,ACT,1.0,starter,curated,7.194444444444445,18.0,0.0,0.0,0.0,0.0,0.0,0.0,0.0,0.0,3.5,0.0,37.77777777777778,0.2777777777777778,name,-1.2427552588196793,True
00-0039491,WR,2026,5.951049642805003,2.556402878971765,9.296078640867488,,,,,,,0.1732168200404378,36.43333874146776,2.5368296968312016,,,3.9845373955856287,False,Jalen Coker,CAR,veteran_model,False,,False,ACT,3.0,starter,curated,7.550000000000001,18.0,0.0,0.0,0.0,0.0,0.0,0.05555555555555555,0.3333333333333333,0.0,3.3333333333333335,0.0,41.833333333333336,0.2777777777777778,name,-1.5989503571949975,True
00-0034827,WR,2026,5.825089213173643,2.45212944009914,9.17011821123613,,,,,,,0.1635729944291566,35.98550727838108,2.490201037521192,,,4.313721805823982,False,DJ Moore,BUF,veteran_model,False,,True,ACT,1.0,starter,curated,8.194444444444445,18.0,0.0,0.0,0.0,0.0,0.0,0.2777777777777778,1.6111111111111112,0.0,3.5,0.0,47.27777777777778,0.2777777777777778,gsis_id,-2.3693552312708013,True
WIL143106,WR,2026,5.800306466670584,1.450356293706294,11.530755000000005,,,,,,,0.2098052535699594,32.84185866682337,2.514578157136981,,,4.118737562437563,False,Antonio Williams,WAS,rookie_rule,True,drafted,False,,,,rookie_path,3.4000000000000004,18.0,0.0,0.0,0.0,0.0,0.0,0.1111111111111111,0.7222222222222222,0.0,1.5555555555555556,0.0,18.833333333333332,0.1111111111111111,name,2.4003064666705836,True
00-0039793,TE,2026,5.775958931757788,3.5560257710347694,9.095568136544175,,,,,,,0.1565425752167474,31.086392499167896,3.456128461081029,,,4.5999800314703245,False,AJ Barner,SEA,veteran_model,False,,False,ACT,1.0,starter,curated,6.300000000000001,18.0,0.0,0.0,0.0,0.0,0.0,0.5555555555555556,0.7777777777777778,0.05555555555555555,3.2222222222222223,0.0,29.444444444444443,0.2222222222222222,name,-0.5240410682422123,True
00-0039894,WR,2026,5.664730862017875,2.270084098184637,9.00975986008036,,,,,,,0.1974742291854813,31.903785945120635,2.5790137847858485,,,4.701544112041395,False,Xavier Worthy,KC,veteran_model,False,,False,ACT,2.0,starter,curated,7.444444444444445,18.0,0.0,0.0,0.0,0.0,0.0,0.9444444444444444,5.0,0.05555555555555555,3.0555555555555554,0.0,38.611111111111114,0.2222222222222222,name,-1.7797135824265693,True
00-0039342,WR,2026,5.651496435367111,2.2568496715338724,8.996525433429595,,,,,,,0.1968419476320039,32.332117840320684,2.4744659310860384,,,4.046157035889395,False,Xavier Legette,CAR,veteran_model,False,,False,ACT,2.0,starter,curated,3.0,18.0,0.0,0.0,0.0,0.0,0.0,0.05555555555555555,0.5555555555555556,0.0,1.3333333333333333,0.0,16.11111111111111,0.1111111111111111,name,2.651496435367111,True
00-0037545,WR,2026,5.5858540668452425,2.317570800552573,8.930883064907727,,,,,,,0.1461269099655175,33.601848788297794,2.697815456444716,,,4.497187984817097,False,Rashid Shaheed,SEA,veteran_model,False,,False,ACT,3.0,starter,curated,6.422222222222222,18.0,0.0,0.0,0.0,0.0,0.0,0.4444444444444444,2.5555555555555554,0.0,2.5,0.0,36.94444444444444,0.2222222222222222,name,-0.8363681553769791,True
00-0040130,WR,2026,5.487283843840179,2.09263708000694,8.832312841902663,,,,,,,0.2079578492164377,30.97173880462269,2.2847257361585664,,,3.892644841246965,False,Jayden Higgins,HOU,veteran_model,False,,False,ACT,2.0,starter,curated,7.605555555555556,18.0,0.0,0.0,0.0,0.0,0.0,0.05555555555555555,0.3333333333333333,0.0,3.1666666666666665,0.0,43.22222222222222,0.2777777777777778,name,-2.1182717117153773,True
00-0039890,WR,2026,5.3838526472659245,1.9892058834326851,8.728881645328407,,,,,,,0.2170026103005539,27.799328740719243,2.603808222781353,,,4.199515489793004,False,Adonai Mitchell,NYJ,veteran_model,False,,False,ACT,2.0,starter,curated,4.488888888888889,18.0,0.0,0.0,0.0,0.0,0.0,0.05555555555555555,0.5555555555555556,0.0,1.9444444444444444,0.0,24.61111111111111,0.16666666666666666,name,0.8949637583770356,True
BEL267684,WR,2026,5.370654135806097,1.3429224941724944,10.676625,,,,,,,0.1942641236758883,30.409128395206825,2.328313108460168,,,3.813645891145891,False,Chris Bell,MIA,rookie_rule,True,drafted,False,,,,rookie_path,4.15,18.0,0.0,0.0,0.0,0.0,0.0,0.05555555555555555,0.2222222222222222,0.0,1.8333333333333333,0.0,22.11111111111111,0.16666666666666666,name,1.2206541358060967,True
00-0040719,RB,2026,5.269207927227511,1.2816179319766816,10.280260610911952,,6.9237085852971205,,,,,0.0215065856856007,7.69135387671549,1.1234343073371833,0.1476325995186933,29.235202746616054,1.4680587788880903,False,Bhayshul Tuten,JAX,veteran_model,False,,False,ACT,1.0,starter,curated,8.822222222222223,18.0,0.0,0.0,0.0,0.0,0.0,10.222222222222221,44.111111111111114,0.3333333333333333,1.7777777777777777,0.0,13.0,0.05555555555555555,name,-3.5530142949947114,True
00-0036139,RB,2026,5.265640734481764,3.0893443435045445,7.735233697434307,,5.629772614206131,,,,,0.0823892175869328,6.343631779426889,1.211757855630106,0.2166235126816978,22.313222471122383,1.6000521096811278,False,Rico Dowdle,PIT,veteran_model,True,,True,ACT,2.0,committee,curated,7.894444444444444,18.0,0.0,0.0,0.0,0.0,0.0,8.833333333333334,37.666666666666664,0.2222222222222222,2.111111111111111,0.0,15.166666666666666,0.05555555555555555,name,-2.62880370996268,True
00-0037291,WR,2026,5.252295082409313,1.8576483185760744,8.597324080471797,,,,,,,0.23126182978649,28.25558707725456,2.078330791929836,,,3.4499549375844127,False,Jalen Nailor,LV,veteran_model,False,,True,ACT,3.0,starter,curated,5.977777777777778,18.0,0.0,0.0,0.0,0.0,0.0,0.16666666666666666,1.0555555555555556,0.0,2.5555555555555554,0.0,32.611111111111114,0.2222222222222222,name,-0.7254826953684645,True
00-0038933,TE,2026,5.252282524037123,3.032349363314103,8.571891728823513,,,,,,,0.2063180678004501,27.819688917832337,2.464810450902378,,,3.355616888589015,False,Dalton Kincaid,BUF,veteran_model,False,,False,ACT,1.0,starter,curated,7.2555555555555555,18.0,0.0,0.0,0.0,0.0,0.0,0.0,0.0,0.0,3.6666666666666665,0.0,40.888888888888886,0.2222222222222222,name,-2.0032730315184324,True
00-0040735,WR,2026,5.242177906883929,1.847531143050689,8.587206904946411,,,,,,,0.1694303678919678,30.049377811839573,2.441315836696328,,,3.961981334037456,False,Luther Burden III,CHI,veteran_model,False,,False,ACT,2.0,starter,curated,10.0,18.0,0.0,0.0,0.0,0.0,0.0,0.6111111111111112,3.5555555555555554,0.0,4.222222222222222,0.0,52.0,0.3888888888888889,name,-4.757822093116071,True
00-0039880,WR,2026,5.184251083991503,1.816004927397454,8.529280082053987,,,,,,,0.1627873916824142,25.955499021684474,3.22395366345714,,,4.065564503867428,False,Malik Washington,MIA,veteran_model,False,,False,ACT,2.0,starter,curated,4.566666666666666,18.0,0.0,0.0,0.0,0.0,0.0,1.2222222222222223,6.722222222222222,0.0,2.0555555555555554,0.0,22.0,0.1111111111111111,name,0.6175844173248368,True
00-0033908,WR,2026,5.096741568982411,1.7936093467893388,8.441770567044895,,,,,,,0.1519350692822514,29.01784036891311,2.566694232795184,,,3.9997667452604544,False,Cooper Kupp,SEA,veteran_model,False,,False,ACT,2.0,starter,curated,3.9111111111111114,18.0,0.0,0.0,0.0,0.0,0.0,0.0,0.0,0.0,1.7777777777777777,0.0,20.22222222222222,0.16666666666666666,gsis_id,1.1856304578712997,True
BER218265,WR,2026,5.04841488765773,1.2623471445221446,10.0360275,,,,,,,0.182608276255335,28.584580691494413,2.1886143219525573,,,3.584827137677137,False,Germie Bernard,PIT,rookie_rule,True,drafted,False,,,,rookie_path,4.4944444444444445,18.0,0.0,0.0,0.0,0.0,0.0,0.1111111111111111,0.5555555555555556,0.0,2.0,0.0,24.38888888888889,0.16666666666666666,name,0.5539704432132853,True
DOU210628,WR,2026,5.04841488765773,1.2623471445221446,10.0360275,,,,,,,0.182608276255335,28.584580691494413,2.1886143219525573,,,3.584827137677137,False,Caleb Douglas,MIA,rookie_rule,True,drafted,False,,,,rookie_path,1.4722222222222223,18.0,0.0,0.0,0.0,0.0,0.0,0.0,0.0,0.0,0.6666666666666666,0.0,8.055555555555555,0.05555555555555555,name,3.5761926654355074,True
THO417520,WR,2026,5.044705079851983,1.261419513692563,10.028652564701158,,,,,,,0.1824740872824156,28.56357542490419,2.187006027334142,,,3.582192841567655,False,Zavion Thomas,CHI,rookie_rule,True,drafted,False,,,,rookie_path,2.6222222222222222,18.0,0.0,0.0,0.0,0.0,0.0,0.0,0.0,0.0,1.1111111111111112,0.0,14.0,0.1111111111111111,name,2.422482857629761,True
00-0035535,WR,2026,5.0328837653360265,1.6382370015027874,8.377912763398509,,,,,,,0.2253044437706585,26.194670914098594,2.123180022604432,,,3.502699282494828,False,Darius Slayton,NYG,veteran_model,False,,False,ACT,2.0,starter,curated,4.033333333333333,18.0,0.0,0.0,0.0,0.0,0.0,0.0,0.0,0.0,1.5555555555555556,0.0,22.555555555555557,0.16666666666666666,name,0.9995504320026933,True
JOH224817,RB,2026,4.909744810845263,0.3931200000000002,10.836071266968329,,5.930558383547072,,,,,0.0494076255569468,8.616657519705031,1.1555317676290526,0.1403919632403795,23.31515642276276,1.5172838006638911,False,Emmett Johnson,KC,rookie_rule,True,drafted,False,,,,rookie_path,3.288888888888889,18.0,0.0,0.0,0.0,0.0,0.0,3.7222222222222223,15.88888888888889,0.1111111111111111,0.6666666666666666,0.0,4.777777777777778,0.05555555555555555,name,1.6208559219563736,True
FIE775129,WR,2026,4.901183100336331,1.2255320985237577,9.743337160692867,,,,,,,0.1772826951588838,27.750941024649578,2.124785653836139,,,3.4802793700186547,False,Malachi Fields,NYG,rookie_rule,True,drafted,False,,,,rookie_path,3.755555555555555,18.0,0.0,0.0,0.0,0.0,0.0,0.05555555555555555,0.2777777777777778,0.0,1.5555555555555556,0.0,19.5,0.16666666666666666,name,1.1456275447807758,True
00-0036550,WR,2026,4.860522453169303,1.4658756893360632,8.205551451231786,,,,,,,0.2119325884848285,25.63842598739319,2.0501686470420246,,,3.4260849084483267,False,Rashod Bateman,BAL,veteran_model,False,,False,ACT,2.0,starter,curated,3.894444444444444,18.0,0.0,0.0,0.0,0.0,0.0,0.0,0.0,0.0,1.5555555555555556,0.0,21.166666666666668,0.16666666666666666,name,0.9660780087248595,True
BRA531428,WR,2026,4.860250369728261,1.2152969421924278,9.661964686525383,,,,,,,0.1758021006465276,27.51917620994505,2.107040289709181,,,3.451213461853744,False,Zachariah Branch,ATL,rookie_rule,True,drafted,False,,,,rookie_path,4.561111111111111,18.0,0.0,0.0,0.0,0.0,0.0,0.0,0.0,0.0,2.0555555555555554,0.0,25.333333333333332,0.16666666666666666,name,0.2991392586171502,True
00-0038558,TE,2026,4.858486430025474,2.638553269302453,8.178095634811863,,,,,,,0.1403271187761406,27.882257244260863,2.456595985885087,,,3.6074407813801934,False,Darnell Washington,PIT,veteran_model,False,,False,ACT,1.0,starter,curated,3.966666666666667,18.0,0.0,0.0,0.0,0.0,0.0,0.0,0.0,0.0,1.9444444444444444,0.0,19.944444444444443,0.16666666666666666,name,0.8918197633588072,True
00-0039855,WR,2026,4.724112042408269,1.6168775455855,8.069141040470754,,,,,,,0.1192854483872009,28.62059922497132,2.292678859175864,,,4.181368665574077,False,Jalen McMillan,TB,veteran_model,False,,False,ACT,2.0,starter,curated,5.855555555555556,18.0,0.0,0.0,0.0,0.0,0.0,0.3333333333333333,1.8333333333333333,0.0,2.4444444444444446,0.0,31.166666666666668,0.2222222222222222,name,-1.1314435131472873,True
SAD482340,TE,2026,4.720494417753921,2.6308708502478133,6.9116674650489855,,,,,,,0.1562575480074907,26.653012126769823,2.2352958340639875,,,3.463125620007973,True,Kenyon Sadiq,NYJ,rookie_rule,True,drafted,False,,,,rookie_path,5.838888888888889,18.0,0.0,0.0,0.0,0.0,0.0,0.1111111111111111,0.5,0.0,2.888888888888889,0.0,30.11111111111111,0.2222222222222222,name,-1.1183944711349678,True
HUR541377,WR,2026,4.687560069004316,1.1721160402941917,9.318663938544884,,,,,,,0.1695556492666478,26.541388142694444,2.0321747182699688,,,3.328587867439484,False,Ted Hurst,TB,rookie_rule,True,drafted,False,,,,rookie_path,4.438888888888889,18.0,0.0,0.0,0.0,0.0,0.0,0.1111111111111111,0.7222222222222222,0.0,2.0,0.0,23.666666666666668,0.16666666666666666,name,0.24867118011542733,True
LAN311008,WR,2026,4.68165644568016,1.17063984980442,9.306927794161084,,,,,,,0.1693421068968397,26.50796129465664,2.029615349666915,,,3.324395765646345,False,Ja'Kobi Lane,BAL,rookie_rule,True,drafted,False,,,,rookie_path,4.116666666666666,18.0,0.0,0.0,0.0,0.0,0.0,0.05555555555555555,0.2777777777777778,0.0,1.7777777777777777,0.0,22.0,0.16666666666666666,name,0.5649897790134935,True
CON046719,WR,2026,4.678723879772292,1.3290282390712644,7.623685430914936,,,,,,,0.1601763300838895,26.90837675854176,2.053656446829557,,,3.4320698666439564,False,KC Concepcion,CLE,rookie_rule,True,drafted,False,,,,rookie_path,7.077777777777778,18.0,0.0,0.0,0.0,0.0,0.0,0.5,3.0,0.0,3.2222222222222223,0.0,39.44444444444444,0.2222222222222222,name,-2.3990538980054863,True
00-0036244,TE,2026,4.62730866897128,2.40737550824826,7.94691787375767,,,,,,,0.2463814916492192,20.445638926394352,2.208911652873059,,,3.2763260712512507,False,Colby Parkinson,LA,veteran_model,False,,False,ACT,1.0,starter,curated,3.5444444444444443,18.0,0.0,0.0,0.0,0.0,0.0,0.0,0.0,0.0,1.6666666666666667,0.0,17.11111111111111,0.16666666666666666,name,1.082864224526836,True
00-0034837,WR,2026,4.595284473754658,1.317963001355572,7.940313471817141,,,,,,,0.1476332776499204,26.74768483825853,2.0694326480585654,,,3.6844304009290063,False,Calvin Ridley,TEN,veteran_model,False,,False,ACT,1.0,starter,curated,3.5444444444444443,18.0,0.0,0.0,0.0,0.0,0.0,0.05555555555555555,0.3333333333333333,0.0,1.5,0.0,20.944444444444443,0.1111111111111111,gsis_id,1.0508400293102138,True
00-0036919,RB,2026,4.533435241423076,2.1822525983889216,7.003028204375623,,4.678383920621509,,,,,0.0331816811538503,9.320971245438722,1.4238020285884092,0.1356284897598408,18.765760771028525,1.8590030249127665,False,Kenny Gainwell,TB,veteran_model,True,,True,ACT,2.0,committee,curated,7.155555555555556,18.0,0.0,0.0,0.0,0.0,0.0,5.5,23.22222222222222,0.16666666666666666,2.611111111111111,0.0,19.72222222222222,0.1111111111111111,name,-2.62212031413248,True
TYS405541,WR,2026,4.517496265058405,1.2832302697148672,7.360975202882575,,,,,,,0.1546566951798724,25.981121055473125,1.9828879768637169,,,3.313801626767116,False,Jordyn Tyson,NO,rookie_rule,True,drafted,False,,,,rookie_path,8.088888888888889,18.0,0.0,0.0,0.0,0.0,0.0,0.1111111111111111,0.5555555555555556,0.0,3.6666666666666665,0.0,45.333333333333336,0.2777777777777778,name,-3.5713926238304836,True
00-0040667,WR,2026,4.482268380846916,1.164102498178481,7.8272973789094,,,,,,,0.1544406793614785,25.47322481964556,2.016603645426979,,,3.360913588428299,False,Matthew Golden,GB,veteran_model,False,,False,ACT,2.0,starter,curated,7.838888888888889,18.0,0.0,0.0,0.0,0.0,0.0,0.4444444444444444,2.8333333333333335,0.0,3.2222222222222223,0.0,42.77777777777778,0.2777777777777778,name,-3.3566205080419724,True
00-0033906,RB,2026,4.428685305703011,2.086910510810866,6.898278268655556,,4.339865322690282,,,,,0.0359981285260784,7.998415818576143,0.8792717368162869,0.183129052027119,18.744447721180684,1.1050580509761667,False,Alvin Kamara,NO,veteran_model,True,,False,ACT,1.0,committee,curated,2.9444444444444446,18.0,0.0,0.0,0.0,0.0,0.0,2.5,10.277777777777779,0.05555555555555555,1.1111111111111112,0.0,8.055555555555555,0.05555555555555555,gsis_id,1.4842408612585665,True
00-0038619,WR,2026,4.420996978038052,1.2078021054168864,7.766025976100535,,,,,,,0.1369455110202669,25.23698346401668,2.151251131029565,,,3.651508979247206,False,Andrei Iosivas,CIN,veteran_model,False,,False,ACT,3.0,starter,curated,4.183333333333334,18.0,0.0,0.0,0.0,0.0,0.0,0.1111111111111111,0.5555555555555556,0.0,1.7777777777777777,0.0,22.38888888888889,0.16666666666666666,name,0.23766364470471846,True
00-0038104,WR,2026,4.410603416163072,1.015956652329833,7.755632414225556,,,,,,,0.1880648357631016,24.816709956067857,1.601086811955354,,,2.908762751989795,False,Tyquan Thornton,KC,veteran_model,False,,False,ACT,3.0,starter,curated,2.9222222222222225,18.0,0.0,0.0,0.0,0.0,0.0,0.0,0.0,0.0,1.1111111111111112,0.0,17.0,0.1111111111111111,name,1.4883811939408496,True
00-0037252,TE,2026,4.403207604713174,2.183274443990154,7.722816809499562,,,,,,,0.1506628010562103,22.86215178760797,2.426031239230229,,,2.924788269561386,False,Greg Dulcich,MIA,veteran_model,False,,False,ACT,1.0,starter,curated,4.855555555555556,18.0,0.0,0.0,0.0,0.0,0.0,0.0,0.0,0.0,2.611111111111111,0.0,25.5,0.16666666666666666,name,-0.4523479508423822,True
00-0039146,WR,2026,4.3858460347447785,1.4490685041079132,7.730875032807263,,,,,,,0.0908759540228836,26.46803388413604,2.3875738443877474,,,2.923945626921075,False,Jayden Reed,GB,veteran_model,False,,False,ACT,1.0,starter,curated,9.033333333333333,18.0,0.0,0.0,0.0,0.0,0.0,0.7777777777777778,4.611111111111111,0.0,3.888888888888889,0.0,47.388888888888886,0.3333333333333333,name,-4.647487298588555,True
SIM639376,QB,2026,4.332312175406293,2.581764705882353,6.779329709114416,8.94009107722343,1.3370525471260766,5.467967881791411,0.2098783895842719,0.3240777931219108,59.97945385496856,,,,0.0663652523946641,6.583881135204665,,False,Ty Simpson,LA,rookie_rule,True,drafted,False,,,,rookie_path,0.7566666666666666,18.0,1.7777777777777777,1.1111111111111112,12.11111111111111,0.05555555555555555,0.05555555555555555,0.2777777777777778,1.0555555555555556,0.0,0.0,0.0,0.0,0.0,name,3.575645508739626,True
00-0040727,WR,2026,4.2756355565673445,0.9980570379397036,7.620664554629829,,,,,,,0.1476761186880129,23.71344741279245,2.036468206320044,,,3.046546780244922,False,Tre Harris,LAC,veteran_model,False,,False,ACT,3.0,starter,curated,5.188888888888889,18.0,0.0,0.0,0.0,0.0,0.0,0.05555555555555555,0.3333333333333333,0.0,2.1666666666666665,0.0,27.38888888888889,0.2222222222222222,name,-0.9132533323215446,True
00-0040584,TE,2026,4.256565373870865,2.0366322131478443,7.576174578657255,,,,,,,0.1392456104426728,23.033930524589625,2.23539731751173,,,3.2607496912855694,False,Gunnar Helm,TEN,veteran_model,False,,False,ACT,1.0,starter,curated,5.655555555555555,18.0,0.0,0.0,0.0,0.0,0.0,0.0,0.0,0.0,3.1666666666666665,0.0,30.72222222222222,0.16666666666666666,name,-1.39899018168469,True
00-0040729,WR,2026,4.253527327394051,0.8588805635608119,7.598556325456536,,,,,,,0.1778719844185664,22.53604364076249,1.8653821136128064,,,2.966953819531507,False,Jack Bech,LV,veteran_model,False,,False,ACT,1.0,starter,curated,3.9833333333333334,18.0,0.0,0.0,0.0,0.0,0.0,0.05555555555555555,0.5555555555555556,0.0,1.9444444444444444,0.0,22.88888888888889,0.1111111111111111,name,0.2701939940607172,True
00-0039751,WR,2026,4.22045959206854,0.8867372060379444,7.565488590131023,,,,,,,0.1570334299218386,24.9375577985582,1.5690064653633773,,,2.6527941638456154,False,Jordan Whittington,LA,veteran_model,False,,False,ACT,3.0,starter,curated,1.0722222222222222,18.0,0.0,0.0,0.0,0.0,0.0,0.05555555555555555,0.3333333333333333,0.0,0.4444444444444444,0.0,4.833333333333333,0.05555555555555555,name,3.148237369846318,True
00-0041178,RB,2026,4.211966648233068,0.1674928843767555,9.996982290873945,,4.991739455510833,,,,,0.028450780746317,7.119041383704594,0.9751712017405691,0.1433795473107938,19.814949406496584,1.288870671008851,False,Robert Henry Jr.,WAS,rookie_rule,True,udfa,False,,,,rookie_path,0.0,18.0,0.0,0.0,0.0,0.0,0.0,0.0,0.0,0.0,0.0,0.0,0.0,0.0,name,4.211966648233068,True
00-0039424,WR,2026,4.186776750127151,0.9088688261437864,7.531805748189635,,,,,,,0.1477310195806334,23.850197347736582,1.8307417957393843,,,3.027064797147296,False,Devaughn Vele,NO,veteran_model,False,,False,ACT,2.0,starter,curated,4.138888888888889,18.0,0.0,0.0,0.0,0.0,0.0,0.05555555555555555,0.4444444444444444,0.0,1.8333333333333333,0.0,21.77777777777778,0.16666666666666666,name,0.04788786123826139,True
00-0040669,WR,2026,4.154777103537616,0.760130339704377,7.4998061016001,,,,,,,0.190420753123557,21.32858347483984,1.75878847462458,,,2.806282043082546,False,Isaac TeSlaa,DET,veteran_model,False,,False,ACT,3.0,starter,curated,4.938888888888889,18.0,0.0,0.0,0.0,0.0,0.0,0.1111111111111111,0.6111111111111112,0.0,1.8333333333333333,0.0,26.27777777777778,0.2222222222222222,name,-0.7841117853512731,True
00-0033307,WR,2026,4.127400675209575,0.95610561714878,7.472429673272058,,,,,,,0.1299622085935384,23.89046332497132,1.9171621823024243,,,3.225682280243623,False,Kendrick Bourne,ARI,veteran_model,False,,True,ACT,3.0,starter,curated,3.183333333333333,18.0,0.0,0.0,0.0,0.0,0.0,0.0,0.0,0.0,1.5555555555555556,0.0,17.38888888888889,0.1111111111111111,gsis_id,0.944067341876242,True
00-0039410,WR,2026,4.059164258015964,0.760065933075819,7.404193256078448,,,,,,,0.1512627530734302,21.843722535255168,1.9344309720997324,,,2.943214806159565,False,Ryan Flournoy,DAL,veteran_model,False,,False,ACT,3.0,starter,curated,5.427777777777778,18.0,0.0,0.0,0.0,0.0,0.0,0.1111111111111111,0.7222222222222222,0.0,2.611111111111111,0.0,30.5,0.16666666666666666,name,-1.368613519761814,True
00-0041485,RB,2026,4.023542052099353,0.1599999999999999,9.549761904761908,,4.768431302939416,,,,,0.0271780197490136,6.800567233832953,0.9315463929054192,0.1369653860526071,18.928516974536244,1.231212347490238,False,Miles Davis,CAR,rookie_rule,True,udfa,False,,,,rookie_path,0.0,18.0,0.0,0.0,0.0,0.0,0.0,0.0,0.0,0.0,0.0,0.0,0.0,0.0,name,4.023542052099353,True
00-0040959,RB,2026,4.023542052099353,0.1599999999999999,9.549761904761908,,4.768431302939416,,,,,0.0271780197490136,6.800567233832953,0.9315463929054192,0.1369653860526071,18.928516974536244,1.231212347490238,False,Jaydn Ott,KC,rookie_rule,True,udfa,False,,,,rookie_path,0.5388888888888889,18.0,0.0,0.0,0.0,0.0,0.0,0.8333333333333334,3.5,0.0,0.16666666666666666,0.0,1.0555555555555556,0.0,name,3.4846531632104645,True
00-0040964,RB,2026,4.023542052099353,0.1599999999999999,9.549761904761908,,4.768431302939416,,,,,0.0271780197490136,6.800567233832953,0.9315463929054192,0.1369653860526071,18.928516974536244,1.231212347490238,False,EJ Smith,KC,rookie_rule,True,udfa,False,,,,rookie_path,0.0,18.0,0.0,0.0,0.0,0.0,0.0,0.0,0.0,0.0,0.0,0.0,0.0,0.0,name,4.023542052099353,True
00-0041191,RB,2026,4.023542052099353,0.1599999999999999,9.549761904761908,,4.768431302939416,,,,,0.0271780197490136,6.800567233832953,0.9315463929054192,0.1369653860526071,18.928516974536244,1.231212347490238,False,Cash Jones,ATL,rookie_rule,True,udfa,False,,,,rookie_path,0.0,18.0,0.0,0.0,0.0,0.0,0.0,0.0,0.0,0.0,0.0,0.0,0.0,0.0,name,4.023542052099353,True
BLA097235,RB,2026,4.019300277071707,0.7549084983442738,7.916082405019088,,4.390463987552824,,,,,0.0330076158234873,6.525280245193041,0.8042110112880474,0.1327052329191015,19.70389654452847,1.0361588208915566,False,Kaelon Black,SF,rookie_rule,True,drafted,False,,,,rookie_path,2.183333333333333,18.0,0.0,0.0,0.0,0.0,0.0,2.7222222222222223,11.11111111111111,0.1111111111111111,0.3333333333333333,0.0,2.388888888888889,0.0,name,1.835966943738374,True
00-0037741,WR,2026,3.999875764772456,0.6605214972005253,7.34490476283494,,,,,,,0.1579720768453945,21.003632237062693,1.90336015998764,,,3.2629812581317914,False,Jahan Dotson,ATL,veteran_model,False,,True,ACT,2.0,starter,curated,2.911111111111111,18.0,0.0,0.0,0.0,0.0,0.0,0.1111111111111111,0.7777777777777778,0.0,1.2777777777777777,0.0,15.277777777777779,0.1111111111111111,name,1.088764653661345,True
ALL532376,RB,2026,3.966643536400925,0.3176065085063906,8.754595952961507,,4.791371443049673,,,,,0.0399170315596585,6.961504145881278,0.9335684019761928,0.1134244028976761,18.836603140806933,1.2258323421402229,False,Kaytron Allen,WAS,rookie_rule,True,drafted,False,,,,rookie_path,2.3277777777777775,18.0,0.0,0.0,0.0,0.0,0.0,2.9444444444444446,12.222222222222221,0.1111111111111111,0.4444444444444444,0.0,3.2777777777777777,0.0,name,1.6388657586231474,True
00-0038621,WR,2026,3.950802036864884,0.5922165220694434,7.295831034927367,,,,,,,0.1611772847159794,19.896321882276464,1.9882122806827216,,,2.822288127899354,False,DeMario Douglas,NE,veteran_model,False,,False,ACT,2.0,starter,curated,2.738888888888889,18.0,0.0,0.0,0.0,0.0,0.0,0.16666666666666666,1.2777777777777777,0.0,1.1111111111111112,0.0,13.88888888888889,0.1111111111111111,name,1.211913147975995,True
STO806346,TE,2026,3.949934950513698,0.9410090999631924,7.815779973849691,,,,,,,0.1662768476231689,19.98835444781318,1.9068768399867333,,,2.884009615221438,False,Eli Stowers,PHI,rookie_rule,True,drafted,False,,,,rookie_path,3.6611111111111114,18.0,0.0,0.0,0.0,0.0,0.0,0.1111111111111111,0.2777777777777778,0.0,1.7222222222222223,0.0,17.72222222222222,0.16666666666666666,name,0.2888238394025864,True
00-0037256,RB,2026,3.907463012725149,1.68847987835893,6.377055975677695,,4.287917390156895,,,,,0.0640243127976631,6.770499213316899,1.0802956430717854,0.0954089594748892,17.336656362222527,1.5504144588266242,False,Rachaad White,WAS,veteran_model,True,,True,ACT,2.0,committee,curated,6.172222222222222,18.0,0.0,0.0,0.0,0.0,0.0,6.333333333333333,26.0,0.16666666666666666,1.8888888888888888,0.0,14.055555555555555,0.05555555555555555,name,-2.2647592094970728,True
00-0039384,RB,2026,3.9023560877508894,1.7946485201343871,6.371949050703437,,4.556731170446153,,,,,0.0145616974755297,6.251661297099229,0.8373105079337195,0.1052309916441396,21.39778569356092,1.0784164431997023,False,Tyrone Tracy Jr.,NYG,veteran_model,True,,False,ACT,2.0,committee,curated,5.6,18.0,0.0,0.0,0.0,0.0,0.0,6.888888888888889,29.333333333333332,0.16666666666666666,1.1666666666666667,0.0,8.61111111111111,0.05555555555555555,name,-1.6976439122491103,True
00-0040946,RB,2026,3.786098069184035,0.1505578127991408,8.98619540708444,,4.487028671584476,,,,,0.0255741450601459,6.399240803246206,0.8765724214798066,0.1288825559579405,17.811475720109925,1.1585539883089129,False,Jaden Nixon,GB,rookie_rule,True,udfa,False,,,,rookie_path,0.0,18.0,0.0,0.0,0.0,0.0,0.0,0.0,0.0,0.0,0.0,0.0,0.0,0.0,name,3.786098069184035,True
NOW373761,TE,2026,3.784213134365635,1.1355428571428572,7.167342857142859,,,,,,,0.1387934065934066,19.98780816683317,1.9053437562437563,,,2.6776648101898104,False,Riley Nowakowski,PIT,rookie_rule,True,drafted,False,,,,rookie_path,0.39444444444444443,18.0,0.0,0.0,0.0,0.0,0.0,0.0,0.0,0.0,0.2777777777777778,0.0,2.5555555555555554,0.0,name,3.3897686899211905,True
00-0041217,RB,2026,3.782129528973393,0.1503999999999999,8.976776190476194,,4.482325424763051,,,,,0.0255473385640728,6.392533199802975,0.875653609331094,0.1287474628894507,17.79280595606407,1.1573396066408237,False,J'Mari Taylor,JAX,rookie_rule,True,udfa,False,,,,rookie_path,1.5666666666666667,18.0,0.0,0.0,0.0,0.0,0.0,2.111111111111111,8.88888888888889,0.05555555555555555,0.2777777777777778,0.0,2.0555555555555554,0.0,name,2.215462862306726,True
KAC282861,TE,2026,3.765077251379259,0.896969696969697,7.45,,,,,,,0.158495059858044,19.052895697479627,1.8176346449660647,,,2.749037422405428,False,Will Kacmarek,MIA,rookie_rule,True,drafted,False,,,,rookie_path,2.727777777777778,18.0,0.0,0.0,0.0,0.0,0.0,0.0,0.0,0.0,1.3888888888888888,0.0,13.666666666666666,0.1111111111111111,name,1.0372994736014811,True
00-0041312,RB,2026,3.728564225975846,0.1482699244673891,8.849640476878744,,4.41884343196726,,,,,0.0251855183459966,6.301997438098837,0.8632519582122212,0.1269240465291679,17.540811138088646,1.140948511035591,False,Noah Whittington,HOU,rookie_rule,True,udfa,False,,,,rookie_path,0.0,18.0,0.0,0.0,0.0,0.0,0.0,0.0,0.0,0.0,0.0,0.0,0.0,0.0,name,3.728564225975846,True
00-0041307,RB,2026,3.728564225975846,0.1482699244673891,8.849640476878744,,4.41884343196726,,,,,0.0251855183459966,6.301997438098837,0.8632519582122212,0.1269240465291679,17.540811138088646,1.140948511035591,False,Joshua Pitsenberger,HOU,rookie_rule,True,udfa,False,,,,rookie_path,0.0,18.0,0.0,0.0,0.0,0.0,0.0,0.0,0.0,0.0,0.0,0.0,0.0,0.0,name,3.728564225975846,True
00-0040138,WR,2026,3.7115745781814913,0.4953414669760948,7.056603576243976,,,,,,,0.1374518841176388,20.284117478951742,1.7169030511609682,,,2.469067601782584,False,Jaylin Noel,HOU,veteran_model,False,,False,ACT,3.0,starter,curated,3.744444444444445,18.0,0.0,0.0,0.0,0.0,0.0,0.3888888888888889,2.0555555555555554,0.0,1.7222222222222223,0.0,20.11111111111111,0.1111111111111111,name,-0.03286986626295363,True
00-0041433,RB,2026,3.673019439004881,0.1460611328603231,8.717806514724261,,4.353015487962236,,,,,0.0248103272090073,6.208115964165219,0.8503920091232076,0.1250332465593456,17.279503954166373,1.1239516891627623,False,Kadarius Calloway,TB,rookie_rule,True,udfa,False,,,,rookie_path,0.0,18.0,0.0,0.0,0.0,0.0,0.0,0.0,0.0,0.0,0.0,0.0,0.0,0.0,name,3.673019439004881,True
WET055619,WR,2026,3.6510775945311367,0.6012000000000002,7.904094230769232,,,,,,,0.1240806219181887,20.26868290466218,1.759451145111573,,,2.9854510355954207,False,Kaden Wetjen,PIT,rookie_rule,True,drafted,False,,,,rookie_path,0.17777777777777778,18.0,0.0,0.0,0.0,0.0,0.0,0.0,0.0,0.0,0.1111111111111111,0.0,1.2222222222222223,0.0,name,3.473299816753359,True
COL362413,WR,2026,3.6510775945311367,0.6012000000000002,7.904094230769232,,,,,,,0.1240806219181887,20.26868290466218,1.759451145111573,,,2.9854510355954207,False,Kevin Coleman Jr.,MIA,rookie_rule,True,drafted,False,,,,rookie_path,1.4666666666666666,18.0,0.0,0.0,0.0,0.0,0.0,0.0,0.0,0.0,0.6666666666666666,0.0,8.0,0.05555555555555555,name,2.1844109278644703,True
00-0036973,RB,2026,3.588155951744836,1.631188885911263,6.057748914697381,,4.769386178512146,,,,,0.0252223603605529,4.150338527990418,0.7093214103768408,0.0993631777674132,20.709481649895764,0.9372977476855558,False,Travis Etienne,NO,veteran_model,True,,True,ACT,2.0,committee,curated,10.538888888888888,18.0,0.0,0.0,0.0,0.0,0.0,12.555555555555555,52.77777777777778,0.3333333333333333,2.0,0.0,15.944444444444445,0.1111111111111111,name,-6.950732937144052,True
00-0040583,RB,2026,3.5581487149055238,1.5928626695122086,6.027741677858069,,4.10901103340063,,,,,0.015524288219311,4.769690630240471,0.6168908202284492,0.1687039826503785,16.673646165491146,0.8847264918540292,False,Woody Marks,HOU,veteran_model,True,,False,ACT,2.0,committee,curated,4.127777777777777,18.0,0.0,0.0,0.0,0.0,0.0,4.777777777777778,19.5,0.1111111111111111,1.0555555555555556,0.0,7.611111111111111,0.05555555555555555,name,-0.5696290628722536,True
TRA291459,TE,2026,3.50390105033855,1.0514285714285716,6.6364285714285725,,,,,,,0.1285124135124135,18.507229784104783,1.7642071817071818,,,2.479319268694269,False,Seydou Traore,MIA,rookie_rule,True,drafted,False,,,,rookie_path,0.3333333333333333,18.0,0.0,0.0,0.0,0.0,0.0,0.0,0.0,0.0,0.2222222222222222,0.0,2.2222222222222223,0.0,name,3.1705677170052167,True
00-0037263,RB,2026,3.332075830044978,1.5258966080993024,5.801668792997523,,4.173668891856736,,,,,0.0161587564236034,3.140554303506536,0.3895509782837874,0.1648069236638388,17.374508300277775,0.644861045769586,False,Tyler Allgeier,ARI,veteran_model,True,,True,ACT,2.0,committee,curated,3.6333333333333337,18.0,0.0,0.0,0.0,0.0,0.0,5.277777777777778,22.22222222222222,0.16666666666666666,0.4444444444444444,0.0,3.0,0.0,name,-0.30125750328835554,True
00-0032464,WR,2026,3.317518372000217,0.328211610580065,6.662547370062699,,,,,,,0.0996308258200979,19.18543772926509,1.6023792883062409,,,2.483985404850057,False,Kalif Raymond,CHI,veteran_model,False,,True,ACT,3.0,starter,curated,1.2888888888888888,18.0,0.0,0.0,0.0,0.0,0.0,0.1111111111111111,0.6111111111111112,0.0,0.5,0.0,6.444444444444445,0.05555555555555555,gsis_id,2.0286294831113283,True
00-0040985,QB,2026,3.308998165636293,0.2734983279957366,6.772970798256548,9.708052304807044,1.4814492766435727,5.636263045992486,0.3622887732408236,0.251548181693509,56.66441403845435,,,,0.0450386316460586,4.905746339293777,,True,Diego Pavia,BAL,rookie_rule,True,udfa,False,,,,rookie_path,0.6955555555555555,18.0,1.6111111111111112,1.0,10.166666666666666,0.05555555555555555,0.05555555555555555,0.2222222222222222,1.2222222222222223,0.0,0.0,0.0,0.0,0.0,name,2.6134426100807375,True
THO495568,WR,2026,3.285215932767766,0.5409558596449427,7.112052710113775,,,,,,,0.1116469386144925,18.237629382172795,1.5831427257270625,,,2.686289473367274,False,Brenen Thompson,LAC,rookie_rule,True,drafted,False,,,,rookie_path,1.7777777777777777,18.0,0.0,0.0,0.0,0.0,0.0,0.0,0.0,0.0,0.7777777777777778,0.0,10.555555555555555,0.05555555555555555,name,1.5074381549899885,True
00-0039355,WR,2026,3.244689199262374,0.1634651804113918,6.589718197324858,,,,,,,0.1149503687252363,17.44149145409973,1.6216756830019656,,,2.693889474058916,False,Luke McCaffrey,WAS,veteran_model,False,,False,ACT,3.0,starter,curated,0.40555555555555556,18.0,0.0,0.0,0.0,0.0,0.0,0.0,0.0,0.0,0.2222222222222222,0.0,2.9444444444444446,0.0,name,2.8391336437068184,True
ALL092954,WR,2026,3.244408173508104,0.5342363024096606,7.023709374157824,,,,,,,0.110260100888663,18.011088173154725,1.5634775017213072,,,2.652921361080488,False,Cyrus Allen,KC,rookie_rule,True,drafted,False,,,,rookie_path,1.6777777777777778,18.0,0.0,0.0,0.0,0.0,0.0,0.0,0.0,0.0,0.7777777777777778,0.0,9.555555555555555,0.05555555555555555,name,1.566630395730326,True
ROU550040,TE,2026,3.2254182097871094,0.7684045242825912,6.382170685637671,,,,,,,0.1357775201133418,16.321990925767327,1.5571079930606515,,,2.355010208187499,False,Sam Roush,CHI,rookie_rule,True,drafted,False,,,,rookie_path,1.4722222222222223,18.0,0.0,0.0,0.0,0.0,0.0,0.0,0.0,0.0,0.7777777777777778,0.0,7.5,0.05555555555555555,name,1.753195987564887,True
00-0041200,RB,2026,3.163348313990736,0.1257935728481904,7.508116686559632,,3.7489875654868814,,,,,0.0213676262947944,5.346672810863642,0.7323909314838557,0.1076835329255572,14.881786118403342,0.9679912507850305,False,Sam Scott,NYJ,rookie_rule,True,udfa,False,,,,rookie_path,0.0,18.0,0.0,0.0,0.0,0.0,0.0,0.0,0.0,0.0,0.0,0.0,0.0,0.0,name,3.163348313990736,True
00-0041239,RB,2026,3.163348313990736,0.1257935728481904,7.508116686559632,,3.7489875654868814,,,,,0.0213676262947944,5.346672810863642,0.7323909314838557,0.1076835329255572,14.881786118403342,0.9679912507850305,False,Chip Trayanum,NYJ,rookie_rule,True,udfa,False,,,,rookie_path,,,,,,,,,,,,,,,unmatched,,False
00-0039792,WR,2026,3.104399323328312,0.1177362030070007,6.449428321390796,,,,,,,0.1291832322207892,15.279661330058758,1.6026675939954018,,,2.350197147924169,False,Devontez Walker,BAL,veteran_model,False,,False,ACT,3.0,starter,curated,0.5388888888888889,18.0,0.0,0.0,0.0,0.0,0.0,0.05555555555555555,0.3333333333333333,0.0,0.2777777777777778,0.0,3.6666666666666665,0.0,name,2.5655104344394233,True
00-0040730,RB,2026,3.0986472586137417,0.9574209212864212,5.568240221566287,,3.3278983034272707,,,,,0.0229148323807837,6.085660899892156,0.8456639537448576,0.0945156661057859,13.62666200832679,0.9733726012496736,False,RJ Harvey,DEN,veteran_model,True,,False,ACT,2.0,committee,curated,6.977777777777778,18.0,0.0,0.0,0.0,0.0,0.0,6.888888888888889,28.61111111111111,0.16666666666666666,2.0555555555555554,0.0,15.333333333333334,0.1111111111111111,name,-3.879130519164036,True
00-0036875,RB,2026,3.079361801971057,1.153951788766929,5.548954764923604,,3.471214078389554,,,,,0.014549326357217,4.429428020074249,0.7141172448895429,0.1375946602236812,13.664964580334718,0.9174874547594792,False,Rhamondre Stevenson,NE,veteran_model,True,,False,ACT,1.0,committee,curated,8.433333333333334,18.0,0.0,0.0,0.0,0.0,0.0,9.833333333333334,42.166666666666664,0.3333333333333333,1.6111111111111112,0.0,11.88888888888889,0.05555555555555555,name,-5.353971531362276,True
SHA375359,TE,2026,3.066229302454735,0.920094788304855,5.807473286780169,,,,,,,0.1124599474642324,16.195494523397606,1.5438403306591604,,,2.169627875500789,False,Bauer Sharp,TB,rookie_rule,True,drafted,False,,,,rookie_path,0.0,18.0,0.0,0.0,0.0,0.0,0.0,0.0,0.0,0.0,0.0,0.0,0.0,0.0,name,3.066229302454735,True
00-0037005,TE,2026,3.0636750478126067,0.9515515418330966,6.383284252598996,,,,,,,0.112058593091522,15.411110398604844,1.7004248988059805,,,2.195557464442801,False,Tommy Tremble,CAR,veteran_model,False,,False,ACT,1.0,starter,curated,1.4055555555555557,18.0,0.0,0.0,0.0,0.0,0.0,0.0,0.0,0.0,0.7222222222222222,0.0,7.111111111111111,0.05555555555555555,name,1.658119492257051,True
ALL015451,QB,2026,2.925319913419912,0.7961815384615385,4.611451048951049,7.252729770229769,1.0551735764235763,4.285166916416916,0.1767432567432567,0.1809731934731934,45.27423368298368,,,,0.044832251082251,4.749507992007992,,True,Drew Allar,PIT,rookie_rule,True,drafted,False,,,,rookie_path,1.2233333333333334,18.0,3.4444444444444446,2.1666666666666665,22.11111111111111,0.1111111111111111,0.1111111111111111,0.2777777777777778,1.1666666666666667,0.0,0.0,0.0,0.0,0.0,name,1.7019865800865788,True
00-0041179,WR,2026,2.919804387853526,0.0,7.297777222777223,,,,,,,0.0730659642082055,17.801858210754766,1.4024455630576322,,,2.474912143890592,False,Chris Hilton Jr.,WAS,rookie_rule,True,udfa,False,,,,rookie_path,0.0,18.0,0.0,0.0,0.0,0.0,0.0,0.0,0.0,0.0,0.0,0.0,0.0,0.0,name,2.919804387853526,True
WAS797326,RB,2026,2.8994452566262674,0.2321566523716506,6.399231863553101,,3.502285767752632,,,,,0.0291776275715628,5.088559128021287,0.6823982165289394,0.0829083440317722,13.768744059396589,0.8960305450240729,False,Mike Washington Jr.,LV,rookie_rule,True,drafted,False,,,,rookie_path,3.1944444444444446,18.0,0.0,0.0,0.0,0.0,0.0,3.6666666666666665,15.61111111111111,0.1111111111111111,0.5,0.0,3.8333333333333335,0.05555555555555555,name,-0.29499918781817724,True
RAR148318,TE,2026,2.894409490816293,0.6895469682415258,5.727200072370915,,,,,,,0.1218433447368352,14.646945720467226,1.3973097006971185,,,2.113327157657815,False,Eli Raridon,NE,rookie_rule,True,drafted,False,,,,rookie_path,1.4444444444444444,18.0,0.0,0.0,0.0,0.0,0.0,0.0,0.0,0.0,0.7777777777777778,0.0,7.222222222222222,0.05555555555555555,name,1.4499650463718485,True
SAR527100,WR,2026,2.886950250270459,0.4753759528590589,6.249860822421345,,,,,,,0.0981120157613167,16.026687373589322,1.3912188366872529,,,2.360631455023681,False,Elijah Sarratt,BAL,rookie_rule,True,drafted,False,,,,rookie_path,4.061111111111111,18.0,0.0,0.0,0.0,0.0,0.0,0.05555555555555555,0.2777777777777778,0.0,1.7777777777777777,0.0,21.444444444444443,0.16666666666666666,name,-1.1741608608406517,True
00-0040734,RB,2026,2.8849494651646665,0.9377255234416992,5.354542428117213,,3.455786563938433,,,,,0.0108725200011103,4.8681756866290415,0.8134033145470833,0.097837195576174,13.39171945764515,1.0332562845152198,False,TreVeyon Henderson,NE,veteran_model,True,,False,ACT,2.0,committee,curated,9.0,18.0,0.0,0.0,0.0,0.0,0.0,9.777777777777779,43.611111111111114,0.3333333333333333,1.9444444444444444,0.0,14.444444444444445,0.05555555555555555,name,-6.1150505348353335,True
KAN023071,TE,2026,2.845718323748017,0.8539252418493353,5.389822976917238,,,,,,,0.1043722767017128,15.030779169221509,1.432813493231179,,,2.013596894428029,False,Jaren Kanak,TEN,rookie_rule,True,drafted,False,,,,rookie_path,1.3944444444444446,18.0,0.0,0.0,0.0,0.0,0.0,0.0,0.0,0.0,0.7222222222222222,0.0,7.0,0.05555555555555555,name,1.4512738793035724,True
HIB564972,TE,2026,2.8355255751894792,0.8508666660214594,5.370517794840612,,,,,,,0.1039984377437159,14.97694216383968,1.427681464686431,,,2.006384625148993,False,Matthew Hibner,BAL,rookie_rule,True,drafted,False,,,,rookie_path,,,,,,,,,,,,,,,unmatched,,False
CUE040912,TE,2026,2.8355255751894792,0.8508666660214594,5.370517794840612,,,,,,,0.1039984377437159,14.97694216383968,1.427681464686431,,,2.006384625148993,False,Josh Cuevas,BAL,rookie_rule,True,drafted,False,,,,rookie_path,1.238888888888889,18.0,0.0,0.0,0.0,0.0,0.0,0.0,0.0,0.0,0.6111111111111112,0.0,6.0,0.05555555555555555,name,1.5966366863005903,True
00-0039032,RB,2026,2.776347703795992,0.5515103007461812,5.245940666748538,,2.3735190511379427,,,,,0.0244325345238851,6.865338614735337,0.852729755185367,0.0850434226485933,10.06593221694904,1.157611196622138,False,Tyjae Spears,TEN,veteran_model,True,,False,ACT,2.0,committee,curated,5.394444444444444,18.0,0.0,0.0,0.0,0.0,0.0,5.111111111111111,21.555555555555557,0.1111111111111111,1.9444444444444444,0.0,13.777777777777779,0.05555555555555555,name,-2.618096740648452,True
00-0040162,RB,2026,2.7130149741837126,0.6803593674102291,5.182607937136259,,2.5278648874859924,,,,,0.0447429841559151,5.265078493946726,0.8388041195879815,0.0796563331427128,10.207091612032816,0.9158719432593592,False,Dylan Sampson,CLE,veteran_model,True,,False,ACT,2.0,committee,curated,4.288888888888889,18.0,0.0,0.0,0.0,0.0,0.0,4.333333333333333,17.833333333333332,0.1111111111111111,1.2777777777777777,0.0,9.777777777777779,0.05555555555555555,name,-1.5758739147051761,True
00-0041176,WR,2026,2.703522581345857,0.0,6.757201132201132,,,,,,,0.0676536705631533,16.483202046995153,1.2985607065348446,,,2.291585318417215,False,Jaden Bradley,WAS,rookie_rule,True,udfa,False,,,,rookie_path,0.0,18.0,0.0,0.0,0.0,0.0,0.0,0.0,0.0,0.0,0.0,0.0,0.0,0.0,name,2.703522581345857,True
00-0040948,WR,2026,2.703522581345857,0.0,6.757201132201132,,,,,,,0.0676536705631533,16.483202046995153,1.2985607065348446,,,2.291585318417215,False,J. Michael Sturdivant,GB,rookie_rule,True,udfa,False,,,,rookie_path,0.0,18.0,0.0,0.0,0.0,0.0,0.0,0.0,0.0,0.0,0.0,0.0,0.0,0.0,name,2.703522581345857,True
00-0041158,WR,2026,2.703522581345857,0.0,6.757201132201132,,,,,,,0.0676536705631533,16.483202046995153,1.2985607065348446,,,2.291585318417215,False,Donaven McCulley,MIA,rookie_rule,True,udfa,False,,,,rookie_path,0.0,18.0,0.0,0.0,0.0,0.0,0.0,0.0,0.0,0.0,0.0,0.0,0.0,0.0,name,2.703522581345857,True
00-0040953,WR,2026,2.698680407858848,0.0,6.745098573711518,,,,,,,0.0675324987215862,16.45367962891598,1.2962349052754651,,,2.287480949639745,False,Jeff Caldwell,KC,rookie_rule,True,udfa,False,,,,rookie_path,0.0,18.0,0.0,0.0,0.0,0.0,0.0,0.0,0.0,0.0,0.0,0.0,0.0,0.0,name,2.698680407858848,True
00-0036422,TE,2026,2.6899886071541106,0.7069113708609307,6.0095978119405,,,,,,,0.0905508814771337,14.039786944692466,1.485409247644124,,,1.8909950673858664,False,Adam Trautman,DEN,veteran_model,False,,False,ACT,1.0,starter,curated,1.238888888888889,18.0,0.0,0.0,0.0,0.0,0.0,0.0,0.0,0.0,0.6111111111111112,0.0,6.0,0.05555555555555555,name,1.4510997182652217,True
00-0040998,RB,2026,2.639545494855972,0.104964052496133,6.264885686856252,,3.128211710037106,,,,,0.0178294693229775,4.4613443508470265,0.6111180280469237,0.0898527623236186,12.417586558682297,0.8077064842240784,False,Roman Hemby,LV,rookie_rule,True,udfa,False,,,,rookie_path,0.0,18.0,0.0,0.0,0.0,0.0,0.0,0.0,0.0,0.0,0.0,0.0,0.0,0.0,name,2.639545494855972,True
00-0036945,QB,2026,2.633673623843108,1.4046305966101436,3.6530456764099024,4.355460749480397,1.1405922132298334,2.8682486570751915,0.0770169098965167,0.1764465785931625,31.027406364949968,,,,0.0589584269101558,4.870743132045575,,False,Justin Fields,KC,veteran_model,True,,True,ACT,,deep_bench,deep_bench_discounted,1.9288888888888889,18.0,3.0555555555555554,1.8888888888888888,20.166666666666668,0.1111111111111111,0.1111111111111111,1.0,5.666666666666667,0.05555555555555555,0.0,0.0,0.0,0.0,name,0.7047847349542193,True
00-0041257,WR,2026,2.5967272180081973,0.0,6.490276137737123,,,,,,,0.064981194890573,15.83207763482154,1.2472645703652108,,,2.201062424919583,False,Eric Rivers Jr.,TB,rookie_rule,True,udfa,False,,,,rookie_path,1.3277777777777777,18.0,0.0,0.0,0.0,0.0,0.0,0.0,0.0,0.0,0.6111111111111112,0.0,6.888888888888889,0.05555555555555555,name,1.2689494402304196,True
BOS677861,WR,2026,2.596161854905961,0.6491656445016102,5.161055965108252,,,,,,,0.0939068305109499,14.699702714839653,1.1255012007125926,,,1.843507651089092,False,Denzel Boston,CLE,rookie_rule,True,drafted,False,,,,rookie_path,5.550000000000001,18.0,0.0,0.0,0.0,0.0,0.0,0.1111111111111111,0.6666666666666666,0.0,2.6666666666666665,0.0,31.5,0.16666666666666666,name,-2.9538381450940396,True
00-0040236,RB,2026,2.5755757257688594,0.7269782024617817,5.045168688721404,,3.196260389843292,,,,,0.010189914729627,3.9228678187591393,0.618654600969002,0.0981000808769066,12.242216697692426,0.7910459880006054,False,Kyle Monangai,CHI,veteran_model,True,,False,ACT,2.0,committee,curated,7.949999999999999,18.0,0.0,0.0,0.0,0.0,0.0,9.222222222222221,41.72222222222222,0.3333333333333333,1.2777777777777777,0.0,9.166666666666666,0.05555555555555555,name,-5.37442427423114,True
00-0035021,WR,2026,2.5437565141856395,0.0,5.888785512248123,,,,,,,0.0588865809371734,16.040656212856018,1.1727428145539944,,,1.9409231415149395,False,Ashton Dulin,IND,veteran_model,False,,False,ACT,3.0,starter,curated,0.1388888888888889,18.0,0.0,0.0,0.0,0.0,0.0,0.05555555555555555,0.3333333333333333,0.0,0.05555555555555555,0.0,0.7777777777777778,0.0,name,2.4048676252967507,True
00-0041359,WR,2026,2.5299441338857718,0.0,6.323358082471872,,,,,,,0.0633099971711292,15.424905497068051,1.2151872023043817,,,2.144455117050385,False,Wesley Grimes,SF,rookie_rule,True,udfa,False,,,,rookie_path,0.0,18.0,0.0,0.0,0.0,0.0,0.0,0.0,0.0,0.0,0.0,0.0,0.0,0.0,name,2.5299441338857718,True
00-0041361,WR,2026,2.5299441338857718,0.0,6.323358082471872,,,,,,,0.0633099971711292,15.424905497068051,1.2151872023043817,,,2.144455117050385,False,Will Pauling,SF,rookie_rule,True,udfa,False,,,,rookie_path,0.0,18.0,0.0,0.0,0.0,0.0,0.0,0.0,0.0,0.0,0.0,0.0,0.0,0.0,name,2.5299441338857718,True
GRE361852,QB,2026,2.517411818181818,0.277344,5.495024571428572,6.125074675324676,0.8976954545454546,3.607642207792208,0.2375506493506493,0.1784980519480519,39.77417207792208,,,,0.0536051948051947,3.659228571428572,,False,Taylen Green,CLE,rookie_rule,True,drafted,False,,,,rookie_path,1.6833333333333333,18.0,2.9444444444444446,1.7777777777777777,18.61111111111111,0.1111111111111111,0.1111111111111111,0.8333333333333334,3.8333333333333335,0.05555555555555555,0.0,0.0,0.0,0.0,name,0.8340784848484846,True
00-0040954,WR,2026,2.498778155424859,0.0,6.245461642325479,,,,,,,0.0625300914088761,15.234888545292574,1.20021750488469,,,2.1180379163330976,False,Omari Evans,KC,rookie_rule,True,udfa,False,,,,rookie_path,0.0,18.0,0.0,0.0,0.0,0.0,0.0,0.0,0.0,0.0,0.0,0.0,0.0,0.0,name,2.498778155424859,True
00-0040967,WR,2026,2.498778155424859,0.0,6.245461642325479,,,,,,,0.0625300914088761,15.234888545292574,1.20021750488469,,,2.1180379163330976,False,Jacob De Jesus,KC,rookie_rule,True,udfa,False,,,,rookie_path,0.0,18.0,0.0,0.0,0.0,0.0,0.0,0.0,0.0,0.0,0.0,0.0,0.0,0.0,name,2.498778155424859,True
00-0041020,WR,2026,2.498778155424859,0.0,6.245461642325479,,,,,,,0.0625300914088761,15.234888545292574,1.20021750488469,,,2.1180379163330976,False,Xavier Loyd,KC,rookie_rule,True,udfa,False,,,,rookie_path,0.0,18.0,0.0,0.0,0.0,0.0,0.0,0.0,0.0,0.0,0.0,0.0,0.0,0.0,name,2.498778155424859,True
CAM108646,WR,2026,2.456824397273956,0.4045498320423346,5.318695930646171,,,,,,,0.0834943359226741,13.638876022622126,1.1839415589513973,,,2.008921681671226,False,Josh Cameron,JAX,rookie_rule,True,drafted,False,,,,rookie_path,2.727777777777778,18.0,0.0,0.0,0.0,0.0,0.0,0.2222222222222222,1.2222222222222223,0.0,1.1666666666666667,0.0,13.555555555555555,0.1111111111111111,name,-0.2709533805038218,True
WIL189259,WR,2026,2.456824397273956,0.4045498320423346,5.318695930646171,,,,,,,0.0834943359226741,13.638876022622126,1.1839415589513973,,,2.008921681671226,False,CJ Williams,JAX,rookie_rule,True,drafted,False,,,,rookie_path,0.0,18.0,0.0,0.0,0.0,0.0,0.0,0.0,0.0,0.0,0.0,0.0,0.0,0.0,name,2.456824397273956,True
BRA836631,WR,2026,2.4368475228582227,0.6093293797299516,4.844346056522063,,,,,,,0.0881442067556933,13.79765058935696,1.056434446776733,,,1.730380193529712,False,Chris Brazzell II,CAR,rookie_rule,True,drafted,False,,,,rookie_path,0.0,18.0,0.0,0.0,0.0,0.0,0.0,0.0,0.0,0.0,0.0,0.0,0.0,0.0,name,2.4368475228582227,True
00-0037525,RB,2026,2.4135425712095624,0.6701864374959108,4.883135534162109,,3.330857875450532,,,,,0.0140043938197832,3.201019666893258,0.3784876140077716,0.0762966675940367,13.623904290334313,0.5759066922200101,False,Jordan Mason,MIN,veteran_model,True,,False,ACT,2.0,committee,curated,7.9833333333333325,18.0,0.0,0.0,0.0,0.0,0.0,10.555555555555555,44.27777777777778,0.3333333333333333,1.1111111111111112,0.0,7.777777777777778,0.05555555555555555,name,-5.56979076212377,True
KOZ404039,TE,2026,2.4130614691289343,0.7240962963296074,4.5703659573358575,,,,,,,0.0885037416572042,12.74553203721996,1.214971630927426,,,1.707453980864274,False,Tanner Koziol,JAX,rookie_rule,True,drafted,False,,,,rookie_path,1.4333333333333333,18.0,0.0,0.0,0.0,0.0,0.0,0.0,0.0,0.0,0.7777777777777778,0.0,7.111111111111111,0.05555555555555555,name,0.9797281357956009,True
00-0041435,WR,2026,2.4043770537112934,0.0,6.009514942349187,,,,,,,0.0601677730468268,14.659331143353278,1.1548746021900098,,,2.0380207638144285,False,Dean Patterson,TB,rookie_rule,True,udfa,False,,,,rookie_path,0.0,18.0,0.0,0.0,0.0,0.0,0.0,0.0,0.0,0.0,0.0,0.0,0.0,0.0,name,2.4043770537112934,True
00-0041168,WR,2026,2.3958948551500328,0.0,5.988314482579707,,,,,,,0.0599555122463902,14.60761572819355,1.150800417704672,,,2.0308310026395064,False,Omari Kelly,CHI,rookie_rule,True,udfa,False,,,,rookie_path,0.0,18.0,0.0,0.0,0.0,0.0,0.0,0.0,0.0,0.0,0.0,0.0,0.0,0.0,name,2.3958948551500328,True
00-0041265,WR,2026,2.3958948551500328,0.0,5.988314482579707,,,,,,,0.0599555122463902,14.60761572819355,1.150800417704672,,,2.0308310026395064,False,Squirrel White,CHI,rookie_rule,True,udfa,False,,,,rookie_path,0.0,18.0,0.0,0.0,0.0,0.0,0.0,0.0,0.0,0.0,0.0,0.0,0.0,0.0,name,2.3958948551500328,True
00-0041407,WR,2026,2.3958948551500328,0.0,5.988314482579707,,,,,,,0.0599555122463902,14.60761572819355,1.150800417704672,,,2.0308310026395064,False,Kyron Hudson,CHI,rookie_rule,True,udfa,False,,,,rookie_path,0.0,18.0,0.0,0.0,0.0,0.0,0.0,0.0,0.0,0.0,0.0,0.0,0.0,0.0,name,2.3958948551500328,True
BOE586077,TE,2026,2.35863562075731,0.561907375801546,4.667058389892233,,,,,,,0.0992893555526115,11.935701572706568,1.1386586603419684,,,1.7221366666261704,False,Nate Boerkircher,JAX,rookie_rule,True,drafted,False,,,,rookie_path,1.2166666666666666,18.0,0.0,0.0,0.0,0.0,0.0,0.0,0.0,0.0,0.6111111111111112,0.0,5.777777777777778,0.05555555555555555,name,1.1419689540906435,True
00-0041374,WR,2026,2.3427846979589058,0.0,5.855570625813172,,,,,,,0.0586264694993616,14.283806540221754,1.1252904538811208,,,1.9858132701013045,False,Sincere Brown,LAC,rookie_rule,True,udfa,False,,,,rookie_path,0.0,18.0,0.0,0.0,0.0,0.0,0.0,0.0,0.0,0.0,0.0,0.0,0.0,0.0,name,2.3427846979589058,True
00-0041380,WR,2026,2.3427846979589058,0.0,5.855570625813172,,,,,,,0.0586264694993616,14.283806540221754,1.1252904538811208,,,1.9858132701013045,False,Devonte Ross,LAC,rookie_rule,True,udfa,False,,,,rookie_path,0.0,18.0,0.0,0.0,0.0,0.0,0.0,0.0,0.0,0.0,0.0,0.0,0.0,0.0,name,2.3427846979589058,True
00-0041474,WR,2026,2.3427846979589058,0.0,5.855570625813172,,,,,,,0.0586264694993616,14.283806540221754,1.1252904538811208,,,1.9858132701013045,False,Mante Morrow,LAC,rookie_rule,True,udfa,False,,,,rookie_path,0.0,18.0,0.0,0.0,0.0,0.0,0.0,0.0,0.0,0.0,0.0,0.0,0.0,0.0,name,2.3427846979589058,True
00-0041373,WR,2026,2.3427846979589058,0.0,5.855570625813172,,,,,,,0.0586264694993616,14.283806540221754,1.1252904538811208,,,1.9858132701013045,False,Jerand Bradley,LAC,rookie_rule,True,udfa,False,,,,rookie_path,0.0,18.0,0.0,0.0,0.0,0.0,0.0,0.0,0.0,0.0,0.0,0.0,0.0,0.0,name,2.3427846979589058,True
00-0026158,QB,2026,2.314203800309607,1.2270197499052078,3.3335758528764017,4.533858662551497,0.4260398328936856,2.954774836892038,0.1006313652857777,0.2295087351188021,34.216723023122256,,,,0.0123765943381672,1.5450310345206024,,False,Joe Flacco,CIN,veteran_model,True,,False,ACT,,deep_bench,deep_bench_discounted,1.5955555555555554,18.0,3.8333333333333335,2.4444444444444446,24.88888888888889,0.16666666666666666,0.1111111111111111,0.2222222222222222,0.4444444444444444,0.0,0.0,0.0,0.0,0.0,gsis_id,0.7186482447540516,True
00-0041187,WR,2026,2.308291301721577,0.0,5.769357617008819,,,,,,,0.0577632975466854,14.073502537810237,1.1087225253208814,,,1.9565756521338376,False,Le'Meke Brockington,ATL,rookie_rule,True,udfa,False,,,,rookie_path,0.0,18.0,0.0,0.0,0.0,0.0,0.0,0.0,0.0,0.0,0.0,0.0,0.0,0.0,name,2.308291301721577,True
00-0041266,WR,2026,2.308291301721577,0.0,5.769357617008819,,,,,,,0.0577632975466854,14.073502537810237,1.1087225253208814,,,1.9565756521338376,False,Keelan Marion,ATL,rookie_rule,True,udfa,False,,,,rookie_path,0.0,18.0,0.0,0.0,0.0,0.0,0.0,0.0,0.0,0.0,0.0,0.0,0.0,0.0,name,2.308291301721577,True
00-0035631,TE,2026,2.2501898434756025,0.1643589320371875,5.569799048261993,,,,,,,0.1167022024543461,9.07109947179038,1.2857333631409755,,,1.6546417121453747,False,Drew Sample,CIN,veteran_model,False,,False,ACT,1.0,starter,curated,1.3944444444444446,18.0,0.0,0.0,0.0,0.0,0.0,0.0,0.0,0.0,0.7222222222222222,0.0,7.0,0.05555555555555555,name,0.8557453990311579,True
00-0040919,WR,2026,2.2314638482737887,0.0,5.577334602663184,,,,,,,0.0558407468487086,13.605090530944146,1.0718206281742455,,,1.8914544411674068,False,Tyren Montgomery,TEN,rookie_rule,True,udfa,False,,,,rookie_path,0.0,18.0,0.0,0.0,0.0,0.0,0.0,0.0,0.0,0.0,0.0,0.0,0.0,0.0,name,2.2314638482737887,True
00-0040912,WR,2026,2.2314638482737887,0.0,5.577334602663184,,,,,,,0.0558407468487086,13.605090530944146,1.0718206281742455,,,1.8914544411674068,False,Hank Beatty,TEN,rookie_rule,True,udfa,False,,,,rookie_path,0.0,18.0,0.0,0.0,0.0,0.0,0.0,0.0,0.0,0.0,0.0,0.0,0.0,0.0,name,2.2314638482737887,True
00-0040977,WR,2026,2.223471226610178,0.0,5.557357794432598,,,,,,,0.0556407373512119,13.556360034415096,1.067981598122794,,,1.88467965978168,False,Cortez Braham,BAL,rookie_rule,True,udfa,False,,,,rookie_path,0.0,18.0,0.0,0.0,0.0,0.0,0.0,0.0,0.0,0.0,0.0,0.0,0.0,0.0,name,2.223471226610178,True
00-0040989,WR,2026,2.223471226610178,0.0,5.557357794432598,,,,,,,0.0556407373512119,13.556360034415096,1.067981598122794,,,1.88467965978168,False,Octavian Smith,BAL,rookie_rule,True,udfa,False,,,,rookie_path,0.0,18.0,0.0,0.0,0.0,0.0,0.0,0.0,0.0,0.0,0.0,0.0,0.0,0.0,name,2.223471226610178,True
00-0040986,WR,2026,2.223471226610178,0.0,5.557357794432598,,,,,,,0.0556407373512119,13.556360034415096,1.067981598122794,,,1.88467965978168,False,Ty Pezza,BAL,rookie_rule,True,udfa,False,,,,rookie_path,,,,,,,,,,,,,,,unmatched,,False
00-0041185,WR,2026,2.1697938236182823,0.0,5.42319615998829,,,,,,,0.0542974996938843,13.22909238554162,1.0421991738016283,,,1.839181113005808,False,Vinny Anthony II,ATL,rookie_rule,True,udfa,False,,,,rookie_path,0.0,18.0,0.0,0.0,0.0,0.0,0.0,0.0,0.0,0.0,0.0,0.0,0.0,0.0,name,2.1697938236182823,True
00-0041317,WR,2026,2.150016015505133,0.0,5.37376338354442,,,,,,,0.0538025745455683,13.10850837066225,1.0326994623309975,,,1.8224168606872635,False,Nick DeGennaro,NE,rookie_rule,True,udfa,False,,,,rookie_path,0.0,18.0,0.0,0.0,0.0,0.0,0.0,0.0,0.0,0.0,0.0,0.0,0.0,0.0,name,2.150016015505133,True
00-0041322,WR,2026,2.150016015505133,0.0,5.37376338354442,,,,,,,0.0538025745455683,13.10850837066225,1.0326994623309975,,,1.8224168606872635,False,Jimmy Kibble,NE,rookie_rule,True,udfa,False,,,,rookie_path,0.0,18.0,0.0,0.0,0.0,0.0,0.0,0.0,0.0,0.0,0.0,0.0,0.0,0.0,name,2.150016015505133,True
00-0041318,WR,2026,2.150016015505133,0.0,5.37376338354442,,,,,,,0.0538025745455683,13.10850837066225,1.0326994623309975,,,1.8224168606872635,False,Kyle Dixon,NE,rookie_rule,True,udfa,False,,,,rookie_path,0.0,18.0,0.0,0.0,0.0,0.0,0.0,0.0,0.0,0.0,0.0,0.0,0.0,0.0,name,2.150016015505133,True
00-0041319,WR,2026,2.150016015505133,0.0,5.37376338354442,,,,,,,0.0538025745455683,13.10850837066225,1.0326994623309975,,,1.8224168606872635,False,Cameron Dorner,NE,rookie_rule,True,udfa,False,,,,rookie_path,0.0,18.0,0.0,0.0,0.0,0.0,0.0,0.0,0.0,0.0,0.0,0.0,0.0,0.0,name,2.150016015505133,True
VIR271235,WR,2026,2.1283577879355717,0.3504632999373942,4.607609692500838,,,,,,,0.0723315106715445,11.815418323607044,1.025653783091199,,,1.7403376941721254,False,Reggie Virgil,ARI,rookie_rule,True,drafted,False,,,,rookie_path,0.2833333333333333,18.0,0.0,0.0,0.0,0.0,0.0,0.0,0.0,0.0,0.16666666666666666,0.0,2.0,0.0,name,1.8450244546022385,True
00-0032268,QB,2026,2.114832964262463,0.9543839100144806,3.134205016829258,4.0600703421484114,0.7328744237648174,2.447295812230539,0.0611344282741954,0.165486657373157,26.13467537396274,,,,0.0126358447052765,4.539531081280574,,False,Marcus Mariota,WAS,veteran_model,True,,False,ACT,,deep_bench,deep_bench_discounted,0.7288888888888888,18.0,1.6111111111111112,1.0555555555555556,10.444444444444445,0.05555555555555555,0.05555555555555555,0.2222222222222222,1.4444444444444444,0.0,0.0,0.0,0.0,0.0,gsis_id,1.3859440753735743,True
00-0041229,WR,2026,2.0467036808237107,0.0,5.115543892537938,,,,,,,0.0512172591115956,12.478619758578624,0.9830763005925492,,,1.7348462848019686,False,E.J. Horton,IND,rookie_rule,True,udfa,False,,,,rookie_path,0.0,18.0,0.0,0.0,0.0,0.0,0.0,0.0,0.0,0.0,0.0,0.0,0.0,0.0,name,2.0467036808237107,True
00-0041233,WR,2026,2.0467036808237107,0.0,5.115543892537938,,,,,,,0.0512172591115956,12.478619758578624,0.9830763005925492,,,1.7348462848019686,False,Raylen Sharpe,IND,rookie_rule,True,udfa,False,,,,rookie_path,0.0,18.0,0.0,0.0,0.0,0.0,0.0,0.0,0.0,0.0,0.0,0.0,0.0,0.0,name,2.0467036808237107,True
00-0041228,WR,2026,2.0467036808237107,0.0,5.115543892537938,,,,,,,0.0512172591115956,12.478619758578624,0.9830763005925492,,,1.7348462848019686,False,Sahmir Hagans,IND,rookie_rule,True,udfa,False,,,,rookie_path,0.0,18.0,0.0,0.0,0.0,0.0,0.0,0.0,0.0,0.0,0.0,0.0,0.0,0.0,name,2.0467036808237107,True
00-0041326,RB,2026,1.9871681729807928,0.0790216440042008,4.716486784768589,,2.3550580054960384,,,,,0.0134228237584106,3.358700018616128,0.460077046459809,0.0676451873596691,9.348515811807973,0.6080776488559376,False,CJ Donaldson,NO,rookie_rule,True,udfa,False,,,,rookie_path,0.0,18.0,0.0,0.0,0.0,0.0,0.0,0.0,0.0,0.0,0.0,0.0,0.0,0.0,name,1.9871681729807928,True
00-0041267,WR,2026,1.953303889817351,0.0,4.882099874762678,,,,,,,0.0488799978159026,11.909167283157265,0.938214349212418,,,1.6556778727124122,False,Malik McClain,NYJ,rookie_rule,True,udfa,False,,,,rookie_path,0.0,18.0,0.0,0.0,0.0,0.0,0.0,0.0,0.0,0.0,0.0,0.0,0.0,0.0,name,1.953303889817351,True
00-0041201,WR,2026,1.953303889817351,0.0,4.882099874762678,,,,,,,0.0488799978159026,11.909167283157265,0.938214349212418,,,1.6556778727124122,False,DT Sheffield,NYJ,rookie_rule,True,udfa,False,,,,rookie_path,0.0,18.0,0.0,0.0,0.0,0.0,0.0,0.0,0.0,0.0,0.0,0.0,0.0,0.0,name,1.953303889817351,True
00-0041199,WR,2026,1.953303889817351,0.0,4.882099874762678,,,,,,,0.0488799978159026,11.909167283157265,0.938214349212418,,,1.6556778727124122,False,Caullin Lacy,NYJ,rookie_rule,True,udfa,False,,,,rookie_path,0.0,18.0,0.0,0.0,0.0,0.0,0.0,0.0,0.0,0.0,0.0,0.0,0.0,0.0,name,1.953303889817351,True
00-0041311,WR,2026,1.953303889817351,0.0,4.882099874762678,,,,,,,0.0488799978159026,11.909167283157265,0.938214349212418,,,1.6556778727124122,False,Jalen Walthall,NYJ,rookie_rule,True,udfa,False,,,,rookie_path,0.0,18.0,0.0,0.0,0.0,0.0,0.0,0.0,0.0,0.0,0.0,0.0,0.0,0.0,name,1.953303889817351,True
00-0040586,RB,2026,1.942216824251784,0.2630213547801098,4.41180978720433,,2.4149221332500272,,,,,0.0067260107889835,2.516946277742336,0.3182228852053184,0.1008215908703764,8.861251439187313,0.3412564299776097,False,Jaydon Blue,DAL,veteran_model,True,,False,ACT,2.0,committee,curated,2.3,18.0,0.0,0.0,0.0,0.0,0.0,2.7777777777777777,11.666666666666666,0.1111111111111111,0.3888888888888889,0.0,2.7222222222222223,0.0,name,-0.3577831757482157,True
KLE258860,TE,2026,1.94206695812518,0.4626665257097359,3.8427893697884654,,,,,,,0.0817534404277152,9.827686583887663,0.9375553143402452,,,1.417982789794666,False,Marlin Klein,HOU,rookie_rule,True,drafted,False,,,,rookie_path,1.3055555555555556,18.0,0.0,0.0,0.0,0.0,0.0,0.0,0.0,0.0,0.6666666666666666,0.0,6.388888888888889,0.05555555555555555,name,0.6365114025696244,True
BRO268113,WR,2026,1.918057258859997,0.3158344335803451,4.152337199502117,,,,,,,0.0651845191979841,10.647950739543584,0.9243101394354676,,,1.5683769740670892,False,Barion Brown,NO,rookie_rule,True,drafted,False,,,,rookie_path,1.3666666666666667,18.0,0.0,0.0,0.0,0.0,0.0,0.0,0.0,0.0,0.5555555555555556,0.0,7.555555555555555,0.05555555555555555,name,0.5513905921933302,True
00-0038705,RB,2026,1.906584823521088,0.3783809051994433,4.376177786473634,,2.875577310593389,,,,,0.0058087781017201,3.398402430591943,0.4803149006506595,0.0453438680184539,10.196712534155198,0.6523872981408275,False,Emari Demercado,KC,veteran_model,True,,True,ACT,2.0,committee,curated,1.7944444444444443,18.0,0.0,0.0,0.0,0.0,0.0,1.6111111111111112,6.666666666666667,0.05555555555555555,0.6666666666666666,0.0,4.611111111111111,0.0,name,0.11214037907664376,True
00-0041215,WR,2026,1.8921969146024495,0.0,4.729368721356901,,,,,,,0.0473508405605407,11.536602013720335,0.908863339734344,,,1.603881801830089,False,Ben Patterson,JAX,rookie_rule,True,udfa,False,,,,rookie_path,0.0,18.0,0.0,0.0,0.0,0.0,0.0,0.0,0.0,0.0,0.0,0.0,0.0,0.0,name,1.8921969146024495,True
00-0041206,WR,2026,1.8921969146024495,0.0,4.729368721356901,,,,,,,0.0473508405605407,11.536602013720335,0.908863339734344,,,1.603881801830089,False,Alex Bullock,JAX,rookie_rule,True,udfa,False,,,,rookie_path,0.0,18.0,0.0,0.0,0.0,0.0,0.0,0.0,0.0,0.0,0.0,0.0,0.0,0.0,name,1.8921969146024495,True
00-0041216,WR,2026,1.8921969146024495,0.0,4.729368721356901,,,,,,,0.0473508405605407,11.536602013720335,0.908863339734344,,,1.603881801830089,False,Trebor Pena,JAX,rookie_rule,True,udfa,False,,,,rookie_path,0.2833333333333333,18.0,0.0,0.0,0.0,0.0,0.0,0.0,0.0,0.0,0.16666666666666666,0.0,2.0,0.0,name,1.6088635812691163,True
00-0041205,WR,2026,1.8921969146024495,0.0,4.729368721356901,,,,,,,0.0473508405605407,11.536602013720335,0.908863339734344,,,1.603881801830089,False,Brady Boyd,JAX,rookie_rule,True,udfa,False,,,,rookie_path,0.0,18.0,0.0,0.0,0.0,0.0,0.0,0.0,0.0,0.0,0.0,0.0,0.0,0.0,name,1.8921969146024495,True
00-0041220,WR,2026,1.8921969146024495,0.0,4.729368721356901,,,,,,,0.0473508405605407,11.536602013720335,0.908863339734344,,,1.603881801830089,False,Michael Wortham,JAX,rookie_rule,True,udfa,False,,,,rookie_path,0.0,18.0,0.0,0.0,0.0,0.0,0.0,0.0,0.0,0.0,0.0,0.0,0.0,0.0,name,1.8921969146024495,True
BON235618,WR,2026,1.873068701350563,0.3084264505741266,4.05494299500929,,,,,,,0.0636555984751449,10.398200143209303,0.9026301923575264,,,1.531590263259391,False,Lewis Bond,HOU,rookie_rule,True,drafted,False,,,,rookie_path,0.0,18.0,0.0,0.0,0.0,0.0,0.0,0.0,0.0,0.0,0.0,0.0,0.0,0.0,name,1.873068701350563,True
00-0036972,QB,2026,1.8498560267444928,0.7074086830268728,2.8692280793112874,4.25764724326878,0.6989994536081737,2.6555236232323702,0.0591992904950487,0.1524374271907335,27.06472675514602,,,,0.0152437888975165,1.8445309538071648,,False,Mac Jones,SF,veteran_model,True,,False,ACT,,deep_bench,deep_bench_discounted,1.4844444444444445,18.0,3.4444444444444446,2.2777777777777777,23.5,0.16666666666666666,0.1111111111111111,0.2777777777777778,1.0,0.0,0.0,0.0,0.0,0.0,name,0.36541158230004833,True
00-0036212,QB,2026,1.8407032336942717,0.772354315605031,2.8600752862610666,4.289985586318247,0.3064373575113965,2.713850294452288,0.0970787717680819,0.1883064976327531,26.79268123833794,,,,0.016356762885027,1.1178695985574338,,False,Tua Tagovailoa,ATL,veteran_model,True,,True,ACT,2.0,backup,curated,7.663333333333333,18.0,17.11111111111111,11.61111111111111,118.94444444444444,0.7777777777777778,0.4444444444444444,1.1111111111111112,2.388888888888889,0.0,0.0,0.0,0.0,0.0,name,-5.822630099639062,True
00-0040945,TE,2026,1.8315283163265308,0.0,4.095000000000001,,,,,,,0.0579566326530612,9.982400510204084,0.9710969387755102,,,1.6614795918367349,False,RJ Maryland,GB,rookie_rule,True,udfa,False,,,,rookie_path,0.0,18.0,0.0,0.0,0.0,0.0,0.0,0.0,0.0,0.0,0.0,0.0,0.0,0.0,name,1.8315283163265308,True
00-0039923,QB,2026,1.818632040500528,0.6545121428391082,2.838004093067322,4.118782839544632,0.5317279868842886,2.542085617139852,0.0745678051288619,0.148535057775625,26.698222572941688,,,,0.0202704254619458,1.8407596396640888,,False,J.J. McCarthy,MIN,veteran_model,True,,False,ACT,2.0,backup,curated,1.09,18.0,1.7777777777777777,1.1111111111111112,11.833333333333334,0.05555555555555555,0.05555555555555555,0.2777777777777778,1.1666666666666667,0.05555555555555555,0.0,0.0,0.0,0.0,name,0.728632040500528,True
00-0040398,QB,2026,1.7820862448567605,0.5530432176237958,2.8014582974235545,3.227657126162456,0.5848184675959017,2.218575955929429,0.1056249275665991,0.143972270880534,22.041459431082213,,,,0.0453341922604049,2.637834856621045,,False,Brady Cook,NYJ,veteran_model,True,,False,ACT,,deep_bench,deep_bench_discounted,0.0,18.0,0.0,0.0,0.0,0.0,0.0,0.0,0.0,0.0,0.0,0.0,0.0,0.0,name,1.7820862448567605,True
LAN016345,WR,2026,1.7759789433888855,0.2924392903521713,3.844756666205664,,,,,,,0.0603560362944297,9.85921364772554,0.855842721699507,,,1.4522009019139714,False,Bryce Lance,NO,rookie_rule,True,drafted,False,,,,rookie_path,1.7333333333333334,18.0,0.0,0.0,0.0,0.0,0.0,0.0,0.0,0.0,0.8333333333333334,0.0,9.833333333333334,0.05555555555555555,name,0.04264561005555212,True
00-0039376,QB,2026,1.7299403108630726,0.5876720290068197,2.7493123634298677,4.444512139721372,0.5223748220261086,2.6244404502492937,0.1199285048840461,0.1382801411612834,28.32074637632785,,,,0.0178424170332567,1.7679239873337709,,False,Spencer Rattler,NO,veteran_model,True,,False,ACT,,deep_bench,deep_bench_discounted,0.7044444444444444,18.0,1.7777777777777777,1.1111111111111112,11.222222222222221,0.05555555555555555,0.05555555555555555,0.2222222222222222,0.8888888888888888,0.0,0.0,0.0,0.0,0.0,name,1.0254958664186282,True
BEN601117,WR,2026,1.6970676734203218,0.279445467493911,3.673924330394598,,,,,,,0.0576742638038314,9.421143662307326,0.8178154487332012,,,1.387675915372826,False,Malik Benson,LV,rookie_rule,True,drafted,False,,,,rookie_path,0.0,18.0,0.0,0.0,0.0,0.0,0.0,0.0,0.0,0.0,0.0,0.0,0.0,0.0,name,1.6970676734203218,True
00-0040927,TE,2026,1.6958595521541948,0.0,3.791666666666667,,,,,,,0.0536635487528344,9.24296343537415,0.8991638321995464,,,1.538407029478458,False,Dae'Quan Wright,PHI,rookie_rule,True,udfa,False,,,,rookie_path,0.0,18.0,0.0,0.0,0.0,0.0,0.0,0.0,0.0,0.0,0.0,0.0,0.0,0.0,name,1.6958595521541948,True
00-0041263,TE,2026,1.6958595521541948,0.0,3.791666666666667,,,,,,,0.0536635487528344,9.24296343537415,0.8991638321995464,,,1.538407029478458,False,Lake McRee,PIT,rookie_rule,True,udfa,False,,,,rookie_path,0.0,18.0,0.0,0.0,0.0,0.0,0.0,0.0,0.0,0.0,0.0,0.0,0.0,0.0,name,1.6958595521541948,True
00-0041180,TE,2026,1.6958595521541948,0.0,3.791666666666667,,,,,,,0.0536635487528344,9.24296343537415,0.8991638321995464,,,1.538407029478458,False,Quentin Moore,WAS,rookie_rule,True,udfa,False,,,,rookie_path,0.0,18.0,0.0,0.0,0.0,0.0,0.0,0.0,0.0,0.0,0.0,0.0,0.0,0.0,name,1.6958595521541948,True
RAN022436,RB,2026,1.6881977115504414,0.135172867416393,3.725943286234468,,2.0392007073778635,,,,,0.0169886304913714,2.962806024836063,0.3973253521091576,0.04827326066702,8.016830860619079,0.5217124593512945,False,Adam Randall,BAL,rookie_rule,True,drafted,False,,,,rookie_path,1.4500000000000002,18.0,0.0,0.0,0.0,0.0,0.0,1.3888888888888888,5.722222222222222,0.05555555555555555,0.4444444444444444,0.0,3.2222222222222223,0.0,name,0.23819771155044123,True
RYA022232,TE,2026,1.6727765787397129,0.5019562662403187,3.168257927743752,,,,,,,0.0613523476583642,8.835426593229077,0.8422396669332403,,,1.183637078875023,False,Carsen Ryan,CLE,rookie_rule,True,drafted,False,,,,rookie_path,0.0,18.0,0.0,0.0,0.0,0.0,0.0,0.0,0.0,0.0,0.0,0.0,0.0,0.0,name,1.6727765787397129,True
00-0033319,QB,2026,1.643612732065313,0.3349876969423493,2.6629847846321084,2.3019905406736254,0.7930718474832733,1.5828579439449035,0.0168828917054465,0.1189423206344582,16.16017467685466,,,,0.0225813293281905,4.19714269895044,,False,Nick Mullens,JAX,veteran_model,True,,False,ACT,,deep_bench,deep_bench_discounted,0.6688888888888889,18.0,1.8333333333333333,1.1111111111111112,11.722222222222221,0.05555555555555555,0.05555555555555555,0.1111111111111111,0.3333333333333333,0.0,0.0,0.0,0.0,0.0,gsis_id,0.9747238431764242,True
00-0041357,TE,2026,1.6389363901297167,0.0,3.664395716819839,,,,,,,0.0518622799646345,8.932714450103056,0.8689825306632081,,,1.4867689132869608,False,Khalil Dinkins,SF,rookie_rule,True,udfa,False,,,,rookie_path,0.0,18.0,0.0,0.0,0.0,0.0,0.0,0.0,0.0,0.0,0.0,0.0,0.0,0.0,name,1.6389363901297167,True
00-0040955,TE,2026,1.6187465940194226,0.0,3.6192546101633623,,,,,,,0.0512233968056498,8.822673764848163,0.8582776734014148,,,1.4684536440653098,False,John Michael Gyllenborg,KC,rookie_rule,True,udfa,False,,,,rookie_path,1.9388888888888889,18.0,0.0,0.0,0.0,0.0,0.0,0.0,0.0,0.0,0.6111111111111112,0.0,6.333333333333333,0.05555555555555555,name,-0.3201422948694663,True
00-0022942,QB,2026,1.5799439364610808,0.6219871392364232,2.5993159890278754,3.688959381623096,0.2342307509451084,2.1969948920010687,0.1247406703144082,0.1631643238865831,26.93081413105607,,,,0.0083663231124227,0.4933747762678591,,False,Philip Rivers,IND,veteran_model,True,,False,,,deep_bench,deep_bench_discounted,0.0,18.0,0.0,0.0,0.0,0.0,0.0,0.0,0.0,0.0,0.0,0.0,0.0,0.0,gsis_id,1.5799439364610808,True
00-0041252,TE,2026,1.5575921207666608,0.0,3.4825231352865016,,,,,,,0.0492882329810956,8.489362813792795,0.8258528830016151,,,1.4129770738407332,False,Kenny Fletcher Jr.,TB,rookie_rule,True,udfa,False,,,,rookie_path,0.0,18.0,0.0,0.0,0.0,0.0,0.0,0.0,0.0,0.0,0.0,0.0,0.0,0.0,name,1.5575921207666608,True
00-0041170,TE,2026,1.5520972231900076,0.0,3.4702374363017734,,,,,,,0.0491143531903889,8.459413908343866,0.8229394264265755,,,1.4079923514635475,False,Hayden Large,CHI,rookie_rule,True,udfa,False,,,,rookie_path,0.0,18.0,0.0,0.0,0.0,0.0,0.0,0.0,0.0,0.0,0.0,0.0,0.0,0.0,name,1.5520972231900076,True
00-0028118,QB,2026,1.5421354472618445,0.3376997886287597,2.561507499828639,2.148582388572852,0.6052028597207179,1.3170453674423284,0.0495960251566271,0.1270360526454985,18.01553886422567,,,,0.0161208110636041,3.158368660424532,,False,Tyrod Taylor,GB,veteran_model,True,,True,ACT,,deep_bench,deep_bench_discounted,0.7166666666666667,18.0,1.7777777777777777,1.1111111111111112,11.38888888888889,0.05555555555555555,0.05555555555555555,0.2222222222222222,0.9444444444444444,0.0,0.0,0.0,0.0,0.0,gsis_id,0.8254687805951778,True
00-0041368,WR,2026,1.5408654038653078,0.0,3.8512485611956606,,,,,,,0.0385590270762113,9.394556551657477,0.7401111724845846,,,1.306082871849715,False,Harrison Wallace III,ARI,rookie_rule,True,udfa,False,,,,rookie_path,0.0,18.0,0.0,0.0,0.0,0.0,0.0,0.0,0.0,0.0,0.0,0.0,0.0,0.0,name,1.5408654038653078,True
00-0040984,RB,2026,1.5368714597267903,0.0611151642936064,3.647720423589676,,1.8213966406369893,,,,,0.010381182138349,2.597611148658861,0.3558225678095698,0.0523166379446395,7.230121404581882,0.4702859056073924,False,Dontae McMillan,BAL,rookie_rule,True,udfa,False,,,,rookie_path,0.0,18.0,0.0,0.0,0.0,0.0,0.0,0.0,0.0,0.0,0.0,0.0,0.0,0.0,name,1.5368714597267903,True
00-0040991,RB,2026,1.5368714597267903,0.0611151642936064,3.647720423589676,,1.8213966406369893,,,,,0.010381182138349,2.597611148658861,0.3558225678095698,0.0523166379446395,7.230121404581882,0.4702859056073924,False,Elijah Tau-Tolliver,BAL,rookie_rule,True,udfa,False,,,,rookie_path,0.0,18.0,0.0,0.0,0.0,0.0,0.0,0.0,0.0,0.0,0.0,0.0,0.0,0.0,name,1.5368714597267903,True
00-0041452,TE,2026,1.517691653462128,0.0,3.393312167508632,,,,,,,0.0480256280267303,8.27189282349692,0.8046972059041082,,,1.3767811758356208,False,Johnny Pascuzzi,LAC,rookie_rule,True,udfa,False,,,,rookie_path,0.0,18.0,0.0,0.0,0.0,0.0,0.0,0.0,0.0,0.0,0.0,0.0,0.0,0.0,name,1.517691653462128,True
00-0041384,TE,2026,1.517691653462128,0.0,3.393312167508632,,,,,,,0.0480256280267303,8.27189282349692,0.8046972059041082,,,1.3767811758356208,False,Evan Svoboda,LAC,rookie_rule,True,udfa,False,,,,rookie_path,0.0,18.0,0.0,0.0,0.0,0.0,0.0,0.0,0.0,0.0,0.0,0.0,0.0,0.0,name,1.517691653462128,True
LAW090280,WR,2026,1.4971062167410445,0.2465190712059626,3.241034545065932,,,,,,,0.0508786421655523,8.31107266171905,0.7214541951516505,,,1.2241693553324389,False,Kendrick Law,DET,rookie_rule,True,drafted,False,,,,rookie_path,0.0,18.0,0.0,0.0,0.0,0.0,0.0,0.0,0.0,0.0,0.0,0.0,0.0,0.0,name,1.4971062167410445,True
00-0041195,TE,2026,1.4953463053750564,0.0,3.3433515965467344,,,,,,,0.0473185348745017,8.15010370773132,0.7928494507098286,,,1.3565104874229947,False,Jack Velling,ATL,rookie_rule,True,udfa,False,,,,rookie_path,0.29444444444444445,18.0,0.0,0.0,0.0,0.0,0.0,0.0,0.0,0.0,0.2222222222222222,0.0,1.8333333333333333,0.0,name,1.200901860930612,True
CLA041524,RB,2026,1.4729234432535785,0.1179360000000001,3.2508213800904984,,1.7791675150641215,,,,,0.014822287667084,2.5849972559115093,0.3466595302887157,0.0421175889721138,6.994546926828828,0.4551851401991674,False,Demond Claiborne,MIN,rookie_rule,True,drafted,False,,,,rookie_path,1.6111111111111112,18.0,0.0,0.0,0.0,0.0,0.0,1.6111111111111112,7.666666666666667,0.05555555555555555,0.5,0.0,3.7222222222222223,0.0,name,-0.13818766785753267,True
MCG547540,RB,2026,1.4729234432535785,0.1179360000000001,3.2508213800904984,,1.7791675150641215,,,,,0.014822287667084,2.5849972559115093,0.3466595302887157,0.0421175889721138,6.994546926828828,0.4551851401991674,False,Seth McGowan,IND,rookie_rule,True,drafted,False,,,,rookie_path,1.822222222222222,18.0,0.0,0.0,0.0,0.0,0.0,2.4444444444444446,10.222222222222221,0.05555555555555555,0.3888888888888889,0.0,2.7222222222222223,0.0,name,-0.3492987789686435,True
00-0041308,WR,2026,1.442599976403094,0.0,3.605643341440718,,,,,,,0.0361000067953574,8.795438605955802,0.6929121500707388,,,1.2227902030796611,False,Treyvhon Saunders,HOU,rookie_rule,True,udfa,False,,,,rookie_path,0.0,18.0,0.0,0.0,0.0,0.0,0.0,0.0,0.0,0.0,0.0,0.0,0.0,0.0,name,1.442599976403094,True
00-0041309,WR,2026,1.442599976403094,0.0,3.605643341440718,,,,,,,0.0361000067953574,8.795438605955802,0.6929121500707388,,,1.2227902030796611,False,Daniel Sobkowicz,HOU,rookie_rule,True,udfa,False,,,,rookie_path,0.0,18.0,0.0,0.0,0.0,0.0,0.0,0.0,0.0,0.0,0.0,0.0,0.0,0.0,name,1.442599976403094,True
00-0041287,WR,2026,1.416640454183439,0.0,3.540759950362576,,,,,,,0.0354503887835296,8.637165080614276,0.6804432268416676,,,1.2007861479250443,False,Kole Wilson,CLE,rookie_rule,True,udfa,False,,,,rookie_path,0.0,18.0,0.0,0.0,0.0,0.0,0.0,0.0,0.0,0.0,0.0,0.0,0.0,0.0,name,1.416640454183439,True
00-0041314,TE,2026,1.3928131613566137,0.0,3.1141041309123185,,,,,,,0.0440739900265362,7.591266096519603,0.7384852230908726,,,1.263497059918263,False,Tanner Arkin,NE,rookie_rule,True,udfa,False,,,,rookie_path,0.0,18.0,0.0,0.0,0.0,0.0,0.0,0.0,0.0,0.0,0.0,0.0,0.0,0.0,name,1.3928131613566137,True
00-0033553,RB,2026,1.392175386736059,0.6138031395276631,2.802826799383648,,1.6743346823358207,,,,,0.0170445966834429,2.001472923204468,0.2426057218903129,0.056230613376967,6.310739731079958,0.3346152466847085,False,James Conner,ARI,veteran_model,True,,False,ACT,,deep_bench,deep_bench_discounted,2.8722222222222222,18.0,0.0,0.0,0.0,0.0,0.0,2.9444444444444446,12.222222222222221,0.1111111111111111,0.6111111111111112,0.0,4.555555555555555,0.05555555555555555,gsis_id,-1.4800468354861633,True
00-0032950,QB,2026,1.3791273877023738,0.2769551740482163,2.398499440269168,2.694353367113822,0.4831393145006161,1.810651614455108,0.0853933373667849,0.1436355240736824,18.290528335259808,,,,0.014230788561323,1.5836610136288334,,False,Carson Wentz,MIN,veteran_model,True,,False,ACT,,deep_bench,deep_bench_discounted,0.6911111111111111,18.0,1.7777777777777777,1.1111111111111112,12.277777777777779,0.05555555555555555,0.05555555555555555,0.1111111111111111,0.3333333333333333,0.0,0.0,0.0,0.0,0.0,gsis_id,0.6880162765912626,True
00-0040206,QB,2026,1.376509376778701,0.3475622705377889,2.395881429345496,2.985535419270905,0.3647496033214597,1.7262813821415066,0.0824687123186806,0.1219241937579817,22.08060752666397,,,,0.0112650922605156,1.0293517175448283,,False,Riley Leonard,IND,veteran_model,True,,False,ACT,,deep_bench,deep_bench_discounted,0.6911111111111111,18.0,1.6111111111111112,1.0,10.88888888888889,0.05555555555555555,0.05555555555555555,0.2222222222222222,0.8888888888888888,0.0,0.0,0.0,0.0,0.0,name,0.68539826566759,True
00-0040788,WR,2026,1.367823390555758,0.0,3.418746278314205,,,,,,,0.0342287775555281,8.339530605996533,0.6569953292458723,,,1.159407367858875,False,Damien Alford,NO,rookie_rule,True,udfa,False,,,,rookie_path,0.0,18.0,0.0,0.0,0.0,0.0,0.0,0.0,0.0,0.0,0.0,0.0,0.0,0.0,name,1.367823390555758,True
00-0041451,WR,2026,1.367823390555758,0.0,3.418746278314205,,,,,,,0.0342287775555281,8.339530605996533,0.6569953292458723,,,1.159407367858875,False,Brock Rechsteiner,NO,rookie_rule,True,udfa,False,,,,rookie_path,0.0,18.0,0.0,0.0,0.0,0.0,0.0,0.0,0.0,0.0,0.0,0.0,0.0,0.0,name,1.367823390555758,True
COL293648,RB,2026,1.3638180030125724,0.1092,3.0100197963800905,,1.6473773287630753,,,,,0.0137243404324852,2.393515977695842,0.3209810465636257,0.038997767566772,6.476432339656322,0.4214677224066364,False,Jonah Coleman,DEN,rookie_rule,True,drafted,False,,,,rookie_path,3.272222222222222,18.0,0.0,0.0,0.0,0.0,0.0,4.0,16.88888888888889,0.1111111111111111,0.5555555555555556,0.0,4.166666666666667,0.05555555555555555,name,-1.9084042192096498,True
MIL303300,RB,2026,1.3638180030125724,0.1092,3.0100197963800905,,1.6473773287630753,,,,,0.0137243404324852,2.393515977695842,0.3209810465636257,0.038997767566772,6.476432339656322,0.4214677224066364,False,Jam Miller,NE,rookie_rule,True,drafted,False,,,,rookie_path,1.0499999999999998,18.0,0.0,0.0,0.0,0.0,0.0,1.2222222222222223,5.111111111111111,0.05555555555555555,0.16666666666666666,0.0,1.2222222222222223,0.0,name,0.31381800301257257,True
00-0027973,QB,2026,1.352863030475738,0.4024120252845541,2.372235083042533,3.569374038667087,0.2879618011890053,1.959260269261688,0.0849755977584926,0.1252095745271501,23.248657590406857,,,,0.0039855049368947,0.6811659464648038,,False,Andy Dalton,PHI,veteran_model,True,,True,ACT,,deep_bench,deep_bench_discounted,0.6566666666666667,18.0,1.8333333333333333,1.1666666666666667,11.555555555555555,0.05555555555555555,0.05555555555555555,0.1111111111111111,0.2777777777777778,0.0,0.0,0.0,0.0,0.0,gsis_id,0.6961963638090714,True
00-0041491,WR,2026,1.3316420269324325,0.0,3.3283143533408213,,,,,,,0.0333233654565178,8.118935175777418,0.6396166332311675,,,1.1287389790495417,False,Aaron Anderson,CLE,rookie_rule,True,udfa,False,,,,rookie_path,1.3722222222222222,18.0,0.0,0.0,0.0,0.0,0.0,0.0,0.0,0.0,0.6111111111111112,0.0,7.333333333333333,0.05555555555555555,name,-0.04058019528978973,True
00-0040853,TE,2026,1.3258858554960762,0.0,2.9644655394388373,,,,,,,0.0419561514729952,7.22649140741799,0.7029996118326121,,,1.2027836372358742,False,Carson Towt,IND,rookie_rule,True,udfa,False,,,,rookie_path,0.0,18.0,0.0,0.0,0.0,0.0,0.0,0.0,0.0,0.0,0.0,0.0,0.0,0.0,name,1.3258858554960762,True
00-0035100,QB,2026,1.3241617147913065,0.1948563008494156,2.3435337673581014,2.8349851605215104,0.470166830177524,1.8214969093235749,0.1140546563509863,0.1267777118542728,19.35690367644082,,,,0.0210153215211528,1.447921038916381,,False,Jake Browning,TB,veteran_model,True,,True,ACT,,deep_bench,deep_bench_discounted,0.0,18.0,0.0,0.0,0.0,0.0,0.0,0.0,0.0,0.0,0.0,0.0,0.0,0.0,name,1.3241617147913065,True
00-0041011,WR,2026,1.307047511853334,0.0,3.2668426695882524,,,,,,,0.032707905747654,7.968984010548078,0.6278033526252045,,,1.1078919441263877,False,E.J. Williams Jr.,LV,rookie_rule,True,udfa,False,,,,rookie_path,0.0,18.0,0.0,0.0,0.0,0.0,0.0,0.0,0.0,0.0,0.0,0.0,0.0,0.0,name,1.307047511853334,True
00-0041005,WR,2026,1.307047511853334,0.0,3.2668426695882524,,,,,,,0.032707905747654,7.968984010548078,0.6278033526252045,,,1.1078919441263877,False,Corey Rucker,LV,rookie_rule,True,udfa,False,,,,rookie_path,0.0,18.0,0.0,0.0,0.0,0.0,0.0,0.0,0.0,0.0,0.0,0.0,0.0,0.0,name,1.307047511853334,True
00-0041022,WR,2026,1.307047511853334,0.0,3.2668426695882524,,,,,,,0.032707905747654,7.968984010548078,0.6278033526252045,,,1.1078919441263877,False,Jonathan Brady,LV,rookie_rule,True,udfa,False,,,,rookie_path,0.0,18.0,0.0,0.0,0.0,0.0,0.0,0.0,0.0,0.0,0.0,0.0,0.0,0.0,name,1.307047511853334,True
00-0026300,QB,2026,1.282669972262207,0.252689500283255,2.3020420248290008,3.616980634590069,0.3682047799683574,1.7757568764360985,0.1126563771576357,0.1084322576013099,22.14039849674278,,,,0.0107796624450572,1.2395978163218444,,False,Josh Johnson,CIN,veteran_model,True,,True,ACT,,deep_bench,deep_bench_discounted,0.63,18.0,1.5555555555555556,0.9444444444444444,9.777777777777779,0.05555555555555555,0.05555555555555555,0.1111111111111111,0.7222222222222222,0.0,0.0,0.0,0.0,0.0,name,0.652669972262207,True
00-0038400,QB,2026,1.2672196003778544,0.1895151238924387,2.286591652944649,2.5869600874156258,0.4728859635822137,1.647555350677803,0.0471863649762279,0.0968661556224388,18.09093810455474,,,,0.0124078365061062,1.760431646217281,,False,Tanner McKee,PHI,veteran_model,True,,False,ACT,,deep_bench,deep_bench_discounted,0.69,18.0,1.7222222222222223,1.0555555555555556,11.0,0.05555555555555555,0.05555555555555555,0.2222222222222222,0.8333333333333334,0.0,0.0,0.0,0.0,0.0,name,0.5772196003778545,True
00-0041237,TE,2026,1.2653800465888567,0.0,2.8291843727397525,,,,,,,0.0400415138946664,6.896715879340348,0.6709187505736472,,,1.1478955059464009,False,Chase Curtis,NYJ,rookie_rule,True,udfa,False,,,,rookie_path,0.0,18.0,0.0,0.0,0.0,0.0,0.0,0.0,0.0,0.0,0.0,0.0,0.0,0.0,name,1.2653800465888567,True
00-0036898,QB,2026,1.2517139173770302,0.2922903837625678,2.271085969943825,3.8092636163912736,0.3237855725343943,2.415523690733869,0.1012724687337324,0.0960478108058528,22.56122516253043,,,,0.0059234879319975,1.3207767752788169,,False,Davis Mills,HOU,veteran_model,True,,False,ACT,,deep_bench,deep_bench_discounted,0.6688888888888889,18.0,1.8333333333333333,1.1111111111111112,11.722222222222221,0.05555555555555555,0.05555555555555555,0.1111111111111111,0.3333333333333333,0.0,0.0,0.0,0.0,0.0,name,0.5828250284881413,True
00-0041542,WR,2026,1.2499253729239244,0.0,3.1240712407454385,,,,,,,0.0312784660989313,7.620714029810107,0.6003663466986515,,,1.059473537773717,False,Malick Meiga,CAR,rookie_rule,True,udfa,False,,,,rookie_path,0.0,18.0,0.0,0.0,0.0,0.0,0.0,0.0,0.0,0.0,0.0,0.0,0.0,0.0,name,1.2499253729239244,True
00-0041152,WR,2026,1.2499253729239244,0.0,3.1240712407454385,,,,,,,0.0312784660989313,7.620714029810107,0.6003663466986515,,,1.059473537773717,False,Kobe Prentice,CAR,rookie_rule,True,udfa,False,,,,rookie_path,0.0,18.0,0.0,0.0,0.0,0.0,0.0,0.0,0.0,0.0,0.0,0.0,0.0,0.0,name,1.2499253729239244,True
BRE060106,TE,2026,1.2493387921514882,0.3748937206246779,2.3662619282091595,,,,,,,0.0458219399370762,6.5988735904255815,0.6290395869729455,,,0.8840174696740151,False,Max Bredeson,MIN,rookie_rule,True,drafted,False,,,,rookie_path,0.15555555555555556,18.0,0.0,0.0,0.0,0.0,0.0,0.05555555555555555,0.16666666666666666,0.0,0.1111111111111111,0.0,0.8333333333333334,0.0,name,1.0937832365959328,True
00-0033949,QB,2026,1.2334812051547228,0.1461934318561689,2.252853257721518,2.5794722647223485,0.3659125427382402,1.457624280918943,0.0408380871849065,0.1114344372474483,17.007895803647994,,,,0.0089370062995742,1.354817605913777,,False,Joshua Dobbs,NE,veteran_model,True,,False,,,deep_bench,deep_bench_discounted,0.6888888888888889,18.0,1.7222222222222223,1.0555555555555556,10.833333333333334,0.05555555555555555,0.05555555555555555,0.2222222222222222,0.8888888888888888,0.0,0.0,0.0,0.0,0.0,gsis_id,0.5445923162658339,True
00-0037324,QB,2026,1.2311993970739412,0.1909982464519245,2.250571449640736,2.7062827624234105,0.4013684598508028,1.6891720762555456,0.0918061609860745,0.1056111233026204,19.555606342381456,,,,0.0071434598082027,1.672822132911341,,False,Chris Oladokun,KC,veteran_model,True,,False,ACT,,deep_bench,deep_bench_discounted,0.0,18.0,0.0,0.0,0.0,0.0,0.0,0.0,0.0,0.0,0.0,0.0,0.0,0.0,name,1.2311993970739412,True
00-0041004,WR,2026,1.2286246611421343,0.0,3.0708321094129567,,,,,,,0.0307454314027948,7.490844969915193,0.5901351514676921,,,1.041418427478804,False,Chase Roberts,LV,rookie_rule,True,udfa,False,,,,rookie_path,0.2833333333333333,18.0,0.0,0.0,0.0,0.0,0.0,0.0,0.0,0.0,0.16666666666666666,0.0,2.0,0.0,name,0.945291327808801,True
00-0041207,TE,2026,1.2257940161982832,0.0,2.740676434858382,,,,,,,0.0387888589391913,6.680959668286843,0.6499297914689021,,,1.111984850877915,False,Ethan Conner,JAX,rookie_rule,True,udfa,False,,,,rookie_path,0.0,18.0,0.0,0.0,0.0,0.0,0.0,0.0,0.0,0.0,0.0,0.0,0.0,0.0,name,1.2257940161982832,True
00-0031503,QB,2026,1.215167755844488,0.2024429673186131,2.234539808411282,3.50825744859767,0.4593387814717072,1.8849582508143683,0.0825474790186801,0.0960173939742914,19.378790265678948,,,,0.0075562162976863,1.757042295714068,,False,Jameis Winston,NYG,veteran_model,True,,False,ACT,,deep_bench,deep_bench_discounted,0.7144444444444444,18.0,1.7777777777777777,1.1111111111111112,11.88888888888889,0.05555555555555555,0.05555555555555555,0.16666666666666666,0.7222222222222222,0.0,0.0,0.0,0.0,0.0,gsis_id,0.5007233114000436,True
00-0041241,RB,2026,1.2070626156298054,0.0479999999999999,2.8649285714285724,,1.4305293908818248,,,,,0.008153405924704,2.040170170149886,0.2794639178716258,0.0410896158157821,5.678555092360873,0.3693637042470714,False,Kentrel Bullock,CIN,rookie_rule,True,udfa,False,,,,rookie_path,0.0,18.0,0.0,0.0,0.0,0.0,0.0,0.0,0.0,0.0,0.0,0.0,0.0,0.0,name,1.2070626156298054,True
00-0041157,RB,2026,1.2070626156298054,0.0479999999999999,2.8649285714285724,,1.4305293908818248,,,,,0.008153405924704,2.040170170149886,0.2794639178716258,0.0410896158157821,5.678555092360873,0.3693637042470714,False,Anthony Hankerson,MIA,rookie_rule,True,udfa,False,,,,rookie_path,0.0,18.0,0.0,0.0,0.0,0.0,0.0,0.0,0.0,0.0,0.0,0.0,0.0,0.0,name,1.2070626156298054,True
00-0041244,RB,2026,1.2070626156298054,0.0479999999999999,2.8649285714285724,,1.4305293908818248,,,,,0.008153405924704,2.040170170149886,0.2794639178716258,0.0410896158157821,5.678555092360873,0.3693637042470714,False,Jamal Haynes,CIN,rookie_rule,True,udfa,False,,,,rookie_path,0.47777777777777775,18.0,0.0,0.0,0.0,0.0,0.0,0.8333333333333334,3.5,0.0,0.1111111111111111,0.0,0.7222222222222222,0.0,name,0.7292848378520277,True
00-0041139,RB,2026,1.2070626156298054,0.0479999999999999,2.8649285714285724,,1.4305293908818248,,,,,0.008153405924704,2.040170170149886,0.2794639178716258,0.0410896158157821,5.678555092360873,0.3693637042470714,False,Damon Bankston,NYG,rookie_rule,True,udfa,False,,,,rookie_path,0.0,18.0,0.0,0.0,0.0,0.0,0.0,0.0,0.0,0.0,0.0,0.0,0.0,0.0,name,1.2070626156298054,True
00-0041165,RB,2026,1.2070626156298054,0.0479999999999999,2.8649285714285724,,1.4305293908818248,,,,,0.008153405924704,2.040170170149886,0.2794639178716258,0.0410896158157821,5.678555092360873,0.3693637042470714,False,Coleman Bennett,CHI,rookie_rule,True,udfa,False,,,,rookie_path,0.0,18.0,0.0,0.0,0.0,0.0,0.0,0.0,0.0,0.0,0.0,0.0,0.0,0.0,name,1.2070626156298054,True
00-0041161,RB,2026,1.2070626156298054,0.0479999999999999,2.8649285714285724,,1.4305293908818248,,,,,0.008153405924704,2.040170170149886,0.2794639178716258,0.0410896158157821,5.678555092360873,0.3693637042470714,False,Le'Veon Moss,MIA,rookie_rule,True,udfa,False,,,,rookie_path,0.0,18.0,0.0,0.0,0.0,0.0,0.0,0.0,0.0,0.0,0.0,0.0,0.0,0.0,name,1.2070626156298054,True
00-0040937,RB,2026,1.2070626156298054,0.0479999999999999,2.8649285714285724,,1.4305293908818248,,,,,0.008153405924704,2.040170170149886,0.2794639178716258,0.0410896158157821,5.678555092360873,0.3693637042470714,False,Dominic Richardson,DAL,rookie_rule,True,udfa,False,,,,rookie_path,0.0,18.0,0.0,0.0,0.0,0.0,0.0,0.0,0.0,0.0,0.0,0.0,0.0,0.0,name,1.2070626156298054,True
00-0041436,RB,2026,1.2070626156298054,0.0479999999999999,2.8649285714285724,,1.4305293908818248,,,,,0.008153405924704,2.040170170149886,0.2794639178716258,0.0410896158157821,5.678555092360873,0.3693637042470714,False,DJ Herman,MIA,rookie_rule,True,udfa,False,,,,rookie_path,,,,,,,,,,,,,,,unmatched,,False
00-0041376,RB,2026,1.2070626156298054,0.0479999999999999,2.8649285714285724,,1.4305293908818248,,,,,0.008153405924704,2.040170170149886,0.2794639178716258,0.0410896158157821,5.678555092360873,0.3693637042470714,False,Gregory Desrosiers,LAC,rookie_rule,True,udfa,False,,,,rookie_path,0.0,18.0,0.0,0.0,0.0,0.0,0.0,0.0,0.0,0.0,0.0,0.0,0.0,0.0,name,1.2070626156298054,True
00-0041231,RB,2026,1.2070626156298054,0.0479999999999999,2.8649285714285724,,1.4305293908818248,,,,,0.008153405924704,2.040170170149886,0.2794639178716258,0.0410896158157821,5.678555092360873,0.3693637042470714,False,Lincoln Pare,IND,rookie_rule,True,udfa,False,,,,rookie_path,0.0,18.0,0.0,0.0,0.0,0.0,0.0,0.0,0.0,0.0,0.0,0.0,0.0,0.0,name,1.2070626156298054,True
00-0041221,RB,2026,1.2070626156298054,0.0479999999999999,2.8649285714285724,,1.4305293908818248,,,,,0.008153405924704,2.040170170149886,0.2794639178716258,0.0410896158157821,5.678555092360873,0.3693637042470714,False,Jackson Acker,BUF,rookie_rule,True,udfa,False,,,,rookie_path,,,,,,,,,,,,,,,unmatched,,False
00-0041281,RB,2026,1.2070626156298054,0.0479999999999999,2.8649285714285724,,1.4305293908818248,,,,,0.008153405924704,2.040170170149886,0.2794639178716258,0.0410896158157821,5.678555092360873,0.3693637042470714,False,TJ Harden,CLE,rookie_rule,True,udfa,False,,,,rookie_path,0.0,18.0,0.0,0.0,0.0,0.0,0.0,0.0,0.0,0.0,0.0,0.0,0.0,0.0,name,1.2070626156298054,True
00-0041277,RB,2026,1.2070626156298054,0.0479999999999999,2.8649285714285724,,1.4305293908818248,,,,,0.008153405924704,2.040170170149886,0.2794639178716258,0.0410896158157821,5.678555092360873,0.3693637042470714,False,Davon Booth,CLE,rookie_rule,True,udfa,False,,,,rookie_path,0.0,18.0,0.0,0.0,0.0,0.0,0.0,0.0,0.0,0.0,0.0,0.0,0.0,0.0,name,1.2070626156298054,True
00-0041273,RB,2026,1.2070626156298054,0.0479999999999999,2.8649285714285724,,1.4305293908818248,,,,,0.008153405924704,2.040170170149886,0.2794639178716258,0.0410896158157821,5.678555092360873,0.3693637042470714,False,Desmond Reid,BUF,rookie_rule,True,udfa,False,,,,rookie_path,1.2944444444444445,18.0,0.0,0.0,0.0,0.0,0.0,1.6111111111111112,6.777777777777778,0.05555555555555555,0.2222222222222222,0.0,1.7222222222222223,0.0,name,-0.08738182881463907,True
00-0041323,RB,2026,1.2070626156298054,0.0479999999999999,2.8649285714285724,,1.4305293908818248,,,,,0.008153405924704,2.040170170149886,0.2794639178716258,0.0410896158157821,5.678555092360873,0.3693637042470714,False,Myles Montgomery,NE,rookie_rule,True,udfa,False,,,,rookie_path,0.0,18.0,0.0,0.0,0.0,0.0,0.0,0.0,0.0,0.0,0.0,0.0,0.0,0.0,name,1.2070626156298054,True
00-0041486,RB,2026,1.2070626156298054,0.0479999999999999,2.8649285714285724,,1.4305293908818248,,,,,0.008153405924704,2.040170170149886,0.2794639178716258,0.0410896158157821,5.678555092360873,0.3693637042470714,False,Anderson Castle,IND,rookie_rule,True,udfa,False,,,,rookie_path,0.0,18.0,0.0,0.0,0.0,0.0,0.0,0.0,0.0,0.0,0.0,0.0,0.0,0.0,name,1.2070626156298054,True
00-0041415,RB,2026,1.2070626156298054,0.0479999999999999,2.8649285714285724,,1.4305293908818248,,,,,0.008153405924704,2.040170170149886,0.2794639178716258,0.0410896158157821,5.678555092360873,0.3693637042470714,False,Dean Connors,LA,rookie_rule,True,udfa,False,,,,rookie_path,0.41111111111111115,18.0,0.0,0.0,0.0,0.0,0.0,0.6111111111111112,2.5555555555555554,0.0,0.1111111111111111,0.0,1.0,0.0,name,0.7959515045186942,True
00-0041350,RB,2026,1.2070626156298054,0.0479999999999999,2.8649285714285724,,1.4305293908818248,,,,,0.008153405924704,2.040170170149886,0.2794639178716258,0.0410896158157821,5.678555092360873,0.3693637042470714,False,Kejon Owens,MIN,rookie_rule,True,udfa,False,,,,rookie_path,0.0,18.0,0.0,0.0,0.0,0.0,0.0,0.0,0.0,0.0,0.0,0.0,0.0,0.0,name,1.2070626156298054,True
00-0029263,QB,2026,1.1879450607364122,0.1734359405099476,2.207317113303207,2.4355558455228383,0.4190819311657845,1.6074780875123609,0.0746805502179444,0.1064733643252811,18.26026815542553,,,,0.0072151064761467,1.377113387972753,,False,Russell Wilson,NYG,veteran_model,True,,False,,,deep_bench,deep_bench_discounted,0.0,18.0,0.0,0.0,0.0,0.0,0.0,0.0,0.0,0.0,0.0,0.0,0.0,0.0,gsis_id,1.1879450607364122,True
00-0033040,WR,2026,1.1869551071013986,0.3080198180725439,3.136672531035784,,,,,,,0.0469029801533799,6.25926906330198,0.5592206397018421,,,0.9251596538074348,False,Tyreek Hill,MIA,veteran_model,True,,False,,,deep_bench,deep_bench_discounted,4.288888888888889,18.0,0.0,0.0,0.0,0.0,0.0,0.05555555555555555,0.2777777777777778,0.0,1.8333333333333333,0.0,23.444444444444443,0.16666666666666666,gsis_id,-3.10193378178749,True
00-0032434,QB,2026,1.1862626660835862,0.215926785522992,2.205634718650381,2.9626336978541588,0.386131707739676,1.7602212827293824,0.1079763933931521,0.1216763446449714,20.08988936631865,,,,0.0020174655613194,0.9980970626934232,,False,Brandon Allen,NYG,veteran_model,True,,True,ACT,,deep_bench,deep_bench_discounted,0.0,18.0,0.0,0.0,0.0,0.0,0.0,0.0,0.0,0.0,0.0,0.0,0.0,0.0,gsis_id,1.1862626660835862,True
00-0035993,QB,2026,1.181491276990695,0.140474800585836,2.2008633295574898,2.125562227649505,0.7280875124383044,1.130234859630265,0.0362661982671408,0.0700549763057809,14.998626757760864,,,,0.0128723034672423,2.966248771879645,,False,Tyler Huntley,BAL,veteran_model,True,,False,ACT,,deep_bench,deep_bench_discounted,0.7044444444444444,18.0,1.5555555555555556,1.0,10.11111111111111,0.05555555555555555,0.05555555555555555,0.2222222222222222,1.3333333333333333,0.0,0.0,0.0,0.0,0.0,name,0.47704683254625047,True
00-0039847,TE,2026,1.1728395898997324,0.3937598934020841,2.861819168756866,,,,,,,0.0499921446328004,5.902793520737565,0.5652147400583468,,,0.7540200613950714,False,Theo Johnson,NYG,veteran_model,True,,False,ACT,2.0,backup,curated,3.4166666666666665,18.0,0.0,0.0,0.0,0.0,0.0,0.0,0.0,0.0,1.7222222222222223,0.0,18.88888888888889,0.1111111111111111,name,-2.243827076766934,True
00-0040704,QB,2026,1.172640250433244,0.1797979597119999,2.192012303000039,2.9814133545275943,0.3924484465873111,1.8560479703060204,0.0718970844302619,0.1109383136643538,18.28014534609271,,,,0.0073240566202326,0.9753101107124844,,False,Dillon Gabriel,CLE,veteran_model,True,,False,ACT,,deep_bench,deep_bench_discounted,0.6588888888888889,18.0,1.6666666666666667,1.0555555555555556,10.5,0.05555555555555555,0.05555555555555555,0.1111111111111111,0.7222222222222222,0.0,0.0,0.0,0.0,0.0,name,0.5137513615443552,True
00-0039391,RB,2026,1.1583732446448969,0.4696346079959902,2.569024657292485,,1.317414896167943,,,,,0.0059386122914796,1.2991774300500274,0.1969981311843381,0.0536762020796059,5.722675498212118,0.264176345917606,False,Kimani Vidal,LAC,veteran_model,True,,False,ACT,,deep_bench,deep_bench_discounted,2.9444444444444446,18.0,0.0,0.0,0.0,0.0,0.0,3.3333333333333335,13.5,0.1111111111111111,0.7777777777777778,0.0,5.388888888888889,0.0,name,-1.7860711997995478,True
00-0041536,WR,2026,1.153041205261879,0.0,2.881918350314454,,,,,,,0.0288540108319328,7.030017535633442,0.553830773413876,,,0.9773516654678122,False,Kyre Duplessis,DET,rookie_rule,True,udfa,False,,,,rookie_path,0.0,18.0,0.0,0.0,0.0,0.0,0.0,0.0,0.0,0.0,0.0,0.0,0.0,0.0,name,1.153041205261879,True
BEN687044,TE,2026,1.1352639403096898,0.3406628571428571,2.1502028571428573,,,,,,,0.0416380219780219,5.99634245004995,0.571603126873127,,,0.8032994430569431,False,Dallen Bentley,DEN,rookie_rule,True,drafted,False,,,,rookie_path,0.0,18.0,0.0,0.0,0.0,0.0,0.0,0.0,0.0,0.0,0.0,0.0,0.0,0.0,name,1.1352639403096898,True
END438361,TE,2026,1.1352639403096898,0.3406628571428571,2.1502028571428573,,,,,,,0.0416380219780219,5.99634245004995,0.571603126873127,,,0.8032994430569431,False,Jack Endries,CIN,rookie_rule,True,drafted,False,,,,rookie_path,2.3777777777777778,18.0,0.0,0.0,0.0,0.0,0.0,0.0,0.0,0.0,1.1666666666666667,0.0,11.277777777777779,0.1111111111111111,name,-1.242513837468088,True
KLA269938,TE,2026,1.129523175413778,0.2690909090909091,2.2350000000000003,,,,,,,0.0475485179574132,5.715868709243888,0.5452903934898196,,,0.8247112267216283,False,Max Klare,LA,rookie_rule,True,drafted,False,,,,rookie_path,2.5055555555555555,18.0,0.0,0.0,0.0,0.0,0.0,0.0,0.0,0.0,1.2222222222222223,0.0,12.277777777777779,0.1111111111111111,name,-1.3760323801417775,True
00-0038582,QB,2026,1.124974770755716,0.1461859009291189,2.1443468233225107,2.509840928122608,0.3812534089373481,1.4517530819349365,0.0507331165971397,0.0842200167504162,17.007707530471745,,,,0.009163905250966,1.5426920422366488,,False,Clayton Tune,GB,veteran_model,True,,False,,,deep_bench,deep_bench_discounted,0.6888888888888889,18.0,1.7222222222222223,1.0555555555555556,10.833333333333334,0.05555555555555555,0.05555555555555555,0.2222222222222222,0.8888888888888888,0.0,0.0,0.0,0.0,0.0,name,0.4360858818668272,True
00-0039164,QB,2026,1.123298109376067,0.1903759206029053,2.142670161942862,1.8053961099787748,0.84371165684605,1.0892824503847682,0.035656370447851,0.0728866186809247,10.42300821891058,,,,0.0122992299276549,4.123486672257176,,False,Anthony Richardson,IND,veteran_model,True,,False,ACT,2.0,backup,curated,1.1844444444444444,18.0,1.5555555555555556,0.8888888888888888,10.722222222222221,0.05555555555555555,0.05555555555555555,0.4444444444444444,2.5555555555555554,0.05555555555555555,0.0,0.0,0.0,0.0,name,-0.06114633506837741,True
00-0040494,QB,2026,1.1150637244980608,0.1730004190213973,2.1344357770648554,2.7031243755004315,0.4155119295279413,1.4064832575279416,0.0702044814574787,0.0961481946647646,18.02557668018849,,,,0.0100937218076641,0.8929451070043561,,False,Max Brosmer,MIN,veteran_model,True,,False,ACT,,deep_bench,deep_bench_discounted,0.0,18.0,0.0,0.0,0.0,0.0,0.0,0.0,0.0,0.0,0.0,0.0,0.0,0.0,name,1.1150637244980608,True
BEL597603,WR,2026,1.095323278359341,0.18036,2.3712282692307687,,,,,,,0.0372241865754566,6.080604871398655,0.527835343533472,,,0.8956353106786262,False,Skyler Bell,BUF,rookie_rule,True,drafted,False,,,,rookie_path,4.233333333333333,18.0,0.0,0.0,0.0,0.0,0.0,0.05555555555555555,0.3888888888888889,0.0,1.7777777777777777,0.0,23.055555555555557,0.16666666666666666,name,-3.1380100549739924,True
00-0030279,WR,2026,1.0944426650976171,0.2699617023166035,3.044160089032004,,,,,,,0.0398397059277481,5.714725800823576,0.5678636988975426,,,0.9035213038860332,False,Keenan Allen,LAC,veteran_model,True,,False,,,deep_bench,deep_bench_discounted,4.222222222222222,18.0,0.0,0.0,0.0,0.0,0.0,0.0,0.0,0.0,2.111111111111111,0.0,21.666666666666668,0.16666666666666666,gsis_id,-3.1277795571246054,True
00-0034771,QB,2026,1.0808932247104206,0.1366710729515607,2.100265277277215,3.582932091859787,0.3409473024996522,1.803827676720256,0.0808101758809141,0.0992253643112941,17.64762774961434,,,,0.0067229192196297,0.993694939247204,,False,Mason Rudolph,PIT,veteran_model,True,,False,ACT,2.0,backup,curated,0.6488888888888888,18.0,1.7777777777777777,1.1111111111111112,11.222222222222221,0.05555555555555555,0.05555555555555555,0.1111111111111111,0.3333333333333333,0.0,0.0,0.0,0.0,0.0,gsis_id,0.43200433582153175,True
00-0041366,TE,2026,1.0619107509984247,0.0,2.3742600573385184,,,,,,,0.0336029592102575,5.787744763793213,0.5630370387151167,,,0.963317370202946,False,Jameson Geers,ARI,rookie_rule,True,udfa,False,,,,rookie_path,0.0,18.0,0.0,0.0,0.0,0.0,0.0,0.0,0.0,0.0,0.0,0.0,0.0,0.0,name,1.0619107509984247,True
00-0041356,WR,2026,1.0580396069843985,0.0,2.6444707654964503,,,,,,,0.0264766654836139,6.450798945043519,0.5081994391567264,,,0.8968255143858902,False,Luke Wysong,MIN,rookie_rule,True,udfa,False,,,,rookie_path,0.0,18.0,0.0,0.0,0.0,0.0,0.0,0.0,0.0,0.0,0.0,0.0,0.0,0.0,name,1.0580396069843985,True
00-0040970,WR,2026,1.0580396069843985,0.0,2.6444707654964503,,,,,,,0.0264766654836139,6.450798945043519,0.5081994391567264,,,0.8968255143858902,False,Michael Briscoe,MIN,rookie_rule,True,udfa,False,,,,rookie_path,0.0,18.0,0.0,0.0,0.0,0.0,0.0,0.0,0.0,0.0,0.0,0.0,0.0,0.0,name,1.0580396069843985,True
00-0041352,WR,2026,1.0580396069843985,0.0,2.6444707654964503,,,,,,,0.0264766654836139,6.450798945043519,0.5081994391567264,,,0.8968255143858902,False,Marcus Sanders Jr.,MIN,rookie_rule,True,udfa,False,,,,rookie_path,0.0,18.0,0.0,0.0,0.0,0.0,0.0,0.0,0.0,0.0,0.0,0.0,0.0,0.0,name,1.0580396069843985,True
00-0041475,WR,2026,1.0580396069843985,0.0,2.6444707654964503,,,,,,,0.0264766654836139,6.450798945043519,0.5081994391567264,,,0.8968255143858902,False,Trayvon Rudolph,MIN,rookie_rule,True,udfa,False,,,,rookie_path,0.0,18.0,0.0,0.0,0.0,0.0,0.0,0.0,0.0,0.0,0.0,0.0,0.0,0.0,name,1.0580396069843985,True
00-0041481,WR,2026,1.0580396069843985,0.0,2.6444707654964503,,,,,,,0.0264766654836139,6.450798945043519,0.5081994391567264,,,0.8968255143858902,False,Terrill Davis,MIN,rookie_rule,True,udfa,False,,,,rookie_path,0.0,18.0,0.0,0.0,0.0,0.0,0.0,0.0,0.0,0.0,0.0,0.0,0.0,0.0,name,1.0580396069843985,True
00-0041342,WR,2026,1.0580396069843985,0.0,2.6444707654964503,,,,,,,0.0264766654836139,6.450798945043519,0.5081994391567264,,,0.8968255143858902,False,Dillon Bell,MIN,rookie_rule,True,udfa,False,,,,rookie_path,0.0,18.0,0.0,0.0,0.0,0.0,0.0,0.0,0.0,0.0,0.0,0.0,0.0,0.0,name,1.0580396069843985,True
JOL735174,TE,2026,1.0511703151015648,0.3154285714285714,1.9909285714285712,,,,,,,0.038553724053724,5.5521689352314345,0.5292621545121545,,,0.7437957806082807,False,Justin Joly,DEN,rookie_rule,True,drafted,False,,,,rookie_path,2.5833333333333335,18.0,0.0,0.0,0.0,0.0,0.0,0.0,0.0,0.0,1.2777777777777777,0.0,12.777777777777779,0.1111111111111111,name,-1.5321630182317687,True
00-0033869,QB,2026,1.0404021335461031,0.1884689221987278,2.059774186112897,3.761862600556837,0.3578848652984688,2.046291183631204,0.0951822682995421,0.0762823209741484,19.66117860172492,,,,0.005506971632337,1.0614841238557489,,False,Mitchell Trubisky,TEN,veteran_model,True,,True,ACT,,deep_bench,deep_bench_discounted,0.6633333333333333,18.0,1.6111111111111112,1.0,10.333333333333334,0.05555555555555555,0.05555555555555555,0.2222222222222222,0.8333333333333334,0.0,0.0,0.0,0.0,0.0,gsis_id,0.3770688002127698,True
00-0039916,WR,2026,1.0296564542848057,0.1612839648623225,2.9793738782191905,,,,,,,0.0352842622081109,6.153641067238264,0.405173548624627,,,0.7085038657707959,False,Ricky Pearsall,SF,veteran_model,True,,False,ACT,,deep_bench,deep_bench_discounted,0.0,18.0,0.0,0.0,0.0,0.0,0.0,0.0,0.0,0.0,0.0,0.0,0.0,0.0,name,1.0296564542848057,True
DAN490797,WR,2026,1.014188220703093,0.1669999999999999,2.1955817307692302,,,,,,,0.034466839421719,5.630189695739495,0.4887364291976591,,,0.8292919543320613,False,CJ Daniels,LA,rookie_rule,True,drafted,False,,,,rookie_path,1.7666666666666666,18.0,0.0,0.0,0.0,0.0,0.0,0.05555555555555555,0.3333333333333333,0.0,0.8333333333333334,0.0,9.833333333333334,0.05555555555555555,name,-0.7524784459635736,True
HEN199637,WR,2026,1.014188220703093,0.1669999999999999,2.1955817307692302,,,,,,,0.034466839421719,5.630189695739495,0.4887364291976591,,,0.8292919543320613,False,Emmanuel Henderson Jr.,SEA,rookie_rule,True,drafted,False,,,,rookie_path,0.0,18.0,0.0,0.0,0.0,0.0,0.0,0.0,0.0,0.0,0.0,0.0,0.0,0.0,name,1.014188220703093,True
SMI038569,WR,2026,1.014188220703093,0.1669999999999999,2.1955817307692302,,,,,,,0.034466839421719,5.630189695739495,0.4887364291976591,,,0.8292919543320613,False,Anthony Smith,DAL,rookie_rule,True,drafted,False,,,,rookie_path,0.0,18.0,0.0,0.0,0.0,0.0,0.0,0.0,0.0,0.0,0.0,0.0,0.0,0.0,name,1.014188220703093,True
00-0035704,QB,2026,0.9991899773654216,0.0918769311042716,2.018562029932216,1.1859154079311052,0.7451825505550161,0.7718267490386492,0.0117402399159374,0.0693397149437306,9.9125843137259,,,,0.0058264245243757,3.1384967772708383,,False,Drew Lock,SEA,veteran_model,True,,False,ACT,,deep_bench,deep_bench_discounted,0.0,18.0,0.0,0.0,0.0,0.0,0.0,0.0,0.0,0.0,0.0,0.0,0.0,0.0,name,0.9991899773654216,True
00-0040234,QB,2026,0.9988595202160764,0.0520039743527193,2.018231572782871,2.7169914737550243,0.3738450223281345,1.5239920811606626,0.0896053239353875,0.0960247031863125,15.970707687366971,,,,0.0079704116470034,1.0732057796490215,,False,Quinn Ewers,MIA,veteran_model,True,,False,ACT,,deep_bench,deep_bench_discounted,0.6888888888888889,18.0,1.7222222222222223,1.0555555555555556,10.833333333333334,0.05555555555555555,0.05555555555555555,0.2222222222222222,0.8888888888888888,0.0,0.0,0.0,0.0,0.0,name,0.3099706313271875,True
00-0038519,WR,2026,0.990883950266708,0.1516218384054125,2.940601374201093,,,,,,,0.0332617395462859,5.862537291626389,0.4101195676527071,,,0.6307200114694539,False,Nikko Remigio,KC,veteran_model,True,,False,ACT,,deep_bench,deep_bench_discounted,0.03333333333333333,18.0,0.0,0.0,0.0,0.0,0.0,0.05555555555555555,0.3333333333333333,0.0,0.0,0.0,0.0,0.0,name,0.9575506169333746,True
00-0039738,RB,2026,0.9817011426109776,0.3073386834737511,2.392352555258566,,1.2889788519918095,,,,,0.0082762553668841,1.0151570704089563,0.17798325418995,0.0330087270417713,5.434839140231745,0.230885111902134,False,Blake Corum,LA,veteran_model,True,,False,ACT,2.0,backup,curated,7.1,18.0,0.0,0.0,0.0,0.0,0.0,9.555555555555555,42.05555555555556,0.3333333333333333,0.8333333333333334,0.0,5.888888888888889,0.0,name,-6.118298857389022,True
00-0037013,QB,2026,0.980301714719493,0.1453638687591459,1.999673767286287,3.20717790355823,0.4008731212909227,2.040093960833783,0.1112194834554098,0.0772748823083043,19.385413023528752,,,,0.0072626040951298,0.7464900688516652,,False,Zach Wilson,NO,veteran_model,True,,True,ACT,,deep_bench,deep_bench_discounted,0.0,18.0,0.0,0.0,0.0,0.0,0.0,0.0,0.0,0.0,0.0,0.0,0.0,0.0,name,0.980301714719493,True
00-0030061,TE,2026,0.9727655280230112,0.2434559771813433,2.661745106880145,,,,,,,0.0292376340925802,5.405092064177763,0.5136610340995075,,,0.7872731612060838,False,Zach Ertz,WAS,veteran_model,True,,False,,,deep_bench,deep_bench_discounted,1.5944444444444443,18.0,0.0,0.0,0.0,0.0,0.0,0.0,0.0,0.0,0.8888888888888888,0.0,8.166666666666666,0.05555555555555555,gsis_id,-0.6216789164214331,True
00-0038102,QB,2026,0.970232396742691,0.1162394835322844,1.9896044493094855,2.646328497774451,0.3548435643314953,1.2378210956654818,0.0654224077246608,0.0865129754378833,16.367449606319767,,,,0.0050767964505825,0.6986654748419366,,False,Kenny Pickett,CAR,veteran_model,True,,True,ACT,,deep_bench,deep_bench_discounted,0.0,18.0,0.0,0.0,0.0,0.0,0.0,0.0,0.0,0.0,0.0,0.0,0.0,0.0,name,0.970232396742691,True
00-0036309,WR,2026,0.9615264447088112,0.1636686507382102,2.9112438686431976,,,,,,,0.0356876352328601,5.44849411271945,0.405102444079411,,,0.6437814891882542,False,Darnell Mooney,NYG,veteran_model,True,,True,ACT,,deep_bench,deep_bench_discounted,2.727777777777778,18.0,0.0,0.0,0.0,0.0,0.0,0.05555555555555555,0.16666666666666666,0.0,1.0555555555555556,0.0,15.166666666666666,0.1111111111111111,name,-1.7662513330689666,True
00-0035289,QB,2026,0.9610523862148208,0.0391701600639726,1.980424438781616,1.3888470575056608,0.6648240986839737,0.9621127381663358,0.045814527622929,0.0822031376457959,9.25681914484026,,,,0.01540886973285,2.6114290668678484,,False,Gardner Minshew,ARI,veteran_model,True,,True,ACT,2.0,backup,curated,1.5533333333333335,18.0,3.3333333333333335,2.111111111111111,21.88888888888889,0.16666666666666666,0.1111111111111111,0.3333333333333333,1.2222222222222223,0.0,0.0,0.0,0.0,0.0,name,-0.5922809471185126,True
00-0038611,RB,2026,0.956831597827268,0.3503674970816803,2.3674830104748583,,1.420711624610184,,,,,0.0016451140279364,0.7340419668294379,0.1614665756051536,0.0470207204447027,5.106991065059129,0.2091068503033414,False,Chris Rodriguez Jr.,JAX,veteran_model,True,,True,ACT,2.0,backup,curated,6.944444444444445,18.0,0.0,0.0,0.0,0.0,0.0,9.5,40.44444444444444,0.3333333333333333,0.8333333333333334,0.0,5.944444444444445,0.0,name,-5.987612846617177,True
00-0039373,RB,2026,0.9426560892900744,0.2857959814175135,2.3533075019376635,,1.0452206451328627,,,,,0.0062048547908659,0.9644175923233986,0.1615524229748893,0.0371745856136037,5.051614761434721,0.1716040269615388,False,Audric Estimé,NO,veteran_model,True,,False,ACT,,deep_bench,deep_bench_discounted,,,,,,,,,,,,,,,unmatched,,False
00-0039398,QB,2026,0.9386576103028296,0.1041863565431242,1.958029662869624,2.573907329328995,0.4498665099417033,1.6206270603028563,0.0690119173871831,0.0705856595751539,16.245596914716874,,,,0.010137747310229,0.8368844632653124,,False,Joe Milton III,DAL,veteran_model,True,,False,ACT,,deep_bench,deep_bench_discounted,0.6888888888888889,18.0,1.7222222222222223,1.0555555555555556,10.833333333333334,0.05555555555555555,0.05555555555555555,0.2222222222222222,0.8888888888888888,0.0,0.0,0.0,0.0,0.0,name,0.2497687214139407,True
00-0041535,TE,2026,0.9345382635370288,0.0,2.089475851981234,,,,,,,0.029572401560615,5.093524984341046,0.4955027114784683,,,0.8477708145793639,False,Louis Hansen,HOU,rookie_rule,True,udfa,False,,,,rookie_path,0.0,18.0,0.0,0.0,0.0,0.0,0.0,0.0,0.0,0.0,0.0,0.0,0.0,0.0,name,0.9345382635370288,True
00-0040202,RB,2026,0.9060731258065524,0.261107974765616,2.316724538454142,,1.1721489299906214,,,,,0.0051227383381276,1.2012198197080144,0.1813419339869742,0.0272606357647237,5.009799322251562,0.21516680856915,False,Devin Neal,NO,veteran_model,True,,False,ACT,,deep_bench,deep_bench_discounted,1.5777777777777777,18.0,0.0,0.0,0.0,0.0,0.0,2.1666666666666665,8.88888888888889,0.05555555555555555,0.3888888888888889,0.0,2.7222222222222223,0.0,name,-0.6717046519712253,True
00-0037012,QB,2026,0.90259012166026,0.0,1.9219621742270552,2.834085389984708,0.5804296345133225,1.5547080506131483,0.0599962489848438,0.05613563190309,11.347953957682272,,,,0.0210038469399489,2.180988520706033,,False,Trey Lance,LAC,veteran_model,True,,False,ACT,,deep_bench,deep_bench_discounted,0.8122222222222222,18.0,1.6111111111111112,1.0,10.166666666666666,0.05555555555555555,0.05555555555555555,0.4444444444444444,2.388888888888889,0.0,0.0,0.0,0.0,0.0,name,0.0903678994380378,True
00-0034791,RB,2026,0.8934977358700775,0.1961828211769381,2.304149148517667,,1.148943157955563,,,,,0.0047749432874721,1.5479932790457405,0.191598183025702,0.0305538337684509,4.309266541171144,0.2324331853173556,False,Nick Chubb,HOU,veteran_model,True,,False,,,deep_bench,deep_bench_discounted,1.411111111111111,18.0,0.0,0.0,0.0,0.0,0.0,1.9444444444444444,7.666666666666667,0.05555555555555555,0.2777777777777778,0.0,1.7222222222222223,0.0,gsis_id,-0.5176133752410335,True
00-0036893,RB,2026,0.8895668617080795,0.2666680576850306,2.3002182743556685,,1.1852258107069251,,,,,0.0028686365418194,0.8249776487710698,0.153448683962864,0.0344712331029233,5.063055369810844,0.1988032653346748,False,Najee Harris,LAC,veteran_model,True,,False,,,deep_bench,deep_bench_discounted,1.3222222222222222,18.0,0.0,0.0,0.0,0.0,0.0,1.6666666666666667,6.5,0.05555555555555555,0.2777777777777778,0.0,2.0,0.0,name,-0.43265536051414266,True
00-0041327,TE,2026,0.886096850925034,0.0,1.981168716962988,,,,,,,0.0280395280959122,4.829504178513236,0.4698185289964744,,,0.8038269575627284,False,Cody Hardy,NO,rookie_rule,True,udfa,False,,,,rookie_path,0.0,18.0,0.0,0.0,0.0,0.0,0.0,0.0,0.0,0.0,0.0,0.0,0.0,0.0,name,0.886096850925034,True
00-0040198,RB,2026,0.8784519027103368,0.2699300669091172,2.289103315357925,,1.182015872045786,,,,,0.0055258330551945,1.3632216705643647,0.1879557652747357,0.0180836243267648,5.064951087247766,0.2236154237286019,False,Ollie Gordon II,MIA,veteran_model,True,,False,ACT,2.0,backup,curated,1.2055555555555555,18.0,0.0,0.0,0.0,0.0,0.0,1.6666666666666667,6.666666666666667,0.05555555555555555,0.16666666666666666,0.0,1.2222222222222223,0.0,name,-0.3271036528452187,True
00-0037197,RB,2026,0.8689331925299645,0.2260545004718804,2.279584605177554,,1.0439756353614489,,,,,0.0008448647178937,1.1462028385569634,0.1770800462823886,0.041486236757908,4.117862766782636,0.2172061466085931,False,Isiah Pacheco,DET,veteran_model,True,,True,ACT,2.0,backup,curated,2.7,18.0,0.0,0.0,0.0,0.0,0.0,3.7222222222222223,14.61111111111111,0.1111111111111111,0.5555555555555556,0.0,4.055555555555555,0.0,name,-1.8310668074700356,True
00-0037157,RB,2026,0.8567926091924678,0.1857273588354577,2.267444021840057,,1.1375590818959709,,,,,0.0096278413621561,1.336154742660397,0.22485992921736,0.02531185277417,4.011090054997914,0.2727457069147941,False,Bam Knight,ARI,veteran_model,True,,False,ACT,,deep_bench,deep_bench_discounted,,,,,,,,,,,,,,,unmatched,,False
00-0039794,RB,2026,0.855646820787771,0.1948228622765311,2.26629823343536,,1.0753299272970644,,,,,0.0079484488599205,1.2718321302838071,0.1590960311406234,0.0259011879783848,4.458177711592468,0.1967500317510745,False,Braelon Allen,NYJ,veteran_model,True,,False,ACT,2.0,backup,curated,2.6222222222222222,18.0,0.0,0.0,0.0,0.0,0.0,3.1666666666666665,12.944444444444445,0.1111111111111111,0.5555555555555556,0.0,3.8333333333333335,0.0,name,-1.7665754014344512,True
00-0034577,QB,2026,0.8467669521622675,0.013718077473097,1.8661390047290616,2.443423233503041,0.3858929833253655,1.3741471788122628,0.0524220887707673,0.0831785344481788,13.696011944071197,,,,0.00237343966227,0.5681587617461908,,False,Kyle Allen,BUF,veteran_model,True,,True,ACT,,deep_bench,deep_bench_discounted,0.6666666666666666,18.0,1.7222222222222223,1.0555555555555556,10.833333333333334,0.05555555555555555,0.05555555555555555,0.1111111111111111,0.6666666666666666,0.0,0.0,0.0,0.0,0.0,gsis_id,0.18010028549560086,True
00-0041016,TE,2026,0.8467253099042747,0.0,1.8931403424940751,,,,,,,0.0267936604128497,4.614917001416555,0.4489432945710421,,,0.7681108775425428,False,Patrick Gurd,LV,rookie_rule,True,udfa,False,,,,rookie_path,0.0,18.0,0.0,0.0,0.0,0.0,0.0,0.0,0.0,0.0,0.0,0.0,0.0,0.0,name,0.8467253099042747,True
00-0033923,RB,2026,0.8432359247666321,0.1977678418858602,2.2538873374142216,,1.2533433643436325,,,,,0.0017039556794174,1.1623560846367915,0.1975882747003756,0.0314109693145935,4.295166289886997,0.2829781890568468,False,Kareem Hunt,KC,veteran_model,True,,False,,,deep_bench,deep_bench_discounted,1.261111111111111,18.0,0.0,0.0,0.0,0.0,0.0,1.9444444444444444,7.222222222222222,0.05555555555555555,0.16666666666666666,0.0,1.2222222222222223,0.0,gsis_id,-0.41787518634447895,True
00-0033662,QB,2026,0.8292928041924484,0.0623931170401406,1.8486648567592432,3.1065902975264503,0.3606354959815276,1.4251840136500884,0.0685739946045483,0.0522315124136223,15.178869788010552,,,,0.0057942893106337,1.1559421636283165,,False,Cooper Rush,BAL,veteran_model,True,,False,,,deep_bench,deep_bench_discounted,0.0,18.0,0.0,0.0,0.0,0.0,0.0,0.0,0.0,0.0,0.0,0.0,0.0,0.0,gsis_id,0.8292928041924484,True
00-0040388,WR,2026,0.8174910076359013,0.0869841131705717,2.7672084315702867,,,,,,,0.0151057611735515,5.373326883254156,0.3790475045383535,,,0.5203316302197288,False,Jakobie Keeney-James,GB,veteran_model,True,,False,ACT,,deep_bench,deep_bench_discounted,0.0,18.0,0.0,0.0,0.0,0.0,0.0,0.0,0.0,0.0,0.0,0.0,0.0,0.0,name,0.8174910076359013,True
00-0041299,WR,2026,0.8110567744037567,0.0,2.0271603396603397,,,,,,,0.0202961011689459,4.944960614098545,0.3895682119604534,,,0.6874755955251645,False,Cameron Ross,DEN,rookie_rule,True,udfa,False,,,,rookie_path,0.0,18.0,0.0,0.0,0.0,0.0,0.0,0.0,0.0,0.0,0.0,0.0,0.0,0.0,name,0.8110567744037567,True
00-0041476,WR,2026,0.8110567744037567,0.0,2.0271603396603397,,,,,,,0.0202961011689459,4.944960614098545,0.3895682119604534,,,0.6874755955251645,False,Rashad Rochelle,SEA,rookie_rule,True,udfa,False,,,,rookie_path,0.0,18.0,0.0,0.0,0.0,0.0,0.0,0.0,0.0,0.0,0.0,0.0,0.0,0.0,name,0.8110567744037567,True
00-0041516,WR,2026,0.8110567744037567,0.0,2.0271603396603397,,,,,,,0.0202961011689459,4.944960614098545,0.3895682119604534,,,0.6874755955251645,False,Romello Brinson,DAL,rookie_rule,True,udfa,False,,,,rookie_path,0.0,18.0,0.0,0.0,0.0,0.0,0.0,0.0,0.0,0.0,0.0,0.0,0.0,0.0,name,0.8110567744037567,True
00-0041292,WR,2026,0.8110567744037567,0.0,2.0271603396603397,,,,,,,0.0202961011689459,4.944960614098545,0.3895682119604534,,,0.6874755955251645,False,Kolbe Katsis,DEN,rookie_rule,True,udfa,False,,,,rookie_path,0.0,18.0,0.0,0.0,0.0,0.0,0.0,0.0,0.0,0.0,0.0,0.0,0.0,0.0,name,0.8110567744037567,True
00-0041272,WR,2026,0.8110567744037567,0.0,2.0271603396603397,,,,,,,0.0202961011689459,4.944960614098545,0.3895682119604534,,,0.6874755955251645,False,Ja'Mori Maclin,BUF,rookie_rule,True,udfa,False,,,,rookie_path,0.0,18.0,0.0,0.0,0.0,0.0,0.0,0.0,0.0,0.0,0.0,0.0,0.0,0.0,name,0.8110567744037567,True
00-0041294,WR,2026,0.8110567744037567,0.0,2.0271603396603397,,,,,,,0.0202961011689459,4.944960614098545,0.3895682119604534,,,0.6874755955251645,False,Joseph Manjack,DEN,rookie_rule,True,udfa,False,,,,rookie_path,0.0,18.0,0.0,0.0,0.0,0.0,0.0,0.0,0.0,0.0,0.0,0.0,0.0,0.0,name,0.8110567744037567,True
00-0041293,WR,2026,0.8110567744037567,0.0,2.0271603396603397,,,,,,,0.0202961011689459,4.944960614098545,0.3895682119604534,,,0.6874755955251645,False,Dane Key,DEN,rookie_rule,True,udfa,False,,,,rookie_path,0.2833333333333333,18.0,0.0,0.0,0.0,0.0,0.0,0.0,0.0,0.0,0.16666666666666666,0.0,2.0,0.0,name,0.5277234410704233,True
00-0041248,WR,2026,0.8110567744037567,0.0,2.0271603396603397,,,,,,,0.0202961011689459,4.944960614098545,0.3895682119604534,,,0.6874755955251645,False,Noah Thomas,CIN,rookie_rule,True,udfa,False,,,,rookie_path,0.2833333333333333,18.0,0.0,0.0,0.0,0.0,0.0,0.0,0.0,0.0,0.16666666666666666,0.0,2.0,0.0,name,0.5277234410704233,True
00-0041222,WR,2026,0.8110567744037567,0.0,2.0271603396603397,,,,,,,0.0202961011689459,4.944960614098545,0.3895682119604534,,,0.6874755955251645,False,Gabriel Benyard,BUF,rookie_rule,True,udfa,False,,,,rookie_path,0.0,18.0,0.0,0.0,0.0,0.0,0.0,0.0,0.0,0.0,0.0,0.0,0.0,0.0,name,0.8110567744037567,True
00-0040930,WR,2026,0.8110567744037567,0.0,2.0271603396603397,,,,,,,0.0202961011689459,4.944960614098545,0.3895682119604534,,,0.6874755955251645,False,Camden Brown,DAL,rookie_rule,True,udfa,False,,,,rookie_path,0.0,18.0,0.0,0.0,0.0,0.0,0.0,0.0,0.0,0.0,0.0,0.0,0.0,0.0,name,0.8110567744037567,True
00-0040785,WR,2026,0.8110567744037567,0.0,2.0271603396603397,,,,,,,0.0202961011689459,4.944960614098545,0.3895682119604534,,,0.6874755955251645,False,Dohnte Meyers,CIN,rookie_rule,True,udfa,False,,,,rookie_path,0.0,18.0,0.0,0.0,0.0,0.0,0.0,0.0,0.0,0.0,0.0,0.0,0.0,0.0,name,0.8110567744037567,True
00-0040934,WR,2026,0.8110567744037567,0.0,2.0271603396603397,,,,,,,0.0202961011689459,4.944960614098545,0.3895682119604534,,,0.6874755955251645,False,Jordan Hudson,DAL,rookie_rule,True,udfa,False,,,,rookie_path,0.0,18.0,0.0,0.0,0.0,0.0,0.0,0.0,0.0,0.0,0.0,0.0,0.0,0.0,name,0.8110567744037567,True
00-0040782,WR,2026,0.8047185594054984,0.1088846783976462,2.7544359833398846,,,,,,,0.0296317886708668,4.428254983091957,0.3682046581422037,,,0.5909464068033365,False,Isaiah Bond,CLE,veteran_model,True,,False,ACT,,deep_bench,deep_bench_discounted,3.2666666666666666,18.0,0.0,0.0,0.0,0.0,0.0,0.2222222222222222,1.2222222222222223,0.0,1.4444444444444444,0.0,17.555555555555557,0.1111111111111111,name,-2.4619481072611684,True
00-0040705,WR,2026,0.8011158043594486,0.109979996540321,2.7508332282938346,,,,,,,0.0228488673005405,4.515029649172795,0.4250392712778522,,,0.6265411692293261,False,Chimere Dike,TEN,veteran_model,True,,False,ACT,,deep_bench,deep_bench_discounted,3.9111111111111114,18.0,0.0,0.0,0.0,0.0,0.0,0.3333333333333333,1.6666666666666667,0.0,2.111111111111111,0.0,21.333333333333332,0.1111111111111111,name,-3.109995306751663,True
00-0033699,RB,2026,0.8003816070265384,0.0843687072696899,2.211033019674128,,0.6755137539332035,,,,,0.0074594067112451,2.1150974393780024,0.2940908535587709,0.0254780158582785,2.44201900892211,0.3932554044584452,False,Austin Ekeler,WAS,veteran_model,True,,False,,,deep_bench,deep_bench_discounted,1.588888888888889,18.0,0.0,0.0,0.0,0.0,0.0,1.5555555555555556,6.555555555555555,0.05555555555555555,0.5,0.0,3.5,0.0,gsis_id,-0.7885072818623506,True
00-0038608,WR,2026,0.785680496169847,0.1334466941797789,2.7353979201042327,,,,,,,0.0366322419253975,3.9922541929141175,0.3333232506521006,,,0.5510564555337546,False,Kayshon Boutte,NE,veteran_model,True,,False,ACT,,deep_bench,deep_bench_discounted,4.394444444444444,18.0,0.0,0.0,0.0,0.0,0.0,0.0,0.0,0.0,1.7222222222222223,0.0,25.333333333333332,0.16666666666666666,name,-3.608763948274597,True
00-0038551,RB,2026,0.78210956577989,0.2017036311835618,2.192760978427479,,1.0151874527290532,,,,,0.005971769190671,0.7929021766084022,0.1468710984185849,0.0224570295564058,4.588110064272966,0.1714586298324701,False,Kendre Miller,NO,veteran_model,True,,False,ACT,,deep_bench,deep_bench_discounted,0.25555555555555554,18.0,0.0,0.0,0.0,0.0,0.0,0.2777777777777778,1.1111111111111112,0.0,0.1111111111111111,0.0,0.8888888888888888,0.0,name,0.5265540102243345,True
00-0039798,RB,2026,0.7807251545251619,0.1460070159172906,2.1913765671727505,,0.7971348182153218,,,,,0.0031457928023354,1.5495701303430476,0.2605949994086674,0.0217239073844211,3.462524406659843,0.3031715314473943,False,Isaiah Davis,NYJ,veteran_model,True,,False,ACT,,deep_bench,deep_bench_discounted,3.0,18.0,0.0,0.0,0.0,0.0,0.0,3.4444444444444446,14.5,0.1111111111111111,0.7222222222222222,0.0,5.222222222222222,0.0,name,-2.219274845474838,True
00-0036679,QB,2026,0.7736705053233961,-0.005672924489244,1.7930425578901907,2.914254693374582,0.3646072393095916,1.597696995192028,0.0977236850069972,0.0682325650712422,14.934703269898376,,,,0.0011779973564862,0.9173150011756934,,False,Shane Buechele,BUF,veteran_model,True,,True,ACT,,deep_bench,deep_bench_discounted,0.0,18.0,0.0,0.0,0.0,0.0,0.0,0.0,0.0,0.0,0.0,0.0,0.0,0.0,name,0.7736705053233961,True
00-0039577,QB,2026,0.7729645315676362,-0.0348076978221806,1.792336584134431,2.104930464278207,0.4135804402036756,1.19201111939392,0.0806582064203734,0.0827678308740931,13.209349481151037,,,,0.0091698824618262,0.1981634689501193,,False,Kedon Slovis,ARI,veteran_model,True,,False,ACT,,deep_bench,deep_bench_discounted,0.0,18.0,0.0,0.0,0.0,0.0,0.0,0.0,0.0,0.0,0.0,0.0,0.0,0.0,name,0.7729645315676362,True
00-0031237,QB,2026,0.7716919115633316,0.0,1.791063964130127,1.0872795248791105,0.3772536519248093,0.7217282466803014,0.0209044024362606,0.0835862294632875,8.130954056884931,,,,0.0048482824697155,1.2482794148901255,,False,Teddy Bridgewater,DET,veteran_model,True,,True,ACT,,deep_bench,deep_bench_discounted,0.6433333333333333,18.0,1.7777777777777777,1.1111111111111112,11.222222222222221,0.05555555555555555,0.05555555555555555,0.1111111111111111,0.2777777777777778,0.0,0.0,0.0,0.0,0.0,gsis_id,0.1283585782299983,True
00-0031610,TE,2026,0.7669316049565068,0.1916192117919065,2.4559111838136407,,,,,,,0.0304408052957179,3.8651204874070864,0.3955494488829815,,,0.5463419178285921,False,Darren Waller,MIA,veteran_model,True,,False,,,deep_bench,deep_bench_discounted,3.8666666666666663,18.0,0.0,0.0,0.0,0.0,0.0,0.0,0.0,0.0,1.7777777777777777,0.0,19.77777777777778,0.16666666666666666,gsis_id,-3.0997350617101596,True
00-0039874,RB,2026,0.7663320860106402,0.1359461920035666,2.1769834986582293,,1.0236791449229206,,,,,0.0028151008463035,0.9515408355231736,0.1246343068618136,0.0313596411671161,4.038123969468984,0.1371360469699175,False,Jaylen Wright,MIA,veteran_model,True,,False,ACT,,deep_bench,deep_bench_discounted,2.283333333333333,18.0,0.0,0.0,0.0,0.0,0.0,2.9444444444444446,12.38888888888889,0.1111111111111111,0.3333333333333333,0.0,2.111111111111111,0.0,name,-1.517001247322693,True
00-0040581,WR,2026,0.7605809807019996,0.1191509795304036,2.7102984046363856,,,,,,,0.0367317609882874,3.8842161847293952,0.3035375925986713,,,0.5141743350658797,False,Dont'e Thornton Jr.,LV,veteran_model,True,,False,ACT,,deep_bench,deep_bench_discounted,1.3555555555555554,18.0,0.0,0.0,0.0,0.0,0.0,0.0,0.0,0.0,0.5555555555555556,0.0,7.444444444444445,0.05555555555555555,name,-0.5949745748535558,True
00-0038797,RB,2026,0.7549470158972806,0.0931501286573898,2.165598428544869,,0.939359216977822,,,,,0.0066118887608161,1.2746712558302982,0.1984328201623521,0.0273525841064895,3.244766430292411,0.2698274970836035,False,Emanuel Wilson,SEA,veteran_model,True,,True,ACT,,deep_bench,deep_bench_discounted,2.8333333333333335,18.0,0.0,0.0,0.0,0.0,0.0,3.388888888888889,13.833333333333334,0.1111111111111111,0.6111111111111112,0.0,4.777777777777778,0.0,name,-2.0783863174360526,True
00-0034955,QB,2026,0.7526343603292786,-0.0371381911568496,1.7720064128960729,2.036495999896552,0.4193325195504163,1.261634225569739,0.0818234530877078,0.0623136717088361,12.726969438749231,,,,0.0076677732739289,1.11941162475807,,False,Brett Rypien,CIN,veteran_model,True,,False,,,deep_bench,deep_bench_discounted,0.0,18.0,0.0,0.0,0.0,0.0,0.0,0.0,0.0,0.0,0.0,0.0,0.0,0.0,name,0.7526343603292786,True
00-0039405,RB,2026,0.7520184168242142,0.1714674826430963,2.1626698294718025,,1.043581574536251,,,,,0.0020876824873001,0.663445112856785,0.0925355106425753,0.0312577279511699,4.39333687586428,0.1134065899633666,False,Jawhar Jordan,HOU,veteran_model,True,,False,ACT,,deep_bench,deep_bench_discounted,1.3611111111111112,18.0,0.0,0.0,0.0,0.0,0.0,1.7222222222222223,7.055555555555555,0.05555555555555555,0.2777777777777778,0.0,1.8333333333333333,0.0,name,-0.6090926942868969,True
00-0038951,RB,2026,0.7491019628164374,0.1888624714148484,2.159753375464026,,1.133635027711151,,,,,0.003680081192001,0.8958395977538822,0.144580847049443,0.0196720200035279,4.471149723431543,0.2223131572137651,False,Sean Tucker,TB,veteran_model,True,,False,ACT,,deep_bench,deep_bench_discounted,2.6944444444444446,18.0,0.0,0.0,0.0,0.0,0.0,3.6666666666666665,16.0,0.1111111111111111,0.4444444444444444,0.0,3.1666666666666665,0.0,name,-1.9453424816280074,True
00-0041457,TE,2026,0.7469576759863923,0.0,1.670076108514254,,,,,,,0.0236366269899425,4.071152282713637,0.3960453715507471,,,0.6776061956313909,False,Miles Kitselman,DET,rookie_rule,True,udfa,False,,,,rookie_path,1.3944444444444446,18.0,0.0,0.0,0.0,0.0,0.0,0.0,0.0,0.0,0.7222222222222222,0.0,7.0,0.05555555555555555,name,-0.6474867684580523,True
00-0038979,WR,2026,0.7451807984665334,0.0833050113147486,2.6948982224009197,,,,,,,0.0307334341761508,4.088674044531284,0.3038255779130004,,,0.5016654038864796,False,Cedric Tillman,CLE,veteran_model,True,,False,ACT,,deep_bench,deep_bench_discounted,0.2833333333333333,18.0,0.0,0.0,0.0,0.0,0.0,0.0,0.0,0.0,0.16666666666666666,0.0,2.0,0.0,name,0.4618474651332001,True
00-0040238,RB,2026,0.7433954919550301,0.1657492307990285,2.1540469046026187,,0.986243813251252,,,,,0.0019399512159017,0.8834670771849064,0.1532021972685562,0.0245194869481789,4.1969105661777775,0.2147146495409531,False,LeQuint Allen Jr.,JAX,veteran_model,True,,False,ACT,,deep_bench,deep_bench_discounted,2.6222222222222222,18.0,0.0,0.0,0.0,0.0,0.0,1.8333333333333333,7.5,0.05555555555555555,1.0,0.0,7.055555555555555,0.05555555555555555,name,-1.8788267302671922,True
00-0040628,TE,2026,0.7350757082916198,0.1961205498084646,2.4240552871487537,,,,,,,0.0327893175964063,3.501548140592636,0.3763699773078369,,,0.4460550528235177,False,Drake Dabney,GB,veteran_model,True,,False,ACT,,deep_bench,deep_bench_discounted,0.0,18.0,0.0,0.0,0.0,0.0,0.0,0.0,0.0,0.0,0.0,0.0,0.0,0.0,name,0.7350757082916198,True
00-0040078,RB,2026,0.7343080296204603,0.1167707767828658,2.144959442268049,,0.770630569147148,,,,,0.0088758928956384,1.750392625428775,0.2460199927353526,0.0097832847446432,3.243037048682169,0.3022632426528706,False,Brashard Smith,KC,veteran_model,True,,False,ACT,,deep_bench,deep_bench_discounted,0.9944444444444444,18.0,0.0,0.0,0.0,0.0,0.0,0.8888888888888888,3.7222222222222223,0.05555555555555555,0.2222222222222222,0.0,1.7777777777777777,0.0,name,-0.2601364148239841,True
00-0040021,RB,2026,0.7249587765693447,0.1376792628338473,2.135610189216935,,0.7606880851430612,,,,,0.0044855130290071,1.5965023409876242,0.2536356843139813,0.0116955461682775,3.41404345129884,0.2654059320747271,False,Phil Mafah,DAL,veteran_model,True,,False,ACT,,deep_bench,deep_bench_discounted,0.31666666666666665,18.0,0.2777777777777778,0.0,0.0,0.0,0.0,0.4444444444444444,1.7777777777777777,0.0,0.1111111111111111,0.0,0.8333333333333334,0.0,name,0.40829210990267806,True
00-0038579,QB,2026,0.7200304655369448,-0.082614357010453,1.73940251810374,2.563048954108107,0.3183723053553587,1.607956223719725,0.1045615360145096,0.0828662905725844,12.546840857821955,,,,0.0021117140565636,0.8314445662336659,,False,Aidan O'Connell,LV,veteran_model,True,,False,ACT,,deep_bench,deep_bench_discounted,0.0,18.0,0.0,0.0,0.0,0.0,0.0,0.0,0.0,0.0,0.0,0.0,0.0,0.0,name,0.7200304655369448,True
00-0035662,WR,2026,0.7139321506038949,0.0603849083488084,2.6636495745382804,,,,,,,0.023579921861149,4.095280719895874,0.3258490948948269,,,0.4804822489158609,False,Marquise Brown,PHI,veteran_model,True,,True,ACT,,deep_bench,deep_bench_discounted,3.0555555555555554,18.0,0.0,0.0,0.0,0.0,0.0,0.0,0.0,0.0,1.3888888888888888,0.0,16.944444444444443,0.1111111111111111,name,-2.3416234049516604,True
00-0039066,TE,2026,0.709139552498798,0.1376068544184533,2.398119131355932,,,,,,,0.0222359830940757,3.8273235365645295,0.3859826005557817,,,0.5595274500025186,False,Michael Mayer,LV,veteran_model,True,,False,ACT,2.0,backup,curated,3.5444444444444443,18.0,0.0,0.0,0.0,0.0,0.0,0.0,0.0,0.0,1.8888888888888888,0.0,19.333333333333332,0.1111111111111111,name,-2.835304891945646,True
00-0036924,RB,2026,0.6992503104312273,0.0601308543624334,2.1099017230788166,,0.6510368757165773,,,,,0.0015870757427372,1.6539383258282996,0.243006104092409,0.0222767074294189,2.691707267692563,0.2938299197337067,False,Michael Carter,TEN,veteran_model,True,,True,ACT,,deep_bench,deep_bench_discounted,0.36666666666666664,18.0,0.0,0.0,0.0,0.0,0.0,0.3888888888888889,1.6111111111111112,0.0,0.16666666666666666,0.0,1.2222222222222223,0.0,name,0.3325836437645607,True
00-0040134,WR,2026,0.6976714862041279,0.0705232373853849,2.6473889101385137,,,,,,,0.0266807976627849,3.7413986612008654,0.3268936682146639,,,0.5197265564947274,False,Pat Bryant,DEN,veteran_model,True,,False,ACT,,deep_bench,deep_bench_discounted,4.383333333333334,18.0,0.0,0.0,0.0,0.0,0.0,0.1111111111111111,0.5,0.0,1.9444444444444444,0.0,23.61111111111111,0.16666666666666666,name,-3.685661847129206,True
00-0038618,WR,2026,0.691837775714729,0.0600395309174339,2.6415551996491144,,,,,,,0.0192581352716747,4.137097940686418,0.325158340032078,,,0.5104278533537728,False,Xavier Hutchinson,HOU,veteran_model,True,,False,ACT,,deep_bench,deep_bench_discounted,1.4722222222222223,18.0,0.0,0.0,0.0,0.0,0.0,0.0,0.0,0.0,0.6666666666666666,0.0,8.055555555555555,0.05555555555555555,name,-0.7803844465074933,True
00-0040648,WR,2026,0.6892902186469098,0.0547416527383997,2.639007642581296,,,,,,,0.0256024878867327,3.815401832098536,0.3082702162333199,,,0.5294908502797554,False,Tory Horton,SEA,veteran_model,True,,False,ACT,,deep_bench,deep_bench_discounted,4.25,18.0,0.0,0.0,0.0,0.0,0.0,0.05555555555555555,0.5,0.0,1.7222222222222223,0.0,23.38888888888889,0.16666666666666666,name,-3.5607097813530904,True
00-0040466,RB,2026,0.6787574573545889,0.1170174878330718,2.0894088700021785,,0.9403799747541972,,,,,0.0015207446750828,0.7681643926606356,0.0876909656079709,0.0273478957429399,3.848836927764036,0.0862705890050938,False,Raheim Sanders,CLE,veteran_model,True,,False,ACT,,deep_bench,deep_bench_discounted,0.20555555555555557,18.0,0.0,0.0,0.0,0.0,0.0,0.2777777777777778,1.1111111111111112,0.0,0.1111111111111111,0.0,0.3888888888888889,0.0,name,0.4732019017990333,True
00-0039875,RB,2026,0.675373955795463,0.1041844245912094,2.0860253684430523,,0.853965897054948,,,,,0.0032900388942947,1.19782717172564,0.1838785465255777,0.016853942702149,3.427880757814479,0.2615166004018275,False,Ray Davis,BUF,veteran_model,True,,False,ACT,,deep_bench,deep_bench_discounted,3.3666666666666667,18.0,0.0,0.0,0.0,0.0,0.0,4.055555555555555,17.38888888888889,0.16666666666666666,0.5,0.0,3.7777777777777777,0.0,name,-2.6912927108712035,True
00-0033881,TE,2026,0.6732369057505485,0.1491280594363289,2.3622164846076825,,,,,,,0.0251652356871124,3.3530850189032853,0.3738739794750911,,,0.5393676018403994,False,Evan Engram,DEN,veteran_model,True,,False,ACT,2.0,backup,curated,3.066666666666667,18.0,0.0,0.0,0.0,0.0,0.0,0.0,0.0,0.0,1.7222222222222223,0.0,15.38888888888889,0.1111111111111111,gsis_id,-2.3934297609161184,True
00-0033555,WR,2026,0.6687471422149178,0.0693562105036258,2.618464566149304,,,,,,,0.0285909672584809,3.4638254901263554,0.3016375793027937,,,0.5634887678372625,False,Mack Hollins,NE,veteran_model,True,,False,ACT,,deep_bench,deep_bench_discounted,2.7444444444444445,18.0,0.0,0.0,0.0,0.0,0.0,0.05555555555555555,0.3333333333333333,0.0,1.1666666666666667,0.0,14.61111111111111,0.1111111111111111,gsis_id,-2.0756973022295266,True
00-0036894,TE,2026,0.6671588463515721,0.1124282151173187,2.356138425208706,,,,,,,0.0225007527232284,3.659302868103616,0.33244808640368,,,0.4961631806021288,False,Pat Freiermuth,PIT,veteran_model,True,,False,ACT,2.0,backup,curated,5.716666666666667,18.0,0.0,0.0,0.0,0.0,0.0,0.0,0.0,0.0,2.8333333333333335,0.0,29.666666666666668,0.2222222222222222,name,-5.049507820315094,True
00-0035689,TE,2026,0.6663698816531761,0.1211606419385627,2.3553494605103102,,,,,,,0.0205353824746663,3.5640889529072224,0.373497383028912,,,0.5202874472286636,False,Dawson Knox,BUF,veteran_model,True,,False,ACT,2.0,backup,curated,3.466666666666667,18.0,0.0,0.0,0.0,0.0,0.0,0.0,0.0,0.0,1.5555555555555556,0.0,16.88888888888889,0.16666666666666666,name,-2.8002967850134906,True
00-0033885,TE,2026,0.6605784800855574,0.1177764472919187,2.349558058942692,,,,,,,0.0241707462948732,3.5400168836974766,0.3231046278931411,,,0.4554329798315781,False,David Njoku,LAC,veteran_model,True,,True,ACT,2.0,backup,curated,3.566666666666667,18.0,0.0,0.0,0.0,0.0,0.0,0.0,0.0,0.0,1.7222222222222223,0.0,17.055555555555557,0.16666666666666666,gsis_id,-2.9060881865811092,True
00-0036290,TE,2026,0.6594449139930667,0.0968901577283175,2.3484244928502007,,,,,,,0.0175231874755433,3.8563946898149433,0.3373326403166251,,,0.501121769833213,False,Cole Kmet,CHI,veteran_model,True,,False,ACT,2.0,backup,curated,3.4833333333333334,18.0,0.0,0.0,0.0,0.0,0.0,0.0,0.0,0.0,1.8888888888888888,0.0,18.72222222222222,0.1111111111111111,name,-2.8238884193402667,True
00-0036415,WR,2026,0.6445055515646343,0.0435393293702728,2.59422297549902,,,,,,,0.0253929195281664,3.4795783949570493,0.2883803897998617,,,0.4877334072504014,False,Van Jefferson,WAS,veteran_model,True,,True,ACT,,deep_bench,deep_bench_discounted,0.29444444444444445,18.0,0.0,0.0,0.0,0.0,0.0,0.0,0.0,0.0,0.16666666666666666,0.0,2.111111111111111,0.0,name,0.35006110712018984,True
00-0036196,WR,2026,0.6435023711933464,0.0434946574137064,2.593219795127732,,,,,,,0.0182308019449104,3.8808326301157248,0.292068593024623,,,0.5057002598725288,False,Gabe Davis,BUF,veteran_model,True,,False,,,deep_bench,deep_bench_discounted,0.0,18.0,0.0,0.0,0.0,0.0,0.0,0.0,0.0,0.0,0.0,0.0,0.0,0.0,name,0.6435023711933464,True
00-0036988,WR,2026,0.6396486111677727,0.0386337832853925,2.5893660351021586,,,,,,,0.0230763269886028,3.600172268521584,0.282346844767995,,,0.4462537146588125,False,Josh Palmer,BUF,veteran_model,True,,False,ACT,,deep_bench,deep_bench_discounted,,,,,,,,,,,,,,,unmatched,,False
00-0036423,TE,2026,0.6378127875086143,0.1494083332382152,2.326792366365748,,,,,,,0.0173988409745198,3.122352459932852,0.4423689913364205,,,0.6008705490886261,False,Albert Okwuegbunam,LV,veteran_model,True,,False,ACT,,deep_bench,deep_bench_discounted,0.0,18.0,0.0,0.0,0.0,0.0,0.0,0.0,0.0,0.0,0.0,0.0,0.0,0.0,name,0.6378127875086143,True
00-0033110,TE,2026,0.6341591145771204,0.1479503820559626,2.3231386934342537,,,,,,,0.027594909997969,2.974083880972661,0.3423625329840806,,,0.4485050498677103,False,Tyler Higbee,LA,veteran_model,True,,False,ACT,2.0,backup,curated,1.4388888888888889,18.0,0.0,0.0,0.0,0.0,0.0,0.0,0.0,0.0,0.7777777777777778,0.0,7.166666666666667,0.05555555555555555,gsis_id,-0.8047297743117685,True
00-0038976,WR,2026,0.6304407734051021,0.050187223250626,2.580158197339488,,,,,,,0.0193585875040047,3.615623860318428,0.3054537246984621,,,0.4595861407653439,False,Marvin Mims Jr.,DEN,veteran_model,True,,False,ACT,,deep_bench,deep_bench_discounted,3.1333333333333333,18.0,0.0,0.0,0.0,0.0,0.0,0.3333333333333333,2.0,0.0,1.5,0.0,16.27777777777778,0.1111111111111111,name,-2.502892559928231,True
00-0035250,RB,2026,0.628910119343768,0.0465116072809107,2.039561531991357,,0.7298579543335991,,,,,0.0027932857178385,1.0303656021296148,0.1758344883975328,0.0220098855149729,2.8913728753517165,0.237841503394036,False,Devin Singletary,NYG,veteran_model,True,,False,ACT,,deep_bench,deep_bench_discounted,0.5444444444444445,18.0,0.0,0.0,0.0,0.0,0.0,0.5555555555555556,2.2777777777777777,0.0,0.2777777777777778,0.0,1.7777777777777777,0.0,name,0.08446567489932344,True
00-0036755,RB,2026,0.6162246258770692,0.087399924342128,2.0268760385246587,,0.9059596754259808,,,,,0.002967025607875,0.6596111923016801,0.1040747190013711,0.0208596440355843,3.5526612928545984,0.1396130864091093,False,Jaret Patterson,LAC,veteran_model,True,,False,ACT,,deep_bench,deep_bench_discounted,0.0,18.0,0.0,0.0,0.0,0.0,0.0,0.0,0.0,0.0,0.0,0.0,0.0,0.0,name,0.6162246258770692,True
00-0038416,QB,2026,0.6153812342992153,0.0,1.63475328686601,1.6923972170534642,0.4535282486616129,1.084541902083095,0.0566603991491302,0.060686529606084,9.633707525208669,,,,0.0089636357276712,0.4682579879876572,,False,Tyson Bagent,CHI,veteran_model,True,,False,ACT,,deep_bench,deep_bench_discounted,0.6944444444444444,18.0,1.7222222222222223,1.0555555555555556,10.833333333333334,0.05555555555555555,0.05555555555555555,0.2222222222222222,0.9444444444444444,0.0,0.0,0.0,0.0,0.0,name,-0.0790632101452291,True
00-0033857,WR,2026,0.6139578671833732,0.0616473184054897,2.5636752911177587,,,,,,,0.0205441734163789,3.265058691810049,0.3283739150081896,,,0.4415374422225997,False,JuJu Smith-Schuster,NYG,veteran_model,True,,True,ACT,,deep_bench,deep_bench_discounted,1.4222222222222223,18.0,0.0,0.0,0.0,0.0,0.0,0.05555555555555555,0.3333333333333333,0.0,0.6666666666666666,0.0,7.222222222222222,0.05555555555555555,gsis_id,-0.8082643550388491,True
00-0037267,RB,2026,0.6138496829856425,0.0405487846584501,2.024501095633232,,0.5566142203852246,,,,,0.0084824307545684,1.357753106989017,0.2064510083362913,0.0103590410124725,2.618000375163497,0.2865244559807079,False,Jerome Ford,WAS,veteran_model,True,,True,ACT,,deep_bench,deep_bench_discounted,1.2944444444444445,18.0,0.0,0.0,0.0,0.0,0.0,1.3333333333333333,5.5,0.05555555555555555,0.3333333333333333,0.0,2.4444444444444446,0.0,name,-0.680594761458802,True
00-0040644,RB,2026,0.6080996342371565,0.0330325749142804,2.018751046884745,,0.8555488581129211,,,,,0.0036503818546356,0.983867619121382,0.1023917210188126,0.0226193234716977,3.008987798576122,0.1504347066744603,False,Trevor Etienne,CAR,veteran_model,True,,False,ACT,,deep_bench,deep_bench_discounted,1.588888888888889,18.0,0.0,0.0,0.0,0.0,0.0,2.2222222222222223,9.11111111111111,0.05555555555555555,0.2777777777777778,0.0,2.0555555555555554,0.0,name,-0.9807892546517325,True
00-0040237,WR,2026,0.6024074054092241,0.0396410562382006,2.55212482934361,,,,,,,0.0200058151168622,3.401918193712452,0.2843613906736114,,,0.4611313911256561,False,Tez Johnson,TB,veteran_model,True,,False,ACT,,deep_bench,deep_bench_discounted,1.7444444444444445,18.0,0.0,0.0,0.0,0.0,0.0,0.1111111111111111,0.5555555555555556,0.0,0.7777777777777778,0.0,9.666666666666666,0.05555555555555555,name,-1.1420370390352204,True
00-0034829,TE,2026,0.6008225888226568,0.1406403813789007,2.289802167679791,,,,,,,0.0311933123206747,2.7138186301986504,0.2845617037574872,,,0.4064847163012952,False,Mike Gesicki,CIN,veteran_model,True,,False,ACT,2.0,backup,curated,4.661111111111111,18.0,0.0,0.0,0.0,0.0,0.0,0.0,0.0,0.0,2.3333333333333335,0.0,24.944444444444443,0.16666666666666666,gsis_id,-4.060288522288454,True
00-0040164,WR,2026,0.5976164338481433,0.0438039407307394,2.5473338577825286,,,,,,,0.0261726061671763,3.008041104187474,0.2795533728526762,,,0.4375050620482005,False,Jaylin Lane,WAS,veteran_model,True,,False,ACT,,deep_bench,deep_bench_discounted,1.7055555555555555,18.0,0.0,0.0,0.0,0.0,0.0,0.1111111111111111,0.7777777777777778,0.0,0.7777777777777778,0.0,9.055555555555555,0.05555555555555555,name,-1.1079391217074122,True
00-0033591,WR,2026,0.5971104384753587,0.0459637459185613,2.546827862409745,,,,,,,0.0183390538681075,3.3857273024954737,0.2970067700343327,,,0.4453311209181264,False,Noah Brown,WAS,veteran_model,True,,False,,,deep_bench,deep_bench_discounted,1.0166666666666666,18.0,0.0,0.0,0.0,0.0,0.0,0.0,0.0,0.0,0.3888888888888889,0.0,4.888888888888889,0.05555555555555555,gsis_id,-0.4195562281913079,True
00-0034975,RB,2026,0.5946310002933983,0.0774168443050592,2.0052824129409874,,0.330668888325574,,,,,0.0059238743683873,1.6969705977393312,0.2801871276295096,0.0170392919361523,1.470613788774728,0.3457015425061044,False,Justice Hill,BAL,veteran_model,True,,False,ACT,2.0,backup,curated,3.0944444444444446,18.0,0.0,0.0,0.0,0.0,0.0,1.8333333333333333,7.833333333333333,0.05555555555555555,1.3333333333333333,0.0,9.777777777777779,0.05555555555555555,name,-2.4998134441510462,True
00-0037742,WR,2026,0.5918290763451673,0.0392388385488474,2.5415465002795528,,,,,,,0.017771897589756,3.4341921315917894,0.2835569552949049,,,0.4920737709988632,False,Treylon Burks,WAS,veteran_model,True,,False,ACT,,deep_bench,deep_bench_discounted,1.6,18.0,0.0,0.0,0.0,0.0,0.0,0.16666666666666666,0.8888888888888888,0.0,0.6666666666666666,0.0,8.444444444444445,0.05555555555555555,name,-1.0081709236548329,True
00-0035537,RB,2026,0.5914456358892697,0.044175653875269,2.00209704853686,,0.5156711104551222,,,,,0.002360957013664,1.1328975439140887,0.2137047467699291,0.0193047171899501,2.413094628912117,0.2752629800229185,False,Ty Johnson,BUF,veteran_model,True,,False,ACT,2.0,backup,curated,2.6277777777777778,18.0,0.0,0.0,0.0,0.0,0.0,1.7777777777777777,7.611111111111111,0.05555555555555555,0.9444444444444444,0.0,7.277777777777778,0.05555555555555555,name,-2.036332141888508,True
00-0036626,WR,2026,0.5910248383931598,0.0364878033644319,2.5407422623275457,,,,,,,0.0250229407214912,3.018597516011756,0.2780548849260739,,,0.4141598394414332,False,Dyami Brown,WAS,veteran_model,True,,True,ACT,,deep_bench,deep_bench_discounted,0.21666666666666667,18.0,0.0,0.0,0.0,0.0,0.0,0.05555555555555555,0.3333333333333333,0.0,0.1111111111111111,0.0,1.2777777777777777,0.0,name,0.3743581717264931,True
00-0038454,RB,2026,0.5907601504094696,0.075947599815703,2.0014115630570584,,0.8463037683942835,,,,,0.0027714799108832,0.7116818472035321,0.144940322545555,0.0160787603258478,3.340203629959529,0.2064255164524348,False,Keaton Mitchell,LAC,veteran_model,True,,True,ACT,2.0,backup,curated,4.883333333333334,18.0,0.0,0.0,0.0,0.0,0.0,4.888888888888889,24.166666666666668,0.16666666666666666,1.0,0.0,7.444444444444445,0.05555555555555555,name,-4.2925731829238645,True
00-0033955,RB,2026,0.5901167572031532,0.0752099726084916,2.0007681698507427,,0.4439932225813834,,,,,0.0066274751141268,1.8025226764750848,0.2757733842363743,0.0119144300394492,1.6072636651600147,0.3293053467203326,False,Jeremy McNichols,WAS,veteran_model,True,,False,ACT,,deep_bench,deep_bench_discounted,0.4388888888888889,18.0,0.0,0.0,0.0,0.0,0.0,0.5555555555555556,2.3333333333333335,0.0,0.16666666666666666,0.0,1.2222222222222223,0.0,gsis_id,0.15122786831426427,True
00-0040429,RB,2026,0.5822419756362114,0.0178291137435624,1.9928933882838007,,0.7644286308804388,,,,,0.0052439150343783,0.7282835337324484,0.1409484230865983,0.0215963489766845,2.7789782665329064,0.1601086459136436,False,Josh Williams,TB,veteran_model,True,,False,ACT,,deep_bench,deep_bench_discounted,0.0,18.0,0.0,0.0,0.0,0.0,0.0,0.0,0.0,0.0,0.0,0.0,0.0,0.0,name,0.5822419756362114,True
00-0040522,WR,2026,0.5807633239801733,0.0183113670880088,2.530480747914559,,,,,,,0.0236012891512637,3.1830458288597723,0.2417020123732277,,,0.3724561267179746,False,Xavier Restrepo,TEN,veteran_model,True,,False,ACT,,deep_bench,deep_bench_discounted,0.2111111111111111,18.0,0.0,0.0,0.0,0.0,0.0,0.05555555555555555,0.3333333333333333,0.0,0.1111111111111111,0.0,1.2222222222222223,0.0,name,0.36965221286906214,True
00-0040311,WR,2026,0.5799078500623821,0.043472968678541,2.5296252739967677,,,,,,,0.0183384076600028,3.2386479632521925,0.2920252155542921,,,0.4044149159658043,False,Theo Wease Jr.,MIA,veteran_model,True,,False,ACT,,deep_bench,deep_bench_discounted,3.0611111111111113,18.0,0.0,0.0,0.0,0.0,0.0,0.0,0.0,0.0,1.3888888888888888,0.0,17.0,0.1111111111111111,name,-2.481203261048729,True
00-0035243,RB,2026,0.5790872324776568,0.019784961095804,1.989738645125246,,0.613444258353132,,,,,0.0027313387226104,1.0656944828572377,0.1649233612109991,0.0224986410012251,2.3867622524342047,0.2036765081698146,False,Miles Sanders,DAL,veteran_model,True,,False,,,deep_bench,deep_bench_discounted,0.0,18.0,0.0,0.0,0.0,0.0,0.0,0.0,0.0,0.0,0.0,0.0,0.0,0.0,name,0.5790872324776568,True
00-0038685,RB,2026,0.5772203873479647,0.0593455695814178,1.987871799995554,,0.7165018848310883,,,,,0.0038915970248222,1.1271303597395463,0.1827463819723536,0.0085448791984386,2.985153030482684,0.2912565694052383,False,Chris Brooks,GB,veteran_model,True,,False,ACT,,deep_bench,deep_bench_discounted,2.738888888888889,18.0,0.0,0.0,0.0,0.0,0.0,2.7777777777777777,11.277777777777779,0.1111111111111111,0.7777777777777778,0.0,5.555555555555555,0.0,name,-2.161668501540924,True
00-0040277,WR,2026,0.573998875630525,0.0420061827568614,2.523716299564911,,,,,,,0.0202556748118387,3.0791900490402626,0.2890916437109329,,,0.402337649208612,False,Jahdae Walker,CHI,veteran_model,True,,False,ACT,,deep_bench,deep_bench_discounted,1.1888888888888889,18.0,0.0,0.0,0.0,0.0,0.0,0.0,0.0,0.0,0.5,0.0,6.055555555555555,0.05555555555555555,name,-0.6148900132583639,True
00-0032211,WR,2026,0.573840215423469,0.0434104050167943,2.523557639357855,,,,,,,0.0204562628506687,3.051525942040573,0.2919000882307988,,,0.4272887966379071,False,Tyler Lockett,LV,veteran_model,True,,False,,,deep_bench,deep_bench_discounted,1.2666666666666666,18.0,0.0,0.0,0.0,0.0,0.0,0.0,0.0,0.0,0.6111111111111112,0.0,6.277777777777778,0.05555555555555555,gsis_id,-0.6928264512431976,True
00-0034983,WR,2026,0.5729328038968584,0.0478724222124538,2.5226502278312446,,,,,,,0.016996530947371,3.205415569015736,0.3008241226221177,,,0.4623569326981971,False,Hunter Renfrow,CAR,veteran_model,True,,False,,,deep_bench,deep_bench_discounted,0.0,18.0,0.0,0.0,0.0,0.0,0.0,0.0,0.0,0.0,0.0,0.0,0.0,0.0,name,0.5729328038968584,True
00-0032775,WR,2026,0.5692664508194067,0.0287784371953095,2.5189838747537925,,,,,,,0.0274103448971635,2.8747963092544087,0.2346495010219698,,,0.4311615079385545,False,Demarcus Robinson,SF,veteran_model,True,,False,ACT,,deep_bench,deep_bench_discounted,1.7277777777777779,18.0,0.0,0.0,0.0,0.0,0.0,0.0,0.0,0.0,0.7777777777777778,0.0,10.055555555555555,0.05555555555555555,gsis_id,-1.1585113269583711,True
00-0039739,WR,2026,0.5684851807835881,0.0246384555197974,2.518202604717974,,,,,,,0.0193819906531301,3.25015142246405,0.2543561892368049,,,0.4298505759450327,False,Roman Wilson,PIT,veteran_model,True,,False,ACT,,deep_bench,deep_bench_discounted,1.238888888888889,18.0,0.0,0.0,0.0,0.0,0.0,0.0,0.0,0.0,0.5,0.0,6.555555555555555,0.05555555555555555,name,-0.6704037081053008,True
00-0031236,WR,2026,0.5637504720071966,0.0153923493623428,2.513467895941583,,,,,,,0.0221577102271913,3.1287222218310107,0.2358639769218956,,,0.3894155672124803,False,Brandin Cooks,NO,veteran_model,True,,False,,,deep_bench,deep_bench_discounted,1.3222222222222222,18.0,0.0,0.0,0.0,0.0,0.0,0.0,0.0,0.0,0.5555555555555556,0.0,7.111111111111111,0.05555555555555555,gsis_id,-0.7584717502150256,True
00-0040590,WR,2026,0.5615585358039328,0.0317727314063086,2.5112759597383185,,,,,,,0.0278731195369365,2.7677742169896766,0.2350847937666921,,,0.3839181818297918,False,Konata Mumpfield,LA,veteran_model,True,,False,ACT,,deep_bench,deep_bench_discounted,1.8722222222222225,18.0,0.0,0.0,0.0,0.0,0.0,0.0,0.0,0.0,0.8888888888888888,0.0,10.944444444444445,0.05555555555555555,name,-1.3106636864182897,True
00-0037231,WR,2026,0.5602543804546987,0.0291482005541367,2.5099718043890844,,,,,,,0.0159041492377806,3.331416453752732,0.2633756793054836,,,0.4599445355391713,False,Kevin Austin Jr.,NO,veteran_model,True,,False,ACT,,deep_bench,deep_bench_discounted,1.411111111111111,18.0,0.0,0.0,0.0,0.0,0.0,0.05555555555555555,0.2777777777777778,0.0,0.6111111111111112,0.0,7.444444444444445,0.05555555555555555,name,-0.8508567306564123,True
00-0039757,RB,2026,0.5601889581940467,0.0474714704885465,1.9708403708416364,,0.8314247039027598,,,,,0.0012828399355815,0.6689927781312861,0.0725348070738626,0.0223312602997699,3.153376754318784,0.1086501414051469,False,Terrell Jennings,NE,veteran_model,True,,False,ACT,,deep_bench,deep_bench_discounted,0.0,18.0,0.0,0.0,0.0,0.0,0.0,0.0,0.0,0.0,0.0,0.0,0.0,0.0,name,0.5601889581940467,True
00-0030035,WR,2026,0.558959838073927,0.0329591810817978,2.5086772620083133,,,,,,,0.0236123487275787,2.81786925528052,0.2709976403608056,,,0.4290938617874984,False,Adam Thielen,MIN,veteran_model,True,,False,RET,,deep_bench,deep_bench_discounted,0.0,18.0,0.0,0.0,0.0,0.0,0.0,0.0,0.0,0.0,0.0,0.0,0.0,0.0,gsis_id,0.558959838073927,True
00-0040067,RB,2026,0.5582674433692896,0.0170952117150443,1.968918856016879,,0.6967986538829141,,,,,0.0044240774059945,0.842721912687972,0.1160396527809312,0.0174115907692806,2.8496141665837613,0.1469335634793451,False,Jacardia Wright,SEA,veteran_model,True,,False,ACT,,deep_bench,deep_bench_discounted,0.18333333333333332,18.0,0.0,0.0,0.0,0.0,0.0,0.1111111111111111,0.4444444444444444,0.0,0.1111111111111111,0.0,0.8333333333333334,0.0,name,0.3749341100359562,True
00-0039356,TE,2026,0.555953091039759,0.072309157705535,2.244932669896893,,,,,,,0.0192038525914058,2.9664465535579407,0.2881706402710601,,,0.3965519771742329,False,Ja'Tavion Sanders,CAR,veteran_model,True,,False,ACT,2.0,backup,curated,1.6277777777777778,18.0,0.0,0.0,0.0,0.0,0.0,0.0,0.0,0.0,0.9444444444444444,0.0,8.222222222222221,0.05555555555555555,name,-1.0718246867380188,True
00-0040406,WR,2026,0.5543987315643184,0.0526696447177622,2.504116155498705,,,,,,,0.022840924837755,2.621438987214212,0.3104185676327344,,,0.428206663299259,False,Quentin Skinner,NYJ,veteran_model,True,,False,RES,,deep_bench,deep_bench_discounted,0.0,18.0,0.0,0.0,0.0,0.0,0.0,0.0,0.0,0.0,0.0,0.0,0.0,0.0,name,0.5543987315643184,True
00-0040179,RB,2026,0.5536740521185649,0.0527731970822992,1.9643254647661537,,0.7535675233335704,,,,,0.0016932341728005,1.0137850347192852,0.1228979649653794,0.0100079598502521,3.2063940202563104,0.1480347713536574,False,DJ Giddens,IND,veteran_model,True,,False,ACT,2.0,backup,curated,1.5,18.0,0.0,0.0,0.0,0.0,0.0,1.8333333333333333,7.611111111111111,0.05555555555555555,0.3333333333333333,0.0,2.388888888888889,0.0,name,-0.9463259478814351,True
00-0037801,WR,2026,0.5534341089913806,0.0345671414264477,2.503151532925767,,,,,,,0.0213709556572969,2.8810159452254647,0.2742135610501055,,,0.4000411713427115,False,KaVontae Turpin,DAL,veteran_model,True,,False,ACT,,deep_bench,deep_bench_discounted,3.388888888888889,18.0,0.0,0.0,0.0,0.0,0.0,0.7777777777777778,4.277777777777778,0.05555555555555555,1.1666666666666667,0.0,14.88888888888889,0.1111111111111111,name,-2.8354547798975083,True
00-0040205,RB,2026,0.5527979347028305,0.0144895125800976,1.9634493473504195,,0.8093932724517172,,,,,0.0022728422723473,1.015690242431491,0.1136181219365771,0.0164045130556466,2.8235571752342943,0.1227977272460429,False,Kalel Mullings,TEN,veteran_model,True,,False,ACT,,deep_bench,deep_bench_discounted,0.25555555555555554,18.0,0.0,0.0,0.0,0.0,0.0,0.2777777777777778,1.1111111111111112,0.0,0.1111111111111111,0.0,0.8888888888888888,0.0,name,0.2972423791472749,True
00-0040737,TE,2026,0.5489871550687602,0.0653365766432018,2.2379667339258944,,,,,,,0.0198019991541302,2.948502340016673,0.2706498522846234,,,0.4129693384418744,False,Terrance Ferguson,LA,veteran_model,True,,False,ACT,,deep_bench,deep_bench_discounted,3.9722222222222223,18.0,0.0,0.0,0.0,0.0,0.0,0.0,0.0,0.0,1.7777777777777777,0.0,20.833333333333332,0.16666666666666666,name,-3.4232350671534624,True
00-0038938,WR,2026,0.5471743385392129,0.00106198687092,2.4968917624735987,,,,,,,0.0252551217451618,2.968746712856012,0.197537873565282,,,0.3886888118173617,False,Jalin Hyatt,NYG,veteran_model,True,,False,ACT,,deep_bench,deep_bench_discounted,0.0,18.0,0.0,0.0,0.0,0.0,0.0,0.0,0.0,0.0,0.0,0.0,0.0,0.0,name,0.5471743385392129,True
00-0030564,WR,2026,0.54453823215602,0.0332551807160272,2.494255656090406,,,,,,,0.0222642289441262,2.751580386766306,0.2715896396292645,,,0.399450799240584,False,DeAndre Hopkins,BAL,veteran_model,True,,False,,,deep_bench,deep_bench_discounted,0.1111111111111111,18.0,0.0,0.0,0.0,0.0,0.0,0.0,0.0,0.0,0.05555555555555555,0.0,0.8333333333333334,0.0,gsis_id,0.43342712104490894,True
00-0039921,RB,2026,0.5433085363285906,0.0146684985337974,1.95395994897618,,0.6273299174839092,,,,,0.0060649439666211,0.7969112380228514,0.1059804198011224,0.0152838058914814,2.8253470347712923,0.1409052468600272,False,Trey Benson,ARI,veteran_model,True,,False,ACT,,deep_bench,deep_bench_discounted,1.4277777777777778,18.0,0.0,0.0,0.0,0.0,0.0,1.6666666666666667,6.666666666666667,0.05555555555555555,0.16666666666666666,0.0,1.2222222222222223,0.05555555555555555,name,-0.8844692414491873,True
00-0036165,WR,2026,0.5405064874754704,0.0305161694061945,2.4902239114098563,,,,,,,0.0139555608649808,3.2371731378078605,0.266111617009599,,,0.460192348022555,False,Isaiah Hodgins,NYG,veteran_model,True,,False,ACT,,deep_bench,deep_bench_discounted,0.4,18.0,0.0,0.0,0.0,0.0,0.0,0.0,0.0,0.0,0.2222222222222222,0.0,2.888888888888889,0.0,name,0.14050648747547034,True
00-0039074,TE,2026,0.5404066530075948,0.0778087846897367,2.229386231864729,,,,,,,0.0208755290559264,2.737975238939664,0.2827119095561399,,,0.4004291231121596,False,Davis Allen,LA,veteran_model,True,,False,ACT,,deep_bench,deep_bench_discounted,0.24444444444444446,18.0,0.0,0.0,0.0,0.0,0.0,0.0,0.0,0.0,0.16666666666666666,0.0,1.6111111111111112,0.0,name,0.29596220856315036,True
00-0032385,WR,2026,0.5390654174180887,0.040821135454895,2.488782841352475,,,,,,,0.0150132524048999,3.0562512843518923,0.2867215491070001,,,0.4501073243332945,False,Sterling Shepard,TB,veteran_model,True,,False,,,deep_bench,deep_bench_discounted,0.03333333333333333,18.0,0.0,0.0,0.0,0.0,0.0,0.05555555555555555,0.3333333333333333,0.0,0.0,0.0,0.0,0.0,gsis_id,0.5057320840847553,True
00-0033858,TE,2026,0.5386055803091685,0.0887486424244337,2.2275851591663027,,,,,,,0.0163899676924588,2.797409692999869,0.3210496097088575,,,0.443827920426026,False,Jonnu Smith,PIT,veteran_model,True,,False,,,deep_bench,deep_bench_discounted,1.5777777777777777,18.0,0.0,0.0,0.0,0.0,0.0,0.1111111111111111,0.5555555555555556,0.0,0.8333333333333334,0.0,7.722222222222222,0.05555555555555555,gsis_id,-1.0391721974686092,True
00-0040739,TE,2026,0.5373202928065617,0.0712087704730497,2.2262998716636955,,,,,,,0.0160031031888415,2.983167407704679,0.2859698658060896,,,0.4048033823750462,False,Elijah Arroyo,SEA,veteran_model,True,,False,ACT,2.0,backup,curated,3.2055555555555557,18.0,0.0,0.0,0.0,0.0,0.0,0.0,0.0,0.0,1.6111111111111112,0.0,17.333333333333332,0.1111111111111111,name,-2.6682352627489943,True
00-0040142,RB,2026,0.5352076112081188,0.0170410642489595,1.945859023855708,,0.7900205188473235,,,,,0.0010358802328492,0.8071493249294937,0.1256956444575286,0.0167822347693479,2.847361664732226,0.1923792962868962,False,Kaleb Johnson,PIT,veteran_model,True,,False,ACT,,deep_bench,deep_bench_discounted,1.6388888888888888,18.0,0.0,0.0,0.0,0.0,0.0,2.3333333333333335,9.666666666666666,0.05555555555555555,0.2777777777777778,0.0,2.0,0.0,name,-1.10368127768077,True
00-0032398,WR,2026,0.5312722501997718,0.0242333458130279,2.4809896741341584,,,,,,,0.0186729878382582,2.924613382585895,0.253545969823266,,,0.4404098655216977,False,Chris Moore,WAS,veteran_model,True,,False,,,deep_bench,deep_bench_discounted,0.17222222222222222,18.0,0.0,0.0,0.0,0.0,0.0,0.0,0.0,0.0,0.1111111111111111,0.0,1.1666666666666667,0.0,gsis_id,0.35905002797754954,True
00-0040556,RB,2026,0.531198482541866,0.0,1.9418498951894556,,0.6587429219013282,,,,,0.0052465895084877,0.920107749979716,0.0882856766189971,0.0170250825518216,2.6141483687254,0.1372295390274508,False,Corey Kiner,ARI,veteran_model,True,,False,ACT,,deep_bench,deep_bench_discounted,0.0,18.0,0.0,0.0,0.0,0.0,0.0,0.0,0.0,0.0,0.0,0.0,0.0,0.0,name,0.531198482541866,True
00-0033526,RB,2026,0.5307163786015769,0.0,1.9413677912491671,,0.7923633951991859,,,,,0.0022824943439406,0.8025056881900112,0.1159181885739339,0.0206703791050044,2.5478947480193885,0.1543611614972262,False,Samaje Perine,CIN,veteran_model,True,,False,ACT,2.0,backup,curated,2.8666666666666667,18.0,0.0,0.0,0.0,0.0,0.0,3.3333333333333335,13.944444444444445,0.1111111111111111,0.6666666666666666,0.0,4.722222222222222,0.0,gsis_id,-2.3359502880650895,True
00-0035406,WR,2026,0.5299884628212872,0.0281981818985311,2.4797058867556734,,,,,,,0.014632764863441,3.11454052643505,0.2614756419942724,,,0.4313906911062965,False,Lil'Jordan Humphrey,DEN,veteran_model,True,,False,ACT,,deep_bench,deep_bench_discounted,1.1111111111111112,18.0,0.0,0.0,0.0,0.0,0.0,0.0,0.0,0.0,0.4444444444444444,0.0,5.555555555555555,0.05555555555555555,name,-0.581122648289824,True
00-0040187,TE,2026,0.5286436217209937,0.0736221047140449,2.217623200578128,,,,,,,0.0173243160399954,2.7929945833698127,0.29079653428808,,,0.3626175848435806,False,Mitchell Evans,CAR,veteran_model,True,,False,ACT,,deep_bench,deep_bench_discounted,1.411111111111111,18.0,0.0,0.0,0.0,0.0,0.0,0.0,0.0,0.0,0.7222222222222222,0.0,7.166666666666667,0.05555555555555555,name,-0.8824674893901173,True
00-0033943,WR,2026,0.5282411361579538,0.0293316428464647,2.47795856009234,,,,,,,0.0199988175587069,2.7637694886064263,0.2637425638901395,,,0.4729477568186204,False,Josh Reynolds,NYJ,veteran_model,True,,False,,,deep_bench,deep_bench_discounted,0.2777777777777778,18.0,0.0,0.0,0.0,0.0,0.0,0.0,0.0,0.0,0.16666666666666666,0.0,1.9444444444444444,0.0,gsis_id,0.25046335838017597,True
00-0039451,WR,2026,0.5254550985188176,0.0551875132332209,2.4751725224532035,,,,,,,0.0177655994103678,2.6113434972478475,0.3154543046636519,,,0.4244835461276842,False,Isaiah Williams,NYJ,veteran_model,True,,False,ACT,,deep_bench,deep_bench_discounted,1.4055555555555557,18.0,0.0,0.0,0.0,0.0,0.0,0.16666666666666666,1.0,0.0,0.6666666666666666,0.0,7.5,0.05555555555555555,name,-0.8801004570367381,True
00-0040039,RB,2026,0.5254079197517665,0.0546467361762263,1.936059332399356,,0.7067599854499723,,,,,0.0022132517323563,0.9711356219817704,0.1140384135298039,0.0059137832124986,3.225129411195581,0.1109761684634874,False,Amar Johnson,LAC,veteran_model,True,,False,ACT,,deep_bench,deep_bench_discounted,0.0,18.0,0.0,0.0,0.0,0.0,0.0,0.0,0.0,0.0,0.0,0.0,0.0,0.0,name,0.5254079197517665,True
00-0040547,RB,2026,0.5224312124571502,0.0,1.9330826251047395,,0.6887344348325481,,,,,0.0048336827081376,0.7269171402289094,0.1143736840377813,0.0188420119629783,2.504984883886732,0.1339407235466997,False,Nate Carter,ATL,veteran_model,True,,False,ACT,,deep_bench,deep_bench_discounted,,,,,,,,,,,,,,,unmatched,,False
00-0039754,TE,2026,0.5203017955393486,0.1341261005390649,2.2092813743964825,,,,,,,0.0358082280199264,1.9737535057639264,0.2161541536867951,,,0.3573121417609333,False,Devin Culp,TB,veteran_model,True,,False,ACT,,deep_bench,deep_bench_discounted,0.29444444444444445,18.0,0.0,0.0,0.0,0.0,0.0,0.0,0.0,0.0,0.2222222222222222,0.0,1.8333333333333333,0.0,name,0.22585735109490418,True
00-0037112,TE,2026,0.5195522993273536,0.0701654123979888,2.2085318781844867,,,,,,,0.0198143146927369,2.6058654250547306,0.2801597373309181,,,0.3728036422861576,False,Jake Tonges,SF,veteran_model,True,,False,ACT,2.0,backup,curated,3.0999999999999996,18.0,0.0,0.0,0.0,0.0,0.0,0.0,0.0,0.0,1.6666666666666667,0.0,16.0,0.1111111111111111,name,-2.580447700672646,True
00-0040131,WR,2026,0.5154323969836072,0.0183421345084884,2.465149820917993,,,,,,,0.02135526433178,2.664190373858337,0.241763547214187,,,0.369603648684322,False,Kyle Williams,NE,veteran_model,True,,False,ACT,,deep_bench,deep_bench_discounted,1.4555555555555555,18.0,0.0,0.0,0.0,0.0,0.0,0.05555555555555555,0.2222222222222222,0.0,0.5555555555555556,0.0,8.222222222222221,0.05555555555555555,name,-0.9401231585719483,True
00-0037563,RB,2026,0.5128519412614716,0.0125710447994414,1.9235033539090611,,0.761091425733285,,,,,0.001709213475516,0.7953937641937445,0.1139783505450796,0.014271809828948,2.8043724974277326,0.1506062806082811,False,Malik Davis,DAL,veteran_model,True,,False,ACT,,deep_bench,deep_bench_discounted,1.7055555555555555,18.0,0.0,0.0,0.0,0.0,0.0,2.4444444444444446,9.88888888888889,0.05555555555555555,0.3333333333333333,0.0,2.1666666666666665,0.0,name,-1.192703614294084,True
00-0038679,WR,2026,0.5119745138371804,0.0225069307054285,2.461691937771566,,,,,,,0.0125316665659089,3.117379446376934,0.2500931396080671,,,0.4237780234013401,False,Tyrell Shavers,BUF,veteran_model,True,,False,ACT,,deep_bench,deep_bench_discounted,1.3444444444444443,18.0,0.0,0.0,0.0,0.0,0.0,0.05555555555555555,0.3333333333333333,0.0,0.5555555555555556,0.0,7.0,0.05555555555555555,name,-0.8324699306072639,True
00-0035359,WR,2026,0.5119042678486213,0.0213076068480071,2.4616216917830074,,,,,,,0.0178293537715543,2.810808992726834,0.2476944918932243,,,0.4030162691586972,False,David Sills,TB,veteran_model,True,,True,ACT,,deep_bench,deep_bench_discounted,1.2444444444444445,18.0,0.0,0.0,0.0,0.0,0.0,0.05555555555555555,0.3333333333333333,0.0,0.5,0.0,6.277777777777778,0.05555555555555555,name,-0.7325401765958232,True
00-0034386,WR,2026,0.5091314490034511,0.0121790559195711,2.4588488729378373,,,,,,,0.0136251942539248,3.126615884617261,0.2294373900363524,,,0.3891354148648419,False,Justin Watson,HOU,veteran_model,True,,False,ACT,,deep_bench,deep_bench_discounted,0.0,18.0,0.0,0.0,0.0,0.0,0.0,0.0,0.0,0.0,0.0,0.0,0.0,0.0,gsis_id,0.5091314490034511,True
00-0040974,TE,2026,0.5087578656462582,0.0,1.1374999999999995,,,,,,,0.0160990646258503,2.772889030612245,0.2697491496598639,,,0.4615221088435374,False,Lance Mason,SEA,rookie_rule,True,udfa,False,,,,rookie_path,1.3944444444444446,18.0,0.0,0.0,0.0,0.0,0.0,0.0,0.0,0.0,0.7222222222222222,0.0,7.0,0.05555555555555555,name,-0.8856865787981864,True
00-0041246,TE,2026,0.5087578656462582,0.0,1.1374999999999995,,,,,,,0.0160990646258503,2.772889030612245,0.2697491496598639,,,0.4615221088435374,False,Josh Kattus,CIN,rookie_rule,True,udfa,False,,,,rookie_path,0.0,18.0,0.0,0.0,0.0,0.0,0.0,0.0,0.0,0.0,0.0,0.0,0.0,0.0,name,0.5087578656462582,True
00-0041422,TE,2026,0.5087578656462582,0.0,1.1374999999999995,,,,,,,0.0160990646258503,2.772889030612245,0.2697491496598639,,,0.4615221088435374,False,Dan Villari,LA,rookie_rule,True,udfa,False,,,,rookie_path,0.0,18.0,0.0,0.0,0.0,0.0,0.0,0.0,0.0,0.0,0.0,0.0,0.0,0.0,name,0.5087578656462582,True
00-0040939,TE,2026,0.5087578656462582,0.0,1.1374999999999995,,,,,,,0.0160990646258503,2.772889030612245,0.2697491496598639,,,0.4615221088435374,False,Michael Trigg,DAL,rookie_rule,True,udfa,False,,,,rookie_path,1.488888888888889,18.0,0.0,0.0,0.0,0.0,0.0,0.0,0.0,0.0,0.7777777777777778,0.0,7.666666666666667,0.05555555555555555,name,-0.9801310232426307,True
00-0041403,TE,2026,0.5087578656462582,0.0,1.1374999999999995,,,,,,,0.0160990646258503,2.772889030612245,0.2697491496598639,,,0.4615221088435374,False,Rohan Jones,LA,rookie_rule,True,udfa,False,,,,rookie_path,0.0,18.0,0.0,0.0,0.0,0.0,0.0,0.0,0.0,0.0,0.0,0.0,0.0,0.0,name,0.5087578656462582,True
00-0040938,TE,2026,0.5087578656462582,0.0,1.1374999999999995,,,,,,,0.0160990646258503,2.772889030612245,0.2697491496598639,,,0.4615221088435374,False,DJ Rogers,DAL,rookie_rule,True,udfa,False,,,,rookie_path,0.0,18.0,0.0,0.0,0.0,0.0,0.0,0.0,0.0,0.0,0.0,0.0,0.0,0.0,name,0.5087578656462582,True
00-0034860,WR,2026,0.507886567438113,0.0193742104805982,2.457603991372498,,,,,,,0.0180586943218044,2.7762055192808326,0.2438276991584066,,,0.4109013343472711,False,Dante Pettis,NO,veteran_model,True,,False,,,deep_bench,deep_bench_discounted,0.3222222222222222,18.0,0.0,0.0,0.0,0.0,0.0,0.05555555555555555,0.3333333333333333,0.0,0.16666666666666666,0.0,2.0555555555555554,0.0,gsis_id,0.1856643452158908,True
00-0036182,WR,2026,0.5064776523322871,0.0277888245627186,2.456195076266673,,,,,,,0.0136373942847773,2.943248229622996,0.2606569273226474,,,0.3949978419430129,False,Nick Westbrook-Ikhine,IND,veteran_model,True,,True,ACT,,deep_bench,deep_bench_discounted,1.2333333333333334,18.0,0.0,0.0,0.0,0.0,0.0,0.0,0.0,0.0,0.5,0.0,6.5,0.05555555555555555,name,-0.7268556810010462,True
00-0038555,RB,2026,0.5050058904095864,0.0261224473103435,1.915657303057176,,0.8005011712231962,,,,,0.0008679835456512,0.7455552351394308,0.1092206772479793,0.0127739124573452,2.9398865225367534,0.1775783108366262,False,Tank Bigsby,PHI,veteran_model,True,,False,ACT,2.0,backup,curated,3.4000000000000004,18.0,0.0,0.0,0.0,0.0,0.0,4.555555555555555,19.61111111111111,0.16666666666666666,0.4444444444444444,0.0,3.2777777777777777,0.0,name,-2.8949941095904137,True
00-0039884,WR,2026,0.504533049219253,0.0002670000812073,2.454250473153639,,,,,,,0.0193083034394362,2.858765894028234,0.2056132783596247,,,0.3288667240504598,False,Tahj Washington,MIA,veteran_model,True,,False,ACT,,deep_bench,deep_bench_discounted,0.0,18.0,0.0,0.0,0.0,0.0,0.0,0.0,0.0,0.0,0.0,0.0,0.0,0.0,name,0.504533049219253,True
00-0033891,WR,2026,0.5038987583745613,0.0181760868263396,2.453616182308947,,,,,,,0.0168391854829631,2.82147919551838,0.2414314518498894,,,0.4018257439580157,False,Zay Jones,ARI,veteran_model,True,,False,,,deep_bench,deep_bench_discounted,0.0,18.0,0.0,0.0,0.0,0.0,0.0,0.0,0.0,0.0,0.0,0.0,0.0,0.0,gsis_id,0.5038987583745613,True
00-0037746,RB,2026,0.5036546236442889,0.0295930097085966,1.914306036291878,,0.6360862570028557,,,,,0.0066201549449554,1.1693337801681367,0.1845394584365843,0.0097031166061489,1.9651188710255727,0.2385547914046305,False,Brian Robinson,ATL,veteran_model,True,,True,ACT,2.0,backup,curated,3.522222222222222,18.0,0.0,0.0,0.0,0.0,0.0,4.833333333333333,19.88888888888889,0.1111111111111111,0.7222222222222222,0.0,5.055555555555555,0.0,name,-3.018567598577933,True
00-0040563,WR,2026,0.4975374534397349,0.0199070416992294,2.447254877374121,,,,,,,0.0196563973862274,2.571523883245361,0.2448933615956688,,,0.3597880525211688,False,Efton Chism III,NE,veteran_model,True,,False,ACT,,deep_bench,deep_bench_discounted,1.4,18.0,0.0,0.0,0.0,0.0,0.0,0.05555555555555555,0.3333333333333333,0.0,0.6666666666666666,0.0,7.0,0.05555555555555555,name,-0.902462546560265,True
00-0033282,WR,2026,0.4971637864501065,0.0116466659938154,2.4468812103844924,,,,,,,0.0154374701248704,2.903526606084637,0.2283726101848409,,,0.3913575663680175,False,Curtis Samuel,BUF,veteran_model,True,,False,,,deep_bench,deep_bench_discounted,0.23888888888888887,18.0,0.0,0.0,0.0,0.0,0.0,0.05555555555555555,0.3333333333333333,0.0,0.1111111111111111,0.0,1.5,0.0,gsis_id,0.25827489756121763,True
00-0037614,WR,2026,0.4958288587345785,0.033093488796066,2.445546282668965,,,,,,,0.0194159868189863,2.4369980992598963,0.2712662557893421,,,0.3955180643202733,False,John Metchie III,CAR,veteran_model,True,,True,ACT,,deep_bench,deep_bench_discounted,2.1555555555555554,18.0,0.0,0.0,0.0,0.0,0.0,0.05555555555555555,0.4444444444444444,0.0,1.1111111111111112,0.0,12.222222222222221,0.05555555555555555,name,-1.659726696820977,True
00-0039144,TE,2026,0.4948399168410254,0.0759169412896157,2.18381949569816,,,,,,,0.0136003817335792,2.655445227199394,0.2953862074392216,,,0.4049679328801657,False,Luke Musgrave,GB,veteran_model,True,,False,ACT,2.0,backup,curated,1.7833333333333334,18.0,0.0,0.0,0.0,0.0,0.0,0.0,0.0,0.0,0.9444444444444444,0.0,9.777777777777779,0.05555555555555555,name,-1.288493416492308,True
00-0038794,RB,2026,0.4946474317789888,0.0185986802199592,1.9052988444265773,,0.7211515106437355,,,,,0.0022530346727309,0.6779569295690399,0.1037763400369992,0.0124967459339848,2.8646488516329103,0.1481447218649855,False,Jaleel McLaughlin,DEN,veteran_model,True,,False,ACT,,deep_bench,deep_bench_discounted,0.3611111111111111,18.0,0.0,0.0,0.0,0.0,0.0,0.5555555555555556,2.2222222222222223,0.0,0.1111111111111111,0.0,0.8333333333333334,0.0,name,0.13353632066787768,True
00-0032104,RB,2026,0.4918143833639125,0.0186013048139406,1.902465796011502,,0.5555488857830924,,,,,0.003907233891379,0.7435476558289529,0.1625560486472723,0.016227526621318,2.1537303038119906,0.1998112053671801,False,Ameer Abdullah,JAX,veteran_model,True,,True,ACT,,deep_bench,deep_bench_discounted,0.2111111111111111,18.0,0.0,0.0,0.0,0.0,0.0,0.16666666666666666,0.7222222222222222,0.0,0.1111111111111111,0.0,0.8333333333333334,0.0,gsis_id,0.28070327225280134,True
00-0039041,TE,2026,0.4890565514326139,0.0550860698289795,2.1780361302897484,,,,,,,0.0161674896965581,2.6518938099429072,0.2537244645179493,,,0.3425658896860748,False,Elijah Higgins,ARI,veteran_model,True,,False,ACT,2.0,backup,curated,1.8277777777777777,18.0,0.0,0.0,0.0,0.0,0.0,0.0,0.0,0.0,1.0,0.0,9.944444444444445,0.05555555555555555,name,-1.3387212263451638,True
00-0038359,WR,2026,0.4881110512976787,0.010263117774225,2.437828475232064,,,,,,,0.0185791467649722,2.638334138350154,0.2256055137456602,,,0.3584338617819054,False,Xavier Smith,LA,veteran_model,True,,False,ACT,,deep_bench,deep_bench_discounted,1.1444444444444446,18.0,0.0,0.0,0.0,0.0,0.0,0.16666666666666666,0.8888888888888888,0.0,0.3888888888888889,0.0,5.277777777777778,0.05555555555555555,name,-0.6563333931467659,True
00-0039521,WR,2026,0.4876643090274197,0.0118104920324648,2.437381732961805,,,,,,,0.0176508678691626,2.674089706813743,0.2287002622621397,,,0.3691798583384255,False,Xavier Weaver,ARI,veteran_model,True,,False,ACT,,deep_bench,deep_bench_discounted,0.3111111111111111,18.0,0.0,0.0,0.0,0.0,0.0,0.05555555555555555,0.3333333333333333,0.0,0.16666666666666666,0.0,1.9444444444444444,0.0,name,0.17655319791630858,True
00-0035644,TE,2026,0.4846087870339262,0.061598825155444,2.17358836589106,,,,,,,0.0153826221219323,2.5893806671689323,0.2667499751708783,,,0.3658719863100726,False,Noah Fant,NO,veteran_model,True,,True,ACT,2.0,backup,curated,1.6166666666666667,18.0,0.0,0.0,0.0,0.0,0.0,0.0,0.0,0.0,0.8333333333333334,0.0,8.666666666666666,0.05555555555555555,name,-1.1320578796327405,True
00-0036637,TE,2026,0.4843541258347369,0.0612301882167518,2.173333704691871,,,,,,,0.0170361830300104,2.491306770079276,0.2660127012934938,,,0.4252090218876064,False,Noah Gray,KC,veteran_model,True,,False,ACT,2.0,backup,curated,2.6166666666666667,18.0,0.0,0.0,0.0,0.0,0.0,0.0,0.0,0.0,1.3333333333333333,0.0,12.833333333333334,0.1111111111111111,name,-2.1323125408319297,True
00-0032392,TE,2026,0.4833652454531841,0.0855973624450468,2.1723448243103176,,,,,,,0.0240153299939016,2.0896753858424564,0.2606114538110577,,,0.3810510600519762,False,Austin Hooper,ATL,veteran_model,True,,True,ACT,,deep_bench,deep_bench_discounted,1.4555555555555555,18.0,0.0,0.0,0.0,0.0,0.0,0.0,0.0,0.0,0.7777777777777778,0.0,7.333333333333333,0.05555555555555555,gsis_id,-0.9721903101023714,True
00-0040432,WR,2026,0.4833480959807741,0.0072551433991145,2.4330655199151603,,,,,,,0.021322668177992,2.4561730441510257,0.2195895649954392,,,0.3638826868590271,False,Beaux Collins,NYG,veteran_model,True,,False,ACT,,deep_bench,deep_bench_discounted,0.0,18.0,0.0,0.0,0.0,0.0,0.0,0.0,0.0,0.0,0.0,0.0,0.0,0.0,name,0.4833480959807741,True
00-0039603,RB,2026,0.4810061885505765,0.0,1.891657601198165,,0.6508409308789261,,,,,0.0014609160200142,0.7448449718127214,0.1194848477307573,0.0138263960051541,2.550553953529159,0.1367309637131173,False,British Brooks,HOU,veteran_model,True,,False,ACT,,deep_bench,deep_bench_discounted,0.0,18.0,0.0,0.0,0.0,0.0,0.0,0.0,0.0,0.0,0.0,0.0,0.0,0.0,name,0.4810061885505765,True
00-0040582,WR,2026,0.4763242830891431,0.0153082031290962,2.426041707023529,,,,,,,0.0214169734594523,2.2997460010472808,0.2356956844554024,,,0.3444891919411466,False,Arian Smith,NYJ,veteran_model,True,,False,ACT,,deep_bench,deep_bench_discounted,0.3111111111111111,18.0,0.0,0.0,0.0,0.0,0.0,0.05555555555555555,0.3333333333333333,0.0,0.16666666666666666,0.0,1.9444444444444444,0.0,name,0.16521317197803198,True
00-0037557,RB,2026,0.476199261463176,0.0090257098308281,1.8868506741107656,,0.8157442700471892,,,,,0.0069707944693437,0.629655652998391,0.1434048586810473,0.0123023463528319,2.258924218897596,0.1788167905547895,False,Ronnie Rivers,LA,veteran_model,True,,False,ACT,,deep_bench,deep_bench_discounted,0.3111111111111111,18.0,0.0,0.0,0.0,0.0,0.0,0.2777777777777778,1.1666666666666667,0.0,0.16666666666666666,0.0,1.1111111111111112,0.0,name,0.16508815035206487,True
00-0038640,WR,2026,0.4738753610151662,0.0043861611311114,2.4235927849495527,,,,,,,0.0168635850611916,2.6576805041830016,0.2138516004594329,,,0.3685428778248373,False,Jalen Brooks,ARI,veteran_model,True,,False,ACT,,deep_bench,deep_bench_discounted,0.2777777777777778,18.0,0.0,0.0,0.0,0.0,0.0,0.0,0.0,0.0,0.16666666666666666,0.0,1.9444444444444444,0.0,name,0.1960975832373884,True
00-0034407,WR,2026,0.4738040137365553,0.0402060078343808,2.423521437670941,,,,,,,0.0103996121209715,2.6866069407774047,0.2854912938659718,,,0.4352807051025056,False,Ray-Ray McCloud,ATL,veteran_model,True,,False,,,deep_bench,deep_bench_discounted,0.0,18.0,0.0,0.0,0.0,0.0,0.0,0.0,0.0,0.0,0.0,0.0,0.0,0.0,gsis_id,0.4738040137365553,True
00-0037098,WR,2026,0.4727491413980461,0.0109390613720439,2.4224665653324324,,,,,,,0.0175010736737442,2.54263998884932,0.2269574009412978,,,0.3896093881028941,False,Samori Toure,PHI,veteran_model,True,,True,ACT,,deep_bench,deep_bench_discounted,0.0,18.0,0.0,0.0,0.0,0.0,0.0,0.0,0.0,0.0,0.0,0.0,0.0,0.0,name,0.4727491413980461,True
00-0038547,TE,2026,0.4708684160117971,0.0482047446603451,2.159847994868931,,,,,,,0.0133745356869174,2.7064029479995253,0.2399618141806803,,,0.339903260416478,False,Luke Schoonmaker,DAL,veteran_model,True,,False,ACT,,deep_bench,deep_bench_discounted,1.3833333333333333,18.0,0.0,0.0,0.0,0.0,0.0,0.0,0.0,0.0,0.7222222222222222,0.0,6.888888888888889,0.05555555555555555,name,-0.9124649173215362,True
00-0032688,WR,2026,0.4701321362434421,0.0224334188468956,2.4198495601778283,,,,,,,0.0144431293843253,2.585003019919896,0.2499461158910014,,,0.3824052811347365,False,Robbie Chosen,WAS,veteran_model,True,,False,,,deep_bench,deep_bench_discounted,0.0,18.0,0.0,0.0,0.0,0.0,0.0,0.0,0.0,0.0,0.0,0.0,0.0,0.0,gsis_id,0.4701321362434421,True
00-0038458,RB,2026,0.467912084913628,0.0056803933553501,1.8785634975612169,,0.6998022725790546,,,,,0.0045843402234023,0.7164300872808608,0.1367142257300914,0.0163689143466882,2.021924358999532,0.1558885090684978,False,Owen Wright,TB,veteran_model,True,,False,,,deep_bench,deep_bench_discounted,0.0,18.0,0.0,0.0,0.0,0.0,0.0,0.0,0.0,0.0,0.0,0.0,0.0,0.0,name,0.467912084913628,True
00-0038115,TE,2026,0.4645594742049989,0.0515849690426739,2.153539053062133,,,,,,,0.0160869951703486,2.446763717102384,0.2467222629453379,,,0.3621895686599345,False,Daniel Bellinger,TEN,veteran_model,True,,True,ACT,2.0,backup,curated,1.7555555555555555,18.0,0.0,0.0,0.0,0.0,0.0,0.0,0.0,0.0,0.9444444444444444,0.0,9.5,0.05555555555555555,name,-1.2909960813505568,True
00-0040194,TE,2026,0.4639070008020407,0.0661662760177112,2.152886579659175,,,,,,,0.0142751598091302,2.403136034995533,0.2758848768954124,,,0.3486278836630648,False,Jackson Hawes,BUF,veteran_model,True,,False,ACT,,deep_bench,deep_bench_discounted,1.411111111111111,18.0,0.0,0.0,0.0,0.0,0.0,0.0,0.0,0.0,0.7222222222222222,0.0,7.166666666666667,0.05555555555555555,name,-0.9472041103090703,True
00-0039266,RB,2026,0.4624096074694113,0.0,1.873061020117,,0.6690691468498449,,,,,0.0024055739284786,0.7081101323603807,0.0882059815347246,0.014144993233198,2.481922004959513,0.1028400463663921,False,Kendall Milton,CIN,veteran_model,True,,False,ACT,,deep_bench,deep_bench_discounted,0.0,18.0,0.0,0.0,0.0,0.0,0.0,0.0,0.0,0.0,0.0,0.0,0.0,0.0,name,0.4624096074694113,True
00-0033589,WR,2026,0.4609584884053241,0.0134099572223652,2.410675912339709,,,,,,,0.0131237302630073,2.662665105063101,0.2318991926419405,,,0.3695547659595931,False,David Moore,CAR,veteran_model,True,,False,ACT,,deep_bench,deep_bench_discounted,0.18333333333333332,18.0,0.0,0.0,0.0,0.0,0.0,0.0,0.0,0.0,0.1111111111111111,0.0,1.2777777777777777,0.0,gsis_id,0.2776251550719908,True
00-0036265,RB,2026,0.4560982937694848,0.0,1.8667497064170733,,0.5734546758256011,,,,,0.0027492394909381,0.8606965336537794,0.1059425860919051,0.0181205784402784,1.918384397708553,0.1568400119138414,False,AJ Dillon,CAR,veteran_model,True,,True,ACT,,deep_bench,deep_bench_discounted,0.0,18.0,0.0,0.0,0.0,0.0,0.0,0.0,0.0,0.0,0.0,0.0,0.0,0.0,name,0.4560982937694848,True
00-0035249,TE,2026,0.45572417757857,0.0515564178458345,2.144703756435704,,,,,,,0.0162643792952591,2.3480532153118583,0.2466651605516592,,,0.2981674552967389,False,Josh Oliver,MIN,veteran_model,True,,False,ACT,2.0,backup,curated,1.3833333333333333,18.0,0.0,0.0,0.0,0.0,0.0,0.0,0.0,0.0,0.7222222222222222,0.0,6.888888888888889,0.05555555555555555,name,-0.9276091557547633,True
00-0038647,WR,2026,0.4544161860973659,0.0053037188503076,2.404133610031751,,,,,,,0.0158583806748551,2.514225440993227,0.2156867158978253,,,0.3641983470917695,False,Ronnie Bell,NO,veteran_model,True,,False,ACT,,deep_bench,deep_bench_discounted,0.0,18.0,0.0,0.0,0.0,0.0,0.0,0.0,0.0,0.0,0.0,0.0,0.0,0.0,name,0.4544161860973659,True
00-0037276,RB,2026,0.4515023463217953,0.0051944513342089,1.862153758969384,,0.6834837025892756,,,,,0.0053900621388196,0.7030188151531837,0.1357423416878089,0.0071939046924546,2.378254929749273,0.1718145217475334,False,Ty Chandler,NO,veteran_model,True,,True,ACT,,deep_bench,deep_bench_discounted,0.5,18.0,0.0,0.0,0.0,0.0,0.0,0.2777777777777778,1.1666666666666667,0.0,0.3333333333333333,0.0,2.1666666666666665,0.0,name,-0.04849765367820469,True
00-0035891,WR,2026,0.448754408454203,0.0,2.398471832388589,,,,,,,0.0164652452652292,2.582389074875977,0.1834480587504603,,,0.2621605826766074,False,Cody White,SEA,veteran_model,True,,False,ACT,,deep_bench,deep_bench_discounted,0.3611111111111111,18.0,0.0,0.0,0.0,0.0,0.0,0.0,0.0,0.0,0.2222222222222222,0.0,2.5,0.0,name,0.0876432973430919,True
00-0039920,WR,2026,0.4484570639505151,0.0233185687631447,2.398174487884901,,,,,,,0.0180714533568915,2.141701359474163,0.2517164157234996,,,0.3198843907171548,False,Malachi Corley,CLE,veteran_model,True,,False,ACT,,deep_bench,deep_bench_discounted,0.3222222222222222,18.0,0.0,0.0,0.0,0.0,0.0,0.2777777777777778,1.5555555555555556,0.0,0.1111111111111111,0.0,1.1111111111111112,0.0,name,0.1262348417282929,True
00-0033854,RB,2026,0.4476900602782225,0.0074761876169324,1.858341472925812,,0.5007668044425212,,,,,0.0032497921090265,1.0624095447696251,0.1403058142532559,0.0098685703436281,1.9258602395870448,0.1866077135836226,False,Dare Ogunbowale,HOU,veteran_model,True,,False,,,deep_bench,deep_bench_discounted,0.3055555555555556,18.0,0.0,0.0,0.0,0.0,0.0,0.1111111111111111,0.4444444444444444,0.0,0.2222222222222222,0.0,1.5,0.0,gsis_id,0.14213450472266692,True
00-0040024,WR,2026,0.4428128425524261,0.0014964974000447,2.392530266486812,,,,,,,0.0144247162380074,2.52228408625732,0.2080722729972995,,,0.3539905223097525,False,Darius Cooper,PHI,veteran_model,True,,False,ACT,,deep_bench,deep_bench_discounted,0.2888888888888889,18.0,0.0,0.0,0.0,0.0,0.0,0.0,0.0,0.0,0.16666666666666666,0.0,2.0555555555555554,0.0,name,0.15392395366353717,True
00-0040009,WR,2026,0.442753056090139,0.0218930352836998,2.3924704800245253,,,,,,,0.0143867567173218,2.3199984140390337,0.2488653487646097,,,0.3147989651856039,False,Savion Williams,GB,veteran_model,True,,False,ACT,,deep_bench,deep_bench_discounted,1.5,18.0,0.0,0.0,0.0,0.0,0.0,0.3333333333333333,2.3333333333333335,0.0,0.5555555555555556,0.0,6.555555555555555,0.05555555555555555,name,-1.057246943909861,True
00-0040172,WR,2026,0.4381772658921891,0.0,2.3878946898265747,,,,,,,0.0184582676382368,2.342384242033178,0.186378471718901,,,0.2938909370049734,False,Jordan Watkins,SF,veteran_model,True,,False,ACT,,deep_bench,deep_bench_discounted,0.10555555555555556,18.0,0.0,0.0,0.0,0.0,0.0,0.0,0.0,0.0,0.05555555555555555,0.0,0.7777777777777778,0.0,name,0.3326217103366335,True
00-0033375,WR,2026,0.4376514330940615,0.0076733854717516,2.3873688570284477,,,,,,,0.0185404000854703,2.1619600801088303,0.2204260491407134,,,0.3574195058815022,False,Tim Patrick,NYJ,veteran_model,True,,True,ACT,,deep_bench,deep_bench_discounted,0.5944444444444444,18.0,0.0,0.0,0.0,0.0,0.0,0.0,0.0,0.0,0.3333333333333333,0.0,4.277777777777778,0.0,gsis_id,-0.15679301135038293,True
00-0039623,WR,2026,0.4359545490147478,0.0135180660429144,2.3856719729491336,,,,,,,0.0137801690342717,2.3721582966759818,0.2321154102830388,,,0.3950003494292426,False,Mason Tipton,NO,veteran_model,True,,False,ACT,,deep_bench,deep_bench_discounted,0.0,18.0,0.0,0.0,0.0,0.0,0.0,0.0,0.0,0.0,0.0,0.0,0.0,0.0,name,0.4359545490147478,True
00-0039379,WR,2026,0.4352554126048419,0.0052429786848295,2.3849728365392284,,,,,,,0.0108712262126278,2.622454375456405,0.2155652355668692,,,0.3689293835531033,False,Jamari Thrash,CLE,veteran_model,True,,False,ACT,,deep_bench,deep_bench_discounted,0.0,18.0,0.0,0.0,0.0,0.0,0.0,0.0,0.0,0.0,0.0,0.0,0.0,0.0,name,0.4352554126048419,True
00-0036360,RB,2026,0.4342722967032829,0.0,1.8449237093508728,,0.572447043165387,,,,,0.0014850827969438,0.6633472362464768,0.1026227196411762,0.0170382247914389,2.0548636772775093,0.1163214814663917,False,Clyde Edwards-Helaire,KC,veteran_model,True,,False,,,deep_bench,deep_bench_discounted,0.044444444444444446,18.0,0.0,0.0,0.0,0.0,0.0,0.1111111111111111,0.4444444444444444,0.0,0.0,0.0,0.0,0.0,name,0.3898278522588384,True
00-0038728,WR,2026,0.4341120863538484,0.0010937983433897,2.383829510288234,,,,,,,0.0058076709210698,2.956326233854348,0.2072668748839895,,,0.368450023066893,False,Jared Wayne,HOU,veteran_model,True,,False,ACT,,deep_bench,deep_bench_discounted,0.0,18.0,0.0,0.0,0.0,0.0,0.0,0.0,0.0,0.0,0.0,0.0,0.0,0.0,name,0.4341120863538484,True
00-0037594,RB,2026,0.4333939551227357,0.0,1.844045367770325,,0.6798078962200731,,,,,0.0008332439592148,0.7166762098814563,0.0747492125567509,0.0164693419506266,2.2053621239716623,0.0965060175455065,False,Julius Chestnut,TEN,veteran_model,True,,False,ACT,,deep_bench,deep_bench_discounted,0.25555555555555554,18.0,0.0,0.0,0.0,0.0,0.0,0.2777777777777778,1.1111111111111112,0.0,0.1111111111111111,0.0,0.8888888888888888,0.0,name,0.17783839956718017,True
00-0034521,WR,2026,0.4322006230237218,0.0061797264933988,2.381918046958108,,,,,,,0.0170830049846001,2.2098322752411743,0.2174387311840077,,,0.3690772618324425,False,Allen Lazard,NYJ,veteran_model,True,,False,,,deep_bench,deep_bench_discounted,0.27222222222222225,18.0,0.0,0.0,0.0,0.0,0.0,0.0,0.0,0.0,0.16666666666666666,0.0,1.8888888888888888,0.0,gsis_id,0.15997840080149955,True
00-0037805,TE,2026,0.431914303162272,0.0478306942393719,2.120893882019406,,,,,,,0.020175951340711,1.9528326449900848,0.2311506612379951,,,0.3222488859555173,False,Jeremy Ruckert,NYJ,veteran_model,True,,False,ACT,2.0,backup,curated,0.37777777777777777,18.0,0.0,0.0,0.0,0.0,0.0,0.0,0.0,0.0,0.2777777777777778,0.0,2.388888888888889,0.0,name,0.054136525384494205,True
00-0038397,RB,2026,0.4262834614260377,0.0,1.8369348740736275,,0.6503019745218532,,,,,0.001531586158983,0.6980788929156626,0.1040322391826658,0.0121870549524262,2.2214760587468327,0.1372307255951776,False,Evan Hull,HOU,veteran_model,True,,True,ACT,,deep_bench,deep_bench_discounted,0.0,18.0,0.0,0.0,0.0,0.0,0.0,0.0,0.0,0.0,0.0,0.0,0.0,0.0,name,0.4262834614260377,True
00-0039816,WR,2026,0.4258922649558548,0.0,2.3756096888902407,,,,,,,0.0133904581565936,2.505422404327568,0.1900145511670728,,,0.293583483003754,False,Anthony Gould,IND,veteran_model,True,,False,ACT,,deep_bench,deep_bench_discounted,0.15000000000000002,18.0,0.0,0.0,0.0,0.0,0.0,0.05555555555555555,0.3333333333333333,0.0,0.05555555555555555,0.0,0.8888888888888888,0.0,name,0.2758922649558548,True
00-0034272,WR,2026,0.425854704097348,0.0038904261872975,2.375572128031734,,,,,,,0.0139590775607321,2.356701734470529,0.212860130571805,,,0.3376764873878815,False,Marquez Valdes-Scantling,DAL,veteran_model,True,,True,ACT,,deep_bench,deep_bench_discounted,1.2722222222222221,18.0,0.0,0.0,0.0,0.0,0.0,0.05555555555555555,0.3333333333333333,0.0,0.4444444444444444,0.0,6.833333333333333,0.05555555555555555,gsis_id,-0.8463675181248742,True
00-0036427,WR,2026,0.4252041738565537,0.0066683189293568,2.37492159779094,,,,,,,0.0121251939495346,2.4324505213138425,0.2184159160559237,,,0.3365700739027494,False,Tyler Johnson,DAL,veteran_model,True,,True,ACT,,deep_bench,deep_bench_discounted,0.2777777777777778,18.0,0.0,0.0,0.0,0.0,0.0,0.0,0.0,0.0,0.16666666666666666,0.0,1.9444444444444444,0.0,name,0.1474263960787759,True
00-0038839,WR,2026,0.424733990809213,1.830948839313118e-05,2.374451414743599,,,,,,,0.0169410133258553,2.205299622670831,0.2051158971739963,,,0.3302758760159843,False,Mitchell Tinsley,CIN,veteran_model,True,,False,ACT,,deep_bench,deep_bench_discounted,,,,,,,,,,,,,,,unmatched,,False
00-0036980,WR,2026,0.420924681311985,0.0,2.370642105246371,,,,,,,0.0128551985352382,2.426940759800893,0.2021988282409332,,,0.3478305834416436,False,Elijah Moore,PHI,veteran_model,True,,True,ACT,,deep_bench,deep_bench_discounted,0.0,18.0,0.0,0.0,0.0,0.0,0.0,0.0,0.0,0.0,0.0,0.0,0.0,0.0,name,0.420924681311985,True
00-0039062,WR,2026,0.420868920148052,0.0004505152019558,2.370586344082438,,,,,,,0.0132884383010644,2.3814813604110485,0.2059803086011216,,,0.3800144682353959,False,Jonathan Mingo,DAL,veteran_model,True,,False,ACT,,deep_bench,deep_bench_discounted,0.0,18.0,0.0,0.0,0.0,0.0,0.0,0.0,0.0,0.0,0.0,0.0,0.0,0.0,name,0.420868920148052,True
00-0036328,RB,2026,0.4200702611992238,0.0,1.830721673846813,,0.6509942586522376,,,,,0.0011103985136281,0.6616309039850253,0.1125154498259032,0.0099082399921887,2.315376148528689,0.1166448728073815,False,Antonio Gibson,NE,veteran_model,True,,False,,,deep_bench,deep_bench_discounted,0.1611111111111111,18.0,0.0,0.0,0.0,0.0,0.0,0.05555555555555555,0.2222222222222222,0.0,0.1111111111111111,0.0,0.8333333333333334,0.0,name,0.2589591500881127,True
00-0037093,WR,2026,0.4192647894360043,0.0,2.3689822133703906,,,,,,,0.0118287288750926,2.5403974846871966,0.1885053354334581,,,0.2982889610948123,False,Dareke Young,LV,veteran_model,True,,True,ACT,,deep_bench,deep_bench_discounted,0.2,18.0,0.0,0.0,0.0,0.0,0.0,0.0,0.0,0.0,0.1111111111111111,0.0,1.4444444444444444,0.0,name,0.2192647894360043,True
00-0035500,WR,2026,0.4173937353985346,0.0123422410890913,2.367111159332921,,,,,,,0.0152731423743195,2.1087300096492125,0.2297637603753928,,,0.3018894330356819,False,Greg Dortch,DET,veteran_model,True,,True,ACT,,deep_bench,deep_bench_discounted,1.15,18.0,0.0,0.0,0.0,0.0,0.0,0.16666666666666666,0.8888888888888888,0.0,0.5555555555555556,0.0,5.611111111111111,0.05555555555555555,name,-0.7326062646014653,True
00-0039912,TE,2026,0.4173022239114791,0.0403132583978135,2.106281802768613,,,,,,,0.0102782269232674,2.4354344154406617,0.2241788416556171,,,0.3200419526990244,False,Ben Sinnott,WAS,veteran_model,True,,False,ACT,,deep_bench,deep_bench_discounted,1.2222222222222223,18.0,0.0,0.0,0.0,0.0,0.0,0.0,0.0,0.0,0.6111111111111112,0.0,5.833333333333333,0.05555555555555555,name,-0.8049199983107432,True
00-0036841,WR,2026,0.4168737442835656,0.0059070086828719,2.366591168217952,,,,,,,0.0165639183847012,2.0904358619388144,0.2168932955629539,,,0.4027283526768571,False,Austin Trammell,JAX,veteran_model,True,,False,ACT,,deep_bench,deep_bench_discounted,0.0,18.0,0.0,0.0,0.0,0.0,0.0,0.0,0.0,0.0,0.0,0.0,0.0,0.0,name,0.4168737442835656,True
00-0040259,WR,2026,0.4166381206647171,0.012166773355421,2.366355544599103,,,,,,,0.0140679686798939,2.1752389613132768,0.2294128249080521,,,0.3685687985481786,False,Gage Larvadain,CLE,veteran_model,True,,False,ACT,,deep_bench,deep_bench_discounted,0.07777777777777778,18.0,0.0,0.0,0.0,0.0,0.0,0.0,0.0,0.0,0.05555555555555555,0.0,0.5,0.0,name,0.33886034288693934,True
00-0040317,WR,2026,0.4159097728304318,0.0,2.365627196764818,,,,,,,0.0142831712092473,2.351330534396605,0.1901553842705751,,,0.260036623760754,False,Jacoby Jones,WAS,veteran_model,True,,False,ACT,,deep_bench,deep_bench_discounted,0.0,18.0,0.0,0.0,0.0,0.0,0.0,0.0,0.0,0.0,0.0,0.0,0.0,0.0,name,0.4159097728304318,True
00-0040184,WR,2026,0.4146700126228843,0.0035873504582139,2.3643874365572697,,,,,,,0.0165679541279502,2.0913529829836413,0.212253979113638,,,0.3260658724518942,False,KeAndre Lambert-Smith,LAC,veteran_model,True,,False,ACT,,deep_bench,deep_bench_discounted,1.6111111111111112,18.0,0.0,0.0,0.0,0.0,0.0,0.05555555555555555,0.3333333333333333,0.0,0.7222222222222222,0.0,8.833333333333334,0.05555555555555555,name,-1.196441098488227,True
00-0040218,WR,2026,0.4143667189453448,0.0167576190715387,2.3640841428797312,,,,,,,0.0107670104606189,2.304673980114877,0.2385945163402875,,,0.3161243367615659,False,Jimmy Horn Jr.,CAR,veteran_model,True,,False,ACT,,deep_bench,deep_bench_discounted,1.4,18.0,0.0,0.0,0.0,0.0,0.0,0.16666666666666666,1.0,0.0,0.5555555555555556,0.0,6.888888888888889,0.05555555555555555,name,-0.9856332810546551,True
00-0039746,RB,2026,0.4143657810258887,0.0,1.825017193673478,,0.4598203229441164,,,,,0.0024525462514971,0.788946235063387,0.1218164098189826,0.0072954572562726,2.1607493156344053,0.1852290061721665,False,Will Shipley,PHI,veteran_model,True,,False,ACT,,deep_bench,deep_bench_discounted,1.6,18.0,0.0,0.0,0.0,0.0,0.0,1.3888888888888888,5.833333333333333,0.05555555555555555,0.5555555555555556,0.0,4.055555555555555,0.0,name,-1.1856342189741114,True
00-0035645,WR,2026,0.4141750697377401,0.009894534878553,2.3638924936721257,,,,,,,0.0108456028371155,2.3666727873788904,0.224868347954316,,,0.3468239142589326,False,Gunner Olszewski,NYG,veteran_model,True,,False,RES,,deep_bench,deep_bench_discounted,0.0,18.0,0.0,0.0,0.0,0.0,0.0,0.0,0.0,0.0,0.0,0.0,0.0,0.0,name,0.4141750697377401,True
00-0038891,WR,2026,0.4139199749139125,0.0,2.363637398848298,,,,,,,0.0110814761509636,2.5261591166317428,0.1896304126899133,,,0.3001224026024934,False,Shedrick Jackson,LV,veteran_model,True,,False,ACT,,deep_bench,deep_bench_discounted,0.0,18.0,0.0,0.0,0.0,0.0,0.0,0.0,0.0,0.0,0.0,0.0,0.0,0.0,name,0.4139199749139125,True
00-0036906,RB,2026,0.4135857491376327,0.0,1.824237161785222,,0.6526186508440291,,,,,0.0019259617871677,0.995197898421766,0.108562351904343,0.0058498971690575,2.1312962960593342,0.1675001953556284,False,Khalil Herbert,NYJ,veteran_model,True,,False,,,deep_bench,deep_bench_discounted,0.0,18.0,0.0,0.0,0.0,0.0,0.0,0.0,0.0,0.0,0.0,0.0,0.0,0.0,name,0.4135857491376327,True
00-0038738,RB,2026,0.4133938965165799,0.0202931955162864,1.8240453091641688,,0.4339536421082796,,,,,0.0066302008959993,1.0017831094380412,0.165939830051964,0.0058652490909667,1.552729706249978,0.2432943551589484,False,Hunter Luepke,DAL,veteran_model,True,,False,ACT,,deep_bench,deep_bench_discounted,,,,,,,,,,,,,,,unmatched,,False
00-0036862,WR,2026,0.4130990291296152,0.0,2.362816453064001,,,,,,,0.0068011847634063,2.760333022079346,0.1925172366824856,,,0.3360670208200085,False,Ben Skowronek,PIT,veteran_model,True,,False,ACT,,deep_bench,deep_bench_discounted,0.03333333333333333,18.0,0.0,0.0,0.0,0.0,0.0,0.05555555555555555,0.3333333333333333,0.0,0.0,0.0,0.0,0.0,name,0.3797656957962819,True
00-0037524,WR,2026,0.4111953997867017,0.0,2.360912823721088,,,,,,,0.0122811268834937,2.45844179932876,0.1833289171057269,,,0.3077377207318791,False,Tay Martin,WAS,veteran_model,True,,False,,,deep_bench,deep_bench_discounted,0.0,18.0,0.0,0.0,0.0,0.0,0.0,0.0,0.0,0.0,0.0,0.0,0.0,0.0,name,0.4111953997867017,True
00-0038896,RB,2026,0.4087891074156794,0.0,1.8194405200632688,,0.6881677918710906,,,,,0.0024727049321871,0.7115929833817586,0.1130940702729222,0.0108406244867474,2.0120279742743548,0.1096323080137774,False,Jacob Saylors,DET,veteran_model,True,,False,ACT,,deep_bench,deep_bench_discounted,0.0,18.0,0.0,0.0,0.0,0.0,0.0,0.0,0.0,0.0,0.0,0.0,0.0,0.0,name,0.4087891074156794,True
00-0040476,RB,2026,0.4073326208151864,0.0,1.817984033462775,,0.6461599930164178,,,,,0.0018226706068729,0.6132397036251095,0.1079475148853988,0.0117357091341679,2.106846145637313,0.1252246468978573,False,Ulysses Bentley IV,IND,veteran_model,True,,False,ACT,,deep_bench,deep_bench_discounted,0.0,18.0,0.0,0.0,0.0,0.0,0.0,0.0,0.0,0.0,0.0,0.0,0.0,0.0,name,0.4073326208151864,True
00-0040208,RB,2026,0.4068277662210513,0.0,1.817479178868641,,0.6233223300386777,,,,,0.0016089825323201,0.6504369802732795,0.0670727748494057,0.0103431691835985,2.365347704735089,0.0803465013562946,False,Tahj Brooks,CIN,veteran_model,True,,False,ACT,,deep_bench,deep_bench_discounted,1.2722222222222221,18.0,0.0,0.0,0.0,0.0,0.0,1.8333333333333333,7.333333333333333,0.05555555555555555,0.16666666666666666,0.0,1.2222222222222223,0.0,name,-0.8653944560011708,True
00-0040058,TE,2026,0.4047682043135678,0.0196378283952524,2.093747783170701,,,,,,,0.0180875068991242,2.0482917209357514,0.182827981650495,,,0.2855938828002258,False,Nick Kallerup,SEA,veteran_model,True,,False,ACT,,deep_bench,deep_bench_discounted,0.0,18.0,0.0,0.0,0.0,0.0,0.0,0.0,0.0,0.0,0.0,0.0,0.0,0.0,name,0.4047682043135678,True
00-0035602,WR,2026,0.4036229000439266,0.008508552302098,2.353340323978313,,,,,,,0.0109733281822362,2.267347395498063,0.2220963828014062,,,0.3114229086084999,False,Alex Bachman,LV,veteran_model,True,,False,,,deep_bench,deep_bench_discounted,0.0,18.0,0.0,0.0,0.0,0.0,0.0,0.0,0.0,0.0,0.0,0.0,0.0,0.0,name,0.4036229000439266,True
00-0038953,WR,2026,0.3986465177241353,0.0109889131007074,2.348363941658521,,,,,,,0.0169205131064725,1.8359488688598784,0.227057104398625,,,0.334755081446054,False,Dylan Drummond,ATL,veteran_model,True,,False,ACT,,deep_bench,deep_bench_discounted,0.0,18.0,0.0,0.0,0.0,0.0,0.0,0.0,0.0,0.0,0.0,0.0,0.0,0.0,name,0.3986465177241353,True
00-0036842,RB,2026,0.3967838346949803,0.0064489428529185,1.8074352473425697,,0.7612199392516994,,,,,0.0003686858775784,0.6534098681921616,0.0990670020163024,0.0008970139676487,2.743151477962503,0.0935435524812776,False,Kene Nwangwu,NYJ,veteran_model,True,,False,ACT,,deep_bench,deep_bench_discounted,0.0,18.0,0.0,0.0,0.0,0.0,0.0,0.0,0.0,0.0,0.0,0.0,0.0,0.0,name,0.3967838346949803,True
00-0036133,WR,2026,0.3957844230213035,0.0,2.3455018469556896,,,,,,,0.0114422996250029,2.331283509029006,0.188004548736771,,,0.318825910009426,False,James Proche,TEN,veteran_model,True,,False,,,deep_bench,deep_bench_discounted,0.03333333333333333,18.0,0.0,0.0,0.0,0.0,0.0,0.05555555555555555,0.3333333333333333,0.0,0.0,0.0,0.0,0.0,name,0.3624510896879702,True
00-0038720,TE,2026,0.3956387701505041,0.0370687794759381,2.084618349007638,,,,,,,0.016785945171668,1.8607815721456284,0.2176898838118664,,,0.2867197663247369,False,Julian Hill,NE,veteran_model,True,,True,RES,,deep_bench,deep_bench_discounted,0.22777777777777775,18.0,0.0,0.0,0.0,0.0,0.0,0.0,0.0,0.0,0.16666666666666666,0.0,1.4444444444444444,0.0,name,0.16786099237272634,True
00-0039530,TE,2026,0.3921629218982263,0.0258959023517804,2.08114250075536,,,,,,,0.0131892094697732,2.153556002978116,0.195344129563551,,,0.2909973481735374,False,Brevyn Spann-Ford,DAL,veteran_model,True,,False,ACT,2.0,backup,curated,1.2999999999999998,18.0,0.0,0.0,0.0,0.0,0.0,0.0,0.0,0.0,0.6666666666666666,0.0,6.333333333333333,0.05555555555555555,name,-0.9078370781017735,True
00-0037475,TE,2026,0.3921595916367131,0.0335718653543806,2.081139170493847,,,,,,,0.0103554210425057,2.246790375973033,0.2106960555687513,,,0.3443622684655096,False,Stone Smartt,PHI,veteran_model,True,,True,ACT,,deep_bench,deep_bench_discounted,0.23333333333333334,18.0,0.0,0.0,0.0,0.0,0.0,0.0,0.0,0.0,0.16666666666666666,0.0,1.5,0.0,name,0.15882625830337976,True
00-0038824,WR,2026,0.391976088766271,0.0,2.3416935127006564,,,,,,,0.0138993179004533,2.13251450608226,0.1906574615106503,,,0.3110305761217325,False,Ryan Miller,NYG,veteran_model,True,,True,ACT,,deep_bench,deep_bench_discounted,0.0,18.0,0.0,0.0,0.0,0.0,0.0,0.0,0.0,0.0,0.0,0.0,0.0,0.0,name,0.391976088766271,True
00-0037132,WR,2026,0.3915139695922592,0.018963860655183,2.3412313935266456,,,,,,,0.0083428654155261,2.1995327734531456,0.2430069995075762,,,0.3506682738683153,False,Britain Covey,PHI,veteran_model,True,,False,ACT,,deep_bench,deep_bench_discounted,0.0,18.0,0.0,0.0,0.0,0.0,0.0,0.0,0.0,0.0,0.0,0.0,0.0,0.0,name,0.3915139695922592,True
00-0035298,WR,2026,0.3912895810262419,0.0064652590927924,2.341007004960628,,,,,,,0.0084936184836289,2.31322971933071,0.218009796382795,,,0.3236640823125671,False,Scott Miller,CHI,veteran_model,True,,True,ACT,,deep_bench,deep_bench_discounted,,,,,,,,,,,,,,,unmatched,,False
00-0033357,TE,2026,0.3900975825384346,0.0437905252931303,2.0790771613955688,,,,,,,0.0102639891155995,2.129469601217123,0.2311333754462506,,,0.3391193307642233,False,Taysom Hill,NO,veteran_model,True,,False,,,deep_bench,deep_bench_discounted,0.4166666666666667,18.0,0.0,0.0,0.0,0.0,0.0,0.2777777777777778,1.1111111111111112,0.0,0.2222222222222222,0.0,1.9444444444444444,0.0,gsis_id,-0.026569084128232112,True
00-0036754,TE,2026,0.3888618813904081,0.0323804915150456,2.077841460247542,,,,,,,0.0133519964430486,2.045932487870759,0.2083133078900813,,,0.2813595967433091,False,Brock Wright,DET,veteran_model,True,,False,ACT,2.0,backup,curated,1.2111111111111112,18.0,0.0,0.0,0.0,0.0,0.0,0.0,0.0,0.0,0.6111111111111112,0.0,5.722222222222222,0.05555555555555555,name,-0.8222492297207031,True
00-0037348,TE,2026,0.3887447173160299,0.0335741475521509,2.077724296173164,,,,,,,0.013975700446439,1.9954020465524995,0.2107006199642919,,,0.3171316872800822,False,Tanner Conner,NYG,veteran_model,True,,True,ACT,,deep_bench,deep_bench_discounted,0.0,18.0,0.0,0.0,0.0,0.0,0.0,0.0,0.0,0.0,0.0,0.0,0.0,0.0,name,0.3887447173160299,True
00-0038840,WR,2026,0.3880815666854244,0.0,2.3377989906198096,,,,,,,0.0108920538250943,2.29263621894851,0.1869312436800151,,,0.3068936911579936,False,Brycen Tremayne,CAR,veteran_model,True,,False,ACT,,deep_bench,deep_bench_discounted,0.0,18.0,0.0,0.0,0.0,0.0,0.0,0.0,0.0,0.0,0.0,0.0,0.0,0.0,name,0.3880815666854244,True
00-0039650,WR,2026,0.3880633857611697,0.0016655488821378,2.3377808096955563,,,,,,,0.0091317866778441,2.2906747771336224,0.2084103759614858,,,0.318864259923049,False,Bryce Oliver,TEN,veteran_model,True,,False,ACT,,deep_bench,deep_bench_discounted,0.0,18.0,0.0,0.0,0.0,0.0,0.0,0.0,0.0,0.0,0.0,0.0,0.0,0.0,name,0.3880633857611697,True
00-0037258,RB,2026,0.3861822359726281,0.0,1.7968336486202172,,0.6102118834586968,,,,,0.0019342469876266,0.6268781242585855,0.0851800732715969,0.0053628538833549,2.3712178168508213,0.1182796949341808,False,Dameon Pierce,PHI,veteran_model,True,,True,ACT,,deep_bench,deep_bench_discounted,1.1277777777777778,18.0,0.0,0.0,0.0,0.0,0.0,1.3888888888888888,5.888888888888889,0.05555555555555555,0.16666666666666666,0.0,1.2222222222222223,0.0,name,-0.7415955418051496,True
00-0038465,WR,2026,0.3852986509829534,0.0,2.3350160749173394,,,,,,,0.0093843533940495,2.3320640510314226,0.1915722510310284,,,0.3270850386938482,False,Malik Heath,GB,veteran_model,True,,False,,,deep_bench,deep_bench_discounted,0.0,18.0,0.0,0.0,0.0,0.0,0.0,0.0,0.0,0.0,0.0,0.0,0.0,0.0,name,0.3852986509829534,True
00-0036176,WR,2026,0.3824204173601899,0.0,2.332137841294576,,,,,,,0.0103193491244684,2.3078127231695813,0.1794461005928429,,,0.2867037286262706,False,Mason Kinsey,TEN,veteran_model,True,,False,ACT,,deep_bench,deep_bench_discounted,0.0,18.0,0.0,0.0,0.0,0.0,0.0,0.0,0.0,0.0,0.0,0.0,0.0,0.0,name,0.3824204173601899,True
00-0037015,TE,2026,0.3823537354938926,0.0165799027249623,2.071333314351026,,,,,,,0.0137490408807944,2.1150342505416884,0.1767121303099147,,,0.31959589424538,False,Sal Cannella,CLE,veteran_model,True,,False,,,deep_bench,deep_bench_discounted,0.0,18.0,0.0,0.0,0.0,0.0,0.0,0.0,0.0,0.0,0.0,0.0,0.0,0.0,name,0.3823537354938926,True
00-0036959,WR,2026,0.3822474484116085,0.0061294013309159,2.3319648723459947,,,,,,,0.0084254517570566,2.23025697439748,0.2173380808590419,,,0.3061537763081002,False,Michael Bandy,DEN,veteran_model,True,,False,ACT,,deep_bench,deep_bench_discounted,0.0,18.0,0.0,0.0,0.0,0.0,0.0,0.0,0.0,0.0,0.0,0.0,0.0,0.0,name,0.3822474484116085,True
00-0036849,WR,2026,0.3819404364534026,0.0,2.3316578603877884,,,,,,,0.0081416740729358,2.38674871499515,0.1888310410325455,,,0.3542561979257547,False,Tutu Atwell,MIA,veteran_model,True,,True,ACT,,deep_bench,deep_bench_discounted,1.5666666666666667,18.0,0.0,0.0,0.0,0.0,0.0,0.1111111111111111,0.6666666666666666,0.0,0.6111111111111112,0.0,8.61111111111111,0.05555555555555555,name,-1.184726230213264,True
00-0039394,WR,2026,0.381154287496428,0.0,2.330871711430814,,,,,,,0.0146320776861713,2.030978462506608,0.1805279502574788,,,0.3181926052410934,False,Casey Washington,ATL,veteran_model,True,,False,ACT,,deep_bench,deep_bench_discounted,0.0,18.0,0.0,0.0,0.0,0.0,0.0,0.0,0.0,0.0,0.0,0.0,0.0,0.0,name,0.381154287496428,True
00-0038040,RB,2026,0.3802360149148789,0.0,1.790887427562467,,0.5593108900817184,,,,,0.002957294842375,0.6171787905478189,0.0887071630334048,0.0051432836714191,2.2556108326063,0.1254993180028212,False,Zamir White,LV,veteran_model,True,,False,,,deep_bench,deep_bench_discounted,0.22777777777777775,18.0,0.0,0.0,0.0,0.0,0.0,0.2777777777777778,1.1666666666666667,0.0,0.1111111111111111,0.0,0.5555555555555556,0.0,name,0.15245823713710116,True
00-0036630,WR,2026,0.3772358182040493,0.0,2.326953242138435,,,,,,,0.0063167842526941,2.403878150878445,0.1978945952000803,,,0.3139943149648139,False,Tylan Wallace,CLE,veteran_model,True,,True,ACT,,deep_bench,deep_bench_discounted,0.17777777777777778,18.0,0.0,0.0,0.0,0.0,0.0,0.0,0.0,0.0,0.1111111111111111,0.0,1.2222222222222223,0.0,name,0.1994580404262715,True
00-0035876,WR,2026,0.3752293678664835,0.0150030222686863,2.324946791800869,,,,,,,0.0050529727627702,2.2736886992257093,0.2350853227345827,,,0.3270251842649314,False,Andre Baccellia,ARI,veteran_model,True,,False,,,deep_bench,deep_bench_discounted,0.0,18.0,0.0,0.0,0.0,0.0,0.0,0.0,0.0,0.0,0.0,0.0,0.0,0.0,name,0.3752293678664835,True
00-0036876,TE,2026,0.3733780930524228,0.0233851041140171,2.062357671909557,,,,,,,0.0129599359545258,2.0045721078125585,0.1903225330880243,,,0.2801379866185605,False,Kylen Granson,TEN,veteran_model,True,,True,ACT,,deep_bench,deep_bench_discounted,0.16666666666666666,18.0,0.0,0.0,0.0,0.0,0.0,0.0,0.0,0.0,0.1111111111111111,0.0,1.1111111111111112,0.0,name,0.20671142638575615,True
00-0037091,WR,2026,0.3682156728690646,0.0,2.31793309680345,,,,,,,0.010289002775963,2.1548113693635105,0.1820010385538712,,,0.2844686645398999,False,Bo Melton,GB,veteran_model,True,,False,ACT,,deep_bench,deep_bench_discounted,0.43333333333333335,18.0,0.0,0.0,0.0,0.0,0.0,0.05555555555555555,0.3333333333333333,0.0,0.2222222222222222,0.0,2.888888888888889,0.0,name,-0.06511766046426876,True
00-0034854,WR,2026,0.3677687159821357,0.0,2.3174861399165216,,,,,,,0.0131722532025936,1.9288281094206248,0.1917047716490231,,,0.2920170708029563,False,KhaDarel Hodge,ATL,veteran_model,True,,False,,,deep_bench,deep_bench_discounted,0.0,18.0,0.0,0.0,0.0,0.0,0.0,0.0,0.0,0.0,0.0,0.0,0.0,0.0,gsis_id,0.3677687159821357,True
00-0037539,TE,2026,0.3667329278346619,0.0229866094473485,2.0557125066917954,,,,,,,0.0112064344328727,2.047315493600821,0.1895255437546872,,,0.2642699920180627,False,Lucas Krull,DEN,veteran_model,True,,False,ACT,,deep_bench,deep_bench_discounted,0.33888888888888885,18.0,0.0,0.0,0.0,0.0,0.0,0.0,0.0,0.0,0.2222222222222222,0.0,2.2777777777777777,0.0,name,0.02784403894577303,True
00-0036414,RB,2026,0.3648138528548285,0.0,1.7754652655024183,,0.552997861548825,,,,,0.0019586950328071,0.6294769291609829,0.0883239007139461,0.0054016363252345,2.135422214335075,0.1088667421238148,False,Cam Akers,MIN,veteran_model,True,,False,,,deep_bench,deep_bench_discounted,0.22777777777777775,18.0,0.0,0.0,0.0,0.0,0.0,0.2222222222222222,0.8888888888888888,0.0,0.1111111111111111,0.0,0.8333333333333334,0.0,name,0.13703607507705073,True
00-0035956,TE,2026,0.3641977474567711,0.027357567601174,2.053177326313905,,,,,,,0.0200696577518133,1.4803983543170542,0.1914799310283717,,,0.2405641547272696,False,Giovanni Ricci,DET,veteran_model,True,,False,,,deep_bench,deep_bench_discounted,,,,,,,,,,,,,,,unmatched,,False
00-0036628,TE,2026,0.3625388294245566,0.0330872309262404,2.051518408281691,,,,,,,0.0131870820129576,1.7855294399057553,0.209726786712471,,,0.2786277594753488,False,John Bates,WAS,veteran_model,True,,False,ACT,2.0,backup,curated,1.4055555555555557,18.0,0.0,0.0,0.0,0.0,0.0,0.0,0.0,0.0,0.7222222222222222,0.0,7.111111111111111,0.05555555555555555,name,-1.043016726130999,True
00-0034367,RB,2026,0.3620897519332844,0.0,1.772741164580873,,0.530155003464051,,,,,0.0028669777348033,0.5888534157270814,0.1070905872634919,0.0131579188011719,1.5350973751297916,0.1339337378735611,False,Nyheim Hines,LAC,veteran_model,True,,False,,,deep_bench,deep_bench_discounted,0.0,18.0,0.0,0.0,0.0,0.0,0.0,0.0,0.0,0.0,0.0,0.0,0.0,0.0,gsis_id,0.3620897519332844,True
00-0036331,WR,2026,0.3593191003497247,0.0006918036786378,2.3090365242841107,,,,,,,0.0096673122494759,1.980837840756264,0.2064628855544857,,,0.2786688078777753,False,Devin Duvernay,ARI,veteran_model,True,,True,ACT,,deep_bench,deep_bench_discounted,-0.07777777777777778,18.0,0.0,0.0,0.0,0.0,0.0,0.05555555555555555,0.3333333333333333,0.0,0.0,0.0,0.0,0.0,name,0.4370968781275025,True
00-0034613,TE,2026,0.359298696810329,0.0201201364719249,2.048278275667463,,,,,,,0.0179801194400732,1.5952168126796993,0.1837925978038398,,,0.244774774885974,False,Tanner Hudson,CIN,veteran_model,True,,False,ACT,,deep_bench,deep_bench_discounted,0.23888888888888887,18.0,0.0,0.0,0.0,0.0,0.0,0.0,0.0,0.0,0.16666666666666666,0.0,1.5555555555555556,0.0,gsis_id,0.12040980792144013,True
00-0034419,WR,2026,0.3576416492147699,0.0024339760711595,2.307359073149156,,,,,,,0.00693398803028,2.110641058633253,0.2099472303395291,,,0.2990641216434606,False,Braxton Berrios,NYG,veteran_model,True,,True,ACT,,deep_bench,deep_bench_discounted,0.0,18.0,0.0,0.0,0.0,0.0,0.0,0.0,0.0,0.0,0.0,0.0,0.0,0.0,gsis_id,0.3576416492147699,True
00-0037085,RB,2026,0.3574479765386759,0.0173228165242176,1.7680993891862646,,0.3783122739710376,,,,,0.0015623604499726,0.8422727315735699,0.1599990720678263,0.0055546451952577,1.5051913347602393,0.242982931901532,False,Tyler Badie,DEN,veteran_model,True,,False,ACT,,deep_bench,deep_bench_discounted,0.35555555555555557,18.0,0.0,0.0,0.0,0.0,0.0,0.2222222222222222,0.8888888888888888,0.0,0.2222222222222222,0.0,1.5555555555555556,0.0,name,0.0018924209831203131,True
00-0040646,WR,2026,0.3573755042682595,0.0,2.3070929282026453,,,,,,,0.0128271197526565,1.9721328053917264,0.1663990104262957,,,0.3380246328082459,False,Jalen Royals,KC,veteran_model,True,,False,ACT,,deep_bench,deep_bench_discounted,1.8166666666666669,18.0,0.0,0.0,0.0,0.0,0.0,0.05555555555555555,0.4444444444444444,0.0,0.8888888888888888,0.0,9.944444444444445,0.05555555555555555,name,-1.4592911623984075,True
00-0037086,TE,2026,0.3545777589044423,0.0246395210567987,2.0435573377615768,,,,,,,0.0094907304919753,2.012176924657967,0.1928313669735876,,,0.2687624112103053,False,Grant Calcaterra,PHI,veteran_model,True,,False,ACT,,deep_bench,deep_bench_discounted,1.1444444444444446,18.0,0.0,0.0,0.0,0.0,0.0,0.0,0.0,0.0,0.5555555555555556,0.0,5.333333333333333,0.05555555555555555,name,-0.7898666855400023,True
00-0038090,WR,2026,0.3539862760615384,0.0,2.3037036999959244,,,,,,,0.0078764713216215,2.1273047820267643,0.1879939398582659,,,0.2917152820212175,False,Skyy Moore,GB,veteran_model,True,,True,ACT,,deep_bench,deep_bench_discounted,0.1388888888888889,18.0,0.0,0.0,0.0,0.0,0.0,0.05555555555555555,0.3333333333333333,0.0,0.05555555555555555,0.0,0.7777777777777778,0.0,name,0.21509738717264948,True
00-0039299,RB,2026,0.353919581659129,0.0,1.7645709943067185,,0.4678130243715935,,,,,0.0040927512299125,0.6412131458355202,0.0773909306963986,0.0042521020249801,2.0103368219802213,0.1186621720093023,False,George Holani,SEA,veteran_model,True,,False,ACT,,deep_bench,deep_bench_discounted,1.2888888888888888,18.0,0.0,0.0,0.0,0.0,0.0,1.6666666666666667,6.833333333333333,0.05555555555555555,0.2222222222222222,0.0,1.6111111111111112,0.0,name,-0.9349693072297598,True
00-0040154,WR,2026,0.3538894105387689,0.0,2.3036068344731544,,,,,,,0.008621858253384,2.051936888004634,0.1939291444360031,,,0.2972963602020467,False,Tai Felton,MIN,veteran_model,True,,False,ACT,,deep_bench,deep_bench_discounted,1.3444444444444443,18.0,0.0,0.0,0.0,0.0,0.0,0.05555555555555555,0.3333333333333333,0.0,0.5555555555555556,0.0,7.0,0.05555555555555555,name,-0.9905550339056755,True
00-0038496,WR,2026,0.3538420875999576,0.0,2.303559511534344,,,,,,,0.0094443702873817,1.9929047680994671,0.1957707781314415,,,0.2953128070082814,False,Xavier Gipson,NYG,veteran_model,True,,True,ACT,,deep_bench,deep_bench_discounted,0.0,18.0,0.0,0.0,0.0,0.0,0.0,0.0,0.0,0.0,0.0,0.0,0.0,0.0,name,0.3538420875999576,True
00-0040488,TE,2026,0.3527350142287654,0.025719404225664,2.0417145930858998,,,,,,,0.0129675748134828,1.774339986922096,0.1949911333113181,,,0.2482148196646199,False,Carter Runyon,LV,veteran_model,True,,False,ACT,,deep_bench,deep_bench_discounted,0.0,18.0,0.0,0.0,0.0,0.0,0.0,0.0,0.0,0.0,0.0,0.0,0.0,0.0,name,0.3527350142287654,True
00-0040509,TE,2026,0.3502008758222154,0.0244063211137594,2.0391804546793493,,,,,,,0.012896958120671,1.766366435544349,0.192364967087509,,,0.2496173267666847,False,Ben Yurosek,MIN,veteran_model,True,,False,ACT,,deep_bench,deep_bench_discounted,0.16666666666666666,18.0,0.0,0.0,0.0,0.0,0.0,0.0,0.0,0.0,0.1111111111111111,0.0,1.1111111111111112,0.0,name,0.18353420915554872,True
00-0033217,TE,2026,0.3496838961453433,0.0332731719752447,2.038663475002477,,,,,,,0.0125512704768746,1.69326938878856,0.2100986688104795,,,0.2971601078262261,False,Mo Alie-Cox,IND,veteran_model,True,,False,ACT,2.0,backup,curated,0.6333333333333333,18.0,0.0,0.0,0.0,0.0,0.0,0.0,0.0,0.0,0.4444444444444444,0.0,4.111111111111111,0.0,gsis_id,-0.28364943718799,True
00-0039359,TE,2026,0.3482057322653912,0.028296272305113,2.037185311122525,,,,,,,0.0129957533878882,1.7015877720295398,0.2001448694702161,,,0.2552382499223794,False,Cade Stover,HOU,veteran_model,True,,False,ACT,,deep_bench,deep_bench_discounted,1.4555555555555555,18.0,0.0,0.0,0.0,0.0,0.0,0.1111111111111111,0.1111111111111111,0.0,0.7777777777777778,0.0,7.222222222222222,0.05555555555555555,name,-1.1073498232901642,True
00-0038492,WR,2026,0.3475382713609203,0.0,2.2972556952953056,,,,,,,0.0071743940903831,2.136822364236582,0.1816193407899271,,,0.2974219224912718,False,Jason Brownlee,KC,veteran_model,True,,False,ACT,,deep_bench,deep_bench_discounted,0.0,18.0,0.0,0.0,0.0,0.0,0.0,0.0,0.0,0.0,0.0,0.0,0.0,0.0,name,0.3475382713609203,True
00-0038046,TE,2026,0.347298920758442,0.0247713053171031,2.036278499615576,,,,,,,0.0115454260473599,1.814788967271844,0.1930949354941963,,,0.2686402047969188,False,Charlie Kolar,LAC,veteran_model,True,,True,ACT,,deep_bench,deep_bench_discounted,1.6888888888888889,18.0,0.0,0.0,0.0,0.0,0.0,0.05555555555555555,0.1111111111111111,0.0,0.8888888888888888,0.0,9.0,0.05555555555555555,name,-1.3415899681304468,True
00-0039737,TE,2026,0.3464479963967083,0.0149127118138519,2.035427575253842,,,,,,,0.0145299958902006,1.7257914681165778,0.1733777484876939,,,0.2655058288854439,False,Tip Reiman,ARI,veteran_model,True,,False,ACT,,deep_bench,deep_bench_discounted,0.6333333333333333,18.0,0.0,0.0,0.0,0.0,0.0,0.0,0.0,0.0,0.4444444444444444,0.0,4.111111111111111,0.0,name,-0.286885336936625,True
00-0037306,TE,2026,0.3464116576079892,0.0250462438540528,2.035391236465124,,,,,,,0.0147408192699794,1.6114433570406503,0.1936448125680956,,,0.2619619660637666,False,John FitzPatrick,GB,veteran_model,True,,False,,,deep_bench,deep_bench_discounted,0.0,18.0,0.0,0.0,0.0,0.0,0.0,0.0,0.0,0.0,0.0,0.0,0.0,0.0,name,0.3464116576079892,True
00-0037292,TE,2026,0.3463792422459478,0.0223837474917464,2.035358821103082,,,,,,,0.0114661377043974,1.83422506097822,0.1883198198434829,,,0.2726378771878577,False,Andrew Ogletree,IND,veteran_model,True,,False,ACT,,deep_bench,deep_bench_discounted,,,,,,,,,,,,,,,unmatched,,False
00-0035291,RB,2026,0.3447639861584282,0.0224111542599456,1.7554153988060168,,0.3399341249061241,,,,,0.0129078148754781,0.9220596199483282,0.1234150143445656,0.0,1.13403627738444,0.1248722409755382,False,Trayveon Williams,CLE,veteran_model,True,,False,,,deep_bench,deep_bench_discounted,0.0,18.0,0.0,0.0,0.0,0.0,0.0,0.0,0.0,0.0,0.0,0.0,0.0,0.0,name,0.3447639861584282,True
00-0036332,TE,2026,0.3388849435172091,0.0141353813581772,2.027864522374343,,,,,,,0.014253999945736,1.674494000546208,0.1718230875763446,,,0.2411216960336542,False,Josiah Deguara,ARI,veteran_model,True,,False,,,deep_bench,deep_bench_discounted,0.0,18.0,0.0,0.0,0.0,0.0,0.0,0.0,0.0,0.0,0.0,0.0,0.0,0.0,name,0.3388849435172091,True
00-0040363,TE,2026,0.3368092163165207,0.0258736742857988,2.025788795173655,,,,,,,0.0092146609806862,1.8387141371660969,0.1952996734315877,,,0.2856773847658935,False,Keleki Latu,BUF,veteran_model,True,,False,ACT,,deep_bench,deep_bench_discounted,0.0,18.0,0.0,0.0,0.0,0.0,0.0,0.0,0.0,0.0,0.0,0.0,0.0,0.0,name,0.3368092163165207,True
00-0036425,RB,2026,0.3356671496489537,0.0,1.7463185622965431,,0.5173833497223282,,,,,0.000486350615649,0.4950526642142644,0.0929182860703509,0.0048286683787741,2.078126262258132,0.1154839602970207,False,DeeJay Dallas,JAX,veteran_model,True,,False,ACT,,deep_bench,deep_bench_discounted,0.0,18.0,0.0,0.0,0.0,0.0,0.0,0.0,0.0,0.0,0.0,0.0,0.0,0.0,name,0.3356671496489537,True
00-0037004,TE,2026,0.3354747769173088,0.0333596287998627,2.0244543557744428,,,,,,,0.0111201912154544,1.636178383947246,0.2102715824597156,,,0.2875794499109353,False,Hunter Long,JAX,veteran_model,True,,False,ACT,,deep_bench,deep_bench_discounted,0.0,18.0,0.0,0.0,0.0,0.0,0.0,0.0,0.0,0.0,0.0,0.0,0.0,0.0,name,0.3354747769173088,True
00-0034418,WR,2026,0.3337357965430592,0.0,2.2834532204774454,,,,,,,0.0043342921139625,2.114136800148044,0.1926327276889596,,,0.3069721558510043,False,Cedrick Wilson Jr.,DET,veteran_model,True,,True,ACT,,deep_bench,deep_bench_discounted,0.0,18.0,0.0,0.0,0.0,0.0,0.0,0.0,0.0,0.0,0.0,0.0,0.0,0.0,name,0.3337357965430592,True
00-0039796,RB,2026,0.3315296168434668,0.0,1.7421810294910556,,0.3836031351207027,,,,,0.000896387368424,0.6606193952938791,0.1038223616374707,0.0109982780797668,1.4218850380619878,0.1655959365285704,False,Rasheen Ali,BAL,veteran_model,True,,False,ACT,,deep_bench,deep_bench_discounted,1.8166666666666669,18.0,0.0,0.0,0.0,0.0,0.0,1.6111111111111112,6.666666666666667,0.05555555555555555,0.6666666666666666,0.0,4.833333333333333,0.0,name,-1.4851370498232002,True
00-0038394,TE,2026,0.3313638187298087,0.0103556420222128,2.020343397586943,,,,,,,0.0111722809955245,1.8219832830445384,0.1642636089044158,,,0.2386841433427024,False,Will Mallory,IND,veteran_model,True,,False,ACT,,deep_bench,deep_bench_discounted,0.0,18.0,0.0,0.0,0.0,0.0,0.0,0.0,0.0,0.0,0.0,0.0,0.0,0.0,name,0.3313638187298087,True
00-0034487,WR,2026,0.3307486751506961,0.0,2.2804660990850825,,,,,,,0.0057538140873024,1.943545160289496,0.2037425491958642,,,0.3001896643004041,False,Trent Sherfield,BUF,veteran_model,True,,True,ACT,,deep_bench,deep_bench_discounted,0.1611111111111111,18.0,0.0,0.0,0.0,0.0,0.0,0.0,0.0,0.0,0.1111111111111111,0.0,1.0555555555555556,0.0,gsis_id,0.16963756403958502,True
00-0038809,TE,2026,0.3305400270130438,0.0199504917736516,2.019519605870178,,,,,,,0.009124528425764,1.840662022548131,0.1834533084072934,,,0.2364050266462234,False,Ben Sims,MIA,veteran_model,True,,True,ACT,2.0,backup,curated,0.0,18.0,0.0,0.0,0.0,0.0,0.0,0.0,0.0,0.0,0.0,0.0,0.0,0.0,name,0.3305400270130438,True
00-0039021,RB,2026,0.3264289646996698,0.0,1.7370803773472587,,0.2746039919008281,,,,,0.0019903408185371,0.8384610080217392,0.1084902791432556,0.0063044492286894,1.385689840425091,0.1570418122695119,False,Roschon Johnson,CHI,veteran_model,True,,False,ACT,,deep_bench,deep_bench_discounted,0.0,18.0,0.0,0.0,0.0,0.0,0.0,0.0,0.0,0.0,0.0,0.0,0.0,0.0,name,0.3264289646996698,True
00-0036497,WR,2026,0.3249660745103294,0.0,2.2746834984447157,,,,,,,0.0048408401517074,2.018871280802553,0.1880678110396594,,,0.3295300326178705,False,Tim Jones,JAX,veteran_model,True,,False,ACT,,deep_bench,deep_bench_discounted,0.0,18.0,0.0,0.0,0.0,0.0,0.0,0.0,0.0,0.0,0.0,0.0,0.0,0.0,name,0.3249660745103294,True
00-0036620,WR,2026,0.3247563845071531,0.0,2.274473808441539,,,,,,,0.0033784264421859,2.1861773543532785,0.1717361808374198,,,0.3096814685382028,False,Dee Eskridge,MIA,veteran_model,True,,False,,,deep_bench,deep_bench_discounted,0.21666666666666667,18.0,0.0,0.0,0.0,0.0,0.0,0.05555555555555555,0.3333333333333333,0.0,0.1111111111111111,0.0,1.2777777777777777,0.0,name,0.10808971784048643,True
00-0038783,TE,2026,0.3216821207440438,0.0139214136821559,2.0106616996011777,,,,,,,0.0131712251252457,1.5695719388041864,0.1713951522243019,,,0.2341165954614766,False,Nate Adkins,DEN,veteran_model,True,,False,ACT,,deep_bench,deep_bench_discounted,0.23333333333333334,18.0,0.0,0.0,0.0,0.0,0.0,0.0,0.0,0.0,0.16666666666666666,0.0,1.5,0.0,name,0.08834878741071045,True
00-0034365,TE,2026,0.320779545051278,0.0246534545510332,2.009759123908412,,,,,,,0.0114685471835051,1.555386449692192,0.1928592339620564,,,0.251556054665172,False,Ian Thomas,LV,veteran_model,True,,False,ACT,,deep_bench,deep_bench_discounted,0.16666666666666666,18.0,0.0,0.0,0.0,0.0,0.0,0.0,0.0,0.0,0.1111111111111111,0.0,1.1111111111111112,0.0,gsis_id,0.15411287838461132,True
00-0036567,RB,2026,0.3200702325380479,0.0,1.7307216451856364,,0.4148107766618492,,,,,0.0005961312120713,0.5861519246954219,0.0931085078603669,0.0082357510252524,1.6190949271438009,0.1144859981190285,False,Elijah Mitchell,PHI,veteran_model,True,,True,ACT,,deep_bench,deep_bench_discounted,0.46111111111111114,18.0,0.0,0.0,0.0,0.0,0.0,0.7777777777777778,3.2777777777777777,0.0,0.1111111111111111,0.0,0.7777777777777778,0.0,name,-0.14104087857306324,True
00-0037617,RB,2026,0.316540145192576,0.0,1.727191557840165,,0.4070139970012425,,,,,0.00223405361741,0.6528231355554603,0.0975532261565396,0.0044430194912844,1.6241877990659377,0.1408081201577033,False,Hassan Haskins,LAC,veteran_model,True,,False,,,deep_bench,deep_bench_discounted,0.0,18.0,0.0,0.0,0.0,0.0,0.0,0.0,0.0,0.0,0.0,0.0,0.0,0.0,name,0.316540145192576,True
00-0035544,WR,2026,0.3159531852563562,0.0,2.265670609190741,,,,,,,0.0,2.265474938935561,0.1788113827256002,,,0.2824108440104059,False,Tom Kennedy,DET,veteran_model,True,,False,ACT,,deep_bench,deep_bench_discounted,0.0,18.0,0.0,0.0,0.0,0.0,0.0,0.0,0.0,0.0,0.0,0.0,0.0,0.0,name,0.3159531852563562,True
00-0040352,WR,2026,0.3158786581704365,0.0,2.265596082104822,,,,,,,0.0049650226478222,1.9674301801952008,0.1786910085279664,,,0.274736501790235,False,Coleman Owen,IND,veteran_model,True,,False,ACT,,deep_bench,deep_bench_discounted,0.0,18.0,0.0,0.0,0.0,0.0,0.0,0.0,0.0,0.0,0.0,0.0,0.0,0.0,name,0.3158786581704365,True
00-0038440,RB,2026,0.3124230753133185,0.0,1.723074487960908,,0.3518516312015143,,,,,0.0013256044059263,0.9328781838904304,0.1014205686658503,0.003606779964511,1.3883066636872654,0.1360855619536097,False,Zavier Scott,MIN,veteran_model,True,,False,ACT,,deep_bench,deep_bench_discounted,0.5055555555555555,18.0,0.0,0.0,0.0,0.0,0.0,0.5555555555555556,2.3333333333333335,0.0,0.2222222222222222,0.0,1.6111111111111112,0.0,name,-0.19313248024223706,True
00-0035628,RB,2026,0.3121830853182799,0.0,1.7228344979658683,,0.4859662200655465,,,,,0.0026459701405742,0.7196898243919267,0.0922974242008432,0.0017380453124434,1.6776129806055995,0.1275195316948678,False,D'Ernest Johnson,NE,veteran_model,True,,False,,,deep_bench,deep_bench_discounted,0.0,18.0,0.0,0.0,0.0,0.0,0.0,0.0,0.0,0.0,0.0,0.0,0.0,0.0,name,0.3121830853182799,True
00-0038589,TE,2026,0.3111022041169574,0.0225765232919608,2.0000817829740907,,,,,,,0.0110122344675134,1.5067611158992107,0.1887053714439118,,,0.2348362872119983,False,Josh Whyle,GB,veteran_model,True,,False,ACT,,deep_bench,deep_bench_discounted,0.2611111111111111,18.0,0.0,0.0,0.0,0.0,0.0,0.0,0.0,0.0,0.16666666666666666,0.0,1.7777777777777777,0.0,name,0.049991093005846254,True
00-0039686,TE,2026,0.3099537079068956,0.0124397549568036,1.9989332867640293,,,,,,,0.0102315660159409,1.6434839442445146,0.1684318347735974,,,0.2373502038415235,False,Colson Yankoff,WAS,veteran_model,True,,False,ACT,,deep_bench,deep_bench_discounted,0.0,18.0,0.0,0.0,0.0,0.0,0.0,0.0,0.0,0.0,0.0,0.0,0.0,0.0,name,0.3099537079068956,True
00-0040996,QB,2026,0.3095273148148142,0.0255833333333333,0.6335511111111106,0.908101851851852,0.1385763888888888,0.5272222222222223,0.0338888888888888,0.0235300925925925,5.300451388888889,,,,0.0042129629629629,0.4588888888888889,,True,Jacob Clark,LV,rookie_rule,True,udfa,False,,,,rookie_path,0.0,18.0,0.0,0.0,0.0,0.0,0.0,0.0,0.0,0.0,0.0,0.0,0.0,0.0,name,0.3095273148148142,True
00-0041194,QB,2026,0.3095273148148142,0.0255833333333333,0.6335511111111106,0.908101851851852,0.1385763888888888,0.5272222222222223,0.0338888888888888,0.0235300925925925,5.300451388888889,,,,0.0042129629629629,0.4588888888888889,,True,Jack Strand,ATL,rookie_rule,True,udfa,False,,,,rookie_path,0.0,18.0,0.0,0.0,0.0,0.0,0.0,0.0,0.0,0.0,0.0,0.0,0.0,0.0,name,0.3095273148148142,True
00-0041156,QB,2026,0.3095273148148142,0.0255833333333333,0.6335511111111106,0.908101851851852,0.1385763888888888,0.5272222222222223,0.0338888888888888,0.0235300925925925,5.300451388888889,,,,0.0042129629629629,0.4588888888888889,,True,Mark Gronowski,MIA,rookie_rule,True,udfa,False,,,,rookie_path,0.0,18.0,0.0,0.0,0.0,0.0,0.0,0.0,0.0,0.0,0.0,0.0,0.0,0.0,name,0.3095273148148142,True
00-0033376,RB,2026,0.3093389121122385,0.0,1.7199903247598278,,0.3399771396165784,,,,,0.0025071962010194,0.6905474182264015,0.0805143336384342,0.0073438203688511,1.4092090405115827,0.1415982797475569,False,Patrick Ricard,NYG,veteran_model,True,,True,ACT,,deep_bench,deep_bench_discounted,,,,,,,,,,,,,,,unmatched,,False
00-0038488,RB,2026,0.3093205651972671,0.0,1.7199719778448568,,0.4047569616410859,,,,,0.0029636722986136,0.6664109764831182,0.0979766965450349,0.0039601819899806,1.5214799354487265,0.120154981240952,False,Brady Russell,SEA,veteran_model,True,,False,ACT,,deep_bench,deep_bench_discounted,,,,,,,,,,,,,,,unmatched,,False
00-0040244,TE,2026,0.3076390396055103,0.0182108971835709,1.9966186184626444,,,,,,,0.0048038804758966,1.888286971365647,0.179974119227132,,,0.3066096736760675,False,Moliki Matavao,NO,veteran_model,True,,False,ACT,,deep_bench,deep_bench_discounted,0.0,18.0,0.0,0.0,0.0,0.0,0.0,0.0,0.0,0.0,0.0,0.0,0.0,0.0,name,0.3076390396055103,True
00-0033439,TE,2026,0.3062440401620379,0.0093212351210981,1.995223619019172,,,,,,,0.0145299958902006,1.3796666726974114,0.1621947951021863,,,0.2228009838152064,False,Pharaoh Brown,ARI,veteran_model,True,,False,,,deep_bench,deep_bench_discounted,0.0,18.0,0.0,0.0,0.0,0.0,0.0,0.0,0.0,0.0,0.0,0.0,0.0,0.0,gsis_id,0.3062440401620379,True
00-0036187,RB,2026,0.3043068472623661,0.0,1.714958259909955,,0.4364526721778373,,,,,0.000879222166041,0.7237947818921654,0.0919321126987553,0.0047157644486269,1.5239139303576452,0.1216990964839325,False,Reggie Gilliam,NE,veteran_model,True,,True,ACT,,deep_bench,deep_bench_discounted,0.0,18.0,0.0,0.0,0.0,0.0,0.0,0.0,0.0,0.0,0.0,0.0,0.0,0.0,name,0.3043068472623661,True
00-0033246,TE,2026,0.3037069846333025,0.0260929050655627,1.9926865634904367,,,,,,,0.0112506837648704,1.3833381454852236,0.1957381349911155,,,0.2875440035136244,False,Johnny Mundt,PHI,veteran_model,True,,True,ACT,2.0,backup,curated,0.0,18.0,0.0,0.0,0.0,0.0,0.0,0.0,0.0,0.0,0.0,0.0,0.0,0.0,gsis_id,0.3037069846333025,True
00-0039364,RB,2026,0.3024560204165324,0.0,1.713107433064121,,0.5122466629782556,,,,,0.0025799102262935,0.5627315567488382,0.0887456464900957,0.0002019434178996,1.851189196314421,0.1006040291001483,False,Sione Vaki,DET,veteran_model,True,,False,ACT,,deep_bench,deep_bench_discounted,0.16666666666666666,18.0,0.0,0.0,0.0,0.0,0.0,0.05555555555555555,0.2222222222222222,0.0,0.1111111111111111,0.0,0.8888888888888888,0.0,name,0.13578935374986575,True
00-0037120,RB,2026,0.3018630772188304,0.0,1.712514489866419,,0.3772879596172522,,,,,0.0044704403061577,0.5258466262701964,0.0633227793651836,0.0045443768192198,1.6352812215695398,0.1017415336658758,False,Tyler Goodson,ATL,veteran_model,True,,True,ACT,,deep_bench,deep_bench_discounted,0.2111111111111111,18.0,0.0,0.0,0.0,0.0,0.0,0.16666666666666666,0.7222222222222222,0.0,0.1111111111111111,0.0,0.8333333333333334,0.0,name,0.09075196610771927,True
00-0034073,TE,2026,0.3005219082153645,0.0206083264730184,1.9895014870724987,,,,,,,0.0129565370118446,1.3039819724128343,0.184768977806027,,,0.2404213961495314,False,Ross Dwelley,DET,veteran_model,True,,False,,,deep_bench,deep_bench_discounted,0.0,18.0,0.0,0.0,0.0,0.0,0.0,0.0,0.0,0.0,0.0,0.0,0.0,0.0,gsis_id,0.3005219082153645,True
00-0033576,TE,2026,0.2990701986364105,0.0144957919022207,1.9880497774935444,,,,,,,0.0148305370494833,1.2381502200729493,0.1725439086644315,,,0.2269804020854444,False,Eric Saubert,SEA,veteran_model,True,,False,ACT,,deep_bench,deep_bench_discounted,0.23333333333333334,18.0,0.0,0.0,0.0,0.0,0.0,0.0,0.0,0.0,0.16666666666666666,0.0,1.5,0.0,gsis_id,0.06573686530307715,True
00-0035311,RB,2026,0.296471368998994,0.0,1.7071227816465828,,0.4342974120618867,,,,,0.0036013865694153,0.6522897771813341,0.0776171721898803,0.0030045797832854,1.5279800706971622,0.1288168609680012,False,Myles Gaskin,SEA,veteran_model,True,,False,,,deep_bench,deep_bench_discounted,0.0,18.0,0.0,0.0,0.0,0.0,0.0,0.0,0.0,0.0,0.0,0.0,0.0,0.0,name,0.296471368998994,True
00-0040534,WR,2026,0.2936665631188332,0.0,2.24338398705322,,,,,,,0.0056874518591976,1.7674721630591703,0.1655892713154612,,,0.2140870738409781,False,Ke'Shawn Williams,CIN,veteran_model,True,,False,ACT,,deep_bench,deep_bench_discounted,0.0,18.0,0.0,0.0,0.0,0.0,0.0,0.0,0.0,0.0,0.0,0.0,0.0,0.0,name,0.2936665631188332,True
00-0039050,TE,2026,0.2928696740530588,0.0119599608935327,1.981849252910193,,,,,,,0.0104623914074045,1.463592022851041,0.1674722466470556,,,0.2600763268401461,False,Payne Durham,TB,veteran_model,True,,False,ACT,2.0,backup,curated,0.33888888888888885,18.0,0.0,0.0,0.0,0.0,0.0,0.0,0.0,0.0,0.2222222222222222,0.0,2.2777777777777777,0.0,name,-0.04601921483583005,True
00-0034981,TE,2026,0.2895425125245109,0.0233975549804271,1.978522091381645,,,,,,,0.0108064644683801,1.2953000830380816,0.1903474348208444,,,0.2483666169912965,False,Foster Moreau,HOU,veteran_model,True,,True,ACT,2.0,backup,curated,0.40555555555555556,18.0,0.0,0.0,0.0,0.0,0.0,0.0,0.0,0.0,0.2777777777777778,0.0,2.6666666666666665,0.0,name,-0.11601304303104465,True
00-0038710,TE,2026,0.2885896502812344,0.0062503535535117,1.9775692291383684,,,,,,,0.0101720509944563,1.495308283309898,0.1560530319670135,,,0.2363458556127586,False,Blake Whiteheart,CLE,veteran_model,True,,False,ACT,2.0,backup,curated,0.18888888888888888,18.0,0.0,0.0,0.0,0.0,0.0,0.0,0.0,0.0,0.1111111111111111,0.0,1.3333333333333333,0.0,name,0.09970076139234552,True
00-0037487,WR,2026,0.2881964322330822,0.0,2.2379138561674674,,,,,,,0.0068946272258948,1.6725932972861883,0.1591386782981892,,,0.2455315924142235,False,Deven Thompkins,ATL,veteran_model,True,,False,,,deep_bench,deep_bench_discounted,0.0,18.0,0.0,0.0,0.0,0.0,0.0,0.0,0.0,0.0,0.0,0.0,0.0,0.0,name,0.2881964322330822,True
00-0035567,RB,2026,0.2857556187402704,0.0,1.6964070313878592,,0.5168337698338054,,,,,0.0025014065851904,0.7534001512870653,0.0930109702693963,0.0017120283300435,1.3862950898546236,0.1246534649107691,False,Craig Reynolds,DET,veteran_model,True,,False,,,deep_bench,deep_bench_discounted,0.18888888888888888,18.0,0.0,0.0,0.0,0.0,0.0,0.1111111111111111,0.4444444444444444,0.0,0.1111111111111111,0.0,0.8888888888888888,0.0,name,0.0968667298513815,True
00-0034867,WR,2026,0.282474328148834,0.0,2.23219175208322,,,,,,,0.0037633835498331,1.82027376513252,0.1557333006731669,,,0.257643900362395,False,Malik Turner,SF,veteran_model,True,,False,ACT,,deep_bench,deep_bench_discounted,0.0,18.0,0.0,0.0,0.0,0.0,0.0,0.0,0.0,0.0,0.0,0.0,0.0,0.0,gsis_id,0.282474328148834,True
00-0039589,WR,2026,0.2798525393347417,0.0,2.229569963269128,,,,,,,0.001660643950703,1.9240875382263352,0.1549598436157805,,,0.2917925716459685,False,Kameron Johnson,TB,veteran_model,True,,False,ACT,,deep_bench,deep_bench_discounted,0.2111111111111111,18.0,0.0,0.0,0.0,0.0,0.0,0.0,0.0,0.0,0.1111111111111111,0.0,1.5555555555555556,0.0,name,0.06874142822363058,True
00-0036429,TE,2026,0.2796553978437994,0.0069062273371066,1.9686349767009337,,,,,,,0.0126867023668508,1.2485279387559296,0.1573647795342034,,,0.2196469622692481,False,Charlie Woerner,ATL,veteran_model,True,,False,ACT,2.0,backup,curated,0.3333333333333333,18.0,0.0,0.0,0.0,0.0,0.0,0.0,0.0,0.0,0.2222222222222222,0.0,2.2222222222222223,0.0,name,-0.05367793548953392,True
00-0037329,RB,2026,0.2782873657795916,0.0,1.6889387784271814,,0.384727599768323,,,,,0.0017070361673252,0.6671290067833809,0.0952318331023925,0.005092293077495,1.2316257308113607,0.1070047161887223,False,Brittain Brown,CHI,veteran_model,True,,False,ACT,,deep_bench,deep_bench_discounted,0.0,18.0,0.0,0.0,0.0,0.0,0.0,0.0,0.0,0.0,0.0,0.0,0.0,0.0,name,0.2782873657795916,True
00-0035140,WR,2026,0.2778524634131195,0.0,2.2275698873475056,,,,,,,0.0018054666355922,1.6825212256387485,0.1975350820713829,,,0.2631433192250612,False,Mecole Hardman,BUF,veteran_model,True,,False,ACT,,deep_bench,deep_bench_discounted,0.0,18.0,0.0,0.0,0.0,0.0,0.0,0.0,0.0,0.0,0.0,0.0,0.0,0.0,name,0.2778524634131195,True
00-0034159,TE,2026,0.2771499446888099,0.0130313053325834,1.9661295235459435,,,,,,,0.0091877778009673,1.372158101204276,0.1696149355251569,,,0.224243153650771,False,Will Dissly,LAC,veteran_model,True,,False,,,deep_bench,deep_bench_discounted,1.1944444444444444,18.0,0.0,0.0,0.0,0.0,0.0,0.0,0.0,0.0,0.6111111111111112,0.0,5.555555555555555,0.05555555555555555,gsis_id,-0.9172944997556345,True
00-0037745,WR,2026,0.2760224478310116,0.0,2.2257398717653976,,,,,,,0.0046482856852093,1.5087114808106497,0.1945231712773816,,,0.2588308339755931,False,Velus Jones Jr.,SEA,veteran_model,True,,False,ACT,,deep_bench,deep_bench_discounted,0.0,18.0,0.0,0.0,0.0,0.0,0.0,0.0,0.0,0.0,0.0,0.0,0.0,0.0,name,0.2760224478310116,True
00-0036534,TE,2026,0.2743904217468695,0.0084628394063284,1.963370000604004,,,,,,,0.0091840919217765,1.3904686837988711,0.1604780036726469,,,0.209923045730056,False,Shane Zylstra,BUF,veteran_model,True,,True,ACT,,deep_bench,deep_bench_discounted,0.1,18.0,0.0,0.0,0.0,0.0,0.0,0.0,0.0,0.0,0.05555555555555555,0.0,0.7222222222222222,0.0,name,0.1743904217468695,True
00-0039648,TE,2026,0.2738144394220592,0.0071980326562349,1.9627940182791932,,,,,,,0.0109565529198216,1.291009268168997,0.1579483901724598,,,0.230769676166626,False,David Martin-Robinson,TEN,veteran_model,True,,False,ACT,,deep_bench,deep_bench_discounted,0.0,18.0,0.0,0.0,0.0,0.0,0.0,0.0,0.0,0.0,0.0,0.0,0.0,0.0,name,0.2738144394220592,True
00-0034270,TE,2026,0.2736266250821867,0.0209176165526507,1.9626062039393208,,,,,,,0.0073274688621919,1.3696803292638953,0.1853875579652915,,,0.2438032741959111,False,Tyler Conklin,DET,veteran_model,True,,True,ACT,,deep_bench,deep_bench_discounted,0.0,18.0,0.0,0.0,0.0,0.0,0.0,0.0,0.0,0.0,0.0,0.0,0.0,0.0,gsis_id,0.2736266250821867,True
00-0036232,TE,2026,0.2723791635922682,0.007013802883511,1.961358742449402,,,,,,,0.0075554105619421,1.4825673490710958,0.1575799306270122,,,0.2106027577576415,False,Harrison Bryant,SEA,veteran_model,True,,True,ACT,,deep_bench,deep_bench_discounted,0.16666666666666666,18.0,0.0,0.0,0.0,0.0,0.0,0.0,0.0,0.0,0.1111111111111111,0.0,1.1111111111111112,0.0,name,0.10571249692560156,True
00-0038752,WR,2026,0.2703511894093276,0.0,2.220068613343713,,,,,,,0.0017061630020273,1.753398156382365,0.1695487915178546,,,0.2709723438442694,False,Jake Bobo,SEA,veteran_model,True,,False,ACT,,deep_bench,deep_bench_discounted,0.17777777777777778,18.0,0.0,0.0,0.0,0.0,0.0,0.0,0.0,0.0,0.1111111111111111,0.0,1.2222222222222223,0.0,name,0.09257341163154983,True
00-0031687,RB,2026,0.2691059549446332,0.0019773407767161,1.6797573675922226,,0.1773321027185767,,,,,0.0041269294664268,0.7253362311254173,0.1293081205728233,0.0016466022501588,0.972770812461662,0.1865346937058052,False,Raheem Mostert,LV,veteran_model,True,,False,,,deep_bench,deep_bench_discounted,0.5555555555555556,18.0,0.0,0.0,0.0,0.0,0.0,0.5555555555555556,2.3333333333333335,0.0,0.2777777777777778,0.0,1.8333333333333333,0.0,gsis_id,-0.2864496006109224,True
00-0038573,WR,2026,0.2688815150315579,0.0,2.218598938965944,,,,,,,0.0018347999056084,1.716898835397457,0.1723656641163235,,,0.2604862726932154,False,Derius Davis,LAC,veteran_model,True,,False,ACT,,deep_bench,deep_bench_discounted,-0.05,18.0,0.0,0.0,0.0,0.0,0.0,0.1111111111111111,0.6111111111111112,0.0,0.0,0.0,0.0,0.0,name,0.31888151503155787,True
00-0038576,WR,2026,0.2678720926995199,0.0,2.2175895166339057,,,,,,,0.0040109592601301,1.7693696692039962,0.1337387404366795,,,0.2088213980413287,False,Charlie Jones,CIN,veteran_model,True,,False,ACT,,deep_bench,deep_bench_discounted,0.0,18.0,0.0,0.0,0.0,0.0,0.0,0.0,0.0,0.0,0.0,0.0,0.0,0.0,name,0.2678720926995199,True
00-0036590,TE,2026,0.2653594799360113,0.0136216386701832,1.9543390587931453,,,,,,,0.0064169845249324,1.4145977168623862,0.1707956022003566,,,0.2365796384720724,False,Quintin Morris,JAX,veteran_model,True,,False,ACT,,deep_bench,deep_bench_discounted,0.3333333333333333,18.0,0.0,0.0,0.0,0.0,0.0,0.0,0.0,0.0,0.2222222222222222,0.0,2.2222222222222223,0.0,name,-0.06797385339732204,True
00-0036741,TE,2026,0.2585851343156935,0.0077450866911992,1.947564713172828,,,,,,,0.0101169717227738,1.1836205485785645,0.1590424982423886,,,0.228818400512503,False,Jack Stoll,CLE,veteran_model,True,,True,ACT,,deep_bench,deep_bench_discounted,0.3055555555555556,18.0,0.0,0.0,0.0,0.0,0.0,0.0,0.0,0.0,0.2222222222222222,0.0,1.9444444444444444,0.0,name,-0.04697042123986206,True
00-0033455,TE,2026,0.2585143288676175,0.0151260284312146,1.9474939077247515,,,,,,,0.0117784357036264,1.009415237846494,0.1738043817224193,,,0.2306091986841775,False,Anthony Firkser,WAS,veteran_model,True,,True,ACT,,deep_bench,deep_bench_discounted,0.0,18.0,0.0,0.0,0.0,0.0,0.0,0.0,0.0,0.0,0.0,0.0,0.0,0.0,gsis_id,0.2585143288676175,True
00-0039631,TE,2026,0.2572297989683337,0.0018247081046156,1.946209377825467,,,,,,,0.0103429285498852,1.2157135713441194,0.1472017410692213,,,0.2118072871837402,False,Cam Grandy,CIN,veteran_model,True,,False,ACT,,deep_bench,deep_bench_discounted,0.0,18.0,0.0,0.0,0.0,0.0,0.0,0.0,0.0,0.0,0.0,0.0,0.0,0.0,name,0.2572297989683337,True
00-0037755,TE,2026,0.2568311339294177,0.0050960233446461,1.945810712786552,,,,,,,0.0102585879677543,1.1840742034825074,0.1537443715492823,,,0.2296389173821055,False,Jelani Woods,NYJ,veteran_model,True,,False,ACT,,deep_bench,deep_bench_discounted,0.0,18.0,0.0,0.0,0.0,0.0,0.0,0.0,0.0,0.0,0.0,0.0,0.0,0.0,name,0.2568311339294177,True
00-0039458,TE,2026,0.2544656205378081,0.0040759725265322,1.943445199394942,,,,,,,0.0087015168015293,1.2640438477210496,0.1517042699130546,,,0.2225436279647901,False,Brenden Bates,CLE,veteran_model,True,,False,ACT,,deep_bench,deep_bench_discounted,0.0,18.0,0.0,0.0,0.0,0.0,0.0,0.0,0.0,0.0,0.0,0.0,0.0,0.0,name,0.2544656205378081,True
00-0038911,WR,2026,0.2535306960182129,0.0,2.203248119952599,,,,,,,0.0006427997484747,1.642385491286213,0.1708706967974867,,,0.2311334497900629,False,Malik Cunningham,DET,veteran_model,True,,False,ACT,,deep_bench,deep_bench_discounted,0.0,18.0,0.0,0.0,0.0,0.0,0.0,0.0,0.0,0.0,0.0,0.0,0.0,0.0,name,0.2535306960182129,True
00-0035594,RB,2026,0.2504271274407539,0.0,1.6610785400883434,,0.4810349675004879,,,,,0.0005218107673222,0.4565444701889821,0.0971766545676682,0.0027491908121779,1.36558343661021,0.1482464016563769,False,Travis Homer,PIT,veteran_model,True,,True,ACT,,deep_bench,deep_bench_discounted,0.0,18.0,0.0,0.0,0.0,0.0,0.0,0.0,0.0,0.0,0.0,0.0,0.0,0.0,name,0.2504271274407539,True
00-0039824,TE,2026,0.2490186973625797,0.0092549214256345,1.9379982762197137,,,,,,,0.0115765165709708,0.9852851408112528,0.1620621677112592,,,0.2635804884675994,False,Jared Wiley,KC,veteran_model,True,,False,ACT,,deep_bench,deep_bench_discounted,0.0,18.0,0.0,0.0,0.0,0.0,0.0,0.0,0.0,0.0,0.0,0.0,0.0,0.0,name,0.2490186973625797,True
00-0037282,TE,2026,0.2464487082451465,0.0021952169035851,1.9354282871022808,,,,,,,0.010333923592427,1.1047378735700442,0.1479427586671603,,,0.1925860100429408,False,James Mitchell,CAR,veteran_model,True,,False,ACT,,deep_bench,deep_bench_discounted,0.0,18.0,0.0,0.0,0.0,0.0,0.0,0.0,0.0,0.0,0.0,0.0,0.0,0.0,name,0.2464487082451465,True
00-0039407,RB,2026,0.2459300436925383,0.0,1.656581456340127,,0.3224706524753724,,,,,0.0032071637976951,0.4438595128023699,0.0729856809111545,0.0,1.4580826917055347,0.0987788370847724,False,Dylan Laube,LV,veteran_model,True,,False,ACT,2.0,backup,curated,0.22777777777777775,18.0,0.0,0.0,0.0,0.0,0.0,0.2777777777777778,1.1666666666666667,0.0,0.1111111111111111,0.0,0.5555555555555556,0.0,name,0.018152265914760546,True
00-0031484,TE,2026,0.245575619361358,0.0074197651812693,1.9345551982184923,,,,,,,0.010270638177424,1.0475586268554968,0.1583918552225287,,,0.214068497191567,False,Chris Manhertz,NYG,veteran_model,True,,False,ACT,,deep_bench,deep_bench_discounted,0.1,18.0,0.0,0.0,0.0,0.0,0.0,0.0,0.0,0.0,0.05555555555555555,0.0,0.7222222222222222,0.0,gsis_id,0.145575619361358,True
00-0036887,TE,2026,0.2444753405049352,0.0,1.9334549193620687,,,,,,,0.0076118873338975,1.2912836590666077,0.1393513011897789,,,0.1887659562766202,False,Luke Farrell,SF,veteran_model,True,,False,ACT,,deep_bench,deep_bench_discounted,0.4222222222222222,18.0,0.0,0.0,0.0,0.0,0.0,0.0,0.0,0.0,0.2777777777777778,0.0,2.8333333333333335,0.0,name,-0.17774688171728703,True
00-0037340,TE,2026,0.2404904929131073,0.0,1.929470071770241,,,,,,,0.00510580975606,1.4010941217798325,0.1394924443975281,,,0.2376808366423051,False,Zaire Mitchell-Paden,NO,veteran_model,True,,True,ACT,,deep_bench,deep_bench_discounted,0.0,18.0,0.0,0.0,0.0,0.0,0.0,0.0,0.0,0.0,0.0,0.0,0.0,0.0,name,0.2404904929131073,True
00-0037654,TE,2026,0.2400656504088287,0.0,1.9290452292659623,,,,,,,0.0100535478590174,1.1039496584471018,0.1386987948200282,,,0.1996260231364658,False,Tucker Fisk,LAC,veteran_model,True,,False,,,deep_bench,deep_bench_discounted,0.3055555555555556,18.0,0.0,0.0,0.0,0.0,0.0,0.0,0.0,0.0,0.2222222222222222,0.0,1.9444444444444444,0.0,name,-0.06548990514672687,True
00-0034928,WR,2026,0.2299410075604381,0.0,2.179658431494824,,,,,,,0.0,1.5403839503887686,0.1518052250431225,,,0.2301143902805707,False,Steven Sims,ARI,veteran_model,True,,False,,,deep_bench,deep_bench_discounted,0.0,18.0,0.0,0.0,0.0,0.0,0.0,0.0,0.0,0.0,0.0,0.0,0.0,0.0,name,0.2299410075604381,True
00-0034798,TE,2026,0.2178237923427277,0.0,1.906803371199862,,,,,,,0.0123245387016961,0.7481589894694514,0.138121322371212,,,0.2104212476825463,False,Durham Smythe,BAL,veteran_model,True,,True,ACT,2.0,backup,curated,0.41111111111111115,18.0,0.0,0.0,0.0,0.0,0.0,0.0,0.0,0.0,0.2777777777777778,0.0,2.7222222222222223,0.0,gsis_id,-0.19328731876838345,True
00-0039305,TE,2026,0.2143149161751198,0.0,1.9032944950322537,,,,,,,0.0080032698285056,0.9527795206533504,0.1420346902775024,,,0.2028009336974061,False,Jack Westover,NE,veteran_model,True,,False,ACT,,deep_bench,deep_bench_discounted,0.0,18.0,0.0,0.0,0.0,0.0,0.0,0.0,0.0,0.0,0.0,0.0,0.0,0.0,name,0.2143149161751198,True
00-0038643,TE,2026,0.2142415803585822,0.0,1.903221159215716,,,,,,,0.005994507663207,1.1849385069517706,0.1195613673683264,,,0.1840593085874745,False,Brayden Willis,SF,veteran_model,True,,False,ACT,,deep_bench,deep_bench_discounted,0.0,18.0,0.0,0.0,0.0,0.0,0.0,0.0,0.0,0.0,0.0,0.0,0.0,0.0,name,0.2142415803585822,True
00-0036825,TE,2026,0.2074191544719202,0.0,1.8963987333290544,,,,,,,0.0080952328516608,0.8954110269729207,0.1386133093293267,,,0.1593671717856175,False,Feleipe Franks,CAR,veteran_model,True,,True,ACT,,deep_bench,deep_bench_discounted,0.07777777777777778,18.0,0.0,0.0,0.0,0.0,0.0,0.05555555555555555,0.1111111111111111,0.0,0.05555555555555555,0.0,0.3888888888888889,0.0,name,0.1296413766941424,True
00-0033757,TE,2026,0.2022005385675327,0.0,1.891180117424666,,,,,,,0.007775838626052,0.8600124525795265,0.1390885231065361,,,0.1946724485510793,False,Robert Tonyan,PIT,veteran_model,True,,True,ACT,,deep_bench,deep_bench_discounted,0.07777777777777778,18.0,0.0,0.0,0.0,0.0,0.0,0.0,0.0,0.0,0.05555555555555555,0.0,0.5,0.0,gsis_id,0.12442276078975492,True
00-0040981,QB,2026,0.1654499082818143,0.0136749163997868,0.3386485399128269,0.4854026152403522,0.0740724638321786,0.2818131522996243,0.0181144386620411,0.0125774090846754,2.833220701922718,,,,0.0022519315823029,0.2452873169646888,,True,Joe Fagnano,BAL,rookie_rule,True,udfa,False,,,,rookie_path,0.0,18.0,0.0,0.0,0.0,0.0,0.0,0.0,0.0,0.0,0.0,0.0,0.0,0.0,name,0.1654499082818143,True
00-0040942,QB,2026,0.1633007403875874,0.0134972814189768,0.3342495494451644,0.4790973127637181,0.0731102743527911,0.2781524444431925,0.0178791349958216,0.0124140305486698,2.796417617333158,,,,0.0022226793505734,0.2421010738778472,,True,Kyron Drones,GB,rookie_rule,True,udfa,False,,,,rookie_path,0.0,18.0,0.0,0.0,0.0,0.0,0.0,0.0,0.0,0.0,0.0,0.0,0.0,0.0,name,0.1633007403875874,True
00-0041149,QB,2026,0.1191381594147763,0.0098471155828414,0.2438560658794302,0.3495316180916317,0.0533385427403913,0.2029297000676778,0.0130439533236336,0.0090568159518262,2.0401625068777154,,,,0.0016215843612713,0.1766279581200231,,True,Haynes King,CAR,rookie_rule,True,udfa,False,,,,rookie_path,0.0,18.0,0.0,0.0,0.0,0.0,0.0,0.0,0.0,0.0,0.0,0.0,0.0,0.0,name,0.1191381594147763,True
KAL252591,QB,2026,0.116546843434343,0.01284,0.2543992857142851,0.283568272005772,0.0415599747474747,0.1670204725829726,0.0109977152477152,0.0082637987012987,1.841396855459356,,,,0.0024817219817219,0.1694087301587301,,False,Athan Kaliakmanis,WAS,rookie_rule,True,drafted,False,,,,rookie_path,0.0,18.0,0.0,0.0,0.0,0.0,0.0,0.0,0.0,0.0,0.0,0.0,0.0,0.0,name,0.116546843434343,True
NUS440041,QB,2026,0.116546843434343,0.01284,0.2543992857142851,0.283568272005772,0.0415599747474747,0.1670204725829726,0.0109977152477152,0.0082637987012987,1.841396855459356,,,,0.0024817219817219,0.1694087301587301,,False,Garrett Nussmeier,KC,rookie_rule,True,drafted,False,,,,rookie_path,0.0,18.0,0.0,0.0,0.0,0.0,0.0,0.0,0.0,0.0,0.0,0.0,0.0,0.0,name,0.116546843434343,True
PAY546690,QB,2026,0.116546843434343,0.01284,0.2543992857142851,0.283568272005772,0.0415599747474747,0.1670204725829726,0.0109977152477152,0.0082637987012987,1.841396855459356,,,,0.0024817219817219,0.1694087301587301,,False,Cole Payton,PHI,rookie_rule,True,drafted,False,,,,rookie_path,0.0,18.0,0.0,0.0,0.0,0.0,0.0,0.0,0.0,0.0,0.0,0.0,0.0,0.0,name,0.116546843434343,True
MOR767384,QB,2026,0.116546843434343,0.01284,0.2543992857142851,0.283568272005772,0.0415599747474747,0.1670204725829726,0.0109977152477152,0.0082637987012987,1.841396855459356,,,,0.0024817219817219,0.1694087301587301,,False,Behren Morton,NE,rookie_rule,True,drafted,False,,,,rookie_path,0.0,18.0,0.0,0.0,0.0,0.0,0.0,0.0,0.0,0.0,0.0,0.0,0.0,0.0,name,0.116546843434343,True
00-0041251,QB,2026,0.1002868499999996,0.008289,0.20527056,0.294225,0.04489875,0.17082,0.01098,0.0076237499999999,1.71734625,,,,0.001365,0.14868,,True,Jalon Daniels,TB,rookie_rule,True,udfa,False,,,,rookie_path,0.0,18.0,0.0,0.0,0.0,0.0,0.0,0.0,0.0,0.0,0.0,0.0,0.0,0.0,name,0.1002868499999996,True
00-0041453,QB,2026,0.1002868499999996,0.008289,0.20527056,0.294225,0.04489875,0.17082,0.01098,0.0076237499999999,1.71734625,,,,0.001365,0.14868,,True,Luke Altmyer,DET,rookie_rule,True,udfa,False,,,,rookie_path,0.0,18.0,0.0,0.0,0.0,0.0,0.0,0.0,0.0,0.0,0.0,0.0,0.0,0.0,name,0.1002868499999996,True
00-0041203,QB,2026,0.0928581944444437,0.0076749999999999,0.1900653333333328,0.2724305555555555,0.0415729166666666,0.1581666666666666,0.0101666666666666,0.0070590277777777,1.5901354166666666,,,,0.0012638888888888,0.1376666666666667,,True,Joey Aguilar,JAX,rookie_rule,True,udfa,False,,,,rookie_path,0.0,18.0,0.0,0.0,0.0,0.0,0.0,0.0,0.0,0.0,0.0,0.0,0.0,0.0,name,0.0928581944444437,True
00-0041172,QB,2026,0.0928581944444437,0.0076749999999999,0.1900653333333328,0.2724305555555555,0.0415729166666666,0.1581666666666666,0.0101666666666666,0.0070590277777777,1.5901354166666666,,,,0.0012638888888888,0.1376666666666667,,True,Miller Moss,CHI,rookie_rule,True,udfa,False,,,,rookie_path,0.0,18.0,0.0,0.0,0.0,0.0,0.0,0.0,0.0,0.0,0.0,0.0,0.0,0.0,name,0.0928581944444437,True
00-0041414,QB,2026,0.0928581944444437,0.0076749999999999,0.1900653333333328,0.2724305555555555,0.0415729166666666,0.1581666666666666,0.0101666666666666,0.0070590277777777,1.5901354166666666,,,,0.0012638888888888,0.1376666666666667,,True,Matthew Caldwell,LA,rookie_rule,True,udfa,False,,,,rookie_path,0.0,18.0,0.0,0.0,0.0,0.0,0.0,0.0,0.0,0.0,0.0,0.0,0.0,0.0,name,0.0928581944444437,True
