player_id,display_name,position,team,fantasy_pts,fantasy_pts_low,fantasy_pts_high,projected_games,fantasy_pts_season,source,low_confidence,role,depth_chart_status,depth_rank,season,team_identity_scale
00-0034857,Josh Allen,QB,BUF,25.37015342834228,13.69883443769457,34.859982006551576,15.55,409.32134866344387,v2_team_first,False,starter,starter,1.0,2026,1.0375544786163968
00-0033873,Patrick Mahomes,QB,KC,23.306611431126274,11.635292440478564,32.79644000933557,15.0,368.7860046424378,v2_team_first,False,starter,starter,1.0,2026,1.0548823759937331
00-0039851,Drake Maye,QB,NE,23.299841662229625,11.628522671581916,32.78967024043892,15.32,373.1819216784453,v2_team_first,False,starter,starter,1.0,2026,1.0454634680335861
00-0037834,Brock Purdy,QB,SF,22.710824946051133,11.039505955403422,32.200653524260424,15.0,360.57858617134815,v2_team_first,False,starter,starter,1.0,2026,1.0584631984318535
00-0036971,Trevor Lawrence,QB,JAX,22.295505574990568,10.624186584342858,31.785334153199862,15.0,353.17396350219644,v2_team_first,False,starter,starter,1.0,2026,1.0560393358631603
00-0040743,Tyler Shough,QB,NO,22.08534424041452,10.414025249766812,31.575172818623823,15.0,350.63005945192714,v2_team_first,False,starter,starter,1.0,2026,1.058409461149355
00-0038542,Bijan Robinson,RB,ATL,22.076597962675702,16.22944528276905,29.508842169211164,16.0,345.27975421801904,v2_team_first,False,starter,starter,1.0,2026,0.9775049885453763
00-0036355,Justin Herbert,QB,LAC,21.756502596917382,10.085183606269672,31.246331175126684,15.5,351.8184620184442,v2_team_first,False,starter,starter,1.0,2026,1.043272703891688
00-0040691,Jaxson Dart,QB,NYG,21.650297514281053,9.978978523633346,31.140126092490352,15.0,342.2893353427749,v2_team_first,False,starter,starter,1.0,2026,1.053994246859634
00-0033288,George Kittle,TE,SF,21.566991750927286,17.882099666491747,27.04050126402224,13.85,279.9099137092988,v2_team_first,True,starter,starter,1.0,2026,0.9370848890877242
00-0035228,Kyler Murray,QB,MIN,21.50099627343486,9.829677282787154,30.99082485164416,15.0,338.96948343642924,v2_team_first,False,starter,starter,1.0,2026,1.0510194632399008
00-0039910,Jayden Daniels,QB,WAS,21.244226434199525,9.572907443551816,30.734055012408824,15.0,334.8300775041086,v2_team_first,False,starter,starter,1.0,2026,1.0507327831436597
00-0036900,Ja'Marr Chase,WR,CIN,21.037106185057212,15.47151364598088,28.88731356224645,15.65,307.69844468005545,v2_team_first,False,starter,starter,1.0,2026,0.9345982426772432
00-0038128,Malik Willis,QB,MIA,20.55136116091457,8.880042170266865,30.041189739123872,15.0,324.8054471381799,v2_team_first,False,starter,starter,1.0,2026,1.0536380683660287
00-0039732,Bo Nix,QB,DEN,20.39615522679225,8.724836236144537,29.885983805001544,15.95,336.80257541603913,v2_team_first,False,starter,starter,1.0,2026,1.0353004619795818
00-0036389,Jalen Hurts,QB,PHI,20.37020225449563,8.69888326384792,29.86003083270493,15.4,328.16226363753816,v2_team_first,False,starter,starter,1.0,2026,1.0460984938840538
00-0037744,Trey McBride,TE,ARI,20.36148178296206,16.67658969852652,25.83499129605701,15.85,302.0502548181702,v2_team_first,False,starter,starter,1.0,2026,0.9359239476955571
00-0039163,C.J. Stroud,QB,HOU,20.322839511518747,8.651520520871037,29.81266808972804,15.0,324.2628026415913,v2_team_first,False,starter,starter,1.0,2026,1.0637056974176038
00-0033077,Dak Prescott,QB,DAL,20.18410278029972,8.51278378965201,29.673931358509016,15.0,324.16088828034833,v2_team_first,False,starter,starter,1.0,2026,1.0706805311380627
00-0039150,Bryce Young,QB,CAR,20.093423513688485,8.422104523040778,29.583252091897783,15.2,320.9283775917413,v2_team_first,False,starter,starter,1.0,2026,1.0507770882201681
00-0034796,Lamar Jackson,QB,BAL,20.09209800858289,8.420779017935187,29.5819265867922,15.0,318.63958549877543,v2_team_first,False,starter,starter,1.0,2026,1.057263359166241
00-0039139,Jahmyr Gibbs,RB,DET,19.63642882006256,13.789276140155904,27.06867302659802,15.9,308.6088904269683,v2_team_first,False,starter,starter,1.0,2026,0.9884365612328742
00-0035710,Daniel Jones,QB,IND,19.408773264427303,7.737454273779593,28.8986018426366,15.0,310.22382040267007,v2_team_first,False,starter,starter,1.0,2026,1.065579351413734
00-0036442,Joe Burrow,QB,CIN,19.265534060261885,7.594215069614173,28.755362638471183,15.0,310.2787873390642,v2_team_first,False,starter,starter,1.0,2026,1.0736921397853925
00-0026498,Matthew Stafford,QB,LA,18.9716799068645,7.300360916216792,28.4615084850738,15.75,311.75147983307664,v2_team_first,False,starter,starter,1.0,2026,1.0433311572026105
00-0033106,Jared Goff,QB,DET,18.914063555336902,7.242744564689197,28.403892133546204,16.0,313.5255963249551,v2_team_first,False,starter,starter,1.0,2026,1.036020087009835
00-0034855,Baker Mayfield,QB,TB,18.82749707514925,7.156178084501541,28.317325653358548,16.0,310.82704975749465,v2_team_first,False,starter,starter,1.0,2026,1.0318254482952518
00-0039918,Caleb Williams,QB,CHI,18.795947125257896,7.124628134610188,28.285775703467195,15.95,310.6177063974413,v2_team_first,False,starter,starter,1.0,2026,1.0360991239843973
00-0033537,Deshaun Watson,QB,CLE,18.71408849859005,7.042769507942346,28.20391707679935,15.0,296.62873282458685,v2_team_first,False,starter,starter,1.0,2026,1.0567038227088832
00-0033119,Jacoby Brissett,QB,ARI,18.222248398526588,6.550929407878879,27.712076976735887,15.0,291.69849864009103,v2_team_first,False,starter,starter,1.0,2026,1.0671880961505538
00-0034869,Sam Darnold,QB,SEA,17.878727178448433,6.207408187800727,27.36855575665773,15.65,292.62866345382344,v2_team_first,False,starter,starter,1.0,2026,1.0458416288234693
00-0039075,Puka Nacua,WR,LA,17.853727552403786,12.288135013327448,25.703934929593025,14.8,253.93568173475637,v2_team_first,False,starter,starter,1.0,2026,0.9610215168271342
00-0036963,Amon-Ra St. Brown,WR,DET,17.691463033208702,12.125870494132366,25.54167041039793,15.95,272.82460725140277,v2_team_first,False,starter,starter,1.0,2026,0.9668500009375626
00-0040676,Cam Ward,QB,TEN,17.665142937587365,5.993823946939656,27.154971515796664,15.75,290.21144238869704,v2_team_first,False,starter,starter,1.0,2026,1.0430780770564796
00-0036264,Jordan Love,QB,GB,17.43528937441064,5.763970383762929,26.92511795261993,15.1,279.4157388360518,v2_team_first,False,starter,starter,1.0,2026,1.0613161139992229
00-0023459,Aaron Rodgers,QB,PIT,17.127264792139545,5.455945801491837,26.617093370348844,15.0,273.87081255842884,v2_team_first,False,starter,starter,1.0,2026,1.0660227649975578
00-0040126,Colston Loveland,TE,CHI,16.862897944088655,13.178005859653116,22.33640745718361,15.380000000000004,249.87657095360217,v2_team_first,False,starter,starter,1.0,2026,0.9634673246083261
00-0036223,Jonathan Taylor,RB,IND,16.674958984582844,10.827806304676187,24.107203191118305,15.2,248.32954502879522,v2_team_first,False,starter,starter,1.0,2026,0.9797607348113432
00-0033280,Christian McCaffrey,RB,SF,16.363778397921507,10.516625718014852,23.79602260445697,14.0,222.33476580341807,v2_team_first,False,starter,starter,1.0,2026,0.9705004745274066
00-0034351,Dallas Goedert,TE,PHI,16.301500785230754,12.616608700795217,21.77501029832571,14.2,219.45047995840355,v2_team_first,False,starter,starter,1.0,2026,0.9480267710076051
00-0040663,Harold Fannin Jr.,TE,CLE,16.299394014224937,12.614501929789402,21.77290352731989,15.380000000000004,235.12850801690539,v2_team_first,False,starter,starter,1.0,2026,0.9379452628470426
00-0030506,Travis Kelce,TE,KC,16.225982528207386,12.54109044377185,21.699492041302346,15.75,239.47382060353533,v2_team_first,False,starter,starter,1.0,2026,0.9370580176586983
00-0036970,Kyle Pitts,TE,ATL,16.204979713264564,12.52008762882903,21.678489226359524,16.0,242.72337098539703,v2_team_first,False,starter,starter,1.0,2026,0.9361449970943042
00-0038597,Chase Brown,RB,CIN,16.156173331226814,10.309020651320155,23.588417537762275,15.6,245.77217019353841,v2_team_first,False,starter,starter,1.0,2026,0.9751459068594475
00-0032764,Derrick Henry,RB,BAL,15.85676813766181,10.009615457755151,23.28901234419727,16.0,252.29451835638395,v2_team_first,False,starter,starter,1.0,2026,0.9944275693747489
00-0036212,Tua Tagovailoa,QB,ATL,15.808083586535927,4.136764595888222,25.297912164745227,15.0,254.38199046004655,v2_team_first,False,starter,starter,1.0,2026,1.0727928702532459
00-0039040,De'Von Achane,RB,MIA,15.73368416203624,9.88653148212958,23.165928368571706,15.4,234.7757569633474,v2_team_first,False,starter,starter,1.0,2026,0.9689516369204254
00-0035700,Josh Jacobs,RB,GB,15.629165711618551,9.782013031711896,23.061409918154016,15.2,234.69199470166564,v2_team_first,False,starter,starter,1.0,2026,0.9879134365977055
00-0040122,Ashton Jeanty,RB,LV,15.511388447885066,9.66423576797841,22.94363265442053,15.75,239.79248601540195,v2_team_first,False,starter,starter,1.0,2026,0.9815317176900128
00-0039338,Brock Bowers,TE,LV,15.46085959454355,11.775967510108012,20.934369107638503,14.37,208.13430511004825,v2_team_first,False,starter,starter,1.0,2026,0.9368137642856226
00-0038543,Jaxon Smith-Njigba,WR,SEA,15.383187013988495,9.817594474912156,23.23339439117773,16.0,234.99016772766072,v2_team_first,False,starter,starter,1.0,2026,0.9547361980078296
00-0030565,Geno Smith,QB,NYJ,15.225202320096985,3.553883329449277,24.715030898306285,15.3,246.22595296677642,v2_team_first,False,starter,starter,1.0,2026,1.057010554077791
00-0036275,D'Andre Swift,RB,CHI,14.836046177345564,8.988893497438907,22.268290383881027,15.65,230.38859158096972,v2_team_first,False,starter,starter,1.0,2026,0.9922667791673331
00-0037840,Kyren Williams,RB,LA,14.312359543959516,8.465206864052858,21.744603750494974,15.6,221.13018992961958,v2_team_first,False,starter,starter,1.0,2026,0.990403583101581
00-0041438,Carnell Tate,WR,TEN,14.2381149405712,8.672522401494861,22.088322317760436,15.0,204.31435968316057,rookie_rule,True,starter,starter,1.0,2026,0.9566545409321063
00-0029604,Kirk Cousins,QB,LV,14.231537896558766,2.560218905911057,23.721366474768065,15.0,228.6702688317829,v2_team_first,False,starter,starter,1.0,2026,1.071190246591111
00-0035676,A.J. Brown,WR,NE,14.091145675591967,8.525553136515631,21.941353052781203,14.8,197.35174057176266,v2_team_first,False,starter,starter,1.0,2026,0.9463089356004014
00-0039067,Rashee Rice,WR,KC,14.064968249290832,8.499375710214494,21.915175626480064,11.3,148.92981656598127,v2_team_first,True,starter,starter,1.0,2026,0.9370536464072459
00-0038120,Breece Hall,RB,NYJ,13.913138177569238,8.06598549766258,21.345382384104703,15.55,213.3153875189769,v2_team_first,False,starter,starter,1.0,2026,0.9859767923399844
00-0039064,Zay Flowers,WR,BAL,13.884648430812732,8.319055891736394,21.734855808001967,15.95,207.44242346972703,v2_team_first,False,starter,starter,1.0,2026,0.9367031970389783
00-0035640,DK Metcalf,WR,PIT,13.874695753257296,8.309103214180958,21.72490313044653,15.05,195.6957492214477,v2_team_first,False,starter,starter,1.0,2026,0.9371765728503216
00-0036358,CeeDee Lamb,WR,DAL,13.87045989832748,8.304867359251142,21.720667275516718,14.5,187.7755941809205,v2_team_first,False,starter,starter,1.0,2026,0.9336417878657399
00-0036322,Justin Jefferson,WR,MIN,13.805505863613568,8.239913324537229,21.6557132408028,15.65,202.23757526327037,v2_team_first,False,starter,starter,1.0,2026,0.9360416705102573
00-0034844,Saquon Barkley,RB,PHI,13.69748878972255,7.850336109815894,21.129732996258014,15.4,208.2224251243272,v2_team_first,False,starter,starter,1.0,2026,0.9871106232647449
00-0040128,Tyler Warren,TE,IND,13.647101274320582,9.962209189885044,19.12061078741554,15.75,200.95163604970463,v2_team_first,False,starter,starter,1.0,2026,0.9349116547489735
00-0039165,Zach Charbonnet,RB,SEA,13.46304863647096,7.615895956564302,20.89529284300642,12.0,160.02825787091402,v2_team_first,True,starter,starter,1.0,2026,0.9905399969947042
00-0040666,Omarion Hampton,RB,LAC,13.175817707223208,7.32866502731655,20.608061913758668,12.75,164.691362248678,v2_team_first,True,starter,starter,1.0,2026,0.9803543032513501
00-0040124,Tetairoa McMillan,WR,CAR,13.046953209356904,7.481360670280567,20.89716058654614,15.75,193.5532802028371,v2_team_first,False,starter,starter,1.0,2026,0.941913177623899
00-0037740,Garrett Wilson,WR,NYJ,13.03910679657418,7.4735142574978415,20.889314173763417,13.0,160.2551145353462,v2_team_first,True,starter,starter,1.0,2026,0.9454111155802286
00-0037228,Jaylen Warren,RB,PIT,13.029460372651922,7.182307692745262,20.46170457918738,15.4,197.05351141087374,v2_team_first,False,starter,starter,1.0,2026,0.9820577516782688
00-0038117,Wan'Dale Robinson,WR,TEN,12.921607580866958,7.356015041790618,20.77181495805619,15.6,192.8400186084784,v2_team_first,False,backup,listed,2.0,2026,0.9566564823322287
00-0041027,Jeremiyah Love,RB,ARI,12.81226560928732,7.394232131855898,20.24450981582278,15.0,187.4727192031987,rookie_rule,True,starter,starter,1.0,2026,0.9754856526821925
00-0036554,Nico Collins,WR,HOU,12.524756287828351,6.959163748752015,20.37496366501759,14.55,170.55550134810156,v2_team_first,False,starter,starter,1.0,2026,0.9359086368373901
00-0037664,Alec Pierce,WR,IND,12.325232887069852,6.759640347993513,20.175440264259088,12.0,138.28318184733828,v2_team_first,True,starter,starter,1.0,2026,0.9349598983535118
00-0037248,James Cook,RB,BUF,12.174931272140984,6.327778592234326,19.60717547867645,15.85,190.5373620011858,v2_team_first,False,starter,starter,1.0,2026,0.9873800845473327
00-0036919,Kenny Gainwell,RB,TB,12.000770396426478,6.153617716519821,19.43301460296194,15.95,187.82987995680287,v2_team_first,False,backup,listed,2.0,2026,0.9812843370352896
00-0039337,Malik Nabers,WR,NYG,11.9741705816899,6.408578042613563,19.824377958879136,11.53,129.05066038535406,v2_team_first,True,starter,starter,1.0,2026,0.9347284971363273
00-0039361,Bucky Irving,RB,TB,11.681815404428766,5.834662724522109,19.114059610964222,13.74,158.75136733175813,v2_team_first,True,starter,starter,1.0,2026,0.9890549084609134
00-0040129,Emeka Egbuka,WR,TB,11.542363669825768,5.976771130749429,19.392571047015,15.75,175.91419455140792,v2_team_first,False,starter,starter,1.0,2026,0.9676662015780864
00-0041029,Jordyn Tyson,WR,NO,11.321017554146744,6.041864727855977,19.17122493133598,15.0,158.89667920126547,rookie_rule,True,backup,listed,2.0,2026,0.9357031641445438
00-0038134,Kenneth Walker III,RB,KC,11.200400054602143,5.353247374695488,18.632644261137607,15.0,164.68897145140602,v2_team_first,False,starter,starter,1.0,2026,0.9802564827955217
00-0038124,Christian Watson,WR,GB,11.120309546665018,5.55471700758868,18.970516923854248,13.05,136.56014690735796,v2_team_first,True,starter,starter,1.0,2026,0.9410150886041685
00-0038996,Tucker Kraft,TE,GB,10.910352396041691,7.225460311606154,16.383861909136648,13.15,135.00763155178788,v2_team_first,True,starter,starter,1.0,2026,0.9410090223745531
00-0039919,Rome Odunze,WR,CHI,10.910229252105356,5.3446367130290175,18.760436629294592,14.37,151.0513431566559,v2_team_first,False,starter,starter,1.0,2026,0.9634605727615435
00-0037239,Chris Olave,WR,NO,10.864618232083396,5.299025693007057,18.714825609272637,14.3,145.3790215375133,v2_team_first,False,starter,starter,1.0,2026,0.9357314656912659
00-0036997,Javonte Williams,RB,DAL,10.863401275252556,5.016248595345897,18.29564548178801,15.65,166.92478425423283,v2_team_first,False,starter,starter,1.0,2026,0.9818398611427085
00-0040715,Cam Skattebo,RB,NYG,10.75639267286806,4.909239992961402,18.18863687940352,12.38,129.47539029467578,v2_team_first,True,starter,starter,1.0,2026,0.9722992168935732
00-0039893,Brian Thomas Jr.,WR,JAX,10.749924499011083,5.184331959934742,18.600131876200315,15.0,151.2082125145204,v2_team_first,False,starter,starter,1.0,2026,0.9377319349447865
00-0035261,Tony Pollard,RB,TEN,10.614188285758186,4.767035605851529,18.046432492293647,15.85,166.8053525451151,v2_team_first,False,starter,starter,1.0,2026,0.9915027624035794
00-0039915,Ladd McConkey,WR,LAC,10.612684599147656,5.047092060071317,18.46289197633689,15.47,156.29077658425362,v2_team_first,False,starter,starter,1.0,2026,0.9519579780547881
00-0040784,Quinshon Judkins,RB,CLE,10.537814994991384,4.690662315084726,17.970059201526844,14.62,151.16666408767344,v2_team_first,False,starter,starter,1.0,2026,0.9812012367625051
00-0037238,Drake London,WR,ATL,10.475557848283984,4.909965309207644,18.32576522547321,14.45,141.70657344559024,v2_team_first,False,starter,starter,1.0,2026,0.9361490266638448
00-0040242,Jacory Croskey-Merritt,RB,WAS,10.383709984566575,4.536557304659918,17.815954191102037,15.75,162.72384969132366,v2_team_first,False,starter,starter,1.0,2026,0.9949885938292383
00-0034348,Courtland Sutton,WR,DEN,10.264840422247287,4.6992478831709485,18.11504779943652,15.8,155.7557622329131,v2_team_first,False,starter,starter,1.0,2026,0.9603617035905455
00-0036875,Rhamondre Stevenson,RB,NE,10.25707882967342,4.409926149766763,17.689323036208883,14.55,146.27207669286844,v2_team_first,False,starter,starter,1.0,2026,0.9801098204635317
00-0031381,Davante Adams,WR,LA,10.221621760249738,4.656029221173399,18.07182913743897,14.65,143.91039501614557,v2_team_first,False,backup,listed,2.0,2026,0.9610251078636763
00-0039065,Sam LaPorta,TE,DET,10.214578306529368,6.529686222093831,15.688087819624323,13.45,132.82937472605857,v2_team_first,True,starter,starter,1.0,2026,0.9668328584984347
00-0037247,George Pickens,WR,DAL,10.054216642892316,4.488624103815978,17.90442402008155,15.55,145.9684191743743,v2_team_first,False,backup,listed,2.0,2026,0.9336417680525795
00-0036410,Tee Higgins,WR,CIN,9.933283486816505,4.367690947740164,17.783490864005735,14.4,133.68507713044303,v2_team_first,False,backup,listed,2.0,2026,0.9346039428108209
00-0033293,Aaron Jones,RB,MIN,9.844739282222552,3.997586602315895,17.276983488758013,14.2,135.68422240560338,v2_team_first,False,starter,starter,1.0,2026,0.9705921768011392
00-0036912,DeVonta Smith,WR,PHI,9.832111296916567,4.266518757840228,17.6823186741058,15.35,143.07438152295532,v2_team_first,False,starter,starter,1.0,2026,0.9479964508534797
00-0036555,Chuba Hubbard,RB,CAR,9.752069257046603,3.9049165771399488,17.184313463582065,15.1,144.10325979916038,v2_team_first,False,starter,starter,1.0,2026,0.9785884397261911
00-0031408,Mike Evans,WR,SF,9.676736619627436,4.111144080551098,17.52694399681667,12.85,116.52252492229626,v2_team_first,True,starter,starter,1.0,2026,0.9370825236444491
00-0038129,Cade Otton,TE,TB,9.509974320405496,5.825082235969957,14.983483833500452,14.95,137.57710290632377,v2_team_first,False,starter,starter,1.0,2026,0.967666314304171
00-0037240,Jameson Williams,WR,DET,9.44697038581455,3.881377846738212,17.297177763003784,15.45,141.11975616818572,v2_team_first,False,backup,listed,2.0,2026,0.9668670936287961
00-0038606,Parker Washington,WR,JAX,9.267188397396424,3.701595858320085,17.117395774585656,14.8,128.61373758829507,v2_team_first,False,backup,listed,2.0,2026,0.9377296577952362
00-0034383,Dalton Schultz,TE,HOU,9.237597260132771,5.552705175697235,14.711106773227728,15.9,137.46113357292603,v2_team_first,False,starter,starter,1.0,2026,0.9358877713876849
00-0038997,Josh Downs,WR,IND,9.084820366281228,3.5192278272048885,16.935027743470457,15.25,129.5280999570511,v2_team_first,False,backup,listed,2.0,2026,0.9349272254570514
00-0036139,Rico Dowdle,RB,PIT,8.86553284764232,3.0183801677356628,16.29777705417778,15.8,136.10360587399717,v2_team_first,False,backup,listed,2.0,2026,0.9716451812365658
00-0035659,Terry McLaurin,WR,WAS,8.847424883338151,3.2818323442618134,16.697632260527385,13.9,115.36155657906933,v2_team_first,True,starter,starter,1.0,2026,0.9380574199929117
00-0038611,Chris Rodriguez Jr.,RB,JAX,8.837158015910266,2.9900053360036067,16.269402222445727,12.6,110.6619019261247,v2_team_first,True,backup,listed,2.0,2026,0.9938365494025696
00-0038559,Michael Wilson,WR,ARI,8.733144257211428,3.1675517181350896,16.583351634400664,15.65,127.91931409576351,v2_team_first,False,backup,listed,2.0,2026,0.9359467619507893
00-0037252,Greg Dulcich,TE,MIA,8.577863464726354,4.892971380290817,14.05137297782131,10.9,87.71553976157814,v2_team_first,True,starter,starter,1.0,2026,0.9381470408015614
00-0037809,Chig Okonkwo,TE,WAS,8.57193020394632,4.88703811951078,14.045439717041276,15.85,127.44939159712933,v2_team_first,False,starter,starter,1.0,2026,0.9380583937770937
00-0038544,Quentin Johnston,WR,LAC,8.52866679433886,2.96307425526252,16.37887417152809,14.5,117.72473121555947,v2_team_first,False,backup,listed,2.0,2026,0.9519596879752166
00-0034753,Mark Andrews,TE,BAL,8.498824811572309,4.813932727136772,13.972334324667264,15.65,124.58456551439613,v2_team_first,False,starter,starter,1.0,2026,0.9366795161963359
00-0039849,Marvin Harrison Jr.,WR,ARI,8.469722476193358,2.9041299371170197,16.319929853382593,14.37,113.91409212301294,v2_team_first,False,starter,starter,1.0,2026,0.9359475351442123
00-0036613,Jaylen Waddle,WR,DEN,8.3021891410028,2.736596601926461,16.152396518192035,15.25,121.601458891962,v2_team_first,False,backup,listed,2.0,2026,0.9604534444377671
00-0041032,Kenyon Sadiq,TE,NYJ,8.067274513575965,4.406221710690483,13.540784026670922,15.0,114.40039347128221,rookie_rule,True,starter,starter,1.0,2026,0.9453865596430301
00-0037261,Khalil Shakir,WR,BUF,8.063036568833999,2.49744402975766,15.913243946023233,15.35,117.71715096800553,v2_team_first,False,backup,listed,2.0,2026,0.9511143481036749
00-0036252,Michael Pittman,WR,PIT,8.022665045600514,2.457072506524174,15.872872422789747,15.8,118.79401886816606,v2_team_first,False,backup,listed,2.0,2026,0.9371709707919944
00-0035685,David Montgomery,RB,HOU,7.847685307132871,2.0005326272262143,15.279929513668334,15.4,119.1279489323365,v2_team_first,False,starter,starter,1.0,2026,0.9857149970668919
00-0038935,Brenton Strange,TE,JAX,7.835815044028475,4.150922959592939,13.309324557123434,13.55,99.56309221293645,v2_team_first,True,starter,starter,1.0,2026,0.9377237265459943
00-0034960,Jakobi Meyers,WR,JAX,7.823601810006775,2.2580092709304367,15.67380918719601,15.35,112.61362990895516,v2_team_first,False,depth,listed,3.0,2026,0.9377257439867851
00-0037545,Rashid Shaheed,WR,SEA,7.794728655606474,2.229136116530135,15.644936032795709,14.55,108.2779166533638,v2_team_first,False,backup,listed,2.0,2026,0.9547197268935073
00-0033921,Chris Godwin Jr.,WR,TB,7.76127269234593,2.19568015326959,15.611480069535164,12.1,90.87480792385175,v2_team_first,True,backup,listed,2.0,2026,0.9676653562059654
00-0036407,Jerry Jeudy,WR,CLE,7.727357383543008,2.1617648444666706,15.577564760732242,15.95,115.60326574135681,v2_team_first,False,starter,starter,1.0,2026,0.9379472556726202
00-0036040,Juwan Johnson,TE,NO,7.705232081287478,4.02033999685194,13.178741594382434,15.5,111.7500939529559,v2_team_first,False,starter,starter,1.0,2026,0.9356867391891962
00-0036244,Colby Parkinson,TE,LA,7.604845772298942,3.919953687863404,13.078355285393895,14.85,108.53001108638783,v2_team_first,False,starter,starter,1.0,2026,0.9610212322249738
00-0038563,Tre Tucker,WR,LV,7.548850467601924,1.9832579285255845,15.399057844791155,15.8,111.73584900811211,v2_team_first,False,starter,starter,1.0,2026,0.9368166991887935
00-0036550,Rashod Bateman,WR,BAL,7.544923570177357,1.9793310311010184,15.395130947366592,14.55,102.82915836183034,v2_team_first,False,backup,listed,2.0,2026,0.9366955200549713
00-0039793,AJ Barner,TE,SEA,7.519500508474616,3.8346084240390783,12.993010021569573,15.630000000000004,112.20687112085713,v2_team_first,False,starter,starter,1.0,2026,0.9547100212370769
00-0036973,Travis Etienne,RB,NO,7.433263382021294,1.5861107021146366,14.865507588556754,15.7,113.43168322142252,v2_team_first,False,starter,starter,1.0,2026,0.9719752421744725
00-0040189,Oronde Gadsden II,TE,LAC,7.377307938707681,3.6924158542721432,12.850817451802635,15.0,105.34187927505059,v2_team_first,False,starter,starter,1.0,2026,0.9519450740049027
00-0039491,Jalen Coker,WR,CAR,7.297402660969877,1.7321465830737153,15.147610038159112,13.11,90.11065449390549,v2_team_first,True,backup,listed,2.0,2026,0.9419007477747802
00-0033090,Hunter Henry,TE,NE,7.232536703421401,3.547644618985863,12.706046216516356,15.65,107.10907202268587,v2_team_first,False,starter,starter,1.0,2026,0.946283502157185
00-0039384,Tyrone Tracy Jr.,RB,NYG,7.16512995638136,1.3253286177112693,14.59737416291682,15.32,106.7279409842712,v2_team_first,False,backup,listed,2.0,2026,0.9722888244418523
00-0038933,Dalton Kincaid,TE,BUF,7.073639206265613,3.388747121830075,12.54714871936057,13.85,93.18312681622102,v2_team_first,True,starter,starter,1.0,2026,0.9511403395976975
00-0039894,Xavier Worthy,WR,KC,7.050490514633635,1.4848979755572964,14.900697891822867,14.84,98.04539943350711,v2_team_first,False,backup,listed,2.0,2026,0.9370742123843521
00-0039880,Malik Washington,WR,MIA,6.995793298911023,1.498889530533411,14.846000676100257,15.47,101.53034000063717,v2_team_first,False,starter,starter,1.0,2026,0.9381419529889219
00-0034827,DJ Moore,WR,BUF,6.989908092626645,1.434895275121701,14.840115469815878,16.0,106.37314726059272,v2_team_first,False,starter,starter,1.0,2026,0.9511314906701098
00-0036894,Pat Freiermuth,TE,PIT,6.980972729718423,3.2960806452828857,12.45448224281338,15.1,98.79087111759375,v2_team_first,False,starter,starter,1.0,2026,0.9371819729384653
00-0038041,Jake Ferguson,TE,DAL,6.917793925521807,3.23290184108627,12.391303438616765,15.55,100.43292683189591,v2_team_first,False,starter,starter,1.0,2026,0.9336371089624597
00-0040734,TreVeyon Henderson,RB,NE,6.914653725300204,1.0675010453935472,14.346897931835665,15.75,107.43297150214785,v2_team_first,False,backup,listed,2.0,2026,0.9864761590009014
00-0035229,T.J. Hockenson,TE,MIN,6.856632096426028,3.1717400119904906,12.330141609520984,14.25,91.45908113077338,v2_team_first,False,starter,starter,1.0,2026,0.9360544713095413
00-0040730,RJ Harvey,RB,DEN,6.696280912050526,0.8676746175996444,14.128525118585983,15.75,103.65161147357627,v2_team_first,False,backup,listed,2.0,2026,0.982792505746262
00-0041512,Jadarian Price,RB,SEA,6.668165378899222,3.1819099696132844,14.100409585434685,15.0,98.35992971034054,rookie_rule,True,backup,listed,2.0,2026,0.98337822695671
00-0036158,J.K. Dobbins,RB,DEN,6.607183422974205,0.7698942927086599,14.039427629509667,12.5,81.8677444438341,v2_team_first,True,starter,starter,1.0,2026,0.9912574142763129
00-0040735,Luther Burden III,WR,CHI,6.552217554019276,1.019687417494468,14.402424931208513,15.0,94.69241169949541,v2_team_first,False,backup,listed,2.0,2026,0.9634642614637543
00-0037816,Romeo Doubs,WR,NE,6.397457849854528,0.8928623988668385,14.24766522704376,15.1,91.41473221547172,v2_team_first,False,backup,listed,2.0,2026,0.9463064732809011
00-0039355,Luke McCaffrey,WR,WAS,6.195927820635571,1.0958323951647686,14.046135197824803,12.79,74.33711342976811,v2_team_first,True,backup,listed,2.0,2026,0.9380560716214127
00-0039146,Jayden Reed,WR,GB,6.192497241116007,1.3522714647415903,14.04270461830524,12.35,71.96514061666043,v2_team_first,True,backup,listed,2.0,2026,0.9409995136287087
00-0039890,Adonai Mitchell,WR,NYJ,6.055728244414768,0.8714578597628103,13.905935621604002,15.630000000000004,89.48442773261613,v2_team_first,False,backup,listed,2.0,2026,0.9454141746445388
00-0039738,Blake Corum,RB,LA,5.848183695767711,0.2858298426451901,13.280427902303172,15.630000000000004,90.95313133592985,v2_team_first,False,backup,listed,2.0,2026,0.9950334298597322
00-0038618,Xavier Hutchinson,WR,HOU,5.844833831756266,0.9551508296440256,13.6950412089455,15.0,82.05252719103798,v2_team_first,False,backup,listed,2.0,2026,0.9358980318109139
00-0039847,Theo Johnson,TE,NYG,5.795095045923292,2.1102029614877558,11.26860455901825,14.37,77.83930091363554,v2_team_first,False,backup,listed,2.0,2026,0.9347201293992498
00-0037741,Jahan Dotson,WR,ATL,5.785577335175714,0.6015048797129346,13.635784712364948,14.95,80.97170485619111,v2_team_first,False,backup,listed,2.0,2026,0.9361498836044182
00-0035535,Darius Slayton,WR,NYG,5.726781676410716,1.150537074464286,13.576989053599949,14.95,80.02708240748618,v2_team_first,False,backup,listed,2.0,2026,0.9347278110644162
00-0037197,Isiah Pacheco,RB,DET,5.670246819199216,0.3511147230481549,13.102491025734675,13.15,73.64478753248083,v2_team_first,True,backup,listed,2.0,2026,0.9876755367947112
00-0033881,Evan Engram,TE,DEN,5.59187809440882,1.906986009973282,11.065387607503776,14.5,77.87036831466573,v2_team_first,False,starter,starter,1.0,2026,0.960387572462879
00-0038994,Jordan Addison,WR,MIN,5.562743831192016,0.6228484218229664,13.412951208381248,14.8,77.06154759864087,v2_team_first,False,backup,listed,2.0,2026,0.9360239267240777
00-0040628,Drake Dabney,TE,GB,5.433088263667116,1.7491120154646638,10.906597776762071,9.75,49.847514038137994,v2_team_first,True,depth,listed,4.0,2026,0.9410054271642463
00-0036259,Jauan Jennings,WR,MIN,5.375041310796105,0.5977867160532688,13.22524868798534,14.9,74.96609712167881,v2_team_first,False,depth,listed,3.0,2026,0.9360452125108452
00-0040236,Kyle Monangai,RB,CHI,5.371421043365056,0.266734926743961,12.803665249900517,15.75,83.58913523312175,v2_team_first,False,backup,listed,2.0,2026,0.9880526286472592
00-0041483,Eli Stowers,TE,PHI,5.295126812348283,3.6532742797473343,10.76863632544324,15.0,75.29726050859625,rookie_rule,True,backup,listed,2.0,2026,0.9480070157212273
00-0037005,Tommy Tremble,TE,CAR,5.257830264516638,1.572938180081101,10.731339777611597,14.25,70.57045702265819,v2_team_first,False,starter,starter,1.0,2026,0.9418928577708943
00-0040388,Jakobie Keeney-James,WR,GB,5.227241880746853,1.1518427627300727,13.077449257936086,9.75,47.95920408515972,v2_team_first,True,depth,listed,9.0,2026,0.9410111180813107
00-0040867,Makai Lemon,WR,PHI,5.193670878360383,3.2622913690057365,13.043878255549616,15.0,73.85369179246361,rookie_rule,True,depth,listed,3.0,2026,0.9479960452144125
00-0039032,Tyjae Spears,RB,TEN,5.180883030578219,0.5363912935703852,12.61312723711368,14.05,70.81053137839336,v2_team_first,False,backup,listed,2.0,2026,0.9727869635399365
00-0040736,Mason Taylor,TE,NYJ,5.178418844150832,1.493526759715294,10.651928357245788,14.25,69.76154269375645,v2_team_first,False,backup,listed,2.0,2026,0.9453748341024721
00-0040583,Woody Marks,RB,HOU,5.129551811939968,0.3740448693982888,12.561796018475428,15.380000000000004,76.98247497278025,v2_team_first,False,backup,listed,2.0,2026,0.9757894384309391
00-0038977,Tank Dell,WR,HOU,5.100881570432155,0.8452199573732743,12.951088947621388,10.1,48.21670888358787,v2_team_first,True,depth,listed,4.0,2026,0.935903236864997
00-0041035,De'Zhaun Stribling,WR,SF,4.989588960524549,3.269708922608888,12.839796337713784,15.0,70.13481530862761,rookie_rule,True,depth,listed,3.0,2026,0.9370820704671755
00-0039410,Ryan Flournoy,WR,DAL,4.937211420011503,0.6626657968159433,12.787418797200736,14.05,64.76463291062501,v2_team_first,False,depth,listed,3.0,2026,0.9336408797249515
00-0037838,Isaiah Likely,TE,NYG,4.877528182313377,1.2405758627511143,10.351037695408335,14.05,64.05259361892129,v2_team_first,False,starter,starter,1.0,2026,0.934674960352395
00-0040719,Bhayshul Tuten,RB,JAX,4.85090785717124,0.1557517268539862,12.283152063706702,15.0,71.81175719722768,v2_team_first,False,starter,starter,1.0,2026,0.98691845336492
00-0033526,Samaje Perine,RB,CIN,4.84685047689518,0.2473041378591217,12.27909468343064,15.4,73.03514793849696,v2_team_first,False,backup,listed,2.0,2026,0.9784791374390356
00-0041511,Omar Cooper,WR,NYJ,4.741728186386792,3.132310247028217,12.591935563576026,15.0,67.24237039742327,rookie_rule,True,depth,listed,3.0,2026,0.945398917219984
00-0034829,Mike Gesicki,TE,CIN,4.706709605686204,1.040151268038702,10.180219118781162,14.25,62.68346217459396,v2_team_first,False,starter,starter,1.0,2026,0.9345890907598027
00-0041547,K.C. Concepcion,WR,CLE,4.68650020147707,1.176407797237274,12.536707578666304,15.0,65.9352960523918,rookie_rule,True,backup,listed,2.0,2026,0.9379464876812285
00-0039424,Devaughn Vele,WR,NO,4.653732921308511,0.8717647781809272,12.503940298497744,12.79,55.69455692926417,v2_team_first,True,depth,listed,3.0,2026,0.93570888521438
00-0035689,Dawson Knox,TE,BUF,4.6403970028205626,0.9886168972203928,10.113906515915518,14.9,65.76258448563425,v2_team_first,False,backup,listed,2.0,2026,0.9511247144416597
00-0039901,Keon Coleman,WR,BUF,4.628088418919578,0.6456463118732998,12.478295796108812,13.74,60.48362235107761,v2_team_first,True,depth,listed,3.0,2026,0.9511508774000652
00-0033110,Tyler Higbee,TE,LA,4.580699171491772,0.9376249503011576,10.054208684586728,11.7,51.505187892874496,v2_team_first,True,backup,listed,2.0,2026,0.9610220288539858
00-0041523,Caleb Douglas,WR,MIA,4.573770181444522,3.013797517607511,12.423977558633757,15.0,64.3630938860391,rookie_rule,True,depth,listed,3.0,2026,0.9381479076372753
00-0038393,Dontayvion Wicks,WR,PHI,4.512508862394966,0.7895791896968614,12.3627162395842,14.7,62.884017176103235,v2_team_first,False,backup,listed,2.0,2026,0.9479924423735511
00-0037256,Rachaad White,RB,WAS,4.489667385974808,0.4269149723071688,11.921911592510268,15.7,68.47394145577039,v2_team_first,False,backup,listed,2.0,2026,0.9714299902433796
00-0041037,Denzel Boston,WR,CLE,4.459963438825886,2.668656189069498,12.31017081601512,15.0,62.74810567069058,rookie_rule,True,depth,listed,3.0,2026,0.9379464881474366
00-0041524,Will Kacmarek,TE,MIA,4.433515626043094,2.451961250891724,9.90702513913805,15.0,62.3892469083885,rookie_rule,True,backup,listed,2.0,2026,0.9381455887498594
00-0040130,Jayden Higgins,WR,HOU,4.432687383965691,0.746123256596406,12.282894761154925,12.0,49.782762052235476,v2_team_first,True,,,,2026,0.935902567674749
00-0033908,Cooper Kupp,WR,SEA,4.413641888927888,0.5507987932458892,12.263849266117122,14.7,61.943926236502634,v2_team_first,False,depth,listed,3.0,2026,0.9547382046709285
00-0034775,Christian Kirk,WR,SF,4.413080525500494,0.869517007865354,12.26328790268973,12.6,52.106224495244774,v2_team_first,True,backup,listed,2.0,2026,0.9370811655449548
00-0039916,Ricky Pearsall,WR,SF,4.234812050568823,0.8386811829026123,12.085019427758056,12.0,47.6204192486676,v2_team_first,True,depth,listed,11.0,2026,0.9370825017344669
00-0039066,Michael Mayer,TE,LV,4.186058516609992,0.7595474569669787,9.65956802970495,13.7,53.72526713470404,v2_team_first,True,backup,listed,2.0,2026,0.9368125959153187
00-0038558,Darnell Washington,TE,PIT,4.17468476636108,0.6167709144128694,9.648194279456035,13.75,53.7954396922779,v2_team_first,True,backup,listed,2.0,2026,0.9371715070582778
00-0036290,Cole Kmet,TE,CHI,4.131335230639547,0.6126912731289742,9.604844743734503,15.5,61.69664234700548,v2_team_first,False,backup,listed,2.0,2026,0.9634726586688284
00-0033555,Mack Hollins,WR,NE,4.120205080730839,0.4753195187959023,11.970412457920071,14.85,57.899727444296246,v2_team_first,False,depth,listed,5.0,2026,0.9463052126470505
00-0034837,Calvin Ridley,WR,TEN,4.036115045588865,0.5771627065601065,11.886322422778097,13.0,50.19519566823808,v2_team_first,True,depth,listed,3.0,2026,0.9566548163132041
00-0039868,Troy Franklin,WR,DEN,3.966608820753232,0.54643718114986,11.816816197942464,15.79,60.1533497193185,v2_team_first,False,depth,listed,3.0,2026,0.9604136265684668
00-0040170,Elic Ayomanor,WR,TEN,3.9111919756225646,0.5615379314957295,11.7613993528118,15.380000000000004,57.54679794789356,v2_team_first,False,depth,listed,5.0,2026,0.9566557686873137
00-0040162,Dylan Sampson,RB,CLE,3.86506420854778,0.3639754802739183,11.297308415083242,15.0,55.79869856880195,v2_team_first,False,backup,listed,2.0,2026,0.9624453921602022
00-0040584,Gunnar Helm,TE,TEN,3.8252242665557623,0.5798459796174623,9.29873377965072,15.380000000000004,56.282635288319234,v2_team_first,False,starter,starter,1.0,2026,0.9566678655879398
00-0033906,Alvin Kamara,RB,NO,3.822231549847841,0.5011253057693484,11.2544757563833,13.55,49.951418476028806,v2_team_first,True,backup,listed,2.0,2026,0.9644762490103878
00-0040311,Theo Wease Jr.,WR,MIA,3.8102302347975368,0.825867378029965,11.66043761198677,10.5,37.533128969188354,v2_team_first,True,depth,listed,11.0,2026,0.9381542560619605
00-0040021,Phil Mafah,RB,DAL,3.773601003576021,0.3183857883826686,11.205845210111482,9.75,35.60796752993044,v2_team_first,True,depth,listed,3.0,2026,0.9678021683739587
00-0041040,Antonio Williams,WR,WAS,3.772983277957901,2.5380971733952267,11.623190655147134,15.0,53.08913421244056,rookie_rule,True,depth,listed,3.0,2026,0.9380575935333353
00-0041489,Germie Bernard,WR,PIT,3.741255999018171,2.0379158981227303,11.591463376207404,15.0,52.59327745105805,rookie_rule,True,depth,listed,4.0,2026,0.9371768458660276
00-0039344,Jonathon Brooks,RB,CAR,3.704630671607381,0.1981585160516713,11.136874878142844,8.37,30.54508028318679,v2_team_first,True,backup,listed,2.0,2026,0.9850786236333695
00-0039342,Xavier Legette,WR,CAR,3.6988052360412182,0.6203378946735374,11.549012613230452,15.0,52.25859899227592,v2_team_first,False,depth,listed,3.0,2026,0.9419005265640424
00-0040667,Matthew Golden,WR,GB,3.655366718583575,0.8410496736619588,11.505574095772808,14.62,50.289040616198875,v2_team_first,False,depth,listed,3.0,2026,0.9410117027979054
00-0040705,Chimere Dike,WR,TEN,3.649817245998905,0.5288606179079296,11.50002462318814,15.75,54.99311268805621,v2_team_first,False,depth,listed,4.0,2026,0.9566578179342942
00-0038555,Tank Bigsby,RB,PHI,3.624063818327648,0.1310465966864016,11.056308024863108,15.05,54.077297192892345,v2_team_first,False,backup,listed,2.0,2026,0.9914769919458915
00-0037112,Jake Tonges,TE,SF,3.5717583037979805,0.7654207724015867,9.045267816892936,10.8,36.148118830209256,v2_team_first,True,backup,listed,2.0,2026,0.9370869345428976
00-0039855,Jalen McMillan,WR,TB,3.564649426399578,0.5826766993102448,11.414856803588812,11.21,38.667629968226485,v2_team_first,True,depth,listed,3.0,2026,0.967665186356378
00-0040878,Mike Washington,RB,LV,3.547222981307809,2.826494791280033,10.97946718784327,15.0,51.89539103740532,rookie_rule,True,,,,2026,0.9753242900313764
00-0039874,Jaylen Wright,RB,MIA,3.525043077537008,0.4021656079170258,10.957287284072468,12.79,43.90440079447195,v2_team_first,True,backup,listed,2.0,2026,0.9738074241041532
00-0033885,David Njoku,TE,LAC,3.491820839725466,0.5560142405800172,8.965330352820423,13.25,44.04444836286494,v2_team_first,True,backup,listed,2.0,2026,0.951970179164819
00-0037291,Jalen Nailor,WR,LV,3.4249864324356274,0.6081934473993291,11.27519380962486,15.0,48.12881739803704,v2_team_first,False,backup,listed,2.0,2026,0.9368176749985151
00-0041395,Eli Raridon,TE,NE,3.418088572921227,1.9839751923613016,8.891598086016185,15.0,48.51718164422614,rookie_rule,True,backup,listed,2.0,2026,0.9462829026450404
00-0040870,Ja'Kobi Lane,WR,BAL,3.400538172994051,2.0511815672029123,11.250745550183286,15.0,47.77906159446559,rookie_rule,True,depth,listed,3.0,2026,0.9366960789503083
00-0037614,John Metchie III,WR,CAR,3.35171893939876,0.5713105286509758,11.201926316587992,13.6,42.934707116460096,v2_team_first,True,depth,listed,5.0,2026,0.9418939402865167
00-0035662,Marquise Brown,WR,PHI,3.320806084653204,0.605594813600873,11.171013461842438,13.25,41.71247548152782,v2_team_first,True,depth,listed,4.0,2026,0.9479961421551059
00-0037666,Jalen Tolbert,WR,MIA,3.2955109812514958,0.7281113001447865,11.145718358440728,14.35,44.36564584478699,v2_team_first,False,backup,listed,2.0,2026,0.9381496996539505
00-0040727,Tre Harris,WR,LAC,3.289234593621682,0.499161855571524,11.139441970810916,15.380000000000004,48.15755357919108,v2_team_first,False,depth,listed,3.0,2026,0.9519480133220876
00-0036309,Darnell Mooney,WR,NYG,3.236652886475855,0.6975699271206988,11.08686026366509,15.1,45.6833972967574,v2_team_first,False,depth,listed,4.0,2026,0.9347281452686915
00-0037525,Jordan Mason,RB,MIN,3.219392345731516,0.0923614586227846,10.651636552266975,14.9,47.38336134487572,v2_team_first,False,backup,listed,2.0,2026,0.987792422891319
00-0036754,Brock Wright,TE,DET,3.213141698621947,0.4326819672562287,8.686651211716905,12.0,37.27833679383124,v2_team_first,True,backup,listed,2.0,2026,0.966819504874289
00-0033553,James Conner,RB,ARI,3.200090084841017,0.2787358537143728,10.63233429137648,11.45,35.474018469930876,v2_team_first,True,depth,listed,3.0,2026,0.9681501050971032
00-0041550,Brenen Thompson,WR,LAC,3.190229480316688,1.5031394644824947,11.040436857505922,12.0,36.44354509264672,rookie_rule,True,,,,2026,0.9519572525398454
00-0040134,Pat Bryant,WR,DEN,3.1510760769836708,0.4486539543930613,11.001283454172905,14.25,43.124910533743034,v2_team_first,False,depth,listed,5.0,2026,0.9604050924840761
00-0039921,Trey Benson,RB,ARI,3.0778511618542628,0.3652666248793593,10.510095368389722,11.05,32.56143096931039,v2_team_first,True,depth,listed,4.0,2026,0.9574003677784927
00-0038619,Andrei Iosivas,WR,CIN,3.022359478984317,0.4213724678596419,10.87256685617355,15.1,42.65294191125287,v2_team_first,False,depth,listed,3.0,2026,0.9346003211925435
00-0036924,Michael Carter,RB,TEN,3.0090488748108437,0.2334624961640889,10.441293081346304,12.6,37.25467136439101,v2_team_first,True,depth,listed,4.0,2026,0.9826094797947437
00-0041453,Luke Altmyer,QB,DET,2.99767552,2.99767552,12.487504098209298,15.0,46.6730867278374,rookie_rule,True,backup,listed,2.0,2026,1.037983962716939
00-0041056,Cade Klubnik,QB,NYJ,2.962951596595408,2.962951596595408,12.452780174804706,15.0,47.337465643104856,rookie_rule,True,backup,listed,2.0,2026,1.0650970628409449
00-0035208,Olamide Zaccheaus,WR,ATL,2.9601131773662006,0.3327759879673225,10.810320554555434,14.65,40.59651018902953,v2_team_first,False,depth,listed,3.0,2026,0.936144221395332
00-0037742,Treylon Burks,WR,WAS,2.9375300047927966,0.537259540408435,10.78773738198203,11.1,30.586839441187127,v2_team_first,True,depth,listed,4.0,2026,0.9380571828480907
00-0037231,Kevin Austin Jr.,WR,NO,2.8993068834081392,0.5806188881037871,10.749514260597373,10.74,29.136263966544497,v2_team_first,True,depth,listed,10.0,2026,0.9356973404321848
00-0040788,Damien Alford,WR,NO,2.8441055983265877,1.9924885205195624,10.69431297551582,15.0,39.91844979976983,rookie_rule,True,,,,2026,0.9357001330109314
00-0041525,Chris Bell,WR,MIA,2.810114445415728,1.702400113489693,10.660321822604962,15.0,39.54454660248807,rookie_rule,True,depth,listed,5.0,2026,0.9381479502136518
00-0035250,Devin Singletary,RB,NYG,2.798879746522811,0.2561329068131839,10.23112395305827,15.7,43.02015871473651,v2_team_first,False,depth,listed,3.0,2026,0.9790122284310816
00-0041084,Tanner Koziol,TE,JAX,2.742503693649424,2.054018931041412,8.21601320674438,15.0,38.57557502745128,rookie_rule,True,depth,listed,3.0,2026,0.9377216183099983
00-0039811,MarShawn Lloyd,RB,GB,2.74035651110045,0.213076038956241,10.172600717635913,8.05,21.73424481966647,v2_team_first,True,backup,listed,2.0,2026,0.9852390292437667
00-0041005,Corey Rucker,WR,LV,2.6733119851596694,1.9220962092185565,10.523519362348903,12.0,30.05286695379461,rookie_rule,True,,,,2026,0.9368175481894991
00-0041052,Kaelon Black,RB,SF,2.6632190965925155,1.29873913259238,10.095463303127977,15.0,38.70842882487577,rookie_rule,True,backup,listed,2.0,2026,0.9689634341238061
00-0041503,Nate Boerkircher,TE,JAX,2.651525271702244,0.7783376809816422,8.1250347847972,15.0,37.29585255674067,rookie_rule,True,backup,listed,2.0,2026,0.9377207138037752
00-0041491,Aaron Anderson,WR,CLE,2.6446821858684872,1.8228939911232185,10.494889563057722,15.0,37.208557353717275,rookie_rule,True,,,,2026,0.9379465341818468
00-0034975,Justice Hill,RB,BAL,2.609639239605393,0.2664491363329389,10.041883446140854,13.55,33.85738271986558,v2_team_first,True,backup,listed,2.0,2026,0.9574886037129903
00-0039144,Luke Musgrave,TE,GB,2.5918354849974694,0.6776313323313594,8.065344998092426,12.0,29.266767865852035,v2_team_first,True,backup,listed,2.0,2026,0.9409923339161
00-0041474,Mante Morrow,WR,LAC,2.5874229889165075,1.4690820096790105,10.43763036610574,15.0,36.9467538054247,rookie_rule,True,,,,2026,0.9519575774477778
00-0033217,Mo Alie-Cox,TE,IND,2.585624967474935,0.4406838980031193,8.059134480569892,13.3,32.150822112580585,v2_team_first,True,backup,listed,2.0,2026,0.9349209867892894
00-0036423,Albert Okwuegbunam,TE,LV,2.564150892557993,0.5150854795738122,8.03766040565295,7.85,18.85672313809617,v2_team_first,True,depth,listed,4.0,2026,0.9368131739184996
00-0038705,Emari Demercado,RB,KC,2.556291940395342,0.2317871063832195,9.988536146930802,13.6,33.88408357539225,v2_team_first,True,backup,listed,2.0,2026,0.9746448338367044
00-0041307,Josh Pitsenberger,RB,HOU,2.5086540117165064,1.9612410632725232,9.940898218251968,15.0,36.39097978168219,rookie_rule,True,,,,2026,0.9670784840986567
00-0035537,Ty Johnson,RB,BUF,2.49351715978488,0.2826297534547705,9.92576136632034,15.6,37.861017751258686,v2_team_first,False,depth,listed,3.0,2026,0.9733192762939548
00-0040648,Tory Horton,WR,SEA,2.4894427919284348,0.3392256668772563,10.339650169117668,12.38,29.42420785157876,v2_team_first,True,depth,listed,4.0,2026,0.9547331109843143
00-0040187,Mitchell Evans,TE,CAR,2.485444216373193,0.4803145445464887,7.958953729468149,14.62,34.22563021089666,v2_team_first,False,backup,listed,2.0,2026,0.9418897285598136
00-0041048,Ted Hurst,WR,TB,2.480278102585763,1.2990115524969998,10.330485479774996,15.0,36.00136521642223,rookie_rule,True,depth,listed,4.0,2026,0.9676701221229922
00-0036415,Van Jefferson,WR,WAS,2.467308518491224,0.465587526654076,10.317515895680458,14.65,33.90711304581108,v2_team_first,False,depth,listed,7.0,2026,0.9380580859073223
00-0041044,Zachariah Branch,WR,ATL,2.4581504773382936,1.5169648063390184,10.308357854527529,15.0,34.517853664417395,rookie_rule,True,depth,listed,4.0,2026,0.9361470200905851
00-0041529,Kevin Coleman,WR,MIA,2.439185953676321,1.6326834581838514,10.289393330865556,15.0,34.324757911305575,rookie_rule,True,depth,listed,6.0,2026,0.9381479057134227
00-0036637,Noah Gray,TE,KC,2.428891721028381,0.4449262596014611,7.902401234123338,14.9,33.91214397576307,v2_team_first,False,backup,listed,2.0,2026,0.9370458128951368
00-0038608,Kayshon Boutte,WR,NE,2.4167544792813667,0.3036487877688452,10.2669618564706,14.1,32.246764879793666,v2_team_first,False,depth,listed,4.0,2026,0.946312346169255
00-0037509,Sincere McCormick,RB,SF,2.4050082727589484,0.148754292058329,9.83725247929441,8.53,20.238382080592327,v2_team_first,True,depth,listed,5.0,2026,0.986529746523043
00-0035359,David Sills,WR,TB,2.4012216377142224,0.4205454809678279,10.251429014903456,11.1,25.79188926328694,v2_team_first,True,depth,listed,7.0,2026,0.9676714514096373
00-0035249,Josh Oliver,TE,MIN,2.3904761950665274,0.3203579747962419,7.863985708161485,13.55,30.319882309634004,v2_team_first,True,backup,listed,2.0,2026,0.9360602273998478
00-0039451,Isaiah Williams,WR,NYJ,2.376609612536168,0.3889639130538836,10.226816989725402,13.89,31.207858804755322,v2_team_first,True,depth,listed,4.0,2026,0.945374486076184
00-0039386,Bub Means,WR,NO,2.3751508231835534,0.4936412586500013,10.225358200372789,8.53,18.95741499900103,v2_team_first,True,depth,listed,9.0,2026,0.9357048778586411
00-0039405,Jawhar Jordan,RB,HOU,2.3722583148419867,0.2035302800634286,9.804502521377447,10.87,25.22170108068025,v2_team_first,True,depth,listed,3.0,2026,0.9780990850609137
00-0041356,Luke Wysong,WR,MIN,2.3634762375079323,1.487824271313667,10.213683614697167,15.0,33.184791666244,rookie_rule,True,,,,2026,0.9360447163830823
00-0038809,Ben Sims,TE,MIA,2.356960975134053,0.5956747353470642,7.830470488229009,9.3,20.56384992273726,v2_team_first,True,,,,2026,0.9381430926038492
00-0039359,Cade Stover,TE,HOU,2.356602484598728,0.474000579146704,7.830111997693685,12.0,26.46615063308083,v2_team_first,True,depth,listed,3.0,2026,0.9358865430935338
00-0039391,Kimani Vidal,RB,LAC,2.348246134955556,0.1940957497543312,9.780490341491015,13.42,30.948210729194884,v2_team_first,True,depth,listed,3.0,2026,0.9820631455337964
00-0037570,Dennis Houston,WR,TB,2.328545793056494,0.4101934688959486,10.178753170245727,7.5,16.899479569759325,v2_team_first,True,depth,listed,8.0,2026,0.9676700150598709
00-0041516,Romello Brinson,WR,DAL,2.319858370585563,1.1288766161947246,10.170065747774798,15.0,32.48871298372779,rookie_rule,True,,,,2026,0.9336407025436126
00-0034272,Marquez Valdes-Scantling,WR,DAL,2.302392954591733,0.346802399121182,10.152600331780969,12.95,27.837423021902154,v2_team_first,True,depth,listed,5.0,2026,0.9336407805940383
00-0040669,Isaac TeSlaa,WR,DET,2.2992739615040336,0.3088033031284967,10.149481338693269,14.62,32.50144223566998,v2_team_first,False,depth,listed,3.0,2026,0.9668621058182729
00-0041042,Malachi Fields,WR,NYG,2.284164406952144,1.669567235317185,10.13437178414138,15.0,32.025529123038886,rookie_rule,True,depth,listed,5.0,2026,0.9347117345717362
00-0040739,Elijah Arroyo,TE,SEA,2.268956890931357,0.3419449566277209,7.742466404026314,14.25,30.868521737816963,v2_team_first,False,backup,listed,2.0,2026,0.9547171479698967
00-0039373,Audric Estimé,RB,NO,2.264334424229151,0.2946231884272575,9.696578630764613,11.53,25.349331408825755,v2_team_first,True,depth,listed,5.0,2026,0.9709494786108425
00-0037837,Calvin Austin III,WR,NYG,2.259262349242907,0.5197567558215905,10.109469726432142,15.05,31.782627408770775,v2_team_first,False,depth,listed,3.0,2026,0.9347309693096455
00-0041013,Emmett Johnson,RB,KC,2.2342498321843807,1.9094908386215144,9.666494038719842,15.0,32.48790480440998,rookie_rule,True,depth,listed,3.0,2026,0.969390391841937
00-0036955,Terrace Marshall Jr.,WR,MIA,2.232677967459489,0.5285328187313633,10.082885344648725,8.65,18.118103274921605,v2_team_first,True,depth,listed,8.0,2026,0.9381462278991829
00-0040466,Raheim Sanders,RB,CLE,2.2158555061807843,0.1022934639008104,9.648099712716244,10.87,23.722783110352996,v2_team_first,True,depth,listed,3.0,2026,0.9849057141654741
00-0035644,Noah Fant,TE,NO,2.1939901038908323,0.5033363732655272,7.667499616985788,14.25,29.253158274996608,v2_team_first,False,backup,listed,2.0,2026,0.9356711357266034
00-0038104,Tyquan Thornton,WR,KC,2.186683715025892,0.3794279531791091,10.036891092215123,12.15,24.896887674132003,v2_team_first,True,depth,listed,3.0,2026,0.937093253798465
00-0040729,Jack Bech,WR,LV,2.1866325012529746,0.420940767264507,10.03683987844221,14.62,29.948664334025278,v2_team_first,False,depth,listed,3.0,2026,0.9368159722749484
00-0031235,Odell Beckham Jr.,WR,NYG,2.1783825941846,0.5049102680749304,10.028589971373831,9.4,19.1398370864621,v2_team_first,True,depth,listed,6.0,2026,0.934708570925156
00-0040737,Terrance Ferguson,TE,LA,2.151247463935805,0.3603537296511565,7.624756977030761,13.5,27.90992613811445,v2_team_first,True,depth,listed,3.0,2026,0.9610246941903283
00-0041496,Jonah Coleman,RB,DEN,2.145982898724106,2.0728393579272004,9.578227105259568,15.0,31.53176081812609,rookie_rule,True,depth,listed,3.0,2026,0.9795592449151793
00-0039912,Ben Sinnott,TE,WAS,2.1453772408719374,0.4529216069350165,7.618886753966894,11.84,23.82788487214614,v2_team_first,True,depth,listed,3.0,2026,0.9380589287624612
00-0040879,Matthew Hibner,TE,BAL,2.125839101170575,1.30615611115262,7.599348614265532,15.0,29.868548826798364,rookie_rule,True,depth,listed,3.0,2026,0.936682643270964
00-0041376,Gregory Desrosiers,RB,LAC,2.1254249869206627,1.6767049704384656,9.557669193456125,15.0,31.07504416771933,rookie_rule,True,,,,2026,0.9747084107554154
00-0040202,Devin Neal,RB,NO,2.111876661085341,0.2983367469406514,9.5441208676208,12.75,26.104279524358244,v2_team_first,True,depth,listed,4.0,2026,0.9694668775999843
00-0038839,Mitchell Tinsley,WR,CIN,2.10779293471413,0.3151013673065155,9.958000311903364,12.38,24.38803267713997,v2_team_first,True,depth,listed,5.0,2026,0.9346051700809573
00-0037157,Bam Knight,RB,ARI,2.1049419303876467,0.1478240200740516,9.537186136923108,11.2,23.06295603065805,v2_team_first,True,depth,listed,5.0,2026,0.9782657055808207
00-0041067,Bryce Lance,WR,NO,2.093607624533426,1.4285503218643787,9.94381500172266,15.0,29.38488226031323,rookie_rule,True,depth,listed,4.0,2026,0.9357016700415021
00-0041022,Jonathan Brady,WR,LV,2.0920126507524235,1.4569599427912585,9.94222002794166,15.0,29.39751018586,rookie_rule,True,,,,2026,0.936817476551006
00-0038115,Daniel Bellinger,TE,TEN,2.078690921101345,0.3634448013303868,7.552200434196301,13.9,27.641264062515123,v2_team_first,True,backup,listed,2.0,2026,0.9566502302943533
00-0036988,Josh Palmer,WR,BUF,2.070431013184761,0.329464707021253,9.920638390373997,13.85,27.2743003143521,v2_team_first,True,depth,listed,4.0,2026,0.9511370087013408
00-0041510,Max Klare,TE,LA,2.051450655577008,1.2543050576239954,7.524960168671965,15.0,29.572237810147744,rookie_rule,True,depth,listed,4.0,2026,0.9610187382849827
00-0041311,Jalen Walthall,WR,NYJ,2.049117710733791,1.3776296546255162,9.899325087923025,15.0,29.05847999926272,rookie_rule,True,,,,2026,0.9453981046589673
00-0037746,Brian Robinson,RB,ATL,2.04286832517826,0.0562698648065839,9.47511253171372,15.45,31.235853267334026,v2_team_first,False,backup,listed,2.0,2026,0.989656577782214
00-0041158,Donaven McCulley,WR,MIA,2.0363461304810966,1.3349848430378786,9.88655350767033,15.0,28.65590748494287,rookie_rule,True,depth,listed,12.0,2026,0.9381478932946359
00-0039884,Tahj Washington,WR,MIA,2.0294628414939377,0.4909023574727704,9.879670218683172,10.12,19.267844267729778,v2_team_first,True,depth,listed,9.0,2026,0.938148332493821
00-0036534,Shane Zylstra,TE,BUF,2.0232948917406666,0.3529721196167653,7.496804404835623,8.1,15.587446009305255,v2_team_first,True,depth,listed,4.0,2026,0.9511100227589403
00-0041041,Oscar Delp,TE,NO,2.021491888024816,1.3891292819894714,7.495001401119772,15.0,28.371998065501327,rookie_rule,True,depth,listed,3.0,2026,0.9356785198619944
00-0041069,Colbie Young,WR,CIN,2.020894943824852,1.1246032511446302,9.871102321014083,15.0,28.33087615192927,rookie_rule,True,depth,listed,4.0,2026,0.934598348403299
00-0041185,Vinny Anthony,WR,ATL,2.019184228670098,1.5122029259967806,9.869391605859333,15.0,28.35378747068035,rookie_rule,True,depth,listed,7.0,2026,0.936146623574977
00-0033307,Kendrick Bourne,WR,ARI,2.016803097905921,0.2971905077858347,9.867010475095157,13.9,26.23761763128784,v2_team_first,True,depth,listed,3.0,2026,0.935935884221943
00-0038976,Marvin Mims Jr.,WR,DEN,2.0028533844972496,0.3117204417855935,9.853060761686484,15.35,29.52865684602188,v2_team_first,False,depth,listed,4.0,2026,0.9604751973513619
00-0040945,R.J. Maryland,TE,GB,1.965688956773278,1.5610066774466826,7.439198469868234,15.0,27.745832102809764,rookie_rule,True,,,,2026,0.9410044930117923
00-0041222,Gabriel Benyard,WR,BUF,1.960678248013536,1.022662151254901,9.81088562520277,15.0,27.973180591977282,rookie_rule,True,,,,2026,0.9511395906091289
00-0035631,Drew Sample,TE,CIN,1.9565139179145288,0.325676296784038,7.430023431009485,13.45,24.593735525462577,v2_team_first,True,backup,listed,2.0,2026,0.9345860029906036
00-0036628,John Bates,TE,WAS,1.948046927504557,0.4229551781174826,7.421556440599514,13.2,24.12145424619817,v2_team_first,True,backup,listed,2.0,2026,0.938058971597839
00-0037563,Malik Davis,RB,DAL,1.9375091676799097,0.0714525171268893,9.36975337421537,10.55,20.217620326695595,v2_team_first,True,depth,listed,4.0,2026,0.9890854444674609
00-0038621,DeMario Douglas,WR,NE,1.923852370078729,0.25406872741076,9.774059747267962,15.4,28.036363717271957,v2_team_first,False,depth,listed,3.0,2026,0.9463008320381943
00-0039041,Elijah Higgins,TE,ARI,1.9156768687879293,0.3134618780167499,7.389186381882886,15.4,27.611005678762197,v2_team_first,False,depth,listed,3.0,2026,0.9359211231731751
00-0041077,Justin Joly,TE,DEN,1.913636222895587,1.421179693141876,7.387145735990543,15.0,27.567682155580933,rookie_rule,True,depth,listed,3.0,2026,0.9603943816750204
00-0040876,Elijah Sarratt,WR,BAL,1.9015592491142284,1.1086421570258915,9.751766626303462,15.0,26.71773165491217,rookie_rule,True,depth,listed,5.0,2026,0.9366955624218264
00-0041051,Zavion Thomas,WR,CHI,1.8919607089227009,1.089995385444667,9.742168086111937,15.0,27.342510695341332,rookie_rule,True,depth,listed,5.0,2026,0.9634629502396097
00-0036345,K.J. Osborn,WR,TEN,1.8825581753396945,0.3090103739985246,9.73276555252893,9.3,16.74888322277782,v2_team_first,True,depth,listed,8.0,2026,0.9566531376486981
00-0039794,Braelon Allen,RB,NYJ,1.880416102034922,0.1201774636373327,9.312660308570385,11.84,21.949537010934048,v2_team_first,True,backup,listed,2.0,2026,0.9858701110476135
00-0037263,Tyler Allgeier,RB,ARI,1.839196465474369,0.1428807297647094,9.27144067200983,16.0,28.763662684550912,v2_team_first,False,backup,listed,2.0,2026,0.9774534431376032
00-0038454,Keaton Mitchell,RB,LAC,1.8376058870891208,0.1903876913126647,9.269850093624582,12.35,22.24091502653675,v2_team_first,True,backup,listed,2.0,2026,0.980016346524363
00-0041357,Khalil Dinkins,TE,SF,1.832524828264936,1.4138226931539664,7.306034341359892,15.0,25.758405748254766,rookie_rule,True,,,,2026,0.9370825559343441
00-0041257,Eric Rivers,WR,TB,1.8311073912066536,1.2010974769776053,9.681314768395886,15.0,26.578626594202667,rookie_rule,True,depth,listed,10.0,2026,0.9676704097873081
00-0039739,Roman Wilson,WR,PIT,1.8307348538046773,0.2700856494458638,9.680942230993912,12.75,21.87553629846761,v2_team_first,True,depth,listed,3.0,2026,0.937180134834406
00-0039052,Trey Palmer,WR,NO,1.8180351092598797,0.40108724638671,9.668242486449111,10.6,18.0322029360867,v2_team_first,True,depth,listed,8.0,2026,0.9357086734579482
00-0039356,Ja'Tavion Sanders,TE,CAR,1.8116261020138171,0.3836770335582412,7.285135615108774,14.05,23.974133620517666,v2_team_first,False,depth,listed,3.0,2026,0.9418853195111827
00-0037300,Mike Woods,WR,DEN,1.8052391792540587,0.2877508130094217,9.655446556443293,8.25,14.303359738533992,v2_team_first,True,depth,listed,13.0,2026,0.9603938327353132
00-0041397,Kaden Wetjen,WR,PIT,1.801977410548751,1.1075033041135245,9.652184787737983,15.0,25.331573429997768,rookie_rule,True,depth,listed,6.0,2026,0.9371768769762627
00-0035500,Greg Dortch,WR,DET,1.7610980874587328,0.2520517870013222,9.611305464647966,14.45,24.6030574667023,v2_team_first,False,depth,listed,4.0,2026,0.9668023302306719
00-0040718,Travis Hunter,WR,JAX,1.758607332111162,0.27082341704762,9.608814709300397,15.0,24.73643639361078,v2_team_first,False,depth,listed,4.0,2026,0.9377282406723255
00-0039814,Erick All,TE,CIN,1.742949438654454,0.3008137096303426,7.216458951749411,9.16,14.921173001606917,v2_team_first,True,depth,listed,4.0,2026,0.9345933860825102
00-0036387,Jalen Reagor,WR,MIA,1.7415885635228672,0.4372277802378411,9.5917959407121,9.0,14.704818058300472,v2_team_first,True,depth,listed,7.0,2026,0.9381484854491261
00-0036427,Tyler Johnson,WR,DAL,1.7135209840445766,0.2767973760503371,9.563728361233812,11.9,19.037799259697422,v2_team_first,True,depth,listed,8.0,2026,0.933641944707285
00-0041047,Chris Brazzell,WR,CAR,1.7134254041421588,0.8982212104471752,9.563632781331394,12.0,19.366537520188313,rookie_rule,True,depth,listed,10.0,2026,0.941901598272591
00-0040912,Hank Beatty,WR,TEN,1.7039918344905254,1.3481389386358114,9.55419921167976,15.0,24.45197848919618,rookie_rule,True,depth,listed,13.0,2026,0.9566547598904056
00-0039875,Ray Davis,RB,BUF,1.690176407599596,0.2145309559481782,9.122420614135056,15.95,26.28510219706894,v2_team_first,False,backup,listed,2.0,2026,0.9750276849061851
00-0041443,Skyler Bell,WR,BUF,1.678159619534374,0.976364710108162,9.528366996723609,15.0,23.9424987831557,rookie_rule,True,depth,listed,5.0,2026,0.9511410994304518
00-0041233,Raylen Sharpe,WR,IND,1.6743482046776892,0.9307594964084678,9.524555581866922,15.0,23.481063465499627,rookie_rule,True,depth,listed,11.0,2026,0.9349335022786659
00-0038679,Tyrell Shavers,WR,BUF,1.6642723972160436,0.2792445634048078,9.514479774405276,11.53,18.251578426305112,v2_team_first,True,depth,listed,7.0,2026,0.9511449608554053
00-0036422,Adam Trautman,TE,DEN,1.662270643351671,0.2998651049842572,7.135780156446628,14.15,22.589080114923426,v2_team_first,False,backup,listed,2.0,2026,0.9603739486913523
00-0038612,A.T. Perry,WR,PIT,1.6621756655169433,0.2516033729666559,9.512383042706178,7.9,12.306385629897388,v2_team_first,True,depth,listed,7.0,2026,0.9371875459468544
00-0041248,Noah Thomas,WR,CIN,1.6443051871391017,1.0339020789493936,9.494512564328335,15.0,23.051482327388293,rookie_rule,True,depth,listed,9.0,2026,0.9345986988986787
00-0040586,Jaydon Blue,RB,DAL,1.6403760386576232,0.0527103823303265,9.072620245193084,11.25,18.29264077709211,v2_team_first,True,backup,listed,2.0,2026,0.9912437606988708
00-0041436,D.J. Herman,RB,MIA,1.6357691163895969,1.448799197730772,9.068013322925058,15.0,23.646392566101248,rookie_rule,True,,,,2026,0.9637216861954455
00-0038797,Emanuel Wilson,RB,SEA,1.6248517719405038,0.097035810259508,9.057095978475964,15.4,24.724343801788933,v2_team_first,False,depth,listed,4.0,2026,0.9880758958884412
00-0037801,KaVontae Turpin,WR,DAL,1.6062667735601233,0.2636246136405405,9.456474150749356,15.35,23.020050054889193,v2_team_first,False,depth,listed,4.0,2026,0.9336416295793328
00-0041457,Miles Kitselman,TE,DET,1.6059622772746045,1.0670605200866732,7.079471790369562,15.0,23.290222473308344,rookie_rule,True,,,,2026,0.9668231440999547
00-0035406,Lil'Jordan Humphrey,WR,DEN,1.6014423638839788,0.2633689843551803,9.451649741073211,12.25,18.84087696500235,v2_team_first,True,depth,listed,6.0,2026,0.9604034508760382
00-0041374,Sincere Brown,WR,LAC,1.5978585312739728,1.0462781474641896,9.448065908463208,15.0,22.816401841453274,rookie_rule,True,depth,listed,8.0,2026,0.9519575271060553
00-0041380,Devonte Ross,WR,LAC,1.5849667944965966,1.0088690864127523,9.43517417168583,15.0,22.63231297195144,rookie_rule,True,depth,listed,9.0,2026,0.9519573974898201
00-0032775,Demarcus Robinson,WR,SF,1.578470952938476,0.3776764110848082,9.42867833012771,14.65,21.669633414181448,v2_team_first,False,depth,listed,4.0,2026,0.9370814595578423
00-0041168,Omari Kelly,WR,CHI,1.5780623002422935,1.0995269222081876,9.428269677431528,15.0,22.806080742256846,rookie_rule,True,depth,listed,9.0,2026,0.9634634719958028
00-0041004,Chase Roberts,WR,LV,1.5588368374562298,1.3365423746688392,9.409044214645464,15.0,21.9051842306728,rookie_rule,True,depth,listed,10.0,2026,0.9368174912784554
00-0038979,Cedric Tillman,WR,CLE,1.5488328451944695,0.2304288894558282,9.399040222383704,13.0,18.885378479252356,v2_team_first,True,depth,listed,4.0,2026,0.9379459029347667
00-0040934,Jordan Hudson,WR,DAL,1.5344156053593494,0.909694700597162,9.384622982548583,15.0,21.488901834232287,rookie_rule,True,depth,listed,10.0,2026,0.9336410882500001
00-0040986,Ty Pezza,WR,BAL,1.5320467175616117,0.6939987050429262,9.382254094750843,15.0,21.525907536906704,rookie_rule,True,depth,listed,5.0,2026,0.9366950015365546
00-0040138,Jaylin Noel,WR,HOU,1.5298164721741607,0.3154902299870457,9.380023849363392,15.75,22.550023431105526,v2_team_first,False,depth,listed,3.0,2026,0.9358949556873875
00-0039679,Ben Nikkel,WR,IND,1.527435146342212,0.2740579491822901,9.377642523531446,15.0,21.42064373660577,v2_team_first,False,,,,2026,0.9349286738579303
00-0041368,Harrison Wallace,WR,ARI,1.52740040298209,1.1092209665279604,9.377607780171322,15.0,21.44321781857786,rookie_rule,True,depth,listed,9.0,2026,0.9359352346515126
00-0040237,Tez Johnson,WR,TB,1.5266615329194688,0.297410447249602,9.376868910108705,15.0,22.159459552379015,v2_team_first,False,depth,listed,5.0,2026,0.9676652431707413
00-0040919,Tyren Montgomery,WR,TEN,1.515262346705883,1.20167806686682,9.365469723895115,15.0,21.743738091281944,rookie_rule,True,depth,listed,12.0,2026,0.9566544978631113
00-0041228,Sahmir Hagans,WR,IND,1.5082744554457663,0.7646857471765451,9.358481832635,15.0,21.152044785410375,rookie_rule,True,depth,listed,10.0,2026,0.9349335022786659
00-0041273,Desmond Reid,RB,BUF,1.5045826675268208,1.164134028178749,8.936826874062282,15.0,22.03924441787185,rookie_rule,True,,,,2026,0.9765385398242102
00-0041266,Keelan Marion,WR,ATL,1.4998778941458872,1.1109572643689862,9.35008527133512,15.0,21.061557514802775,rookie_rule,True,depth,listed,9.0,2026,0.9361454287715593
00-0039074,Davis Allen,TE,LA,1.4996943690068962,0.2822363305723157,6.973203882101853,13.4,19.312610602685474,v2_team_first,True,depth,listed,5.0,2026,0.9610222102585666
00-0038951,Sean Tucker,RB,TB,1.4988378657332464,0.0687457260465202,8.931082072268708,15.3,22.816806446934493,v2_team_first,False,depth,listed,3.0,2026,0.9949672163411551
00-0036626,Dyami Brown,WR,WAS,1.487569906970545,0.3169945130818156,9.33777728415978,13.85,19.326636328287222,v2_team_first,True,depth,listed,5.0,2026,0.9380567589554885
00-0041180,Quentin Moore,TE,WAS,1.4733896796247172,1.1559187377288394,6.946899192719674,15.0,20.731886710114818,rookie_rule,True,depth,listed,6.0,2026,0.9380585460774765
00-0036271,Quez Watkins,WR,PHI,1.4629875235864955,0.3185248765261644,9.313194900775729,7.75,10.748621648211284,v2_team_first,True,depth,listed,8.0,2026,0.9480046138396512
00-0034613,Tanner Hudson,TE,CIN,1.462276406862548,0.268014510553043,6.935785919957505,12.45,17.014507328445127,v2_team_first,True,depth,listed,3.0,2026,0.9345887605384092
00-0041081,Max Bredeson,RB,MIN,1.4612810788640136,1.1817442846164392,8.893525285399473,15.0,21.241196878538165,rookie_rule,True,,,,2026,0.9690673562976613
00-0040785,Dohnte Meyers,WR,CIN,1.4611175735372093,0.9828196557149576,9.311324950726444,15.0,20.483362879421097,rookie_rule,True,depth,listed,12.0,2026,0.9345979748836167
00-0040590,Konata Mumpfield,WR,LA,1.4581314449953502,0.2477009999682514,9.308338822184584,13.12,18.385017729856244,v2_team_first,True,depth,listed,5.0,2026,0.9610224701469077
00-0041070,Reggie Virgil,WR,ARI,1.4560494858720072,0.9401440424557068,9.30625686306124,15.0,20.441532553848596,rookie_rule,True,depth,listed,6.0,2026,0.9359357976127418
00-0040522,Xavier Restrepo,WR,TEN,1.4409356942314495,0.2539667598897486,9.291143071420684,10.12,13.950187359195189,v2_team_first,True,depth,listed,9.0,2026,0.9566540806065725
00-0041229,E.J. Horton,WR,IND,1.4388702114621736,0.7757478300819157,9.289077588651406,15.0,20.17870408151136,rookie_rule,True,depth,listed,10.0,2026,0.9349327882744823
00-0041399,C.J. Daniels,WR,LA,1.435741679618654,0.7735328275736066,9.285949056807889,15.0,20.696677254512394,rookie_rule,True,depth,listed,6.0,2026,0.9610214032378314
00-0041216,Trebor Pena,WR,JAX,1.4248487114975257,0.9005732775213504,9.27505608868676,15.0,20.041781161364934,rookie_rule,True,depth,listed,12.0,2026,0.9377267448182098
00-0041407,Kyron Hudson,WR,CHI,1.4231427953383156,0.9901334698614144,9.273350172527548,15.0,20.567202576715374,rookie_rule,True,depth,listed,12.0,2026,0.9634639917646051
00-0041467,Lewis Bond,WR,HOU,1.4195535707533726,0.7722918903127165,9.269760947942606,15.0,19.928349040531387,rookie_rule,True,depth,listed,6.0,2026,0.9358974751456635
00-0033857,JuJu Smith-Schuster,WR,NYG,1.4194942316098338,0.36673592233925,9.269701608799068,14.8,19.63612802927673,v2_team_first,False,depth,listed,6.0,2026,0.9346747438902177
00-0041435,Dean Patterson,WR,TB,1.4183905034696802,0.8082892840124541,9.268597880658914,15.0,20.588017790007182,rookie_rule,True,depth,listed,11.0,2026,0.9676704095073291
00-0032392,Austin Hooper,TE,ATL,1.4163010446570017,0.2108653037727429,6.889810557751958,14.75,19.55626584878344,v2_team_first,False,depth,listed,3.0,2026,0.9361346848699135
00-0041020,Xavier Loyd,WR,KC,1.413379808034661,0.8965490109978936,9.263587185223894,15.0,19.86663220853772,rookie_rule,True,depth,listed,12.0,2026,0.9370744789947983
00-0040900,Anthony Smith,WR,DAL,1.4120716814320793,0.7037375905317325,9.262279058621314,15.0,19.775519066569036,rookie_rule,True,depth,listed,7.0,2026,0.9336409440873575
00-0041176,Jaden Bradley,WR,WAS,1.4042524354810615,0.936363417596537,9.254459812670294,15.0,19.75904573564831,rookie_rule,True,depth,listed,10.0,2026,0.9380576329629965
00-0032464,Kalif Raymond,WR,CHI,1.400467309374044,0.2334602721185515,9.250674686563276,14.65,19.767374889339635,v2_team_first,False,depth,listed,3.0,2026,0.9634704481389275
00-0041558,Sam Roush,TE,CHI,1.3988042749273015,0.600803342288531,6.872313788022258,12.0,16.172542444696102,rookie_rule,True,,,,2026,0.9634742290599483
00-0041361,Will Pauling,WR,SF,1.396525609494185,0.9711260999142948,9.246732986683416,15.0,19.629886334602727,rookie_rule,True,depth,listed,9.0,2026,0.937082055693562
00-0036429,Charlie Woerner,TE,ATL,1.3934101229908582,0.2083587968517723,6.866919636085815,11.9,15.52254025664302,v2_team_first,True,backup,listed,2.0,2026,0.9361315280365725
00-0036165,Isaiah Hodgins,WR,NYG,1.3885766185883623,0.3612725672908993,9.238783995777595,10.3,13.368531529443782,v2_team_first,True,depth,listed,7.0,2026,0.9347094464184059
00-0041272,Ja'Mori Maclin,WR,BUF,1.3803823121584764,0.8773726179274495,9.23058968934771,15.0,19.6940560077124,rookie_rule,True,depth,listed,11.0,2026,0.9511401700937571
00-0041359,Wesley Grimes,WR,SF,1.3796827478740046,0.9158605150872048,9.22989012506324,15.0,19.393138427854534,rookie_rule,True,depth,listed,8.0,2026,0.9370820191689243
00-0037004,Hunter Long,TE,JAX,1.3663070531424597,0.2536944231249181,6.839816566237416,11.3,14.477636238673632,v2_team_first,True,depth,listed,5.0,2026,0.9377150940109292
00-0036849,Tutu Atwell,WR,MIA,1.3634868102790327,0.3677406738387918,9.213694187468269,12.85,16.437241897987036,v2_team_first,True,depth,listed,4.0,2026,0.9381556051546197
00-0039236,Johnny Wilson,WR,PHI,1.3616276474418676,0.3029506840150882,9.2118350246311,9.47,12.224268908050837,v2_team_first,True,,,,2026,0.9480135719832365
00-0041187,Le'Meke Brockington,WR,ATL,1.3611286060746306,0.9206315227579736,9.211335983263863,15.0,19.113223043646094,rookie_rule,True,depth,listed,11.0,2026,0.9361458306655712
00-0041294,Joseph Manjack,WR,DEN,1.361042873490217,0.9735620430964133,9.211250250679452,15.0,19.606727359547182,rookie_rule,True,depth,listed,10.0,2026,0.9603776506696071
00-0041293,Dane Key,WR,DEN,1.3565912163237346,0.9456044825704032,9.20679859351297,15.0,19.542611172981626,rookie_rule,True,depth,listed,8.0,2026,0.9603782843265397
00-0040461,Luke Grimm,WR,LAC,1.3522146807389563,0.2502663261756961,9.20242205792819,12.0,15.446960205121234,v2_team_first,True,,,,2026,0.9519543768424776
00-0040894,Malik Benson,WR,LV,1.3431437355549467,0.8955887272303564,9.19335111274418,15.0,18.87420902188891,rookie_rule,True,depth,listed,4.0,2026,0.9368175334856301
00-0041568,Ty Simpson,QB,LA,1.342908,1.342908,10.832736578209298,12.0,16.841925027522336,rookie_rule,True,,,,2026,1.0451153409567355
00-0041562,Fernando Mendoza,QB,LV,1.342908,1.342908,10.832736578209298,12.0,17.348135839927448,rookie_rule,True,,,,2026,1.0765279428379462
00-0040985,Diego Pavia,QB,BAL,1.338907637290863,1.338907637290863,10.82873621550016,15.0,21.59671081858731,rookie_rule,True,,,,2026,1.0753398375950691
00-0040581,Dont'e Thornton Jr.,WR,LV,1.3306244626853654,0.2916391995440136,9.1808318398746,13.5,16.828474319191177,v2_team_first,True,depth,listed,5.0,2026,0.9368185301190994
00-0038359,Xavier Smith,WR,LA,1.3148614383043764,0.2303963131092374,9.16506881549361,15.160000000000002,19.156318874864898,v2_team_first,False,depth,listed,4.0,2026,0.9610209773076267
00-0041446,Kendrick Law,WR,DET,1.308722726347968,0.6031280069643988,9.158930103537202,12.0,15.184026538247842,rookie_rule,True,depth,listed,9.0,2026,0.9668476900259427
00-0040886,Nicholas Singleton,RB,TEN,1.3079405211760944,1.2067698598676988,8.740184727711554,15.0,19.213485454257874,rookie_rule,True,depth,listed,3.0,2026,0.9793251371492638
00-0039798,Isaiah Davis,RB,NYJ,1.2944258444221568,0.1848759397357863,8.726670050957617,15.0,18.91882331672436,v2_team_first,False,depth,listed,3.0,2026,0.9743740000375684
00-0038941,Tyler Scott,WR,LA,1.2941696027084433,0.227895219354042,9.144376979897675,8.75,10.882554499428812,v2_team_first,True,depth,listed,7.0,2026,0.9610181784656139
00-0040782,Isaiah Bond,WR,CLE,1.29334377199438,0.2028256803074211,9.143551149183612,15.0,18.196306109990676,v2_team_first,False,depth,listed,5.0,2026,0.937946352908753
00-0041373,Jerand Bradley,WR,LAC,1.2867998896929091,0.6829275775387458,9.137007266882144,15.0,18.374679148834236,rookie_rule,True,depth,listed,5.0,2026,0.9519573476297233
00-0041451,Brock Rechsteiner,WR,NO,1.2773053448912044,0.8954952226542794,9.127512722080438,15.0,17.92765093792601,rookie_rule,True,depth,listed,11.0,2026,0.9357016581629254
00-0041561,Carson Beck,QB,ARI,1.276568908755178,1.276568908755178,10.766397486964475,12.0,16.509963639142534,rookie_rule,True,,,,2026,1.0777563935843404
00-0036556,Brevin Jordan,TE,HOU,1.2636768494360098,0.3116456961796938,6.737186362530967,8.3,9.816069566144709,v2_team_first,True,depth,listed,4.0,2026,0.9358871964780296
00-0041299,Cam Ross,WR,DEN,1.2635813869192951,0.8969998412805378,9.113788764108527,15.0,18.202717751771317,rookie_rule,True,depth,listed,11.0,2026,0.9603770119971399
00-0040959,Jaydn Ott,RB,KC,1.261171781071816,1.261171781071816,8.693415987607278,15.0,18.43993360980359,rookie_rule,True,depth,listed,5.0,2026,0.974751358831931
00-0040948,J.Michael Sturdivant,WR,GB,1.2610399064959834,0.6442742403889049,9.111247283685216,15.0,17.79975671645552,rookie_rule,True,depth,listed,10.0,2026,0.9410094332867023
00-0039737,Tip Reiman,TE,ARI,1.2605162109727162,0.2392304540896036,6.734025724067672,10.11,11.927115450437366,v2_team_first,True,backup,listed,2.0,2026,0.935913759497193
00-0036980,Elijah Moore,WR,PHI,1.258491794305677,0.2867848690453934,9.10869917149491,13.55,16.165585903437584,v2_team_first,True,depth,listed,5.0,2026,0.9479856566356094
00-0040277,Jahdae Walker,WR,CHI,1.241873644099912,0.2147010701422889,9.092081021289143,11.62,13.903250116602404,v2_team_first,True,depth,listed,4.0,2026,0.9634580225110132
00-0041106,C.J. Williams,WR,JAX,1.2409904910753742,0.6285739270655264,9.091197868264608,15.0,17.45564962296305,rookie_rule,True,depth,listed,6.0,2026,0.9377267458800561
00-0041309,Daniel Sobkowicz,WR,HOU,1.2391379822515096,0.7440945727665367,9.089345359440744,15.0,17.39558424666178,rookie_rule,True,depth,listed,11.0,2026,0.9358970776902
00-0040977,Cortez Braham,WR,BAL,1.2297041720876347,0.7517148761598909,9.079911549276868,15.0,17.277846296901814,rookie_rule,True,depth,listed,10.0,2026,0.936693918699145
00-0041308,Treyvhon Saunders,WR,HOU,1.226720967941045,0.6609868850836028,9.07692834513028,15.0,17.221282559279015,rookie_rule,True,depth,listed,10.0,2026,0.9358978398151176
00-0039626,Cole Burgess,WR,PIT,1.2228804673511458,0.2024350447689724,9.073087844540378,12.0,13.75261793939445,v2_team_first,True,,,,2026,0.9371737676307598
00-0041317,Nick DeGennaro,WR,NE,1.2217248136401797,0.8684896208564338,9.071932190829411,15.0,17.341729569062412,rookie_rule,True,depth,listed,9.0,2026,0.9462976373210163
00-0040887,Josh Cuevas,TE,BAL,1.2188122089273827,0.6399192801044342,6.692321722022339,15.0,17.12460361786804,rookie_rule,True,depth,listed,4.0,2026,0.9366826430102011
00-0040890,Cyrus Allen,WR,KC,1.2168059419617996,0.5211723535655511,9.067013319151034,15.0,17.103567278774264,rookie_rule,True,depth,listed,5.0,2026,0.9370744991157739
00-0039792,Devontez Walker,WR,BAL,1.214535358933994,0.1644623481549501,9.064742736123227,10.89,12.389149133937707,v2_team_first,True,depth,listed,4.0,2026,0.9367062932135635
00-0041132,Deion Burks,WR,IND,1.213739840234892,0.2979849211752031,9.063947217424126,15.0,17.02149785733685,rookie_rule,True,depth,listed,7.0,2026,0.9349339011586274
00-0041342,Dillon Bell,WR,MIN,1.2111453681316229,0.7519287249249782,9.061352745320857,15.0,17.005281850450057,rookie_rule,True,depth,listed,7.0,2026,0.9360440839942721
00-0041287,Kole Wilson,WR,CLE,1.2058813593616828,0.8156919099031121,9.056088736550915,15.0,16.965782561492528,rookie_rule,True,depth,listed,9.0,2026,0.9379464754019219
00-0036145,Lawrence Cager,TE,WAS,1.1942366842725436,0.3087803841006562,6.667746197367499,7.75,8.682033807544197,v2_team_first,True,depth,listed,5.0,2026,0.9380572892569384
00-0040024,Darius Cooper,WR,PHI,1.1878699282942309,0.2759396666186535,9.038077305483466,11.62,13.085266121553074,v2_team_first,True,depth,listed,6.0,2026,0.9479982670673608
00-0036020,Salvon Ahmed,RB,CHI,1.1855367751221886,0.1942911281519493,8.61778098165765,7.85,9.113823769889652,v2_team_first,True,depth,listed,5.0,2026,0.9793004172856719
00-0041011,E.J. Williams,WR,LV,1.1800353173160525,0.9708291970688718,9.030242694505288,15.0,16.5821658789974,rookie_rule,True,depth,listed,11.0,2026,0.9368174910060002
00-0037805,Jeremy Ruckert,TE,NYJ,1.1791011715296498,0.2641427558814292,6.652610684624606,14.3,15.940192778880775,v2_team_first,False,depth,listed,3.0,2026,0.9453801104105662
00-0039394,Casey Washington,WR,ATL,1.1715213652026224,0.1656684160573798,9.021728742391858,9.79,10.736931148653506,v2_team_first,True,depth,listed,8.0,2026,0.9361539262371653
00-0037382,Brandon Johnson,WR,LV,1.170185233324676,0.2674511082137479,9.02039261051391,8.15,8.934451020064712,v2_team_first,True,depth,listed,9.0,2026,0.9368189135227986
00-0041231,Lincoln Pare,RB,IND,1.1682886383143338,0.6839579919660506,8.600532844849795,15.0,16.893920561792953,rookie_rule,True,,,,2026,0.9640266402070159
00-0041100,Josh Cameron,WR,JAX,1.1667610478257395,0.4500937874347376,9.016968425014973,15.0,16.411550422076846,rookie_rule,True,depth,listed,5.0,2026,0.9377270208931406
00-0041201,D.T. Sheffield,WR,NYJ,1.160589256163954,0.8694382658248085,9.010796633353188,15.0,16.458286926623508,rookie_rule,True,depth,listed,13.0,2026,0.9453983160831237
00-0041215,Ben Patterson,WR,JAX,1.1593693761441557,0.6139848941255689,9.009576753333388,15.0,16.30757986469806,rookie_rule,True,depth,listed,11.0,2026,0.9377270206977522
00-0041472,Marlin Klein,TE,HOU,1.1586779573239645,0.5467275300777565,6.632187470418921,15.0,16.265885867069777,rookie_rule,True,depth,listed,5.0,2026,0.9358876504757659
00-0041199,Caullin Lacy,WR,NYJ,1.1564431493049718,0.8507257075470592,9.006650526494205,15.0,16.399491112020165,rookie_rule,True,depth,listed,8.0,2026,0.9453983173535936
00-0040967,Jacob De Jesus,WR,KC,1.1543542455219282,0.6557808537480739,9.004561622711162,15.0,16.2257365727823,rookie_rule,True,depth,listed,11.0,2026,0.937074364923165
00-0041475,Trayvon Rudolph,WR,MIN,1.1539740443560638,0.7554940217299301,9.004181421545297,15.0,16.20256263193142,rookie_rule,True,depth,listed,9.0,2026,0.9360443134849835
00-0041319,Cameron Dorner,WR,NE,1.1507623283471942,0.663379581605656,9.000969705536429,15.0,16.334507553466494,rookie_rule,True,depth,listed,10.0,2026,0.9463006768696981
00-0040989,Octavian Smith,WR,BAL,1.14627981224526,0.5654397105191155,8.996487189434493,15.0,16.105729256817924,rookie_rule,True,depth,listed,11.0,2026,0.9366956238064913
00-0039379,Jamari Thrash,WR,CLE,1.1414105329721236,0.186880339824396,8.991617910161358,11.37,12.172510179776248,v2_team_first,True,,,,2026,0.9379459356006441
00-0034981,Foster Moreau,TE,HOU,1.1388816409121243,0.2929441965427168,6.6123911540070806,12.65,13.483127151132907,v2_team_first,True,backup,listed,2.0,2026,0.935882900870065
00-0040853,Carson Towt,TE,IND,1.138713450296071,0.6484293189956849,6.612222963391027,15.0,15.969070941866953,rookie_rule,True,depth,listed,5.0,2026,0.9349189027151602
00-0040955,John Michael Gyllenborg,TE,KC,1.138414397507323,0.8517547382009188,6.61192391060228,12.0,12.801247021690969,rookie_rule,True,depth,listed,6.0,2026,0.9370670183693381
00-0040194,Jackson Hawes,TE,BUF,1.1367103768378517,0.2441325718270952,6.610219889932809,14.25,15.40630149630914,v2_team_first,False,depth,listed,3.0,2026,0.951116473187167
00-0041318,Kyle Dixon,WR,NE,1.1349571837188268,0.7655877379426481,8.98516456090806,15.0,16.110109518802567,rookie_rule,True,depth,listed,8.0,2026,0.9462976371799219
00-0039907,Ja'Lynn Polk,WR,NO,1.1314051092956312,0.2872090674204692,8.981612486484865,10.11,10.703048142568399,v2_team_first,True,depth,listed,5.0,2026,0.9357033571871943
00-0035298,Scott Miller,WR,CHI,1.126940099753746,0.201574861590964,8.97714747694298,10.45,11.34639772112484,v2_team_first,True,depth,listed,6.0,2026,0.9634759526875492
00-0041536,Kyre Duplessis,WR,DET,1.1188911436440303,0.6037077198629364,8.969098520833263,15.0,16.226929880933355,rookie_rule,True,depth,listed,10.0,2026,0.9668459094888722
00-0040078,Brashard Smith,RB,KC,1.1175399188700172,0.2337818566039833,8.549784125405477,15.75,16.935076186726544,v2_team_first,False,depth,listed,4.0,2026,0.9621516997601206
00-0040930,Camden Brown,WR,DAL,1.109441478731558,0.4368816878320892,8.959648855920792,15.0,15.537304636378828,rookie_rule,True,depth,listed,9.0,2026,0.9336412320514569
00-0040164,Jaylin Lane,WR,WAS,1.1068884202437117,0.2590115119351428,8.957095797432945,15.0,15.574877334118343,v2_team_first,False,depth,listed,6.0,2026,0.9380576547898787
00-0040953,Jeff Caldwell,WR,KC,1.1065380406092606,0.5630550032200614,8.956745417798494,15.0,15.553628591466907,rookie_rule,True,depth,listed,13.0,2026,0.9370744924354684
00-0037098,Samori Toure,WR,PHI,1.105481455960913,0.2632126715709708,8.955688833150147,8.2,8.593592219574031,v2_team_first,True,depth,listed,9.0,2026,0.9480023798830863
00-0041179,Chris Hilton,WR,WAS,1.1022230255089969,0.6712051064610668,8.952430402698232,15.0,15.50923137374003,rookie_rule,True,depth,listed,11.0,2026,0.9380576655725977
00-0040970,Michael Briscoe,WR,MIN,1.0958678286665855,0.6973878060404521,8.94607520585582,15.0,15.386712740317408,rookie_rule,True,depth,listed,10.0,2026,0.9360443134849835
00-0040954,Omari Evans,WR,KC,1.0944222435182884,0.5694464544491069,8.944629620707524,15.0,15.38332750982399,rookie_rule,True,depth,listed,10.0,2026,0.9370744914912374
00-0041292,Kolbe Katsis,WR,DEN,1.0938501618542271,0.72726861621547,8.944057539043461,15.0,15.757628250212257,rookie_rule,True,depth,listed,9.0,2026,0.9603770119971399
00-0040131,Kyle Williams,WR,NE,1.0934586577777574,0.1702844721009086,8.943666034966991,14.62,15.128249515115401,v2_team_first,False,depth,listed,6.0,2026,0.9463220043681769
00-0033246,Johnny Mundt,TE,PHI,1.092627891757186,0.2983768459211879,6.566137404852142,13.7,14.190801799094181,v2_team_first,True,depth,listed,3.0,2026,0.9480125453992914
00-0041326,C.J. Donaldson,RB,NO,1.0879438035152855,1.0879438035152855,8.520188010050745,15.0,15.774842323114461,rookie_rule,True,depth,listed,7.0,2026,0.9666456589726988
00-0038720,Julian Hill,TE,NE,1.0878292373880447,0.1940731649181353,6.561338750483002,12.0,12.35266408367886,v2_team_first,True,,,,2026,0.9462778148080855
00-0035645,Gunner Olszewski,WR,NYG,1.0877514504754704,0.3065047942210739,8.937958827664705,12.0,12.200186029096843,v2_team_first,True,,,,2026,0.9346640435616045
00-0038589,Josh Whyle,TE,GB,1.08345603545831,0.3799640430856916,6.556965548553267,12.0,12.234446371624088,v2_team_first,True,depth,listed,3.0,2026,0.9410046778723871
00-0041220,Michael Wortham,WR,JAX,1.0741374179648064,0.5498619839886312,8.92434479515404,15.0,15.108710766533623,rookie_rule,True,depth,listed,13.0,2026,0.9377267448182098
00-0040998,Roman Hemby,RB,LV,1.0739445964203096,1.050535517298444,8.506188802955771,15.0,15.657207353804063,rookie_rule,True,depth,listed,3.0,2026,0.971943829380208
00-0041398,Riley Nowakowski,TE,PIT,1.052156301166356,0.280105028460741,6.525665814261313,15.0,14.7908149562362,rookie_rule,True,,,,2026,0.9371747613188909
00-0041087,Joe Royer,TE,CLE,1.0468331589364828,0.7244566365568903,6.520342672031439,15.0,14.728102753485548,rookie_rule,True,depth,listed,4.0,2026,0.9379465185231225
00-0041281,T.J. Harden,RB,CLE,1.0417894807862167,1.0417894807862167,8.474033687321676,15.0,15.215437771337625,rookie_rule,True,depth,listed,7.0,2026,0.9736732197791601
00-0039530,Brevyn Spann-Ford,TE,DAL,1.025327735844906,0.223120453722099,6.498837248939863,14.68,14.052934778332787,v2_team_first,False,backup,listed,2.0,2026,0.933637462421883
00-0040927,Dae'Quan Wright,TE,PHI,1.0242308690801016,0.8279520653294214,6.497740382175058,15.0,14.564678529985633,rookie_rule,True,depth,listed,6.0,2026,0.9480075225010348
00-0041352,Marcus Sanders,WR,MIN,1.0242244830228586,0.5444435009122047,8.874431860212093,15.0,14.380785405820493,rookie_rule,True,depth,listed,12.0,2026,0.9360438487324295
00-0040939,Michael Trigg,TE,DAL,1.0215714346793066,0.5531143317816944,6.495080947774263,15.0,14.306672185690937,rookie_rule,True,depth,listed,4.0,2026,0.933638229628201
00-0041481,Terrill Davis,WR,MIN,1.02094284512857,0.5842112987134744,8.871150222317803,15.0,14.334712643365208,rookie_rule,True,depth,listed,11.0,2026,0.9360440832878683
00-0039747,Ainias Smith,WR,CAR,1.0191241284678807,0.2339105267405789,8.869331505657113,8.37,8.034409826322799,v2_team_first,True,depth,listed,15.0,2026,0.9418927172157526
00-0036841,Austin Trammell,WR,JAX,1.0097079834825784,0.1847267133471738,8.859915360671813,10.2,9.657692046338886,v2_team_first,True,depth,listed,8.0,2026,0.9377290949972691
00-0041217,J'mari Taylor,RB,JAX,1.003183872617863,0.7991077772261183,8.435428079153324,15.0,14.681641990412324,rookie_rule,True,depth,listed,6.0,2026,0.9756697245740057
00-0035973,Patrick Taylor,RB,SF,0.9981929375142896,0.2088170274033016,8.430437144049751,9.1,8.82881190162432,v2_team_first,True,,,,2026,0.9719554943802813
00-0041239,Chip Trayanum,RB,NYJ,0.9745617936340398,0.9745617936340398,8.406806000169501,15.0,14.285577600724983,rookie_rule,True,depth,listed,5.0,2026,0.9772308398188241
00-0041267,Malik McClain,WR,NYJ,0.9716104461077172,0.6610873850696368,8.82181782329695,15.0,13.778387944070486,rookie_rule,True,depth,listed,9.0,2026,0.9453986419671843
00-0033955,Jeremy McNichols,RB,WAS,0.9684573174276,0.2931919640139585,8.40070152396306,14.65,13.562833612369518,v2_team_first,False,depth,listed,4.0,2026,0.955943719567529
00-0041152,Kobe Prentice,WR,CAR,0.9652210325593348,0.376432947206186,8.815428409748568,15.0,13.637154574335984,rookie_rule,True,depth,listed,9.0,2026,0.9419020179019753
00-0040938,D.J. Rogers,TE,DAL,0.9544996404059612,0.6319229553835503,6.428009153500917,15.0,13.367357295704736,rookie_rule,True,depth,listed,5.0,2026,0.9336380186250899
00-0040244,Moliki Matavao,TE,NO,0.9543897829627788,0.2974813795654254,6.427899296057736,9.75,8.706545400411036,v2_team_first,True,depth,listed,4.0,2026,0.9356544164320744
00-0038547,Luke Schoonmaker,TE,DAL,0.9492012994922606,0.2141717482679694,6.422710812587217,14.1,12.49557517049508,v2_team_first,False,depth,listed,3.0,2026,0.9336386343694388
00-0040218,Jimmy Horn Jr.,WR,CAR,0.947339381891704,0.2239458049638499,8.797546759080937,13.12,11.706832675987949,v2_team_first,True,depth,listed,4.0,2026,0.9418895624627569
00-0039623,Mason Tipton,WR,NO,0.9466861219494288,0.2563707644913046,8.796893499138662,11.84,10.487900096717592,v2_team_first,True,depth,listed,6.0,2026,0.9356875024316659
00-0040974,Lance Mason,TE,SEA,0.9462960648027716,0.6589568346378807,6.419805577897728,15.0,13.551544394719777,rookie_rule,True,depth,listed,5.0,2026,0.954707862142081
00-0038647,Ronnie Bell,WR,NO,0.9446839104523888,0.2562107634455562,8.794891287641624,9.35,8.26489797408561,v2_team_first,True,depth,listed,7.0,2026,0.935705898669887
00-0041403,Rohan Jones,TE,LA,0.9422972357651348,0.6524616765489462,6.415806748860092,15.0,13.583481141476344,rookie_rule,True,depth,listed,8.0,2026,0.9610188537764809
00-0040302,A.J. Henning,WR,MIA,0.9262279228492828,0.2846520850920329,8.776435300038516,15.0,13.034068845819153,v2_team_first,False,depth,listed,10.0,2026,0.9381469739991902
00-0040964,E.J. Smith,RB,KC,0.9214116471299908,0.9214116471299908,8.353655853665451,15.0,13.475986640477437,rookie_rule,True,depth,listed,6.0,2026,0.9750246940805366
00-0038046,Charlie Kolar,TE,LAC,0.9115722548974196,0.2243670760747734,6.385081767992376,13.35,11.584962357859975,v2_team_first,True,depth,listed,3.0,2026,0.9519678093251983
00-0040981,Joe Fagnano,QB,BAL,0.9066960700000002,0.9066960700000002,10.3965246482093,15.0,14.62693446332179,rookie_rule,True,depth,listed,3.0,2026,1.0754750091962486
00-0041194,Jack Strand,QB,ATL,0.9066960700000002,0.9066960700000002,10.3965246482093,15.0,14.641699235817345,rookie_rule,True,depth,listed,3.0,2026,1.0765606190262
00-0041149,Haynes King,QB,CAR,0.9066960700000002,0.9066960700000002,10.3965246482093,15.0,14.543971838882719,rookie_rule,True,depth,listed,3.0,2026,1.0693750140465272
00-0041414,Matthew Caldwell,QB,LA,0.9066960700000002,0.9066960700000002,10.3965246482093,15.0,14.214500645225787,rookie_rule,True,depth,listed,3.0,2026,1.0451499766050443
00-0034418,Cedrick Wilson Jr.,WR,DET,0.9041872350887504,0.1601973151053626,8.754394612277984,11.8,10.315381972399644,v2_team_first,True,depth,listed,6.0,2026,0.9668184630248828
00-0041096,Kaytron Allen,RB,WAS,0.8945055052422446,0.6494329091662341,8.326749711777705,15.0,13.041691350457885,rookie_rule,True,depth,listed,3.0,2026,0.9719851749767237
00-0041205,Brady Boyd,WR,JAX,0.8935797471032187,0.379343091890563,8.743787124292453,15.0,12.569004412828004,rookie_rule,True,depth,listed,10.0,2026,0.9377267448576988
00-0037422,Kendric Pryor,WR,CIN,0.8920342576750486,0.1735004211868926,8.742241634864282,8.05,6.711243128042174,v2_team_first,True,depth,listed,8.0,2026,0.9345995306138288
00-0040901,Jaren Kanak,TE,TEN,0.8871933690240779,0.4916678516982418,6.360702882119034,12.0,10.184847051297218,rookie_rule,True,,,,2026,0.9566541905158603
00-0041221,Jackson Acker,RB,BUF,0.8870407705425114,0.1673296065718459,8.319284977077972,15.0,12.983326477386422,rookie_rule,True,backup,listed,2.0,2026,0.9757782587186578
00-0038938,Jalin Hyatt,WR,NYG,0.8739502048752079,0.2677311675805859,8.724157582064441,11.45,9.353493411937723,v2_team_first,True,depth,listed,9.0,2026,0.9347202888507875
00-0041094,Bauer Sharp,TE,TB,0.8728426273612622,0.366152648659891,6.346352140456219,15.0,12.669382986619556,rookie_rule,True,depth,listed,4.0,2026,0.9676721850704484
00-0038636,Kenny McIntosh,RB,SEA,0.8709001184970986,0.0552440014928781,8.30314432503256,9.63,8.31346083835866,v2_team_first,True,depth,listed,5.0,2026,0.9912591714072891
00-0037078,Cole Turner,TE,MIA,0.8678327362795031,0.3185769486408257,6.341342249374459,7.9,6.431818868960616,v2_team_first,True,depth,listed,4.0,2026,0.9381465496457023
00-0039796,Rasheen Ali,RB,BAL,0.8672131513012368,0.2224723547997862,8.299457357836696,13.42,10.959974855620985,v2_team_first,True,depth,listed,3.0,2026,0.9417403672222511
00-0041263,Lake McRee,TE,PIT,0.8606331592711287,0.5541913195018996,6.3341426723660845,15.0,12.098455211129059,rookie_rule,True,depth,listed,5.0,2026,0.9371747672667144
00-0041195,Jack Velling,TE,ATL,0.8588866403969069,0.6603625325865419,6.332396153491864,15.0,12.06054349049529,rookie_rule,True,depth,listed,5.0,2026,0.9361377798682797
00-0040646,Jalen Royals,WR,KC,0.8521426320938223,0.1975267764492843,8.702350009283057,10.12,8.080807265669424,v2_team_first,True,depth,listed,4.0,2026,0.9370482259582845
00-0038728,Jared Wayne,WR,HOU,0.8499594928639407,0.2144990869373385,8.700166870053174,9.75,7.755774584856559,v2_team_first,True,depth,listed,8.0,2026,0.9358846705799708
00-0040337,Eli Pancol,WR,IND,0.8497903911755628,0.1866928182144463,8.699997768364797,15.0,11.917405138098939,v2_team_first,False,depth,listed,9.0,2026,0.9349289944008369
00-0040390,Jackson Meeks,WR,DET,0.8448099834733956,0.1537983783939328,8.69501736066263,15.0,12.252043292600552,v2_team_first,False,depth,listed,4.0,2026,0.9668480512210855
00-0034386,Justin Watson,WR,HOU,0.8287432913162021,0.2115144488375382,8.678950668505436,11.4,8.841945278290519,v2_team_first,True,depth,listed,5.0,2026,0.9358859891414019
00-0040895,Emmanuel Henderson,WR,SEA,0.8270680154437511,0.1786069125847394,8.677275392632986,15.0,11.844313444218317,rookie_rule,True,depth,listed,5.0,2026,0.954723047605174
00-0039521,Xavier Weaver,WR,ARI,0.8131590262395367,0.1604647515471381,8.66336640342877,10.42,7.930260541089267,v2_team_first,True,depth,listed,4.0,2026,0.9359318998068308
00-0037539,Lucas Krull,TE,DEN,0.8128893605953765,0.1980775930418736,6.286398873690334,9.95,7.767506126801687,v2_team_first,True,depth,listed,5.0,2026,0.9603445683172127
00-0038389,Israel Abanikanda,RB,DAL,0.8088877037353812,0.1412675188813008,8.241131910270843,7.8,6.116468151963226,v2_team_first,True,depth,listed,5.0,2026,0.9694331857980119
00-0040637,Lucas Scott,RB,BAL,0.8049162127835283,0.0992503695117351,8.237160419318988,15.0,11.747562162784355,v2_team_first,False,,,,2026,0.9729842664542204
00-0039920,Malachi Corley,WR,CLE,0.8039391259036269,0.1509014329566264,8.65414650309286,12.47,9.402999436983974,v2_team_first,True,depth,listed,7.0,2026,0.9379437445953273
00-0041542,Malick Meiga,WR,CAR,0.7998352315732631,0.3156401380119052,8.650042608762499,15.0,11.300480833272015,rookie_rule,True,depth,listed,14.0,2026,0.9419007304828813
00-0041252,Kenny Fletcher,TE,TB,0.7930433223796625,0.4304227221345332,6.266552835474618,15.0,11.51108935006693,rookie_rule,True,depth,listed,6.0,2026,0.9676721750438495
00-0040419,Garrett Greene,WR,TB,0.7875075907150824,0.1941413716614301,8.637714967904317,15.0,11.430699577083532,v2_team_first,False,depth,listed,9.0,2026,0.9676689437117328
00-0033375,Tim Patrick,WR,NYJ,0.786351617561257,0.1812461160668678,8.63655899475049,13.65,10.147597025400563,v2_team_first,True,depth,listed,5.0,2026,0.9453960351733294
00-0040603,Mario Williams,WR,LA,0.7834264428906168,0.1663766314736726,8.63363382007985,15.0,11.29334265397129,v2_team_first,False,depth,listed,11.0,2026,0.9610213148879789
00-0040184,KeAndre Lambert-Smith,WR,LAC,0.7781674435877721,0.1764757311663047,8.628374820777006,13.12,9.719094207162781,v2_team_first,True,depth,listed,4.0,2026,0.951960436731927
00-0041207,Ethan Conner,TE,JAX,0.7742871585135407,0.4870874591195531,6.247796671608497,15.0,10.890983202107071,rookie_rule,True,depth,listed,7.0,2026,0.9377212818575251
00-0037091,Bo Melton,WR,GB,0.7733286871647314,0.2712422122671148,8.623536064353965,13.55,9.860569335909824,v2_team_first,True,depth,listed,5.0,2026,0.9410193960748171
00-0041490,Eli Heidenreich,RB,PIT,0.7679587862287544,0.7679587862287544,8.200202992764215,15.0,11.217145230965588,rookie_rule,True,depth,listed,6.0,2026,0.9737627792979244
00-0041237,Chase Curtis,TE,NYJ,0.7616540387343376,0.697361488025884,6.235163551829293,15.0,10.800904688253251,rookie_rule,True,depth,listed,5.0,2026,0.945390263730186
00-0038891,Shedrick Jackson,WR,LV,0.757850695663387,0.2050334148288933,8.608058072852621,8.5,6.034730173451225,v2_team_first,True,depth,listed,7.0,2026,0.9368181091114142
00-0040597,Brennan Presley,WR,LA,0.746569031181771,0.1619420002895257,8.596776408371005,15.0,10.762030262817158,v2_team_first,False,depth,listed,8.0,2026,0.9610212240549324
00-0041322,Jimmy Kibble,WR,NE,0.7415283404717364,0.3009725067700952,8.59173571766097,15.0,10.525623170716305,rookie_rule,True,depth,listed,12.0,2026,0.94629992285215
00-0040769,Jaden Smith,WR,DAL,0.7360458324178454,0.1596433084414871,8.58625320960708,15.0,10.308044639610094,v2_team_first,False,depth,listed,11.0,2026,0.933641555603413
00-0040048,Traeshon Holden,WR,DAL,0.7360458324178454,0.1596433084414871,8.58625320960708,15.0,10.308044639610094,v2_team_first,False,depth,listed,10.0,2026,0.933641555603413
00-0039751,Jordan Whittington,WR,LA,0.7352183784780836,0.1606090020868418,8.585425755667318,14.84,10.485344166475857,v2_team_first,False,depth,listed,3.0,2026,0.9610200188599686
00-0041327,Cody Hardy,TE,NO,0.7332600059464461,0.6196755552988311,6.206769519041402,15.0,10.291434543212393,rookie_rule,True,depth,listed,7.0,2026,0.9356785187385069
00-0040265,Ja'Seem Reed,WR,CAR,0.7329441660477489,0.1921427092874246,8.583151543236982,15.0,10.35543266895832,v2_team_first,False,depth,listed,8.0,2026,0.9419028214020602
00-0036182,Nick Westbrook-Ikhine,WR,IND,0.729933618682887,0.1710504425071045,8.58014099587212,14.15,9.65623901308415,v2_team_first,False,depth,listed,4.0,2026,0.9349065459822773
00-0032208,Phillip Dorsett,WR,LV,0.7290879699303517,0.2008604088384799,8.579295347119585,7.6,5.190986069483794,v2_team_first,True,depth,listed,8.0,2026,0.9368203989047619
00-0040172,Jordan Watkins,WR,SF,0.7287332068570258,0.2302223327082717,8.578940584046258,10.12,6.910768536204001,v2_team_first,True,depth,listed,5.0,2026,0.9370813076688829
00-0034270,Tyler Conklin,TE,DET,0.72864775652196,0.167128040628919,6.202157269616917,12.55,8.841135672117069,v2_team_first,True,depth,listed,3.0,2026,0.9668223851869464
00-0041123,Behren Morton,QB,NE,0.727392565345813,0.727392565345813,10.217221143555111,15.0,11.605919967921007,rookie_rule,True,depth,listed,3.0,2026,1.0637007232725273
00-0041314,Tanner Arkin,TE,NE,0.7249662716215037,0.5432197587626232,6.19847578471646,15.0,10.290343166134832,rookie_rule,True,depth,listed,5.0,2026,0.9462824749183456
00-0041129,Jam Miller,RB,NE,0.7231525254462243,0.7231525254462243,8.155396731981684,15.0,10.602262458366885,rookie_rule,True,depth,listed,4.0,2026,0.9774113653109548
00-0040609,Tru Edwards,WR,LA,0.7215534495166005,0.1589334518806132,8.571760826705836,15.0,10.401421700081391,v2_team_first,False,depth,listed,9.0,2026,0.9610211326732849
00-0040906,Garrett Nussmeier,QB,KC,0.7109058172664066,0.7109058172664066,10.200734395475704,15.0,11.469708813381404,rookie_rule,True,depth,listed,3.0,2026,1.0755957197898143
00-0037282,James Mitchell,TE,CAR,0.7018586021503781,0.2229418298046067,6.175368115245335,8.2,5.420778724629606,v2_team_first,True,depth,listed,5.0,2026,0.9418856934273255
00-0040375,Jordan Moore,WR,CIN,0.6954807259301037,0.1505882991866551,8.545688103119337,15.0,9.749922675204177,v2_team_first,False,depth,listed,10.0,2026,0.9345979274182455
00-0038953,Dylan Drummond,WR,ATL,0.6949631624864862,0.1208948523626617,8.54517053967572,11.62,7.559773507372937,v2_team_first,True,depth,listed,5.0,2026,0.9361401483362451
00-0037086,Grant Calcaterra,TE,PHI,0.6900879475110789,0.2361109681197525,6.163597460606035,12.6,8.243054493085651,v2_team_first,True,depth,listed,4.0,2026,0.9480105780921696
00-0038394,Will Mallory,TE,IND,0.6784654404297468,0.1952287410436174,6.151974953524704,9.4,5.962391888271634,v2_team_first,True,depth,listed,4.0,2026,0.9348995123301038
00-0040179,DJ Giddens,RB,IND,0.675091639264129,0.0855246558947638,8.10733584579959,11.25,7.456718149554453,v2_team_first,True,backup,listed,2.0,2026,0.9818213595327603
00-0041323,Myles Montgomery,RB,NE,0.6702718192236439,0.3927769137440409,8.102516025759105,12.0,7.844957929151982,rookie_rule,True,,,,2026,0.975345338034969
00-0039722,JaQuae Jackson,WR,LAC,0.666765557357637,0.162311591737695,8.51697293454687,15.0,9.520957120141315,v2_team_first,False,depth,listed,7.0,2026,0.9519545028562917
00-0040361,Stephen Gosnell,WR,BUF,0.6666928487784506,0.1560777329971935,8.516900225967683,15.0,9.511788429326517,v2_team_first,False,depth,listed,9.0,2026,0.9511414885934867
00-0037348,Tanner Conner,TE,NYG,0.6605621164608328,0.2724686854801642,6.134071629555789,10.5,6.483035289187405,v2_team_first,True,depth,listed,4.0,2026,0.9347068457568322
00-0040086,Mac Dalena,WR,BUF,0.655983242004712,0.1547560486281964,8.506190619193944,15.0,9.358993139248398,v2_team_first,False,depth,listed,10.0,2026,0.951141486546407
00-0041452,Johnny Pascuzzi,TE,LAC,0.6482123772368773,0.3130021758706818,6.121721890331834,15.0,9.256055201635743,rookie_rule,True,depth,listed,4.0,2026,0.9519570567382412
00-0041246,Josh Kattus,TE,CIN,0.6468473550939051,0.2958626416018036,6.120356868188861,15.0,9.068071019743325,rookie_rule,True,depth,listed,7.0,2026,0.9345915434641074
00-0040049,Josh Kelly,WR,HOU,0.6467020924085474,0.1845023724502105,8.496909469597782,15.0,9.078700046040185,v2_team_first,False,depth,listed,7.0,2026,0.9358971879646464
00-0040120,Jimmy Holiday,WR,KC,0.6450455707470504,0.1693404926620902,8.495252947936285,15.0,9.0667992533548,v2_team_first,False,depth,listed,9.0,2026,0.9370706675141535
00-0041535,Louis Hansen,TE,HOU,0.6401461616765326,0.2312032450904282,6.11365567477149,15.0,8.986573192655149,rookie_rule,True,depth,listed,6.0,2026,0.9358876384438473
00-0040317,Jacoby Jones,WR,WAS,0.6380709398926222,0.187738827752438,8.488278317081855,9.75,5.835839715576906,v2_team_first,True,depth,listed,8.0,2026,0.9380581777267893
00-0040099,Xavier Guillory,WR,BAL,0.6374515471455265,0.1121954438756516,8.487658924334761,15.0,8.956483400435232,v2_team_first,False,depth,listed,9.0,2026,0.9366969082373792
00-0035021,Ashton Dulin,WR,IND,0.631479671284856,0.1585241709802734,8.48168704847409,13.05,7.704442758045541,v2_team_first,True,depth,listed,3.0,2026,0.934913319069416
00-0040323,Chandler Brayboy,WR,JAX,0.6305497561492397,0.1411976208355309,8.480757133338473,15.0,8.869259601692413,v2_team_first,False,depth,listed,9.0,2026,0.9377277013904906
00-0034365,Ian Thomas,TE,LV,0.6288168231045651,0.2217756788255011,6.102326336199522,11.05,6.509354071134055,v2_team_first,True,depth,listed,3.0,2026,0.9368098860393633
00-0040653,Ricky White III,WR,SEA,0.6270671306494802,0.1347625278132823,8.477274507838715,15.0,8.980138743663689,v2_team_first,False,depth,listed,8.0,2026,0.9547238038520243
00-0040937,Dominic Richardson,RB,DAL,0.62403622476155,0.3333402000859747,8.056280431297012,15.0,9.018116895175236,rookie_rule,True,,,,2026,0.9634180984307594
00-0041485,Miles Davis,RB,CAR,0.6206207808413923,0.4237977954071839,8.052864987376854,15.0,9.107444856168074,rookie_rule,True,depth,listed,6.0,2026,0.9783155981146132
00-0039415,Brenden Rice,WR,GB,0.6191316258269588,0.2406498713532789,8.469339003016191,15.0,8.739128500039712,v2_team_first,False,depth,listed,9.0,2026,0.9410092173714085
00-0040753,Will Sheppard,WR,GB,0.6191316258269588,0.2406498713532789,8.469339003016191,15.0,8.739128500039712,v2_team_first,False,depth,listed,8.0,2026,0.9410092173714085
00-0041476,Rashad Rochelle,WR,SEA,0.6139601296813328,0.1461965147783677,8.464167506870567,15.0,8.792434421436697,rookie_rule,True,depth,listed,10.0,2026,0.9547237131940238
00-0039473,Xavier Johnson,WR,CIN,0.6138653256114255,0.1411026657407954,8.46407270280066,15.0,8.6057536649708,v2_team_first,False,depth,listed,11.0,2026,0.9345973572079783
00-0041415,Dean Connors,RB,LA,0.6115532297273154,0.6101804742232805,8.043797436262777,15.0,9.023566714454615,rookie_rule,True,depth,listed,5.0,2026,0.9836774381278438
00-0041170,Hayden Large,TE,CHI,0.6034664483418846,0.4451805184245734,6.076975961436841,15.0,8.72137076727583,rookie_rule,True,depth,listed,5.0,2026,0.9634748036381162
00-0040406,Quentin Skinner,WR,NYJ,0.601419523554459,0.1569269489038714,8.451626900743694,9.75,5.543546288055342,v2_team_first,True,,,,2026,0.9453781059461629
00-0040053,Tyrone Broden,WR,SEA,0.6013141598804967,0.1319368033528945,8.451521537069732,15.0,8.611328139384069,v2_team_first,False,depth,listed,9.0,2026,0.9547231396308663
00-0040621,Montorie Foster Jr,WR,SEA,0.6013141598804967,0.1319368033528945,8.451521537069732,15.0,8.611328139384069,v2_team_first,False,depth,listed,6.0,2026,0.9547231396308663
00-0040792,Layne Pryor,TE,HOU,0.6000624383924231,0.2130235529005121,6.073571951487379,15.0,8.42382243606413,v2_team_first,False,,,,2026,0.9358828789696936
00-0036775,Brandon Smith,WR,PIT,0.5995493146444943,0.1331315036530272,8.449756691833729,15.0,8.428229494461645,v2_team_first,False,depth,listed,8.0,2026,0.9371738947456117
00-0040558,Isaiah Neyor,WR,GB,0.5955681637271615,0.2359910676300192,8.445775540916395,15.0,8.406525244431965,v2_team_first,False,depth,listed,7.0,2026,0.9410090236996076
00-0040298,Andrew Armstrong,WR,KC,0.5926451209160728,0.1622026873556275,8.442852498105307,15.0,8.330254010831162,v2_team_first,False,depth,listed,6.0,2026,0.9370705128396557
00-0041116,Jack Endries,TE,CIN,0.5871210519470405,0.2359813576096596,6.060630565041998,15.0,8.230775547461464,rookie_rule,True,depth,listed,6.0,2026,0.9345915429383373
00-0039437,Cornelius Johnson,WR,BAL,0.5849597109349826,0.1074299253798449,8.435167088124217,15.0,8.21894438773233,v2_team_first,False,depth,listed,8.0,2026,0.9366963495195717
00-0039259,Dayton Wade,WR,BAL,0.5849597109349826,0.1074299253798449,8.435167088124217,15.0,8.21894438773233,v2_team_first,False,depth,listed,7.0,2026,0.9366963495195717
00-0040247,Junior Bergen,WR,SF,0.579883277568986,0.2043923192044933,8.430090654758219,15.0,8.150965618285039,v2_team_first,False,depth,listed,10.0,2026,0.9370811832404041
00-0040275,JP Richardson,WR,CHI,0.5702736953028638,0.1363825131356371,8.420481072492096,15.0,8.241554398894058,v2_team_first,False,depth,listed,8.0,2026,0.9634618683130262
00-0039062,Jonathan Mingo,WR,DAL,0.5699864065614341,0.1394987864920608,8.420193783750667,11.85,6.306140014472107,v2_team_first,True,depth,listed,6.0,2026,0.9336428170486312
00-0033576,Eric Saubert,TE,SEA,0.5638285648487713,0.1544305883242568,6.037338077943728,12.15,6.540215028902352,v2_team_first,True,depth,listed,3.0,2026,0.9547038521091878
00-0033455,Anthony Firkser,TE,WAS,0.5491664941668519,0.2104123695138222,6.022676007261809,9.15,4.713635156916822,v2_team_first,True,depth,listed,7.0,2026,0.9380604766340329
00-0040551,Nick Nash,WR,WAS,0.538524562658577,0.1726400640209749,8.38873193984781,15.0,7.577508688763898,v2_team_first,False,depth,listed,9.0,2026,0.9380579474846865
00-0041244,Jamal Haynes,RB,CIN,0.5193276376035953,0.5193276376035953,7.951571844139056,15.0,7.554239884595769,rookie_rule,True,depth,listed,6.0,2026,0.9697461791756141
00-0041191,Cash Jones,RB,ATL,0.5152114856490214,0.4908094734397726,7.947455692184483,15.0,7.534447887402063,rookie_rule,True,depth,listed,5.0,2026,0.9749327020418653
00-0041384,Evan Svoboda,TE,LAC,0.5130082315616022,0.2183513436901754,5.98651774465656,15.0,7.325419854546709,rookie_rule,True,depth,listed,6.0,2026,0.9519561160838891
00-0040888,Adam Randall,RB,BAL,0.5117180902935837,0.2790480376591425,7.943962296829044,15.0,7.479199816313964,rookie_rule,True,depth,listed,4.0,2026,0.9743906470094351
00-0040570,Jeremiah Webb,WR,NE,0.5078376769262863,0.1114263710211454,8.358045054115522,15.0,7.208503669628419,v2_team_first,False,depth,listed,11.0,2026,0.9463002316354652
00-0040383,Bryson Green,WR,ARI,0.5036399231019438,0.1252239653239968,8.353847300291177,15.0,7.070617342397766,v2_team_first,False,depth,listed,10.0,2026,0.9359355123993447
00-0038551,Kendre Miller,RB,NO,0.496383735302642,0.120630553040037,7.928627941838101,10.85,5.271478896290262,v2_team_first,True,depth,listed,3.0,2026,0.9787802358665515
00-0041312,Noah Whittington,RB,HOU,0.4942530132053448,0.4942530132053448,7.926497219740805,15.0,7.174428828849872,rookie_rule,True,depth,listed,5.0,2026,0.9677133825746514
00-0040363,Keleki Latu,TE,BUF,0.4931480379568578,0.1641770983307815,5.966657551051815,10.5,4.9248150350570095,v2_team_first,True,depth,listed,5.0,2026,0.9510937228544649
00-0040498,Dontae Fleming,WR,MIN,0.4924181488975338,0.1079980318961852,8.342625526086767,15.0,6.913863712988878,v2_team_first,False,depth,listed,8.0,2026,0.9360423627044351
00-0035976,Dan Chisena,WR,CAR,0.4869049011701168,0.1567952332975515,8.33711227835935,8.15,3.7376996565321985,v2_team_first,True,depth,listed,11.0,2026,0.9418953345655369
00-0040405,Jamaal Pritchett,WR,NYJ,0.4858982900570423,0.1417908557335314,8.336105667246274,15.0,6.890510318582248,v2_team_first,False,depth,listed,7.0,2026,0.9453981707122742
00-0040432,Beaux Collins,WR,NYG,0.4696448291899749,0.1941471416970302,8.31985220637921,10.87,4.771634198841013,v2_team_first,True,depth,listed,11.0,2026,0.9346909836929345
00-0036755,Jaret Patterson,RB,LAC,0.4668766913216484,0.0778493881641823,7.899120897857109,9.3,4.284547601694431,v2_team_first,True,depth,listed,4.0,2026,0.986778847084387
00-0040617,Luke Floriea,WR,CLE,0.4570902276496312,0.113299261210152,8.307297604838864,15.0,6.430889692728832,v2_team_first,False,depth,listed,10.0,2026,0.9379460631214424
00-0040946,Jaden Nixon,RB,GB,0.4459743125298007,0.3932718277385251,7.878218519065261,15.0,6.53650173194745,rookie_rule,True,depth,listed,6.0,2026,0.9771118422895968
00-0037055,Lance McCutcheon,WR,TEN,0.4427121367547364,0.1296226921159337,8.292919513943971,7.5,3.1764194417902143,v2_team_first,True,depth,listed,10.0,2026,0.9566545777201672
00-0038783,Nate Adkins,TE,DEN,0.4416370370772778,0.1534643412479679,5.915146550172235,11.8,5.004550729658968,v2_team_first,True,depth,listed,4.0,2026,0.9603235983601508
00-0041131,Carsen Ryan,TE,CLE,0.44050090716333,0.1612637333017139,5.914010420258286,15.0,6.197493519017377,rookie_rule,True,depth,listed,3.0,2026,0.9379463875836325
00-0039397,Tejhaun Palmer,WR,ARI,0.4393526896332403,0.1179323308212297,8.289560066822473,15.0,6.168079277850616,v2_team_first,False,depth,listed,12.0,2026,0.9359343754861363
00-0041156,Mark Gronowski,QB,MIA,0.4375,0.4375,9.927328578209298,15.0,7.058270165584063,rookie_rule,True,depth,listed,4.0,2026,1.075545929993762
00-0041203,Joey Aguilar,QB,JAX,0.4375,0.4375,9.927328578209298,15.0,7.049448559283711,rookie_rule,True,depth,listed,4.0,2026,1.0742016852241845
00-0041251,Jalon Daniels,QB,TB,0.4375,0.4375,9.927328578209298,15.0,6.807517001458483,rookie_rule,True,depth,listed,4.0,2026,1.0373359240317688
00-0040942,Kyron Drones,QB,GB,0.4375,0.4375,9.927328578209298,15.0,7.023551413794345,rookie_rule,True,depth,listed,4.0,2026,1.0702554535305668
00-0038614,Scott Matlock,RB,LAC,0.4369250984198992,0.143321512686073,7.86916930495536,15.0,6.393894043200582,v2_team_first,False,,,,2026,0.9755896477944819
00-0040081,Jake Briningstool,TE,KC,0.4314255557798816,0.1728735985727956,5.904935068874838,15.0,6.063990381529902,v2_team_first,False,depth,listed,4.0,2026,0.9370470061852064
00-0040445,Courtney Jackson,WR,TEN,0.425445236690719,0.1274442642208878,8.275652613879952,15.0,6.105073570602038,v2_team_first,False,depth,listed,11.0,2026,0.9566563910143814
00-0041350,Kejon Owens,RB,MIN,0.4176330856386303,0.2786841101128956,7.849877292174091,15.0,6.071729273451655,rookie_rule,True,,,,2026,0.9692286494602428
00-0041092,Taylen Green,QB,CLE,0.4138396204570027,0.4138396204570027,9.9036681986663,15.0,6.673357843256195,rookie_rule,True,depth,listed,4.0,2026,1.0750312461442288
00-0041139,Damon Bankston,RB,NYG,0.4136666990166515,0.4136666990166515,7.845910905552112,15.0,6.01459937925758,rookie_rule,True,depth,listed,5.0,2026,0.969314892650725
00-0037292,Andrew Ogletree,TE,IND,0.4096237052391847,0.1606884819029991,5.883133218334141,13.15,5.036150921529088,v2_team_first,True,depth,listed,3.0,2026,0.9349489580111562
00-0040566,CJ Dippre,TE,NE,0.4062487525311035,0.1254150290017009,5.87975826562606,15.0,5.766356305511795,v2_team_first,False,depth,listed,3.0,2026,0.9462767609885862
00-0038685,Chris Brooks,RB,GB,0.4061147985961758,0.2224094616373818,7.838359005131636,14.4,5.665806712546164,v2_team_first,False,depth,listed,3.0,2026,0.9688364000584279
00-0034487,Trent Sherfield,WR,BUF,0.4057771164637436,0.123899018822954,8.255984493652976,11.2,4.322543788695252,v2_team_first,True,depth,listed,8.0,2026,0.9511167437639803
00-0041172,Miller Moss,QB,CHI,0.4026361954679488,0.4026361954679488,9.892464773677249,15.0,6.293951071642778,rookie_rule,True,depth,listed,4.0,2026,1.0421237405689718
00-0034798,Durham Smythe,TE,BAL,0.4004982993254301,0.1125147844102201,5.874007812420387,12.35,4.632931260575439,v2_team_first,True,backup,listed,2.0,2026,0.9366734767448486
00-0041178,Robert Henry,RB,WAS,0.3981750352985098,0.3973274890553925,7.83041924183397,15.0,5.811424839695755,rookie_rule,True,depth,listed,5.0,2026,0.9730100792379679
00-0040891,Cole Payton,QB,PHI,0.3975111616641518,0.3975111616641518,9.88733973987345,15.0,6.329557377906158,rookie_rule,True,depth,listed,4.0,2026,1.0615311783796497
00-0040547,Nate Carter,RB,ATL,0.3866621533628925,0.0173659060948207,7.818906359898353,10.12,3.8910511701234594,v2_team_first,True,depth,listed,4.0,2026,0.9943854576927272
00-0041422,Dan Villari,TE,LA,0.3853927005688488,0.154392217081692,5.8589022136638045,15.0,5.55554440512846,rookie_rule,True,depth,listed,7.0,2026,0.9610187906047251
00-0040571,Gee Scott Jr.,WR,NYJ,0.3843525070698058,0.128520300540774,8.23455988425904,15.0,5.450486664323412,v2_team_first,False,depth,listed,14.0,2026,0.9453971834131071
00-0034419,Braxton Berrios,WR,NYG,0.3700513995487276,0.1759485305222208,8.220258776737964,10.4,3.597112312383457,v2_team_first,True,depth,listed,8.0,2026,0.9346706546842295
00-0041565,Drew Allar,QB,PIT,0.3640480721399863,0.3640480721399863,9.853876650349283,12.0,4.702476344721392,rookie_rule,True,,,,2026,1.0764320943199417
00-0040528,JJ Galbreath,TE,PIT,0.3590700641938765,0.1328451232826646,5.832579577288834,15.0,5.047599332641337,v2_team_first,False,depth,listed,6.0,2026,0.9371614504583026
00-0037475,Stone Smartt,TE,PHI,0.3584705530781154,0.1848238617593532,5.831980066173072,11.25,3.823103213301238,v2_team_first,True,depth,listed,8.0,2026,0.9480036611649776
00-0040292,Bryce Pierre,TE,CAR,0.3568495587712489,0.1730272573942256,5.830359071866206,12.0,4.033349881104442,v2_team_first,True,depth,listed,6.0,2026,0.9418884844621451
00-0040598,Mark Redman,TE,LA,0.3568244950221974,0.1438398912565058,5.830334008117155,15.0,5.1437117774903545,v2_team_first,False,depth,listed,6.0,2026,0.9610161950289452
00-0040009,Savion Williams,WR,GB,0.351302823775758,0.1876823949879836,8.201510200964993,13.87,4.58512321171227,v2_team_first,True,depth,listed,4.0,2026,0.9410071185681771
00-0041104,Demond Claiborne,RB,MIN,0.3411634633817375,0.3352670952653465,7.773407669917198,15.0,4.953832803166678,rookie_rule,True,depth,listed,3.0,2026,0.9680272234825438
00-0040582,Arian Smith,WR,NYJ,0.3407604077667578,0.1228052558052478,8.190967784955992,14.25,4.590669299453409,v2_team_first,False,depth,listed,6.0,2026,0.9453921999092555
00-0038840,Brycen Tremayne,WR,CAR,0.3404706246771861,0.1356517992943282,8.19067800186642,12.95,4.152911548835087,v2_team_first,True,depth,listed,7.0,2026,0.9418966784381274
00-0040651,Damien Martinez,RB,GB,0.3388423533464662,0.1428427975847587,7.771086559881927,15.0,4.976467556017652,v2_team_first,False,depth,listed,5.0,2026,0.9791116737855998
00-0038710,Blake Whiteheart,TE,CLE,0.3351349193890661,0.126163722335761,5.808644432484023,11.84,3.721773638701189,v2_team_first,True,backup,listed,2.0,2026,0.9379475893714446
00-0036232,Harrison Bryant,TE,SEA,0.3336108889273439,0.1288892456337111,5.807120402022301,10.6,3.3761135979647396,v2_team_first,True,depth,listed,4.0,2026,0.954708894097961
00-0039631,Cam Grandy,TE,CIN,0.33283700077072,0.1363510546451537,5.806346513865677,9.16,2.849335822593175,v2_team_first,True,depth,listed,5.0,2026,0.9345801759065634
00-0040394,Anthony Tyus III,RB,CAR,0.3319784665653613,0.1105940117444192,7.764222673100821,15.0,4.8730333825161765,v2_team_first,False,depth,listed,5.0,2026,0.9785842302629697
00-0039275,Messiah Swinson,TE,GB,0.3281371198711365,0.230481248463588,5.801646632966094,15.0,4.6316555913182285,v2_team_first,False,depth,listed,5.0,2026,0.9410000293245575
00-0041277,Davon Booth,RB,CLE,0.3259639133357454,0.3259639133357454,7.758208119871206,15.0,4.751297085450899,rookie_rule,True,depth,listed,5.0,2026,0.9717429631659922
00-0040567,Brock Lampe,RB,NE,0.3255061116650422,0.0941648105340564,7.757750318200502,15.0,4.765017839058059,v2_team_first,False,,,,2026,0.9759197893773983
00-0040331,Patrick Herbert,TE,JAX,0.3251661416845284,0.1338161649218514,5.798675654779485,15.0,4.573727006129693,v2_team_first,False,depth,listed,6.0,2026,0.937721043655904
00-0038640,Jalen Brooks,WR,ARI,0.3099039159429594,0.1031859873668299,8.160111293132193,10.95,3.1760503555127046,v2_team_first,True,depth,listed,5.0,2026,0.9359360945629428
00-0040697,Thomas Gordon,TE,DET,0.3039773062845591,0.1218847126538569,5.777486819379516,15.0,4.408337606391152,v2_team_first,False,depth,listed,6.0,2026,0.9668128761042929
00-0040387,Zach Horton,TE,DET,0.3038000082892471,0.1218502772338418,5.777309521384203,15.0,4.405769192519544,v2_team_first,False,depth,listed,5.0,2026,0.9668134896438896
00-0041366,Jameson Geers,TE,ARI,0.2988981705878855,0.2197069701854371,5.772407683682841,15.0,4.196164022035972,rookie_rule,True,depth,listed,6.0,2026,0.9359183014921726
00-0040215,Gavin Bartholomew,TE,MIN,0.2956359213317318,0.1124356339352975,5.769145434426689,15.0,4.15091713599744,v2_team_first,False,depth,listed,4.0,2026,0.9360425750021792
00-0036959,Michael Bandy,WR,DEN,0.2916047720946103,0.1065145521475112,8.141812149283844,8.75,2.4505505988184764,v2_team_first,True,depth,listed,7.0,2026,0.9604195554398843
00-0040563,Efton Chism III,WR,NE,0.2912991855136325,0.0895832352661476,8.141506562702865,12.38,3.4126886528457407,v2_team_first,True,depth,listed,7.0,2026,0.9463172428219693
00-0040094,Tre Watson,TE,KC,0.2868223259718597,0.1531782486124669,5.760331839066817,15.0,4.031489989350488,v2_team_first,False,depth,listed,5.0,2026,0.9370469972285258
00-0041016,Patrick Gurd,TE,LV,0.2856375119916317,0.1806831250542069,5.759147025086589,15.0,4.013844883875208,rookie_rule,True,,,,2026,0.9368155360940599
00-0040177,Jordan James,RB,SF,0.2826620436593269,0.1689619983912319,7.714906250194788,15.0,4.110092554751683,v2_team_first,False,depth,listed,3.0,2026,0.969377305737659
00-0039050,Payne Durham,TE,TB,0.2824446704391764,0.1569796302080676,5.755954183534134,11.4,3.115768060038039,v2_team_first,True,backup,listed,2.0,2026,0.9676691271874859
00-0037304,Connor Heyward,RB,LV,0.2787585705435381,0.0435194403752547,7.711002777078998,14.2,3.9220469177020743,v2_team_first,False,,,,2026,0.9908233014094157
00-0036741,Jack Stoll,TE,CLE,0.2763618108773508,0.1198106660294326,5.749871323972307,11.25,2.916141302866786,v2_team_first,True,,,,2026,0.9379463806229863
00-0040692,Jarquez Hunter,RB,LA,0.2700720802390617,0.0917273073948073,7.702316286774522,15.0,3.991149337689247,v2_team_first,False,depth,listed,4.0,2026,0.9852059578949864
00-0039843,Qadir Ismail,TE,CHI,0.262897208073758,0.1286358827542702,5.736406721168716,15.0,3.7994251456581605,v2_team_first,False,depth,listed,4.0,2026,0.963475464674695
00-0040552,Joshua Simon,TE,ATL,0.2570407049072782,0.1022737908457383,5.730550218002235,15.0,3.609376509196098,v2_team_first,False,depth,listed,4.0,2026,0.9361361683935366
00-0041157,Anthony Hankerson,RB,MIA,0.24907083342166,0.24907083342166,7.68131503995712,15.0,3.607370950615477,rookie_rule,True,depth,listed,6.0,2026,0.9655542297100796
00-0037340,Zaire Mitchell-Paden,TE,NO,0.24415387294069,0.1795344667381557,5.717663386035647,10.5,2.3987181505539357,v2_team_first,True,depth,listed,5.0,2026,0.935677754852975
00-0041125,Seth McGowan,RB,IND,0.2363356181990194,0.1491169521951214,7.668579824734479,15.0,3.413417975677503,rookie_rule,True,depth,listed,3.0,2026,0.9628730536370941
00-0029892,Kyle Juszczyk,RB,SF,0.2321526893792109,0.2321526893792109,7.664396895914671,14.95,3.2638506540294805,v2_team_first,False,,,,2026,0.9404059461214663
00-0041117,Athan Kaliakmanis,QB,WAS,0.2286904239800828,0.2286904239800828,9.718519002189382,15.0,3.6844830424052564,rookie_rule,True,depth,listed,4.0,2026,1.0740817151504767
00-0037267,Jerome Ford,RB,WAS,0.2256465590408657,0.2076660520375411,7.657890765576326,12.0,2.587549551086724,v2_team_first,True,depth,listed,6.0,2026,0.9556056612331303
00-0036887,Luke Farrell,TE,SF,0.2203516307113985,0.1816879670722193,5.693861143806354,13.7,2.828889779757193,v2_team_first,True,depth,listed,3.0,2026,0.9370854412337442
00-0041133,Dallen Bentley,TE,DEN,0.2173170757558414,0.1291942187498871,5.690826588850798,15.0,3.1305906837008415,rookie_rule,True,depth,listed,7.0,2026,0.9603757314245297
00-0037329,Brittain Brown,RB,CHI,0.2108426832087535,0.0423260889947769,7.643086889744215,8.1,1.6961934435520098,v2_team_first,True,depth,listed,4.0,2026,0.9931888305654518
00-0039518,Treyton Welch,TE,NO,0.2090228253845377,0.1728177344392467,5.682532338479494,15.0,2.9336429124067265,v2_team_first,False,depth,listed,6.0,2026,0.9356690772916706
00-0036590,Quintin Morris,TE,JAX,0.2076128605929921,0.1203026702135715,5.681122373687948,12.4,2.414052029033518,v2_team_first,True,depth,listed,4.0,2026,0.9377146227289636
00-0040991,Elijah Tau-Tolliver,RB,BAL,0.2048389957901951,0.161392341169858,7.637083202325655,15.0,2.987688651582678,rookie_rule,True,depth,listed,5.0,2026,0.9723697515235484
00-0041241,Kentrel Bullock,RB,CIN,0.2043174270772764,0.2043174270772764,7.636561633612738,15.0,2.9720406637077152,rookie_rule,True,depth,listed,7.0,2026,0.9697461791756141
00-0039458,Brenden Bates,TE,CLE,0.1873078258530965,0.1101893900841328,5.660817338948053,9.63,1.6918423881114293,v2_team_first,True,depth,listed,5.0,2026,0.9379456892435927
00-0040996,Jacob Clark,QB,LV,0.1868062471118767,0.1868062471118767,9.676634825321177,15.0,3.0164786817563285,rookie_rule,True,depth,listed,3.0,2026,1.0765088528507234
00-0040504,Bryson Nesbit,TE,MIN,0.1862240194167488,0.1013551138042361,5.659733532511706,15.0,2.6147060511240774,v2_team_first,False,depth,listed,5.0,2026,0.9360432520335105
00-0032104,Ameer Abdullah,RB,JAX,0.1857580228047999,0.1617677674248544,7.618002229340261,14.45,2.5621189733259007,v2_team_first,False,depth,listed,4.0,2026,0.9545174352806542
00-0039230,Dante Miller,RB,NYG,0.1826400382996032,0.111768651361282,7.614884244835064,8.05,1.4387245724016564,v2_team_first,True,,,,2026,0.978556241175808
00-0040400,Donovan Edwards,RB,MIA,0.1745920534541251,0.1745920534541251,7.606836259989586,15.0,2.5240731903246663,v2_team_first,False,depth,listed,4.0,2026,0.9637984243415666
00-0040240,Caleb Lohner,TE,DEN,0.172636795851216,0.1208669095499835,5.6461463089461725,15.0,2.4871185324938545,v2_team_first,False,depth,listed,6.0,2026,0.9604435795318835
00-0037755,Jelani Woods,TE,NYJ,0.1639355798508781,0.1295762803582808,5.637445092945835,8.1,1.2553429260544382,v2_team_first,True,depth,listed,4.0,2026,0.9453750570550031
00-0038930,Carlos Washington,RB,MIA,0.1622593251616658,0.1622593251616658,7.594503531697127,15.0,2.3448717884457504,v2_team_first,False,depth,listed,5.0,2026,0.9634255888876052
00-0038098,Pierre Strong,RB,GB,0.1612475744564038,0.0960776886259116,7.593491780991864,10.25,1.6268809434884108,v2_team_first,True,depth,listed,4.0,2026,0.9843254547097866
00-0039023,Joel Wilson,TE,TEN,0.1606844781283888,0.1228741443665804,5.634193991223346,15.0,2.305803107244779,v2_team_first,False,depth,listed,5.0,2026,0.9566587198722927
00-0035125,Alec Ingold,RB,LAC,0.1541772200548866,0.1541772200548866,7.586421426590348,12.25,1.805303442682297,v2_team_first,True,,,,2026,0.9558591700787846
00-0038738,Hunter Luepke,RB,DAL,0.1500733449257887,0.1480586446455463,7.58231755146125,14.3,2.049120265314921,v2_team_first,False,,,,2026,0.9548339414934426
00-0040259,Gage Larvadain,WR,CLE,0.1389219559536926,0.07913491594542,7.989129333142926,14.25,1.8567925092009565,v2_team_first,False,depth,listed,8.0,2026,0.9379455379917797
00-0040198,Ollie Gordon II,RB,MIA,0.1388862660445851,0.1076782995294853,7.571130472580046,15.75,2.14437464735186,v2_team_first,False,depth,listed,3.0,2026,0.980304065606664
00-0037276,Ty Chandler,RB,NO,0.1387303939520987,0.1387303939520987,7.57097460048756,11.3,1.5109431145132965,v2_team_first,True,depth,listed,6.0,2026,0.9638246979360043
00-0041486,Anderson Castle,RB,IND,0.1344402842089204,0.1344402842089204,7.566684490744381,15.0,1.9442770412579755,rookie_rule,True,depth,listed,5.0,2026,0.9641341520505197
00-0040046,Rivaldo Fairweather,TE,ARI,0.1329966495392306,0.1093854281873828,5.606506162634187,15.0,1.8670962007831517,v2_team_first,False,depth,listed,5.0,2026,0.9359113968919472
00-0036876,Kylen Granson,TE,TEN,0.1251181972338279,0.1157133610199085,5.598627710328785,14.25,1.7056536647528908,v2_team_first,False,depth,listed,3.0,2026,0.956655360003741
00-0040039,Amar Johnson,RB,LAC,0.1221631941587579,0.1143043043411061,7.554407400694219,9.75,1.161653431587891,v2_team_first,True,depth,listed,5.0,2026,0.975285089111929
00-0041433,Kadarius Calloway,RB,TB,0.1143427991704165,0.1143427991704165,7.546587005705877,15.0,1.6890744863073694,rookie_rule,True,depth,listed,5.0,2026,0.9848015491207117
00-0039746,Will Shipley,RB,PHI,0.1138372215888355,0.1138372215888355,7.546081428124296,14.37,1.575556177147203,v2_team_first,False,depth,listed,3.0,2026,0.963147578695463
00-0035891,Cody White,WR,SEA,0.1127836805245694,0.0776713105693318,7.962991057713803,10.2,1.0983230531894317,v2_team_first,True,depth,listed,7.0,2026,0.9547368041548256
00-0035039,Stephen Carlson,TE,CHI,0.1125505654344034,0.1066934393357056,5.58606007852936,7.5,0.8133017723707893,v2_team_first,True,depth,listed,3.0,2026,0.963480155764355
00-0037085,Tyler Badie,RB,DEN,0.1094887785925611,0.1094887785925611,7.541732985128021,12.75,1.3514397826951021,v2_team_first,True,depth,listed,4.0,2026,0.9680926067187597
00-0034959,Andrew Beck,RB,NYJ,0.1071601481755601,0.1071601481755601,7.539404354711021,11.7,1.1959422149485859,v2_team_first,True,,,,2026,0.953874038709584
00-0038752,Jake Bobo,WR,SEA,0.1051371603623023,0.0765189745846859,7.955344537551537,11.5,1.1543081086201938,v2_team_first,True,,,,2026,0.954701627806912
00-0037828,Danny Gray,WR,PHI,0.1041217725877257,0.1023602232029342,7.954329149776959,7.5,0.7403022500793041,v2_team_first,True,depth,listed,10.0,2026,0.9479954501742367
00-0031484,Chris Manhertz,TE,NYG,0.1020931734325094,0.1020931734325094,5.575602686527466,10.25,0.9781458987555185,v2_team_first,True,,,,2026,0.9347233018900629
00-0037132,Britain Covey,WR,PHI,0.0979503369240373,0.0979503369240373,7.948157714113271,10.8,1.0028605503825865,v2_team_first,True,depth,listed,7.0,2026,0.9480055024289609
00-0040984,Dontae McMillan,RB,BAL,0.0972866279958587,0.0690175989097758,7.529530834531319,15.0,1.4197269469614295,rookie_rule,True,depth,listed,6.0,2026,0.9728825541655217
00-0039471,Frank Gore Jr.,RB,BUF,0.0969520217529604,0.0969520217529604,7.529196228288421,15.0,1.4209824708635306,v2_team_first,False,depth,listed,4.0,2026,0.9771035509256181
00-0039824,Jared Wiley,TE,KC,0.0965882000469932,0.0965882000469932,5.57009771314195,8.68,0.7855894818883725,v2_team_first,True,depth,listed,3.0,2026,0.9370264756393638
00-0038632,Colton Dowell,WR,SF,0.096199793803522,0.096199793803522,7.946407170992756,7.7,0.6941352064502102,v2_team_first,True,depth,listed,10.0,2026,0.9370854743538726
00-0039648,David Martin-Robinson,TE,TEN,0.0946335763398073,0.0946335763398073,5.568143089434764,12.0,1.0863650018974995,v2_team_first,True,depth,listed,4.0,2026,0.95664160994738
00-0041200,Sam Scott,RB,NYJ,0.0918448186539197,0.0918448186539197,7.5240890251893795,15.0,1.3471439209973766,rookie_rule,True,depth,listed,6.0,2026,0.9778406234495362
00-0036032,Sean McKeon,TE,IND,0.0900445890840768,0.0900445890840768,5.563554102179033,7.9,0.6650409659668989,v2_team_first,True,depth,listed,7.0,2026,0.9348968284668443
00-0039420,Jaheim Bell,TE,PIT,0.0879283365908789,0.0879283365908789,5.561437849685835,8.53,0.7029059611080412,v2_team_first,True,depth,listed,4.0,2026,0.93717207179739
00-0033376,Patrick Ricard,RB,NYG,0.0876383636053981,0.0876383636053981,7.519882570140859,10.85,0.8982434310461461,v2_team_first,True,,,,2026,0.9446480923857125
00-0039392,Jha'Quan Jackson,WR,HOU,0.0859744217871576,0.0859744217871576,7.936181798976391,9.79,0.787734718213218,v2_team_first,True,depth,listed,9.0,2026,0.9358969485078623
00-0040568,Lan Larison,RB,NE,0.0831533969432396,0.0811185363780265,7.5153976034787,15.0,1.2160383989784416,v2_team_first,False,depth,listed,3.0,2026,0.9749358364024562
00-0041165,Coleman Bennett,RB,CHI,0.0813463865591805,0.0813463865591805,7.513590593094641,15.0,1.2014163820911168,rookie_rule,True,depth,listed,6.0,2026,0.9846095058502862
00-0039686,Colson Yankoff,TE,WAS,0.0812959698590271,0.0812959698590271,5.554805482953984,11.68,0.8907221647424606,v2_team_first,True,depth,listed,4.0,2026,0.9380595304094794
00-0038794,Jaleel McLaughlin,RB,DEN,0.0812198706592775,0.0580761963855921,7.513464077194738,13.15,1.056629850959554,v2_team_first,True,depth,listed,5.0,2026,0.9893155365632212
00-0038440,Zavier Scott,RB,MIN,0.0803290364234871,0.0803290364234871,7.512573242958948,13.5,1.0472698251737775,v2_team_first,True,depth,listed,4.0,2026,0.9657223098817478
00-0040601,Jordan Waters,RB,LA,0.0768486179683675,0.0768383171155045,7.509092824503829,15.0,1.1343338025847016,v2_team_first,False,depth,listed,6.0,2026,0.9840418149975634
00-0036567,Elijah Mitchell,RB,PHI,0.0759151867374399,0.0759151867374399,7.5081593932729,8.35,0.6081422882239883,v2_team_first,True,depth,listed,6.0,2026,0.9593786815706116
00-0040488,Carter Runyon,TE,LV,0.0749070334356469,0.0749070334356469,5.548416546530604,10.5,0.7368201857392519,v2_team_first,True,depth,listed,5.0,2026,0.9368059019861226
00-0033589,David Moore,WR,CAR,0.0747363450162238,0.0747363450162238,7.924943722205458,10.95,0.7707975453784646,v2_team_first,True,depth,listed,6.0,2026,0.9418773407007767
00-0039754,Devin Culp,TE,TB,0.0735052861436818,0.0735052861436818,5.547014799238639,9.47,0.6736318548004824,v2_team_first,True,depth,listed,5.0,2026,0.9677296876848077
00-0040238,LeQuint Allen Jr.,RB,JAX,0.0727408901001053,0.0727408901001053,7.504985096635566,15.380000000000004,1.0914699867620066,v2_team_first,False,depth,listed,3.0,2026,0.975611366504093
00-0040509,Ben Yurosek,TE,MIN,0.0717970199587349,0.0717970199587349,5.545306533053692,11.62,0.780924167298155,v2_team_first,True,depth,listed,3.0,2026,0.9360441136309706
00-0036630,Tylan Wallace,WR,CLE,0.0714485746899979,0.0696171722414377,7.921655951879232,12.9,0.8644936773187311,v2_team_first,True,depth,listed,6.0,2026,0.9379475243054709
00-0036265,AJ Dillon,RB,CAR,0.0697573120329924,0.0697573120329924,7.502001518568453,10.05,0.6891618271333383,v2_team_first,True,depth,listed,4.0,2026,0.9830269277038368
00-0038090,Skyy Moore,WR,GB,0.0696078858874762,0.0696078858874762,7.9198152630767105,13.7,0.8973730393738794,v2_team_first,True,depth,listed,6.0,2026,0.9410094972861047
00-0040618,Max Hurleman,RB,PIT,0.0695138807292738,0.0695138807292738,7.501758087264735,15.0,1.0152659203262118,v2_team_first,False,depth,listed,7.0,2026,0.9736817162030585
00-0039325,Carson Steele,RB,PHI,0.0694227065930039,0.0694227065930039,7.501666913128465,9.95,0.6777586249773913,v2_team_first,True,depth,listed,5.0,2026,0.9811839391495335
00-0039365,Jacob Cowing,WR,SF,0.0685672026648709,0.0685672026648709,7.918774579854105,10.26,0.6592383463625038,v2_team_first,True,depth,listed,6.0,2026,0.9370843148850889
00-0040393,Kye Robichaux,RB,DET,0.0664548630026908,0.0664548630026908,7.498699069538151,15.0,0.9838632532382298,v2_team_first,False,depth,listed,6.0,2026,0.9869990033168743
00-0040058,Nick Kallerup,TE,SEA,0.0661303778587928,0.0661303778587928,5.539639890953749,10.87,0.6862877509685733,v2_team_first,True,depth,listed,4.0,2026,0.9547192938473131
00-0039652,Jabari Small,RB,DET,0.0655503042322328,0.0655503042322328,7.497794510767694,15.0,0.9704340352912135,v2_team_first,False,depth,listed,5.0,2026,0.9869611302419405
00-0036862,Ben Skowronek,WR,PIT,0.064952950784619,0.064952950784619,7.915160327973853,14.3,0.870474720175968,v2_team_first,False,depth,listed,5.0,2026,0.9371761762774015
00-0038573,Derius Davis,WR,LAC,0.0618909515849536,0.0618909515849536,7.912098328774188,13.9,0.8189474156151132,v2_team_first,True,depth,listed,5.0,2026,0.9519498206326414
00-0036176,Mason Kinsey,WR,TEN,0.0613441205588844,0.0613441205588844,7.9115514977481185,10.5,0.6161971888933864,v2_team_first,True,depth,listed,7.0,2026,0.9566596770254858
00-0040260,Ahmani Marshall,RB,CLE,0.0603438229304567,0.0603438229304567,7.492588029465917,15.0,0.8801160462778851,v2_team_first,False,depth,listed,4.0,2026,0.9723348676932794
00-0040556,Corey Kiner,RB,ARI,0.0599116228131463,0.0599116228131463,7.492155829348607,10.87,0.633678929748734,v2_team_first,True,depth,listed,6.0,2026,0.9730353970465985
00-0039650,Bryce Oliver,WR,TEN,0.0597263537426222,0.0597263537426222,7.909933730931856,9.79,0.559374166817532,v2_team_first,True,depth,listed,6.0,2026,0.9566514009474371
00-0033757,Robert Tonyan,TE,PIT,0.0595182773064541,0.0595182773064541,5.533027790401411,8.7,0.48526686608010666,v2_team_first,True,depth,listed,3.0,2026,0.9371541520206995
00-0036497,Tim Jones,WR,JAX,0.0588154140047628,0.0588154140047628,7.909022791193997,9.8,0.5404949972922135,v2_team_first,True,depth,listed,7.0,2026,0.9377227326774783
00-0036727,Adam Prentice,RB,DEN,0.0584022391183001,0.0584022391183001,7.490646445653761,13.05,0.7434967543418232,v2_team_first,True,,,,2026,0.97552649054747
00-0039305,Jack Westover,TE,NE,0.0580075438674734,0.0580075438674734,5.53151705696243,10.87,0.5966567054633679,v2_team_first,True,depth,listed,4.0,2026,0.9462600488512786
00-0031595,Michael Burton,RB,CLE,0.0571265462249209,0.0571265462249209,7.489370752760381,9.85,0.5432460350908321,v2_team_first,True,,,,2026,0.965433504731122
00-0038496,Xavier Gipson,WR,NYG,0.0547233401918033,0.0547233401918033,7.904930717381037,12.7,0.6495796959113934,v2_team_first,True,depth,listed,12.0,2026,0.9346653068472476
00-0037093,Dareke Young,WR,LV,0.0542214543831928,0.0542214543831928,7.904428831572426,11.0,0.5587523134139332,v2_team_first,True,depth,listed,6.0,2026,0.9368185607274552
00-0040352,Coleman Owen,WR,IND,0.0538549134098042,0.0538549134098042,7.904062290599038,10.12,0.5095511034590009,v2_team_first,True,depth,listed,8.0,2026,0.9349360413625393
00-0038824,Ryan Miller,WR,NYG,0.0526464754930353,0.0526464754930353,7.902853852682269,12.16,0.5983931573775474,v2_team_first,True,depth,listed,13.0,2026,0.9347247491740882
00-0035544,Tom Kennedy,WR,DET,0.0524183473383403,0.0524183473383403,7.902625724527574,9.75,0.49411809308159077,v2_team_first,True,depth,listed,7.0,2026,0.966813746539679
00-0034867,Malik Turner,WR,SF,0.0510180144856808,0.0510180144856808,7.901225391674915,8.1,0.3872465561545731,v2_team_first,True,depth,listed,7.0,2026,0.9370850138165385
00-0040154,Tai Felton,WR,MIN,0.0508931702608788,0.0508931702608788,7.901100547450112,13.87,0.6607409602893164,v2_team_first,True,depth,listed,4.0,2026,0.9360418453589548
00-0035140,Mecole Hardman,WR,BUF,0.0504528059134232,0.0504528059134232,7.900660183102657,10.25,0.49187581608720765,v2_team_first,True,depth,listed,6.0,2026,0.9511440172160077
00-0037387,Jalen Virgil,WR,BUF,0.0503642388944096,0.0503642388944096,7.900571616083644,7.95,0.38083425156954365,v2_team_first,True,depth,listed,9.0,2026,0.951144710895792
00-0036635,Ihmir Smith-Marsette,WR,ARI,0.0479116707306913,0.0479116707306913,7.898119047919925,10.6,0.4753223840953055,v2_team_first,True,depth,listed,11.0,2026,0.9359250818170466
00-0039816,Anthony Gould,WR,IND,0.0473194459147828,0.0473194459147828,7.897526823104017,12.63,0.5587258134358386,v2_team_first,True,depth,listed,5.0,2026,0.9348797122170951
00-0039589,Kameron Johnson,WR,TB,0.0472428114852289,0.0472428114852289,7.897450188674463,13.89,0.6349843856449287,v2_team_first,True,depth,listed,6.0,2026,0.9676650713991554
00-0037258,Dameon Pierce,RB,PHI,0.0467795524760902,0.0467795524760902,7.479023759011551,11.2,0.5165009127338329,v2_team_first,True,depth,listed,4.0,2026,0.985818599830221
00-0039703,Cody Schrader,RB,DEN,0.0463386679719282,0.0463386679719282,7.478582874507389,8.05,0.3682144302234727,v2_team_first,True,depth,listed,6.0,2026,0.9871005147760553
00-0040208,Tahj Brooks,RB,CIN,0.0442864415206897,0.0442864415206897,7.47653064805615,13.87,0.5998757875785465,v2_team_first,True,depth,listed,3.0,2026,0.9765940782923633
00-0038397,Evan Hull,RB,HOU,0.0413560423137054,0.0413560423137054,7.473600248849166,9.35,0.38002976486362144,v2_team_first,True,depth,listed,6.0,2026,0.982804261817643
00-0040644,Trevor Etienne,RB,CAR,0.0399940517416647,0.0399940517416647,7.472238258277125,15.75,0.617747706785796,v2_team_first,False,depth,listed,3.0,2026,0.9806977516223957
00-0037311,Ko Kieft,TE,TB,0.0375411172286199,0.0375411172286199,5.511050630323576,9.05,0.3287631936682447,v2_team_first,True,depth,listed,3.0,2026,0.967670314484635
00-0036331,Devin Duvernay,WR,ARI,0.0362177154785405,0.0362177154785405,7.886425092667774,15.2,0.515241733877497,v2_team_first,False,depth,listed,7.0,2026,0.9359365173660744
00-0039489,Hayden Rucci,TE,SF,0.0359097286947365,0.0359097286947365,5.509419241789693,9.75,0.3280908742672247,v2_team_first,True,depth,listed,5.0,2026,0.9370816016112656
00-0038492,Jason Brownlee,WR,KC,0.0328391193312262,0.0328391193312262,7.88304649652046,8.6,0.26464606280945424,v2_team_first,True,depth,listed,8.0,2026,0.9370774438472217
00-0037277,Teagan Quitoriano,TE,ARI,0.0309668889200452,0.0309668889200452,5.504476402015002,8.25,0.23910507580086543,v2_team_first,True,depth,listed,4.0,2026,0.9359168596250972
00-0032951,Laquon Treadwell,WR,IND,0.0309031069020083,0.0309031069020083,7.881110484091242,9.45,0.2730274368252285,v2_team_first,True,depth,listed,6.0,2026,0.9349154552081723
00-0040142,Kaleb Johnson,RB,PIT,0.0298947688313969,0.0298947688313969,7.462138975366858,13.12,0.3880258053062181,v2_team_first,True,depth,listed,3.0,2026,0.9893081216436111
00-0039407,Dylan Laube,RB,LV,0.0295767814922414,0.0295767814922414,7.461820988027702,14.21,0.4117359450303254,v2_team_first,False,backup,listed,2.0,2026,0.9796564276421367
00-0040225,Thomas Fidone II,TE,NYG,0.029042681937192,0.029042681937192,5.502552195032148,9.75,0.26467157726043705,v2_team_first,True,depth,listed,3.0,2026,0.9346865022537522
00-0038498,E.J. Jenkins,TE,PHI,0.028058865560177,0.028058865560177,5.501568378655134,8.53,0.22691403661145243,v2_team_first,True,depth,listed,7.0,2026,0.9480739685550365
00-0040534,Ke'Shawn Williams,WR,CIN,0.0280319293165226,0.0280319293165226,7.8782393065057565,13.5,0.3536762722793184,v2_team_first,True,depth,listed,7.0,2026,0.9345857752152236
00-0036842,Kene Nwangwu,RB,NYJ,0.0276191847218958,0.0276191847218958,7.459863391257357,11.2,0.30579700134873106,v2_team_first,True,depth,listed,4.0,2026,0.9885629849966419
00-0036187,Reggie Gilliam,RB,NE,0.0258544120536593,0.0258544120536593,7.45809861858912,12.1,0.30122015641724326,v2_team_first,True,,,,2026,0.9628618802628912
00-0038564,Cameron Latu,TE,PHI,0.0239083157677923,0.0239083157677923,5.497417828862749,13.12,0.29736936982729967,v2_team_first,True,depth,listed,5.0,2026,0.948011082426006
00-0039244,Chris Collier,RB,LV,0.0237169532981965,0.0237169532981965,7.455961159833657,8.84,0.20609667158763842,v2_team_first,True,,,,2026,0.983014252616771
00-0038643,Brayden Willis,TE,SF,0.0234592381958467,0.0234592381958467,5.496968751290804,10.1,0.22203150821376347,v2_team_first,True,depth,listed,4.0,2026,0.9370857425719405
00-0039299,George Holani,RB,SEA,0.022785972452292,0.022785972452292,7.455030178987752,11.53,0.26061293428352444,v2_team_first,True,depth,listed,3.0,2026,0.9919712624566522
00-0036425,DeeJay Dallas,RB,JAX,0.0225490184498499,0.0225490184498499,7.454793224985311,12.25,0.26966744945072896,v2_team_first,True,depth,listed,5.0,2026,0.9762584296906767
00-0040431,Dalen Cambre,WR,NYG,0.0206148902932395,0.0206148902932395,7.870822267482473,10.5,0.2023208897399203,v2_team_first,True,depth,listed,10.0,2026,0.9346960324123434
00-0037156,Irvin Charles,WR,SEA,0.0204172491607301,0.0204172491607301,7.870624626349964,9.0,0.17543606998709452,v2_team_first,True,depth,listed,9.0,2026,0.9547268837138322
00-0039603,British Brooks,RB,HOU,0.0201790837292886,0.0201790837292886,7.45242329026475,10.74,0.21445646854584377,v2_team_first,True,depth,listed,4.0,2026,0.9895401644080513
00-0040241,Dominic Lovett,WR,DET,0.0201736817039122,0.0201736817039122,7.870381058893146,10.12,0.19738779363395884,v2_team_first,True,depth,listed,5.0,2026,0.9668400135073073
00-0036825,Feleipe Franks,TE,CAR,0.0190868746883689,0.0190868746883689,5.492596387783325,11.85,0.21303801646353335,v2_team_first,True,depth,listed,4.0,2026,0.9418981356671059
00-0037708,Maurice Alexander,WR,CHI,0.0189200376859427,0.0189200376859427,7.869127414875177,7.8,0.1421842432919341,v2_team_first,True,depth,listed,7.0,2026,0.9634626232026579
00-0038576,Charlie Jones,WR,CIN,0.0186201526112299,0.0186201526112299,7.868827529800463,13.3,0.23145215864332033,v2_team_first,True,depth,listed,6.0,2026,0.9346012520118255
00-0038519,Nikko Remigio,WR,KC,0.0181123893641387,0.0181123893641387,7.868319766553372,13.11,0.22250434486023093,v2_team_first,True,depth,listed,7.0,2026,0.9370441604239425
00-0037120,Tyler Goodson,RB,ATL,0.0176716433467031,0.0176716433467031,7.449915849882164,12.9,0.22436687978928224,v2_team_first,True,depth,listed,3.0,2026,0.9842198055824259
00-0039757,Terrell Jennings,RB,NE,0.0176019322397358,0.0176019322397358,7.449846138775197,10.11,0.1764189097247218,v2_team_first,True,depth,listed,7.0,2026,0.9913651170249175
00-0040075,LaJohntay Wester,WR,BAL,0.0175727723725355,0.0175727723725355,7.867780149561769,14.62,0.24065023248040535,v2_team_first,False,depth,listed,6.0,2026,0.9366959219611708
00-0040429,Josh Williams,RB,TB,0.0174837115258135,0.0174837115258135,7.449727918061274,10.12,0.17605654418197808,v2_team_first,True,depth,listed,4.0,2026,0.9950342461268279
00-0036646,Simi Fehoko,WR,ARI,0.0171585501405999,0.0171585501405999,7.867365927329834,10.6,0.17022950438108772,v2_team_first,True,depth,listed,8.0,2026,0.9359408035160204
00-0040476,Ulysses Bentley IV,RB,IND,0.0170744179304977,0.0170744179304977,7.449318624465958,9.75,0.16321874554873617,v2_team_first,True,depth,listed,4.0,2026,0.9804365939141996
00-0037557,Ronnie Rivers,RB,LA,0.0170709655319668,0.0170709655319668,7.449315172067427,10.65,0.1802282006050926,v2_team_first,True,depth,listed,3.0,2026,0.9913227055539366
00-0038488,Brady Russell,RB,SEA,0.016877202746741,0.016877202746741,7.449121409282202,12.0,0.1972882548409358,v2_team_first,True,,,,2026,0.9741358298599536
00-0037745,Velus Jones Jr.,WR,SEA,0.0168616546787549,0.0168616546787549,7.867069031867989,9.95,0.16017205413777202,v2_team_first,True,depth,listed,5.0,2026,0.9546924183826182
00-0038590,Justin Shorter,TE,LV,0.0168216107343472,0.0168216107343472,5.490331123829304,9.0,0.14182908265620983,v2_team_first,True,,,,2026,0.9368179546340336
00-0038735,Princeton Fant,TE,DAL,0.0157261732131627,0.0157261732131627,5.48923568630812,8.37,0.12289309979707756,v2_team_first,True,,,,2026,0.9336390026021527
00-0040629,Dalevon Campbell,WR,LAC,0.0126310266828453,0.0126310266828453,7.862838403872079,9.75,0.11723565397299515,v2_team_first,True,depth,listed,6.0,2026,0.9519550500662297
00-0037031,Nikola Kalinic,TE,CHI,0.0121333017527616,0.0121333017527616,5.485642814847719,8.1,0.09469029889681899,v2_team_first,True,,,,2026,0.9634772624830855
00-0040067,Jacardia Wright,RB,SEA,0.0119058240268563,0.0119058240268563,7.444150030562317,9.75,0.11567553822798042,v2_team_first,True,depth,listed,6.0,2026,0.9965003464027353
00-0038911,Malik Cunningham,WR,DET,0.0118653313676084,0.0118653313676084,7.862072708556842,7.85,0.0900536589648238,v2_team_first,True,depth,listed,8.0,2026,0.9668338232089915
00-0039021,Roschon Johnson,RB,CHI,0.0117709587083167,0.0117709587083167,7.444015165243777,12.0,0.14014684853217355,v2_team_first,True,depth,listed,3.0,2026,0.9921795100764496
00-0039266,Kendall Milton,RB,CIN,0.0104422226112733,0.0104422226112733,7.442686429146734,9.75,0.10111491535083932,v2_team_first,True,depth,listed,5.0,2026,0.9931564318124984
00-0037594,Julius Chestnut,RB,TEN,0.0099812934448752,0.0099812934448752,7.442225499980336,14.15,0.13923510822259097,v2_team_first,False,depth,listed,6.0,2026,0.9858378607147112
00-0040205,Kalel Mullings,RB,TEN,0.0095195344475184,0.0095195344475184,7.441763740982979,10.87,0.10258564380696979,v2_team_first,True,depth,listed,5.0,2026,0.9913826965174964
00-0040506,Myles Price,WR,MIN,0.0089268463873185,0.0089268463873185,7.859134223576552,15.380000000000004,0.12851374060482199,v2_team_first,False,depth,listed,5.0,2026,0.9360416374092151
00-0038489,Ben VanSumeren,RB,BUF,0.0086423133729805,0.0086423133729805,7.4408865199084415,8.2,0.06945610625593002,v2_team_first,True,,,,2026,0.9800913823561235
00-0040649,Robbie Ouzts,RB,SEA,0.0085420789646356,0.0085420789646356,7.440786285500097,10.87,0.0911002663792253,v2_team_first,True,,,,2026,0.9811299223543705
00-0038396,Eric Gray,RB,NYG,0.008498939457705,0.008498939457705,7.440743145993165,10.4,0.0868388980571076,v2_team_first,True,depth,listed,4.0,2026,0.9824630573621482
00-0039364,Sione Vaki,RB,DET,0.0079181347646778,0.0079181347646778,7.440162341300138,11.84,0.09277412824483613,v2_team_first,True,depth,listed,3.0,2026,0.9895831475785934
00-0039710,Jeshaun Jones,WR,MIN,0.0062969051926009,0.0062969051926009,7.856504282381834,9.75,0.05746820418869642,v2_team_first,True,depth,listed,6.0,2026,0.9360431209144013
00-0036463,Chris Blair,WR,ATL,0.0059624854110684,0.0059624854110684,7.856169862600302,8.53,0.04761231055146621,v2_team_first,True,depth,listed,6.0,2026,0.936144514954439
00-0039363,Isaac Guerendo,RB,SF,0.0054467077258342,0.0054467077258342,7.437690914261295,12.0,0.06464354887574343,v2_team_first,True,depth,listed,4.0,2026,0.9890309297782044
00-0038409,Lew Nichols III,RB,PIT,0.0051925484389441,0.0051925484389441,7.437436754974405,9.75,0.0496533053866042,v2_team_first,True,depth,listed,5.0,2026,0.9807605583654163
00-0038896,Jacob Saylors,RB,DET,0.0048228236367065,0.0048228236367065,7.437067030172167,13.5,0.06453621265643256,v2_team_first,True,depth,listed,4.0,2026,0.9912160503628425
00-0036569,Gary Brightwell,RB,CIN,0.0041485197609393,0.0041485197609393,7.4363927262964,8.45,0.03472691298320107,v2_team_first,True,depth,listed,4.0,2026,0.9906410192042263
00-0035594,Travis Homer,RB,PIT,0.003832626072678,0.003832626072678,7.436076832608139,11.45,0.043190362285225825,v2_team_first,True,depth,listed,4.0,2026,0.9842035123823281
00-0039577,Kedon Slovis,QB,ARI,0.0,0.0,9.489828578209298,10.12,0.0,v2_team_first,True,depth,listed,3.0,2026,1.0800752327255676
00-0036972,Mac Jones,QB,SF,0.0,0.0,9.489828578209298,12.85,0.0,v2_team_first,True,backup,listed,2.0,2026,1.0754508891665302
00-0040203,Will Howard,QB,PIT,0.0,0.0,9.489828578209298,15.0,0.0,v2_team_first,False,depth,listed,3.0,2026,1.076629802277295
00-0038102,Kenny Pickett,QB,CAR,0.0,0.0,9.489828578209298,10.65,0.0,v2_team_first,True,backup,listed,2.0,2026,1.0704957587019543
00-0028986,Case Keenum,QB,CHI,0.0,0.0,9.489828578209298,7.6,0.0,v2_team_first,True,depth,listed,3.0,2026,1.0430490681871707
00-0035993,Tyler Huntley,QB,BAL,0.0,0.0,9.489828578209298,10.0,0.0,v2_team_first,True,backup,listed,2.0,2026,1.0744903072967533
00-0040211,Graham Mertz,QB,HOU,0.0,0.0,9.489828578209298,12.0,0.0,v2_team_first,True,,,,2026,1.0770552445059018
00-0038416,Tyson Bagent,QB,CHI,0.0,0.0,9.489828578209298,8.95,0.0,v2_team_first,True,backup,listed,2.0,2026,1.04197283376207
00-0038579,Aidan O'Connell,QB,LV,0.0,0.0,9.489828578209298,9.7,0.0,v2_team_first,True,backup,listed,2.0,2026,1.0785498334100967
00-0026300,Josh Johnson,QB,CIN,0.0,0.0,9.489828578209298,9.0,0.0,v2_team_first,True,depth,listed,3.0,2026,1.0787677262049493
00-0032268,Marcus Mariota,QB,WAS,0.0,0.0,9.489828578209298,11.05,0.0,v2_team_first,True,backup,listed,2.0,2026,1.0739133973666959
00-0039376,Spencer Rattler,QB,NO,0.0,0.0,9.489828578209298,11.84,0.0,v2_team_first,True,backup,listed,2.0,2026,1.076548075652319
00-0036945,Justin Fields,QB,KC,0.0,0.0,9.489828578209298,12.35,0.0,v2_team_first,True,backup,listed,2.0,2026,1.0743280336830916
00-0036879,Sam Ehlinger,QB,DEN,0.0,0.0,9.489828578209298,7.5,0.0,v2_team_first,True,depth,listed,3.0,2026,1.0467854720570355
00-0033869,Mitchell Trubisky,QB,TEN,0.0,0.0,9.489828578209298,10.15,0.0,v2_team_first,True,backup,listed,2.0,2026,1.0505431585053262
00-0034577,Kyle Allen,QB,BUF,0.0,0.0,9.489828578209298,8.55,0.0,v2_team_first,True,backup,listed,2.0,2026,1.0588060103540893
00-0038658,Adrian Martinez,QB,SF,0.0,0.0,9.489828578209298,9.75,0.0,v2_team_first,True,depth,listed,4.0,2026,1.0765034428252176
00-0035704,Drew Lock,QB,SEA,0.0,0.0,9.489828578209298,9.65,0.0,v2_team_first,True,backup,listed,2.0,2026,1.0540621793246518
00-0039677,Sam Hartman,QB,WAS,0.0,0.0,9.489828578209298,15.0,0.0,v2_team_first,False,depth,listed,3.0,2026,1.0741743683506069
00-0039107,Stetson Bennett,QB,LA,0.0,0.0,9.489828578209298,15.0,0.0,v2_team_first,False,backup,listed,2.0,2026,1.045067832553751
00-0035251,Will Grier,QB,CAR,0.0,0.0,9.489828578209298,7.5,0.0,v2_team_first,True,depth,listed,3.0,2026,1.0691124641676348
00-0035100,Jake Browning,QB,TB,0.0,0.0,9.489828578209298,9.75,0.0,v2_team_first,True,backup,listed,2.0,2026,1.037551712630103
00-0039398,Joe Milton III,QB,DAL,0.0,0.0,9.489828578209298,9.32,0.0,v2_team_first,True,backup,listed,2.0,2026,1.0796682052635074
00-0034771,Mason Rudolph,QB,PIT,0.0,0.0,9.489828578209298,10.4,0.0,v2_team_first,True,backup,listed,2.0,2026,1.0792717454511969
00-0038108,Bailey Zappe,QB,NYJ,0.0,0.0,9.489828578209298,8.15,0.0,v2_team_first,True,depth,listed,4.0,2026,1.0672646436050126
00-0031237,Teddy Bridgewater,QB,DET,0.0,0.0,9.489828578209298,8.45,0.0,v2_team_first,True,backup,listed,2.0,2026,1.0386901813279705
00-0039534,Carter Bradley,QB,JAX,0.0,0.0,9.489828578209298,15.0,0.0,v2_team_first,False,depth,listed,3.0,2026,1.0744786185058612
00-0038400,Tanner McKee,QB,PHI,0.0,0.0,9.489828578209298,9.47,0.0,v2_team_first,True,depth,listed,3.0,2026,1.0626920823987167
00-0039917,Michael Penix Jr.,QB,ATL,0.0,0.0,9.489828578209298,11.53,0.0,v2_team_first,True,backup,listed,2.0,2026,1.0768680686752323
00-0040206,Riley Leonard,QB,IND,0.0,0.0,9.489828578209298,11.25,0.0,v2_team_first,True,backup,listed,2.0,2026,1.0860457747966312
00-0033319,Nick Mullens,QB,JAX,0.0,0.0,9.489828578209298,9.55,0.0,v2_team_first,True,backup,listed,2.0,2026,1.075711341176582
00-0039152,Will Levis,QB,TEN,0.0,0.0,9.489828578209298,9.75,0.0,v2_team_first,True,depth,listed,3.0,2026,1.0524067462762465
00-0040668,Shedeur Sanders,QB,CLE,0.0,0.0,9.489828578209298,12.38,0.0,v2_team_first,True,backup,listed,2.0,2026,1.0750117446508867
00-0037013,Zach Wilson,QB,NO,0.0,0.0,9.489828578209298,9.3,0.0,v2_team_first,True,depth,listed,3.0,2026,1.0796612178384193
00-0036898,Davis Mills,QB,HOU,0.0,0.0,9.489828578209298,10.15,0.0,v2_team_first,True,backup,listed,2.0,2026,1.0775298928709265
00-0040673,Jalen Milroe,QB,SEA,0.0,0.0,9.489828578209298,10.5,0.0,v2_team_first,True,depth,listed,3.0,2026,1.0538073266340264
00-0035289,Gardner Minshew,QB,ARI,0.0,0.0,9.489828578209298,11.0,0.0,v2_team_first,True,backup,listed,2.0,2026,1.0830616449820751
00-0037324,Chris Oladokun,QB,KC,0.0,0.0,9.489828578209298,9.0,0.0,v2_team_first,True,depth,listed,4.0,2026,1.0746266539452192
00-0035264,Jarrett Stidham,QB,DEN,0.0,0.0,9.489828578209298,8.2,0.0,v2_team_first,True,backup,listed,2.0,2026,1.0467390305837962
00-0027973,Andy Dalton,QB,PHI,0.0,0.0,9.489828578209298,9.7,0.0,v2_team_first,True,backup,listed,2.0,2026,1.0612133208187442
00-0032434,Brandon Allen,QB,NYG,0.0,0.0,9.489828578209298,8.25,0.0,v2_team_first,True,depth,listed,3.0,2026,1.0788048559177368
00-0035282,Easton Stick,QB,IND,0.0,0.0,9.489828578209298,7.75,0.0,v2_team_first,True,depth,listed,4.0,2026,1.077103855966108
00-0031503,Jameis Winston,QB,NYG,0.0,0.0,9.489828578209298,10.35,0.0,v2_team_first,True,backup,listed,2.0,2026,1.1040225646450004
00-0039923,J.J. McCarthy,QB,MIN,0.0,0.0,9.489828578209298,13.12,0.0,v2_team_first,True,backup,listed,2.0,2026,1.077627562611397
00-0040234,Quinn Ewers,QB,MIA,0.0,0.0,9.489828578209298,10.87,0.0,v2_team_first,True,backup,listed,2.0,2026,1.0743772049909304
00-0037012,Trey Lance,QB,LAC,0.0,0.0,9.489828578209298,9.3,0.0,v2_team_first,True,backup,listed,2.0,2026,1.057189652770713
00-0036679,Shane Buechele,QB,BUF,0.0,0.0,9.489828578209298,9.75,0.0,v2_team_first,True,depth,listed,3.0,2026,1.0567829162359195
00-0040494,Max Brosmer,QB,MIN,0.0,0.0,9.489828578209298,12.0,0.0,v2_team_first,True,depth,listed,4.0,2026,1.0776256117949896
00-0037327,Skylar Thompson,QB,BAL,0.0,0.0,9.489828578209298,7.8,0.0,v2_team_first,True,,,,2026,1.076073691656665
00-0032950,Carson Wentz,QB,MIN,0.0,0.0,9.489828578209298,9.35,0.0,v2_team_first,True,depth,listed,3.0,2026,1.0764537458726569
00-0040415,Connor Bazelak,QB,TB,0.0,0.0,9.489828578209298,15.0,0.0,v2_team_first,False,depth,listed,3.0,2026,1.037441876539119
00-0038391,Sean Clifford,QB,CIN,0.0,0.0,9.489828578209298,7.6,0.0,v2_team_first,True,depth,listed,4.0,2026,1.0791720261620525
00-0040398,Brady Cook,QB,NYJ,0.0,0.0,9.489828578209298,11.25,0.0,v2_team_first,True,depth,listed,3.0,2026,1.06778909599944
00-0028118,Tyrod Taylor,QB,GB,0.0,0.0,9.489828578209298,10.1,0.0,v2_team_first,True,backup,listed,2.0,2026,1.071542205281419
00-0040014,Kyle McCord,QB,GB,0.0,0.0,9.489828578209298,15.0,0.0,v2_team_first,False,depth,listed,3.0,2026,1.0705250533279562
00-0026158,Joe Flacco,QB,CIN,0.0,0.0,9.489828578209298,12.7,0.0,v2_team_first,True,backup,listed,2.0,2026,1.0785424110936748
00-0039164,Anthony Richardson,QB,IND,0.0,0.0,9.489828578209298,9.95,0.0,v2_team_first,True,depth,listed,3.0,2026,1.0959261778168987
00-0037077,Sam Howell,QB,DAL,0.0,0.0,9.489828578209298,8.5,0.0,v2_team_first,True,depth,listed,3.0,2026,1.07965583153761
00-0038476,Tommy DeVito,QB,NE,0.0,0.0,9.489828578209298,8.25,0.0,v2_team_first,True,backup,listed,2.0,2026,1.0633082975505237
00-0040704,Dillon Gabriel,QB,CLE,0.0,0.0,9.489828578209298,13.12,0.0,v2_team_first,True,depth,listed,3.0,2026,1.0762308293411933
00-0040589,Kurtis Rourke,QB,SF,0.0,0.0,9.489828578209298,15.0,0.0,v2_team_first,False,depth,listed,3.0,2026,1.0749989139237497
00-0040464,DJ Uiagalelei,QB,LAC,0.0,0.0,9.489828578209298,15.0,0.0,v2_team_first,False,depth,listed,3.0,2026,1.056541116230273
00-0038550,Hendon Hooker,QB,TEN,0.0,0.0,9.489828578209298,8.37,0.0,v2_team_first,True,depth,listed,4.0,2026,1.052124139173089
00-0040222,Cam Miller,QB,MIA,0.0,0.0,9.489828578209298,15.0,0.0,v2_team_first,False,depth,listed,3.0,2026,1.0759580277098835
00-0032156,Trevor Siemian,QB,ATL,0.0,0.0,9.489828578209298,7.75,0.0,v2_team_first,True,depth,listed,3.0,2026,1.0780605678221167
