player_id,display_name,team,position,season,text_sentiment_raw,text_sentiment_z,text_confidence,sentiment_label,sentiment_source_ref,sentiment_parse_method,market_ecr,market_adp,market_gap_raw,market_gap_z,market_confidence,raw_sentiment_z,sentiment_residual_z,sentiment_score,sentiment_feature,sentiment_confidence,sentiment_coverage,sentiment_as_of,sentiment_claim_count,sentiment_source_count,sentiment_model_active,sentiment_version
00-0036971,Trevor Lawrence,JAX,QB,2026,1.0,0.7588021044111695,0.62,very positive,jacksonville_jaguars_player_sentiment_summary.md:9,bullet,77.32,94.6,17.28,0.14409173498648134,0.3333333333333333,0.5438684088081316,0.6944590972543475,58.0,0.5185294592832461,0.7466666666666666,high,2026-08-24,1,2,False,markdown_market_v1
00-0039732,Bo Nix,DEN,QB,2026,0.8,0.421556724672872,0.75,Strong positive,Fantasy_Research_Denver_Broncos_Sentiment_2026-08-24.md:12,table,101.01,114.7,13.689999999999998,-0.1732636813334375,0.3333333333333333,0.23853506128631521,0.17746157617992064,7.0,0.14788464681660052,0.8333333333333333,high,2026-08-24,1,2,False,markdown_market_v1
00-0036355,Justin Herbert,LAC,QB,2026,1.0,0.7588021044111695,0.75,Very Positive,Chargers_Player_Sentiment_Analysis.md:12,table,70.77,110.2,39.43000000000001,2.1021481337291545,0.3333333333333333,1.1721393442013186,1.7612366481533637,100.0,1.4676972067944696,0.8333333333333333,high,2026-08-24,1,2,False,markdown_market_v1
00-0039851,Drake Maye,NE,QB,2026,1.0,0.7588021044111695,0.75,Very positive,Fantasy_Research_Patriots_Sentiment_Summary.md:22,table,38.28,51.5,13.219999999999999,-0.21481160491849635,0.3333333333333333,0.4592286553866569,0.5774288963138662,55.0,0.4811907469282218,0.8333333333333333,high,2026-08-24,1,2,False,markdown_market_v1
00-0033873,Patrick Mahomes,KC,QB,2026,0.55,0.0,0.62,Rehab and work ethic praised,chiefs_player_sentiment_summary_2026-08-24.md:24,bullet,100.36,103.5,3.1400000000000006,-1.1058819660618886,0.3333333333333333,-0.38667201610555546,-0.8794048197350877,-46.0,-0.6566222654021987,0.7466666666666666,high,2026-08-24,1,2,False,markdown_market_v1
00-0039139,Jahmyr Gibbs,DET,RB,2026,1.0,1.214083367057871,0.62,Very bullish,detroit_lions_fantasy_sentiment_summary.md:6,bullet,2.93,1.5,-1.4300000000000002,0.6706881336303567,0.3333333333333333,1.0240850336916072,1.2261942183705687,74.0,0.9155583497166913,0.7466666666666666,high,2026-08-24,1,2,False,markdown_market_v1
00-0034857,Josh Allen,BUF,QB,2026,1.0,0.7588021044111695,0.62,strongly positive,bills_player_sentiment_since_2026-02-17.md:7,bullet,25.9,33.0,7.100000000000001,-0.755818609898413,0.3333333333333333,0.22921444206516162,0.1892834968423082,10.0,0.14133167764225676,0.7466666666666666,high,2026-08-24,1,2,False,markdown_market_v1
00-0039918,Caleb Williams,CHI,QB,2026,1.0,0.7588021044111695,0.75,Very positive,chicago_bears_player_sentiment_since_2026-02-17.md:14,table,66.64,91.0,24.36,0.7699625838848163,0.3333333333333333,0.7622360980953685,1.0755597675746222,79.0,0.8962998063121851,0.8333333333333333,high,2026-08-24,1,2,False,markdown_market_v1
00-0033077,Dak Prescott,DAL,QB,2026,0.55,0.0,0.62,Positive preparation and leadership sentiment,dallas_cowboys_fantasy_sentiment_summary.md:21,bullet,79.47,65.7,-13.769999999999996,-2.600723216749861,0.3333333333333333,-0.9093437820803709,-1.7104976652435904,-82.0,-1.2771715900485474,0.7466666666666666,high,2026-08-24,1,2,False,markdown_market_v1
00-0037834,Brock Purdy,SF,QB,2026,0.0,-0.9274247942803184,0.62,Stable outlook,49ers_fantasy_sentiment_summary_2026-08-24.md:26,bullet,96.48,88.4,-8.079999999999998,-2.097728141858403,0.3333333333333333,-1.3366217689579702,-2.4817277593395,-88.0,-1.8530233936401599,0.7466666666666666,high,2026-08-24,1,2,False,markdown_market_v1
00-0036389,Jalen Hurts,PHI,QB,2026,1.0,0.7588021044111695,0.75,Strongly positive,philadelphia-eagles-player-sentiment-2026-08-24.md:11,table,58.31,79.4,21.090000000000003,0.48089511553770425,0.3333333333333333,0.6732922616808725,0.9262573854423787,70.0,0.7718811545353155,0.8333333333333333,high,2026-08-24,1,2,False,markdown_market_v1
00-0041027,Jeremiyah Love,ARI,RB,2026,0.55,0.0,0.75,"Positive upside, meaningful near-term risk",arizona_cardinals_fantasy_sentiment_summary_2026-08-24.md:25,table,40.21,29.4,-10.810000000000002,-0.2210276273126267,0.3333333333333333,-0.06800850071157745,-0.22794329115616366,-4.0,-0.18995274263013637,0.8333333333333333,high,2026-08-24,1,2,False,markdown_market_v1
00-0038542,Bijan Robinson,ATL,RB,2026,1.0,1.214083367057871,0.75,Very bullish [cite:1],falcons_player_sentiment_2026.md:22,table,3.71,2.3,-1.4100000000000001,0.6725894465534761,0.3333333333333333,1.0474698530565187,1.28048710011914,78.0,1.0670725834326167,0.8333333333333333,high,2026-08-24,1,2,False,markdown_market_v1
00-0033119,Jacoby Brissett,ARI,QB,2026,0.8,0.421556724672872,0.75,Strong positive,arizona_cardinals_fantasy_sentiment_summary_2026-08-24.md:19,table,191.31,,,,0.0,0.421556724672872,0.5188496750534711,40.0,0.3891372562901033,0.75,medium,2026-08-24,1,1,False,markdown_market_v1
00-0033280,Christian McCaffrey,SF,RB,2026,0.8,0.6744907594765951,0.62,"Still viewed as elite and decisive, with minor tightness managed conservatively",49ers_fantasy_sentiment_summary_2026-08-24.md:19,bullet,10.22,6.6,-3.620000000000001,0.4624943685487859,0.3333333333333333,0.6003661472640743,0.6056254838592195,40.0,0.45220036128155056,0.7466666666666666,high,2026-08-24,1,2,False,markdown_market_v1
00-0035710,Daniel Jones,IND,QB,2026,1.0,0.7588021044111695,0.62,"Consistent praise for recovery, preparation, accuracy, command and daily progress",colts_player_sentiment_summary.md:6,bullet,153.68,167.2,13.519999999999982,-0.18829165369399214,0.3333333333333333,0.42765044073803604,0.5585947078111405,46.0,0.4170840484989849,0.7466666666666666,high,2026-08-24,1,2,False,markdown_market_v1
00-0033106,Jared Goff,DET,QB,2026,0.15,-0.6744907594765952,0.62,Neutral-positive,detroit_lions_fantasy_sentiment_summary.md:24,bullet,107.15,101.0,-6.150000000000006,-1.9271164556474165,0.3333333333333333,-1.1124717721237354,-2.093783469927327,-85.0,-1.563358324212404,0.7466666666666666,high,2026-08-24,1,2,False,markdown_market_v1
00-0039040,De'Von Achane,MIA,RB,2026,0.8,0.6744907594765951,0.62,Clear centerpiece,miami_dolphins_player_sentiment_feb17_2026.md:8,bullet,22.2,11.7,-10.5,-0.1915572770042763,0.3333333333333333,0.3716767607070596,0.247311296622144,10.0,0.1846591014778675,0.7466666666666666,high,2026-08-24,1,2,False,markdown_market_v1
00-0038543,Jaxon Smith-Njigba,SEA,WR,2026,1.0,1.214083367057871,0.75,Very positive,Seattle_Seahawks_Coachspeak_Sentiment_Feb17-Aug23_2026.md:13,table,4.77,5.2,0.4300000000000006,0.5991587241142311,0.3333333333333333,1.0248757846136742,1.1476234823599976,71.0,0.9563529019666646,0.8333333333333333,high,2026-08-24,1,2,False,markdown_market_v1
00-0035228,Kyler Murray,MIN,QB,2026,1.0,0.7588021044111695,0.75,Very positive,minnesota_vikings_player_sentiment_2026.md:17,table,112.34,137.4,25.060000000000002,0.83184247007533,0.3333333333333333,0.781276063077065,1.3586226416349074,91.0,1.1321855346957561,0.8333333333333333,high,2026-08-24,2,2,False,markdown_market_v1
00-0036442,Joe Burrow,CIN,QB,2026,0.55,0.0,0.75,Bullish/secure: normal starter management in preseason.,bengals_player_sentiment_since_2026-02-17.md:12,table,46.79,57.3,10.509999999999998,-0.4543751643131982,0.3333333333333333,-0.13980774286559944,-0.459468619828295,-31.0,-0.38289051652357914,0.8333333333333333,high,2026-08-24,1,2,False,markdown_market_v1
00-0040691,Jaxson Dart,NYG,QB,2026,1.0,0.7588021044111695,0.75,Strongly bullish,Giants_player_sentiment_update_2026-08-24.md:18,table,97.98,120.4,22.42,0.5984668992996796,0.3333333333333333,0.7094681951460956,1.0026843392308264,73.0,0.8355702826923553,0.8333333333333333,high,2026-08-24,2,2,False,markdown_market_v1
00-0036900,Ja'Marr Chase,CIN,WR,2026,0.15,-1.0791852151625523,0.75,"Neutral-to-positive: starter preseason usage confirmed, without new substantive role notes.",bengals_player_sentiment_since_2026-02-17.md:21,table,1.51,3.9,2.3899999999999997,0.7046235736215408,0.3333333333333333,-0.5303209724597544,-1.4069673571210244,-80.0,-1.1724727976008535,0.8333333333333333,high,2026-08-24,1,2,False,markdown_market_v1
00-0039075,Puka Nacua,LA,WR,2026,1.0,1.214083367057871,0.75,"Elite positive, injury caution",los-angeles-rams-player-sentiment-feb-17-2026.md:12,table,3.47,3.0,-0.4700000000000002,0.5507309870955684,0.3333333333333333,1.0099749424540858,1.2275208194938192,76.0,1.0229340162448493,0.8333333333333333,high,2026-08-24,1,2,False,markdown_market_v1
00-0037248,James Cook,BUF,RB,2026,0.55,0.0,0.62,"positive, workload caveat",bills_player_sentiment_since_2026-02-17.md:12,bullet,17.7,9.2,-8.5,-0.0014259846923395793,0.3333333333333333,-0.0004985960462725802,-0.30191208170893347,-8.0,-0.22542768767600363,0.7466666666666666,high,2026-08-24,1,2,False,markdown_market_v1
00-0032764,Derrick Henry,BAL,RB,2026,1.0,1.214083367057871,0.75,Very bullish,ravens-player-sentiment-feb-17-2026.md:15,table,38.26,9.7,-28.56,-1.9084428465810648,0.3333333333333333,0.2533060705535831,0.1108855138331955,2.0,0.09240459486099624,0.8333333333333333,high,2026-08-24,1,2,False,markdown_market_v1
00-0036223,Jonathan Taylor,IND,RB,2026,1.0,1.214083367057871,0.62,Viewed as the offensive bell cow and one of the league’s best,colts_player_sentiment_summary.md:7,bullet,12.69,6.0,-6.6899999999999995,0.1706428348499632,0.3333333333333333,0.8492440201320292,1.0184696279534733,70.0,0.76045732220526,0.7466666666666666,high,2026-08-24,1,2,False,markdown_market_v1
00-0039163,C.J. Stroud,HOU,QB,2026,1.0,0.7588021044111695,0.75,Very positive,texans_fantasy_sentiment_summary_2026-08-24.md:20,table,143.55,162.8,19.25,0.31823941469406886,0.3333333333333333,0.6232443537289847,0.8586044453785447,67.0,0.7155037044821205,0.8333333333333333,high,2026-08-24,1,2,False,markdown_market_v1
00-0034869,Sam Darnold,SEA,QB,2026,0.55,0.0,0.75,Positive,Seattle_Seahawks_Coachspeak_Sentiment_Feb17-Aug23_2026.md:12,table,142.12,148.7,6.579999999999984,-0.8017865253542245,0.3333333333333333,-0.2467035462628383,-0.6006852930333476,-40.0,-0.5005710775277896,0.8333333333333333,high,2026-08-24,1,2,False,markdown_market_v1
00-0026498,Matthew Stafford,LA,QB,2026,0.0,-0.9274247942803184,0.62,Managed camp workload is framed as veteran preservation rather than a performance or durability alarm,los-angeles-rams-player-sentiment-feb-17-2026.md:31,bullet,104.27,78.3,-25.97,-3.0,0.3333333333333333,-1.6521014396368503,-2.9710100689111836,-97.0,-2.218354184787017,0.7466666666666666,high,2026-08-24,1,2,False,markdown_market_v1
00-0034855,Baker Mayfield,TB,QB,2026,0.55,0.0,0.75,Positive,tampa_bay_buccaneers_fantasy_sentiment_2026.md:24,table,118.52,135.7,17.179999999999993,0.13525175124497868,0.3333333333333333,0.04161592345999344,-0.12796806742827724,-1.0,-0.10664005619023102,0.8333333333333333,high,2026-08-24,1,2,False,markdown_market_v1
00-0039910,Jayden Daniels,WAS,QB,2026,1.0,0.7588021044111695,0.75,Very bullish,Washington_Commanders_Player_Sentiment_2026-02-17_to_2026-08-24.md:15,table,54.35,70.0,15.649999999999999,0.0,0.3333333333333333,0.5253245338231173,0.7481079302095179,64.0,0.6234232751745983,0.8333333333333333,high,2026-08-24,1,2,False,markdown_market_v1
00-0036264,Jordan Love,GB,QB,2026,0.55,0.0,0.75,"Bullish: praised for leadership, confidence, growth, and command of the offense.",packers_player_sentiment_summary.md:16,table,119.39,151.8,32.41000000000001,1.4815812750757211,0.3333333333333333,0.4558711615617604,0.573208027977294,52.0,0.47767335664774496,0.8333333333333333,high,2026-08-24,1,2,False,markdown_market_v1
00-0034796,Lamar Jackson,BAL,QB,2026,1.0,0.7588021044111695,0.75,Very bullish,ravens-player-sentiment-feb-17-2026.md:14,table,33.52,56.8,23.279999999999994,0.6744907594765952,0.3333333333333333,0.7328601521236081,1.0511982801197954,76.0,0.8759985667664961,0.8333333333333333,high,2026-08-24,1,2,False,markdown_market_v1
00-0040676,Cam Ward,TEN,QB,2026,1.0,0.7588021044111695,0.75,Very positive,tennessee-titans-fantasy-sentiment-feb-aug-2026.md:12,table,157.79,167.4,9.610000000000014,-0.533935017986714,0.3333333333333333,0.3610368359810515,0.4106825818918452,19.0,0.342235484909871,0.8333333333333333,high,2026-08-24,1,2,False,markdown_market_v1
00-0040743,Tyler Shough,NO,QB,2026,1.0,0.7588021044111695,0.75,Very bullish,saints_fantasy_sentiment_update_2026-08-24.md:13,table,123.88,139.6,15.719999999999999,0.0061879886190513616,0.3333333333333333,0.527228530321287,0.7066559263667375,61.0,0.5888799386389478,0.8333333333333333,high,2026-08-24,1,2,False,markdown_market_v1
00-0038120,Breece Hall,NYJ,RB,2026,0.55,0.0,0.62,"Staff views him as a rare, bellcow-caliber back and premium receiver, but a groin strain creates short-term availability risk",jets_fantasy_sentiment_summary.md:10,bullet,40.6,35.9,-4.700000000000003,0.3598234707003399,0.3333333333333333,0.12581240234277616,-0.1108855138331955,0.0,-0.08279451699545264,0.7466666666666666,high,2026-08-24,1,2,False,markdown_market_v1
00-0035700,Josh Jacobs,GB,RB,2026,0.55,0.0,0.75,"Positive on talent and importance, but availability uncertainty remains a material issue.",packers_player_sentiment_summary.md:24,table,45.16,24.0,-21.159999999999997,-1.2049570650268986,0.3333333333333333,-0.3707560200082765,-0.8353971251945802,-62.0,-0.6961642709954834,0.8333333333333333,high,2026-08-24,1,2,False,markdown_market_v1
00-0040668,Shedeur Sanders,CLE,QB,2026,1.0,0.7588021044111695,0.75,Very positive long term,cleveland_browns_fantasy_sentiment_2026.md:16,table,298.07,,,,0.0,0.7588021044111694,1.3226149081821472,88.0,0.9919611811366105,0.75,medium,2026-08-24,1,1,False,markdown_market_v1
00-0039150,Bryce Young,CAR,QB,2026,1.0,0.7588021044111695,0.62,Very positive,carolina_panthers_fantasy_sentiment_summary.md:7,bullet,170.09,,,,0.0,0.7588021044111695,1.0789761417935284,82.0,0.6689652079119877,0.62,medium,2026-08-24,1,1,False,markdown_market_v1
00-0038597,Chase Brown,CIN,RB,2026,1.0,1.214083367057871,0.75,"Very bullish: praised as a complete back with run, receiving, and pass-protection value.",bengals_player_sentiment_since_2026-02-17.md:10,table,17.93,15.3,-2.629999999999999,0.5566093582431948,0.3333333333333333,1.011783672037971,1.2166758358449217,72.0,1.013896529870768,0.8333333333333333,high,2026-08-24,1,2,False,markdown_market_v1
00-0040715,Cam Skattebo,NYG,RB,2026,0.55,0.0,0.75,Bullish; committee cap,Giants_player_sentiment_update_2026-08-24.md:20,table,56.58,35.3,-21.28,-1.2163649425656153,0.3333333333333333,-0.3742661361740355,-0.8463110073356265,-64.0,-0.7052591727796886,0.8333333333333333,high,2026-08-24,1,2,False,markdown_market_v1
00-0037238,Drake London,ATL,WR,2026,0.55,0.0,0.75,Bullish [cite:1],falcons_player_sentiment_2026.md:24,table,12.25,12.2,-0.05000000000000071,0.5733305977042777,0.3333333333333333,0.1764094146782393,-0.21300428867449692,-20.0,-0.17750357389541407,0.8333333333333333,high,2026-08-24,1,2,False,markdown_market_v1
00-0036554,Nico Collins,HOU,WR,2026,1.0,1.214083367057871,0.75,Elite positive,texans_fantasy_sentiment_summary_2026-08-24.md:21,table,16.76,20.9,4.139999999999997,0.7987886178244956,0.3333333333333333,1.0863003672937557,1.2570707730584272,79.0,1.0475589775486893,0.8333333333333333,high,2026-08-24,1,2,False,markdown_market_v1
00-0039917,Michael Penix Jr.,ATL,QB,2026,0.3,-0.4215567246728721,0.75,Cautiously bullish [cite:1],falcons_player_sentiment_2026.md:25,table,289.06,,,,0.0,-0.42155672467287203,-0.6744907594765952,-43.0,-0.5058680696074465,0.75,medium,2026-08-24,1,1,False,markdown_market_v1
00-0035261,Tony Pollard,TEN,RB,2026,1.0,1.214083367057871,0.75,Very positive,tennessee-titans-fantasy-sentiment-feb-aug-2026.md:14,table,83.66,67.1,-16.560000000000002,-0.7676550927094448,0.3333333333333333,0.6043176871294663,0.611241345211343,42.0,0.5093677876761191,0.8333333333333333,high,2026-08-24,1,2,False,markdown_market_v1
00-0039361,Bucky Irving,TB,RB,2026,0.8,0.6744907594765951,0.75,Strong positive; workload caveat,tampa_bay_buccaneers_fantasy_sentiment_2026.md:17,table,59.06,45.8,-13.260000000000005,-0.45393846039474944,0.3333333333333333,0.32728176874695064,0.24920656660510548,12.0,0.2076721388375879,0.8333333333333333,high,2026-08-24,1,2,False,markdown_market_v1
00-0030565,Geno Smith,NYJ,QB,2026,0.55,0.0,0.62,Clear QB1,jets_fantasy_sentiment_summary.md:6,bullet,226.83,,,,0.0,0.0,0.0,1.0,0.0,0.62,medium,2026-08-24,1,1,False,markdown_market_v1
00-0037744,Trey McBride,ARI,TE,2026,1.0,1.214083367057871,0.75,Very positive,arizona_cardinals_fantasy_sentiment_summary_2026-08-24.md:16,table,20.93,38.0,17.07,-0.030734184852997636,0.3333333333333333,0.831062581854527,0.9827922277954892,87.0,0.8189935231629076,0.8333333333333333,high,2026-08-24,2,2,False,markdown_market_v1
00-0036963,Amon-Ra St. Brown,DET,WR,2026,0.55,0.0,0.62,Bullish but nonspecific,detroit_lions_fantasy_sentiment_summary.md:13,bullet,5.46,7.9,2.4400000000000004,0.707314003455911,0.3333333333333333,0.24731258862094788,0.001399487659450891,1.0,0.0010449507857233319,0.7466666666666666,high,2026-08-24,1,2,False,markdown_market_v1
00-0041438,Carnell Tate,TEN,WR,2026,0.55,0.0,0.75,Positive,tennessee-titans-fantasy-sentiment-feb-aug-2026.md:15,table,66.87,74.4,7.530000000000001,0.9811997605947916,0.3333333333333333,0.30190761864455123,0.04899480509204626,9.0,0.04082900424337188,0.8333333333333333,high,2026-08-24,1,2,False,markdown_market_v1
00-0035676,A.J. Brown,NE,WR,2026,1.0,1.214083367057871,0.75,Very positive,Fantasy_Research_Patriots_Sentiment_Summary.md:23,table,13.97,19.6,5.630000000000001,0.878963426888726,0.3333333333333333,1.1109695393135186,1.4024217556395213,85.0,1.1686847963662677,0.8333333333333333,high,2026-08-24,1,2,False,markdown_market_v1
00-0040122,Ashton Jeanty,LV,RB,2026,1.0,1.214083367057871,0.62,elite positive,raiders_player_sentiment_summary_2026.md:7,bullet,16.62,14.8,-1.8200000000000003,0.633612531629529,0.3333333333333333,1.0111215364885207,1.2650865909306577,76.0,0.9445979878948909,0.7466666666666666,high,2026-08-24,1,2,False,markdown_market_v1
00-0034844,Saquon Barkley,PHI,RB,2026,1.0,1.214083367057871,0.75,Strongly positive,philadelphia-eagles-player-sentiment-2026-08-24.md:13,table,25.26,17.4,-7.860000000000003,0.05941602884747989,0.3333333333333333,0.8588011091469815,0.9893130998034573,66.0,0.8244275831695477,0.8333333333333333,high,2026-08-24,1,2,False,markdown_market_v1
00-0037247,George Pickens,DAL,WR,2026,1.0,1.214083367057871,0.62,Very bullish,dallas_cowboys_fantasy_sentiment_summary.md:7,bullet,20.11,19.8,-0.3099999999999987,0.5593403625655531,0.3333333333333333,0.9851522466060115,1.1600293312185304,72.0,0.8661552339765026,0.7466666666666666,high,2026-08-24,1,2,False,markdown_market_v1
00-0039337,Malik Nabers,NYG,WR,2026,0.55,0.0,0.75,Bullish; health-managed,Giants_player_sentiment_update_2026-08-24.md:19,table,24.86,28.0,3.1400000000000006,0.7449800211370929,0.3333333333333333,0.22922462188833628,-0.0927366707344867,-7.0,-0.07728055894540557,0.8333333333333333,high,2026-08-24,1,2,False,markdown_market_v1
00-0029604,Kirk Cousins,LV,QB,2026,0.55,0.0,0.62,"positive, immediate favorite",raiders_player_sentiment_summary_2026.md:13,bullet,289.61,,,,0.0,0.0,0.031688955879691894,4.0,0.019647152645408974,0.62,medium,2026-08-24,1,1,False,markdown_market_v1
00-0037840,Kyren Williams,LA,RB,2026,0.3,-0.6744907594765952,0.75,Positive,los-angeles-rams-player-sentiment-feb-17-2026.md:21,table,42.56,27.2,-15.360000000000003,-0.6535763173222828,0.3333333333333333,-0.6680555465060376,-1.297011151221984,-74.0,-1.08084262601832,0.8333333333333333,high,2026-08-24,1,2,False,markdown_market_v1
00-0039064,Zay Flowers,BAL,WR,2026,1.0,1.214083367057871,0.75,Very bullish,ravens-player-sentiment-feb-17-2026.md:16,table,29.86,25.7,-4.16,0.3521772653190519,0.3333333333333333,0.948881489599773,1.238183162374697,78.0,1.0318193019789141,0.8333333333333333,high,2026-08-24,1,2,False,markdown_market_v1
00-0023459,Aaron Rodgers,PIT,QB,2026,0.15,-0.6744907594765952,0.75,Neutral-positive,steelers-player-sentiment-2026.md:17,table,221.5,,,,0.0,-0.6744907594765953,-1.337039616394932,-79.0,-1.002779712296199,0.75,medium,2026-08-24,1,1,False,markdown_market_v1
00-0036322,Justin Jefferson,MIN,WR,2026,0.55,0.0,0.75,"Positive, indirect",minnesota_vikings_player_sentiment_2026.md:22,table,9.2,14.3,5.100000000000001,0.8504448706444027,0.3333333333333333,0.2616753448136624,-0.093847375384659,-9.0,-0.0782061461538825,0.8333333333333333,high,2026-08-24,1,2,False,markdown_market_v1
00-0037239,Chris Olave,NO,WR,2026,0.55,0.0,0.75,Bullish,saints_fantasy_sentiment_update_2026-08-24.md:21,table,19.07,23.8,4.73,0.8305356898700635,0.3333333333333333,0.2555494430369426,0.023749831105805717,5.0,0.019791525921504762,0.8333333333333333,high,2026-08-24,1,2,False,markdown_market_v1
00-0039067,Rashee Rice,KC,WR,2026,0.55,0.0,0.62,Talent and practice improvement praised,chiefs_player_sentiment_summary_2026-08-24.md:25,bullet,22.39,15.3,-7.09,0.1945180770249615,0.3333333333333333,0.06801331364509143,-0.13806256066989658,-11.0,-0.1030867119668561,0.7466666666666666,high,2026-08-24,1,2,False,markdown_market_v1
00-0036275,D'Andre Swift,CHI,RB,2026,0.55,0.0,0.75,Positive,chicago_bears_player_sentiment_since_2026-02-17.md:18,table,57.59,43.0,-14.590000000000003,-0.5803757697821872,0.3333333333333333,-0.17857715993298068,-0.49273451207035096,-24.0,-0.4106120933919591,0.8333333333333333,high,2026-08-24,1,2,False,markdown_market_v1
00-0040124,Tetairoa McMillan,CAR,WR,2026,1.0,1.214083367057871,0.62,Very positive,carolina_panthers_fantasy_sentiment_summary.md:8,bullet,33.99,31.5,-2.490000000000002,0.4420376217870146,0.3333333333333333,0.9441373022778513,1.0355733774862261,67.0,0.7732281218563821,0.7466666666666666,high,2026-08-24,1,2,False,markdown_market_v1
00-0038128,Malik Willis,MIA,QB,2026,0.55,0.0,0.62,"Strong upward trajectory in confidence, command, consistency, pocket operation, mobility, and leadership",miami_dolphins_player_sentiment_feb17_2026.md:9,bullet,132.97,157.2,24.22999999999999,0.758470605020863,0.3333333333333333,0.26519951224505695,0.5690069157201721,49.0,0.4248584970710618,0.7466666666666666,high,2026-08-24,1,2,False,markdown_market_v1
00-0037228,Jaylen Warren,PIT,RB,2026,0.55,0.0,0.75,"Positive, workload risk",steelers-player-sentiment-2026.md:30,table,76.24,63.3,-12.939999999999998,-0.42351745362483884,0.3333333333333333,-0.13031306265379655,-0.4329234570795166,-16.0,-0.36076954756626384,0.8333333333333333,high,2026-08-24,1,2,False,markdown_market_v1
00-0040784,Quinshon Judkins,CLE,RB,2026,1.0,1.214083367057871,0.75,Extremely positive,cleveland_browns_fantasy_sentiment_2026.md:19,table,61.77,51.6,-10.170000000000002,-0.1601856137728069,0.3333333333333333,0.7912313729561241,0.9442047346774782,62.0,0.7868372788978985,0.8333333333333333,high,2026-08-24,1,2,False,markdown_market_v1
00-0031381,Davante Adams,LA,WR,2026,1.0,1.214083367057871,0.75,Elite positive,los-angeles-rams-player-sentiment-feb-17-2026.md:11,table,50.73,38.0,-12.729999999999997,-0.10896240829199055,0.3333333333333333,0.8069923592579137,0.9094616810285675,61.0,0.7578847341904729,0.8333333333333333,high,2026-08-24,1,2,False,markdown_market_v1
00-0036875,Rhamondre Stevenson,NE,RB,2026,0.55,0.0,0.75,Positive,Fantasy_Research_Patriots_Sentiment_Summary.md:30,table,80.47,67.1,-13.370000000000005,-0.4643956814719059,0.3333333333333333,-0.1428909789144326,-0.48625691864711307,-22.0,-0.4052140988725942,0.8333333333333333,high,2026-08-24,2,2,False,markdown_market_v1
00-0040129,Emeka Egbuka,TB,WR,2026,0.55,0.0,0.75,Role positive; health caution,tampa_bay_buccaneers_fantasy_sentiment_2026.md:21,table,39.7,34.1,-5.600000000000001,0.2746928860891917,0.3333333333333333,0.08452088802744359,-0.24535165527299677,-22.0,-0.2044597127274973,0.8333333333333333,high,2026-08-24,1,2,False,markdown_market_v1
00-0037240,Jameson Williams,DET,WR,2026,1.0,1.214083367057871,0.62,Very bullish,detroit_lions_fantasy_sentiment_summary.md:7,bullet,55.18,40.2,-14.979999999999997,-0.23003175083864702,0.3333333333333333,0.7091480111499976,0.7140394958964441,38.0,0.5331494902693449,0.7466666666666666,high,2026-08-24,1,2,False,markdown_market_v1
00-0041512,Jadarian Price,SEA,RB,2026,1.0,1.214083367057871,0.75,Very positive,Seattle_Seahawks_Coachspeak_Sentiment_Feb17-Aug23_2026.md:20,table,74.44,74.6,0.1599999999999966,0.821842511018346,0.3333333333333333,1.0933938728918635,1.6247122733994666,92.0,1.3539268944995553,0.8333333333333333,high,2026-08-24,1,2,False,markdown_market_v1
00-0036970,Kyle Pitts,ATL,TE,2026,1.0,1.214083367057871,0.75,Very bullish [cite:1],falcons_player_sentiment_2026.md:23,table,79.34,85.1,5.759999999999991,-0.9702034569811128,0.3333333333333333,0.5419951135074146,0.6330010831543815,69.0,0.5275009026286512,0.8333333333333333,high,2026-08-24,1,2,False,markdown_market_v1
00-0034348,Courtland Sutton,DEN,WR,2026,0.55,0.0,0.75,"Positive, stable",Fantasy_Research_Denver_Broncos_Sentiment_2026-08-24.md:20,table,83.44,59.1,-24.339999999999996,-0.7336802158327379,0.3333333333333333,-0.2257477587177655,-0.898972451619738,-71.0,-0.7491437096831149,0.8333333333333333,high,2026-08-24,1,2,False,markdown_market_v1
00-0038996,Tucker Kraft,GB,TE,2026,0.55,0.0,0.75,Bullish: described as a major offensive focal point and leader while returning from ACL rehab.,packers_player_sentiment_summary.md:15,table,77.08,100.3,23.22,0.48011780662250214,0.3333333333333333,0.1477285558838468,0.1701856427438747,56.0,0.14182136895322892,0.8333333333333333,high,2026-08-24,1,2,False,markdown_market_v1
00-0039338,Brock Bowers,LV,TE,2026,1.0,1.214083367057871,0.62,elite positive,raiders_player_sentiment_summary_2026.md:8,bullet,17.94,43.5,25.56,0.6744907594765948,0.3333333333333333,1.0254146231483339,1.2228067314016866,92.0,0.9130290261132592,0.7466666666666666,high,2026-08-24,1,2,False,markdown_market_v1
00-0036358,CeeDee Lamb,DAL,WR,2026,0.55,0.0,0.62,Bullish,dallas_cowboys_fantasy_sentiment_summary.md:8,bullet,8.84,12.5,3.66,0.7729604914145424,0.3333333333333333,0.2702659060890008,0.04064261188063049,7.0,0.030346483537537428,0.7466666666666666,high,2026-08-24,1,2,False,markdown_market_v1
00-0033288,George Kittle,SF,TE,2026,0.3,-0.6744907594765952,0.62,"Rehab feedback is positive, but Week 1 availability was not confirmed",49ers_fantasy_sentiment_summary_2026-08-24.md:23,bullet,101.09,120.2,19.11,0.13871915866082665,0.3333333333333333,-0.39015162726071345,-0.4491176904710517,-22.0,-0.3353412088850519,0.7466666666666666,high,2026-08-24,1,2,False,markdown_market_v1
00-0040666,Omarion Hampton,LAC,RB,2026,1.0,1.214083367057871,0.75,Very Positive,Chargers_Player_Sentiment_Analysis.md:16,table,25.71,24.0,-1.7100000000000009,0.6440697527066854,0.3333333333333333,1.0386945626421218,1.3203132034926872,80.0,1.1002610029105726,0.8333333333333333,high,2026-08-24,1,2,False,markdown_market_v1
00-0039893,Brian Thomas Jr.,JAX,WR,2026,0.55,0.0,0.62,positive,jacksonville_jaguars_player_sentiment_summary.md:10,bullet,75.86,69.5,-6.359999999999999,0.23379835260676562,0.3333333333333333,0.08174767573663133,-0.38295840060227776,-35.0,-0.2859422724497007,0.7466666666666666,high,2026-08-24,1,2,False,markdown_market_v1
00-0036912,DeVonta Smith,PHI,WR,2026,1.0,1.214083367057871,0.75,Strongly positive,philadelphia-eagles-player-sentiment-2026-08-24.md:12,table,23.92,32.1,8.18,1.0161753484416034,0.3333333333333333,1.1531885920990195,1.366897675373152,84.0,1.1390813961442934,0.8333333333333333,high,2026-08-24,1,2,False,markdown_market_v1
00-0039165,Zach Charbonnet,SEA,RB,2026,0.55,0.0,0.75,"Positive ability, negative availability",Seattle_Seahawks_Coachspeak_Sentiment_Feb17-Aug23_2026.md:19,table,148.19,131.3,-16.889999999999986,-0.7990267559409128,0.3333333333333333,-0.2458543864433578,-0.43301225269961885,-18.0,-0.360843543916349,0.8333333333333333,high,2026-08-24,1,2,False,markdown_market_v1
00-0040128,Tyler Warren,IND,TE,2026,1.0,1.214083367057871,0.62,"Described as elite, dynamic and versatile, with explicit intent to create touches",colts_player_sentiment_summary.md:8,bullet,54.39,72.2,17.810000000000002,0.030734184852997636,0.3333333333333333,0.8003249117414817,0.9441696146752556,82.0,0.7049799789575242,0.7466666666666666,high,2026-08-24,1,2,False,markdown_market_v1
00-0037740,Garrett Wilson,NYJ,WR,2026,0.55,0.0,0.62,Strongest receiver endorsement,jets_fantasy_sentiment_summary.md:7,bullet,30.01,31.4,1.389999999999997,0.6508149769341377,0.3333333333333333,0.22755768424270545,0.01283486496618292,4.0,0.009583365841416579,0.7466666666666666,high,2026-08-24,1,2,False,markdown_market_v1
00-0036973,Travis Etienne,NO,RB,2026,1.0,1.214083367057871,0.75,Very bullish,saints_fantasy_sentiment_update_2026-08-24.md:14,table,49.37,39.4,-9.969999999999999,-0.14117248454161296,0.3333333333333333,0.7970815665657222,0.6320065601652423,46.0,0.5266721334710351,0.8333333333333333,high,2026-08-24,1,2,False,markdown_market_v1
00-0035640,DK Metcalf,PIT,WR,2026,0.8,0.6744907594765951,0.75,Strong positive,steelers-player-sentiment-2026.md:21,table,79.67,63.6,-16.07,-0.28868312122791634,0.3333333333333333,0.37812956541366854,0.08525808567262343,10.0,0.07104840472718618,0.8333333333333333,high,2026-08-24,1,2,False,markdown_market_v1
00-0030506,Travis Kelce,KC,TE,2026,,,0.0,,,,98.85,121.7,22.85000000000001,0.44938362176950536,0.3333333333333333,0.4493836217695053,0.5258615536910178,66.0,0.17528718456367257,0.33333333333333326,low,2026-08-24,0,1,False,markdown_market_v1
00-0034753,Mark Andrews,BAL,TE,2026,0.55,0.0,0.75,Bullish,ravens-player-sentiment-feb-17-2026.md:17,table,130.92,132.1,1.1800000000000068,-1.3506428262425407,0.3333333333333333,-0.41558240807462793,-0.5206725409761176,-25.0,-0.4338937841467646,0.8333333333333333,high,2026-08-24,1,2,False,markdown_market_v1
00-0039919,Rome Odunze,CHI,WR,2026,0.55,0.0,0.75,Positive,chicago_bears_player_sentiment_since_2026-02-17.md:17,table,57.27,47.8,-9.470000000000006,0.06645361690894233,0.3333333333333333,0.020447266741213024,-0.46807864509248903,-48.0,-0.3900655375770742,0.8333333333333333,high,2026-08-24,1,2,False,markdown_market_v1
00-0038134,Kenneth Walker III,KC,RB,2026,1.0,1.214083367057871,0.62,Clear lead-back and run-game commitment signal,chiefs_player_sentiment_summary_2026-08-24.md:14,bullet,28.07,21.5,-6.57,0.18205071238867931,0.3333333333333333,0.8532327885022096,0.7187566272201567,56.0,0.5366716149910502,0.7466666666666666,high,2026-08-24,1,2,False,markdown_market_v1
00-0036555,Chuba Hubbard,CAR,RB,2026,0.55,0.0,0.62,Positive,carolina_panthers_fantasy_sentiment_summary.md:10,bullet,97.7,79.9,-17.799999999999997,-0.8855364939428451,0.3333333333333333,-0.3096281447352605,-0.7432849338444046,-54.0,-0.5549860839371554,0.7466666666666666,high,2026-08-24,1,2,False,markdown_market_v1
00-0038559,Michael Wilson,ARI,WR,2026,1.0,1.214083367057871,0.75,Very positive / rising,arizona_cardinals_fantasy_sentiment_summary_2026-08-24.md:18,table,88.08,75.9,-12.179999999999993,-0.07936768011391875,0.3333333333333333,0.8160984294665512,1.0169593140171604,66.0,0.8474660950143003,0.8333333333333333,high,2026-08-24,2,2,False,markdown_market_v1
00-0033293,Aaron Jones,MIN,RB,2026,0.55,0.0,0.75,Positive / committee caution,minnesota_vikings_player_sentiment_2026.md:19,table,113.87,105.4,-8.469999999999999,0.0014259846923395793,0.3333333333333333,0.00043876452071987056,-0.2363667692408253,-6.0,-0.19697230770068774,0.8333333333333333,high,2026-08-24,1,2,False,markdown_market_v1
00-0036997,Javonte Williams,DAL,RB,2026,0.55,0.0,0.62,Bullish,dallas_cowboys_fantasy_sentiment_summary.md:9,bullet,44.95,33.4,-11.550000000000004,-0.2913762054680435,0.3333333333333333,-0.10187979212169353,-0.4181215635605444,-14.0,-0.31219743412520645,0.7466666666666666,high,2026-08-24,1,2,False,markdown_market_v1
00-0036139,Rico Dowdle,PIT,RB,2026,0.8,0.6744907594765951,0.75,Very strong positive,steelers-player-sentiment-2026.md:31,table,87.68,75.5,-12.180000000000007,-0.35126756254630376,0.3333333333333333,0.35887281423878015,0.127818894882218,4.0,0.10651574573518166,0.8333333333333333,high,2026-08-24,1,2,False,markdown_market_v1
00-0040663,Harold Fannin Jr.,CLE,TE,2026,1.0,1.214083367057871,0.75,Elite sentiment,cleveland_browns_fantasy_sentiment_2026.md:25,table,74.68,84.0,9.319999999999993,-0.6744907594765956,0.3333333333333333,0.6329836358164967,0.7425343132152978,71.0,0.6187785943460815,0.8333333333333333,high,2026-08-24,1,2,False,markdown_market_v1
00-0039915,Ladd McConkey,LAC,WR,2026,1.0,1.214083367057871,0.75,Very Positive,Chargers_Player_Sentiment_Analysis.md:14,table,36.1,40.9,4.799999999999997,0.8343022916381815,0.3333333333333333,1.0972276515441204,1.505794578541359,88.0,1.2548288154511322,0.8333333333333333,high,2026-08-24,1,2,False,markdown_market_v1
00-0036613,Jaylen Waddle,DEN,WR,2026,1.0,1.214083367057871,0.75,Elite positive,Fantasy_Research_Denver_Broncos_Sentiment_2026-08-24.md:19,table,36.15,48.1,11.950000000000003,1.2190337579531123,0.3333333333333333,1.215606564256407,1.770193796612679,93.0,1.4751614971772324,0.8333333333333333,high,2026-08-24,1,2,False,markdown_market_v1
00-0038117,Wan'Dale Robinson,TEN,WR,2026,0.3,-0.6744907594765952,0.75,Positive role signal,tennessee-titans-fantasy-sentiment-feb-aug-2026.md:25,table,85.91,93.2,7.290000000000006,0.9682856973898152,0.3333333333333333,-0.1690210804407767,-0.4140871835875043,-40.0,-0.3450726529895869,0.8333333333333333,high,2026-08-24,1,2,False,markdown_market_v1
00-0039849,Marvin Harrison Jr.,ARI,WR,2026,1.0,1.214083367057871,0.75,Very positive,arizona_cardinals_fantasy_sentiment_summary_2026-08-24.md:17,table,68.51,64.7,-3.8100000000000023,0.3710102741596428,0.3333333333333333,0.954676261550724,1.1004762430676407,70.0,0.9170635358897005,0.8333333333333333,high,2026-08-24,2,2,False,markdown_market_v1
00-0036919,Kenny Gainwell,TB,RB,2026,,,0.0,,,,100.79,100.1,-0.6900000000000119,0.7410367117857721,0.3333333333333333,0.7410367117857721,0.679341419791962,52.0,0.22644713993065396,0.33333333333333326,low,2026-08-24,0,1,False,markdown_market_v1
00-0039065,Sam LaPorta,DET,TE,2026,0.55,0.0,0.62,"Bullish talent, health risk",detroit_lions_fantasy_sentiment_summary.md:9,bullet,83.02,104.3,21.28,0.31897099955543406,0.3333333333333333,0.11152832152287905,0.1207180301995816,40.0,0.09013612921568759,0.7466666666666666,high,2026-08-24,1,2,False,markdown_market_v1
00-0040734,TreVeyon Henderson,NE,RB,2026,0.3,-0.6744907594765952,0.75,Mixed-positive,Fantasy_Research_Patriots_Sentiment_Summary.md:29,table,67.53,61.1,-6.43,0.19535990285051494,0.3333333333333333,-0.4068444018374845,-0.7619615204112986,-56.0,-0.6349679336760821,0.8333333333333333,high,2026-08-24,2,2,False,markdown_market_v1
00-0034351,Dallas Goedert,PHI,TE,2026,0.3,-0.6744907594765952,0.75,"Positive talent, limited current signal",philadelphia-eagles-player-sentiment-2026-08-24.md:36,table,120.7,104.0,-16.700000000000003,-2.835851542922531,0.3333333333333333,-1.3395248466907295,-1.6259944925937462,-79.0,-1.3549954104947883,0.8333333333333333,high,2026-08-24,1,2,False,markdown_market_v1
00-0038544,Quentin Johnston,LAC,WR,2026,1.0,1.214083367057871,0.75,Very Positive,Chargers_Player_Sentiment_Analysis.md:13,table,99.56,86.6,-12.960000000000008,-0.12133838553009381,0.3333333333333333,0.8031843662615743,0.8906828620497945,59.0,0.7422357183748287,0.8333333333333333,high,2026-08-24,1,2,False,markdown_market_v1
00-0037664,Alec Pierce,IND,WR,2026,0.55,0.0,0.62,"Staff expects a broader route tree and larger role, but his ankle-surgery recovery creates material early-season availability risk",colts_player_sentiment_summary.md:13,bullet,98.93,57.0,-41.93000000000001,-1.680173431564155,0.3333333333333333,-0.5874732278196345,-0.4709732122514713,-49.0,-0.3516599984810985,0.7466666666666666,high,2026-08-24,1,2,False,markdown_market_v1
00-0040583,Woody Marks,HOU,RB,2026,1.0,1.214083367057871,0.75,Elite positive,texans_fantasy_sentiment_summary_2026-08-24.md:17,table,139.76,139.2,-0.5600000000000023,0.753395245786049,0.3333333333333333,1.0723331758973105,1.4702038712320198,86.0,1.2251698926933496,0.8333333333333333,high,2026-08-24,1,2,False,markdown_market_v1
00-0036410,Tee Higgins,CIN,WR,2026,1.0,1.214083367057871,0.75,"Very bullish: lauded for athleticism, hands, football IQ, and difficulty to defend.",bengals_player_sentiment_since_2026-02-17.md:11,table,36.36,36.6,0.240000000000002,0.5889350907436247,0.3333333333333333,1.0217300512688723,1.3555110933448935,83.0,1.1295925777874112,0.8333333333333333,high,2026-08-24,1,2,False,markdown_market_v1
00-0035685,David Montgomery,HOU,RB,2026,1.0,1.214083367057871,0.75,Elite positive,texans_fantasy_sentiment_summary_2026-08-24.md:18,table,61.16,55.0,-6.159999999999997,0.2210276273126267,0.3333333333333333,0.9085277548285652,0.8065570642483926,58.0,0.6721308868736604,0.8333333333333333,high,2026-08-24,1,2,False,markdown_market_v1
00-0036252,Michael Pittman,PIT,WR,2026,0.55,0.0,0.75,Positive,steelers-player-sentiment-2026.md:22,table,81.58,81.0,-0.5799999999999983,0.5448120414599543,0.3333333333333333,0.16763447429537057,0.011917709436744169,2.0,0.00993142453062014,0.8333333333333333,high,2026-08-24,1,2,False,markdown_market_v1
00-0033906,Alvin Kamara,NO,RB,2026,0.0,-1.4838796708485094,0.75,Mixed,saints_fantasy_sentiment_update_2026-08-24.md:15,table,155.24,147.2,-8.04000000000002,0.04230421253940392,0.3333333333333333,-1.0142846298060746,-1.6424695187615144,-78.0,-1.3687245989679284,0.8333333333333333,high,2026-08-24,1,2,False,markdown_market_v1
00-0033090,Hunter Henry,NE,TE,2026,1.0,1.214083367057871,0.75,Very positive,Fantasy_Research_Patriots_Sentiment_Summary.md:27,table,164.71,159.3,-5.409999999999997,-1.8980435780837677,0.3333333333333333,0.2565058454758284,0.29313449717624884,61.0,0.24427874764687402,0.8333333333333333,high,2026-08-24,1,2,False,markdown_market_v1
00-0040730,RJ Harvey,DEN,RB,2026,0.55,0.0,0.75,Positive; PPR boost,Fantasy_Research_Denver_Broncos_Sentiment_2026-08-24.md:14,table,93.64,96.0,2.3599999999999994,1.0309869325614767,0.3333333333333333,0.31722674848045435,0.33982539816119806,18.0,0.2831878318009984,0.8333333333333333,high,2026-08-24,1,2,False,markdown_market_v1
00-0039384,Tyrone Tracy Jr.,NYG,RB,2026,0.55,0.0,0.75,Quietly bullish,Giants_player_sentiment_update_2026-08-24.md:21,table,141.64,158.5,16.860000000000014,2.4094388018230193,0.3333333333333333,0.7413657851763136,0.9851825909352661,64.0,0.820985492446055,0.8333333333333333,high,2026-08-24,1,2,False,markdown_market_v1
00-0034960,Jakobi Meyers,JAX,WR,2026,0.55,0.0,0.62,positive,jacksonville_jaguars_player_sentiment_summary.md:24,bullet,101.99,85.5,-16.489999999999995,-0.31128273183662525,0.3333333333333333,-0.10884011602679203,-0.39484921814425006,-37.0,-0.2948207495477067,0.7466666666666666,high,2026-08-24,1,2,False,markdown_market_v1
00-0036158,J.K. Dobbins,DEN,RB,2026,0.55,0.0,0.75,"Positive, risky",Fantasy_Research_Denver_Broncos_Sentiment_2026-08-24.md:13,table,102.35,80.6,-21.75,-1.2610457962589203,0.3333333333333333,-0.38801409115659086,-0.7961806778612719,-58.0,-0.6634838982177265,0.8333333333333333,high,2026-08-24,1,2,False,markdown_market_v1
00-0040867,Makai Lemon,PHI,WR,2026,0.3,-0.6744907594765952,0.75,"Positive, injury-limited",philadelphia-eagles-player-sentiment-2026-08-24.md:21,table,106.63,110.9,4.27000000000001,0.8057837353938587,0.3333333333333333,-0.21902168413184026,-0.6301820582519486,-65.0,-0.5251517152099572,0.8333333333333333,high,2026-08-24,1,2,False,markdown_market_v1
00-0040126,Colston Loveland,CHI,TE,2026,1.0,1.214083367057871,0.75,Very positive,chicago_bears_player_sentiment_since_2026-02-17.md:16,table,38.13,61.7,23.57,0.5091906841861485,0.3333333333333333,0.9971933107896487,1.1794841421489937,90.0,0.9829034517908279,0.8333333333333333,high,2026-08-24,1,2,False,markdown_market_v1
00-0040736,Mason Taylor,NYJ,TE,2026,0.55,0.0,0.62,Repeated breakout projections and praise for versatility and work ethic,jets_fantasy_sentiment_summary.md:9,bullet,271.47,,,,0.0,0.0,-0.002555532234550601,-4.0,-0.0015844299854213726,0.62,medium,2026-08-24,1,1,False,markdown_market_v1
00-0040242,Jacory Croskey-Merritt,WAS,RB,2026,,,0.0,,,,117.51,105.0,-12.510000000000005,-0.38263922577777315,0.3333333333333333,-0.3826392257777731,-0.8116191373660514,-60.0,-0.2705397124553504,0.33333333333333326,low,2026-08-24,0,1,False,markdown_market_v1
00-0031408,Mike Evans,SF,WR,2026,0.8,0.6744907594765951,0.62,Viewed as an elite matchup and red-zone weapon who fits the offense,49ers_fantasy_sentiment_summary_2026-08-24.md:17,bullet,54.32,54.6,0.28000000000000114,0.5910874346111208,0.3333333333333333,0.6453287577753802,0.6782757555142548,37.0,0.5064458974506435,0.7466666666666666,high,2026-08-24,1,2,False,markdown_market_v1
00-0041029,Jordyn Tyson,NO,WR,2026,0.55,0.0,0.75,Bullish with rookie caution,saints_fantasy_sentiment_update_2026-08-24.md:22,table,124.54,138.2,13.659999999999982,1.3110464582885701,0.3333333333333333,0.40339891024263697,0.169449016499419,12.0,0.14120751374951582,0.8333333333333333,high,2026-08-24,1,2,False,markdown_market_v1
00-0035659,Terry McLaurin,WAS,WR,2026,1.0,1.214083367057871,0.75,Very bullish,Washington_Commanders_Player_Sentiment_2026-02-17_to_2026-08-24.md:38,table,45.91,44.7,-1.2099999999999937,0.5109126255468908,0.3333333333333333,0.9977231389006465,1.1602066063545131,73.0,0.9668388386287609,0.8333333333333333,high,2026-08-24,1,2,False,markdown_market_v1
00-0031588,Stefon Diggs,WAS,WR,2026,,,0.0,,,,,,,,0.0,,,,,0.0,none,2026-08-24,0,0,False,markdown_market_v1
00-0040236,Kyle Monangai,CHI,RB,2026,0.3,-0.6744907594765952,0.75,Mixed/positive,chicago_bears_player_sentiment_since_2026-02-17.md:22,table,112.14,96.2,-15.939999999999998,-0.7087143920927439,0.3333333333333333,-0.6850211079738718,-1.13294491692221,-70.0,-0.9441207641018416,0.8333333333333333,high,2026-08-24,1,2,False,markdown_market_v1
00-0038124,Christian Watson,GB,WR,2026,0.55,0.0,0.75,"Bullish: viewed as a dynamic, game-changing player and culture piece.",packers_player_sentiment_summary.md:17,table,57.64,56.3,-1.3400000000000034,0.5039175079775279,0.3333333333333333,0.15505154091616244,-0.11750638141050423,-10.0,-0.09792198450875352,0.8333333333333333,high,2026-08-24,1,2,False,markdown_market_v1
00-0039344,Jonathon Brooks,CAR,RB,2026,1.0,1.214083367057871,0.62,Very positive but workload-managed,carolina_panthers_fantasy_sentiment_summary.md:9,bullet,96.61,97.1,0.4899999999999949,0.8532141742498155,0.3333333333333333,1.087905327614495,2.0226289768672916,96.0,1.5102296360609109,0.7466666666666666,high,2026-08-24,1,2,False,markdown_market_v1
00-0037816,Romeo Doubs,NE,WR,2026,1.0,1.214083367057871,0.75,Very positive,Fantasy_Research_Patriots_Sentiment_Summary.md:25,table,131.65,108.0,-23.650000000000006,-0.6965522841184304,0.3333333333333333,0.62619547438824,0.7769104317371941,49.0,0.647425359780995,0.8333333333333333,high,2026-08-24,1,2,False,markdown_market_v1
00-0039847,Theo Johnson,NYG,TE,2026,0.55,0.0,0.75,Bullish; minor injury watch,Giants_player_sentiment_update_2026-08-24.md:23,table,278.79,,,,0.0,0.0,0.005273638526685078,6.0,0.003955228895013809,0.75,medium,2026-08-24,1,1,False,markdown_market_v1
00-0034383,Dalton Schultz,HOU,TE,2026,0.55,0.0,0.75,Positive,texans_fantasy_sentiment_summary_2026-08-24.md:30,table,172.8,177.8,5.0,-1.0333331339764584,0.3333333333333333,-0.31794865660814103,-0.3993386320144535,-19.0,-0.3327821933453779,0.8333333333333333,high,2026-08-24,1,2,False,markdown_market_v1
00-0035719,Deebo Samuel Sr.,SF,WR,2026,0.8,0.6744907594765951,0.62,"Staff says he looks like his former self and plans to deploy him at WR, RB, and returns",49ers_fantasy_sentiment_summary_2026-08-24.md:18,bullet,,,,,0.0,0.6744907594765951,1.0442027030770904,68.0,0.6474056759077961,0.62,medium,2026-08-24,1,1,False,markdown_market_v1
00-0038041,Jake Ferguson,DAL,TE,2026,0.55,0.0,0.62,Bullish,dallas_cowboys_fantasy_sentiment_summary.md:13,bullet,114.25,145.3,31.05000000000001,1.1305196104035053,0.3333333333333333,0.3952865770641627,0.45665154329755875,64.0,0.3409664856621772,0.7466666666666666,high,2026-08-24,1,2,False,markdown_market_v1
00-0037256,Rachaad White,WAS,RB,2026,0.55,0.0,0.75,"Positive, PPR-oriented",Washington_Commanders_Player_Sentiment_2026-02-17_to_2026-08-24.md:24,table,108.02,121.8,13.780000000000001,2.1166366116626354,0.3333333333333333,0.6512728035885033,0.5782018105977509,38.0,0.4818348421647924,0.8333333333333333,high,2026-08-24,1,2,False,markdown_market_v1
00-0040719,Bhayshul Tuten,JAX,RB,2026,1.0,1.214083367057871,0.62,very positive,jacksonville_jaguars_player_sentiment_summary.md:7,bullet,68.7,53.3,-15.400000000000006,-0.6573789431685217,0.3333333333333333,0.5597259159297616,0.6199987600524418,44.0,0.46293240750582315,0.7466666666666666,high,2026-08-24,1,2,False,markdown_market_v1
00-0038606,Parker Washington,JAX,WR,2026,1.0,1.214083367057871,0.62,very positive,jacksonville_jaguars_player_sentiment_summary.md:8,bullet,66.51,65.3,-1.210000000000008,0.51091262554689,0.3333333333333333,0.9682194714246608,2.023971040772209,96.0,1.5112317104432493,0.7466666666666666,high,2026-08-24,1,2,False,markdown_market_v1
00-0037809,Chig Okonkwo,WAS,TE,2026,0.55,0.0,0.75,Bullish,Washington_Commanders_Player_Sentiment_2026-02-17_to_2026-08-24.md:54,table,157.8,,,,0.0,0.0,0.0,1.0,0.0,0.75,medium,2026-08-24,1,1,False,markdown_market_v1
00-0039811,MarShawn Lloyd,GB,RB,2026,,,0.0,,,,197.06,160.1,-36.96000000000001,-2.7069942742912,0.3333333333333333,-2.7069942742912,-3.0,-97.0,-0.9999999999999998,0.33333333333333326,low,2026-08-24,0,1,False,markdown_market_v1
00-0038129,Cade Otton,TB,TE,2026,0.3,-0.6744907594765952,0.75,Mild positive,tampa_bay_buccaneers_fantasy_sentiment_2026.md:28,table,242.1,,,,0.0,-0.6744907594765953,-0.8290441500178559,-71.0,-0.6217831125133919,0.75,medium,2026-08-24,1,1,False,markdown_market_v1
00-0041511,Omar Cooper Jr.,NYJ,WR,2026,,,0.0,,,,181.77,,,,0.0,,,,,0.0,none,2026-08-24,0,0,False,markdown_market_v1
00-0039738,Blake Corum,LA,RB,2026,0.8,0.6744907594765951,0.75,Strongly rising,los-angeles-rams-player-sentiment-feb-17-2026.md:13,table,110.43,120.8,10.36999999999999,1.7924627582707824,0.3333333333333333,1.0184821437209606,1.4332349841136423,84.0,1.1943624867613685,0.8333333333333333,high,2026-08-24,1,2,False,markdown_market_v1
00-0039868,Troy Franklin,DEN,WR,2026,0.55,0.0,0.75,Moderate positive,Fantasy_Research_Denver_Broncos_Sentiment_2026-08-24.md:23,table,207.91,176.2,-31.710000000000008,-1.1302495734188978,0.3333333333333333,-0.347769099513507,-0.17972628122838882,-15.0,-0.14977190102365734,0.8333333333333333,high,2026-08-24,1,2,False,markdown_market_v1
00-0039916,Ricky Pearsall,SF,WR,2026,,,0.0,,,,,,,,0.0,,,,,0.0,none,2026-08-24,0,0,False,markdown_market_v1
00-0038563,Tre Tucker,LV,WR,2026,1.0,1.214083367057871,0.62,very positive,raiders_player_sentiment_summary_2026.md:9,bullet,173.31,132.4,-40.91,-1.6252886629430034,0.3333333333333333,0.22129594398064223,-0.18480631169216072,-17.0,-0.13798871273014665,0.7466666666666666,high,2026-08-24,1,2,False,markdown_market_v1
00-0036894,Pat Freiermuth,PIT,TE,2026,0.8,0.6744907594765951,0.75,Strong positive,steelers-player-sentiment-2026.md:27,table,238.08,,,,0.0,0.6744907594765951,0.7941126158230287,77.0,0.5955844618672715,0.75,medium,2026-08-24,1,1,False,markdown_market_v1
00-0038994,Jordan Addison,MIN,WR,2026,1.0,1.214083367057871,0.75,Very positive,minnesota_vikings_player_sentiment_2026.md:23,table,106.59,88.1,-18.49000000000001,-0.41889992521143177,0.3333333333333333,0.7116269694365471,0.8489058397215441,55.0,0.7074215331012866,0.8333333333333333,high,2026-08-24,2,2,False,markdown_market_v1
00-0041035,De'Zhaun Stribling,SF,WR,2026,0.8,0.6744907594765951,0.62,"Repeated praise for maturity, physicality, speed, intelligence, hands, versatility, and coachability",49ers_fantasy_sentiment_summary_2026-08-24.md:15,bullet,149.34,133.5,-15.840000000000003,-0.2763071439898139,0.3333333333333333,0.34204394008274575,0.2569936931893862,15.0,0.191888624248075,0.7466666666666666,high,2026-08-24,1,2,False,markdown_market_v1
00-0036040,Juwan Johnson,NO,TE,2026,0.55,0.0,0.75,Positive,saints_fantasy_sentiment_update_2026-08-24.md:24,table,136.23,161.3,25.07000000000002,0.6337887308874918,0.3333333333333333,0.19501191719615132,0.21775120902399087,58.0,0.1814593408533257,0.8333333333333333,high,2026-08-24,1,2,False,markdown_market_v1
00-0038935,Brenton Strange,JAX,TE,2026,0.55,0.0,0.62,positive,jacksonville_jaguars_player_sentiment_summary.md:21,bullet,158.43,165.8,7.3700000000000045,-0.8364682201883386,0.3333333333333333,-0.2924714056602582,-0.36365372660705614,-17.0,-0.2715281158666019,0.7466666666666666,high,2026-08-24,1,2,False,markdown_market_v1
00-0040189,Oronde Gadsden II,LAC,TE,2026,0.55,0.0,0.75,Positive,Chargers_Player_Sentiment_Analysis.md:24,table,189.9,,,,0.0,0.0,-0.016384603242072332,-14.0,-0.012288452431554249,0.75,medium,2026-08-24,1,1,False,markdown_market_v1
00-0039901,Keon Coleman,BUF,WR,2026,0.55,0.0,0.62,improving,bills_player_sentiment_since_2026-02-17.md:11,bullet,245.99,,,,0.0,0.0,-0.268382833404073,-23.0,-0.16639735671052525,0.62,medium,2026-08-24,1,1,False,markdown_market_v1
00-0039894,Xavier Worthy,KC,WR,2026,0.55,0.0,0.62,Growth and versatility praised,chiefs_player_sentiment_summary_2026-08-24.md:26,bullet,128.09,100.1,-27.99000000000001,-0.9300815937417591,0.3333333333333333,-0.3252033544551605,-0.9681112860002714,-74.0,-0.7228564268802026,0.7466666666666666,high,2026-08-24,1,2,False,markdown_market_v1
00-0038997,Josh Downs,IND,WR,2026,1.0,1.214083367057871,0.62,The most compelling receiving-role riser,colts_player_sentiment_summary.md:9,bullet,85.85,87.7,1.8500000000000085,0.6755669314103436,0.3333333333333333,1.025790907041253,1.4702803080641262,87.0,1.0978092966878807,0.7466666666666666,high,2026-08-24,1,2,False,markdown_market_v1
00-0037197,Isiah Pacheco,DET,RB,2026,0.55,0.0,0.62,Bullish complementary role,detroit_lions_fantasy_sentiment_summary.md:12,bullet,160.74,156.6,-4.140000000000015,0.41306023254768104,0.3333333333333333,0.14442665473695138,-0.1815942033497956,-2.0,-0.13559033850118068,0.7466666666666666,high,2026-08-24,1,2,False,markdown_market_v1
00-0040735,Luther Burden III,CHI,WR,2026,1.0,1.214083367057871,0.75,Very positive,chicago_bears_player_sentiment_since_2026-02-17.md:15,table,47.46,61.6,14.14,1.3368745846985246,0.3333333333333333,1.2518652801780723,1.7176229434280756,90.0,1.4313524528567296,0.8333333333333333,high,2026-08-24,1,2,False,markdown_market_v1
00-0038611,Chris Rodriguez Jr.,JAX,RB,2026,0.55,0.0,0.62,"positive, committee-bound",jacksonville_jaguars_player_sentiment_summary.md:15,bullet,139.48,156.7,17.22,2.443662434439166,0.3333333333333333,0.854427424629079,0.8856194674129859,60.0,0.6612625356683628,0.7466666666666666,high,2026-08-24,1,2,False,markdown_market_v1
00-0037525,Jordan Mason,MIN,RB,2026,0.55,0.0,0.75,Positive / committee caution,minnesota_vikings_player_sentiment_2026.md:20,table,118.74,115.5,-3.239999999999995,0.49861931408805443,0.3333333333333333,0.15342132741170908,0.14990488980345298,6.0,0.12492074150287748,0.8333333333333333,high,2026-08-24,1,2,False,markdown_market_v1
00-0035229,T.J. Hockenson,MIN,TE,2026,,,0.0,,,,192.08,179.3,-12.780000000000001,-2.5102353142096923,0.3333333333333333,-2.5102353142096923,-3.0,-96.0,-0.9999999999999998,0.33333333333333326,low,2026-08-24,0,1,False,markdown_market_v1
00-0039855,Jalen McMillan,TB,WR,2026,0.55,0.0,0.75,Talent positive; health negative,tampa_bay_buccaneers_fantasy_sentiment_2026.md:20,table,171.44,136.0,-35.44,-1.3309556390629098,0.3333333333333333,-0.40952481201935687,-0.9394012374337589,-72.0,-0.7828343645281324,0.8333333333333333,high,2026-08-24,1,2,False,markdown_market_v1
00-0038933,Dalton Kincaid,BUF,TE,2026,0.55,0.0,0.62,"positive, with medical risk",bills_player_sentiment_since_2026-02-17.md:10,bullet,113.72,153.8,40.08000000000001,1.8805998515455808,0.3333333333333333,0.6575523956453079,0.7765125752627597,74.0,0.5797960561961939,0.7466666666666666,high,2026-08-24,1,2,False,markdown_market_v1
00-0039032,Tyjae Spears,TEN,RB,2026,1.0,1.214083367057871,0.75,Very positive,tennessee-titans-fantasy-sentiment-feb-aug-2026.md:13,table,141.47,140.1,-1.3700000000000045,0.6763920723997143,0.3333333333333333,1.0486398917784383,1.4763155625127207,88.0,1.2302629687606004,0.8333333333333333,high,2026-08-24,1,2,False,markdown_market_v1
00-0036407,Jerry Jeudy,CLE,WR,2026,1.0,1.214083367057871,0.75,Strongly positive,cleveland_browns_fantasy_sentiment_2026.md:21,table,166.52,125.4,-41.120000000000005,-1.6365884682473586,0.3333333333333333,0.3369535715793389,0.1256135446826764,11.0,0.10467795390223034,0.8333333333333333,high,2026-08-24,1,2,False,markdown_market_v1
00-0039890,Adonai Mitchell,NYJ,WR,2026,0.55,0.0,0.62,"Positive momentum on talent, mentality, development, and chemistry with Geno Smith",jets_fantasy_sentiment_summary.md:8,bullet,170.64,158.7,-11.939999999999998,-0.06645361690894233,0.3333333333333333,-0.023235530387742072,-0.5050641992877702,-52.0,-0.3771146021348684,0.7466666666666666,high,2026-08-24,1,2,False,markdown_market_v1
00-0041489,Germie Bernard,PIT,WR,2026,0.8,0.6744907594765951,0.75,Strong positive,steelers-player-sentiment-2026.md:24,table,234.04,186.8,-47.23999999999998,-1.965897079974263,0.3333333333333333,-0.13793626804674577,0.1977042354101542,13.0,0.1647535295084618,0.8333333333333333,high,2026-08-24,1,2,False,markdown_market_v1
00-0041523,Caleb Douglas,MIA,WR,2026,0.8,0.6744907594765951,0.62,"Rookie starter-caliber signals: versatility, physical gifts, difficult catches, blocking, and consistency",miami_dolphins_player_sentiment_feb17_2026.md:11,bullet,225.68,185.3,-40.379999999999995,-1.59677010669868,0.3333333333333333,-0.11965639652874577,-0.5737545482693922,-62.0,-0.42840339604114613,0.7466666666666666,high,2026-08-24,1,2,False,markdown_market_v1
00-0037261,Khalil Shakir,BUF,WR,2026,0.55,0.0,0.62,positive,bills_player_sentiment_since_2026-02-17.md:9,bullet,120.35,106.7,-13.649999999999991,-0.1584663172444009,0.3333333333333333,-0.055407803232308005,-0.273071889115294,-26.0,-0.20389367720608617,0.7466666666666666,high,2026-08-24,1,2,False,markdown_market_v1
00-0040130,Jayden Higgins,HOU,WR,2026,1.0,1.214083367057871,0.75,Extremely positive pre-injury; unavailable,texans_fantasy_sentiment_summary_2026-08-24.md:23,table,,127.1,,,0.0,1.214083367057871,1.6516285256150713,89.0,1.2387213942113036,0.75,medium,2026-08-24,1,1,False,markdown_market_v1
00-0041547,KC Concepcion,CLE,WR,2026,1.0,1.214083367057871,0.75,Extremely positive,cleveland_browns_fantasy_sentiment_2026.md:23,table,122.14,117.4,-4.739999999999995,0.32096827924035853,0.3333333333333333,0.9392787246524826,1.2832570323127,80.0,1.0693808602605832,0.8333333333333333,high,2026-08-24,1,2,False,markdown_market_v1
00-0037545,Rashid Shaheed,SEA,WR,2026,1.0,1.214083367057871,0.75,Very positive,Seattle_Seahawks_Coachspeak_Sentiment_Feb17-Aug23_2026.md:15,table,150.4,119.4,-31.0,-1.0920454697708413,0.3333333333333333,0.5045052634182674,0.5022051480437859,22.0,0.4185042900364882,0.8333333333333333,high,2026-08-24,1,2,False,markdown_market_v1
00-0039793,AJ Barner,SEA,TE,2026,0.0,-1.4838796708485094,0.75,Mixed / injury-limited,Seattle_Seahawks_Coachspeak_Sentiment_Feb17-Aug23_2026.md:28,table,207.34,,,,0.0,-1.4838796708485094,-1.803635763128134,-92.0,-1.3527268223461004,0.75,medium,2026-08-24,1,1,False,markdown_market_v1
00-0040718,Travis Hunter,JAX,WR,2026,0.3,-0.6744907594765952,0.62,positive but volatile,jacksonville_jaguars_player_sentiment_summary.md:14,bullet,178.0,163.7,-14.300000000000011,-0.19344190509121384,0.3333333333333333,-0.5062918593418464,-0.9627789758732089,-73.0,-0.718874968651996,0.7466666666666666,high,2026-08-24,1,2,False,markdown_market_v1
00-0033553,James Conner,ARI,RB,2026,0.55,0.0,0.75,Positive but managed,arizona_cardinals_fantasy_sentiment_summary_2026-08-24.md:23,table,200.19,,,,0.0,0.0,0.4065747516365,24.0,0.304931063727375,0.75,medium,2026-08-24,1,1,False,markdown_market_v1
00-0036259,Jauan Jennings,MIN,WR,2026,0.55,0.0,0.75,Positive depth-role,minnesota_vikings_player_sentiment_2026.md:24,table,162.12,138.9,-23.22,-0.6734145875428468,0.3333333333333333,-0.2072044884747221,-0.3781922068765935,-34.0,-0.3151601723971612,0.8333333333333333,high,2026-08-24,1,2,False,markdown_market_v1
00-0040667,Matthew Golden,GB,WR,2026,1.0,1.214083367057871,0.75,"Very bullish: coaches praise his ceiling, route detail, confidence, hands, competitiveness, and connection with Jordan Love.",packers_player_sentiment_summary.md:14,table,129.41,102.2,-27.209999999999994,-0.888110888325584,0.3333333333333333,0.5672543654014234,0.6215536495546334,28.0,0.5179613746288612,0.8333333333333333,high,2026-08-24,1,2,False,markdown_market_v1
00-0041562,Fernando Mendoza,LV,QB,2026,1.0,0.7588021044111695,0.62,very positive development,raiders_player_sentiment_summary_2026.md:14,bullet,258.5,,,,0.0,0.7588021044111695,1.466643311966657,94.0,0.9093188534193274,0.62,medium,2026-08-24,1,1,False,markdown_market_v1
00-0039794,Braelon Allen,NYJ,RB,2026,0.55,0.0,0.62,Substantial praise for physical tools and receiving ability,jets_fantasy_sentiment_summary.md:11,bullet,174.96,171.3,-3.6599999999999966,0.4586917427025476,0.3333333333333333,0.16038172821767396,0.2004937006894012,8.0,0.14970196318141954,0.7466666666666666,high,2026-08-24,1,2,False,markdown_market_v1
00-0034827,DJ Moore,BUF,WR,2026,1.0,1.214083367057871,0.62,strongly positive,bills_player_sentiment_since_2026-02-17.md:8,bullet,52.75,48.8,-3.950000000000003,0.36347707062340634,0.3333333333333333,0.9166685780947715,1.2297189306766256,77.0,0.9181901349052137,0.7466666666666666,high,2026-08-24,1,2,False,markdown_market_v1
00-0033526,Samaje Perine,CIN,RB,2026,,,0.0,,,,268.6,,,,0.0,,,,,0.0,none,2026-08-24,0,0,False,markdown_market_v1
00-0040162,Dylan Sampson,CLE,RB,2026,0.55,0.0,0.75,Positive situational upside,cleveland_browns_fantasy_sentiment_2026.md:20,table,148.04,174.6,26.560000000000002,3.0,0.3333333333333333,0.9230769230769231,1.324336658730077,82.0,1.103613882275064,0.8333333333333333,high,2026-08-24,1,2,False,markdown_market_v1
00-0039391,Kimani Vidal,LAC,RB,2026,0.55,0.0,0.75,Positive,Chargers_Player_Sentiment_Analysis.md:18,table,201.71,,,,0.0,0.0,0.2660913395687823,14.0,0.1995685046765867,0.75,medium,2026-08-24,1,1,False,markdown_market_v1
00-0037252,Greg Dulcich,MIA,TE,2026,0.55,0.0,0.62,"Positive camp and leap-candidate language, with a pass-game rapport signal",miami_dolphins_player_sentiment_feb17_2026.md:13,bullet,202.86,,,,0.0,0.0,-0.013519995659525061,-12.0,-0.008382397308905538,0.62,medium,2026-08-24,1,1,False,markdown_market_v1
00-0040586,Jaydon Blue,DAL,RB,2026,0.3,-0.6744907594765952,0.62,Bullish but volatile,dallas_cowboys_fantasy_sentiment_summary.md:11,bullet,219.63,167.0,-52.629999999999995,-3.0,0.3333333333333333,-1.4876058785407227,-2.2754462681295298,-94.0,-1.698999880203382,0.7466666666666666,high,2026-08-24,1,2,False,markdown_market_v1
00-0040170,Elic Ayomanor,TEN,WR,2026,0.3,-0.6744907594765952,0.75,Positive,tennessee-titans-fantasy-sentiment-feb-aug-2026.md:23,table,248.09,,,,0.0,-0.6744907594765953,-0.5673350776204954,-60.0,-0.4255013082153716,0.75,medium,2026-08-24,1,1,False,markdown_market_v1
00-0034975,Justice Hill,BAL,RB,2026,,,0.0,,,,237.8,174.2,-63.60000000000002,-3.0,0.3333333333333333,-3.0,-3.0,-97.0,-0.9999999999999998,0.33333333333333326,low,2026-08-24,0,1,False,markdown_market_v1
00-0037263,Tyler Allgeier,ARI,RB,2026,0.55,0.0,0.75,Positive committee role,arizona_cardinals_fantasy_sentiment_summary_2026-08-24.md:24,table,139.94,154.6,14.659999999999997,2.200294380279887,0.3333333333333333,0.6770136554707344,0.7085344657764225,54.0,0.5904453881470187,0.8333333333333333,high,2026-08-24,1,2,False,markdown_market_v1
00-0039342,Xavier Legette,CAR,WR,2026,1.0,1.214083367057871,0.62,Very positive,carolina_panthers_fantasy_sentiment_summary.md:11,bullet,263.46,,,,0.0,1.214083367057871,1.760045177897862,91.0,1.0912280102966745,0.62,medium,2026-08-24,1,1,False,markdown_market_v1
00-0037746,Brian Robinson,ATL,RB,2026,0.55,0.0,0.75,Bullish role sentiment [cite:1],falcons_player_sentiment_2026.md:27,table,175.61,159.6,-16.01000000000002,-0.7153689873236637,0.3333333333333333,-0.22011353456112728,-0.7062377098058774,-50.0,-0.5885314248382312,0.8333333333333333,high,2026-08-24,1,2,False,markdown_market_v1
00-0038608,Kayshon Boutte,NE,WR,2026,0.55,0.0,0.75,Positive,Fantasy_Research_Patriots_Sentiment_Summary.md:26,table,199.32,161.0,-38.31999999999999,-1.48592439752263,0.3333333333333333,-0.45720750693004,-0.29022658068540647,-28.0,-0.24185548390450537,0.8333333333333333,high,2026-08-24,1,2,False,markdown_market_v1
00-0039875,Ray Davis,BUF,RB,2026,,,0.0,,,,195.06,,,,0.0,,,,,0.0,none,2026-08-24,0,0,False,markdown_market_v1
00-0040311,Theo Wease Jr.,MIA,WR,2026,,,0.0,,,,338.0,,,,0.0,,,,,0.0,none,2026-08-24,0,0,False,markdown_market_v1
00-0038621,DeMario Douglas,NE,WR,2026,,,0.0,,,,295.65,,,,0.0,,,,,0.0,none,2026-08-24,0,0,False,markdown_market_v1
00-0039491,Jalen Coker,CAR,WR,2026,0.55,0.0,0.62,Positive,carolina_panthers_fantasy_sentiment_summary.md:12,bullet,123.74,117.5,-6.239999999999995,0.2402553842092542,0.3333333333333333,0.08400537909414482,-0.04881529762409736,-4.0,-0.03644875555932602,0.7466666666666666,high,2026-08-24,1,2,False,markdown_market_v1
00-0039874,Jaylen Wright,MIA,RB,2026,0.8,0.6744907594765951,0.62,"Coaches praise speed, power, finishing, scheme fit, and practice habits",miami_dolphins_player_sentiment_feb17_2026.md:12,bullet,231.39,,,,0.0,0.6744907594765951,0.9925617517756032,68.0,0.615388286100874,0.62,medium,2026-08-24,1,1,False,markdown_market_v1
00-0041032,Kenyon Sadiq,NYJ,TE,2026,,,0.0,,,,222.64,,,,0.0,,,,,0.0,none,2026-08-24,0,0,False,markdown_market_v1
00-0041040,Antonio Williams,WAS,WR,2026,0.55,0.0,0.75,Bullish rookie,Washington_Commanders_Player_Sentiment_2026-02-17_to_2026-08-24.md:39,table,228.04,177.7,-50.34,-2.1327037297052134,0.3333333333333333,-0.6562165322169887,-0.7926244557947875,-68.0,-0.6605203798289895,0.8333333333333333,high,2026-08-24,1,2,False,markdown_market_v1
00-0035537,Ty Johnson,BUF,RB,2026,,,0.0,,,,259.82,,,,0.0,,,,,0.0,none,2026-08-24,0,0,False,markdown_market_v1
00-0039146,Jayden Reed,GB,WR,2026,0.55,0.0,0.75,Bullish: regarded as an important player and leader in the offense.,packers_player_sentiment_summary.md:18,table,106.04,91.2,-14.840000000000003,-0.22249854730241098,0.3333333333333333,-0.06846109147766491,-0.27503357469366935,-27.0,-0.22919464557805777,0.8333333333333333,high,2026-08-24,1,2,False,markdown_market_v1
00-0034837,Calvin Ridley,TEN,WR,2026,0.55,0.0,0.75,Positive,tennessee-titans-fantasy-sentiment-feb-aug-2026.md:16,table,207.85,137.2,-70.65,-3.0,0.3333333333333333,-0.9230769230769231,-1.7880186221451086,-88.0,-1.4900155184542572,0.8333333333333333,high,2026-08-24,1,2,False,markdown_market_v1
00-0037291,Jalen Nailor,LV,WR,2026,0.3,-0.6744907594765952,0.62,positive but volatile,raiders_player_sentiment_summary_2026.md:26,bullet,188.09,144.5,-43.59,-1.7694957020652438,0.3333333333333333,-1.0573596205215772,-2.0193303031812704,-95.0,-1.5077666263753484,0.7466666666666666,high,2026-08-24,1,2,False,markdown_market_v1
00-0040705,Chimere Dike,TEN,WR,2026,0.3,-0.6744907594765952,0.75,Positive long-term,tennessee-titans-fantasy-sentiment-feb-aug-2026.md:24,table,237.45,,,,0.0,-0.6744907594765953,-0.6833564161501634,-66.0,-0.5125173121126225,0.75,medium,2026-08-24,1,1,False,markdown_market_v1
00-0036290,Cole Kmet,CHI,TE,2026,0.55,0.0,0.75,Positive,chicago_bears_player_sentiment_since_2026-02-17.md:21,table,325.17,,,,0.0,0.0,0.0030201641998510212,4.0,0.002265123149888266,0.75,medium,2026-08-24,1,1,False,markdown_market_v1
00-0041042,Malachi Fields,NYG,WR,2026,0.55,0.0,0.75,Rising bullish,Giants_player_sentiment_update_2026-08-24.md:24,table,245.04,,,,0.0,0.0,0.4926474556295173,21.0,0.36948559172213796,0.75,medium,2026-08-24,1,1,False,markdown_market_v1
00-0040021,Phil Mafah,DAL,RB,2026,0.55,0.0,0.62,Bullish deep stash,dallas_cowboys_fantasy_sentiment_summary.md:12,bullet,313.93,,,,0.0,0.0,0.49514731220742675,32.0,0.3069913335686046,0.62,medium,2026-08-24,1,1,False,markdown_market_v1
00-0033881,Evan Engram,DEN,TE,2026,0.55,0.0,0.75,Positive,Fantasy_Research_Denver_Broncos_Sentiment_2026-08-24.md:25,table,254.49,,,,0.0,0.0,-0.0070473559245573065,-9.0,-0.00528551694341798,0.75,medium,2026-08-24,1,1,False,markdown_market_v1
00-0041483,Eli Stowers,PHI,TE,2026,0.3,-0.6744907594765952,0.75,"Strongly positive, developmental",philadelphia-eagles-player-sentiment-2026-08-24.md:15,table,277.63,,,,0.0,-0.6744907594765953,-0.7334503682543724,-61.0,-0.5500877761907793,0.75,medium,2026-08-24,1,1,False,markdown_market_v1
00-0038619,Andrei Iosivas,CIN,WR,2026,0.3,-0.6744907594765952,0.75,"Positive but role-dependent: praised for growth, big plays, and red-zone work.",bengals_player_sentiment_since_2026-02-17.md:15,table,278.74,,,,0.0,-0.6744907594765953,-1.262951291724153,-79.0,-0.9472134687931147,0.75,medium,2026-08-24,1,1,False,markdown_market_v1
00-0038104,Tyquan Thornton,KC,WR,2026,,,0.0,,,,266.8,,,,0.0,,,,,0.0,none,2026-08-24,0,0,False,markdown_market_v1
00-0039880,Malik Washington,MIA,WR,2026,0.8,0.6744907594765951,0.62,"Breakout-friendly feedback on route development, catch-and-run ability, consistency, and rapport with Willis",miami_dolphins_player_sentiment_feb17_2026.md:10,bullet,190.45,148.5,-41.94999999999999,-1.681249603497902,0.3333333333333333,-0.1491946821228794,-0.5303179191724683,-56.0,-0.3959707129821096,0.7466666666666666,high,2026-08-24,1,2,False,markdown_market_v1
00-0036550,Rashod Bateman,BAL,WR,2026,0.55,0.0,0.75,"Bullish role, high risk",ravens-player-sentiment-feb-17-2026.md:25,table,220.66,133.6,-87.06,-3.0,0.3333333333333333,-0.9230769230769231,-1.978853549083762,-94.0,-1.6490446242364682,0.8333333333333333,high,2026-08-24,1,2,False,markdown_market_v1
00-0041044,Zachariah Branch,ATL,WR,2026,0.3,-0.6744907594765952,0.75,Strongly bullish developmental sentiment [cite:1],falcons_player_sentiment_2026.md:30,table,225.78,,,,0.0,-0.6744907594765953,-0.6886498833779322,-67.0,-0.5164874125334491,0.75,medium,2026-08-24,1,1,False,markdown_market_v1
00-0040584,Gunnar Helm,TEN,TE,2026,0.3,-0.6744907594765952,0.75,Cautiously positive,tennessee-titans-fantasy-sentiment-feb-aug-2026.md:26,table,217.41,,,,0.0,-0.6744907594765953,-0.8288032154742904,-69.0,-0.6216024116057177,0.75,medium,2026-08-24,1,1,False,markdown_market_v1
00-0037666,Jalen Tolbert,MIA,WR,2026,0.3,-0.6744907594765952,0.62,"Reliable, physical, and dependable",miami_dolphins_player_sentiment_feb17_2026.md:19,bullet,289.14,,,,0.0,-0.6744907594765952,-1.4196997359557024,-82.0,-0.8802138362925355,0.62,medium,2026-08-24,1,1,False,markdown_market_v1
00-0038454,Keaton Mitchell,LAC,RB,2026,0.55,0.0,0.75,"Positive, Recent Caution",Chargers_Player_Sentiment_Analysis.md:17,table,151.97,154.1,2.1299999999999955,1.0091218339456036,0.3333333333333333,0.3104990258294165,0.2662807391154767,16.0,0.22190061592956387,0.8333333333333333,high,2026-08-24,1,2,False,markdown_market_v1
00-0033555,Mack Hollins,NE,WR,2026,,,0.0,,,,278.18,,,,0.0,,,,,0.0,none,2026-08-24,0,0,False,markdown_market_v1
00-0040870,Ja'Kobi Lane,BAL,WR,2026,1.0,1.214083367057871,0.75,Very bullish rookie,ravens-player-sentiment-feb-17-2026.md:18,table,246.86,169.9,-76.96000000000001,-3.0,0.3333333333333333,-0.08255766895993541,0.28918618212259917,16.0,0.24098848510216594,0.8333333333333333,high,2026-08-24,1,2,False,markdown_market_v1
00-0038618,Xavier Hutchinson,HOU,WR,2026,0.55,0.0,0.75,Positive depth,texans_fantasy_sentiment_summary_2026-08-24.md:26,table,300.33,,,,0.0,0.0,0.528337702535265,23.0,0.39625327690144874,0.75,medium,2026-08-24,1,1,False,markdown_market_v1
00-0041048,Ted Hurst III,TB,WR,2026,0.55,0.0,0.75,Rising positive,tampa_bay_buccaneers_fantasy_sentiment_2026.md:22,table,242.08,,,,0.0,0.0,0.4255662350137401,19.0,0.31917467626030505,0.75,medium,2026-08-24,1,1,False,markdown_market_v1
00-0038555,Tank Bigsby,PHI,RB,2026,0.15,-1.0791852151625523,0.75,Neutral-to-positive,philadelphia-eagles-player-sentiment-2026-08-24.md:33,table,169.73,152.8,-16.92999999999998,-0.8028293817871508,0.3333333333333333,-0.9941526510470442,-1.535915621661268,-76.0,-1.279929684717723,0.8333333333333333,high,2026-08-24,1,2,False,markdown_market_v1
00-0038393,Dontayvion Wicks,PHI,WR,2026,1.0,1.214083367057871,0.75,Strongly positive,philadelphia-eagles-player-sentiment-2026-08-24.md:14,table,194.69,173.1,-21.590000000000003,-0.5857065749423804,0.3333333333333333,0.6603018464424092,0.964845876030085,63.0,0.8040382300250708,0.8333333333333333,high,2026-08-24,1,2,False,markdown_market_v1
00-0035250,Devin Singletary,NYG,RB,2026,0.55,0.0,0.75,Bullish depth,Giants_player_sentiment_update_2026-08-24.md:29,table,293.95,,,,0.0,0.0,0.3496702757043345,20.0,0.26225270677825085,0.75,medium,2026-08-24,1,1,False,markdown_market_v1
00-0033921,Chris Godwin Jr.,TB,WR,2026,0.8,0.6744907594765951,0.75,Strong positive,tampa_bay_buccaneers_fantasy_sentiment_2026.md:19,table,78.07,77.0,-1.0699999999999932,0.5184458290831272,0.3333333333333333,0.6264769347401434,0.8530449004086282,56.0,0.7108707503405235,0.8333333333333333,high,2026-08-24,1,2,False,markdown_market_v1
00-0041037,Denzel Boston,CLE,WR,2026,1.0,1.214083367057871,0.75,"Strongly positive, ascending",cleveland_browns_fantasy_sentiment_2026.md:22,table,152.44,140.3,-12.139999999999986,-0.0772153362464223,0.3333333333333333,0.8167606891180885,0.7917818806649608,50.0,0.6598182338874673,0.8333333333333333,high,2026-08-24,1,2,False,markdown_market_v1
00-0040179,DJ Giddens,IND,RB,2026,0.0,-1.4838796708485094,0.62,"Liked as a runner with Year-2 upside, but hamstring recovery and pass-protection development suppress immediate standalone value",colts_player_sentiment_summary.md:22,bullet,267.31,,,,0.0,-1.4838796708485094,-2.2723908106354966,-92.0,-1.4088823025940078,0.62,medium,2026-08-24,1,1,False,markdown_market_v1
00-0040237,Tez Johnson,TB,WR,2026,0.55,0.0,0.75,Positive sleeper,tampa_bay_buccaneers_fantasy_sentiment_2026.md:23,table,310.61,,,,0.0,0.0,0.6185647512159467,27.0,0.46392356341196,0.75,medium,2026-08-24,1,1,False,markdown_market_v1
00-0040177,Jordan James,SF,RB,2026,0.55,0.0,0.62,"Positive conditioning and talent feedback, but a fractured rib and competition with Black create uncertainty",49ers_fantasy_sentiment_summary_2026-08-24.md:20,bullet,263.71,166.8,-96.90999999999997,-3.0,0.3333333333333333,-1.048951048951049,-1.6643628377477948,-80.0,-1.24272425218502,0.7466666666666666,high,2026-08-24,1,2,False,markdown_market_v1
00-0041558,Sam Roush,CHI,TE,2026,0.55,0.0,0.75,Neutral/positive,chicago_bears_player_sentiment_since_2026-02-17.md:23,table,364.0,,,,0.0,0.0,0.09050566892362298,27.0,0.06787925169271723,0.75,medium,2026-08-24,1,1,False,markdown_market_v1
00-0040782,Isaiah Bond,CLE,WR,2026,0.55,0.0,0.75,Positive upside,cleveland_browns_fantasy_sentiment_2026.md:24,table,290.99,,,,0.0,0.0,0.5736082661707458,24.0,0.43020619962805934,0.75,medium,2026-08-24,1,1,False,markdown_market_v1
00-0041051,Zavion Thomas,CHI,WR,2026,0.55,0.0,0.75,Positive/developing,chicago_bears_player_sentiment_since_2026-02-17.md:20,table,333.44,,,,0.0,0.0,0.4255662350137401,19.0,0.31917467626030505,0.75,medium,2026-08-24,1,1,False,markdown_market_v1
00-0033908,Cooper Kupp,SEA,WR,2026,1.0,1.214083367057871,0.75,Very positive,Seattle_Seahawks_Coachspeak_Sentiment_Feb17-Aug23_2026.md:14,table,227.47,155.3,-72.16999999999999,-3.0,0.3333333333333333,-0.08255766895993541,-0.27156899834213366,-24.0,-0.2263074986184447,0.8333333333333333,high,2026-08-24,1,2,False,markdown_market_v1
00-0039164,Anthony Richardson,IND,QB,2026,0.3,-0.4215567246728721,0.62,"Healthy enough to participate and viewed positively as a teammate, but an active trade request, backup competition and prior consistency concerns sharply limit near-term fantasy utility",colts_player_sentiment_summary.md:21,bullet,343.41,,,,0.0,-0.4215567246728721,-0.38998890633946875,-28.0,-0.24179312193047062,0.62,medium,2026-08-24,1,1,False,markdown_market_v1
00-0032268,Marcus Mariota,WAS,QB,2026,,,0.0,,,,349.62,,,,0.0,,,,,0.0,none,2026-08-24,0,0,False,markdown_market_v1
00-0035662,Marquise Brown,PHI,WR,2026,,,0.0,,,,287.28,,,,0.0,,,,,0.0,none,2026-08-24,0,0,False,markdown_market_v1
00-0040138,Jaylin Noel,HOU,WR,2026,0.55,0.0,0.75,Moderately positive; health improving,texans_fantasy_sentiment_summary_2026-08-24.md:24,table,196.17,,,,0.0,0.0,-0.1531872225868281,-13.0,-0.11489041694012107,0.75,medium,2026-08-24,1,1,False,markdown_market_v1
00-0039410,Ryan Flournoy,DAL,WR,2026,1.0,1.214083367057871,0.62,Very bullish sleeper,dallas_cowboys_fantasy_sentiment_summary.md:10,bullet,184.4,165.4,-19.0,-0.44634230952200676,0.3333333333333333,0.6335149486732984,0.902996170681902,60.0,0.6742371407758201,0.7466666666666666,high,2026-08-24,1,2,False,markdown_market_v1
00-0031503,Jameis Winston,NYG,QB,2026,,,0.0,,,,349.65,,,,0.0,,,,,0.0,none,2026-08-24,0,0,False,markdown_market_v1
00-0040727,Tre Harris,LAC,WR,2026,1.0,1.214083367057871,0.75,Very Positive,Chargers_Player_Sentiment_Analysis.md:15,table,178.59,173.5,-5.090000000000003,0.30213527039976706,0.3333333333333333,0.9334839527015314,1.2894028692061346,82.0,1.0745023910051121,0.8333333333333333,high,2026-08-24,1,2,False,markdown_market_v1
00-0041525,Chris Bell,MIA,WR,2026,0.3,-0.6744907594765952,0.62,"Size, speed, explosiveness, and physicality are praised, but rehab/non-contact timeline makes him a longer-term stash",miami_dolphins_player_sentiment_feb17_2026.md:18,bullet,249.1,,,,0.0,-0.6744907594765952,-0.6215686627621548,-63.0,-0.385372570912536,0.62,medium,2026-08-24,1,1,False,markdown_market_v1
00-0041052,Kaelon Black,SF,RB,2026,0.8,0.6744907594765951,0.62,"Coaches praise physical running, decisiveness, blitz pickup, poise, and developing receiving ability",49ers_fantasy_sentiment_summary_2026-08-24.md:16,bullet,254.38,161.5,-92.88,-3.0,0.3333333333333333,-0.6102962193613752,-0.6150303316239254,-42.0,-0.4592226476125309,0.7466666666666666,high,2026-08-24,1,2,False,markdown_market_v1
00-0040134,Pat Bryant,DEN,WR,2026,1.0,1.214083367057871,0.75,Elite positive / rising,Fantasy_Research_Denver_Broncos_Sentiment_2026-08-24.md:21,table,193.24,176.2,-17.04000000000002,-0.3408774600146982,0.3333333333333333,0.7356338818047728,1.7748469584734057,94.0,1.4790391320611713,0.8333333333333333,high,2026-08-24,1,2,False,markdown_market_v1
00-0036309,Darnell Mooney,NYG,WR,2026,0.3,-0.6744907594765952,0.75,Mildly bullish,Giants_player_sentiment_update_2026-08-24.md:28,table,216.84,,,,0.0,-0.6744907594765953,-0.5332382792974445,-57.0,-0.39992870947308334,0.75,medium,2026-08-24,1,1,False,markdown_market_v1
00-0033307,Kendrick Bourne,ARI,WR,2026,0.55,0.0,0.75,Positive,arizona_cardinals_fantasy_sentiment_summary_2026-08-24.md:21,table,311.1,,,,0.0,0.0,-0.001399487659450891,0.0,-0.0010496157445881683,0.75,medium,2026-08-24,1,1,False,markdown_market_v1
00-0040878,Mike Washington Jr.,LV,RB,2026,0.55,0.0,0.62,rising positive,raiders_player_sentiment_summary_2026.md:19,bullet,201.86,158.1,-43.76000000000002,-3.0,0.3333333333333333,-1.048951048951049,-1.2756587394462968,-72.0,-0.9524918587865682,0.7466666666666666,high,2026-08-24,1,2,False,markdown_market_v1
00-0037837,Calvin Austin III,NYG,WR,2026,0.55,0.0,0.75,Rising bullish,Giants_player_sentiment_update_2026-08-24.md:25,table,312.94,,,,0.0,0.0,0.03748380315176707,6.0,0.0281128523638253,0.75,medium,2026-08-24,1,1,False,markdown_market_v1
00-0037838,Isaiah Likely,NYG,TE,2026,1.0,1.214083367057871,0.75,Strongly bullish,Giants_player_sentiment_update_2026-08-24.md:22,table,119.07,135.2,16.129999999999995,-0.10881562745250534,0.3333333333333333,0.8070375225931399,0.9754257628717008,84.0,0.8128548023930839,0.8333333333333333,high,2026-08-24,1,2,False,markdown_market_v1
00-0038705,Emari Demercado,KC,RB,2026,1.0,1.214083367057871,0.62,"Trusted depth profile due to protection, routes, decisiveness, and experience",chiefs_player_sentiment_summary_2026-08-24.md:18,bullet,291.91,,,,0.0,1.214083367057871,1.5946551703427363,90.0,0.9886862056124965,0.62,medium,2026-08-24,1,1,False,markdown_market_v1
00-0034829,Mike Gesicki,CIN,TE,2026,0.55,0.0,0.75,Positive specialist: valued as a pass-focused TE with a defined role.,bengals_player_sentiment_since_2026-02-17.md:16,table,276.0,,,,0.0,0.0,-0.0009384645118149611,-1.0,-0.0007038483838612209,0.75,medium,2026-08-24,1,1,False,markdown_market_v1
00-0038797,Emanuel Wilson,SEA,RB,2026,0.3,-0.6744907594765952,0.75,Mixed-positive,Seattle_Seahawks_Coachspeak_Sentiment_Feb17-Aug23_2026.md:21,table,220.2,,,,0.0,-0.6744907594765953,-0.8741658348449579,-66.0,-0.6556243761337184,0.75,medium,2026-08-24,1,1,False,markdown_market_v1
00-0036924,Michael Carter,TEN,RB,2026,,,0.0,,,,328.26,,,,0.0,,,,,0.0,none,2026-08-24,0,0,False,markdown_market_v1
00-0035689,Dawson Knox,BUF,TE,2026,,,0.0,,,,333.88,,,,0.0,,,,,0.0,none,2026-08-24,0,0,False,markdown_market_v1
00-0037157,Bam Knight,ARI,RB,2026,,,0.0,,,,301.44,,,,0.0,,,,,0.0,none,2026-08-24,0,0,False,markdown_market_v1
00-0039424,Devaughn Vele,NO,WR,2026,0.55,0.0,0.75,Bullish sleeper,saints_fantasy_sentiment_update_2026-08-24.md:23,table,259.67,,,,0.0,0.0,-0.08057164529409974,-5.0,-0.060428733970574806,0.75,medium,2026-08-24,1,1,False,markdown_market_v1
00-0039798,Isaiah Davis,NYJ,RB,2026,0.0,-1.4838796708485094,0.62,"Part of the intended three-back group, but minor knee issue and crowded backfield limit clarity",jets_fantasy_sentiment_summary.md:20,bullet,255.27,,,,0.0,-1.4838796708485094,-1.8677867102832801,-90.0,-1.1580277603756337,0.62,medium,2026-08-24,1,1,False,markdown_market_v1
00-0041013,Emmett Johnson,KC,RB,2026,1.0,1.214083367057871,0.62,"Tough, patient runner with hands and protection ability",chiefs_player_sentiment_summary_2026-08-24.md:17,bullet,196.74,,,,0.0,1.214083367057871,2.1522961062830923,98.0,1.3344235858955171,0.62,medium,2026-08-24,1,1,False,markdown_market_v1
00-0041524,Will Kacmarek,MIA,TE,2026,0.3,-0.6744907594765952,0.62,Elite blocking and useful receiving ability,miami_dolphins_player_sentiment_feb17_2026.md:24,bullet,319.0,,,,0.0,-0.6744907594765952,-0.6935692341937031,-49.0,-0.43001292520009593,0.62,medium,2026-08-24,1,1,False,markdown_market_v1
00-0032392,Austin Hooper,ATL,TE,2026,,,0.0,,,,354.0,,,,0.0,,,,,0.0,none,2026-08-24,0,0,False,markdown_market_v1
00-0041550,Brenen Thompson,LAC,WR,2026,1.0,1.214083367057871,0.75,Very Positive,Chargers_Player_Sentiment_Analysis.md:26,table,314.93,,,,0.0,1.214083367057871,2.613683885081241,98.0,1.9602629138109309,0.75,medium,2026-08-24,1,1,False,markdown_market_v1
00-0035535,Darius Slayton,NYG,WR,2026,0.3,-0.6744907594765952,0.75,Mildly bullish,Giants_player_sentiment_update_2026-08-24.md:26,table,267.79,164.0,-103.79000000000002,-3.0,0.3333333333333333,-1.3900320642530275,-2.608482626299212,-96.0,-2.1737355219160097,0.8333333333333333,high,2026-08-24,1,2,False,markdown_market_v1
00-0040648,Tory Horton,SEA,WR,2026,0.0,-1.4838796708485094,0.75,Mixed / injury-limited,Seattle_Seahawks_Coachspeak_Sentiment_Feb17-Aug23_2026.md:16,table,254.6,,,,0.0,-1.4838796708485094,-1.9297139941573578,-91.0,-1.4472854956180183,0.75,medium,2026-08-24,1,1,False,markdown_market_v1
00-0039356,Ja'Tavion Sanders,CAR,TE,2026,,,0.0,,,,330.48,,,,0.0,,,,,0.0,none,2026-08-24,0,0,False,markdown_market_v1
00-0040131,Kyle Williams,NE,WR,2026,0.3,-0.6744907594765952,0.75,"Positive, developmental",Fantasy_Research_Patriots_Sentiment_Summary.md:24,table,278.04,,,,0.0,-0.6744907594765953,-0.46221920084174023,-46.0,-0.34666440063130516,0.75,medium,2026-08-24,1,1,False,markdown_market_v1
00-0038979,Cedric Tillman,CLE,WR,2026,,,0.0,,,,311.95,,,,0.0,,,,,0.0,none,2026-08-24,0,0,False,markdown_market_v1
00-0036945,Justin Fields,KC,QB,2026,0.0,-0.9274247942803184,0.62,"Organization views him as a legitimate starter, not a gadget",chiefs_player_sentiment_summary_2026-08-24.md:29,bullet,341.64,,,,0.0,-0.9274247942803184,-1.0463923749240003,-52.0,-0.6487632724528801,0.62,medium,2026-08-24,1,1,False,markdown_market_v1
00-0040739,Elijah Arroyo,SEA,TE,2026,0.55,0.0,0.75,Positive,Seattle_Seahawks_Coachspeak_Sentiment_Feb17-Aug23_2026.md:27,table,309.68,,,,0.0,0.0,0.08912649040229642,25.0,0.06684486780172232,0.75,medium,2026-08-24,1,1,False,markdown_market_v1
00-0041503,Nate Boerkircher,JAX,TE,2026,0.3,-0.6744907594765952,0.62,positive developmental,jacksonville_jaguars_player_sentiment_summary.md:23,bullet,371.5,,,,0.0,-0.6744907594765952,-0.6935692341937031,-49.0,-0.43001292520009593,0.62,medium,2026-08-24,1,1,False,markdown_market_v1
00-0037005,Tommy Tremble,CAR,TE,2026,,,0.0,,,,348.07,,,,0.0,,,,,0.0,none,2026-08-24,0,0,False,markdown_market_v1
00-0039921,Trey Benson,ARI,RB,2026,,,0.0,,,,261.57,,,,0.0,,,,,0.0,none,2026-08-24,0,0,False,markdown_market_v1
00-0036212,Tua Tagovailoa,ATL,QB,2026,0.3,-0.4215567246728721,0.75,Neutral to cautiously positive [cite:1],falcons_player_sentiment_2026.md:26,table,269.19,,,,0.0,-0.42155672467287203,-0.3741745302131469,-22.0,-0.28063089765986016,0.75,medium,2026-08-24,1,1,False,markdown_market_v1
00-0036244,Colby Parkinson,LA,TE,2026,0.0,-1.4838796708485094,0.62,"Included in the versatile TE group, but no clear individualized receiving-volume endorsement",los-angeles-rams-player-sentiment-feb-17-2026.md:32,bullet,264.34,,,,0.0,-1.4838796708485094,-1.7995503202658987,-90.0,-1.1157211985648572,0.62,medium,2026-08-24,1,1,False,markdown_market_v1
00-0039355,Luke McCaffrey,WAS,WR,2026,0.3,-0.6744907594765952,0.75,Mildly positive,Washington_Commanders_Player_Sentiment_2026-02-17_to_2026-08-24.md:43,table,320.35,,,,0.0,-0.6744907594765953,-1.1927799048227992,-77.0,-0.8945849286170994,0.75,medium,2026-08-24,1,1,False,markdown_market_v1
00-0038558,Darnell Washington,PIT,TE,2026,0.8,0.6744907594765951,0.75,Very strong positive,steelers-player-sentiment-2026.md:28,table,298.1,,,,0.0,0.6744907594765951,0.8161132406349623,79.0,0.6120849304762217,0.75,medium,2026-08-24,1,1,False,markdown_market_v1
00-0028118,Tyrod Taylor,GB,QB,2026,,,0.0,,,,375.0,,,,0.0,,,,,0.0,none,2026-08-24,0,0,False,markdown_market_v1
00-0035208,Olamide Zaccheaus,ATL,WR,2026,0.55,0.0,0.75,Moderately positive [cite:1],falcons_player_sentiment_2026.md:29,table,311.38,,,,0.0,0.0,-0.02850552169593689,-2.0,-0.021379141271952666,0.75,medium,2026-08-24,1,1,False,markdown_market_v1
00-0040737,Terrance Ferguson,LA,TE,2026,1.0,1.214083367057871,0.75,"Exceptional positive, committee risk",los-angeles-rams-player-sentiment-feb-17-2026.md:14,table,221.7,,,,0.0,1.214083367057871,1.5709267923990407,100.0,1.1781950942992805,0.75,medium,2026-08-24,1,1,False,markdown_market_v1
00-0036637,Noah Gray,KC,TE,2026,,,0.0,,,,328.09,,,,0.0,,,,,0.0,none,2026-08-24,0,0,False,markdown_market_v1
00-0039144,Luke Musgrave,GB,TE,2026,0.0,-1.4838796708485094,0.75,Neutral to cautious sentiment with no major usage push.,packers_player_sentiment_summary.md:38,table,355.64,,,,0.0,-1.4838796708485094,-1.6912098390257175,-87.0,-1.2684073792692883,0.75,medium,2026-08-24,1,1,False,markdown_market_v1
00-0029892,Kyle Juszczyk,SF,RB,2026,,,0.0,,,,302.0,,,,0.0,,,,,0.0,none,2026-08-24,0,0,False,markdown_market_v1
00-0039066,Michael Mayer,LV,TE,2026,1.0,1.214083367057871,0.62,very positive real-football role,raiders_player_sentiment_summary_2026.md:20,bullet,303.3,,,,0.0,1.214083367057871,1.4713792775194352,95.0,0.9122551520620498,0.62,medium,2026-08-24,1,1,False,markdown_market_v1
00-0038951,Sean Tucker,TB,RB,2026,0.3,-0.6744907594765952,0.75,Mild positive; role-limited,tampa_bay_buccaneers_fantasy_sentiment_2026.md:27,table,196.89,,,,0.0,-0.6744907594765953,-0.6577083181083636,-48.0,-0.4932812385812727,0.75,medium,2026-08-24,1,1,False,markdown_market_v1
00-0033885,David Njoku,LAC,TE,2026,0.55,0.0,0.75,Positive,Chargers_Player_Sentiment_Analysis.md:23,table,252.24,,,,0.0,0.0,0.11470303047695114,38.0,0.08602727285771336,0.75,medium,2026-08-24,1,1,False,markdown_market_v1
00-0038115,Daniel Bellinger,TEN,TE,2026,,,0.0,,,,355.0,,,,0.0,,,,,0.0,none,2026-08-24,0,0,False,markdown_market_v1
00-0034775,Christian Kirk,SF,WR,2026,0.0,-1.4838796708485094,0.62,"Veteran ability is respected, but calf strain has reduced practice time",49ers_fantasy_sentiment_summary_2026-08-24.md:24,bullet,257.33,,,,0.0,-1.4838796708485094,-1.8147930202753346,-89.0,-1.1251716725707075,0.62,medium,2026-08-24,1,1,False,markdown_market_v1
00-0037741,Jahan Dotson,ATL,WR,2026,0.55,0.0,0.75,Bullish sleeper sentiment [cite:1],falcons_player_sentiment_2026.md:28,table,283.16,,,,0.0,0.0,-0.23849121131352724,-21.0,-0.17886840848514543,0.75,medium,2026-08-24,1,1,False,markdown_market_v1
00-0041397,Kaden Wetjen,PIT,WR,2026,0.0,-1.4838796708485094,0.75,Mixed,steelers-player-sentiment-2026.md:26,table,,,,,0.0,-1.4838796708485094,-1.7090181472538926,-86.0,-1.2817636104404193,0.75,medium,2026-08-24,1,1,False,markdown_market_v1
00-0040876,Elijah Sarratt,BAL,WR,2026,0.3,-0.6744907594765952,0.75,Positive developmental,ravens-player-sentiment-feb-17-2026.md:26,table,258.9,,,,0.0,-0.6744907594765953,-0.43904002579966334,-45.0,-0.3292800193497475,0.75,medium,2026-08-24,1,1,False,markdown_market_v1
00-0041395,Eli Raridon,NE,TE,2026,0.3,-0.6744907594765952,0.75,Cautiously positive,Fantasy_Research_Patriots_Sentiment_Summary.md:32,table,323.66,,,,0.0,-0.6744907594765953,-0.6935692341937032,-53.0,-0.5201769256452774,0.75,medium,2026-08-24,1,1,False,markdown_market_v1
00-0035644,Noah Fant,NO,TE,2026,-0.55,-2.9677593416970187,0.75,Neutral to mildly bearish,saints_fantasy_sentiment_update_2026-08-24.md:25,table,344.05,,,,0.0,-2.9677593416970187,-3.0,-96.0,-2.25,0.75,medium,2026-08-24,1,1,False,markdown_market_v1
00-0040669,Isaac TeSlaa,DET,WR,2026,0.3,-0.6744907594765952,0.62,"Bullish, volatile",detroit_lions_fantasy_sentiment_summary.md:8,bullet,212.78,175.3,-37.47999999999999,-1.4407251763052114,0.3333333333333333,-0.9424048912348525,-1.6658153223143093,-84.0,-1.2438087739946841,0.7466666666666666,high,2026-08-24,1,2,False,markdown_market_v1
00-0038976,Marvin Mims Jr.,DEN,WR,2026,0.3,-0.6744907594765952,0.75,"Strong positive, role-dependent",Fantasy_Research_Denver_Broncos_Sentiment_2026-08-24.md:22,table,264.94,,,,0.0,-0.6744907594765953,-1.029000212746612,-76.0,-0.771750159559959,0.75,medium,2026-08-24,1,1,False,markdown_market_v1
00-0039041,Elijah Higgins,ARI,TE,2026,0.55,0.0,0.75,Positive depth role,arizona_cardinals_fantasy_sentiment_summary_2026-08-24.md:27,table,373.13,,,,0.0,0.0,0.01740841412519971,12.0,0.013056310593899782,0.75,medium,2026-08-24,1,1,False,markdown_market_v1
00-0041096,Kaytron Allen,WAS,RB,2026,0.3,-0.6744907594765952,0.75,Positive developmental,Washington_Commanders_Player_Sentiment_2026-02-17_to_2026-08-24.md:25,table,229.34,,,,0.0,-0.6744907594765953,-0.6311300036813341,-45.0,-0.47334750276100057,0.75,medium,2026-08-24,1,1,False,markdown_market_v1
00-0040388,Jakobie Keeney-James,GB,WR,2026,,,0.0,,,,,,,,0.0,,,,,0.0,none,2026-08-24,0,0,False,markdown_market_v1
00-0035993,Tyler Huntley,BAL,QB,2026,,,0.0,,,,,,,,0.0,,,,,0.0,none,2026-08-24,0,0,False,markdown_market_v1
00-0037614,John Metchie III,CAR,WR,2026,0.55,0.0,0.62,Positive depth/competition language,carolina_panthers_fantasy_sentiment_summary.md:18,bullet,324.8,,,,0.0,0.0,0.718567578255728,39.0,0.4455118985185514,0.62,medium,2026-08-24,1,1,False,markdown_market_v1
00-0037801,KaVontae Turpin,DAL,WR,2026,,,0.0,,,,318.0,,,,0.0,,,,,0.0,none,2026-08-24,0,0,False,markdown_market_v1
00-0040202,Devin Neal,NO,RB,2026,,,0.0,,,,272.78,,,,0.0,,,,,0.0,none,2026-08-24,0,0,False,markdown_market_v1
00-0040187,Mitchell Evans,CAR,TE,2026,,,0.0,,,,359.56,,,,0.0,,,,,0.0,none,2026-08-24,0,0,False,markdown_market_v1
00-0039074,Davis Allen,LA,TE,2026,0.3,-0.6744907594765952,0.75,"Positive, health-dependent",los-angeles-rams-player-sentiment-feb-17-2026.md:23,table,,,,,0.0,-0.6744907594765953,-0.6744907594765952,-30.0,-0.5058680696074465,0.75,medium,2026-08-24,2,1,False,markdown_market_v1
00-0040198,Ollie Gordon II,MIA,RB,2026,0.3,-0.6744907594765952,0.62,"Every-down traits, size, and receiving/protection progress are encouraging",miami_dolphins_player_sentiment_feb17_2026.md:17,bullet,241.18,52.0,-189.18,-3.0,0.3333333333333333,-1.4876058785407227,-1.8406369736683057,-88.0,-1.3743422736723347,0.7466666666666666,high,2026-08-24,1,2,False,markdown_market_v1
00-0039376,Spencer Rattler,NO,QB,2026,0.55,0.0,0.75,"Positive evaluation, bearish path",saints_fantasy_sentiment_update_2026-08-24.md:29,table,,,,,0.0,0.0,0.35487018628091876,13.0,0.2661526397106891,0.75,medium,2026-08-24,1,1,False,markdown_market_v1
00-0036415,Van Jefferson,WAS,WR,2026,0.55,0.0,0.75,Positive,Washington_Commanders_Player_Sentiment_2026-02-17_to_2026-08-24.md:41,table,341.33,,,,0.0,0.0,0.8707962952846368,57.0,0.6530972214634776,0.75,medium,2026-08-24,1,1,False,markdown_market_v1
00-0041472,Marlin Klein,HOU,TE,2026,1.0,1.214083367057871,0.75,Elite positive,texans_fantasy_sentiment_summary_2026-08-24.md:19,table,345.75,,,,0.0,1.214083367057871,1.5632381640563886,97.0,1.1724286230422916,0.75,medium,2026-08-24,1,1,False,markdown_market_v1
00-0033110,Tyler Higbee,LA,TE,2026,0.3,-0.6744907594765952,0.75,Positive,los-angeles-rams-player-sentiment-feb-17-2026.md:22,table,321.64,,,,0.0,-0.6744907594765953,-0.7967136448394634,-64.0,-0.5975352336295976,0.75,medium,2026-08-24,1,1,False,markdown_market_v1
00-0036988,Josh Palmer,BUF,WR,2026,0.0,-1.4838796708485094,0.62,neutral,bills_player_sentiment_since_2026-02-17.md:17,bullet,312.29,,,,0.0,-1.4838796708485094,-1.9457527754725208,-93.0,-1.206366720792963,0.62,medium,2026-08-24,1,1,False,markdown_market_v1
00-0036423,Albert Okwuegbunam,LV,TE,2026,,,0.0,,,,,,,,0.0,,,,,0.0,none,2026-08-24,0,0,False,markdown_market_v1
00-0035359,David Sills,TB,WR,2026,,,0.0,,,,345.5,,,,0.0,,,,,0.0,none,2026-08-24,0,0,False,markdown_market_v1
00-0039739,Roman Wilson,PIT,WR,2026,0.8,0.6744907594765951,0.75,Very strong positive,steelers-player-sentiment-2026.md:23,table,310.08,,,,0.0,0.6744907594765951,1.016317518527685,65.0,0.7622381388957638,0.75,medium,2026-08-24,1,1,False,markdown_market_v1
00-0033955,Jeremy McNichols,WAS,RB,2026,0.0,-1.4838796708485094,0.75,Neutral,Washington_Commanders_Player_Sentiment_2026-02-17_to_2026-08-24.md:28,table,293.25,,,,0.0,-1.4838796708485094,-1.798650083339246,-84.0,-1.3489875625044345,0.75,medium,2026-08-24,1,1,False,markdown_market_v1
00-0039373,Audric Estimé,NO,RB,2026,0.3,-0.6744907594765952,0.75,Positive but role-capped,saints_fantasy_sentiment_update_2026-08-24.md:16,table,305.16,,,,0.0,-0.6744907594765953,-0.3861790986635836,-10.0,-0.2896343239976877,0.75,medium,2026-08-24,1,1,False,markdown_market_v1
00-0033857,JuJu Smith-Schuster,NYG,WR,2026,,,0.0,,,,383.5,,,,0.0,,,,,0.0,none,2026-08-24,0,0,False,markdown_market_v1
00-0040078,Brashard Smith,KC,RB,2026,1.0,1.214083367057871,0.62,Ball skills and rushing ability praised,chiefs_player_sentiment_summary_2026-08-24.md:16,bullet,277.88,,,,0.0,1.214083367057871,2.315233374433185,100.0,1.4354446921485746,0.62,medium,2026-08-24,1,1,False,markdown_market_v1
00-0040729,Jack Bech,LV,WR,2026,0.55,0.0,0.62,positive development,raiders_player_sentiment_summary_2026.md:27,bullet,238.09,,,,0.0,0.0,-0.09183204605379078,-6.0,-0.05693586855335028,0.62,medium,2026-08-24,1,1,False,markdown_market_v1
00-0032775,Demarcus Robinson,SF,WR,2026,,,0.0,,,,333.3,,,,0.0,,,,,0.0,none,2026-08-24,0,0,False,markdown_market_v1
00-0036422,Adam Trautman,DEN,TE,2026,0.55,0.0,0.75,"Positive real-life, negative fantasy",Fantasy_Research_Denver_Broncos_Sentiment_2026-08-24.md:26,table,373.0,,,,0.0,0.0,-0.00392659385832955,-6.0,-0.0029449453937471625,0.75,medium,2026-08-24,1,1,False,markdown_market_v1
00-0039405,Jawhar Jordan,HOU,RB,2026,0.3,-0.6744907594765952,0.75,Mild positive,texans_fantasy_sentiment_summary_2026-08-24.md:29,table,325.0,,,,0.0,-0.6744907594765953,-0.5839120379007828,-36.0,-0.43793402842558715,0.75,medium,2026-08-24,1,1,False,markdown_market_v1
00-0040164,Jaylin Lane,WAS,WR,2026,0.3,-0.6744907594765952,0.75,Positive developmental,Washington_Commanders_Player_Sentiment_2026-02-17_to_2026-08-24.md:42,table,346.78,,,,0.0,-0.6744907594765953,-0.40117343206630046,-39.0,-0.30088007404972533,0.75,medium,2026-08-24,1,1,False,markdown_market_v1
00-0040581,Dont'e Thornton Jr.,LV,WR,2026,0.0,-1.4838796708485094,0.62,mixed/health-limited,raiders_player_sentiment_summary_2026.md:29,bullet,325.87,,,,0.0,-1.4838796708485094,-1.8948844219567234,-90.0,-1.1748283416131684,0.62,medium,2026-08-24,1,1,False,markdown_market_v1
00-0038551,Kendre Miller,NO,RB,2026,0.3,-0.6744907594765952,0.75,Cautiously positive,saints_fantasy_sentiment_update_2026-08-24.md:17,table,290.13,,,,0.0,-0.6744907594765953,-0.5194716448021364,-26.0,-0.3896037336016023,0.75,medium,2026-08-24,1,1,False,markdown_market_v1
00-0041047,Chris Brazzell II,CAR,WR,2026,,,0.0,,,,292.0,,,,0.0,,,,,0.0,none,2026-08-24,0,0,False,markdown_market_v1
00-0035100,Jake Browning,TB,QB,2026,0.3,-0.4215567246728721,0.75,Mild positive; uncertain,tampa_bay_buccaneers_fantasy_sentiment_2026.md:26,table,,,,,0.0,-0.42155672467287203,-0.15143659087914071,-4.0,-0.11357744315935553,0.75,medium,2026-08-24,1,1,False,markdown_market_v1
00-0038685,Chris Brooks,GB,RB,2026,0.55,0.0,0.75,"Quietly positive: trusted for versatility, protection, and depth.",packers_player_sentiment_summary.md:26,table,267.22,,,,0.0,0.0,0.4106857527121187,26.0,0.308014314534089,0.75,medium,2026-08-24,1,1,False,markdown_market_v1
00-0038679,Tyrell Shavers,BUF,WR,2026,,,0.0,,,,,,,,0.0,,,,,0.0,none,2026-08-24,0,0,False,markdown_market_v1
00-0037112,Jake Tonges,SF,TE,2026,,,0.0,,,,287.84,,,,0.0,,,,,0.0,none,2026-08-24,0,0,False,markdown_market_v1
00-0041041,Oscar Delp,NO,TE,2026,,,0.0,,,,297.85,,,,0.0,,,,,0.0,none,2026-08-24,0,0,False,markdown_market_v1
00-0039792,Devontez Walker,BAL,WR,2026,0.55,0.0,0.75,Positive sleeper,ravens-player-sentiment-feb-17-2026.md:27,table,322.8,,,,0.0,0.0,-0.1803031676565387,-16.0,-0.135227375742404,0.75,medium,2026-08-24,1,1,False,markdown_market_v1
00-0038359,Xavier Smith,LA,WR,2026,,,0.0,,,,255.5,,,,0.0,,,,,0.0,none,2026-08-24,0,0,False,markdown_market_v1
00-0040704,Dillon Gabriel,CLE,QB,2026,0.3,-0.4215567246728721,0.75,Positive developmental,cleveland_browns_fantasy_sentiment_2026.md:17,table,,,,,0.0,-0.42155672467287203,-0.2917195330566344,-13.0,-0.21878964979247578,0.75,medium,2026-08-24,1,1,False,markdown_market_v1
00-0036754,Brock Wright,DET,TE,2026,,,0.0,,,,,,,,0.0,,,,,0.0,none,2026-08-24,0,0,False,markdown_market_v1
00-0037563,Malik Davis,DAL,RB,2026,,,0.0,,,,278.54,,,,0.0,,,,,0.0,none,2026-08-24,0,0,False,markdown_market_v1
00-0036626,Dyami Brown,WAS,WR,2026,0.55,0.0,0.75,Positive,Washington_Commanders_Player_Sentiment_2026-02-17_to_2026-08-24.md:40,table,384.0,,,,0.0,0.0,0.7360562632902914,43.0,0.5520421974677185,0.75,medium,2026-08-24,1,1,False,markdown_market_v1
00-0035500,Greg Dortch,DET,WR,2026,0.55,0.0,0.62,Positive depth signal,detroit_lions_fantasy_sentiment_summary.md:14,bullet,344.0,,,,0.0,0.0,0.6279149126864528,29.0,0.3893072458656007,0.62,medium,2026-08-24,1,1,False,markdown_market_v1
00-0035631,Drew Sample,CIN,TE,2026,,,0.0,,,,373.0,,,,0.0,,,,,0.0,none,2026-08-24,0,0,False,markdown_market_v1
00-0030035,Adam Thielen,MIN,WR,2026,,,0.0,,,,,,,,0.0,,,,,0.0,none,2026-08-24,0,0,False,markdown_market_v1
00-0040234,Quinn Ewers,MIA,QB,2026,0.3,-0.4215567246728721,0.62,"Processing, timing, and recognition improved, but preseason mistakes and Willis’s lead status cap immediate value",miami_dolphins_player_sentiment_feb17_2026.md:16,bullet,351.75,,,,0.0,-0.4215567246728721,-0.3439079969199638,-19.0,-0.21322295809037756,0.62,medium,2026-08-24,1,1,False,markdown_market_v1
00-0040466,Raheim Sanders,CLE,RB,2026,,,0.0,,,,311.82,,,,0.0,,,,,0.0,none,2026-08-24,0,0,False,markdown_market_v1
00-0038839,Mitchell Tinsley,CIN,WR,2026,,,0.0,,,,307.0,,,,0.0,,,,,0.0,none,2026-08-24,0,0,False,markdown_market_v1
00-0037267,Jerome Ford,WAS,RB,2026,0.3,-0.6744907594765952,0.75,Mildly positive,Washington_Commanders_Player_Sentiment_2026-02-17_to_2026-08-24.md:26,table,295.27,,,,0.0,-0.6744907594765953,-0.7343270963476816,-52.0,-0.5507453222607612,0.75,medium,2026-08-24,1,1,False,markdown_market_v1
00-0040590,Konata Mumpfield,LA,WR,2026,0.3,-0.6744907594765952,0.75,Strong positive depth signal,los-angeles-rams-player-sentiment-feb-17-2026.md:24,table,299.42,,,,0.0,-0.6744907594765953,-0.5126389350275945,-55.0,-0.3844792012706959,0.75,medium,2026-08-24,1,1,False,markdown_market_v1
00-0027973,Andy Dalton,PHI,QB,2026,,,0.0,,,,,,,,0.0,,,,,0.0,none,2026-08-24,0,0,False,markdown_market_v1
00-0037742,Treylon Burks,WAS,WR,2026,0.3,-0.6744907594765952,0.75,Mildly positive,Washington_Commanders_Player_Sentiment_2026-02-17_to_2026-08-24.md:44,table,322.91,,,,0.0,-0.6744907594765953,-0.5573714620889968,-59.0,-0.4180285965667476,0.75,medium,2026-08-24,1,1,False,markdown_market_v1
00-0035249,Josh Oliver,MIN,TE,2026,,,0.0,,,,361.0,,,,0.0,,,,,0.0,none,2026-08-24,0,0,False,markdown_market_v1
00-0038720,Julian Hill,NE,TE,2026,,,0.0,,,,,,,,0.0,,,,,0.0,none,2026-08-24,0,0,False,markdown_market_v1
00-0039451,Isaiah Williams,NYJ,WR,2026,,,0.0,,,,268.0,,,,0.0,,,,,0.0,none,2026-08-24,0,0,False,markdown_market_v1
00-0040879,Matthew Hibner,BAL,TE,2026,0.3,-0.6744907594765952,0.75,Positive developmental,ravens-player-sentiment-feb-17-2026.md:30,table,,,,,0.0,-0.6744907594765953,-0.691488772744179,-44.0,-0.5186165795581342,0.75,medium,2026-08-24,1,1,False,markdown_market_v1
00-0036972,Mac Jones,SF,QB,2026,0.0,-0.9274247942803184,0.62,"Strong backup-roster signal, but little conventional fantasy relevance",49ers_fantasy_sentiment_summary_2026-08-24.md:27,bullet,333.97,,,,0.0,-0.9274247942803184,-1.2048143441582266,-73.0,-0.7469848933781005,0.62,medium,2026-08-24,1,1,False,markdown_market_v1
00-0040238,LeQuint Allen Jr.,JAX,RB,2026,0.55,0.0,0.62,positive,jacksonville_jaguars_player_sentiment_summary.md:16,bullet,265.14,,,,0.0,0.0,0.4274280467414575,28.0,0.26500538897970366,0.62,medium,2026-08-24,1,1,False,markdown_market_v1
00-0026158,Joe Flacco,CIN,QB,2026,,,0.0,,,,344.63,,,,0.0,,,,,0.0,none,2026-08-24,0,0,False,markdown_market_v1
00-0036755,Jaret Patterson,LAC,RB,2026,,,0.0,,,,323.5,,,,0.0,,,,,0.0,none,2026-08-24,0,0,False,markdown_market_v1
00-0034613,Tanner Hudson,CIN,TE,2026,0.55,0.0,0.75,Positive specialist: staff values his pass-game role.,bengals_player_sentiment_since_2026-02-17.md:17,table,,,,,0.0,0.0,0.12417029693579054,43.0,0.09312772270184291,0.75,medium,2026-08-24,1,1,False,markdown_market_v1
00-0040206,Riley Leonard,IND,QB,2026,0.0,-0.9274247942803184,0.62,"Favorable feedback on preparation, command and development, but he remains in an unresolved backup-quarterback competition",colts_player_sentiment_summary.md:15,bullet,356.29,,,,0.0,-0.9274247942803184,-1.0911537436812764,-55.0,-0.6765153210823913,0.62,medium,2026-08-24,1,1,False,markdown_market_v1
00-0032464,Kalif Raymond,CHI,WR,2026,0.55,0.0,0.75,Positive,chicago_bears_player_sentiment_since_2026-02-17.md:19,table,317.63,,,,0.0,0.0,-0.021887870326522025,-1.0,-0.01641590274489152,0.75,medium,2026-08-24,1,1,False,markdown_market_v1
00-0037805,Jeremy Ruckert,NYJ,TE,2026,0.55,0.0,0.62,"Positive real-football evaluations, but their presence adds target competition at tight end",jets_fantasy_sentiment_summary.md:17,bullet,341.0,,,,0.0,0.0,0.10273530599051652,30.0,0.06369588971412024,0.62,medium,2026-08-24,1,1,False,markdown_market_v1
00-0036898,Davis Mills,HOU,QB,2026,,,0.0,,,,,,,,0.0,,,,,0.0,none,2026-08-24,0,0,False,markdown_market_v1
00-0035125,Alec Ingold,LAC,RB,2026,,,0.0,,,,,,,,0.0,,,,,0.0,none,2026-08-24,0,0,False,markdown_market_v1
00-0040890,Cyrus Allen,KC,WR,2026,1.0,1.214083367057871,0.62,"Praise for quarterback trust, routes, quickness, and coachability",chiefs_player_sentiment_summary_2026-08-24.md:19,bullet,223.33,161.7,-61.630000000000024,-2.740202786305993,0.3333333333333333,-0.16853416908334,0.39676829373924954,17.0,0.2962536593253063,0.7466666666666666,high,2026-08-24,1,2,False,markdown_market_v1
00-0039751,Jordan Whittington,LA,WR,2026,0.3,-0.6744907594765952,0.75,Positive,los-angeles-rams-player-sentiment-feb-17-2026.md:25,table,353.5,,,,0.0,-0.6744907594765953,-1.235285793014521,-78.0,-0.9264643447608907,0.75,medium,2026-08-24,1,1,False,markdown_market_v1
00-0041529,Kevin Coleman Jr.,MIA,WR,2026,0.3,-0.6744907594765952,0.62,"Explosive and versatile, with return-game value",miami_dolphins_player_sentiment_feb17_2026.md:22,bullet,321.61,,,,0.0,-0.6744907594765952,-0.3719588051838859,-32.0,-0.23061445921400928,0.62,medium,2026-08-24,1,1,False,markdown_market_v1
00-0034270,Tyler Conklin,DET,TE,2026,,,0.0,,,,376.67,,,,0.0,,,,,0.0,none,2026-08-24,0,0,False,markdown_market_v1
00-0032434,Brandon Allen,NYG,QB,2026,,,0.0,,,,,,,,0.0,,,,,0.0,none,2026-08-24,0,0,False,markdown_market_v1
00-0040194,Jackson Hawes,BUF,TE,2026,,,0.0,,,,374.0,,,,0.0,,,,,0.0,none,2026-08-24,0,0,False,markdown_market_v1
00-0041568,Ty Simpson,LA,QB,2026,0.3,-0.4215567246728721,0.75,Positive development,los-angeles-rams-player-sentiment-feb-17-2026.md:27,table,345.58,,,,0.0,-0.42155672467287203,-0.5731010059816951,-37.0,-0.42982575448627136,0.75,medium,2026-08-24,1,1,False,markdown_market_v1
00-0041070,Reggie Virgil,ARI,WR,2026,,,0.0,,,,320.5,,,,0.0,,,,,0.0,none,2026-08-24,0,0,False,markdown_market_v1
00-0039796,Rasheen Ali,BAL,RB,2026,,,0.0,,,,326.57,,,,0.0,,,,,0.0,none,2026-08-24,0,0,False,markdown_market_v1
00-0038046,Charlie Kolar,LAC,TE,2026,0.55,0.0,0.75,Positive,Chargers_Player_Sentiment_Analysis.md:22,table,301.23,,,,0.0,0.0,0.04075137392474046,22.0,0.030563530443555344,0.75,medium,2026-08-24,1,1,False,markdown_market_v1
00-0033375,Tim Patrick,NYJ,WR,2026,0.55,0.0,0.62,Positive veteran-character feedback without a defined target role,jets_fantasy_sentiment_summary.md:21,bullet,356.25,,,,0.0,0.0,0.6699976091459857,33.0,0.41539851767051117,0.62,medium,2026-08-24,1,1,False,markdown_market_v1
00-0041561,Carson Beck,ARI,QB,2026,0.55,0.0,0.75,"Positive long term, weaker short term",arizona_cardinals_fantasy_sentiment_summary_2026-08-24.md:20,table,319.43,,,,0.0,0.0,0.3667716566899997,16.0,0.2750787425174998,0.75,medium,2026-08-24,1,1,False,markdown_market_v1
00-0041496,Jonah Coleman,DEN,RB,2026,0.8,0.6744907594765951,0.75,Very strong positive,Fantasy_Research_Denver_Broncos_Sentiment_2026-08-24.md:15,table,158.88,164.3,5.420000000000016,1.3218878097987414,0.3333333333333333,0.8736898518834094,1.7065500116660248,94.0,1.4221250097216873,0.8333333333333333,high,2026-08-24,1,2,False,markdown_market_v1
00-0036427,Tyler Johnson,DAL,WR,2026,,,0.0,,,,,,,,0.0,,,,,0.0,none,2026-08-24,0,0,False,markdown_market_v1
00-0035021,Ashton Dulin,IND,WR,2026,,,0.0,,,,314.67,,,,0.0,,,,,0.0,none,2026-08-24,0,0,False,markdown_market_v1
00-0040406,Quentin Skinner,NYJ,WR,2026,,,0.0,,,,,,,,0.0,,,,,0.0,none,2026-08-24,0,0,False,markdown_market_v1
00-0040628,Drake Dabney,GB,TE,2026,,,0.0,,,,,,,,0.0,,,,,0.0,none,2026-08-24,0,0,False,markdown_market_v1
00-0039359,Cade Stover,HOU,TE,2026,,,0.0,,,,,,,,0.0,,,,,0.0,none,2026-08-24,0,0,False,markdown_market_v1
00-0041398,Riley Nowakowski,PIT,TE,2026,,,0.0,,,,,,,,0.0,,,,,0.0,none,2026-08-24,0,0,False,markdown_market_v1
00-0032104,Ameer Abdullah,JAX,RB,2026,,,0.0,,,,,,,,0.0,,,,,0.0,none,2026-08-24,0,0,False,markdown_market_v1
00-0037276,Ty Chandler,NO,RB,2026,,,0.0,,,,281.0,,,,0.0,,,,,0.0,none,2026-08-24,0,0,False,markdown_market_v1
00-0038102,Kenny Pickett,CAR,QB,2026,,,0.0,,,,,,,,0.0,,,,,0.0,none,2026-08-24,0,0,False,markdown_market_v1
00-0041067,Bryce Lance,NO,WR,2026,,,0.0,,,,298.24,,,,0.0,,,,,0.0,none,2026-08-24,0,0,False,markdown_market_v1
00-0036849,Tutu Atwell,MIA,WR,2026,0.3,-0.6744907594765952,0.62,Consistent and assignment-sound,miami_dolphins_player_sentiment_feb17_2026.md:20,bullet,324.5,,,,0.0,-0.6744907594765952,-0.48100382113320655,-50.0,-0.29822236910258804,0.62,medium,2026-08-24,1,1,False,markdown_market_v1
00-0038614,Scott Matlock,LAC,RB,2026,0.55,0.0,0.75,Positive,Chargers_Player_Sentiment_Analysis.md:25,table,,,,,0.0,0.0,0.6696400991612285,50.0,0.5022300743709214,0.75,medium,2026-08-24,1,1,False,markdown_market_v1
00-0040644,Trevor Etienne,CAR,RB,2026,0.3,-0.6744907594765952,0.62,Positive developmental and handcuff signal,carolina_panthers_fantasy_sentiment_summary.md:19,bullet,301.61,,,,0.0,-0.6744907594765952,-0.5680110358645959,-34.0,-0.35216684223604944,0.62,medium,2026-08-24,1,1,False,markdown_market_v1
00-0032950,Carson Wentz,MIN,QB,2026,,,0.0,,,,,,,,0.0,,,,,0.0,none,2026-08-24,0,0,False,markdown_market_v1
00-0039021,Roschon Johnson,CHI,RB,2026,0.3,-0.6744907594765952,0.75,Cautiously positive,chicago_bears_player_sentiment_since_2026-02-17.md:27,table,338.5,,,,0.0,-0.6744907594765953,-0.5915008409565204,-40.0,-0.44362563071739036,0.75,medium,2026-08-24,1,1,False,markdown_market_v1
00-0041579,Seydou Traore,MIA,TE,2026,0.3,-0.6744907594765952,0.62,Athletic mismatch traits but raw,miami_dolphins_player_sentiment_feb17_2026.md:23,bullet,,,,,0.0,-0.6744907594765952,-0.6914887727441789,-39.0,-0.42872303910139087,0.62,medium,2026-08-24,1,1,False,markdown_market_v1
00-0040887,Josh Cuevas,BAL,TE,2026,0.3,-0.6744907594765952,0.75,Positive developmental,ravens-player-sentiment-feb-17-2026.md:31,table,,,,,0.0,-0.6744907594765953,-0.6785033080096475,-34.0,-0.5088774810072356,0.75,medium,2026-08-24,1,1,False,markdown_market_v1
00-0040522,Xavier Restrepo,TEN,WR,2026,,,0.0,,,,337.25,,,,0.0,,,,,0.0,none,2026-08-24,0,0,False,markdown_market_v1
00-0036628,John Bates,WAS,TE,2026,,,0.0,,,,326.22,,,,0.0,,,,,0.0,none,2026-08-24,0,0,False,markdown_market_v1
00-0035406,Lil'Jordan Humphrey,DEN,WR,2026,0.55,0.0,0.75,"Moderate positive, depth",Fantasy_Research_Denver_Broncos_Sentiment_2026-08-24.md:24,table,390.0,,,,0.0,0.0,0.7600977708590231,45.0,0.5700733281442674,0.75,medium,2026-08-24,1,1,False,markdown_market_v1
00-0036165,Isaiah Hodgins,NYG,WR,2026,,,0.0,,,,,,,,0.0,,,,,0.0,none,2026-08-24,0,0,False,markdown_market_v1
00-0035704,Drew Lock,SEA,QB,2026,0.0,-0.9274247942803184,0.75,Neutral,Seattle_Seahawks_Coachspeak_Sentiment_Feb17-Aug23_2026.md:26,table,,,,,0.0,-0.9274247942803185,-1.1706970276016948,-70.0,-0.8780227707012711,0.75,medium,2026-08-24,1,1,False,markdown_market_v1
00-0041094,Bauer Sharp,TB,TE,2026,0.3,-0.6744907594765952,0.75,Developmental positive,tampa_bay_buccaneers_fantasy_sentiment_2026.md:29,table,,,,,0.0,-0.6744907594765953,-0.6785033080096475,-34.0,-0.5088774810072356,0.75,medium,2026-08-24,1,1,False,markdown_market_v1
00-0037004,Hunter Long,JAX,TE,2026,,,0.0,,,,,,,,0.0,,,,,0.0,none,2026-08-24,0,0,False,markdown_market_v1
00-0034386,Justin Watson,HOU,WR,2026,0.55,0.0,0.75,Positive depth,texans_fantasy_sentiment_summary_2026-08-24.md:27,table,,,,,0.0,0.0,0.8434114707541787,54.0,0.632558603065634,0.75,medium,2026-08-24,1,1,False,markdown_market_v1
00-0038738,Hunter Luepke,DAL,RB,2026,,,0.0,,,,318.0,,,,0.0,,,,,0.0,none,2026-08-24,0,0,False,markdown_market_v1
00-0040398,Brady Cook,NYJ,QB,2026,,,0.0,,,,,,,,0.0,,,,,0.0,none,2026-08-24,0,0,False,markdown_market_v1
00-0040649,Robbie Ouzts,SEA,RB,2026,,,0.0,,,,,,,,0.0,,,,,0.0,none,2026-08-24,0,0,False,markdown_market_v1
00-0034771,Mason Rudolph,PIT,QB,2026,0.8,0.421556724672872,0.75,Strong positive,steelers-player-sentiment-2026.md:19,table,358.0,,,,0.0,0.421556724672872,1.1080817032948211,85.0,0.8310612774711159,0.75,medium,2026-08-24,1,1,False,markdown_market_v1
00-0034981,Foster Moreau,HOU,TE,2026,0.55,0.0,0.75,Positive real-life role,texans_fantasy_sentiment_summary_2026-08-24.md:31,table,,,,,0.0,0.0,0.02676888470853448,14.0,0.020076663531400862,0.75,medium,2026-08-24,1,1,False,markdown_market_v1
00-0037557,Ronnie Rivers,LA,RB,2026,,,0.0,,,,330.5,,,,0.0,,,,,0.0,none,2026-08-24,0,0,False,markdown_market_v1
00-0040888,Adam Randall,BAL,RB,2026,0.55,0.0,0.75,Positive versatility,ravens-player-sentiment-feb-17-2026.md:29,table,287.57,,,,0.0,0.0,0.4555514940210552,30.0,0.3416636205157914,0.75,medium,2026-08-24,1,1,False,markdown_market_v1
00-0038547,Luke Schoonmaker,DAL,TE,2026,0.3,-0.6744907594765952,0.62,"Positive developmental notes, but Ferguson remains the only immediate TE target",dallas_cowboys_fantasy_sentiment_summary.md:22,bullet,377.6,,,,0.0,-0.6744907594765952,-0.6998376182649694,-56.0,-0.433899323324281,0.62,medium,2026-08-24,1,1,False,markdown_market_v1
00-0034272,Marquez Valdes-Scantling,DAL,WR,2026,,,0.0,,,,375.0,,,,0.0,,,,,0.0,none,2026-08-24,0,0,False,markdown_market_v1
00-0039299,George Holani,SEA,RB,2026,0.3,-0.6744907594765952,0.75,Mildly positive,Seattle_Seahawks_Coachspeak_Sentiment_Feb17-Aug23_2026.md:22,table,248.98,,,,0.0,-0.6744907594765953,-0.5879793108254836,-38.0,-0.4409844831191127,0.75,medium,2026-08-24,1,1,False,markdown_market_v1
00-0037013,Zach Wilson,NO,QB,2026,0.0,-0.9274247942803184,0.75,Neutral,saints_fantasy_sentiment_update_2026-08-24.md:30,table,,,,,0.0,-0.9274247942803185,-0.9262316157274627,-49.0,-0.694673711795597,0.75,medium,2026-08-24,1,1,False,markdown_market_v1
00-0038891,Shedrick Jackson,LV,WR,2026,,,0.0,,,,,,,,0.0,,,,,0.0,none,2026-08-24,0,0,False,markdown_market_v1
00-0033217,Mo Alie-Cox,IND,TE,2026,0.55,0.0,0.62,"Positive comments on respective development, conditioning and blocking",colts_player_sentiment_summary.md:18,bullet,360.0,,,,0.0,0.0,0.005591117844274473,9.0,0.0034664930634501732,0.62,medium,2026-08-24,1,1,False,markdown_market_v1
00-0034959,Andrew Beck,NYJ,RB,2026,,,0.0,,,,,,,,0.0,,,,,0.0,none,2026-08-24,0,0,False,markdown_market_v1
00-0040277,Jahdae Walker,CHI,WR,2026,0.55,0.0,0.75,Positive,chicago_bears_player_sentiment_since_2026-02-17.md:24,table,334.0,,,,0.0,0.0,0.6514147185236475,30.0,0.4885610388927356,0.75,medium,2026-08-24,1,1,False,markdown_market_v1
00-0038794,Jaleel McLaughlin,DEN,RB,2026,0.3,-0.6744907594765952,0.75,Mild positive,Fantasy_Research_Denver_Broncos_Sentiment_2026-08-24.md:16,table,301.31,,,,0.0,-0.6744907594765953,-0.5323354742192326,-28.0,-0.3992516056644244,0.75,medium,2026-08-24,1,1,False,markdown_market_v1
00-0036265,AJ Dillon,CAR,RB,2026,,,0.0,,,,,,,,0.0,,,,,0.0,none,2026-08-24,0,0,False,markdown_market_v1
00-0039923,J.J. McCarthy,MIN,QB,2026,0.3,-0.4215567246728721,0.75,Mixed positive / role-negative,minnesota_vikings_player_sentiment_2026.md:18,table,321.02,,,,0.0,-0.42155672467287203,-0.3784126055275271,-25.0,-0.2838094541456453,0.75,medium,2026-08-24,2,1,False,markdown_market_v1
00-0040556,Corey Kiner,ARI,RB,2026,,,0.0,,,,,,,,0.0,,,,,0.0,none,2026-08-24,0,0,False,markdown_market_v1
00-0037085,Tyler Badie,DEN,RB,2026,0.3,-0.6744907594765952,0.75,Mild positive,Fantasy_Research_Denver_Broncos_Sentiment_2026-08-24.md:17,table,,,,,0.0,-0.6744907594765953,-0.44677560226004837,-20.0,-0.33508170169503626,0.75,medium,2026-08-24,1,1,False,markdown_market_v1
00-0039530,Brevyn Spann-Ford,DAL,TE,2026,0.3,-0.6744907594765952,0.62,"Positive developmental notes, but Ferguson remains the only immediate TE target",dallas_cowboys_fantasy_sentiment_summary.md:22,bullet,,,,,0.0,-0.6744907594765952,-0.8074296135983339,-66.0,-0.500606360430967,0.62,medium,2026-08-24,1,1,False,markdown_market_v1
00-0038840,Brycen Tremayne,CAR,WR,2026,0.55,0.0,0.62,Positive depth/competition language,carolina_panthers_fantasy_sentiment_summary.md:18,bullet,,,,,0.0,0.0,0.768768353364951,46.0,0.4766363790862696,0.62,medium,2026-08-24,1,1,False,markdown_market_v1
00-0033869,Mitchell Trubisky,TEN,QB,2026,,,0.0,,,,,,,,0.0,,,,,0.0,none,2026-08-24,0,0,False,markdown_market_v1
00-0041510,Max Klare,LA,TE,2026,0.3,-0.6744907594765952,0.75,Positive development,los-angeles-rams-player-sentiment-feb-17-2026.md:26,table,329.78,,,,0.0,-0.6744907594765953,-0.7074794387853092,-58.0,-0.5306095790889819,0.75,medium,2026-08-24,1,1,False,markdown_market_v1
00-0039737,Tip Reiman,ARI,TE,2026,0.55,0.0,0.75,Positive NFL role,arizona_cardinals_fantasy_sentiment_summary_2026-08-24.md:22,table,,,,,0.0,0.0,0.10456251952264932,32.0,0.07842188964198699,0.75,medium,2026-08-24,1,1,False,markdown_market_v1
00-0038440,Zavier Scott,MIN,RB,2026,,,0.0,,,,323.6,,,,0.0,,,,,0.0,none,2026-08-24,0,0,False,markdown_market_v1
00-0038589,Josh Whyle,GB,TE,2026,0.55,0.0,0.75,Moderate positive sentiment for versatility and growth.,packers_player_sentiment_summary.md:37,table,,,,,0.0,0.0,0.031202562484044297,19.0,0.023401921863033224,0.75,medium,2026-08-24,1,1,False,markdown_market_v1
00-0041084,Tanner Koziol,JAX,TE,2026,0.3,-0.6744907594765952,0.62,positive developmental,jacksonville_jaguars_player_sentiment_summary.md:22,bullet,354.0,,,,0.0,-0.6744907594765952,-0.6914887727441789,-39.0,-0.42872303910139087,0.62,medium,2026-08-24,1,1,False,markdown_market_v1
00-0036841,Austin Trammell,JAX,WR,2026,,,0.0,,,,,,,,0.0,,,,,0.0,none,2026-08-24,0,0,False,markdown_market_v1
00-0036187,Reggie Gilliam,NE,RB,2026,,,0.0,,,,330.5,,,,0.0,,,,,0.0,none,2026-08-24,0,0,False,markdown_market_v1
00-0037120,Tyler Goodson,ATL,RB,2026,,,0.0,,,,316.0,,,,0.0,,,,,0.0,none,2026-08-24,0,0,False,markdown_market_v1
00-0036567,Elijah Mitchell,PHI,RB,2026,,,0.0,,,,360.67,,,,0.0,,,,,0.0,none,2026-08-24,0,0,False,markdown_market_v1
00-0041100,Josh Cameron,JAX,WR,2026,0.3,-0.6744907594765952,0.62,developmental positives,jacksonville_jaguars_player_sentiment_summary.md:25,bullet,375.5,,,,0.0,-0.6744907594765952,-0.43904002579966317,-43.0,-0.27220481599579116,0.62,medium,2026-08-24,1,1,False,markdown_market_v1
00-0041217,J'Mari Taylor,JAX,RB,2026,,,0.0,,,,328.69,,,,0.0,,,,,0.0,none,2026-08-24,0,0,False,markdown_market_v1
00-0038400,Tanner McKee,PHI,QB,2026,0.0,-0.9274247942803184,0.75,Mixed,philadelphia-eagles-player-sentiment-2026-08-24.md:34,table,,,,,0.0,-0.9274247942803185,-1.0956135456034752,-58.0,-0.8217101592026064,0.75,medium,2026-08-24,1,1,False,markdown_market_v1
00-0035645,Gunner Olszewski,NYG,WR,2026,,,0.0,,,,,,,,0.0,,,,,0.0,none,2026-08-24,0,0,False,markdown_market_v1
00-0032918,C.J. Ham,MIN,RB,2026,,,0.0,,,,,,,,0.0,,,,,0.0,none,2026-08-24,0,0,False,markdown_market_v1
00-0041056,Cade Klubnik,NYJ,QB,2026,0.0,-0.9274247942803184,0.62,"Developmental praise, but no immediate starting path while competing for QB2",jets_fantasy_sentiment_summary.md:22,bullet,352.4,,,,0.0,-0.9274247942803184,-1.2744031881768931,-76.0,-0.7901299766696738,0.62,medium,2026-08-24,1,1,False,markdown_market_v1
00-0037086,Grant Calcaterra,PHI,TE,2026,,,0.0,,,,,,,,0.0,,,,,0.0,none,2026-08-24,0,0,False,markdown_market_v1
00-0038710,Blake Whiteheart,CLE,TE,2026,,,0.0,,,,,,,,0.0,,,,,0.0,none,2026-08-24,0,0,False,markdown_market_v1
00-0036727,Adam Prentice,DEN,RB,2026,,,0.0,,,,,,,,0.0,,,,,0.0,none,2026-08-24,0,0,False,markdown_market_v1
00-0040208,Tahj Brooks,CIN,RB,2026,,,0.0,,,,301.52,,,,0.0,,,,,0.0,none,2026-08-24,0,0,False,markdown_market_v1
00-0036862,Ben Skowronek,PIT,WR,2026,,,0.0,,,,,,,,0.0,,,,,0.0,none,2026-08-24,0,0,False,markdown_market_v1
00-0039912,Ben Sinnott,WAS,TE,2026,0.15,-1.0791852151625523,0.75,Neutral-positive,Washington_Commanders_Player_Sentiment_2026-02-17_to_2026-08-24.md:55,table,354.0,,,,0.0,-1.0791852151625523,-1.1923377282163616,-77.0,-0.8942532961622712,0.75,medium,2026-08-24,1,1,False,markdown_market_v1
00-0039364,Sione Vaki,DET,RB,2026,0.0,-1.4838796708485094,0.62,Mixed,detroit_lions_fantasy_sentiment_summary.md:21,bullet,318.38,,,,0.0,-1.4838796708485094,-1.7839075765234023,-82.0,-1.1060226974445093,0.62,medium,2026-08-24,1,1,False,markdown_market_v1
00-0039305,Jack Westover,NE,RB,2026,,,0.0,,,,,,,,0.0,,,,,0.0,none,2026-08-24,0,0,False,markdown_market_v1
00-0037231,Kevin Austin Jr.,NO,WR,2026,,,0.0,,,,,,,,0.0,,,,,0.0,none,2026-08-24,0,0,False,markdown_market_v1
00-0038938,Jalin Hyatt,NYG,WR,2026,,,0.0,,,,,,,,0.0,,,,,0.0,none,2026-08-24,0,0,False,markdown_market_v1
00-0035891,Cody White,SEA,WR,2026,,,0.0,,,,,,,,0.0,,,,,0.0,none,2026-08-24,0,0,False,markdown_market_v1
00-0038647,Ronnie Bell,NO,WR,2026,,,0.0,,,,,,,,0.0,,,,,0.0,none,2026-08-24,0,0,False,markdown_market_v1
00-0036429,Charlie Woerner,ATL,TE,2026,,,0.0,,,,,,,,0.0,,,,,0.0,none,2026-08-24,0,0,False,markdown_market_v1
00-0040582,Arian Smith,NYJ,WR,2026,,,0.0,,,,,,,,0.0,,,,,0.0,none,2026-08-24,0,0,False,markdown_market_v1
00-0040673,Jalen Milroe,SEA,QB,2026,0.3,-0.4215567246728721,0.75,Positive developmental,Seattle_Seahawks_Coachspeak_Sentiment_Feb17-Aug23_2026.md:25,table,367.67,,,,0.0,-0.42155672467287203,-0.2963407476473817,-16.0,-0.2222555607355363,0.75,medium,2026-08-24,1,1,False,markdown_market_v1
00-0040067,Jacardia Wright,SEA,RB,2026,0.55,0.0,0.75,Positive sleeper,Seattle_Seahawks_Coachspeak_Sentiment_Feb17-Aug23_2026.md:24,table,,,,,0.0,0.0,0.6352042026223247,48.0,0.47640315196674354,0.75,medium,2026-08-24,1,1,False,markdown_market_v1
00-0037329,Brittain Brown,CHI,RB,2026,,,0.0,,,,,,,,0.0,,,,,0.0,none,2026-08-24,0,0,False,markdown_market_v1
00-0039050,Payne Durham,TB,TE,2026,,,0.0,,,,,,,,0.0,,,,,0.0,none,2026-08-24,0,0,False,markdown_market_v1
00-0041485,Miles Davis,CAR,RB,2026,,,0.0,,,,353.0,,,,0.0,,,,,0.0,none,2026-08-24,0,0,False,markdown_market_v1
00-0034577,Kyle Allen,BUF,QB,2026,,,0.0,,,,,,,,0.0,,,,,0.0,none,2026-08-24,0,0,False,markdown_market_v1
00-0040563,Efton Chism III,NE,WR,2026,1.0,1.214083367057871,0.75,Very positive,Fantasy_Research_Patriots_Sentiment_Summary.md:31,table,,,,,0.0,1.214083367057871,2.799564702916151,100.0,2.099673527187113,0.75,medium,2026-08-24,1,1,False,markdown_market_v1
00-0026300,Josh Johnson,CIN,QB,2026,,,0.0,,,,,,,,0.0,,,,,0.0,none,2026-08-24,0,0,False,markdown_market_v1
00-0037348,Tanner Conner,NYG,TE,2026,,,0.0,,,,,,,,0.0,,,,,0.0,none,2026-08-24,0,0,False,markdown_market_v1
00-0041178,Robert Henry Jr.,WAS,RB,2026,0.15,-1.0791852151625523,0.75,Neutral-positive,Washington_Commanders_Player_Sentiment_2026-02-17_to_2026-08-24.md:27,table,330.0,,,,0.0,-1.0791852151625523,-0.9572399969869044,-68.0,-0.7179299977401783,0.75,medium,2026-08-24,1,1,False,markdown_market_v1
00-0041191,Cash Jones,ATL,RB,2026,0.3,-0.6744907594765952,0.75,Mildly bullish deep sleeper [cite:1],falcons_player_sentiment_2026.md:33,table,315.33,,,,0.0,-0.6744907594765953,-0.4144025019874766,-12.0,-0.3108018764906074,0.75,medium,2026-08-24,1,1,False,markdown_market_v1
00-0038416,Tyson Bagent,CHI,QB,2026,0.55,0.0,0.75,Positive,chicago_bears_player_sentiment_since_2026-02-17.md:25,table,,,,,0.0,0.0,0.4179546266000823,22.0,0.3134659699500617,0.75,medium,2026-08-24,1,1,False,markdown_market_v1
00-0041106,C.J. Williams,JAX,WR,2026,0.3,-0.6744907594765952,0.62,developmental positives,jacksonville_jaguars_player_sentiment_summary.md:25,bullet,,,,,0.0,-0.6744907594765952,-0.3719588051838859,-32.0,-0.23061445921400928,0.62,medium,2026-08-24,1,1,False,markdown_market_v1
00-0040184,KeAndre Lambert-Smith,LAC,WR,2026,0.55,0.0,0.75,Positive,Chargers_Player_Sentiment_Analysis.md:28,table,,,,,0.0,0.0,0.6589777515669156,32.0,0.49423331367518675,0.75,medium,2026-08-24,1,1,False,markdown_market_v1
00-0040946,Jaden Nixon,GB,RB,2026,,,0.0,,,,,,,,0.0,,,,,0.0,none,2026-08-24,0,0,False,markdown_market_v1
00-0040964,EJ Smith,KC,RB,2026,,,0.0,,,,,,,,0.0,,,,,0.0,none,2026-08-24,0,0,False,markdown_market_v1
00-0040959,Jaydn Ott,KC,RB,2026,,,0.0,,,,339.0,,,,0.0,,,,,0.0,none,2026-08-24,0,0,False,markdown_market_v1
00-0033246,Johnny Mundt,PHI,TE,2026,,,0.0,,,,,,,,0.0,,,,,0.0,none,2026-08-24,0,0,False,markdown_market_v1
00-0036182,Nick Westbrook-Ikhine,IND,WR,2026,,,0.0,,,,320.57,,,,0.0,,,,,0.0,none,2026-08-24,0,0,False,markdown_market_v1
00-0033376,Patrick Ricard,NYG,RB,2026,,,0.0,,,,,,,,0.0,,,,,0.0,none,2026-08-24,0,0,False,markdown_market_v1
00-0033576,Eric Saubert,SEA,TE,2026,,,0.0,,,,,,,,0.0,,,,,0.0,none,2026-08-24,0,0,False,markdown_market_v1
00-0041312,Noah Whittington,HOU,RB,2026,,,0.0,,,,315.33,,,,0.0,,,,,0.0,none,2026-08-24,0,0,False,markdown_market_v1
00-0041307,Joshua Pitsenberger,HOU,RB,2026,,,0.0,,,,,,,,0.0,,,,,0.0,none,2026-08-24,0,0,False,markdown_market_v1
00-0040886,Nicholas Singleton,TEN,RB,2026,,,0.0,,,,209.41,,,,0.0,,,,,0.0,none,2026-08-24,0,0,False,markdown_market_v1
00-0039521,Xavier Weaver,ARI,WR,2026,,,0.0,,,,,,,,0.0,,,,,0.0,none,2026-08-24,0,0,False,markdown_market_v1
00-0033949,Joshua Dobbs,DET,QB,2026,,,0.0,,,,,,,,0.0,,,,,0.0,none,2026-08-24,0,0,False,markdown_market_v1
00-0041433,Kadarius Calloway,TB,RB,2026,,,0.0,,,,,,,,0.0,,,,,0.0,none,2026-08-24,0,0,False,markdown_market_v1
00-0041443,Skyler Bell,BUF,WR,2026,0.3,-0.6744907594765952,0.62,developmental positive,bills_player_sentiment_since_2026-02-17.md:16,bullet,288.78,,,,0.0,-0.6744907594765952,-0.43904002579966317,-43.0,-0.27220481599579116,0.62,medium,2026-08-24,1,1,False,markdown_market_v1
00-0041446,Kendrick Law,DET,WR,2026,,,0.0,,,,378.5,,,,0.0,,,,,0.0,none,2026-08-24,0,0,False,markdown_market_v1
00-0036980,Elijah Moore,PHI,WR,2026,0.3,-0.6744907594765952,0.75,Positive,philadelphia-eagles-player-sentiment-2026-08-24.md:22,table,336.0,,,,0.0,-0.6744907594765953,-0.39560148734293316,-38.0,-0.29670111550719985,0.75,medium,2026-08-24,1,1,False,markdown_market_v1
00-0040218,Jimmy Horn Jr.,CAR,WR,2026,,,0.0,,,,347.0,,,,0.0,,,,,0.0,none,2026-08-24,0,0,False,markdown_market_v1
00-0039394,Casey Washington,ATL,WR,2026,,,0.0,,,,,,,,0.0,,,,,0.0,none,2026-08-24,0,0,False,markdown_market_v1
00-0041087,Joe Royer,CLE,TE,2026,0.55,0.0,0.75,Positive depth,cleveland_browns_fantasy_sentiment_2026.md:26,table,,,,,0.0,0.0,0.1064963349647531,35.0,0.07987225122356482,0.75,medium,2026-08-24,1,1,False,markdown_market_v1
00-0034798,Durham Smythe,BAL,TE,2026,0.55,0.0,0.75,Positive role player,ravens-player-sentiment-feb-17-2026.md:32,table,,,,,0.0,0.0,0.027320324717779232,17.0,0.020490243538334424,0.75,medium,2026-08-24,1,1,False,markdown_market_v1
00-0037098,Samori Toure,PHI,WR,2026,,,0.0,,,,,,,,0.0,,,,,0.0,none,2026-08-24,0,0,False,markdown_market_v1
00-0039746,Will Shipley,PHI,RB,2026,0.3,-0.6744907594765952,0.75,Positive depth,philadelphia-eagles-player-sentiment-2026-08-24.md:24,table,313.57,,,,0.0,-0.6744907594765953,-0.5638090751258124,-30.0,-0.4228568063443593,0.75,medium,2026-08-24,1,1,False,markdown_market_v1
00-0033455,Anthony Firkser,WAS,TE,2026,,,0.0,,,,,,,,0.0,,,,,0.0,none,2026-08-24,0,0,False,markdown_market_v1
00-0041565,Drew Allar,PIT,QB,2026,0.55,0.0,0.75,Positive,steelers-player-sentiment-2026.md:20,table,,,,,0.0,0.0,0.45735561668471547,34.0,0.3430167125135366,0.75,medium,2026-08-24,1,1,False,markdown_market_v1
00-0041239,Chip Trayanum,NYJ,RB,2026,,,0.0,,,,,,,,0.0,,,,,0.0,none,2026-08-24,0,0,False,markdown_market_v1
00-0041200,Sam Scott,NYJ,RB,2026,,,0.0,,,,,,,,0.0,,,,,0.0,none,2026-08-24,0,0,False,markdown_market_v1
00-0040901,Jaren Kanak,TEN,TE,2026,0.55,0.0,0.62,"Positive special-teams sentiment, not fantasy actionable",tennessee-titans-fantasy-sentiment-feb-aug-2026.md:33,bullet,,,,,0.0,0.0,0.13246726443381626,48.0,0.08212970394896608,0.62,medium,2026-08-24,1,1,False,markdown_market_v1
00-0039623,Mason Tipton,NO,WR,2026,0.3,-0.6744907594765952,0.75,Cautiously positive health,saints_fantasy_sentiment_update_2026-08-24.md:32,table,,,,,0.0,-0.6744907594765953,-0.31076665976202344,-29.0,-0.23307499482151758,0.75,medium,2026-08-24,1,1,False,markdown_market_v1
00-0035289,Gardner Minshew,ARI,QB,2026,0.15,-0.6744907594765952,0.75,Neutral-to-positive backup,arizona_cardinals_fantasy_sentiment_summary_2026-08-24.md:28,table,356.33,,,,0.0,-0.6744907594765953,-0.5091490033410354,-34.0,-0.3818617525057766,0.75,medium,2026-08-24,1,1,False,markdown_market_v1
00-0039062,Jonathan Mingo,DAL,WR,2026,0.55,0.0,0.62,Positive camp notes amid a crowded receiver competition,dallas_cowboys_fantasy_sentiment_summary.md:25,bullet,,,,,0.0,0.0,0.7226530651751931,40.0,0.4480449004086197,0.62,medium,2026-08-24,1,1,False,markdown_market_v1
00-0036887,Luke Farrell,SF,TE,2026,0.0,-1.4838796708485094,0.62,"Strong camp praise, but fantasy relevance depends on a Kittle absence",49ers_fantasy_sentiment_summary_2026-08-24.md:29,bullet,,,,,0.0,-1.4838796708485094,-1.6756219997608741,-84.0,-1.0388856398517419,0.62,medium,2026-08-24,1,1,False,markdown_market_v1
00-0041099,Barion Brown,NO,WR,2026,0.55,0.0,0.75,Positive niche,saints_fantasy_sentiment_update_2026-08-24.md:27,table,,,,,0.0,0.0,0.7422573132077861,44.0,0.5566929849058395,0.75,medium,2026-08-24,1,1,False,markdown_market_v1
00-0040154,Tai Felton,MIN,WR,2026,0.3,-0.6744907594765952,0.75,"Positive, conditional",minnesota_vikings_player_sentiment_2026.md:25,table,350.6,,,,0.0,-0.6744907594765953,-0.5011443501381266,-51.0,-0.375858262603595,0.75,medium,2026-08-24,1,1,False,markdown_market_v1
00-0038783,Nate Adkins,DEN,TE,2026,,,0.0,,,,,,,,0.0,,,,,0.0,none,2026-08-24,0,0,False,markdown_market_v1
00-0038640,Jalen Brooks,ARI,WR,2026,,,0.0,,,,,,,,0.0,,,,,0.0,none,2026-08-24,0,0,False,markdown_market_v1
00-0037091,Bo Melton,GB,WR,2026,0.55,0.0,0.75,"Positive utility sentiment tied to speed, effort, and flexibility.",packers_player_sentiment_summary.md:34,table,,,,,0.0,0.0,0.6738054263611815,34.0,0.505354069770886,0.75,medium,2026-08-24,1,1,False,markdown_market_v1
00-0040024,Darius Cooper,PHI,WR,2026,0.3,-0.6744907594765952,0.75,Positive depth,philadelphia-eagles-player-sentiment-2026-08-24.md:26,table,,,,,0.0,-0.6744907594765953,-0.33132300064931985,-30.0,-0.2484922504869899,0.75,medium,2026-08-24,1,1,False,markdown_market_v1
00-0040172,Jordan Watkins,SF,WR,2026,0.0,-1.4838796708485094,0.62,"Coaches note improvement and greater consistency, but no clear role signal",49ers_fantasy_sentiment_summary_2026-08-24.md:25,bullet,333.0,,,,0.0,-1.4838796708485094,-1.6373951356993341,-83.0,-1.0151849841335872,0.62,medium,2026-08-24,1,1,False,markdown_market_v1
00-0040259,Gage Larvadain,CLE,WR,2026,,,0.0,,,,,,,,0.0,,,,,0.0,none,2026-08-24,0,0,False,markdown_market_v1
00-0036679,Shane Buechele,BUF,QB,2026,,,0.0,,,,,,,,0.0,,,,,0.0,none,2026-08-24,0,0,False,markdown_market_v1
00-0039589,Kameron Johnson,TB,WR,2026,,,0.0,,,,,,,,0.0,,,,,0.0,none,2026-08-24,0,0,False,markdown_market_v1
00-0037292,Andrew Ogletree,IND,TE,2026,,,0.0,,,,,,,,0.0,,,,,0.0,none,2026-08-24,0,0,False,markdown_market_v1
00-0040547,Nate Carter,ATL,RB,2026,,,0.0,,,,,,,,0.0,,,,,0.0,none,2026-08-24,0,0,False,markdown_market_v1
00-0037304,Connor Heyward,LV,TE,2026,,,0.0,,,,,,,,0.0,,,,,0.0,none,2026-08-24,0,0,False,markdown_market_v1
00-0040998,Roman Hemby,LV,RB,2026,,,0.0,,,,286.0,,,,0.0,,,,,0.0,none,2026-08-24,0,0,False,markdown_market_v1
00-0036959,Michael Bandy,DEN,WR,2026,,,0.0,,,,,,,,0.0,,,,,0.0,none,2026-08-24,0,0,False,markdown_market_v1
00-0038728,Jared Wayne,HOU,WR,2026,0.55,0.0,0.75,Positive depth,texans_fantasy_sentiment_summary_2026-08-24.md:28,table,,,,,0.0,0.0,0.9455592113474004,62.0,0.7091694085105503,0.75,medium,2026-08-24,1,1,False,markdown_market_v1
00-0039398,Joe Milton III,DAL,QB,2026,,,0.0,,,,354.0,,,,0.0,,,,,0.0,none,2026-08-24,0,0,False,markdown_market_v1
00-0037258,Dameon Pierce,PHI,RB,2026,,,0.0,,,,347.57,,,,0.0,,,,,0.0,none,2026-08-24,0,0,False,markdown_market_v1
00-0038573,Derius Davis,LAC,WR,2026,0.55,0.0,0.75,Positive,Chargers_Player_Sentiment_Analysis.md:27,table,,,,,0.0,0.0,0.731085975480081,41.0,0.5483144816100608,0.75,medium,2026-08-24,1,1,False,markdown_market_v1
00-0039757,Terrell Jennings,NE,RB,2026,,,0.0,,,,351.2,,,,0.0,,,,,0.0,none,2026-08-24,0,0,False,markdown_market_v1
00-0040646,Jalen Royals,KC,WR,2026,0.55,0.0,0.62,Upward trajectory with first-unit work,chiefs_player_sentiment_summary_2026-08-24.md:15,bullet,312.36,,,,0.0,0.0,0.5900472670401135,26.0,0.36582930556487037,0.62,medium,2026-08-24,1,1,False,markdown_market_v1
00-0040894,Malik Benson,LV,WR,2026,0.3,-0.6744907594765952,0.62,positive developmental,raiders_player_sentiment_summary_2026.md:28,bullet,318.56,,,,0.0,-0.6744907594765952,-0.43904002579966317,-43.0,-0.27220481599579116,0.62,medium,2026-08-24,1,1,False,markdown_market_v1
00-0041467,Lewis Bond,HOU,WR,2026,0.8,0.6744907594765951,0.75,Strong positive sleeper,texans_fantasy_sentiment_summary_2026-08-24.md:25,table,,,,,0.0,0.6744907594765951,1.856473431599458,95.0,1.3923550736995935,0.75,medium,2026-08-24,1,1,False,markdown_market_v1
00-0040244,Moliki Matavao,NO,TE,2026,,,0.0,,,,,,,,0.0,,,,,0.0,none,2026-08-24,0,0,False,markdown_market_v1
00-0038090,Skyy Moore,GB,WR,2026,0.55,0.0,0.75,"Positive sleeper sentiment tied to YAC ability, speed, and return value.",packers_player_sentiment_summary.md:35,table,,,,,0.0,0.0,0.8231752465448063,52.0,0.6173814349086048,0.75,medium,2026-08-24,1,1,False,markdown_market_v1
00-0040142,Kaleb Johnson,PIT,RB,2026,0.3,-0.6744907594765952,0.75,Mixed-positive,steelers-player-sentiment-2026.md:32,table,278.4,,,,0.0,-0.6744907594765953,-0.5656245558993755,-32.0,-0.42421841692453166,0.75,medium,2026-08-24,1,1,False,markdown_market_v1
00-0040534,Ke'Shawn Williams,CIN,WR,2026,,,0.0,,,,,,,,0.0,,,,,0.0,none,2026-08-24,0,0,False,markdown_market_v1
00-0036331,Devin Duvernay,ARI,WR,2026,,,0.0,,,,,,,,0.0,,,,,0.0,none,2026-08-24,0,0,False,markdown_market_v1
00-0033319,Nick Mullens,JAX,QB,2026,,,0.0,,,,,,,,0.0,,,,,0.0,none,2026-08-24,0,0,False,markdown_market_v1
00-0036741,Jack Stoll,CLE,TE,2026,,,0.0,,,,,,,,0.0,,,,,0.0,none,2026-08-24,0,0,False,markdown_market_v1
00-0040432,Beaux Collins,NYG,WR,2026,,,0.0,,,,,,,,0.0,,,,,0.0,none,2026-08-24,0,0,False,markdown_market_v1
00-0036842,Kene Nwangwu,NYJ,RB,2026,,,0.0,,,,,,,,0.0,,,,,0.0,none,2026-08-24,0,0,False,markdown_market_v1
00-0037539,Lucas Krull,DEN,TE,2026,,,0.0,,,,,,,,0.0,,,,,0.0,none,2026-08-24,0,0,False,markdown_market_v1
00-0036876,Kylen Granson,TEN,TE,2026,,,0.0,,,,,,,,0.0,,,,,0.0,none,2026-08-24,0,0,False,markdown_market_v1
00-0041081,Max Bredeson,MIN,TE,2026,,,0.0,,,,,,,,0.0,,,,,0.0,none,2026-08-24,0,0,False,markdown_market_v1
00-0040317,Jacoby Jones,WAS,WR,2026,,,0.0,,,,,,,,0.0,,,,,0.0,none,2026-08-24,0,0,False,markdown_market_v1
00-0040009,Savion Williams,GB,WR,2026,0.3,-0.6744907594765952,0.75,Developmental positive: staff likes the size/speed profile and possible red-zone utility.,packers_player_sentiment_summary.md:33,table,337.4,,,,0.0,-0.6744907594765953,-0.5683818822473172,-61.0,-0.4262864116854879,0.75,medium,2026-08-24,1,1,False,markdown_market_v1
00-0037093,Dareke Young,LV,WR,2026,,,0.0,,,,,,,,0.0,,,,,0.0,none,2026-08-24,0,0,False,markdown_market_v1
00-0041104,Demond Claiborne,MIN,RB,2026,0.3,-0.6744907594765952,0.75,Positive developmental,minnesota_vikings_player_sentiment_2026.md:21,table,244.58,,,,0.0,-0.6744907594765953,-0.6311300036813341,-45.0,-0.47334750276100057,0.75,medium,2026-08-24,1,1,False,markdown_market_v1
00-0040629,Dalevon Campbell,LAC,WR,2026,,,0.0,,,,,,,,0.0,,,,,0.0,none,2026-08-24,0,0,False,markdown_market_v1
00-0040241,Dominic Lovett,DET,WR,2026,,,0.0,,,,,,,,0.0,,,,,0.0,none,2026-08-24,0,0,False,markdown_market_v1
00-0041069,Colbie Young,CIN,WR,2026,0.3,-0.6744907594765952,0.75,"Positive developmental: praised for physical traits, hands, catch radius, and dependability.",bengals_player_sentiment_since_2026-02-17.md:14,table,339.71,,,,0.0,-0.6744907594765953,-0.5061212464154404,-54.0,-0.37959093481158035,0.75,medium,2026-08-24,1,1,False,markdown_market_v1
00-0040225,Thomas Fidone II,NYG,TE,2026,,,0.0,,,,,,,,0.0,,,,,0.0,none,2026-08-24,0,0,False,markdown_market_v1
00-0038579,Aidan O'Connell,LV,QB,2026,0.55,0.0,0.62,positive depth signal,raiders_player_sentiment_summary_2026.md:15,bullet,,,,,0.0,0.0,0.43024701542658866,28.0,0.266753149564485,0.62,medium,2026-08-24,1,1,False,markdown_market_v1
00-0039648,David Martin-Robinson,TEN,TE,2026,,,0.0,,,,,,,,0.0,,,,,0.0,none,2026-08-24,0,0,False,markdown_market_v1
00-0038576,Charlie Jones,CIN,WR,2026,,,0.0,,,,,,,,0.0,,,,,0.0,none,2026-08-24,0,0,False,markdown_market_v1
00-0038824,Ryan Miller,NYG,WR,2026,,,0.0,,,,,,,,0.0,,,,,0.0,none,2026-08-24,0,0,False,markdown_market_v1
00-0034365,Ian Thomas,LV,TE,2026,,,0.0,,,,,,,,0.0,,,,,0.0,none,2026-08-24,0,0,False,markdown_market_v1
00-0040387,Zach Horton,DET,TE,2026,,,0.0,,,,,,,,0.0,,,,,0.0,none,2026-08-24,0,0,False,markdown_market_v1
00-0038519,Nikko Remigio,KC,WR,2026,,,0.0,,,,,,,,0.0,,,,,0.0,none,2026-08-24,0,0,False,markdown_market_v1
00-0035140,Mecole Hardman,BUF,WR,2026,-0.55,-2.9677593416970187,0.62,neutral to negative,bills_player_sentiment_since_2026-02-17.md:18,bullet,,,,,0.0,-2.9677593416970187,-3.0,-98.0,-1.8599999999999999,0.62,medium,2026-08-24,1,1,False,markdown_market_v1
00-0040352,Coleman Owen,IND,WR,2026,,,0.0,,,,,,,,0.0,,,,,0.0,none,2026-08-24,0,0,False,markdown_market_v1
00-0040039,Amar Johnson,LAC,RB,2026,,,0.0,,,,,,,,0.0,,,,,0.0,none,2026-08-24,0,0,False,markdown_market_v1
00-0037132,Britain Covey,PHI,WR,2026,0.15,-1.0791852151625523,0.75,Neutral-to-positive,philadelphia-eagles-player-sentiment-2026-08-24.md:38,table,,,,,0.0,-1.0791852151625523,-0.8667172948048446,-70.0,-0.6500379711036335,0.75,medium,2026-08-24,1,1,False,markdown_market_v1
00-0040476,Ulysses Bentley IV,IND,RB,2026,,,0.0,,,,,,,,0.0,,,,,0.0,none,2026-08-24,0,0,False,markdown_market_v1
00-0036646,Simi Fehoko,ARI,WR,2026,,,0.0,,,,,,,,0.0,,,,,0.0,none,2026-08-24,0,0,False,markdown_market_v1
00-0040494,Max Brosmer,MIN,QB,2026,,,0.0,,,,,,,,0.0,,,,,0.0,none,2026-08-24,0,0,False,markdown_market_v1
00-0039816,Anthony Gould,IND,WR,2026,,,0.0,,,,,,,,0.0,,,,,0.0,none,2026-08-24,0,0,False,markdown_market_v1
00-0040429,Josh Williams,TB,RB,2026,,,0.0,,,,,,,,0.0,,,,,0.0,none,2026-08-24,0,0,False,markdown_market_v1
00-0039884,Tahj Washington,MIA,WR,2026,,,0.0,,,,,,,,0.0,,,,,0.0,none,2026-08-24,0,0,False,markdown_market_v1
00-0034867,Malik Turner,SF,WR,2026,,,0.0,,,,,,,,0.0,,,,,0.0,none,2026-08-24,0,0,False,markdown_market_v1
00-0039397,Tejhaun Palmer,ARI,WR,2026,,,0.0,,,,,,,,0.0,,,,,0.0,none,2026-08-24,0,0,False,markdown_market_v1
00-0040506,Myles Price,MIN,WR,2026,1.0,1.214083367057871,0.75,Very positive,minnesota_vikings_player_sentiment_2026.md:26,table,,,,,0.0,1.214083367057871,2.6994660430516677,99.0,2.0245995322887507,0.75,medium,2026-08-24,1,1,False,markdown_market_v1
00-0034487,Trent Sherfield,BUF,WR,2026,,,0.0,,,,,,,,0.0,,,,,0.0,none,2026-08-24,0,0,False,markdown_market_v1
00-0040120,Jimmy Holiday,KC,WR,2026,0.3,-0.6744907594765952,0.62,Brief positive practice note,chiefs_player_sentiment_summary_2026-08-24.md:31,bullet,,,,,0.0,-0.6744907594765952,-0.2027982299483252,-18.0,-0.12573490256796163,0.62,medium,2026-08-24,1,1,False,markdown_market_v1
00-0040509,Ben Yurosek,MIN,TE,2026,,,0.0,,,,,,,,0.0,,,,,0.0,none,2026-08-24,0,0,False,markdown_market_v1
00-0039379,Jamari Thrash,CLE,WR,2026,,,0.0,,,,,,,,0.0,,,,,0.0,none,2026-08-24,0,0,False,markdown_market_v1
00-0038590,Justin Shorter,LV,WR,2026,,,0.0,,,,,,,,0.0,,,,,0.0,none,2026-08-24,0,0,False,markdown_market_v1
00-0040488,Carter Runyon,LV,TE,2026,,,0.0,,,,,,,,0.0,,,,,0.0,none,2026-08-24,0,0,False,markdown_market_v1
00-0038488,Brady Russell,SEA,RB,2026,,,0.0,,,,,,,,0.0,,,,,0.0,none,2026-08-24,0,0,False,markdown_market_v1
00-0039407,Dylan Laube,LV,RB,2026,0.0,-1.4838796708485094,0.62,neutral/open competition,raiders_player_sentiment_summary_2026.md:21,bullet,325.0,,,,0.0,-1.4838796708485094,-1.7994317342753638,-86.0,-1.1156476752507256,0.62,medium,2026-08-24,1,1,False,markdown_market_v1
00-0036590,Quintin Morris,JAX,TE,2026,,,0.0,,,,,,,,0.0,,,,,0.0,none,2026-08-24,0,0,False,markdown_market_v1
00-0032951,Laquon Treadwell,IND,WR,2026,,,0.0,,,,,,,,0.0,,,,,0.0,none,2026-08-24,0,0,False,markdown_market_v1
00-0039603,British Brooks,HOU,RB,2026,,,0.0,,,,,,,,0.0,,,,,0.0,none,2026-08-24,0,0,False,markdown_market_v1
00-0038896,Jacob Saylors,DET,RB,2026,0.55,0.0,0.62,Positive roster-battle momentum,detroit_lions_fantasy_sentiment_summary.md:22,bullet,,,,,0.0,0.0,0.5131753889801524,34.0,0.31816874116769445,0.62,medium,2026-08-24,1,1,False,markdown_market_v1
00-0038492,Jason Brownlee,KC,WR,2026,,,0.0,,,,,,,,0.0,,,,,0.0,none,2026-08-24,0,0,False,markdown_market_v1
00-0033589,David Moore,CAR,WR,2026,0.55,0.0,0.62,Positive depth/competition language,carolina_panthers_fantasy_sentiment_summary.md:18,bullet,,,,,0.0,0.0,0.7737460936970105,48.0,0.4797225780921465,0.62,medium,2026-08-24,1,1,False,markdown_market_v1
00-0036497,Tim Jones,JAX,WR,2026,,,0.0,,,,,,,,0.0,,,,,0.0,none,2026-08-24,0,0,False,markdown_market_v1
00-0040075,LaJohntay Wester,BAL,WR,2026,0.55,0.0,0.75,Positive sleeper,ravens-player-sentiment-feb-17-2026.md:28,table,,,,,0.0,0.0,0.8142584354085798,51.0,0.6106938265564348,0.75,medium,2026-08-24,1,1,False,markdown_market_v1
00-0037277,Teagan Quitoriano,ARI,TE,2026,,,0.0,,,,,,,,0.0,,,,,0.0,none,2026-08-24,0,0,False,markdown_market_v1
00-0035039,Stephen Carlson,CHI,TE,2026,,,0.0,,,,,,,,0.0,,,,,0.0,none,2026-08-24,0,0,False,markdown_market_v1
00-0035298,Scott Miller,CHI,WR,2026,,,0.0,,,,322.5,,,,0.0,,,,,0.0,none,2026-08-24,0,0,False,markdown_market_v1
00-0041156,Mark Gronowski,MIA,QB,2026,,,0.0,,,,,,,,0.0,,,,,0.0,none,2026-08-24,0,0,False,markdown_market_v1
00-0034419,Braxton Berrios,NYG,WR,2026,-0.55,-2.9677593416970187,0.75,Neutral/bearish,Giants_player_sentiment_update_2026-08-24.md:33,table,,,,,0.0,-2.9677593416970187,-3.0,-98.0,-2.25,0.75,medium,2026-08-24,1,1,False,markdown_market_v1
00-0039458,Brenden Bates,CLE,TE,2026,,,0.0,,,,,,,,0.0,,,,,0.0,none,2026-08-24,0,0,False,markdown_market_v1
00-0038564,Cameron Latu,PHI,TE,2026,,,0.0,,,,,,,,0.0,,,,,0.0,none,2026-08-24,0,0,False,markdown_market_v1
00-0037475,Stone Smartt,PHI,TE,2026,,,0.0,,,,,,,,0.0,,,,,0.0,none,2026-08-24,0,0,False,markdown_market_v1
00-0037745,Velus Jones Jr.,SEA,RB,2026,,,0.0,,,,,,,,0.0,,,,,0.0,none,2026-08-24,0,0,False,markdown_market_v1
00-0038397,Evan Hull,HOU,RB,2026,,,0.0,,,,,,,,0.0,,,,,0.0,none,2026-08-24,0,0,False,markdown_market_v1
00-0037324,Chris Oladokun,KC,QB,2026,-0.55,-1.8548495885606369,0.62,Concussion protocol is a negative availability note,chiefs_player_sentiment_summary_2026-08-24.md:36,bullet,,,,,0.0,-1.8548495885606369,-2.62289359183032,-94.0,-1.6261940269347983,0.62,medium,2026-08-24,1,1,False,markdown_market_v1
00-0036775,Brandon Smith,PIT,WR,2026,,,0.0,,,,,,,,0.0,,,,,0.0,none,2026-08-24,0,0,False,markdown_market_v1
00-0041132,Deion Burks,IND,WR,2026,0.55,0.0,0.62,"Strong athletic-trait praise, including speed and explosiveness",colts_player_sentiment_summary.md:17,bullet,367.0,,,,0.0,0.0,0.675176092592009,35.0,0.41860917740704556,0.62,medium,2026-08-24,1,1,False,markdown_market_v1
00-0039686,Colson Yankoff,WAS,TE,2026,0.0,-1.4838796708485094,0.75,Neutral,Washington_Commanders_Player_Sentiment_2026-02-17_to_2026-08-24.md:56,table,,,,,0.0,-1.4838796708485094,-1.6596924694169355,-82.0,-1.2447693520627017,0.75,medium,2026-08-24,1,1,False,markdown_market_v1
00-0040566,CJ Dippre,NE,TE,2026,,,0.0,,,,,,,,0.0,,,,,0.0,none,2026-08-24,0,0,False,markdown_market_v1
00-0039631,Cam Grandy,CIN,TE,2026,0.3,-0.6744907594765952,0.75,Mildly positive: coming along well.,bengals_player_sentiment_since_2026-02-17.md:19,table,,,,,0.0,-0.6744907594765953,-0.6679115139926759,-27.0,-0.5009336354945069,0.75,medium,2026-08-24,1,1,False,markdown_market_v1
00-0036630,Tylan Wallace,CLE,WR,2026,,,0.0,,,,,,,,0.0,,,,,0.0,none,2026-08-24,0,0,False,markdown_market_v1
00-0041077,Justin Joly,DEN,TE,2026,0.3,-0.6744907594765952,0.75,Developmental positive,Fantasy_Research_Denver_Broncos_Sentiment_2026-08-24.md:27,table,336.33,,,,0.0,-0.6744907594765953,-0.691488772744179,-44.0,-0.5186165795581342,0.75,medium,2026-08-24,1,1,False,markdown_market_v1
00-0039920,Malachi Corley,CLE,WR,2026,,,0.0,,,,,,,,0.0,,,,,0.0,none,2026-08-24,0,0,False,markdown_market_v1
00-0038496,Xavier Gipson,NYG,WR,2026,,,0.0,,,,,,,,0.0,,,,,0.0,none,2026-08-24,0,0,False,markdown_market_v1
00-0041326,CJ Donaldson,NO,RB,2026,,,0.0,,,,,,,,0.0,,,,,0.0,none,2026-08-24,0,0,False,markdown_market_v1
00-0039824,Jared Wiley,KC,TE,2026,,,0.0,,,,,,,,0.0,,,,,0.0,none,2026-08-24,0,0,False,markdown_market_v1
00-0039266,Kendall Milton,CIN,RB,2026,,,0.0,,,,,,,,0.0,,,,,0.0,none,2026-08-24,0,0,False,markdown_market_v1
00-0040431,Dalen Cambre,NYG,WR,2026,,,0.0,,,,,,,,0.0,,,,,0.0,none,2026-08-24,0,0,False,markdown_market_v1
00-0033757,Robert Tonyan,PIT,TE,2026,,,0.0,,,,,,,,0.0,,,,,0.0,none,2026-08-24,0,0,False,markdown_market_v1
00-0038953,Dylan Drummond,ATL,WR,2026,,,0.0,,,,,,,,0.0,,,,,0.0,none,2026-08-24,0,0,False,markdown_market_v1
00-0034418,Cedrick Wilson Jr.,DET,WR,2026,,,0.0,,,,320.0,,,,0.0,,,,,0.0,none,2026-08-24,0,0,False,markdown_market_v1
00-0041125,Seth McGowan,IND,RB,2026,0.55,0.0,0.62,"Coaches value his physical running, receiving reliability and improving protection",colts_player_sentiment_summary.md:10,bullet,283.88,,,,0.0,0.0,0.38731936675730183,22.0,0.24013800738952712,0.62,medium,2026-08-24,1,1,False,markdown_market_v1
00-0040390,Jackson Meeks,DET,WR,2026,0.3,-0.6744907594765952,0.62,Developmental positive,detroit_lions_fantasy_sentiment_summary.md:18,bullet,,,,,0.0,-0.6744907594765952,-0.15157210740304403,-12.0,-0.0939747065898873,0.62,medium,2026-08-24,1,1,False,markdown_market_v1
00-0040653,Ricky White III,SEA,WR,2026,,,0.0,,,,,,,,0.0,,,,,0.0,none,2026-08-24,0,0,False,markdown_market_v1
00-0040984,Dontae McMillan,BAL,RB,2026,,,0.0,,,,,,,,0.0,,,,,0.0,none,2026-08-24,0,0,False,markdown_market_v1
00-0040991,Elijah Tau-Tolliver,BAL,RB,2026,,,0.0,,,,,,,,0.0,,,,,0.0,none,2026-08-24,0,0,False,markdown_market_v1
00-0041129,Jam Miller,NE,RB,2026,,,0.0,,,,325.6,,,,0.0,,,,,0.0,none,2026-08-24,0,0,False,markdown_market_v1
00-0039754,Devin Culp,TB,TE,2026,,,0.0,,,,,,,,0.0,,,,,0.0,none,2026-08-24,0,0,False,markdown_market_v1
00-0037755,Jelani Woods,NYJ,TE,2026,0.55,0.0,0.62,"Positive real-football evaluations, but their presence adds target competition at tight end",jets_fantasy_sentiment_summary.md:17,bullet,,,,,0.0,0.0,0.13110219465067485,45.0,0.0812833606834184,0.62,medium,2026-08-24,1,1,False,markdown_market_v1
00-0038752,Jake Bobo,SEA,WR,2026,,,0.0,,,,,,,,0.0,,,,,0.0,none,2026-08-24,0,0,False,markdown_market_v1
00-0038911,Malik Cunningham,DET,WR,2026,,,0.0,,,,,,,,0.0,,,,,0.0,none,2026-08-24,0,0,False,markdown_market_v1
00-0041131,Carsen Ryan,CLE,TE,2026,,,0.0,,,,,,,,0.0,,,,,0.0,none,2026-08-24,0,0,False,markdown_market_v1
00-0041168,Omari Kelly,CHI,WR,2026,,,0.0,,,,,,,,0.0,,,,,0.0,none,2026-08-24,0,0,False,markdown_market_v1
00-0040977,Cortez Braham,BAL,WR,2026,,,0.0,,,,,,,,0.0,,,,,0.0,none,2026-08-24,0,0,False,markdown_market_v1
00-0040986,Ty Pezza,BAL,WR,2026,,,0.0,,,,,,,,0.0,,,,,0.0,none,2026-08-24,0,0,False,markdown_market_v1
00-0040989,Octavian Smith,BAL,WR,2026,,,0.0,,,,,,,,0.0,,,,,0.0,none,2026-08-24,0,0,False,markdown_market_v1
00-0041020,Xavier Loyd,KC,WR,2026,,,0.0,,,,,,,,0.0,,,,,0.0,none,2026-08-24,0,0,False,markdown_market_v1
00-0040967,Jacob De Jesus,KC,WR,2026,,,0.0,,,,,,,,0.0,,,,,0.0,none,2026-08-24,0,0,False,markdown_market_v1
00-0041435,Dean Patterson IV,TB,WR,2026,,,0.0,,,,,,,,0.0,,,,,0.0,none,2026-08-24,0,0,False,markdown_market_v1
00-0040919,Tyren Montgomery,TEN,WR,2026,,,0.0,,,,,,,,0.0,,,,,0.0,none,2026-08-24,0,0,False,markdown_market_v1
00-0041474,Mante Morrow,LAC,WR,2026,,,0.0,,,,,,,,0.0,,,,,0.0,none,2026-08-24,0,0,False,markdown_market_v1
00-0040954,Omari Evans,KC,WR,2026,,,0.0,,,,,,,,0.0,,,,,0.0,none,2026-08-24,0,0,False,markdown_market_v1
00-0040948,J. Michael Sturdivant,GB,WR,2026,,,0.0,,,,,,,,0.0,,,,,0.0,none,2026-08-24,0,0,False,markdown_market_v1
00-0040953,Jeff Caldwell,KC,WR,2026,,,0.0,,,,,,,,0.0,,,,,0.0,none,2026-08-24,0,0,False,markdown_market_v1
00-0040912,Hank Beatty,TEN,WR,2026,,,0.0,,,,,,,,0.0,,,,,0.0,none,2026-08-24,0,0,False,markdown_market_v1
00-0041179,Chris Hilton Jr.,WAS,WR,2026,,,0.0,,,,,,,,0.0,,,,,0.0,none,2026-08-24,0,0,False,markdown_market_v1
00-0041361,Will Pauling,SF,WR,2026,,,0.0,,,,,,,,0.0,,,,,0.0,none,2026-08-24,0,0,False,markdown_market_v1
00-0041373,Jerand Bradley,LAC,WR,2026,,,0.0,,,,,,,,0.0,,,,,0.0,none,2026-08-24,0,0,False,markdown_market_v1
00-0041158,Donaven McCulley,MIA,WR,2026,,,0.0,,,,,,,,0.0,,,,,0.0,none,2026-08-24,0,0,False,markdown_market_v1
00-0041257,Eric Rivers Jr.,TB,WR,2026,,,0.0,,,,,,,,0.0,,,,,0.0,none,2026-08-24,0,0,False,markdown_market_v1
00-0041185,Vinny Anthony II,ATL,WR,2026,,,0.0,,,,,,,,0.0,,,,,0.0,none,2026-08-24,0,0,False,markdown_market_v1
00-0041187,Le'Meke Brockington,ATL,WR,2026,,,0.0,,,,,,,,0.0,,,,,0.0,none,2026-08-24,0,0,False,markdown_market_v1
00-0041266,Keelan Marion,ATL,WR,2026,,,0.0,,,,,,,,0.0,,,,,0.0,none,2026-08-24,0,0,False,markdown_market_v1
00-0041374,Sincere Brown,LAC,WR,2026,,,0.0,,,,,,,,0.0,,,,,0.0,none,2026-08-24,0,0,False,markdown_market_v1
00-0041265,Squirrel White,CHI,WR,2026,,,0.0,,,,,,,,0.0,,,,,0.0,none,2026-08-24,0,0,False,markdown_market_v1
00-0041176,Jaden Bradley,WAS,WR,2026,,,0.0,,,,,,,,0.0,,,,,0.0,none,2026-08-24,0,0,False,markdown_market_v1
00-0041380,Devonte Ross,LAC,WR,2026,,,0.0,,,,,,,,0.0,,,,,0.0,none,2026-08-24,0,0,False,markdown_market_v1
00-0041407,Kyron Hudson,CHI,WR,2026,,,0.0,,,,,,,,0.0,,,,,0.0,none,2026-08-24,0,0,False,markdown_market_v1
00-0041359,Wesley Grimes,SF,WR,2026,,,0.0,,,,,,,,0.0,,,,,0.0,none,2026-08-24,0,0,False,markdown_market_v1
00-0038394,Will Mallory,IND,TE,2026,0.55,0.0,0.62,"Positive comments on respective development, conditioning and blocking",colts_player_sentiment_summary.md:18,bullet,,,,,0.0,0.0,0.13588930711588654,51.0,0.08425137041184966,0.62,medium,2026-08-24,1,1,False,markdown_market_v1
00-0041319,Cameron Dorner,NE,WR,2026,,,0.0,,,,,,,,0.0,,,,,0.0,none,2026-08-24,0,0,False,markdown_market_v1
00-0041317,Nick DeGennaro,NE,WR,2026,,,0.0,,,,,,,,0.0,,,,,0.0,none,2026-08-24,0,0,False,markdown_market_v1
00-0041322,Jimmy Kibble,NE,WR,2026,,,0.0,,,,,,,,0.0,,,,,0.0,none,2026-08-24,0,0,False,markdown_market_v1
00-0041318,Kyle Dixon,NE,WR,2026,,,0.0,,,,,,,,0.0,,,,,0.0,none,2026-08-24,0,0,False,markdown_market_v1
00-0035976,Dan Chisena,CAR,WR,2026,,,0.0,,,,,,,,0.0,,,,,0.0,none,2026-08-24,0,0,False,markdown_market_v1
00-0040205,Kalel Mullings,TEN,RB,2026,,,0.0,,,,,,,,0.0,,,,,0.0,none,2026-08-24,0,0,False,markdown_market_v1
00-0038643,Brayden Willis,SF,TE,2026,,,0.0,,,,,,,,0.0,,,,,0.0,none,2026-08-24,0,0,False,markdown_market_v1
00-0040363,Keleki Latu,BUF,TE,2026,,,0.0,,,,,,,,0.0,,,,,0.0,none,2026-08-24,0,0,False,markdown_market_v1
00-0041399,CJ Daniels,LA,WR,2026,0.0,-1.4838796708485094,0.62,"Coaches value maturity and flexibility, though he appears to remain a developmental/preseason evaluation player",los-angeles-rams-player-sentiment-feb-17-2026.md:33,bullet,334.75,,,,0.0,-1.4838796708485094,-1.7090181472538926,-86.0,-1.0595912512974133,0.62,medium,2026-08-24,1,1,False,markdown_market_v1
00-0035544,Tom Kennedy,DET,WR,2026,,,0.0,,,,,,,,0.0,,,,,0.0,none,2026-08-24,0,0,False,markdown_market_v1
00-0041117,Athan Kaliakmanis,WAS,QB,2026,0.0,-0.9274247942803184,0.75,Neutral,Washington_Commanders_Player_Sentiment_2026-02-17_to_2026-08-24.md:16,table,,,,,0.0,-0.9274247942803185,-1.1357024869371277,-61.0,-0.8517768652028458,0.75,medium,2026-08-24,1,1,False,markdown_market_v1
00-0036463,Chris Blair,ATL,WR,2026,,,0.0,,,,,,,,0.0,,,,,0.0,none,2026-08-24,0,0,False,markdown_market_v1
00-0040895,Emmanuel Henderson Jr.,SEA,WR,2026,,,0.0,,,,,,,,0.0,,,,,0.0,none,2026-08-24,0,0,False,markdown_market_v1
00-0041228,Sahmir Hagans,IND,WR,2026,,,0.0,,,,,,,,0.0,,,,,0.0,none,2026-08-24,0,0,False,markdown_market_v1
00-0041233,Raylen Sharpe,IND,WR,2026,,,0.0,,,,,,,,0.0,,,,,0.0,none,2026-08-24,0,0,False,markdown_market_v1
00-0041229,E.J. Horton,IND,WR,2026,,,0.0,,,,,,,,0.0,,,,,0.0,none,2026-08-24,0,0,False,markdown_market_v1
00-0036825,Feleipe Franks,CAR,TE,2026,,,0.0,,,,,,,,0.0,,,,,0.0,none,2026-08-24,0,0,False,markdown_market_v1
00-0037708,Maurice Alexander,CHI,WR,2026,,,0.0,,,,,,,,0.0,,,,,0.0,none,2026-08-24,0,0,False,markdown_market_v1
00-0039577,Kedon Slovis,ARI,QB,2026,,,0.0,,,,,,,,0.0,,,,,0.0,none,2026-08-24,0,0,False,markdown_market_v1
00-0036425,DeeJay Dallas,JAX,RB,2026,,,0.0,,,,,,,,0.0,,,,,0.0,none,2026-08-24,0,0,False,markdown_market_v1
00-0038498,E.J. Jenkins,PHI,TE,2026,,,0.0,,,,,,,,0.0,,,,,0.0,none,2026-08-24,0,0,False,markdown_market_v1
00-0041199,Caullin Lacy,NYJ,WR,2026,,,0.0,,,,,,,,0.0,,,,,0.0,none,2026-08-24,0,0,False,markdown_market_v1
00-0041201,DT Sheffield,NYJ,WR,2026,,,0.0,,,,,,,,0.0,,,,,0.0,none,2026-08-24,0,0,False,markdown_market_v1
00-0041267,Malik McClain,NYJ,WR,2026,,,0.0,,,,,,,,0.0,,,,,0.0,none,2026-08-24,0,0,False,markdown_market_v1
00-0041311,Jalen Walthall,NYJ,WR,2026,,,0.0,,,,,,,,0.0,,,,,0.0,none,2026-08-24,0,0,False,markdown_market_v1
00-0036176,Mason Kinsey,TEN,WR,2026,,,0.0,,,,,,,,0.0,,,,,0.0,none,2026-08-24,0,0,False,markdown_market_v1
00-0037012,Trey Lance,LAC,QB,2026,0.0,-0.9274247942803184,0.75,Neutral,Chargers_Player_Sentiment_Analysis.md:29,table,383.0,,,,0.0,-0.9274247942803185,-1.1386048162362696,-64.0,-0.8539536121772022,0.75,medium,2026-08-24,1,1,False,markdown_market_v1
00-0037340,Zaire Mitchell-Paden,NO,TE,2026,,,0.0,,,,,,,,0.0,,,,,0.0,none,2026-08-24,0,0,False,markdown_market_v1
00-0031237,Teddy Bridgewater,DET,QB,2026,-0.55,-1.8548495885606369,0.62,Negative/out,detroit_lions_fantasy_sentiment_summary.md:27,bullet,,,,,0.0,-1.8548495885606369,-2.5872964663431732,-91.0,-1.6041238091327674,0.62,medium,2026-08-24,1,1,False,markdown_market_v1
00-0041323,Myles Montgomery,NE,RB,2026,,,0.0,,,,349.5,,,,0.0,,,,,0.0,none,2026-08-24,0,0,False,markdown_market_v1
00-0039518,Treyton Welch,NO,TE,2026,,,0.0,,,,,,,,0.0,,,,,0.0,none,2026-08-24,0,0,False,markdown_market_v1
00-0031484,Chris Manhertz,NYG,TE,2026,,,0.0,,,,,,,,0.0,,,,,0.0,none,2026-08-24,0,0,False,markdown_market_v1
00-0039650,Bryce Oliver,TEN,WR,2026,,,0.0,,,,,,,,0.0,,,,,0.0,none,2026-08-24,0,0,False,markdown_market_v1
00-0041215,Ben Patterson,JAX,WR,2026,,,0.0,,,,,,,,0.0,,,,,0.0,none,2026-08-24,0,0,False,markdown_market_v1
00-0041220,Michael Wortham,JAX,WR,2026,,,0.0,,,,,,,,0.0,,,,,0.0,none,2026-08-24,0,0,False,markdown_market_v1
00-0041205,Brady Boyd,JAX,WR,2026,,,0.0,,,,,,,,0.0,,,,,0.0,none,2026-08-24,0,0,False,markdown_market_v1
00-0041206,Alex Bullock,JAX,WR,2026,,,0.0,,,,,,,,0.0,,,,,0.0,none,2026-08-24,0,0,False,markdown_market_v1
00-0041216,Trebor Pena,JAX,WR,2026,,,0.0,,,,,,,,0.0,,,,,0.0,none,2026-08-24,0,0,False,markdown_market_v1
00-0036145,Lawrence Cager,WAS,TE,2026,,,0.0,,,,,,,,0.0,,,,,0.0,none,2026-08-24,0,0,False,markdown_market_v1
00-0035639,Parris Campbell,DAL,WR,2026,,,0.0,,,,,,,,0.0,,,,,0.0,none,2026-08-24,0,0,False,markdown_market_v1
00-0037594,Julius Chestnut,TEN,RB,2026,,,0.0,,,,,,,,0.0,,,,,0.0,none,2026-08-24,0,0,False,markdown_market_v1
00-0036032,Sean McKeon,IND,TE,2026,,,0.0,,,,,,,,0.0,,,,,0.0,none,2026-08-24,0,0,False,markdown_market_v1
00-0039489,Hayden Rucci,SF,TE,2026,,,0.0,,,,,,,,0.0,,,,,0.0,none,2026-08-24,0,0,False,markdown_market_v1
00-0038396,Eric Gray,NYG,RB,2026,0.55,0.0,0.75,Deep-league rising,Giants_player_sentiment_update_2026-08-24.md:30,table,,,,,0.0,0.0,0.5285229963042923,36.0,0.39639224722821925,0.75,medium,2026-08-24,1,1,False,markdown_market_v1
00-0041092,Taylen Green,CLE,QB,2026,0.55,0.0,0.75,"Positive tools, limited path",cleveland_browns_fantasy_sentiment_2026.md:18,table,,,,,0.0,0.0,0.5176464714804221,37.0,0.38823485361031657,0.75,medium,2026-08-24,1,1,False,markdown_market_v1
00-0041368,Harrison Wallace III,ARI,WR,2026,,,0.0,,,,,,,,0.0,,,,,0.0,none,2026-08-24,0,0,False,markdown_market_v1
00-0040900,Anthony Smith,DAL,WR,2026,,,0.0,,,,,,,,0.0,,,,,0.0,none,2026-08-24,0,0,False,markdown_market_v1
00-0041123,Behren Morton,NE,QB,2026,0.55,0.0,0.75,Positive,Fantasy_Research_Patriots_Sentiment_Summary.md:34,table,,,,,0.0,0.0,0.42706251148570634,25.0,0.32029688361427977,0.75,medium,2026-08-24,1,1,False,markdown_market_v1
00-0041277,Davon Booth,CLE,RB,2026,,,0.0,,,,,,,,0.0,,,,,0.0,none,2026-08-24,0,0,False,markdown_market_v1
00-0041281,TJ Harden,CLE,RB,2026,,,0.0,,,,,,,,0.0,,,,,0.0,none,2026-08-24,0,0,False,markdown_market_v1
00-0036534,Shane Zylstra,BUF,TE,2026,,,0.0,,,,,,,,0.0,,,,,0.0,none,2026-08-24,0,0,False,markdown_market_v1
00-0040058,Nick Kallerup,SEA,TE,2026,,,0.0,,,,,,,,0.0,,,,,0.0,none,2026-08-24,0,0,False,markdown_market_v1
00-0041194,Jack Strand,ATL,QB,2026,0.3,-0.4215567246728721,0.75,Positive developmental sentiment [cite:1],falcons_player_sentiment_2026.md:31,table,,,,,0.0,-0.42155672467287203,-0.2666476884907065,-10.0,-0.1999857663680299,0.75,medium,2026-08-24,1,1,False,markdown_market_v1
00-0041273,Desmond Reid,BUF,RB,2026,,,0.0,,,,,,,,0.0,,,,,0.0,none,2026-08-24,0,0,False,markdown_market_v1
00-0041221,Jackson Acker,BUF,RB,2026,,,0.0,,,,,,,,0.0,,,,,0.0,none,2026-08-24,0,0,False,markdown_market_v1
00-0040891,Cole Payton,PHI,QB,2026,0.3,-0.4215567246728721,0.75,Positive developmental,philadelphia-eagles-player-sentiment-2026-08-24.md:27,table,,,,,0.0,-0.42155672467287203,-0.19270125507541164,-7.0,-0.14452594130655871,0.75,medium,2026-08-24,1,1,False,markdown_market_v1
00-0041486,Anderson Castle,IND,RB,2026,,,0.0,,,,,,,,0.0,,,,,0.0,none,2026-08-24,0,0,False,markdown_market_v1
00-0041231,Lincoln Pare,IND,RB,2026,,,0.0,,,,,,,,0.0,,,,,0.0,none,2026-08-24,0,0,False,markdown_market_v1
00-0041165,Coleman Bennett,CHI,RB,2026,,,0.0,,,,,,,,0.0,,,,,0.0,none,2026-08-24,0,0,False,markdown_market_v1
00-0041241,Kentrel Bullock,CIN,RB,2026,,,0.0,,,,,,,,0.0,,,,,0.0,none,2026-08-24,0,0,False,markdown_market_v1
00-0041244,Jamal Haynes,CIN,RB,2026,,,0.0,,,,,,,,0.0,,,,,0.0,none,2026-08-24,0,0,False,markdown_market_v1
00-0041350,Kejon Owens,MIN,RB,2026,,,0.0,,,,,,,,0.0,,,,,0.0,none,2026-08-24,0,0,False,markdown_market_v1
00-0041415,Dean Connors,LA,RB,2026,,,0.0,,,,,,,,0.0,,,,,0.0,none,2026-08-24,0,0,False,markdown_market_v1
00-0041116,Jack Endries,CIN,TE,2026,0.55,0.0,0.75,"Positive rookie feedback: consistent, quick learner, physical.",bengals_player_sentiment_since_2026-02-17.md:20,table,,,,,0.0,0.0,0.14545272916834787,53.0,0.1090895468762609,0.75,medium,2026-08-24,1,1,False,markdown_market_v1
00-0037282,James Mitchell,CAR,TE,2026,,,0.0,,,,,,,,0.0,,,,,0.0,none,2026-08-24,0,0,False,markdown_market_v1
00-0040937,Dominic Richardson,DAL,RB,2026,,,0.0,,,,,,,,0.0,,,,,0.0,none,2026-08-24,0,0,False,markdown_market_v1
00-0041309,Daniel Sobkowicz,HOU,WR,2026,,,0.0,,,,,,,,0.0,,,,,0.0,none,2026-08-24,0,0,False,markdown_market_v1
00-0041308,Treyvhon Saunders,HOU,WR,2026,,,0.0,,,,,,,,0.0,,,,,0.0,none,2026-08-24,0,0,False,markdown_market_v1
00-0036232,Harrison Bryant,SEA,TE,2026,,,0.0,,,,,,,,0.0,,,,,0.0,none,2026-08-24,0,0,False,markdown_market_v1
00-0035594,Travis Homer,PIT,RB,2026,,,0.0,,,,349.0,,,,0.0,,,,,0.0,none,2026-08-24,0,0,False,markdown_market_v1
00-0041491,Aaron Anderson,CLE,WR,2026,,,0.0,,,,,,,,0.0,,,,,0.0,none,2026-08-24,0,0,False,markdown_market_v1
00-0041287,Kole Wilson,CLE,WR,2026,,,0.0,,,,,,,,0.0,,,,,0.0,none,2026-08-24,0,0,False,markdown_market_v1
00-0041139,Damon Bankston,NYG,RB,2026,,,0.0,,,,,,,,0.0,,,,,0.0,none,2026-08-24,0,0,False,markdown_market_v1
00-0041161,Le'Veon Moss,MIA,RB,2026,,,0.0,,,,,,,,0.0,,,,,0.0,none,2026-08-24,0,0,False,markdown_market_v1
00-0041157,Anthony Hankerson,MIA,RB,2026,,,0.0,,,,,,,,0.0,,,,,0.0,none,2026-08-24,0,0,False,markdown_market_v1
00-0041436,DJ Herman,MIA,RB,2026,,,0.0,,,,,,,,0.0,,,,,0.0,none,2026-08-24,0,0,False,markdown_market_v1
00-0041451,Brock Rechsteiner,NO,WR,2026,,,0.0,,,,,,,,0.0,,,,,0.0,none,2026-08-24,0,0,False,markdown_market_v1
00-0040788,Damien Alford,NO,WR,2026,,,0.0,,,,,,,,0.0,,,,,0.0,none,2026-08-24,0,0,False,markdown_market_v1
00-0041376,Gregory Desrosiers,LAC,RB,2026,,,0.0,,,,,,,,0.0,,,,,0.0,none,2026-08-24,0,0,False,markdown_market_v1
00-0041005,Corey Rucker,LV,WR,2026,,,0.0,,,,,,,,0.0,,,,,0.0,none,2026-08-24,0,0,False,markdown_market_v1
00-0041004,Chase Roberts,LV,WR,2026,,,0.0,,,,,,,,0.0,,,,,0.0,none,2026-08-24,0,0,False,markdown_market_v1
00-0041011,E.J. Williams Jr.,LV,WR,2026,,,0.0,,,,,,,,0.0,,,,,0.0,none,2026-08-24,0,0,False,markdown_market_v1
00-0041022,Jonathan Brady,LV,WR,2026,,,0.0,,,,,,,,0.0,,,,,0.0,none,2026-08-24,0,0,False,markdown_market_v1
00-0038809,Ben Sims,MIA,TE,2026,,,0.0,,,,,,,,0.0,,,,,0.0,none,2026-08-24,0,0,False,markdown_market_v1
00-0041542,Malick Meiga,CAR,WR,2026,,,0.0,,,,,,,,0.0,,,,,0.0,none,2026-08-24,0,0,False,markdown_market_v1
00-0041152,Kobe Prentice,CAR,WR,2026,,,0.0,,,,,,,,0.0,,,,,0.0,none,2026-08-24,0,0,False,markdown_market_v1
00-0037311,Ko Kieft,TB,TE,2026,,,0.0,,,,,,,,0.0,,,,,0.0,none,2026-08-24,0,0,False,markdown_market_v1
00-0041536,Kyre Duplessis,DET,WR,2026,,,0.0,,,,,,,,0.0,,,,,0.0,none,2026-08-24,0,0,False,markdown_market_v1
00-0040970,Michael Briscoe,MIN,WR,2026,,,0.0,,,,,,,,0.0,,,,,0.0,none,2026-08-24,0,0,False,markdown_market_v1
00-0041352,Marcus Sanders Jr.,MIN,WR,2026,,,0.0,,,,,,,,0.0,,,,,0.0,none,2026-08-24,0,0,False,markdown_market_v1
00-0041356,Luke Wysong,MIN,WR,2026,,,0.0,,,,,,,,0.0,,,,,0.0,none,2026-08-24,0,0,False,markdown_market_v1
00-0041481,Terrill Davis,MIN,WR,2026,,,0.0,,,,,,,,0.0,,,,,0.0,none,2026-08-24,0,0,False,markdown_market_v1
00-0041342,Dillon Bell,MIN,WR,2026,,,0.0,,,,,,,,0.0,,,,,0.0,none,2026-08-24,0,0,False,markdown_market_v1
00-0041475,Trayvon Rudolph,MIN,WR,2026,,,0.0,,,,,,,,0.0,,,,,0.0,none,2026-08-24,0,0,False,markdown_market_v1
00-0040981,Joe Fagnano,BAL,QB,2026,,,0.0,,,,,,,,0.0,,,,,0.0,none,2026-08-24,0,0,False,markdown_market_v1
00-0040985,Diego Pavia,BAL,QB,2026,,,0.0,,,,,,,,0.0,,,,,0.0,none,2026-08-24,0,0,False,markdown_market_v1
00-0041133,Dallen Bentley,DEN,TE,2026,0.15,-1.0791852151625523,0.75,Neutral to positive,Fantasy_Research_Denver_Broncos_Sentiment_2026-08-24.md:28,table,,,,,0.0,-1.0791852151625523,-1.1391147220066622,-74.0,-0.8543360415049966,0.75,medium,2026-08-24,1,1,False,markdown_market_v1
00-0040942,Kyron Drones,GB,QB,2026,,,0.0,,,,,,,,0.0,,,,,0.0,none,2026-08-24,0,0,False,markdown_market_v1
00-0040996,Jacob Clark,LV,QB,2026,,,0.0,,,,,,,,0.0,,,,,0.0,none,2026-08-24,0,0,False,markdown_market_v1
00-0040955,John Michael Gyllenborg,KC,TE,2026,,,0.0,,,,,,,,0.0,,,,,0.0,none,2026-08-24,0,0,False,markdown_market_v1
00-0041452,Johnny Pascuzzi,LAC,TE,2026,,,0.0,,,,,,,,0.0,,,,,0.0,none,2026-08-24,0,0,False,markdown_market_v1
00-0041252,Kenny Fletcher Jr.,TB,TE,2026,,,0.0,,,,,,,,0.0,,,,,0.0,none,2026-08-24,0,0,False,markdown_market_v1
00-0041170,Hayden Large,CHI,TE,2026,,,0.0,,,,,,,,0.0,,,,,0.0,none,2026-08-24,0,0,False,markdown_market_v1
00-0041384,Evan Svoboda,LAC,TE,2026,,,0.0,,,,,,,,0.0,,,,,0.0,none,2026-08-24,0,0,False,markdown_market_v1
00-0041357,Khalil Dinkins,SF,TE,2026,,,0.0,,,,,,,,0.0,,,,,0.0,none,2026-08-24,0,0,False,markdown_market_v1
00-0041195,Jack Velling,ATL,TE,2026,,,0.0,,,,,,,,0.0,,,,,0.0,none,2026-08-24,0,0,False,markdown_market_v1
00-0041180,Quentin Moore,WAS,TE,2026,,,0.0,,,,,,,,0.0,,,,,0.0,none,2026-08-24,0,0,False,markdown_market_v1
00-0041263,Lake McRee,PIT,TE,2026,,,0.0,,,,,,,,0.0,,,,,0.0,none,2026-08-24,0,0,False,markdown_market_v1
00-0040945,R.J. Maryland,GB,TE,2026,,,0.0,,,,,,,,0.0,,,,,0.0,none,2026-08-24,0,0,False,markdown_market_v1
00-0040927,Dae'Quan Wright,PHI,TE,2026,,,0.0,,,,,,,,0.0,,,,,0.0,none,2026-08-24,0,0,False,markdown_market_v1
00-0041314,Tanner Arkin,NE,TE,2026,,,0.0,,,,,,,,0.0,,,,,0.0,none,2026-08-24,0,0,False,markdown_market_v1
00-0041222,Gabriel Benyard,BUF,WR,2026,,,0.0,,,,,,,,0.0,,,,,0.0,none,2026-08-24,0,0,False,markdown_market_v1
00-0041272,Ja'Mori Maclin,BUF,WR,2026,,,0.0,,,,,,,,0.0,,,,,0.0,none,2026-08-24,0,0,False,markdown_market_v1
00-0040853,Carson Towt,IND,TE,2026,,,0.0,,,,,,,,0.0,,,,,0.0,none,2026-08-24,0,0,False,markdown_market_v1
00-0041172,Miller Moss,CHI,QB,2026,,,0.0,,,,,,,,0.0,,,,,0.0,none,2026-08-24,0,0,False,markdown_market_v1
00-0041237,Chase Curtis,NYJ,TE,2026,,,0.0,,,,,,,,0.0,,,,,0.0,none,2026-08-24,0,0,False,markdown_market_v1
00-0041294,Joseph Manjack,DEN,WR,2026,,,0.0,,,,,,,,0.0,,,,,0.0,none,2026-08-24,0,0,False,markdown_market_v1
00-0041248,Noah Thomas,CIN,WR,2026,,,0.0,,,,,,,,0.0,,,,,0.0,none,2026-08-24,0,0,False,markdown_market_v1
00-0041292,Kolbe Katsis,DEN,WR,2026,,,0.0,,,,,,,,0.0,,,,,0.0,none,2026-08-24,0,0,False,markdown_market_v1
00-0041293,Dane Key,DEN,WR,2026,,,0.0,,,,,,,,0.0,,,,,0.0,none,2026-08-24,0,0,False,markdown_market_v1
00-0041299,Cameron Ross,DEN,WR,2026,,,0.0,,,,,,,,0.0,,,,,0.0,none,2026-08-24,0,0,False,markdown_market_v1
00-0040930,Camden Brown,DAL,WR,2026,0.55,0.0,0.62,Positive camp notes amid a crowded receiver competition,dallas_cowboys_fantasy_sentiment_summary.md:25,bullet,,,,,0.0,0.0,1.1927304030231667,74.0,0.7394928498743634,0.62,medium,2026-08-24,1,1,False,markdown_market_v1
00-0040785,Dohnte Meyers,CIN,WR,2026,,,0.0,,,,,,,,0.0,,,,,0.0,none,2026-08-24,0,0,False,markdown_market_v1
00-0041476,Rashad Rochelle,SEA,WR,2026,,,0.0,,,,,,,,0.0,,,,,0.0,none,2026-08-24,0,0,False,markdown_market_v1
00-0040934,Jordan Hudson,DAL,WR,2026,,,0.0,,,,,,,,0.0,,,,,0.0,none,2026-08-24,0,0,False,markdown_market_v1
00-0041516,Romello Brinson,DAL,WR,2026,,,0.0,,,,,,,,0.0,,,,,0.0,none,2026-08-24,0,0,False,markdown_market_v1
00-0040906,Garrett Nussmeier,KC,QB,2026,1.0,0.7588021044111695,0.62,Productive camp backup-QB feedback,chiefs_player_sentiment_summary_2026-08-24.md:21,bullet,,,,,0.0,0.7588021044111695,1.7056884192862065,97.0,1.0575268199574481,0.62,medium,2026-08-24,1,1,False,markdown_market_v1
00-0041207,Ethan Conner,JAX,TE,2026,,,0.0,,,,,,,,0.0,,,,,0.0,none,2026-08-24,0,0,False,markdown_market_v1
00-0035264,Jarrett Stidham,DEN,QB,2026,0.0,-0.9274247942803184,0.75,Neutral,Fantasy_Research_Denver_Broncos_Sentiment_2026-08-24.md:30,table,,,,,0.0,-0.9274247942803185,-1.1456718520301523,-67.0,-0.8592538890226142,0.75,medium,2026-08-24,1,1,False,markdown_market_v1
00-0041366,Jameson Geers,ARI,TE,2026,,,0.0,,,,,,,,0.0,,,,,0.0,none,2026-08-24,0,0,False,markdown_market_v1
00-0041149,Haynes King,CAR,QB,2026,,,0.0,,,,,,,,0.0,,,,,0.0,none,2026-08-24,0,0,False,markdown_market_v1
00-0041251,Jalon Daniels,TB,QB,2026,0.55,0.0,0.75,Strong dynasty positive,tampa_bay_buccaneers_fantasy_sentiment_2026.md:25,table,,,,,0.0,0.0,0.5342839980598427,43.0,0.40071299854488207,0.75,medium,2026-08-24,1,1,False,markdown_market_v1
00-0041535,Louis Hansen,HOU,TE,2026,,,0.0,,,,,,,,0.0,,,,,0.0,none,2026-08-24,0,0,False,markdown_market_v1
00-0041327,Cody Hardy,NO,TE,2026,,,0.0,,,,,,,,0.0,,,,,0.0,none,2026-08-24,0,0,False,markdown_market_v1
00-0041016,Patrick Gurd,LV,TE,2026,,,0.0,,,,,,,,0.0,,,,,0.0,none,2026-08-24,0,0,False,markdown_market_v1
00-0041457,Miles Kitselman,DET,TE,2026,,,0.0,,,,,,,,0.0,,,,,0.0,none,2026-08-24,0,0,False,markdown_market_v1
00-0041414,Matthew Caldwell,LA,QB,2026,,,0.0,,,,,,,,0.0,,,,,0.0,none,2026-08-24,0,0,False,markdown_market_v1
00-0041203,Joey Aguilar,JAX,QB,2026,,,0.0,,,,,,,,0.0,,,,,0.0,none,2026-08-24,0,0,False,markdown_market_v1
00-0041453,Luke Altmyer,DET,QB,2026,0.55,0.0,0.62,Positive development,detroit_lions_fantasy_sentiment_summary.md:25,bullet,,,,,0.0,0.0,0.44370003806512703,31.0,0.27509402360037877,0.62,medium,2026-08-24,1,1,False,markdown_market_v1
00-0040938,DJ Rogers,DAL,TE,2026,,,0.0,,,,,,,,0.0,,,,,0.0,none,2026-08-24,0,0,False,markdown_market_v1
00-0040939,Michael Trigg,DAL,TE,2026,,,0.0,,,,394.0,,,,0.0,,,,,0.0,none,2026-08-24,0,0,False,markdown_market_v1
00-0040974,Lance Mason,SEA,TE,2026,,,0.0,,,,,,,,0.0,,,,,0.0,none,2026-08-24,0,0,False,markdown_market_v1
00-0041422,Dan Villari,LA,TE,2026,,,0.0,,,,,,,,0.0,,,,,0.0,none,2026-08-24,0,0,False,markdown_market_v1
00-0041246,Josh Kattus,CIN,TE,2026,,,0.0,,,,,,,,0.0,,,,,0.0,none,2026-08-24,0,0,False,markdown_market_v1
00-0041403,Rohan Jones,LA,TE,2026,,,0.0,,,,,,,,0.0,,,,,0.0,none,2026-08-24,0,0,False,markdown_market_v1
