player_id,position,season,fantasy_pts,fantasy_pts_low_raw,fantasy_pts_low,fantasy_pts_high,fantasy_low_floor_applied,pg_attempts,pg_carries,pg_completions,pg_interceptions,pg_passing_tds,pg_passing_yards,pg_receiving_tds,pg_receiving_yards,pg_receptions,pg_rushing_tds,pg_rushing_yards,pg_targets,any_stat_low_n_flag,any_receiving_share_capped,any_receiving_share_normalized,display_name,team,source,low_confidence,rookie_tier,team_changed,roster_status,depth_rank,role,formation_role,depth_chart_status,projected_games,projected_games_raw,role_discount_factor,role_discount_applied,nfl_depth_rank,projected_volume_games,athletic_tier,target_depth_rank,rookie_depth_band,rookie_vacancy_scale,rookie_id_unresolved,rookie_availability_cell_n,rookie_availability_fallback_used,team_pass_attempts_pg_pred,team_passing_yards_pg_pred,team_carries_pg_pred,team_rushing_yards_pg_pred,team_anchor_source_season,team_anchor_lag_team,team_anchor_provenance,fantasy_pts_season,fantasy_pts_season_low,fantasy_pts_season_high,team_identity_scale
00-0036355,QB,2026,19.41012538266803,10.618597581820577,10.618597581820577,29.5110552021975,False,31.943792858604347,4.5597396963381165,21.616408563064308,0.6022775955206809,1.770574354801335,238.42407620832068,,,,0.2924659152792569,22.40624614495683,,False,False,False,Justin Herbert,LAC,veteran_model,False,,False,ACT,1.0,starter,,curated,14.906977473536433,14.906977473536433,1.0,False,1.0,14.906977473536433,,,,,,,,34.81078054136303,231.0075612183065,26.604787498731607,118.73875848668648,2025.0,LAC,canonical_source_team_frame,256.71216490297127,165.62727088600212,365.79247960623525,0.8872142594265618
00-0034857,QB,2026,18.955778954310393,10.164251153462939,10.164251153462939,29.05670877383986,False,27.30162077030404,6.089131560753759,16.443915400561004,0.5713656713687033,1.3594063925709845,195.94882150769035,,,,0.5665595214949763,34.23574737486391,,False,False,False,Josh Allen,BUF,veteran_model,False,,False,ACT,1.0,starter,,curated,14.054539056616983,14.054539056616983,1.0,False,1.0,14.054539056616983,,,,,,,,33.21002626467289,231.99810200162543,27.995140482336904,133.52540408900225,2025.0,BUF,canonical_source_team_frame,247.06986697377033,158.97688514803397,352.404039594349,0.9273881430014835
00-0036971,QB,2026,18.71504880834977,9.923521007502318,9.923521007502318,28.815978627879243,False,30.993919803863218,3.871564184360902,20.75222034843043,0.6110947353111241,1.7967524911371808,227.14149600080856,,,,0.2975997285789055,18.78970102917523,,False,False,False,Trevor Lawrence,JAX,veteran_model,False,,False,ACT,1.0,starter,,curated,15.315024381648376,15.315024381648376,1.0,False,1.0,15.315024381648376,,,,,,,,34.281611997177656,230.8787037290612,27.439030345261777,117.85703830149006,2025.0,JAX,canonical_source_team_frame,255.27571047363398,161.02127949613572,368.04733907853273,0.8906372127833497
00-0039851,QB,2026,18.214899192702777,9.423371391855323,9.423371391855323,28.315829012232243,False,28.32829063176781,5.01393504386697,19.217345530610856,0.6043403509257979,1.56344477700341,224.4557073582642,,,,0.2165582433448286,28.92223032141193,,False,False,False,Drake Maye,NE,veteran_model,False,,False,ACT,1.0,starter,,curated,14.0264439169822,14.0264439169822,1.0,False,1.0,14.0264439169822,,,,,,,,33.746856976402874,243.7564166874116,26.990735238510595,121.6874228230549,2025.0,NE,canonical_source_team_frame,265.34137447157406,165.08912048722956,384.3984676137852,1.038557682845924
00-0033077,QB,2026,17.962946721607473,9.623714495639026,9.623714495639026,28.063876541136942,False,34.696495153087284,2.8175673092169427,23.30016804636849,0.6799009671070478,1.83596928110649,254.84707116891988,,,,0.09245879429666,12.302359188588548,,False,False,False,Dak Prescott,DAL,veteran_model,False,,False,ACT,1.0,starter,,curated,13.11018395144303,13.11018395144303,1.0,False,1.0,13.11018395144303,,,,,,,,34.848900159202955,250.0561914085082,26.916637322594877,120.71500490898477,2025.0,DAL,canonical_source_team_frame,226.2935202456336,145.11412073888522,330.12224156329756,0.9609167223250882
00-0033873,QB,2026,17.510806647780242,8.719278846932784,8.719278846932784,27.61173646730971,False,30.862758099353805,4.563030519281061,19.850298627072608,0.6390966439840551,1.470748449873431,230.21819374255037,,,,0.1903404248771213,25.55235837289885,,False,False,False,Patrick Mahomes,KC,veteran_model,False,,False,ACT,1.0,starter,,curated,15.6095133315482,15.6095133315482,1.0,False,1.0,15.6095133315482,,,,,,,,35.16438169616012,230.57945355267083,25.927946034942902,113.12705785543976,2025.0,KC,canonical_source_team_frame,220.30495402947457,133.3163404007883,325.13846637031315,0.8059883189522719
00-0039139,RB,2026,17.40737258665052,12.816377337882473,12.816377337882473,23.81547871990794,False,,14.95369964851081,,,,,0.1991917908752928,35.96996027582114,4.464996384248497,0.5724221283352501,69.48194851680901,5.529489240179408,False,False,False,Jahmyr Gibbs,DET,veteran_model,False,,False,ACT,1.0,starter,,curated,15.868596027890396,15.868596027890396,1.0,False,1.0,15.868596027890396,,,,,,,,33.92979712201368,246.18859977155995,26.79038838236451,118.19015619651694,2025.0,DET,canonical_source_team_frame,274.10004137890394,201.69371728006405,375.1150702116486,0.9922871601217801
00-0033119,QB,2026,17.337660250545895,9.097107626036012,9.097107626036012,27.43859007007536,False,33.85916876889593,2.5788963219590406,22.615813330422256,0.6616948720638549,1.6975677667510654,254.66264193861923,,,,0.076012194053566,12.282000858031786,,False,False,False,Jacoby Brissett,ARI,veteran_model,False,,False,ACT,1.0,starter,,curated,13.779722233164795,13.779722233164795,1.0,False,1.0,13.779722233164795,,,,,,,,36.21396386313722,240.76907152016224,24.98965667674017,107.79270996792926,2025.0,ARI,canonical_source_team_frame,230.1240153966531,145.72135646331893,339.8569491980585,0.9632321990382109
00-0039732,QB,2026,17.305317891863552,8.513790091016094,8.513790091016094,27.40624771139302,False,30.576892542581994,4.040699263198057,20.749102258832345,0.6256326707288247,1.616233432609742,225.36297649621116,,,,0.2037408006315235,18.54685639244647,,False,False,False,Bo Nix,DEN,veteran_model,False,,False,ACT,1.0,starter,,curated,15.44054459068686,15.44054459068686,1.0,False,1.0,15.44054459068686,,,,,,,,34.86578769636352,230.0781619883208,26.560893200255972,117.8845379552942,2025.0,DEN,canonical_source_team_frame,243.32576591012182,146.13128402473828,359.53560350620927,0.9106382822638377
00-0033280,RB,2026,16.756130362593915,12.165135113825865,12.165135113825865,23.164236495851334,False,,16.553919578806553,,,,,0.1991319659173908,33.59122307419014,4.262658893307192,0.561369297772601,67.02671026381353,5.301816371995519,False,False,False,Christian McCaffrey,SF,veteran_model,False,,False,ACT,1.0,starter,,curated,14.327519120543409,14.327519120543409,1.0,False,1.0,14.327519120543409,,,,,,,,34.24811794566182,240.1230793683237,26.942362571611483,112.8480179305098,2025.0,SF,canonical_source_team_frame,250.4379308621126,182.4865588937442,345.48405816461,1.043170698546591
00-0036389,QB,2026,16.656530033158596,7.865002232311141,7.865002232311141,26.75745985268806,False,29.88252427747363,4.309725888921528,18.47190321181252,0.6363967636641609,1.3269388372794115,210.5776156329901,,,,0.3757540566584442,19.43939246099003,,False,False,False,Jalen Hurts,PHI,veteran_model,False,,False,ACT,1.0,starter,,curated,14.624656145227398,14.624656145227398,1.0,False,1.0,14.624656145227398,,,,,,,,32.80438240429993,217.8739687342708,27.51020727894377,118.95507060419128,2025.0,PHI,canonical_source_team_frame,225.24949654815993,132.2524146636005,336.44965941643085,0.924684617445682
00-0026498,QB,2026,16.485435441024862,8.910735991000667,8.910735991000667,26.586365260554327,False,36.13910781437401,2.0064633369997167,25.1043168483212,0.8063777559476032,1.6598403582446333,265.3502771063709,,,,0.0611169343628801,4.781168295094186,,False,False,False,Matthew Stafford,LA,veteran_model,False,,False,ACT,1.0,starter,,curated,13.559418370926062,13.559418370926062,1.0,False,1.0,13.559418370926062,,,,,,,,34.82389907724694,249.40392878109915,26.59195903329525,121.3859631065696,2025.0,LA,canonical_source_team_frame,201.57855567954127,131.87133727459573,304.6983751729017,0.9017846638955912
00-0039163,QB,2026,15.704501242212743,7.061909966994065,7.061909966994065,25.805431061742212,False,30.03139472766518,3.1030564389822497,18.584556745896133,0.6906993644401557,1.515709502133016,221.76204901389957,,,,0.1430186358383651,12.944681869748182,,False,False,False,C.J. Stroud,HOU,veteran_model,False,,False,ACT,1.0,starter,,curated,13.784791211476522,13.784791211476522,1.0,False,1.0,13.784791211476522,,,,,,,,34.321125448974,230.7196594149492,27.0161290584345,113.89625214465636,2025.0,HOU,canonical_source_team_frame,191.9009290529207,108.79229801831927,293.83363636446336,0.8864469223354632
00-0039918,QB,2026,15.660053379075547,7.111116558646861,7.111116558646861,25.760983198605015,False,28.480234965641905,3.93038776895004,18.320994522443968,0.5428230129980227,1.4860087732126763,203.0855808903977,,,,0.1274095600400328,19.137837163647816,,False,False,False,Caleb Williams,CHI,veteran_model,False,,False,ACT,1.0,starter,,curated,14.65351556232956,14.65351556232956,1.0,False,1.0,14.65351556232956,,,,,,,,33.73805380586444,231.6076855324185,27.696271758130365,127.85601286134172,2025.0,CHI,canonical_source_team_frame,218.60147443843437,125.86882248063645,333.4324530836861,0.9526163231961868
00-0039040,RB,2026,15.420195398248792,10.829200149480744,10.829200149480744,21.828301531506213,False,,15.24483644074332,,,,,0.1919641018521623,30.384598573901,3.697912719627713,0.4039384249855693,69.57364020018446,4.744591510858573,False,False,False,De'Von Achane,MIA,veteran_model,False,,False,ACT,1.0,starter,,curated,15.866188966678283,15.866188966678283,1.0,False,1.0,15.866188966678283,,,,,,,,32.35681053457549,214.6121451327766,26.7390775924456,118.26868781082813,2025.0,MIA,canonical_source_team_frame,210.86106625812897,146.19360451102227,300.5199230231476,0.8618543915325323
00-0034855,QB,2026,15.345714840178223,6.5541870393307695,6.5541870393307695,25.446644659707694,False,32.13106494566306,2.719482870807961,19.78062816756427,0.6767700410317757,1.3047880730165045,225.60847975270696,,,,0.1838230590438108,13.528250858046151,,False,False,False,Baker Mayfield,TB,veteran_model,False,,False,ACT,1.0,starter,,curated,14.111791077709055,14.111791077709055,1.0,False,1.0,14.111791077709055,,,,,,,,33.5451456097649,223.7139473344186,27.71485631665953,117.7146256375168,2025.0,TB,canonical_source_team_frame,205.39337044296838,112.4964330708997,316.2806080072555,0.9484559376326692
00-0038542,RB,2026,15.199103361016949,10.608108112248903,10.608108112248903,21.60720949427437,False,,14.936057772277138,,,,,0.1938745726319788,27.40546860228291,3.994663649663118,0.418611585007382,67.86307730120936,5.197566615483554,False,False,False,Bijan Robinson,ATL,veteran_model,False,,False,ACT,1.0,starter,,curated,15.74958098568506,15.74958098568506,1.0,False,1.0,15.74958098568506,,,,,,,,33.103579364958776,223.6760928436624,27.565529595779655,121.0212845239931,2025.0,ATL,canonical_source_team_frame,238.67886482905374,166.89997790972586,338.9143467487305,0.9970730808700096
00-0041027,RB,2026,15.148135870177805,6.74686783176845,6.74686783176845,22.555054878876092,False,,16.128539408517216,,,,,0.1387980851343135,24.79725836328859,3.2652215377994667,0.5022906861419415,71.89266637291682,4.377575657881974,True,False,False,Jeremiyah Love,ARI,rookie_rule,True,drafted,False,,1.0,starter,,rookie_path,15.125,15.125,1.0,False,1.0,15.125,above_median,1.0,rank_1,1.0024268349689045,False,8.0,False,,,,,,,,233.2905561381392,103.41281675548964,347.9789601750201,1.0182222507809908
00-0039075,WR,2026,15.07700319943011,12.09689139138243,12.09689139138243,19.185757281517233,False,,,,,,,0.5683172558961207,80.75471540207808,7.183256247691153,,,10.09187284379746,False,False,False,Puka Nacua,LA,veteran_model,False,,False,ACT,2.0,starter,RWR,curated,14.813217073136606,14.813217073136606,1.0,False,1.0,14.813217073136606,,,,,,,,34.82389907724694,249.40392878109915,26.59195903329525,121.3859631065696,2025.0,LA,canonical_source_team_frame,250.64079815143035,201.53721541574933,318.15194294693146,1.1222441516173163
00-0036264,QB,2026,14.675291662142076,6.353906200058615,6.353906200058615,24.77622148167154,False,28.88042811751464,2.863657806451861,18.360407081073078,0.5768682900174861,1.4691087545706931,204.49888749117827,,,,0.0894843336491625,12.357317223521717,,False,False,False,Jordan Love,GB,veteran_model,False,,False,ACT,1.0,starter,,curated,13.954106580460104,13.954106580460104,1.0,False,1.0,13.954106580460104,,,,,,,,32.63743765242263,227.66151029204215,27.533819286041897,118.4027815738584,2025.0,GB,canonical_source_team_frame,180.77989909776497,101.34180243114844,283.7225141603097,0.8827980446592191
00-0035710,QB,2026,14.673287270351052,6.366948810040487,6.366948810040487,24.774217089880516,False,25.50522081255612,2.964057620985912,16.50579562279677,0.7349692795655844,1.5011118983128533,209.6029246437961,,,,0.0869765000203466,12.328022503568851,,False,False,False,Daniel Jones,IND,veteran_model,False,,False,ACT,1.0,starter,,curated,12.295582765638772,12.295582765638772,1.0,False,1.0,12.295582765638772,,,,,,,,33.819686508835005,234.02693422664208,26.500800154053703,117.38636019360476,2025.0,IND,canonical_source_team_frame,164.18185182548095,92.1042992598955,257.49814174605325,0.9100151281839135
00-0040691,QB,2026,14.628236278639454,5.836708477791998,5.836708477791998,24.492131359867017,False,19.721519195124525,6.909550971029029,10.880993614333187,0.3989201915057553,0.8003968992242273,141.94805640802718,,,,0.4656261314942325,37.52810019467572,,False,False,False,Jaxson Dart,NYG,veteran_model,False,,False,ACT,1.0,starter,,curated,13.845830872017132,13.845830872017132,1.0,False,1.0,13.845830872017132,,,,,,,,33.24318823444577,223.72200991226288,27.969267844990632,122.67699998352342,2025.0,NYG,canonical_source_team_frame,211.34056101014676,106.66971029693923,331.68262940775855,1.043450537308603
00-0041512,RB,2026,14.464730051250944,6.442483927684355,6.442483927684355,21.537487048580566,False,,15.400902834813678,,,,,0.1325362308804552,23.678533867803505,3.117911570543986,0.4796299191245317,68.64923979168678,4.1800820056578205,True,False,False,Jadarian Price,SEA,rookie_rule,True,drafted,False,,2.0,committee,,rookie_path,13.0,13.0,1.0,False,2.0,13.0,above_median,2.0,rank_2,0.9572025025535296,False,5.0,False,,,,,,,,185.7670486564551,82.9155827592074,276.46512692107075,0.9879045736036847
00-0037248,RB,2026,14.44727106896833,9.889707942295,9.889707942295,20.855377202225746,False,,16.367098076441483,,,,,0.0655458777734483,17.320076079756493,2.1915819017197182,0.6117128902340808,75.55919902087646,2.9111935789985024,False,False,False,James Cook,BUF,veteran_model,False,,False,ACT,1.0,starter,,curated,14.193594715728404,14.193594715728404,1.0,False,1.0,14.193594715728404,,,,,,,,33.21002626467289,231.99810200162543,27.995140482336904,133.52540408900225,2025.0,BUF,canonical_source_team_frame,208.1646296523656,141.75997563252002,301.7524383709505,1.015146488274498
00-0036223,RB,2026,14.399335875122112,9.808340626354063,9.808340626354063,20.807442008379525,False,,16.33419162985127,,,,,0.1371782739064625,17.374286978027072,2.632296357048504,0.5893524594116611,69.86574598886409,3.49605153588198,False,False,False,Jonathan Taylor,IND,veteran_model,False,,False,ACT,1.0,starter,,curated,13.1097949844553,13.1097949844553,1.0,False,1.0,13.1097949844553,,,,,,,,33.819686508835005,234.02693422664208,26.500800154053703,117.38636019360476,2025.0,IND,canonical_source_team_frame,192.92556203693124,131.132278339338,279.32379796160666,1.0220012146620263
00-0038543,WR,2026,14.325530619051964,11.345418811004283,11.345418811004283,18.434284701139084,False,,,,,,,0.5135259470806434,79.65170956439817,6.558407960256569,,,9.366446304287042,False,False,False,Jaxon Smith-Njigba,SEA,veteran_model,False,,False,ACT,1.0,starter,LWR,curated,14.930318439350504,14.930318439350504,1.0,False,1.0,14.930318439350504,,,,,,,,32.225845759159824,233.1409897885389,27.9379864119506,119.71889503194852,2025.0,SEA,canonical_source_team_frame,207.16018852915767,163.67494318999815,267.288088757579,0.968559956095953
00-0039361,RB,2026,14.233991596380825,9.642996347612776,9.642996347612776,20.64209772963824,False,,15.210684440179,,,,,0.1323747332035175,21.12280451918765,2.689461277139622,0.4812308132040169,70.95347227447041,3.4924423524876835,False,False,False,Bucky Irving,TB,veteran_model,False,,False,ACT,1.0,starter,,curated,13.093850071733936,13.093850071733936,1.0,False,1.0,13.093850071733936,,,,,,,,33.5451456097649,223.7139473344186,27.71485631665953,117.7146256375168,2025.0,TB,canonical_source_team_frame,189.80395557628827,128.6389412835403,275.28721256581,1.0183831152393392
00-0041562,QB,2026,14.089772547169607,7.280392156862744,7.280392156862744,23.20430631329455,False,29.37804529348647,4.237054666466431,17.98260217451394,0.6908464356993769,1.0584339135809726,196.83095368683604,,,,0.2122889365536424,20.90757997449174,,False,False,False,Fernando Mendoza,LV,rookie_rule,True,drafted,False,,2.0,backup,,rookie_path,9.941176470588236,9.941176470588236,1.0,False,2.0,9.941176470588236,no_data,2.0,rank_2,1.0,False,17.0,False,,,,,,,,122.24319042348398,71.88535284463661,193.0484550791181,0.8727360395601188
00-0036442,QB,2026,14.011576389246818,6.3690324295429175,6.3690324295429175,24.112506208776285,False,30.808919655067086,1.8944483377122696,19.992618775584607,0.7935978306428095,1.46179235509063,220.9734921200879,,,,0.0704522996543137,4.899491474405198,,False,False,False,Joe Burrow,CIN,veteran_model,False,,False,ACT,1.0,starter,,curated,15.41035766445714,15.41035766445714,1.0,False,1.0,15.41035766445714,,,,,,,,35.761155714222895,238.6430156013012,25.12023465395161,107.36930606582474,2025.0,CIN,canonical_source_team_frame,169.32902802828994,99.44936720042797,274.7509743734761,0.7842087759095654
00-0033106,QB,2026,13.846862860220497,6.340665107702567,6.340665107702567,23.947792679749966,False,30.30885059827637,1.596428071496497,20.107458704011048,0.6852083841399293,1.4459208049430026,216.43199176369788,,,,0.0615084739315944,4.072658945908659,,False,False,False,Jared Goff,DET,veteran_model,False,,False,ACT,1.0,starter,,curated,15.174676628525294,15.174676628525294,1.0,False,1.0,15.174676628525294,,,,,,,,33.92979712201368,246.18859977155995,26.79038838236451,118.19015619651694,2025.0,DET,canonical_source_team_frame,216.84463969850898,129.2176900309593,344.1785697365661,1.0319956223266324
00-0035700,RB,2026,13.72097585517403,9.129980606405983,9.129980606405983,20.129081988431448,False,,14.537639926256826,,,,,0.1022561319551724,18.61187300448723,2.8261400076582257,0.5330984909975905,66.34590813179616,3.522954214900689,False,False,False,Josh Jacobs,GB,veteran_model,False,,False,ACT,1.0,starter,,curated,13.409095438150018,13.409095438150018,1.0,False,1.0,13.409095438150018,,,,,,,,32.63743765242263,227.66151029204215,27.533819286041897,118.4027815738584,2025.0,GB,canonical_source_team_frame,189.91723214242424,125.92251360166847,279.4140702333843,1.032238112866074
00-0038120,RB,2026,13.647532597719009,9.173246107765017,9.173246107765017,20.055638730976426,False,,14.966123231991029,,,,,0.0516664383202254,20.410387630861603,2.356037521125252,0.5355701793917603,69.05055367798307,3.003507739709311,False,False,False,Breece Hall,NYJ,veteran_model,False,,False,ACT,1.0,starter,,curated,14.64440575098829,14.64440575098829,1.0,False,1.0,14.64440575098829,,,,,,,,32.40798584142275,201.1286429616928,27.4687300259872,119.28333380861694,2025.0,NYJ,canonical_source_team_frame,196.46804672732674,132.2773719899343,288.16510922576805,0.983028329575637
00-0036900,WR,2026,13.511291552405423,10.531179744357745,10.531179744357745,17.620045634492545,False,,,,,,,0.5417622157871591,72.2255036496583,6.076335785433276,,,9.011406894705631,False,False,False,Ja'Marr Chase,CIN,veteran_model,False,,False,ACT,1.0,starter,LWR,curated,14.81249136477743,14.81249136477743,1.0,False,1.0,14.81249136477743,,,,,,,,35.761155714222895,238.6430156013012,25.12023465395161,107.36930606582474,2025.0,CIN,canonical_source_team_frame,255.49425842570665,199.36438505137755,332.72906427068335,1.2766039071336694
00-0034796,QB,2026,13.493672919776502,5.030787662135438,5.030787662135438,23.553050110460738,False,22.333715513139094,4.422580581350364,13.06264483166653,0.4966612462340904,1.1693004410553465,161.598796603169,,,,0.1130676329087628,26.67435986443961,,False,False,False,Lamar Jackson,BAL,veteran_model,False,,False,ACT,1.0,starter,,curated,13.3877954160184,13.3877954160184,1.0,False,1.0,13.3877954160184,,,,,,,,31.3716833460928,213.64210242557775,28.058067379544,132.6208163798309,2025.0,BAL,canonical_source_team_frame,183.96202719968653,93.92162096644863,295.59863524114,1.0183309436952401
00-0032764,RB,2026,13.471087425517936,9.025542806411412,9.025542806411412,19.879193558775356,False,,13.494562787636148,,,,,0.0468761265123142,13.126606316276922,1.806232168331234,0.6350480711989938,71.63765523456777,2.224155004405913,False,False,False,Derrick Henry,BAL,veteran_model,False,,False,ACT,1.0,starter,,curated,15.041647400656554,15.041647400656554,1.0,False,1.0,15.041647400656554,,,,,,,,31.3716833460928,213.64210242557775,28.058067379544,132.6208163798309,2025.0,BAL,canonical_source_team_frame,200.99919586643585,134.9176338757386,296.1757702065141,0.9919647998433638
00-0037834,QB,2026,13.38832929445325,4.993867910559497,4.993867910559497,23.48925911398272,False,22.907342626047747,3.011113008797006,16.103702102497962,0.6156405197301839,1.3324698368276082,190.6287654261733,,,,0.1338385923446456,8.61548815488379,,False,False,False,Brock Purdy,SF,veteran_model,False,,False,ACT,1.0,starter,,curated,15.690176660849977,15.690176660849977,1.0,False,1.0,15.690176660849977,,,,,,,,34.24811794566182,240.1230793683237,26.942362571611483,112.8480179305098,2025.0,SF,canonical_source_team_frame,189.14607745285488,96.75715340301406,307.15113891952996,0.900415827038754
00-0040743,QB,2026,13.276352220266766,4.484824419419308,4.484824419419308,23.377282039796228,False,28.269970942707165,3.7263010137217583,17.883683807190597,0.5920227070205085,1.0779849729289708,189.5271364734735,,,,0.21684774022761,12.66285842287298,,False,False,False,Tyler Shough,NO,veteran_model,False,,False,ACT,1.0,starter,,curated,13.289163281527776,13.289163281527776,1.0,False,1.0,13.289163281527776,,,,,,,,34.20105181449663,231.16042627321303,26.953986866698717,109.11968596923658,2025.0,NO,canonical_source_team_frame,173.29388659216656,82.87557799674964,281.05132543848583,0.9822156256315381
00-0036963,WR,2026,13.235404826365375,10.255293018317698,10.255293018317698,17.3441589084525,False,,,,,,,0.5484193874478958,71.93215339253915,5.503346324848172,,,8.448508509969034,False,False,False,Amon-Ra St. Brown,DET,veteran_model,False,,False,ACT,2.0,starter,RWR,curated,14.391730142064066,14.391730142064066,1.0,False,1.0,14.391730142064066,,,,,,,,33.92979712201368,246.18859977155995,26.79038838236451,118.19015619651694,2025.0,DET,canonical_source_team_frame,186.13792790721615,144.19650266178985,243.9244109347158,0.9772026557363959
00-0038597,RB,2026,13.123099201586164,8.532103952818115,8.532103952818115,19.531205334843584,False,,13.582895524965764,,,,,0.1001101077988501,24.376769122044752,3.0829078770393865,0.4069889056438855,61.013742702055815,3.9832755423656536,False,False,False,Chase Brown,CIN,veteran_model,False,,False,ACT,1.0,starter,,curated,14.644053408473052,14.644053408473052,1.0,False,1.0,14.644053408473052,,,,,,,,35.761155714222895,238.6430156013012,25.12023465395161,107.36930606582474,2025.0,CIN,canonical_source_team_frame,211.40015477479614,138.29446710424162,313.8954833167166,1.1000377396071768
00-0039910,QB,2026,12.909460106531007,4.117932305683551,4.117932305683551,22.972574034656194,False,23.94131873836464,6.440275807116136,14.280241991330028,0.4985296149545673,0.8649427744424528,156.75549958461116,,,,0.2120926979534429,29.03972067565226,,False,False,False,Jayden Daniels,WAS,veteran_model,False,,False,ACT,1.0,starter,,curated,11.04053840293722,11.04053840293722,1.0,False,1.0,11.04053840293722,,,,,,,,32.67019161591956,214.9395285925804,27.26986368464489,124.1188052104396,2025.0,WAS,canonical_source_team_frame,148.92438107206374,68.12961784358087,244.39307221050473,1.0448825380279516
00-0039150,QB,2026,12.810906435429645,4.042810391063837,4.042810391063837,22.911836254959116,False,24.97887721486901,2.940110676138432,16.55287749358666,0.5370936955205775,1.0949261925089362,184.09983880046448,,,,0.163936097362887,11.57778920239155,,False,False,False,Bryce Young,CAR,veteran_model,False,,False,ACT,1.0,starter,,curated,14.190156731411273,14.190156731411273,1.0,False,1.0,14.190156731411273,,,,,,,,33.08175557965288,214.53923085029223,26.97977516063293,116.45258332427316,2025.0,CAR,canonical_source_team_frame,175.4455910461431,80.81570878563936,288.72054629139836,0.9651068702570985
00-0034869,QB,2026,12.565556627530842,5.320263224500191,5.320263224500191,22.55689697644386,False,27.237576858907616,1.5092548181912688,17.430697390764163,0.4626428253484794,1.2986485129720151,194.52089594116467,,,,0.042592907841618,2.5985494164344627,,False,False,False,Sam Darnold,SEA,veteran_model,False,,False,ACT,1.0,starter,,curated,13.45130991766501,13.45130991766501,1.0,False,1.0,13.45130991766501,,,,,,,,32.225845759159824,233.1409897885389,27.9379864119506,119.71889503194852,2025.0,SEA,canonical_source_team_frame,171.47815557269223,97.30286038659702,282.6462534652826,1.0145243915560713
00-0037744,TE,2026,12.546334148020353,10.331157295539633,10.331157295539633,15.545041582895958,False,,,,,,,0.5644223977901156,59.782216441866936,6.363156234185933,,,8.740875674592212,False,False,False,Trey McBride,ARI,veteran_model,False,,False,ACT,1.0,starter,,curated,14.586091028065104,14.586091028065104,1.0,False,1.0,14.586091028065104,,,,,,,,36.21396386313722,240.76907152016224,24.98965667674017,107.79270996792926,2025.0,ARI,canonical_source_team_frame,191.8588273988903,158.33507596609797,237.52611863609297,1.048397595681039
00-0037247,WR,2026,12.520262231079595,9.540150423031918,9.540150423031918,16.629016313166723,False,,,,,,,0.4806701353087085,71.16881750203711,5.038719338047267,,,7.682936699116603,False,False,False,George Pickens,DAL,veteran_model,False,,False,ACT,1.0,starter,LWR,curated,14.555451760236233,14.555451760236233,1.0,False,2.0,14.555451760236233,,,,,,,,34.848900159202955,250.0561914085082,26.916637322594877,120.71500490898477,2025.0,DAL,canonical_source_team_frame,189.42021227142556,144.0801083468051,251.9815482836641,1.0394107511452786
00-0037238,WR,2026,12.477237542699033,9.497125734651355,9.497125734651355,16.585991624786153,False,,,,,,,0.5707777382315569,63.73342605832467,5.35845701495445,,,8.73457461492794,False,False,False,Drake London,ATL,veteran_model,False,,False,ACT,1.0,starter,LWR,curated,14.303243311446778,14.303243311446778,1.0,False,1.0,14.303243311446778,,,,,,,,33.103579364958776,223.6760928436624,27.565529595779655,121.0212845239931,2025.0,ATL,canonical_source_team_frame,175.74092887775092,134.10883682087876,232.8797718406892,0.9847363007135694
00-0040122,RB,2026,12.443199997695775,7.852204748927726,7.852204748927726,18.851306130953194,False,,14.089716409590364,,,,,0.1839004102313249,17.623782752644363,3.005069765450813,0.3275610228134925,61.09518241437028,4.017393873437195,False,False,False,Ashton Jeanty,LV,veteran_model,False,,False,ACT,1.0,starter,,curated,13.407282372800497,13.407282372800497,1.0,False,1.0,13.407282372800497,,,,,,,,33.852695887179124,214.57281927994063,25.407262691012978,101.26520419334778,2025.0,LV,canonical_source_team_frame,177.85078846978115,112.73025449675876,269.1179503077754,1.0660632127071925
00-0040715,RB,2026,12.419959895702581,7.82896464693453,7.82896464693453,18.828066028960002,False,,13.312541271322315,,,,,0.0918530370481642,21.2397869047398,2.854562004313031,0.4495808641978865,56.2009679559578,3.4866483092375664,False,False,False,Cam Skattebo,NYG,veteran_model,False,,False,ACT,1.0,starter,,curated,13.106722455563348,13.106722455563348,1.0,False,1.0,13.106722455563348,,,,,,,,33.24318823444577,223.72200991226288,27.969267844990632,122.67699998352342,2025.0,NYG,canonical_source_team_frame,158.5508977520807,99.9244859511802,240.29052259998622,0.9739898002786668
00-0037239,WR,2026,12.41992414535919,9.439812337311512,9.439812337311512,16.528678227446314,False,,,,,,,0.5113939969122452,66.39214431431542,5.424691464908353,,,8.90277830647347,False,False,False,Chris Olave,NO,veteran_model,False,,False,ACT,2.0,starter,RWR,curated,14.529738993212089,14.529738993212089,1.0,False,1.0,14.529738993212089,,,,,,,,34.20105181449663,231.16042627321303,26.953986866698717,109.11968596923658,2025.0,NO,canonical_source_team_frame,186.60667071957755,142.1282156706984,247.75666852916447,1.034071118181416
00-0034844,RB,2026,11.928124362095508,7.33712911332746,7.33712911332746,18.33623049535293,False,,15.326812437748275,,,,,0.1607712226117686,16.493228036231564,2.2634120603768344,0.3373908646174063,61.581230049088845,2.8529534728349204,False,False,False,Saquon Barkley,PHI,veteran_model,False,,False,ACT,1.0,starter,,curated,14.019090828638312,14.019090828638312,1.0,False,1.0,14.019090828638312,,,,,,,,32.80438240429993,217.8739687342708,27.51020727894377,118.95507060419128,2025.0,PHI,canonical_source_team_frame,173.22699597719617,106.58099847154794,266.436041069275,1.035913675021591
00-0040676,QB,2026,11.772638662875828,3.3245055093205016,3.3245055093205016,21.8735684824053,False,26.05599966677511,3.010446771072109,16.45732407101689,0.6845560989873349,0.9650141389156984,180.5766984585847,,,,0.110608948894473,13.949726734774778,,False,False,False,Cam Ward,TEN,veteran_model,False,,False,ACT,1.0,starter,,curated,14.09126171560918,14.09126171560918,1.0,False,1.0,14.09126171560918,,,,,,,,33.99018441127937,212.01753019527845,25.99058571793473,108.16497271051462,2025.0,TEN,canonical_source_team_frame,169.55200033043835,75.30504404597391,287.3786356557121,1.022066661312492
00-0036554,WR,2026,11.709506185845534,8.729394377797856,8.729394377797856,15.818260267932656,False,,,,,,,0.4487749437933047,65.66252410068832,4.901208226033746,,,7.487505257394983,False,False,False,Nico Collins,HOU,veteran_model,False,,False,ACT,1.0,starter,LWR,curated,14.84916322119384,14.84916322119384,1.0,False,1.0,14.84916322119384,,,,,,,,34.321125448974,230.7196594149492,27.0161290584345,113.89625214465636,2025.0,HOU,canonical_source_team_frame,194.17439806469002,144.54344705227712,262.7685556707187,1.1167382872998686
00-0035676,WR,2026,11.691185059384289,8.711073251336611,8.711073251336611,15.799939141471413,False,,,,,,,0.4271574225159311,68.07141218516614,4.642198611544174,,,7.857040447015668,False,False,False,A.J. Brown,NE,veteran_model,False,,True,ACT,1.0,starter,LWR,curated,14.350379364167518,14.350379364167518,1.0,False,1.0,14.350379364167518,,,,,,,,33.746856976402874,243.7564166874116,26.990735238510595,121.6874228230549,2025.0,NE,canonical_source_team_frame,159.4788520708754,118.64115606633314,215.84038152269028,0.950563608723222
00-0035261,RB,2026,11.640045060187958,7.258940626666332,7.258940626666332,18.048151193445378,False,,13.784921752955258,,,,,0.0361360955814978,11.470891725010668,1.5361779281704515,0.5371955865251288,62.84876830961905,1.89740293120109,False,False,False,Tony Pollard,TEN,veteran_model,False,,False,ACT,1.0,starter,,curated,14.442192891215443,14.442192891215443,1.0,False,1.0,14.442192891215443,,,,,,,,33.99018441127937,212.01753019527845,25.99058571793473,108.16497271051462,2025.0,TEN,canonical_source_team_frame,167.59223813006466,104.65180285560106,259.4878459336102,0.9969332894419898
00-0023459,QB,2026,11.535381160943693,3.88142940140748,3.88142940140748,21.63631098047316,False,30.66021112716896,1.7814616461859984,19.797212161337605,0.6491924274908276,1.0831430133642093,189.4280804317449,,,,0.0680679373994717,5.156631208018856,,False,False,False,Aaron Rodgers,PIT,veteran_model,False,,False,ACT,1.0,starter,,curated,14.232122404678384,14.232122404678384,1.0,False,1.0,14.232122404678384,,,,,,,,33.52835881566065,220.6188474788981,26.553754211808798,113.31380639380768,2025.0,PIT,canonical_source_team_frame,161.0346026090883,80.77547000491292,275.9314884844928,0.9808838549186526
00-0036139,RB,2026,11.48016887065749,6.889173621889443,6.889173621889443,17.88827500391491,False,,13.08464989079122,,,,,0.0975449340510329,14.196436831074374,2.7999265976194727,0.393620953678731,57.13566562361733,3.636495610097173,False,False,False,Rico Dowdle,PIT,veteran_model,True,,True,ACT,2.0,committee,,curated,13.23600909315142,13.23600909315142,0.98,True,2.0,13.23600909315142,,,,,,,,33.52835881566065,220.6188474788981,26.553754211808798,113.31380639380768,2025.0,PIT,canonical_source_team_frame,153.99514517313526,92.53201595011488,239.82703349172905,1.0134485279990877
00-0036275,RB,2026,11.468496344667283,6.99441475183827,6.99441475183827,17.876602477924703,False,,13.69254363451511,,,,,0.0516322887993961,14.820657459687068,2.0313486042822007,0.4329339325663764,60.633589683628415,2.245036572295341,False,False,False,D'Andre Swift,CHI,veteran_model,False,,False,ACT,1.0,starter,,curated,12.081166175095571,12.081166175095571,1.0,False,1.0,12.081166175095571,,,,,,,,33.73805380586444,231.6076855324185,27.696271758130365,127.85601286134172,2025.0,CHI,canonical_source_team_frame,139.88096811403562,85.06257187538922,218.61315509773755,1.0095859332950303
00-0040666,RB,2026,11.450633812018289,6.8596385632502415,6.8596385632502415,17.85873994527571,False,,13.03438298075258,,,,,0.0764206758284004,17.778969646137508,2.7045229447426085,0.3455944073354595,57.883848760500754,3.353341559514385,False,False,False,Omarion Hampton,LAC,veteran_model,False,,False,ACT,1.0,starter,,curated,13.348131100103684,13.348131100103684,1.0,False,1.0,13.348131100103684,,,,,,,,34.81078054136303,231.0075612183065,26.604787498731607,118.73875848668648,2025.0,LAC,canonical_source_team_frame,158.99004525511322,94.97133242700515,248.53672433654685,1.040207410068497
00-0039064,WR,2026,11.41378795913457,8.433676151086893,8.433676151086893,15.522542041221694,False,,,,,,,0.3359635232569936,67.41058334805045,5.313896969575127,,,8.087086850613444,False,False,False,Zay Flowers,BAL,veteran_model,False,,False,ACT,3.0,starter,SWR,curated,15.435990951747112,15.435990951747112,1.0,False,1.0,15.435990951747112,,,,,,,,31.3716833460928,213.64210242557775,28.058067379544,132.6208163798309,2025.0,BAL,canonical_source_team_frame,169.89627881685595,125.44836457946784,231.27160616001254,0.964316396644101
00-0039067,WR,2026,11.288879317305968,8.308767509258288,8.308767509258288,15.39763339939309,False,,,,,,,0.4277819903623518,57.81497667245083,5.881379415773546,,,8.450759783088222,False,False,False,Rashee Rice,KC,veteran_model,False,,False,ACT,3.0,starter,SWR,curated,13.837017483854632,13.837017483854632,1.0,False,1.0,13.837017483854632,,,,,,,,35.16438169616012,230.57945355267083,25.927946034942902,113.12705785543976,2025.0,KC,canonical_source_team_frame,200.77057476522796,147.84713419834372,273.72156698254923,1.2853066138569262
00-0036973,RB,2026,11.060672644191285,6.469677395423236,6.469677395423236,17.468778777448705,False,,12.66070841408515,,,,,0.1018166042269576,15.233883298376636,2.347793109882025,0.3971257378617768,53.697337068802014,2.9705659661107924,False,False,False,Travis Etienne,NO,veteran_model,False,,True,ACT,1.0,starter,,curated,13.292984939785612,13.292984939785612,1.0,False,1.0,13.292984939785612,,,,,,,,34.20105181449663,231.16042627321303,26.953986866698717,109.11968596923658,2025.0,NO,canonical_source_team_frame,148.80591401295243,87.20214870910432,234.86339343749188,1.012083023361091
00-0039337,WR,2026,10.993388286545667,8.013276478497989,8.013276478497989,15.102142368632789,False,,,,,,,0.4507649206071851,60.639183391241104,4.44976084755689,,,7.351331573044074,False,False,False,Malik Nabers,NYG,veteran_model,False,,False,ACT,1.0,starter,LWR,curated,13.87147688288637,13.87147688288637,1.0,False,1.0,13.87147688288637,,,,,,,,33.24318823444577,223.72200991226288,27.969267844990632,122.67699998352342,2025.0,NYG,canonical_source_team_frame,141.16447446697214,103.02836538295901,193.75981997906837,0.9257018799010446
00-0036358,WR,2026,10.927660506749273,7.947548698701595,7.947548698701595,15.036414588836395,False,,,,,,,0.4033396027922337,63.31684421834667,4.351876936322407,,,7.011565189980907,False,False,False,CeeDee Lamb,DAL,veteran_model,False,,False,ACT,2.0,starter,RWR,curated,14.452389756458404,14.452389756458404,1.0,False,1.0,14.452389756458404,,,,,,,,34.848900159202955,250.0561914085082,26.916637322594877,120.71500490898477,2025.0,DAL,canonical_source_team_frame,164.0466251848042,119.02755849344447,226.16498651273554,1.038724657099176
00-0036997,RB,2026,10.891543774318823,6.3199350331404975,6.3199350331404975,17.29964990757624,False,,11.467823702482615,,,,,0.0678868135242808,15.20851433645993,2.086733718287032,0.38295112214709,56.22297867501088,2.560117758871558,False,False,False,Javonte Williams,DAL,veteran_model,False,,False,ACT,1.0,starter,,curated,13.236296491405112,13.236296491405112,1.0,False,1.0,13.236296491405112,,,,,,,,34.848900159202955,250.0561914085082,26.916637322594877,120.71500490898477,2025.0,DAL,canonical_source_team_frame,145.73980635066596,84.34511525090925,231.861526514962,1.010932736019792
00-0037240,WR,2026,10.876100598008886,7.8959887899612085,7.8959887899612085,14.98485468009601,False,,,,,,,0.3258473141205336,68.32301568694461,4.177430289182445,,,6.711223759942801,False,False,False,Jameson Williams,DET,veteran_model,False,,False,ACT,1.0,starter,LWR,curated,14.57715955565642,14.57715955565642,1.0,False,2.0,14.57715955565642,,,,,,,,33.92979712201368,246.18859977155995,26.79038838236451,118.19015619651694,2025.0,DET,canonical_source_team_frame,154.67092934242027,112.1891122322413,213.20195896408063,0.9755792884356969
00-0038128,QB,2026,10.851960001334167,2.06043220048671,2.06043220048671,20.457370229941343,False,11.738748056629817,5.828793024557305,7.113266226119955,0.2696777651955606,0.6602954416946872,89.00222049438781,,,,0.3506118456926093,30.863738710153694,,False,False,False,Malik Willis,MIA,veteran_model,False,,True,ACT,1.0,starter,,curated,8.167044235960677,8.167044235960677,1.0,False,1.0,8.167044235960677,,,,,,,,32.35681053457549,214.6121451327766,26.7390775924456,118.26868781082813,2025.0,MIA,canonical_source_team_frame,115.5764870888199,29.8619382608643,211.23072363088176,1.304056468875603
00-0030565,QB,2026,10.744351238290172,2.5535669538950825,2.5535669538950825,20.84528105781964,False,22.780299248069483,1.8133091749486787,13.552428371795925,0.6825890970564801,1.1746789010171672,148.7477639569218,,,,0.122651967378101,7.249914657889874,,False,False,False,Geno Smith,NYJ,veteran_model,False,,True,ACT,1.0,starter,,curated,14.31623664995882,14.31623664995882,1.0,False,1.0,14.31623664995882,,,,,,,,32.40798584142275,201.1286429616928,27.4687300259872,119.28333380861694,2025.0,NYJ,canonical_source_team_frame,164.658914291528,68.78704844448406,288.6594431772212,1.0704741431134004
00-0035228,QB,2026,10.715756142558124,1.9242283417106694,1.9242283417106694,20.816685962087593,False,19.760234207154856,4.577984515792809,11.3198138635447,0.5188361946073153,0.7278839975293578,116.8530928453128,,,,0.2944742867912799,24.009231070951337,,False,False,False,Kyler Murray,MIN,veteran_model,False,,True,ACT,1.0,starter,,curated,12.19517465234694,12.19517465234694,1.0,False,1.0,12.19517465234694,,,,,,,,33.317960572598906,212.14905129671848,25.98644569135896,113.34466242181308,2025.0,MIN,canonical_source_team_frame,141.27200357184785,49.01486820002849,250.5973363957456,1.0810486985250558
00-0038559,WR,2026,10.627842657399928,7.64773084935225,7.64773084935225,14.736596739487052,False,,,,,,,0.4148546223583466,59.25128449468217,4.427172947563263,,,6.809818734301698,False,False,False,Michael Wilson,ARI,veteran_model,False,,False,ACT,2.0,starter,RWR,curated,14.900063288448203,14.900063288448203,1.0,False,2.0,14.900063288448203,,,,,,,,36.21396386313722,240.76907152016224,24.98965667674017,107.79270996792926,2025.0,ARI,canonical_source_team_frame,166.5558374457654,120.15047685791377,230.40558892484268,1.0517841677096804
00-0031381,WR,2026,10.61883034342304,7.638718535375363,7.638718535375363,14.727584425510162,False,,,,,,,0.5073962073314923,53.86583287041712,4.375739624784749,,,7.289767909165578,False,False,False,Davante Adams,LA,veteran_model,False,,False,ACT,1.0,starter,LWR,curated,13.099670327108868,13.099670327108868,1.0,False,2.0,13.099670327108868,,,,,,,,34.82389907724694,249.40392878109915,26.59195903329525,121.3859631065696,2025.0,LA,canonical_source_team_frame,155.20250975021335,111.7790763028066,214.9041758947381,1.1157366306582628
00-0038117,WR,2026,10.605911127808923,7.625799319761245,7.625799319761245,14.714665209896046,False,,,,,,,0.3281970888476757,59.88251594724979,5.296953999995779,,,8.089476818846675,False,False,False,Wan'Dale Robinson,TEN,veteran_model,False,,True,ACT,3.0,starter,SWR,curated,14.478772923170396,14.478772923170396,1.0,False,2.0,14.478772923170396,,,,,,,,33.99018441127937,212.01753019527845,25.99058571793473,108.16497271051462,2025.0,TEN,canonical_source_team_frame,150.67543928375432,108.47235623890771,208.81976563109794,0.9812117172227287
00-0040124,WR,2026,10.516953906693413,7.536842098645734,7.536842098645734,14.625707988780535,False,,,,,,,0.4177087216086993,57.087476465470445,4.603907860988343,,,7.145568315068062,False,False,False,Tetairoa McMillan,CAR,veteran_model,False,,False,ACT,1.0,starter,LWR,curated,14.448767311534192,14.448767311534192,1.0,False,1.0,14.448767311534192,,,,,,,,33.08175557965288,214.53923085029223,26.97977516063293,116.45258332427316,2025.0,CAR,canonical_source_team_frame,158.8433778881029,114.14971678761026,220.3539589117648,1.045317801521363
00-0037840,RB,2026,10.496717975784698,6.044272291054568,6.044272291054568,16.904824109042117,False,,11.462190577870182,,,,,0.0480263041162483,17.195691755380114,2.254186873243086,0.3684847872236525,51.50988815585737,2.790931160578953,False,False,False,Kyren Williams,LA,veteran_model,False,,False,ACT,1.0,starter,,curated,14.383842689440286,14.383842689440286,1.0,False,1.0,14.383842689440286,,,,,,,,34.82389907724694,249.40392878109915,26.59195903329525,121.3859631065696,2025.0,LA,canonical_source_team_frame,157.1300882592876,90.7627782287584,252.87058338327466,1.0407128116114903
00-0039338,TE,2026,10.426513803152828,8.327363095302276,8.327363095302276,13.287766460975286,False,,,,,,,0.5322252908074986,45.50602008195831,5.365120100224009,,,7.355733015481157,False,False,False,Brock Bowers,LV,veteran_model,False,,False,ACT,1.0,starter,,curated,12.79990182382277,12.79990182382277,1.0,False,1.0,12.79990182382277,,,,,,,,33.852695887179124,214.57281927994063,25.407262691012978,101.26520419334778,2025.0,LV,canonical_source_team_frame,157.54214153101177,126.41097394978797,200.81297702997773,1.1804592064596051
00-0039915,WR,2026,10.400159166987766,7.420047358940089,7.420047358940089,14.50891324907489,False,,,,,,,0.3656240566697566,59.59262224730023,4.494305204478409,,,6.811974085512165,False,False,False,Ladd McConkey,LAC,veteran_model,False,,False,ACT,3.0,starter,SWR,curated,15.024096985915586,15.024096985915586,1.0,False,1.0,15.024096985915586,,,,,,,,34.81078054136303,231.0075612183065,26.604787498731607,118.73875848668648,2025.0,LAC,canonical_source_team_frame,177.44583039651047,126.25939646247913,248.15970031929277,1.1356315104578494
00-0036322,WR,2026,10.358965283457543,7.378853475409866,7.378853475409866,14.467719365544667,False,,,,,,,0.3399781221135649,60.78257818392899,4.481677464766509,,,7.177098127002663,False,False,False,Justin Jefferson,MIN,veteran_model,False,,False,ACT,1.0,starter,LWR,curated,14.945388812315928,14.945388812315928,1.0,False,1.0,14.945388812315928,,,,,,,,33.317960572598906,212.14905129671848,25.98644569135896,113.34466242181308,2025.0,MIN,canonical_source_team_frame,139.84460358914623,99.80068413906051,194.996624168368,0.9032794223865741
00-0040129,WR,2026,10.345598411093409,7.3654866030457296,7.3654866030457296,14.45435249318053,False,,,,,,,0.3478806286739502,60.24439520542177,4.467750237015059,,,7.220381580342526,False,False,False,Emeka Egbuka,TB,veteran_model,False,,False,ACT,2.0,starter,RWR,curated,14.368459355606886,14.368459355606886,1.0,False,1.0,14.368459355606886,,,,,,,,33.5451456097649,223.7139473344186,27.71485631665953,117.7146256375168,2025.0,TB,canonical_source_team_frame,158.20220227083243,112.98366769082315,220.47012516004315,1.0642574642034937
00-0033906,RB,2026,10.10596060376667,5.51496535499862,5.51496535499862,16.514066737024088,False,,11.667716212971468,,,,,0.0964788650559296,17.81396500311182,1.8535587257805093,0.3968642771340294,44.37725887425479,2.4428787531572707,False,False,False,Alvin Kamara,NO,veteran_model,True,,False,ACT,2.0,committee,,curated,12.751399262962828,12.751399262962828,0.98,True,2.0,12.751399262962828,,,,,,,,34.20105181449663,231.16042627321303,26.953986866698717,109.11968596923658,2025.0,NO,canonical_source_team_frame,130.58664794054548,71.49275660992814,213.13795486500885,1.0133589996869687
00-0039919,WR,2026,10.084200029457154,7.104088221409477,7.104088221409477,14.192954111544278,False,,,,,,,0.4281050257065252,54.55902869811176,4.119334010813655,,,6.457714915853173,False,False,False,Rome Odunze,CHI,veteran_model,False,,False,ACT,1.0,starter,LWR,curated,14.67762964172679,14.67762964172679,1.0,False,1.0,14.67762964172679,,,,,,,,33.73805380586444,231.6076855324185,27.696271758130365,127.85601286134172,2025.0,CHI,canonical_source_team_frame,155.05478083148915,109.02343332855256,218.6307339060851,1.0475814141653323
00-0037228,RB,2026,10.076668365819286,5.537442657570683,5.537442657570683,16.484774499076703,False,,12.03320467340758,,,,,0.0624896413693271,12.983560520707202,2.1982173270422813,0.3097065722308714,54.46026368626233,2.808373005549087,False,False,False,Jaylen Warren,PIT,veteran_model,False,,False,ACT,1.0,starter,,curated,12.072070251130585,12.072070251130585,1.0,False,1.0,12.072070251130585,,,,,,,,33.52835881566065,220.6188474788981,26.553754211808798,113.31380639380768,2025.0,PIT,canonical_source_team_frame,123.14230538471105,67.71806661728189,201.42636958238472,1.0122984226374085
00-0040128,TE,2026,9.944864119409697,7.918014046168272,7.918014046168272,12.720463085620874,False,,,,,,,0.4163070420811607,48.57936670640741,5.178170392563985,,,6.787362263878822,False,False,False,Tyler Warren,IND,veteran_model,False,,False,ACT,1.0,starter,,curated,15.25967077096091,15.25967077096091,1.0,False,1.0,15.25967077096091,,,,,,,,33.819686508835005,234.02693422664208,26.500800154053703,117.38636019360476,2025.0,IND,canonical_source_team_frame,164.8920122733013,131.31343760669313,210.98751142760977,1.0865647224165684
00-0036212,QB,2026,9.939952987435081,2.7569261448670237,2.7569261448670237,19.939939470458423,False,23.14182931773611,1.6892644533657075,14.86759559258935,0.4669658924036423,0.8875968156923646,171.75879203105873,,,,0.057366738422217,1.0894539769725602,,False,False,False,Tua Tagovailoa,ATL,veteran_model,False,,True,ACT,2.0,backup,,curated,13.185977404135985,13.185977404135985,1.0,False,1.0,13.185977404135985,,,,,,,,33.103579364958776,223.6760928436624,27.565529595779655,121.0212845239931,2025.0,ATL,canonical_source_team_frame,134.5901607279522,60.1627118224379,246.79128588712726,1.0268728092184392
00-0033288,TE,2026,9.861185181638106,7.7609416014785495,7.7609416014785495,12.723732552131237,False,,,,,,,0.4919249003463162,47.72147997879037,4.274975563362342,,,5.556281647145868,False,False,False,George Kittle,SF,veteran_model,False,,False,ACT,1.0,starter,,curated,13.396132381396306,13.396132381396306,1.0,False,1.0,13.396132381396306,,,,,,,,34.24811794566182,240.1230793683237,26.942362571611483,112.8480179305098,2025.0,SF,canonical_source_team_frame,146.3317707078457,115.33854124175775,188.7642074397225,1.1077202188831121
00-0034348,WR,2026,9.860362494635375,6.880250686587696,6.880250686587696,13.969116576722495,False,,,,,,,0.3898244649896791,54.64836899121637,4.113157611151324,,,6.251558092510642,False,False,False,Courtland Sutton,DEN,veteran_model,False,,False,ACT,1.0,starter,LWR,curated,14.124807682900904,14.124807682900904,1.0,False,1.0,14.124807682900904,,,,,,,,34.86578769636352,230.0781619883208,26.560893200255972,117.8845379552942,2025.0,DEN,canonical_source_team_frame,154.27599408140225,107.48214268927254,218.8426665096046,1.1077019723089734
00-0038134,RB,2026,9.823426443084077,5.41154790309033,5.41154790309033,16.2315325763415,False,,11.804013009089006,,,,,0.0412651133268516,13.668964111788076,1.8321121773363689,0.318584184653527,53.81378155354814,2.12584062936001,False,False,False,Kenneth Walker III,KC,veteran_model,False,,True,ACT,1.0,starter,,curated,14.27337274473312,14.27337274473312,1.0,False,1.0,14.27337274473312,,,,,,,,35.16438169616012,230.57945355267083,25.927946034942902,113.12705785543976,2025.0,KC,canonical_source_team_frame,150.57683470159935,82.42420449228563,250.65787073368432,1.07391166204305
00-0036970,TE,2026,9.807521282755097,7.738409648613679,7.738409648613679,12.633187011504514,False,,,,,,,0.3528271065685733,52.33354377244761,4.914408532197789,,,7.385342318625031,False,False,False,Kyle Pitts,ATL,veteran_model,False,,False,ACT,1.0,starter,,curated,14.79197356559776,14.79197356559776,1.0,False,1.0,14.79197356559776,,,,,,,,33.103579364958776,223.6760928436624,27.565529595779655,121.0212845239931,2025.0,ATL,canonical_source_team_frame,144.2604854867705,114.8581201181067,185.10205204397892,0.9944020435516884
00-0038996,TE,2026,9.786511164320867,7.642672765327189,7.642672765327189,12.700704791979717,False,,,,,,,0.4554871291758959,48.55512158678815,4.396152461173354,,,5.80709628361997,False,False,False,Tucker Kraft,GB,veteran_model,False,,False,ACT,1.0,starter,,curated,11.736831780239822,11.736831780239822,1.0,False,1.0,11.736831780239822,,,,,,,,32.63743765242263,227.66151029204215,27.533819286041897,118.4027815738584,2025.0,GB,canonical_source_team_frame,129.24641496222227,100.74835513371882,167.81592166361605,1.1252259246856775
00-0033293,RB,2026,9.753682511364863,5.162687262596814,5.162687262596814,16.16178864462228,False,,11.82691088351014,,,,,0.0822456991388135,14.904260340474066,1.965653853501436,0.3588786063379435,46.33683717706196,2.464282041671192,False,False,False,Aaron Jones,MIN,veteran_model,False,,False,ACT,1.0,starter,,curated,12.297248824755156,12.297248824755156,1.0,False,1.0,12.297248824755156,,,,,,,,33.317960572598906,212.14905129671848,25.98644569135896,113.34466242181308,2025.0,MIN,canonical_source_team_frame,116.4363637404269,61.77702271077855,192.6037496916116,0.9707604146478653
00-0036613,WR,2026,9.736054638221633,6.755942830173954,6.755942830173954,13.844808720308755,False,,,,,,,0.3294271779803602,56.768172997905765,4.1653485410977895,,,6.559168732644338,False,False,False,Jaylen Waddle,DEN,veteran_model,False,,True,ACT,2.0,starter,RWR,curated,14.421053844530928,14.421053844530928,1.0,False,2.0,14.421053844530928,,,,,,,,34.86578769636352,230.0781619883208,26.560893200255972,117.8845379552942,2025.0,DEN,canonical_source_team_frame,155.2993176649517,107.52403706160618,221.22017694691442,1.1060876588486461
00-0036410,WR,2026,9.703265815156122,6.7231540071084455,6.7231540071084455,13.812019897243246,False,,,,,,,0.4114046469896816,54.07218734983723,3.65523839646862,,,6.238281002316277,False,False,False,Tee Higgins,CIN,veteran_model,False,,False,ACT,2.0,starter,RWR,curated,14.458685066657123,14.458685066657123,1.0,False,2.0,14.458685066657123,,,,,,,,35.761155714222895,238.6430156013012,25.12023465395161,107.36930606582474,2025.0,CIN,canonical_source_team_frame,178.81231000714246,124.02313633170102,254.20231067592644,1.2745318322467265
00-0039893,WR,2026,9.63303995256268,6.652928144515,6.652928144515,13.741794034649804,False,,,,,,,0.3495874014976501,54.71696754986924,4.127637577179708,,,6.729546073941862,False,False,False,Brian Thomas Jr.,JAX,veteran_model,False,,False,ACT,1.0,starter,LWR,curated,14.471525320863549,14.471525320863549,1.0,False,1.0,14.471525320863549,,,,,,,,34.281611997177656,230.8787037290612,27.439030345261777,117.85703830149006,2025.0,JAX,canonical_source_team_frame,155.99619351942255,107.07128593365539,223.69099801948306,1.1190160892599108
00-0026158,QB,2026,9.615396059613856,2.2354611789695458,2.2354611789695458,19.716325879143326,False,21.41941867090424,1.3311442011561068,13.232192570489872,0.5704833547827156,1.0214201290598024,150.51570966583165,,,,0.0551147143705307,3.19365580083627,,False,False,False,Joe Flacco,CIN,veteran_model,True,,False,ACT,2.0,backup,,curated,8.259082051596472,8.259082051596472,0.77,True,2.0,8.259082051596472,,,,,,,,35.761155714222895,238.6430156013012,25.12023465395161,107.36930606582474,2025.0,CIN,canonical_source_team_frame,62.24774100566523,26.96509626968398,118.74795494372799,0.7838349733155677
00-0035640,WR,2026,9.463077145687233,6.482965337639555,6.482965337639555,13.571831227774357,False,,,,,,,0.3433297866402123,52.72197317806217,4.261802216079484,,,6.88292256937503,False,False,False,DK Metcalf,PIT,veteran_model,False,,False,ACT,1.0,starter,LWR,curated,14.928274599541474,14.928274599541474,1.0,False,1.0,14.928274599541474,,,,,,,,33.52835881566065,220.6188474788981,26.553754211808798,113.31380639380768,2025.0,PIT,canonical_source_team_frame,146.0221323330843,100.12959473336892,209.19040849591002,1.0336575718679932
00-0036912,WR,2026,9.406202137285462,6.426090329237783,6.426090329237783,13.514956219372584,False,,,,,,,0.3240102099281393,53.75432549691962,4.173416656049326,,,6.622619042171904,False,False,False,DeVonta Smith,PHI,veteran_model,False,,False,ACT,1.0,starter,LWR,curated,14.94869314458404,14.94869314458404,1.0,False,1.0,14.94869314458404,,,,,,,,32.80438240429993,217.8739687342708,27.51020727894377,118.95507060419128,2025.0,PHI,canonical_source_team_frame,156.83646582813398,107.42826760565114,224.82857438214967,1.1153971045422775
00-0037664,WR,2026,9.372803427863282,6.392691619815604,6.392691619815604,13.481557509950406,False,,,,,,,0.3607092454691771,55.53386198370083,3.310323513356272,,,5.9286966364672855,False,False,False,Alec Pierce,IND,veteran_model,False,,False,ACT,1.0,starter,LWR,curated,13.94477766300902,13.94477766300902,1.0,False,1.0,13.94477766300902,,,,,,,,33.819686508835005,234.02693422664208,26.500800154053703,117.38636019360476,2025.0,IND,canonical_source_team_frame,142.94272637596907,97.6918537127435,205.3855415957541,1.093656549629939
00-0036919,RB,2026,9.35296105562654,4.761965806858491,4.761965806858491,15.761067188883956,False,,7.346099857618673,,,,,0.124782119834369,22.376519612278525,3.0104735570847607,0.2565983947694653,33.21789228233301,4.213387472176946,False,False,False,Kenny Gainwell,TB,veteran_model,True,,True,ACT,2.0,committee,,curated,14.339723939737745,14.339723939737745,0.98,True,2.0,14.339723939737745,,,,,,,,33.5451456097649,223.7139473344186,27.71485631665953,117.7146256375168,2025.0,TB,canonical_source_team_frame,138.13486292284728,71.15002539049172,231.75181286376497,1.0299434604532594
00-0036945,QB,2026,9.346939465886424,0.5554116650389672,0.5554116650389672,19.120943120378186,False,15.3752930394063,4.566828013027441,9.376399124472846,0.3539744781378542,0.6936672943854392,99.73534984010637,,,,0.2181996078856952,19.81607603701949,,False,False,False,Justin Fields,KC,veteran_model,True,,True,ACT,2.0,backup,,curated,8.673886201883095,8.673886201883095,0.77,True,2.0,8.673886201883095,,,,,,,,35.16438169616012,230.57945355267083,25.927946034942902,113.12705785543976,2025.0,KC,canonical_source_team_frame,67.90948140726444,16.73597374263053,126.16331270066789,0.837620434598935
00-0037740,WR,2026,9.227878249929041,6.247766441881364,6.247766441881364,13.336632332016165,False,,,,,,,0.3803099928537642,48.50582740194979,4.190871105222956,,,6.937026673396688,False,False,False,Garrett Wilson,NYJ,veteran_model,False,,False,ACT,2.0,starter,RWR,curated,13.558072394327144,13.558072394327144,1.0,False,1.0,13.558072394327144,,,,,,,,32.40798584142275,201.1286429616928,27.4687300259872,119.28333380861694,2025.0,NYJ,canonical_source_team_frame,116.75308628076694,79.08759448503247,168.6767899573656,0.9331867530544006
00-0039384,RB,2026,9.146019799124346,4.753904368954451,4.753904368954451,15.554125932381766,False,,10.06034819772036,,,,,0.0379712616895426,15.229619071065416,2.1754218744372533,0.2703985455936397,46.85128111100085,3.008077435791083,False,False,False,Tyrone Tracy Jr.,NYG,veteran_model,True,,False,ACT,2.0,committee,,curated,13.472126984217748,13.472126984217748,0.98,True,2.0,13.472126984217748,,,,,,,,33.24318823444577,223.72200991226288,27.969267844990632,122.67699998352342,2025.0,NYG,canonical_source_team_frame,120.20946420185561,62.37450875234582,204.22792185416364,0.9755967761349841
00-0030506,TE,2026,9.121462854584372,7.093989373164822,7.093989373164822,11.897800364960837,False,,,,,,,0.4068488098117767,43.982421710812645,4.564255649264895,,,6.62093612559537,False,False,False,Travis Kelce,KC,veteran_model,False,,False,ACT,1.0,starter,,curated,14.095604049138757,14.095604049138757,1.0,False,1.0,14.095604049138757,,,,,,,,35.16438169616012,230.57945355267083,25.927946034942902,113.12705785543976,2025.0,KC,canonical_source_team_frame,165.02926124164378,128.4876628604321,215.25433551294537,1.283549937531303
00-0036252,WR,2026,9.065948232607209,6.085836424559531,6.085836424559531,13.174702314694331,False,,,,,,,0.267447267519255,53.541742335442684,4.21418078789482,,,6.332902989622439,False,False,False,Michael Pittman,PIT,veteran_model,False,,True,ACT,2.0,starter,RWR,curated,15.395492323080044,15.395492323080044,1.0,False,2.0,15.395492323080044,,,,,,,,33.52835881566065,220.6188474788981,26.553754211808798,113.31380639380768,2025.0,PIT,canonical_source_team_frame,144.37382881931762,97.04496937264173,209.51911431378826,1.0343836751978515
00-0040663,TE,2026,9.046943978394966,7.020093905153542,7.020093905153542,11.822542944606145,False,,,,,,,0.4174823771327245,44.40614526920962,4.202870377355313,,,5.53372063520109,False,False,False,Harold Fannin Jr.,CLE,veteran_model,False,,False,ACT,1.0,starter,,curated,14.304499076267128,14.304499076267128,1.0,False,1.0,14.304499076267128,,,,,,,,33.8207695174603,210.10348431687345,26.544928262008405,109.302851392357,2025.0,CLE,canonical_source_team_frame,74.32684945205102,58.04589268028228,97.0034313902558,0.5743427845066702
00-0036972,QB,2026,9.011106841095923,1.3917764864090634,1.3917764864090634,18.929360994970995,False,19.205935029292288,1.7024864018942103,12.205178138069378,0.4260997278295084,0.8063190942854165,143.71451448159783,,,,0.0889430039994804,3.5579131635247774,,False,False,False,Mac Jones,SF,veteran_model,True,,False,ACT,2.0,backup,,curated,6.472008600202613,6.472008600202613,0.77,True,2.0,6.472008600202613,,,,,,,,34.24811794566182,240.1230793683237,26.942362571611483,112.8480179305098,2025.0,SF,canonical_source_team_frame,52.19189052955282,17.91695006531323,100.86755487598509,0.8949232759910396
00-0038544,WR,2026,8.994321079341006,6.014209271293328,6.014209271293328,13.10307516142813,False,,,,,,,0.3616856822894128,48.66915849875345,3.91458227145837,,,6.247012964684693,False,False,False,Quentin Johnston,LAC,veteran_model,False,,False,ACT,1.0,starter,LWR,curated,14.419237110774622,14.419237110774622,1.0,False,2.0,14.419237110774622,,,,,,,,34.81078054136303,231.0075612183065,26.604787498731607,118.73875848668648,2025.0,LAC,canonical_source_team_frame,147.55522272040554,98.42951962878513,215.4222005755763,1.137742327736162
00-0040784,RB,2026,8.94944314961035,4.5467582510383755,4.5467582510383755,15.357549282867769,False,,11.866120555657192,,,,,0.0397328397565559,9.541048605119473,1.6632361227961554,0.3130213547059428,50.47195060925333,1.82732686790286,False,False,False,Quinshon Judkins,CLE,veteran_model,False,,False,ACT,1.0,starter,,curated,13.472449698788925,13.472449698788925,1.0,False,1.0,13.472449698788925,,,,,,,,33.8207695174603,210.10348431687345,26.544928262008405,109.302851392357,2025.0,CLE,canonical_source_team_frame,109.42185478052181,57.21400303191726,183.43132201568122,0.9075310395050685
00-0039065,TE,2026,8.944634294273719,6.8708407248816625,6.8708407248816625,11.77584665536282,False,,,,,,,0.3858646526809507,44.66175945509372,4.326540865357286,,,5.937959180292894,False,False,False,Sam LaPorta,DET,veteran_model,False,,False,ACT,1.0,starter,,curated,13.880722245949263,13.880722245949263,1.0,False,1.0,13.880722245949263,,,,,,,,33.92979712201368,246.18859977155995,26.79038838236451,118.19015619651694,2025.0,DET,canonical_source_team_frame,121.52708253784465,93.32740483430405,159.98234343439992,0.9788100482714104
00-0034753,TE,2026,8.841677378741977,6.814827305500552,6.814827305500552,11.617276344953153,False,,,,,,,0.4423314569106388,41.45727186193324,4.08392290216964,,,5.586285709665583,False,False,False,Mark Andrews,BAL,veteran_model,False,,False,ACT,1.0,starter,,curated,16.145194267058358,16.145194267058358,1.0,False,1.0,16.145194267058358,,,,,,,,31.3716833460928,213.64210242557775,28.058067379544,132.6208163798309,2025.0,BAL,canonical_source_team_frame,137.6889403458378,106.09422559010073,180.95508523583175,0.9645419450519094
00-0039849,WR,2026,8.789340765650568,5.809228957602889,5.809228957602889,12.898094847737688,False,,,,,,,0.3398545991213885,50.399310813320014,3.4205641791804684,,,5.819709056985978,False,False,False,Marvin Harrison Jr.,ARI,veteran_model,False,,False,ACT,1.0,starter,LWR,curated,13.6522044759879,13.6522044759879,1.0,False,1.0,13.6522044759879,,,,,,,,36.21396386313722,240.76907152016224,24.98965667674017,107.79270996792926,2025.0,ARI,canonical_source_team_frame,126.24682129873455,83.72784273718236,184.74924817159098,1.0521105250989242
00-0038124,WR,2026,8.627218647008183,5.647106838960505,5.647106838960505,12.735972729095305,False,,,,,,,0.2721981637846707,51.11818400539279,3.7644225275217575,,,6.144325431305084,False,False,False,Christian Watson,GB,veteran_model,False,,False,ACT,2.0,starter,RWR,curated,13.773113660348836,13.773113660348836,1.0,False,1.0,13.773113660348836,,,,,,,,32.63743765242263,227.66151029204215,27.533819286041897,118.4027815738584,2025.0,GB,canonical_source_team_frame,133.07087419258264,86.76286999199155,197.05935978423798,1.1199021376315161
00-0034960,WR,2026,8.598360294838221,5.618248486790544,5.618248486790544,12.707114376925343,False,,,,,,,0.2471159479053462,50.63831065517326,4.103667083777636,,,6.5447412017145785,False,False,False,Jakobi Meyers,JAX,veteran_model,False,,False,ACT,3.0,starter,SWR,curated,14.092298418113732,14.092298418113732,1.0,False,2.0,14.092298418113732,,,,,,,,34.281611997177656,230.8787037290612,27.439030345261777,117.85703830149006,2025.0,JAX,canonical_source_team_frame,134.79917778492205,87.15634936909025,200.7200372119085,1.112473751448423
00-0040583,RB,2026,8.52425833164901,3.997032328333317,3.997032328333317,14.932364464906431,False,,9.40261910393838,,,,,0.0604896905471757,12.55478531659531,1.7268310671202265,0.3425739583025867,39.86982373330792,2.109871077018408,False,False,False,Woody Marks,HOU,veteran_model,True,,False,ACT,2.0,committee,,curated,14.764951466541008,14.764951466541008,0.98,True,2.0,14.764951466541008,,,,,,,,34.321125448974,230.7196594149492,27.0161290584345,113.89625214465636,2025.0,HOU,canonical_source_team_frame,129.72814431380067,60.53131236043993,228.03193527915434,1.0307315727910262
00-0039376,QB,2026,8.508659227559216,0.48464204213925344,0.48464204213925344,18.516615076031545,False,21.55452556446507,2.677348686534231,13.322189377286556,0.4709505751281361,0.5688221185241065,140.99700556370314,,,,0.0947593590373058,9.66835526947102,,False,False,False,Spencer Rattler,NO,veteran_model,True,,False,ACT,2.0,backup,,curated,6.627108528019592,6.627108528019592,0.77,True,2.0,6.627108528019592,,,,,,,,34.20105181449663,231.16042627321303,26.953986866698717,109.11968596923658,2025.0,NO,canonical_source_team_frame,54.971181961216374,14.416478433952827,108.70821768028492,0.9748770839874855
00-0037816,WR,2026,8.502603632498682,5.522491824451003,5.522491824451003,12.611357714585804,False,,,,,,,0.3059698538090155,48.96117067476168,3.54133488433684,,,5.873844765298266,False,False,False,Romeo Doubs,NE,veteran_model,False,,True,ACT,2.0,starter,RWR,curated,14.5882651595198,14.5882651595198,1.0,False,2.0,14.5882651595198,,,,,,,,33.746856976402874,243.7564166874116,26.990735238510595,121.6874228230549,2025.0,NE,canonical_source_team_frame,117.903637815095,76.38897658560177,175.1994705992938,0.9505426818113114
00-0039917,QB,2026,8.440874251445734,0.6729793686914918,0.6729793686914918,18.424934544311675,False,20.6223629454794,1.8118374576607876,12.57814411611189,0.4590027973249429,0.6494187230277811,143.0797771391938,,,,0.0522519451086694,7.245021977647291,,False,False,False,Michael Penix Jr.,ATL,veteran_model,True,,False,ACT,1.0,starter,,curated,6.893372033583433,6.893372033583433,0.77,True,2.0,6.893372033583433,,,,,,,,33.103579364958776,223.6760928436624,27.565529595779655,121.0212845239931,2025.0,ATL,canonical_source_team_frame,59.28244619196055,16.231728116064076,117.93900797753204,1.0188422998335922
00-0038606,WR,2026,8.401112067956362,5.421000259908684,5.421000259908684,12.509866150043486,False,,,,,,,0.3256250643800119,46.99194208489989,3.4963349463726043,,,5.575725290570064,False,False,False,Parker Washington,JAX,veteran_model,True,,False,ACT,,deep_bench,,deep_bench_discounted,6.0,6.011989614456325,0.97,True,3.0,6.0,,,,,,,,34.281611997177656,230.8787037290612,27.439030345261777,117.85703830149006,2025.0,JAX,canonical_source_team_frame,56.515928729630645,36.23130502853442,84.58268865954561,1.121199357745238
00-0029604,QB,2026,8.335414098258214,1.0319332581223901,1.0319332581223901,18.43634391778768,False,24.938113296231776,1.43264658423989,14.8050941514003,0.6322485318880836,0.785774377017168,147.0803457041846,,,,0.0276985519131065,4.074085143196863,,False,False,False,Kirk Cousins,LV,veteran_model,False,,True,ACT,1.0,starter,,curated,12.720714542421616,12.720714542421616,1.0,False,1.0,12.720714542421616,,,,,,,,33.852695887179124,214.57281927994063,25.407262691012978,101.26520419334778,2025.0,LV,canonical_source_team_frame,88.98941595140407,30.08976523351199,182.38607310850966,0.8392660768369212
00-0036875,RB,2026,8.3251235845612,3.86737319072755,3.86737319072755,14.73322971781862,False,,8.261488841993817,,,,,0.0489104223001687,14.621100870053446,2.05872508941924,0.3605609969700941,33.76822437224659,2.37493777673634,False,False,False,Rhamondre Stevenson,NE,veteran_model,False,,False,ACT,1.0,starter,,curated,14.195341509474812,14.195341509474812,1.0,False,1.0,14.195341509474812,,,,,,,,33.746856976402874,243.7564166874116,26.990735238510595,121.6874228230549,2025.0,NE,canonical_source_team_frame,116.11289532611977,53.7351429946109,205.68547375436833,0.9825257023494222
00-0041511,WR,2026,8.258513534576396,2.4570800867279172,2.4570800867279172,13.504969477822574,False,,,,,,,0.2812521258657481,47.50763055284269,3.640475448195277,,,6.068063562877754,False,False,False,Omar Cooper Jr.,NYJ,rookie_rule,True,drafted,False,,3.0,starter,,rookie_path,14.0,14.0,1.0,False,3.0,14.0,above_median,2.0,rank_2,0.9812751880063298,False,18.0,False,,,,,,,,108.01442929361717,32.25405943442725,176.4820331032071,0.9342257956971737
00-0039916,WR,2026,8.156562684784436,5.176450876736757,5.176450876736757,12.265316766871559,False,,,,,,,0.2917542046393413,47.970710880719366,3.217932737752901,,,5.131584237583338,False,False,False,Ricky Pearsall,SF,veteran_model,True,,False,ACT,,deep_bench,,deep_bench_discounted,0.0,3.6304146565142177,1.0,False,2.0,0.0,,,,,,,,34.24811794566182,240.1230793683237,26.942362571611483,112.8480179305098,2025.0,SF,canonical_source_team_frame,0.0,0.0,0.0,1.0
00-0040730,RB,2026,8.14051148330933,3.700582671373733,3.700582671373733,14.54861761656675,False,,8.047118934348429,,,,,0.0459401586504929,15.203590384811625,2.159334758622061,0.228910998979153,38.91378119739261,2.71233654781779,False,False,False,RJ Harvey,DEN,veteran_model,True,,False,ACT,2.0,committee,,curated,13.583744762455677,13.583744762455677,0.98,True,2.0,13.583744762455677,,,,,,,,34.86578769636352,230.0781619883208,26.560893200255972,117.8845379552942,2025.0,DEN,canonical_source_team_frame,114.67115285085734,52.429725286735774,204.964617694627,1.0370100680159673
00-0039868,WR,2026,8.117147626299412,5.137035818251733,5.137035818251733,12.225901708386534,False,,,,,,,0.293248067826085,45.547477691284165,3.6058229004289686,,,5.645627661991783,False,False,False,Troy Franklin,DEN,veteran_model,True,,False,ACT,,deep_bench,,deep_bench_discounted,6.0,7.1922306548103325,0.97,True,3.0,6.0,,,,,,,,34.86578769636352,230.0781619883208,26.560893200255972,117.8845379552942,2025.0,DEN,canonical_source_team_frame,53.914289622622036,34.03698476609913,81.3412141702879,1.1070040056916202
00-0040734,RB,2026,8.112016557067221,3.749894698296268,3.749894698296268,14.52012269032464,False,,8.550763768867888,,,,,0.0329723331230524,13.654017125732969,1.805446584714544,0.3176409815698184,37.40211663979428,2.2542903064172326,False,False,False,TreVeyon Henderson,NE,veteran_model,True,,False,ACT,2.0,committee,,curated,14.302348155417244,14.302348155417244,0.98,True,2.0,14.302348155417244,,,,,,,,33.746856976402874,243.7564166874116,26.990735238510595,121.6874228230549,2025.0,NE,canonical_source_team_frame,114.1381658831241,52.633544627052146,204.38595604753453,0.9837725840663601
00-0033090,TE,2026,8.066479714788546,6.039629641547121,6.039629641547121,10.842078680999723,False,,,,,,,0.3576848871610715,40.75683122564912,3.689374538514407,,,5.198755853634103,False,False,False,Hunter Henry,NE,veteran_model,False,,False,ACT,1.0,starter,,curated,14.702176511582346,14.702176511582346,1.0,False,1.0,14.702176511582346,,,,,,,,33.746856976402874,243.7564166874116,26.990735238510595,121.6874228230549,2025.0,NE,canonical_source_team_frame,113.02035958759834,84.47133913582995,151.97258518122027,0.9529958429680617
00-0034351,TE,2026,8.00980686341541,5.982956790173985,5.982956790173985,10.785405829626587,False,,,,,,,0.3097966583115502,42.41493654681377,3.819066517729465,,,5.489210800837134,False,False,False,Dallas Goedert,PHI,veteran_model,False,,False,ACT,1.0,starter,,curated,14.526022918091948,14.526022918091948,1.0,False,1.0,14.526022918091948,,,,,,,,32.80438240429993,217.8739687342708,27.51020727894377,118.95507060419128,2025.0,PHI,canonical_source_team_frame,129.6600961134273,97.10414839146361,174.41331638953096,1.1143909330196178
00-0032268,QB,2026,7.927579183205954,-0.03161880622328661,0.0,17.715976331792035,True,15.882819064901213,2.965080548517683,9.41045380511134,0.361171225185012,0.6219062108368346,104.83138697196468,,,,0.0339396116797187,17.654036412717392,,False,False,False,Marcus Mariota,WAS,veteran_model,True,,False,ACT,2.0,backup,,curated,6.6374016997309,6.6374016997309,0.77,True,2.0,6.6374016997309,,,,,,,,32.67019161591956,214.9395285925804,27.26986368464489,124.1188052104396,2025.0,WAS,canonical_source_team_frame,55.34268231367983,10.496541087247756,112.73698952108856,1.0517717787896828
00-0035659,WR,2026,7.902713936178033,4.922602128130356,4.922602128130356,12.011468018265159,False,,,,,,,0.2882545066249518,44.45272237472928,3.4558293179107906,,,5.660155520222032,False,False,False,Terry McLaurin,WAS,veteran_model,False,,False,ACT,1.0,starter,LWR,curated,13.497181689891043,13.497181689891043,1.0,False,1.0,13.497181689891043,,,,,,,,32.67019161591956,214.9395285925804,27.26986368464489,124.1188052104396,2025.0,WAS,canonical_source_team_frame,101.96435984217095,63.88966878372131,154.32172155538132,0.9559364933110305
00-0035719,WR,2026,7.895285677217956,4.915173869170278,4.915173869170278,12.00403975930508,False,,,,,,,0.2437279805720452,44.34600517225952,3.996634553119466,,,5.83604363288966,False,False,False,Deebo Samuel Sr.,SF,veteran_model,False,,True,,2.0,starter,RWR,curated,13.160734847125108,13.160734847125108,1.0,False,4.0,13.160734847125108,,,,,,,,34.24811794566182,240.1230793683237,26.942362571611483,112.8480179305098,2025.0,SF,canonical_source_team_frame,115.57338611345575,72.13413897819979,175.45646933769268,1.112269041530931
00-0039165,RB,2026,7.868104708053609,3.547939667023942,3.547939667023942,14.276210841311029,False,,9.077993944247444,,,,,0.0259795301661713,10.234167689953798,1.6483362733167377,0.2960349300158353,40.8843304130782,2.0415853332318563,False,False,False,Zach Charbonnet,SEA,veteran_model,False,,False,ACT,1.0,starter,,curated,13.72660096819716,13.72660096819716,1.0,False,1.0,13.72660096819716,,,,,,,,32.225845759159824,233.1409897885389,27.9379864119506,119.71889503194852,2025.0,SEA,canonical_source_team_frame,106.74140773154477,48.0937460835052,193.91913682473728,0.9883250117968488
00-0040867,WR,2026,7.804109116618974,2.321885291440627,2.321885291440627,12.761891710932712,False,,,,,,,0.2657769186122592,44.89363989707657,3.4401672304755238,,,5.734183273177467,False,False,False,Makai Lemon,PHI,rookie_rule,True,drafted,False,,3.0,starter,,rookie_path,14.3125,14.3125,1.0,False,2.0,14.3125,no_data,1.0,rank_1,1.0014655660798644,False,16.0,False,,,,,,,,124.59632742740826,37.46199605008999,203.04546559850667,1.1154918680466026
00-0035685,RB,2026,7.442653594263737,3.159391611308317,3.159391611308317,13.850759727521154,False,,10.258416803371116,,,,,0.01982902048713,7.816629379769527,1.2036413435413178,0.3045935879591038,41.126343338387215,1.585804242633409,False,False,False,David Montgomery,HOU,veteran_model,False,,True,ACT,1.0,starter,,curated,14.028300891828012,14.028300891828012,1.0,False,1.0,14.028300891828012,,,,,,,,34.321125448974,230.7196594149492,27.0161290584345,113.89625214465636,2025.0,HOU,canonical_source_team_frame,106.50504440680868,44.75265612688235,199.9042785048272,1.020087202997695
00-0037197,RB,2026,7.3683493689438775,3.0197079938850186,3.0197079938850186,13.776455502201298,False,,8.319724958910317,,,,,0.0307255858377032,10.250373111085436,1.1946859922402258,0.3137707123303713,36.78991272706774,1.6711189499476211,False,False,False,Isiah Pacheco,DET,veteran_model,True,,True,ACT,2.0,committee,,curated,13.27545346938587,13.27545346938587,0.98,True,2.0,13.27545346938587,,,,,,,,33.92979712201368,246.18859977155995,26.79038838236451,118.19015619651694,2025.0,DET,canonical_source_team_frame,97.35080243632004,39.924649474229994,181.8586135004379,0.9952219846952155
00-0041438,WR,2026,7.3251271117960925,2.1793781512605044,2.1793781512605044,11.978622745098043,False,,,,,,,0.2494646964982122,42.13826509126987,3.2290248473596623,,,5.382244242191916,False,False,False,Carnell Tate,TEN,rookie_rule,True,drafted,False,,2.0,starter,,rookie_path,14.3125,14.3125,1.0,False,1.0,14.3125,below_median,1.0,rank_1,1.0,False,16.0,False,,,,,,,,102.82307236298502,30.74202459356588,167.89076003435702,0.9807536011697723
00-0036555,RB,2026,7.319266523381789,2.728271274613741,2.728271274613741,13.72737265663921,False,,6.950793109917617,,,,,0.0865540584543436,13.738142748660714,2.3119624098950786,0.2181797666488485,29.61068092949026,2.8066981890633564,False,False,False,Chuba Hubbard,CAR,veteran_model,False,,False,ACT,1.0,starter,,curated,14.286401563955264,14.286401563955264,1.0,False,1.0,14.286401563955264,,,,,,,,33.08175557965288,214.53923085029223,26.97977516063293,116.45258332427316,2025.0,CAR,canonical_source_team_frame,106.50923323625587,40.14995084233783,199.23468669846764,1.0185839841646065
00-0036040,TE,2026,7.314359954103436,5.260553661690912,5.260553661690912,10.121893628721667,False,,,,,,,0.2128254257251058,40.52605350410399,3.969604098684803,,,5.649213850094216,False,False,False,Juwan Johnson,NO,veteran_model,False,,False,ACT,1.0,starter,,curated,14.9732598495546,14.9732598495546,1.0,False,1.0,14.9732598495546,,,,,,,,34.20105181449663,231.16042627321303,26.953986866698717,109.11968596923658,2025.0,NO,canonical_source_team_frame,114.0317127457806,82.65305395122968,157.25161009297793,1.0411971170157268
00-0038935,TE,2026,7.234554497653611,5.207704424412185,5.207704424412185,10.010153463864787,False,,,,,,,0.2725084590620653,36.55897817315204,3.887211851932029,,,5.0896183618041,False,False,False,Brenton Strange,JAX,veteran_model,False,,False,ACT,1.0,starter,,curated,13.913893445151288,13.913893445151288,1.0,False,1.0,13.913893445151288,,,,,,,,34.281611997177656,230.8787037290612,27.439030345261777,117.85703830149006,2025.0,JAX,canonical_source_team_frame,112.90348486864028,80.60114018612492,156.6521867311883,1.121622935478511
00-0040126,TE,2026,7.190597294675349,5.163747221433924,5.163747221433924,9.966196260886527,False,,,,,,,0.2263291922807193,40.26223818424696,3.612796645132676,,,4.947665239580899,False,False,False,Colston Loveland,CHI,veteran_model,False,,False,ACT,1.0,starter,,curated,14.410499048749188,14.410499048749188,1.0,False,1.0,14.410499048749188,,,,,,,,33.73805380586444,231.6076855324185,27.696271758130365,127.85601286134172,2025.0,CHI,canonical_source_team_frame,108.1093598929689,77.21422923084913,150.17232499723906,1.0433242644444443
00-0037809,TE,2026,7.141917437047172,5.115067363805748,5.115067363805748,9.917516403258348,False,,,,,,,0.3175330330295002,35.23886816198768,3.4256648453428054,,,4.801276334475958,False,False,False,Chig Okonkwo,WAS,veteran_model,False,,True,ACT,1.0,starter,,curated,15.298269957766747,15.298269957766747,1.0,False,1.0,15.298269957766747,,,,,,,,32.67019161591956,214.9395285925804,27.26986368464489,124.1188052104396,2025.0,WAS,canonical_source_team_frame,103.89778132901809,74.75768457656534,144.1336960652652,0.9509312681528674
00-0037261,WR,2026,7.035181143461967,4.055069335414288,4.055069335414288,11.14393522554909,False,,,,,,,0.2740981852310729,35.36225264389753,3.708733535371554,,,5.590674639666823,False,False,False,Khalil Shakir,BUF,veteran_model,False,,False,ACT,3.0,starter,SWR,curated,12.343590663709074,12.343590663709074,1.0,False,2.0,12.343590663709074,,,,,,,,33.21002626467289,231.99810200162543,27.995140482336904,133.52540408900225,2025.0,BUF,canonical_source_team_frame,94.03227080553685,53.77877231181019,149.74710457713098,1.082829623808189
00-0039391,RB,2026,7.005806835016157,2.4842506941344933,2.4842506941344933,13.413912968273577,False,,7.784297542470285,,,,,0.0595447134748374,8.912364932307057,1.116840853432839,0.273157838717299,35.599346019162134,1.598391646327307,False,False,False,Kimani Vidal,LAC,veteran_model,True,,False,ACT,,deep_bench,,deep_bench_discounted,6.0,7.759899660954856,0.98,True,2.0,6.0,,,,,,,,34.81078054136303,231.0075612183065,26.604787498731607,118.73875848668648,2025.0,LAC,canonical_source_team_frame,43.48577043851388,15.206305895772875,83.7371037869276,1.0345173050153424
00-0041523,WR,2026,6.970521752704286,1.0977465145636627,1.0977465145636627,15.141556650372223,False,,,,,,,0.2548851136235505,39.34862543564916,3.012697054796134,,,4.885723109503715,False,False,False,Caleb Douglas,MIA,rookie_rule,True,drafted,False,,2.0,starter,,rookie_path,13.830188679245284,13.830188679245284,1.0,False,4.0,13.830188679245284,above_median,2.0,rank_2,1.3206131978293425,False,53.0,False,,,,,,,,62.63913262570698,9.877509512005883,135.97873186314126,0.6497590594328378
00-0040704,QB,2026,6.959254134071469,-0.5704968939573123,0.0,16.628023058674348,True,16.211614762323624,2.2993476953386383,9.94699075574757,0.3013571131934109,0.5227682456657696,106.13885906455272,,,,0.0376308539127192,9.995558917367882,,False,False,False,Dillon Gabriel,CLE,veteran_model,True,,False,ACT,,deep_bench,,deep_bench_discounted,1.8505893594754903,1.8505893594754903,0.84,True,3.0,1.8505893594754903,,,,,,,,33.8207695174603,210.10348431687345,26.544928262008405,109.302851392357,2025.0,CLE,canonical_source_team_frame,21.909914858093725,2.746780905523507,47.0194026240448,1.7012491963762426
00-0038994,WR,2026,6.892112974102949,3.912001166055272,3.912001166055272,11.000867056190074,False,,,,,,,0.2908762271436587,37.65963624616204,2.761783973249587,,,5.042096031495026,False,False,False,Jordan Addison,MIN,veteran_model,False,,False,ACT,2.0,starter,RWR,curated,14.87695466303093,14.87695466303093,1.0,False,2.0,14.87695466303093,,,,,,,,33.317960572598906,212.14905129671848,25.98644569135896,113.34466242181308,2025.0,MIN,canonical_source_team_frame,92.41963308243328,52.55907263330876,147.31911546026828,0.9013590275581014
00-0036158,RB,2026,6.842630875786236,2.468245760831714,2.468245760831714,13.250737009043656,False,,8.272751768560246,,,,,0.035016209153647,6.68480643978383,0.9549769923990036,0.2588423773092395,39.33510216831032,1.2925965460541418,False,False,False,J.K. Dobbins,DEN,veteran_model,False,,False,ACT,1.0,starter,,curated,12.319007866872266,12.319007866872266,1.0,False,1.0,12.319007866872266,,,,,,,,34.86578769636352,230.0781619883208,26.560893200255972,117.8845379552942,2025.0,DEN,canonical_source_team_frame,86.0851398643144,30.560412620429148,167.97168316951021,1.0212435912028255
00-0041056,QB,2026,6.829093894611136,-2.5,0.0,18.39854761904762,True,16.397450490122903,2.3219218042493903,9.726393864755934,0.6076304921132507,0.4972576752749166,108.52019891028512,,,,0.1320072647658854,9.224726327312531,,False,False,False,Cade Klubnik,NYJ,rookie_rule,True,drafted,False,,2.0,backup,,rookie_path,4.888888888888889,4.888888888888889,1.0,False,2.0,4.888888888888889,no_data,2.0,rank_2,1.0,False,9.0,False,,,,,,,,35.492075277323394,0.0,82.365119141334,1.0630608953978937
00-0037324,QB,2026,6.812581638629176,-0.47356835421085286,0.0,16.6990366124266,True,17.439228656707936,1.7256646861819829,10.895466487752254,0.4102001377906833,0.5629626050539805,114.00422378807784,,,,0.040422243226204,5.784290831142831,,False,False,False,Chris Oladokun,KC,veteran_model,True,,False,ACT,,deep_bench,,deep_bench_discounted,2.1816748048587518,2.1816748048587518,0.84,True,4.0,2.1816748048587518,,,,,,,,35.16438169616012,230.57945355267083,25.927946034942902,113.12705785543976,2025.0,KC,canonical_source_team_frame,11.485976262140738,2.0268356341451534,26.138107159560082,0.772798336415379
00-0041561,QB,2026,6.7811762810355205,-1.2930543616516401,0.0,13.781493600911354,True,17.19849851507948,2.394384274919171,10.217127795051296,0.4138307937667468,0.4273645643253178,107.12500560752255,,,,0.0963726553361711,10.361434549498147,,True,False,False,Carson Beck,ARI,rookie_rule,True,drafted,False,,,deep_bench,,deep_bench_discounted,4.461538461538462,4.461538461538462,1.0,False,3.0,4.461538461538462,no_data,,off_chart,0.8012907694371005,False,13.0,False,,,,,,,,29.01597332502792,2.8108660669029137,50.880844220730275,0.9590637314962072
00-0034383,TE,2026,6.754024569518062,4.727174496276637,4.727174496276637,9.52962353572924,False,,,,,,,0.2126368662334331,35.37573742146946,3.881259259941036,,,5.465731005062004,False,False,False,Dalton Schultz,HOU,veteran_model,False,,False,ACT,1.0,starter,,curated,14.841474965756069,14.841474965756069,1.0,False,1.0,14.841474965756069,,,,,,,,34.321125448974,230.7196594149492,27.0161290584345,113.89625214465636,2025.0,HOU,canonical_source_team_frame,111.34125903150667,77.52023170138337,157.49094305042172,1.1107502711266617
00-0031503,QB,2026,6.716399578540335,-0.8326612640368585,0.0,16.442559856506303,True,14.163764309777616,1.4861732261387497,8.245277276413717,0.3300527898749562,0.6625507096535166,97.67806228591216,,,,0.0158244631765384,7.242330491804639,,False,False,False,Jameis Winston,NYG,veteran_model,True,,False,ACT,2.0,backup,,curated,7.4013058975885535,7.4013058975885535,0.77,True,2.0,7.4013058975885535,,,,,,,,33.24318823444577,223.72200991226288,27.969267844990632,122.67699998352342,2025.0,NYG,canonical_source_team_frame,53.29297324937897,5.517502061778746,117.62197371112512,1.0720747581212018
00-0035993,QB,2026,6.715093897535997,-0.7781531930465856,0.0,16.552772399675803,True,13.463969836127047,3.78459363122754,7.601034754513916,0.3858119019618761,0.40977383529286,83.55458503788847,,,,0.0977027122345922,19.19222685365217,,False,False,False,Tyler Huntley,BAL,veteran_model,True,,False,ACT,2.0,backup,,curated,5.169340672209779,5.169340672209779,0.77,True,2.0,5.169340672209779,,,,,,,,31.3716833460928,213.64210242557775,28.058067379544,132.6208163798309,2025.0,BAL,canonical_source_team_frame,35.28661393362459,4.484358298003741,78.3921171567875,1.0165359494552244
00-0031408,WR,2026,6.691949228050502,3.7118374200028237,3.7118374200028237,10.800703310137624,False,,,,,,,0.2739299778222207,36.501364752731405,2.796465771688074,,,4.789699671369772,False,False,False,Mike Evans,SF,veteran_model,False,,True,ACT,1.0,starter,LWR,curated,12.727470253047477,12.727470253047477,1.0,False,1.0,12.727470253047477,,,,,,,,34.24811794566182,240.1230793683237,26.942362571611483,112.8480179305098,2025.0,SF,canonical_source_team_frame,94.67288119075775,52.66369764964874,152.58455324026585,1.1115547689456788
00-0036259,WR,2026,6.6878102516560745,3.707698443608397,3.707698443608397,10.796564333743198,False,,,,,,,0.2278490620194966,36.53678284544597,3.334075189988997,,,5.38734817255769,False,False,False,Jauan Jennings,MIN,veteran_model,True,,True,ACT,3.0,starter,SWR,curated,13.318751667915206,13.318751667915206,0.97,True,3.0,13.318751667915206,,,,,,,,33.317960572598906,212.14905129671848,25.98644569135896,113.34466242181308,2025.0,MIN,canonical_source_team_frame,80.4219691080055,44.736379013073275,129.57131378568184,0.9028741901849753
00-0038041,TE,2026,6.620298659497443,4.593448586256018,4.593448586256018,9.39589762570862,False,,,,,,,0.1953061657137415,35.66499312361201,3.7639247057075873,,,5.304136520262686,False,False,False,Jake Ferguson,DAL,veteran_model,False,,False,ACT,1.0,starter,,curated,15.327387762820232,15.327387762820232,1.0,False,1.0,15.327387762820232,,,,,,,,34.848900159202955,250.0561914085082,26.916637322594877,120.71500490898477,2025.0,DAL,canonical_source_team_frame,105.49691135694283,72.8655534844732,149.95474296759645,1.039666422976583
00-0038997,WR,2026,6.539068997853996,3.558957189806318,3.558957189806318,10.64782307994112,False,,,,,,,0.214186323469017,34.48618927949697,3.6106642581803934,,,5.6780404950392,False,False,False,Josh Downs,IND,veteran_model,False,,False,ACT,3.0,starter,SWR,curated,14.55034734970605,14.55034734970605,1.0,False,2.0,14.55034734970605,,,,,,,,33.819686508835005,234.02693422664208,26.500800154053703,117.38636019360476,2025.0,IND,canonical_source_team_frame,103.43343901222701,56.21748971288363,168.58791281581523,1.087105476645373
00-0040668,QB,2026,6.525356073980005,-0.6147879917351402,0.0,16.159811711242735,True,15.76454106190105,1.8943794265031333,9.689509057141215,0.2842004695233393,0.4623456230732269,104.17374943660346,,,,0.0621840589182178,7.043201897603303,,False,False,False,Shedeur Sanders,CLE,veteran_model,True,,False,ACT,1.0,starter,,curated,6.483928473420664,6.483928473420664,0.77,True,2.0,6.483928473420664,,,,,,,,33.8207695174603,210.10348431687345,26.544928262008405,109.302851392357,2025.0,CLE,canonical_source_team_frame,71.99995463191777,8.789114931519533,159.97631840221553,1.701726619040212
00-0038129,TE,2026,6.4595695365354056,4.43271946329398,4.43271946329398,9.235168502746582,False,,,,,,,0.2968886271830165,30.716077910583795,3.2132599647578526,,,4.52339517586202,False,False,False,Cade Otton,TB,veteran_model,False,,False,ACT,1.0,starter,,curated,15.770671655990126,15.770671655990126,1.0,False,1.0,15.770671655990126,,,,,,,,33.5451456097649,223.7139473344186,27.71485631665953,117.7146256375168,2025.0,TB,canonical_source_team_frame,107.7208039405353,74.14525480866011,153.96581975842486,1.0574158560084725
00-0039032,RB,2026,6.457610571365445,1.9113385961165923,1.9113385961165923,12.865716704622866,False,,5.4133875736054025,,,,,0.0636640192027024,13.69661294631614,1.8411297681749723,0.2254172885380942,24.328965462015656,2.29572608326341,False,False,False,Tyjae Spears,TEN,veteran_model,True,,False,ACT,2.0,committee,,curated,13.107086735287917,13.107086735287917,0.98,True,2.0,13.107086735287917,,,,,,,,33.99018441127937,212.01753019527845,25.99058571793473,108.16497271051462,2025.0,TEN,canonical_source_team_frame,84.0198419878537,24.815350095174356,167.42017538221702,0.9926675745843615
00-0026300,QB,2026,6.42250504719293,-0.9939081765837154,0.0,16.282881558084963,True,16.8196176232612,2.305547373759066,9.379389147612022,0.3971609063379898,0.4454182631893512,100.3437666561216,,,,0.0665925794574982,10.218476641216505,,False,False,False,Josh Johnson,CIN,veteran_model,True,,True,ACT,,deep_bench,,deep_bench_discounted,5.0191808612649575,5.0191808612649575,0.84,True,3.0,5.0191808612649575,,,,,,,,35.761155714222895,238.6430156013012,25.12023465395161,107.36930606582474,2025.0,CIN,canonical_source_team_frame,26.154388230394314,2.640621157291181,60.49050339230669,0.8113481802914206
00-0040189,TE,2026,6.399596477237919,4.372746403996494,4.372746403996494,9.175195443449095,False,,,,,,,0.2013700187394669,35.04686250974645,3.373380227652946,,,4.530259233084224,False,False,False,Oronde Gadsden II,LAC,veteran_model,False,,False,ACT,1.0,starter,,curated,14.35629845478945,14.35629845478945,1.0,False,1.0,14.35629845478945,,,,,,,,34.81078054136303,231.0075612183065,26.604787498731607,118.73875848668648,2025.0,LAC,canonical_source_team_frame,104.1520380054414,70.7521051566687,149.66787182170185,1.1336335840074476
00-0037256,RB,2026,6.3883375126686595,1.953757524595499,1.953757524595499,12.796443645926079,False,,5.6921044318595975,,,,,0.0450486880067536,10.223047036748875,1.5020642112813845,0.2639942277313176,27.60743208924652,1.9315639118114265,False,False,False,Rachaad White,WAS,veteran_model,True,,True,ACT,2.0,committee,,curated,13.237541186169942,13.237541186169942,0.98,True,2.0,13.237541186169942,,,,,,,,32.67019161591956,214.9395285925804,27.26986368464489,124.1188052104396,2025.0,WAS,canonical_source_team_frame,83.53677359290398,25.598452262588474,166.91526135627134,0.9878307027512482
00-0040736,TE,2026,6.373795229426827,4.346945156185403,4.346945156185403,9.149394195638004,False,,,,,,,0.3678206001059337,26.890526800820812,2.9556378974182875,,,3.9358969019986327,False,False,False,Mason Taylor,NYJ,veteran_model,True,,False,ACT,1.0,starter,,curated,14.504683036495676,14.504683036495676,0.9,True,2.0,14.504683036495676,,,,,,,,32.40798584142275,201.1286429616928,27.4687300259872,119.28333380861694,2025.0,NYJ,canonical_source_team_frame,86.07154522686142,58.71574961170666,123.60165042403352,0.9310076514206798
00-0039847,TE,2026,6.369025916765175,4.34217584352375,4.34217584352375,9.14462488297635,False,,,,,,,0.2693393353471665,32.26802599464754,3.052374610434844,,,4.265908329067773,False,False,False,Theo Johnson,NYG,veteran_model,True,,False,ACT,2.0,backup,,curated,14.54783788821907,14.54783788821907,0.9,True,2.0,14.54783788821907,,,,,,,,33.24318823444577,223.72200991226288,27.969267844990632,122.67699998352342,2025.0,NYG,canonical_source_team_frame,85.5172679151039,58.42951133203863,122.75750835971112,0.9229588716079689
00-0039344,RB,2026,6.305805636557034,0.0,0.0,12.61161127311407,False,,6.596748157523289,,,,,0.0612622605587514,12.31827146102659,1.610239997801449,0.1878534717999034,27.741640974017223,2.094604195506891,True,False,False,Jonathon Brooks,CAR,replacement_level,True,,False,,2.0,committee,,replacement_level,12.414985590778098,12.414985590778098,1.0,False,,12.414985590778098,,,,,,,,,,,,,,,79.73509516685257,0.0,159.47019033370515,1.018503947777159
00-0039811,RB,2026,6.305805636557034,0.0,0.0,12.61161127311407,False,,6.596748157523289,,,,,0.0612622605587514,12.31827146102659,1.610239997801449,0.1878534717999034,27.741640974017223,2.094604195506891,True,False,False,MarShawn Lloyd,GB,replacement_level,True,,False,,2.0,committee,,replacement_level,12.414985590778098,12.414985590778098,1.0,False,,12.414985590778098,,,,,,,,,,,,,,,81.69858853548203,0.0,163.39717707096403,1.0435848201734177
00-0033553,RB,2026,6.224671083366793,1.6336758345987439,1.6336758345987439,12.632777216624213,False,,7.519429932224282,,,,,0.0736891860220613,7.824424139444271,1.16813748718895,0.2793476173240035,27.39939105751502,1.5476700415881035,False,False,False,James Conner,ARI,veteran_model,True,,False,ACT,,deep_bench,,deep_bench_discounted,2.6829971754198723,2.6829971754198723,0.73,True,3.0,2.6829971754198723,,,,,,,,36.21396386313722,240.76907152016224,24.98965667674017,107.79270996792926,2025.0,ARI,canonical_source_team_frame,16.942050804972823,4.443532264951612,34.40636350626639,1.0144469865216987
00-0036898,QB,2026,6.217343482462077,-1.119396945425185,0.0,16.13395667293355,True,14.764224889867783,2.5092077755496907,8.94766529616284,0.4252792461277078,0.4685858463712696,98.61246442457076,,,,0.049466854495405,9.522588852771534,,False,False,False,Davis Mills,HOU,veteran_model,True,,False,ACT,2.0,backup,,curated,4.552540252739628,4.552540252739628,0.77,True,2.0,4.552540252739628,,,,,,,,34.321125448974,230.7196594149492,27.0161290584345,113.89625214465636,2025.0,HOU,canonical_source_team_frame,25.22839208782061,2.469700303157664,58.89250393306772,0.891314386723502
00-0040242,RB,2026,6.16811644284821,2.0535136891603245,2.0535136891603245,12.576222576105629,False,,8.18752034425662,,,,,0.0256966155569043,7.268031732453844,1.0519962272281391,0.1667019129221592,37.60923985114375,1.4687112653140058,False,False,False,Jacory Croskey-Merritt,WAS,veteran_model,False,,False,ACT,1.0,starter,,curated,12.327409705752151,12.327409705752151,1.0,False,1.0,12.327409705752151,,,,,,,,32.67019161591956,214.9395285925804,27.26986368464489,124.1188052104396,2025.0,WAS,canonical_source_team_frame,75.41360444054415,25.23641790199126,153.05950293859144,0.9918027421489136
00-0040735,WR,2026,6.165546851016703,3.1854350429690257,3.1854350429690257,10.274300933103826,False,,,,,,,0.2176810297528012,35.997954804074055,2.519330384184981,,,3.9942923585112777,False,False,False,Luther Burden III,CHI,veteran_model,False,,False,ACT,2.0,starter,RWR,curated,15.24410192898453,15.24410192898453,1.0,False,2.0,15.24410192898453,,,,,,,,33.73805380586444,231.6076855324185,27.696271758130365,127.85601286134172,2025.0,CHI,canonical_source_team_frame,98.15207864695495,50.3441852478462,164.18169872581797,1.0443018688549708
00-0036407,WR,2026,6.161572728969425,3.1814609209217473,3.1814609209217473,10.270326811056549,False,,,,,,,0.2217023789594699,32.46739356428814,3.169238197567584,,,5.4946691556868,False,False,False,Jerry Jeudy,CLE,veteran_model,False,,False,ACT,2.0,starter,RWR,curated,15.249375556843225,15.249375556843225,1.0,False,1.0,15.249375556843225,,,,,,,,33.8207695174603,210.10348431687345,26.544928262008405,109.302851392357,2025.0,CLE,canonical_source_team_frame,54.62306473237838,28.726909879433784,90.1246217684682,0.5813429687245458
00-0038563,WR,2026,6.096260114225007,3.1161483061773296,3.1161483061773296,10.205014196312131,False,,,,,,,0.2089153420260635,33.07421334296441,3.0706934555443706,,,5.123588965622962,False,False,False,Tre Tucker,LV,veteran_model,False,,False,ACT,1.0,starter,LWR,curated,15.59208274967656,15.59208274967656,1.0,False,1.0,15.59208274967656,,,,,,,,33.852695887179124,214.57281927994063,25.407262691012978,101.26520419334778,2025.0,LV,canonical_source_team_frame,114.97493983245288,60.05128370725979,190.2991265549399,1.2095827115082567
00-0038611,RB,2026,6.019373220483104,1.8144473857705954,1.8144473857705954,12.427479353740523,False,,7.765619191780959,,,,,0.006772995779978,6.666823448824379,0.9093277340617958,0.3018793768014963,30.461127730809213,1.191550102136408,False,False,False,Chris Rodriguez Jr.,JAX,veteran_model,True,,True,ACT,2.0,committee,,curated,13.203953171718942,13.203953171718942,0.98,True,2.0,13.203953171718942,,,,,,,,34.281611997177656,230.8787037290612,27.439030345261777,117.85703830149006,2025.0,JAX,canonical_source_team_frame,80.92958242881326,24.071817767361146,169.23572939310895,1.0182444516985143
00-0039738,RB,2026,5.988202669751686,1.639519331122913,1.639519331122913,12.396308803009106,False,,7.724348644597961,,,,,0.0351819088688006,6.933788201976625,1.1637349497474772,0.1962300504337441,33.244846188650165,1.5733208397414302,False,False,False,Blake Corum,LA,veteran_model,True,,False,ACT,2.0,committee,,curated,12.711109590082124,12.711109590082124,0.98,True,2.0,12.711109590082124,,,,,,,,34.82389907724694,249.40392878109915,26.59195903329525,121.3859631065696,2025.0,LA,canonical_source_team_frame,78.58269366736931,21.289394531149117,163.18928677361515,1.0323975326325279
00-0039901,WR,2026,5.839844361360932,2.8597325533132536,2.8597325533132536,9.948598443448056,False,,,,,,,0.2052388666924319,32.95515471422671,2.6257913795673384,,,4.353086295895452,False,False,False,Keon Coleman,BUF,veteran_model,False,,False,ACT,1.0,starter,LWR,curated,12.566358328446922,12.566358328446922,1.0,False,4.0,12.566358328446922,,,,,,,,33.21002626467289,231.99810200162543,27.995140482336904,133.52540408900225,2025.0,BUF,canonical_source_team_frame,79.54228559682534,38.56232281071573,136.26261799104037,1.083895351590666
00-0040236,RB,2026,5.838960925939659,1.54517521901888,1.54517521901888,12.247067059197079,False,,7.47766426195899,,,,,0.0376295050336477,9.759057761250329,1.3078892469271783,0.1846328489842313,28.755364022437625,1.622560448010486,False,False,False,Kyle Monangai,CHI,veteran_model,True,,False,ACT,2.0,committee,,curated,13.217850957890708,13.217850957890708,0.98,True,2.0,13.217850957890708,,,,,,,,33.73805380586444,231.6076855324185,27.696271758130365,127.85601286134172,2025.0,CHI,canonical_source_team_frame,78.15638627593393,20.675779679403032,164.29627526153692,1.0126702490261714
00-0032950,QB,2026,5.8228246180106815,-1.5333162872698742,0.0,15.548238281076397,True,11.021713369945552,1.9631947781723504,5.620442169934914,0.3296794824248302,0.5985500753140377,75.36821928506207,,,,0.0781163347577475,6.045565016552236,,False,False,False,Carson Wentz,MIN,veteran_model,True,,False,ACT,,deep_bench,,deep_bench_discounted,2.601357308169145,2.601357308169145,0.84,True,3.0,2.601357308169145,,,,,,,,33.317960572598906,212.14905129671848,25.98644569135896,113.34466242181308,2025.0,MIN,canonical_source_team_frame,16.79483750711868,0.0,40.11506551670601,1.108771586821136
00-0035229,TE,2026,5.8074377803019095,3.7805877070604845,3.7805877070604845,8.583036746513088,False,,,,,,,0.2213769624208228,27.931778031772897,3.371996405199366,,,4.1973911057151625,False,False,False,T.J. Hockenson,MIN,veteran_model,False,,False,ACT,1.0,starter,,curated,15.556089466111638,15.556089466111638,1.0,False,1.0,15.556089466111638,,,,,,,,33.317960572598906,212.14905129671848,25.98644569135896,113.34466242181308,2025.0,MIN,canonical_source_team_frame,81.47323617092661,53.20263558199879,120.30947077447088,0.9018409871452322
00-0031588,WR,2026,5.795937394935336,2.815825586887659,2.815825586887659,9.90469147702246,False,,,,,,,0.2032975093746021,31.78219509474815,2.795865658425819,,,4.4438977843608205,False,False,False,Stefon Diggs,WAS,veteran_model,True,,True,,2.0,starter,RWR,curated,13.472970290854692,13.472970290854692,0.79,True,,13.472970290854692,,,,,,,,32.67019161591956,214.9395285925804,27.26986368464489,124.1188052104396,2025.0,WAS,canonical_source_team_frame,74.68301414692303,36.676621905188014,126.94645662528464,0.9563895001542643
00-0028118,QB,2026,5.785692260161846,-1.0228366526698938,0.0,15.000626288627583,True,9.417310471757922,1.955092946463368,5.859535634434727,0.0744396651248399,0.4565829851036404,73.6861597607172,,,,0.0239187434394897,10.172807989313384,,False,False,False,Tyrod Taylor,GB,veteran_model,True,,True,ACT,2.0,backup,,curated,5.498862873276104,5.498862873276104,0.77,True,2.0,5.498862873276104,,,,,,,,32.63743765242263,227.66151029204215,27.533819286041897,118.4027815738584,2025.0,GB,canonical_source_team_frame,28.646208622795154,0.0,69.21256955614525,0.9004071414221081
00-0040718,WR,2026,5.714143599965743,2.7340317919180652,2.7340317919180652,9.822897682052865,False,,,,,,,0.1822577557805599,31.639244333436203,2.913345263877527,,,4.63249157643634,False,False,False,Travis Hunter,JAX,veteran_model,False,,False,ACT,2.0,starter,RWR,curated,12.222503557984036,12.222503557984036,1.0,False,4.0,12.222503557984036,,,,,,,,34.281611997177656,230.8787037290612,27.439030345261777,117.85703830149006,2025.0,JAX,canonical_source_team_frame,77.93184797450257,36.61036708133326,135.10619349191415,1.115844435490608
00-0039923,QB,2026,5.683979045752604,-1.5036641294242852,0.0,15.379740550972732,True,10.321464684483518,2.0552011636572343,6.23833509836709,0.3148534035020355,0.489287112584377,80.62698813185028,,,,0.0799968719679699,6.514766453373364,,False,False,False,J.J. McCarthy,MIN,veteran_model,True,,False,ACT,2.0,backup,,curated,7.781876889188678,7.781876889188678,0.77,True,2.0,7.781876889188678,,,,,,,,33.317960572598906,212.14905129671848,25.98644569135896,113.34466242181308,2025.0,MIN,canonical_source_team_frame,48.838215578466176,0.0,118.5999291379701,1.10413699995627
00-0041547,WR,2026,5.648337896013617,1.6804983741081418,1.6804983741081418,9.236605421390175,False,,,,,,,0.1923599246051706,32.49242722409603,2.4898712519459787,,,4.150198850449648,False,False,False,KC Concepcion,CLE,rookie_rule,True,drafted,False,,3.0,starter,,rookie_path,14.3125,14.3125,1.0,False,2.0,14.3125,no_data,1.0,rank_1,0.7248253226490354,False,16.0,False,,,,,,,,47.14671464059066,14.603511636171444,76.14947937933331,0.5831969793569582
00-0037263,RB,2026,5.636070250574147,1.089120821888122,1.089120821888122,12.044176383831566,False,,6.904126978797424,,,,,0.0639956983718178,6.285467768745527,1.1487770367455648,0.2111856887101673,27.820466328349013,1.3361355610845436,False,False,False,Tyler Allgeier,ARI,veteran_model,True,,True,ACT,2.0,committee,,curated,11.352992997624328,11.352992997624328,0.98,True,2.0,11.352992997624328,,,,,,,,36.21396386313722,240.76907152016224,24.98965667674017,107.79270996792926,2025.0,ARI,canonical_source_team_frame,64.8781474052204,12.488355267544264,138.77767351078893,1.0139386366926668
00-0038933,TE,2026,5.5993662831745254,3.5725162099331,3.5725162099331,8.374965249385701,False,,,,,,,0.184568571462886,30.603292410974504,2.8632512265995165,,,3.876974688846775,False,False,False,Dalton Kincaid,BUF,veteran_model,False,,False,ACT,1.0,starter,,curated,13.936216043345972,13.936216043345972,1.0,False,1.0,13.936216043345972,,,,,,,,33.21002626467289,231.99810200162543,27.995140482336904,133.52540408900225,2025.0,BUF,canonical_source_team_frame,84.31529282217663,53.2790611988488,126.56853626069056,1.0804946093567687
00-0039894,WR,2026,5.550872453468484,2.5707606454208056,2.5707606454208056,9.659626535555606,False,,,,,,,0.190801099026501,32.17969975671854,2.3761917672752477,,,4.855733624701313,False,False,False,Xavier Worthy,KC,veteran_model,False,,False,ACT,1.0,starter,LWR,curated,14.441638654518712,14.441638654518712,1.0,False,2.0,14.441638654518712,,,,,,,,35.16438169616012,230.57945355267083,25.927946034942902,113.12705785543976,2025.0,KC,canonical_source_team_frame,103.35439034632458,48.1184115009813,179.49304308131224,1.2892917596955407
00-0039890,WR,2026,5.548570121709347,2.5684583136616688,2.5684583136616688,9.65732420379647,False,,,,,,,0.247051727746655,28.04855648038517,2.5228082143818003,,,4.2954457868483775,False,False,False,Adonai Mitchell,NYJ,veteran_model,False,,False,ACT,1.0,starter,LWR,curated,14.74121560943588,14.74121560943588,1.0,False,2.0,14.74121560943588,,,,,,,,32.40798584142275,201.1286429616928,27.4687300259872,119.28333380861694,2025.0,NYJ,canonical_source_team_frame,76.2932088404028,35.34084338256109,132.7480269646562,0.9327634157261596
00-0037545,WR,2026,5.462828563265314,2.5619134597794777,2.5619134597794777,9.57158264535244,False,,,,,,,0.1445457199042245,32.34413519828307,2.722281448023321,,,4.209214456276808,False,False,False,Rashid Shaheed,SEA,veteran_model,False,,False,ACT,2.0,starter,RWR,curated,14.681066000200902,14.681066000200902,1.0,False,2.0,14.681066000200902,,,,,,,,32.225845759159824,233.1409897885389,27.9379864119506,119.71889503194852,2025.0,SEA,canonical_source_team_frame,77.28396413932737,35.72942975894793,136.40806623351884,0.9636386881285358
00-0038608,WR,2026,5.4561279884164,2.4760161803687217,2.4760161803687217,9.564882070503522,False,,,,,,,0.2154468994904476,31.942365037337687,1.9384201754798909,,,3.482519662585442,False,False,False,Kayshon Boutte,NE,veteran_model,True,,False,ACT,,deep_bench,,deep_bench_discounted,4.419465045056695,4.419465045056695,0.97,True,3.0,4.419465045056695,,,,,,,,33.746856976402874,243.7564166874116,26.990735238510595,121.6874228230549,2025.0,NE,canonical_source_team_frame,22.93335084522771,10.356626186409198,40.290927462344484,0.9510717076464137
00-0041029,WR,2026,5.453697633097171,1.6225888348084625,1.6225888348084625,8.918314387678524,False,,,,,,,0.185731251358451,31.37274658633621,2.404070932625688,,,4.007184071539704,False,False,False,Jordyn Tyson,NO,rookie_rule,True,drafted,False,,1.0,starter,,rookie_path,14.3125,14.3125,1.0,False,2.0,14.3125,no_data,1.0,rank_1,0.6998480295114428,False,16.0,False,,,,,,,,81.03851827876875,24.57203319251938,131.74200079290785,1.0382093509140493
00-0040206,QB,2026,5.442420671535468,-1.2930430123722054,0.0,15.467411756451135,True,13.269591482139646,1.5351637618307663,9.068981233595965,0.4794681933498054,0.4399184333028155,96.98076011200013,,,,0.0306161095522574,5.7875626323026745,,False,False,False,Riley Leonard,IND,veteran_model,True,,False,ACT,2.0,backup,,curated,5.310112001372448,5.310112001372448,0.84,True,3.0,5.310112001372448,,,,,,,,33.819686508835005,234.02693422664208,26.500800154053703,117.38636019360476,2025.0,IND,canonical_source_team_frame,26.068392450490403,2.5718277497929765,66.36904029091336,0.9020247659249909
00-0036894,TE,2026,5.4257588108090635,3.4296137982272707,3.4296137982272707,8.201357777020238,False,,,,,,,0.1250215302708582,32.155492158293406,2.920160826709147,,,4.210934386945116,False,False,False,Pat Freiermuth,PIT,veteran_model,False,,False,ACT,1.0,starter,,curated,14.307595607724986,14.307595607724986,1.0,False,1.0,14.307595607724986,,,,,,,,33.52835881566065,220.6188474788981,26.553754211808798,113.31380639380768,2025.0,PIT,canonical_source_team_frame,80.49378294622048,51.01388585332637,121.49342161477055,1.0368959956491364
00-0040130,WR,2026,5.3790130335726065,2.398901225524928,2.398901225524928,9.487767115659729,False,,,,,,,0.1820567210262878,31.25136465368616,2.3230724840925268,,,4.125516817307525,False,False,False,Jayden Higgins,HOU,veteran_model,False,,False,ACT,2.0,starter,RWR,curated,14.852362068548793,14.852362068548793,1.0,False,2.0,14.852362068548793,,,,,,,,34.321125448974,230.7196594149492,27.0161290584345,113.89625214465636,2025.0,HOU,canonical_source_team_frame,89.08133029002731,39.439687642402035,157.69026463709884,1.115035179061944
00-0038400,QB,2026,5.369180115049441,-1.1570858389315675,0.0,15.072362848301033,True,15.531863983140036,1.588052008838173,10.427212532799285,0.3185640175177665,0.4078675440147534,92.33448065641412,,,,0.0364157581082125,4.629641991201207,,False,False,False,Tanner McKee,PHI,veteran_model,True,,False,ACT,2.0,backup,,curated,5.534660660820866,5.534660660820866,0.84,True,3.0,5.534660660820866,,,,,,,,32.80438240429993,217.8739687342708,27.51020727894377,118.95507060419128,2025.0,PHI,canonical_source_team_frame,26.918963948788555,1.746589864106991,69.00235796449945,0.9058564250386185
00-0034827,WR,2026,5.297419752705748,2.3399056243637557,2.3399056243637557,9.40617383479287,False,,,,,,,0.1539788907135839,30.800196762247744,2.5870534643989416,,,4.060489582825455,False,False,False,DJ Moore,BUF,veteran_model,False,,True,ACT,2.0,starter,RWR,curated,14.511957939231891,14.511957939231891,1.0,False,1.0,14.511957939231891,,,,,,,,33.21002626467289,231.99810200162543,27.995140482336904,133.52540408900225,2025.0,BUF,canonical_source_team_frame,82.98443176010335,36.0418168583365,148.48654911901764,1.0794591871966954
00-0041044,WR,2026,5.278246320846673,0.8312400000000001,0.8312400000000001,11.465550000000004,False,,,,,,,0.1930051237126045,29.79572330514754,2.281286496112583,,,3.699586765855628,False,False,False,Zachariah Branch,ATL,rookie_rule,True,drafted,False,,,deep_bench,,deep_bench_discounted,6.0,7.888888888888889,1.0,False,4.0,6.0,above_median,,off_chart,1.0,False,9.0,False,,,,,,,,31.540879248722554,5.155909543900202,67.76254863050744,0.9959393496583143
00-0041051,WR,2026,5.278246320846673,0.8312400000000001,0.8312400000000001,11.465550000000004,False,,,,,,,0.1930051237126045,29.79572330514754,2.281286496112583,,,3.699586765855628,False,False,False,Zavion Thomas,CHI,rookie_rule,True,drafted,False,,,deep_bench,,deep_bench_discounted,6.0,7.888888888888889,1.0,False,4.0,6.0,above_median,,off_chart,1.0,False,9.0,False,,,,,,,,33.09702849215414,5.137568218188759,72.18821011479233,1.0450765424820463
00-0041040,WR,2026,5.278246320846673,0.8312400000000001,0.8312400000000001,11.465550000000004,False,,,,,,,0.1930051237126045,29.79572330514754,2.281286496112583,,,3.699586765855628,False,False,False,Antonio Williams,WAS,rookie_rule,True,drafted,False,,,deep_bench,,deep_bench_discounted,6.0,7.888888888888889,1.0,False,2.0,6.0,above_median,,off_chart,1.0,False,9.0,False,,,,,,,,30.273633709654852,4.865354021563608,65.378604092308,0.9559246218479727
00-0041035,WR,2026,5.278246320846673,0.8312400000000001,0.8312400000000001,11.465550000000004,False,,,,,,,0.1930051237126045,29.79572330514754,2.281286496112583,,,3.699586765855628,False,False,False,De'Zhaun Stribling,SF,rookie_rule,True,drafted,False,,3.0,starter,,rookie_path,12.9,12.9,1.0,False,5.0,12.9,above_median,3.0,rank_3_plus,1.0,False,20.0,False,,,,,,,,75.76172330208894,11.99678572003829,164.26575660147273,1.1126805096548442
00-0040311,WR,2026,5.272216379667081,2.292104571619403,2.292104571619403,9.380970461754204,False,,,,,,,0.2200417445450292,28.710735467626535,2.1617847312685043,,,3.6243418686080666,False,False,False,Theo Wease Jr.,MIA,veteran_model,True,,False,ACT,,deep_bench,,deep_bench_discounted,3.0497659144476565,3.0497659144476565,0.94,True,7.0,3.0497659144476565,,,,,,,,32.35681053457549,214.6121451327766,26.7390775924456,118.26868781082813,2025.0,MIA,canonical_source_team_frame,10.44320492604033,4.552146134773688,18.56823053517256,0.6494923915507808
00-0040719,RB,2026,5.252998194643856,1.0684087228791264,1.0684087228791264,11.661104327901274,False,,6.18624497933874,,,,,0.03495096125988,7.664396693902959,1.1004591540669617,0.1691120202319908,27.119510592688545,1.5054542802399928,False,False,False,Bhayshul Tuten,JAX,veteran_model,False,,False,ACT,1.0,starter,,curated,10.89750683252726,10.89750683252726,1.0,False,1.0,10.89750683252726,,,,,,,,34.281611997177656,230.8787037290612,27.439030345261777,117.85703830149006,2025.0,JAX,canonical_source_team_frame,59.07237817441071,11.931494159526139,131.95334248733477,1.031929561511875
00-0039794,RB,2026,5.150742769242649,0.8089217564654878,0.8089217564654878,11.558848902500069,False,,5.614674152460175,,,,,0.0295888587907538,7.232673316762266,0.8611194953135604,0.2412591321250998,23.71827744414521,1.1047313394417204,False,False,False,Braelon Allen,NYJ,veteran_model,True,,False,ACT,2.0,committee,,curated,11.574091002450642,11.574091002450642,0.98,True,2.0,11.574091002450642,,,,,,,,32.40798584142275,201.1286429616928,27.4687300259872,119.28333380861694,2025.0,NYJ,canonical_source_team_frame,58.592328868028886,9.273279307551135,131.06438161368166,0.9828426766224552
00-0037525,RB,2026,5.1310483852743225,1.1887694682721501,1.1887694682721501,11.539154518531742,False,,7.7477898361784785,,,,,0.021185072692022,4.780987267811842,0.8269573195339766,0.1677862616179041,31.05642992866593,1.0808268884153387,False,False,False,Jordan Mason,MIN,veteran_model,True,,False,ACT,2.0,committee,,curated,12.142754787197616,12.142754787197616,0.98,True,2.0,12.142754787197616,,,,,,,,33.317960572598906,212.14905129671848,25.98644569135896,113.34466242181308,2025.0,MIN,canonical_source_team_frame,61.13017519946154,14.419337255106253,136.34064736013124,0.9811429906338757
00-0040870,WR,2026,5.0983299628938195,0.8029060299095818,0.8029060299095818,11.074730801248505,False,,,,,,,0.1864262759639754,28.780094686517025,2.203525676916528,,,3.5734812117789945,False,False,False,Ja'Kobi Lane,BAL,rookie_rule,True,drafted,False,,,deep_bench,,deep_bench_discounted,6.0,7.888888888888889,1.0,False,4.0,6.0,above_median,,off_chart,0.9659136108820338,False,9.0,False,,,,,,,,29.529766033264846,4.618568690190305,64.24747782324914,0.9653411426939665
00-0032434,QB,2026,5.018902563653342,-1.5160360374329542,0.0,14.727035976882139,True,13.930934849637064,0.998264131387088,8.151668175294096,0.3210393575063702,0.5748966121612429,80.98426248376543,,,,0.0086429337114436,0.7016672840183293,,False,False,False,Brandon Allen,NYG,veteran_model,True,,True,ACT,,deep_bench,,deep_bench_discounted,1.310830878399554,1.310830878399554,0.84,True,3.0,1.310830878399554,,,,,,,,33.24318823444577,223.72200991226288,27.969267844990632,122.67699998352342,2025.0,NYG,canonical_source_team_frame,7.119045743402651,0.0,18.512229777224317,1.0820974057554127
00-0037252,TE,2026,4.990505963406271,2.963655890164846,2.963655890164846,7.766104929617448,False,,,,,,,0.200741144512827,26.9144238111279,2.189233430433038,,,3.3285185929628804,False,False,False,Greg Dulcich,MIA,veteran_model,False,,False,ACT,1.0,starter,,curated,13.645712715102196,13.645712715102196,1.0,False,1.0,13.645712715102196,,,,,,,,32.35681053457549,214.6121451327766,26.7390775924456,118.26868781082813,2025.0,MIA,canonical_source_team_frame,44.209190893874435,26.334059081539316,68.75240963311,0.649189914106753
00-0039793,TE,2026,4.975305779500898,2.9484557062594723,2.9484557062594723,7.7509047457120746,False,,,,,,,0.1426701416299298,27.20602812673467,2.7973642340957032,,,3.68956805591532,False,False,False,AJ Barner,SEA,veteran_model,False,,False,ACT,1.0,starter,,curated,15.185898706058415,15.185898706058415,1.0,False,1.0,15.185898706058415,,,,,,,,32.225845759159824,233.1409897885389,27.9379864119506,119.71889503194852,2025.0,SEA,canonical_source_team_frame,72.8446092617851,42.60221984493698,113.98767321133698,0.9641334306967193
00-0037012,QB,2026,4.906987038234002,-0.8865783586045806,0.0,14.22922151865909,True,10.681891173834105,2.9453089110515047,6.172939113923788,0.1280898911045158,0.2097033106320517,62.70799191989233,,,,0.0863127848739132,12.98157191875654,,False,False,False,Trey Lance,LAC,veteran_model,True,,False,ACT,2.0,backup,,curated,3.138394014409848,3.138394014409848,0.77,True,2.0,3.138394014409848,,,,,,,,34.81078054136303,231.0075612183065,26.604787498731607,118.73875848668648,2025.0,LAC,canonical_source_team_frame,14.112755293282227,0.7643833106809774,37.077639178187724,0.9164091853654028
00-0041525,WR,2026,4.887265111895067,0.7696666666666666,0.7696666666666666,10.616250000000003,False,,,,,,,0.1787084478820412,27.588632689951424,2.1123023112153545,,,3.425543301718174,False,False,False,Chris Bell,MIA,rookie_rule,True,drafted,False,,,deep_bench,,deep_bench_discounted,6.0,7.888888888888889,1.0,False,5.0,6.0,no_data,,off_chart,1.0,False,9.0,False,,,,,,,,19.053268693823174,3.0044931158706025,41.36135361763438,0.6497590594328378
00-0041048,WR,2026,4.887265111895067,0.7696666666666666,0.7696666666666666,10.616250000000003,False,,,,,,,0.1787084478820412,27.588632689951424,2.1123023112153545,,,3.425543301718174,False,False,False,Ted Hurst III,TB,rookie_rule,True,drafted,False,,,deep_bench,,deep_bench_discounted,6.0,7.888888888888889,1.0,False,4.0,6.0,no_data,,off_chart,1.0,False,9.0,False,,,,,,,,31.16858797790627,4.965888804468366,67.47135815199195,1.0629185329727437
00-0039855,WR,2026,4.854675397051169,1.8960444001272574,1.8960444001272574,8.963429479138291,False,,,,,,,0.154165035477237,30.134438346490043,1.8324826990774852,,,2.893005835362761,False,False,False,Jalen McMillan,TB,veteran_model,True,,False,ACT,1.0,starter,LWR,curated,11.12901604796764,11.12901604796764,0.97,True,3.0,11.12901604796764,,,,,,,,33.5451456097649,223.7139473344186,27.71485631665953,117.7146256375168,2025.0,TB,canonical_source_team_frame,57.60134089028838,22.819541618432385,105.83063924141754,1.0661434133541452
00-0041052,RB,2026,4.851077008529717,0.8687155737655552,0.8687155737655552,9.727198405011574,False,,5.271121655988814,,,,,0.0394276015526785,7.883188190805697,0.9720893344892588,0.1608021322997699,23.75335119089827,1.2501446074174694,False,False,False,Kaelon Black,SF,rookie_rule,True,drafted,False,,,deep_bench,,deep_bench_discounted,6.0,7.6,1.0,False,3.0,6.0,no_data,,off_chart,0.6179908683182744,False,5.0,False,,,,,,,,30.09798070694014,5.345927260375966,60.553977069293715,1.0340652413892981
00-0033319,QB,2026,4.839016521035464,-1.0087308716792087,0.0,14.039844768510514,True,9.368794448223976,1.6019491657977332,6.088744965172246,0.0673867746294973,0.4721288423561607,49.84603138182053,,,,0.0809211508373418,6.059065405729434,,False,False,False,Nick Mullens,JAX,veteran_model,True,,False,ACT,2.0,backup,,curated,4.544126426925981,4.544126426925981,0.77,True,2.0,4.544126426925981,,,,,,,,34.281611997177656,230.8787037290612,27.439030345261777,117.85703830149006,2025.0,JAX,canonical_source_team_frame,19.677087113162187,0.0,53.13759784960327,0.8948562951475183
00-0039491,WR,2026,4.828890347882966,1.8487785398352874,1.8487785398352874,8.937644429970089,False,,,,,,,0.1614758898388158,28.25425843954661,2.069218329790819,,,3.861005742713339,False,False,False,Jalen Coker,CAR,veteran_model,False,,False,ACT,3.0,starter,SWR,curated,13.329674456057097,13.329674456057097,1.0,False,2.0,13.329674456057097,,,,,,,,33.08175557965288,214.53923085029223,26.97977516063293,116.45258332427316,2025.0,CAR,canonical_source_team_frame,67.5477442289646,26.31571800321652,124.2941782305567,1.0494070161675146
00-0040162,RB,2026,4.815256114210448,1.0244795478717967,1.0244795478717967,11.223362247467868,False,,4.469003473596529,,,,,0.0572730392877837,11.030761965342425,1.9018883886856888,0.1018550943559985,18.06466921470668,2.053616529561941,False,False,False,Dylan Sampson,CLE,veteran_model,True,,False,ACT,2.0,committee,,curated,11.084217156133716,11.084217156133716,0.98,True,2.0,11.084217156133716,,,,,,,,33.8207695174603,210.10348431687345,26.544928262008405,109.302851392357,2025.0,CLE,canonical_source_team_frame,42.43125452359555,6.854992266971074,103.32122069789955,0.7949896146644699
00-0040170,WR,2026,4.763265729401475,1.7831539213537964,1.7831539213537964,8.872019811488599,False,,,,,,,0.1665742287652178,25.969082825844104,2.333824148451514,,,4.077803993851955,False,False,False,Elic Ayomanor,TEN,veteran_model,True,,False,ACT,,deep_bench,,deep_bench_discounted,6.0,6.601480431237152,0.86,True,5.0,6.0,,,,,,,,33.99018441127937,212.01753019527845,25.99058571793473,108.16497271051462,2025.0,TEN,canonical_source_team_frame,28.0263926938736,10.537445280114952,52.12138747936203,0.9806434732680499
00-0033526,RB,2026,4.756841962421474,0.49539563566597555,0.49539563566597555,11.164948095678893,False,,5.123277650685989,,,,,0.0240987021591309,5.824256522201464,0.8781374398126492,0.2247690788549895,22.421409042102795,1.1081736157457365,False,False,False,Samaje Perine,CIN,veteran_model,True,,False,ACT,2.0,committee,,curated,10.407524070928854,10.407524070928854,0.98,True,2.0,10.407524070928854,,,,,,,,35.761155714222895,238.6430156013012,25.12023465395161,107.36930606582474,2025.0,CIN,canonical_source_team_frame,53.00796397703223,5.286071556007604,125.85136117063928,1.0707176860568488
00-0040667,WR,2026,4.68657858098006,1.7064667729323824,1.7064667729323824,8.795332663067182,False,,,,,,,0.1632762021499799,26.247684362534944,2.1643058636533725,,,3.1127218080652805,False,False,False,Matthew Golden,GB,veteran_model,True,,False,ACT,1.0,starter,LWR,curated,12.828223441703674,12.828223441703674,0.97,True,3.0,12.828223441703674,,,,,,,,32.63743765242263,227.66151029204215,27.533819286041897,118.4027815738584,2025.0,GB,canonical_source_team_frame,67.37958822716254,24.24849676345577,126.97820994108518,1.1207427377434005
00-0041032,TE,2026,4.65245902356947,2.481883882099277,2.481883882099277,6.924426845997523,False,,,,,,,0.1529778391567344,26.296824529872197,2.2098190712836865,,,3.4194030131036617,True,False,False,Kenyon Sadiq,NYJ,rookie_rule,True,drafted,False,,2.0,backup,,rookie_path,15.272727272727272,15.272727272727272,1.0,False,1.0,15.272727272727272,above_median,1.0,rank_1,0.5982811500144616,False,3.0,True,,,,,,,,66.36792693120194,35.45461637177692,98.77152905230572,0.9340262865815185
00-0036679,QB,2026,4.624208543140707,-1.2528412891156673,0.0,14.216575227175975,True,14.592093232281016,1.2955055828310946,9.18270265072594,0.2631559929096062,0.3256274715859573,87.17019317140362,,,,0.0327645191730995,1.6461580072134674,,False,False,False,Shane Buechele,BUF,veteran_model,True,,True,ACT,,deep_bench,,deep_bench_discounted,0.7769279864985157,0.7769279864985157,0.84,True,3.0,0.7769279864985157,,,,,,,,33.21002626467289,231.99810200162543,27.995140482336904,133.52540408900225,2025.0,BUF,canonical_source_team_frame,3.2399387904772805,0.10569307248736416,9.062759895738912,0.9018174361635334
00-0033881,TE,2026,4.601718435796823,2.5748683625553985,2.5748683625553985,7.377317402008,False,,,,,,,0.2121433432924849,21.221103491892364,2.4134960537053542,,,3.036402856006704,False,False,False,Evan Engram,DEN,veteran_model,False,,False,ACT,2.0,backup,,curated,14.640082909760176,14.640082909760176,1.0,False,1.0,14.640082909760176,,,,,,,,34.86578769636352,230.0781619883208,26.560893200255972,117.8845379552942,2025.0,DEN,canonical_source_team_frame,74.85481649246994,41.75473066554801,120.01489009784922,1.1111077369483102
00-0041489,WR,2026,4.5940292051813625,0.7234866666666666,0.7234866666666666,9.979275000000001,False,,,,,,,0.1679859410091187,25.933314728554336,1.985564172542433,,,3.220010703615084,False,False,False,Germie Bernard,PIT,rookie_rule,True,drafted,False,,,deep_bench,,deep_bench_discounted,6.0,7.888888888888889,1.0,False,4.0,6.0,below_median,,off_chart,1.0,False,9.0,False,,,,,,,,28.47629593690528,4.520050043275342,61.73966295066183,1.0330908034856916
00-0041042,WR,2026,4.5940292051813625,0.7234866666666666,0.7234866666666666,9.979275000000001,False,,,,,,,0.1679859410091187,25.933314728554336,1.985564172542433,,,3.220010703615084,False,False,False,Malachi Fields,NYG,rookie_rule,True,drafted,False,,,deep_bench,,deep_bench_discounted,6.0,7.888888888888889,1.0,False,5.0,6.0,below_median,,off_chart,1.0,False,9.0,False,,,,,,,,25.524267666196646,4.031342524941481,55.37898650896986,0.9259942462348438
00-0040705,WR,2026,4.559291443861323,1.7253803131148016,1.7253803131148016,8.668045525948445,False,,,,,,,0.1333783911143385,26.29596104531305,2.2588499852879727,,,3.632177591652342,False,False,False,Chimere Dike,TEN,veteran_model,True,,False,ACT,,deep_bench,,deep_bench_discounted,6.0,7.642792542691389,1.0,False,4.0,6.0,,,,,,,,33.99018441127937,212.01753019527845,25.99058571793473,108.16497271051462,2025.0,TEN,canonical_source_team_frame,26.84822805759289,10.2031405931737,50.94322284308133,0.9814473874641796
00-0040398,QB,2026,4.545276872795506,-1.8627745065340129,0.0,14.60014875512536,True,9.66910321604949,2.0617942137795526,5.259942661049721,0.4944085920568993,0.3742321616533253,61.62085761489836,,,,0.131068475370098,7.859202534794807,,False,False,False,Brady Cook,NYJ,veteran_model,True,,False,ACT,,deep_bench,,deep_bench_discounted,3.3277645760124552,3.3277645760124552,0.84,True,3.0,3.3277645760124552,,,,,,,,32.40798584142275,201.1286429616928,27.4687300259872,119.28333380861694,2025.0,NYJ,canonical_source_team_frame,16.042857948550754,0.0,44.86639429557013,1.0606419509883693
00-0041194,QB,2026,4.516786243386243,-2.4,0.0,13.419200000000002,True,13.533121693121693,1.9857936507936509,7.756507936507936,0.492063492063492,0.3231481481481481,78.33103174603175,,,,0.0674074074074074,6.706349206349207,,True,False,False,Jack Strand,ATL,rookie_rule,True,udfa,False,,,deep_bench,,deep_bench_discounted,0.5882352941176471,0.5882352941176471,1.0,False,3.0,0.5882352941176471,no_data,,off_chart,1.0,False,102.0,False,,,,,,,,2.6947135993815117,0.0,6.634969840124979,1.014219595991812
00-0041156,QB,2026,4.516786243386243,-2.4,0.0,13.419200000000002,True,13.533121693121693,1.9857936507936509,7.756507936507936,0.492063492063492,0.3231481481481481,78.33103174603175,,,,0.0674074074074074,6.706349206349207,,True,False,False,Mark Gronowski,MIA,rookie_rule,True,udfa,False,,,deep_bench,,deep_bench_discounted,0.5882352941176471,0.5882352941176471,1.0,False,4.0,0.5882352941176471,no_data,,off_chart,1.0,False,102.0,False,,,,,,,,4.02503784094462,0.0,9.573051252271053,1.514918785369832
00-0040996,QB,2026,4.516786243386243,-2.4,0.0,13.419200000000002,True,13.533121693121693,1.9857936507936509,7.756507936507936,0.492063492063492,0.3231481481481481,78.33103174603175,,,,0.0674074074074074,6.706349206349207,,True,False,False,Jacob Clark,LV,rookie_rule,True,udfa,False,,,deep_bench,,deep_bench_discounted,0.5882352941176471,0.5882352941176471,1.0,False,4.0,0.5882352941176471,no_data,,off_chart,1.0,False,102.0,False,,,,,,,,2.238419443254335,0.0,5.606153999858456,0.8424824307557931
00-0033921,WR,2026,4.462669072101551,1.6550701163708994,1.6550701163708994,8.571423154188675,False,,,,,,,0.1289930286116938,23.58260846081904,2.66090010869897,,,4.468452300503901,False,False,False,Chris Godwin Jr.,TB,veteran_model,False,,False,ACT,3.0,starter,SWR,curated,13.286021626508075,13.286021626508075,1.0,False,2.0,13.286021626508075,,,,,,,,33.5451456097649,223.7139473344186,27.71485631665953,117.7146256375168,2025.0,TB,canonical_source_team_frame,63.04165699167974,23.549663240557887,120.61866992459125,1.0632563413662566
00-0041013,RB,2026,4.461834356024882,0.11070000000000009,0.11070000000000009,10.700128361344541,False,,5.375578854607302,,,,,0.0448528195526749,7.810019662353077,1.0383969685088297,0.1286570758075097,21.205745333740516,1.3626268309800134,False,False,False,Emmett Johnson,KC,rookie_rule,True,drafted,False,,,deep_bench,,deep_bench_discounted,4.142857142857143,4.142857142857143,1.0,False,2.0,4.142857142857143,above_median,,off_chart,1.0,False,42.0,False,,,,,,,,20.33398025838321,0.4586142857142861,48.70130113921387,1.1000413147803791
00-0033869,QB,2026,4.455602338821994,-1.6475577487006245,0.0,14.295257463318462,True,12.443825681191012,1.3102781858947912,8.408687519610867,0.3868002131402053,0.4164466147043754,79.48039875090804,,,,0.0062713502665058,3.4657225464954746,,False,False,False,Mitchell Trubisky,TEN,veteran_model,True,,True,ACT,2.0,backup,,curated,4.759312384126819,4.759312384126819,0.77,True,2.0,4.759312384126819,,,,,,,,33.99018441127937,212.01753019527845,25.99058571793473,108.16497271051462,2025.0,TEN,canonical_source_team_frame,21.743551358348775,0.0,61.53940328425467,1.025368199081996
00-0039405,RB,2026,4.439950436376991,0.5427202301014763,0.5427202301014763,10.848056569634412,False,,5.698923215159631,,,,,0.0276034835584768,4.419236083316697,0.5688497383596661,0.1790983479341562,24.733909699096905,0.7678010172805646,False,False,False,Jawhar Jordan,HOU,veteran_model,True,,False,ACT,,deep_bench,,deep_bench_discounted,2.635070606445051,2.635070606445051,0.73,True,3.0,2.635070606445051,,,,,,,,34.321125448974,230.7196594149492,27.0161290584345,113.89625214465636,2025.0,HOU,canonical_source_team_frame,11.955805837047478,1.430106125863495,29.499881797061914,1.0219001780242225
00-0033949,QB,2026,4.40703977728095,-1.1888124935075473,0.0,13.78794964658434,True,9.44068072789141,1.4892612512367214,5.433386984735953,0.1574275855436666,0.3832950505397438,54.59093523246565,,,,0.1059381843303552,3.694482309285507,,False,False,False,Joshua Dobbs,DET,veteran_model,False,,True,,2.0,backup,,curated,4.539433751357378,4.539433751357378,1.0,False,,4.539433751357378,,,,,,,,33.92979712201368,246.18859977155995,26.79038838236451,118.19015619651694,2025.0,DET,canonical_source_team_frame,20.520175510435987,0.0,58.611526901817086,1.0257284896441627
00-0039880,WR,2026,4.376774267300846,1.3966624592531671,1.3966624592531671,8.485528349387968,False,,,,,,,0.1823503749005853,20.54766891497685,2.4558102527992967,,,3.761134765594621,False,False,False,Malik Washington,MIA,veteran_model,False,,False,ACT,3.0,starter,SWR,curated,14.318723541454712,14.318723541454712,1.0,False,1.0,14.318723541454712,,,,,,,,32.35681053457549,214.6121451327766,26.7390775924456,118.26868781082813,2025.0,MIA,canonical_source_team_frame,40.541638955764235,12.88297774540688,78.68882753612922,0.64690848767557
00-0036924,RB,2026,4.363562298642341,0.38012505868332236,0.38012505868332236,10.771668431899759,False,,3.7805869210141663,,,,,0.0153400523425947,8.684883942499187,1.0823550148773875,0.1732442529359454,18.223905652824875,1.264937526266642,False,False,False,Michael Carter,TEN,veteran_model,True,,True,ACT,,deep_bench,,deep_bench_discounted,4.211347799121822,4.211347799121822,0.7,True,4.0,4.211347799121822,,,,,,,,33.99018441127937,212.01753019527845,25.99058571793473,108.16497271051462,2025.0,TEN,canonical_source_team_frame,18.27656521543192,1.577855880574147,45.07335214297818,0.9945629807484379
00-0040202,RB,2026,4.354717758643487,0.3521942123383075,0.3521942123383075,10.762823891900904,False,,4.56425885855221,,,,,0.0447581411444148,6.116113235258345,0.9602884430442792,0.1320018652585708,22.02402175177599,1.1546669582639302,False,False,False,Devin Neal,NO,veteran_model,True,,False,ACT,,deep_bench,,deep_bench_discounted,3.6513305047261033,3.6513305047261033,0.73,True,3.0,3.6513305047261033,,,,,,,,34.20105181449663,231.16042627321303,26.953986866698717,109.11968596923658,2025.0,NO,canonical_source_team_frame,16.095019908380202,1.3034994241619078,39.733375116486506,1.0122326938187003
00-0033555,WR,2026,4.34598796653619,1.4243202261778753,1.4243202261778753,8.454742048623313,False,,,,,,,0.1480044927163041,25.43393204904132,1.8291356106684655,,,3.20033772598761,False,False,False,Mack Hollins,NE,veteran_model,True,,False,ACT,,deep_bench,,deep_bench_discounted,3.73694387865388,3.73694387865388,1.0,False,4.0,3.73694387865388,,,,,,,,33.746856976402874,243.7564166874116,26.990735238510595,121.6874228230549,2025.0,NE,canonical_source_team_frame,15.429718650486706,5.009794473670198,30.10667367248714,0.9500641091705877
00-0039342,WR,2026,4.344504222467773,1.3643924144200945,1.3643924144200945,8.453258304554895,False,,,,,,,0.1669220214214042,23.563575613437063,1.973229065191282,,,3.204077037242667,False,False,False,Xavier Legette,CAR,veteran_model,True,,False,ACT,2.0,starter,RWR,curated,13.375812826017029,13.375812826017029,0.97,True,3.0,13.375812826017029,,,,,,,,33.08175557965288,214.53923085029223,26.97977516063293,116.45258332427316,2025.0,CAR,canonical_source_team_frame,60.768248686691045,19.39350491097783,117.71110068592469,1.045722166160234
00-0040494,QB,2026,4.278267719263074,-1.757371011612434,0.0,14.227736106671347,True,16.354639716544455,1.3128815798982918,9.864958733465787,0.44170684459611,0.3328156075794616,78.86315171045587,,,,0.0312347087443179,4.884846572533051,,False,False,False,Max Brosmer,MIN,veteran_model,True,,False,ACT,,deep_bench,,deep_bench_discounted,1.920226417080566,1.920226417080566,0.84,True,4.0,1.920226417080566,,,,,,,,33.317960572598906,212.14905129671848,25.98644569135896,113.34466242181308,2025.0,MIN,canonical_source_team_frame,9.168266413790938,0.0,26.382402178888245,1.1160067639425737
00-0040134,WR,2026,4.249270332005209,1.2941209592445528,1.2941209592445528,8.35802441409233,False,,,,,,,0.1535847647833611,23.304760536368576,1.9945713793363695,,,3.0221925049294227,False,False,False,Pat Bryant,DEN,veteran_model,True,,False,ACT,,deep_bench,,deep_bench_discounted,4.4434580309464895,4.4434580309464895,1.0,False,4.0,4.4434580309464895,,,,,,,,34.86578769636352,230.0781619883208,26.560893200255972,117.8845379552942,2025.0,DEN,canonical_source_team_frame,20.908082173811046,6.314024829227543,41.219813531392596,1.1073343054170512
00-0040021,RB,2026,4.244717569971439,0.3373606059470392,0.3373606059470392,10.652823703228858,False,,3.704420426389261,,,,,0.0239148196128712,7.390932964613186,1.0556784721451324,0.133942743922278,20.30639656226659,1.305769050520347,False,False,False,Phil Mafah,DAL,veteran_model,True,,False,ACT,,deep_bench,,deep_bench_discounted,2.323708042439213,2.323708042439213,0.7,True,4.0,2.323708042439213,,,,,,,,34.848900159202955,250.0561914085082,26.916637322594877,120.71500490898477,2025.0,DAL,canonical_source_team_frame,9.990591041086706,0.8057723350913488,25.109754766712037,1.012886590710077
00-0041568,QB,2026,4.226931764150883,2.1841176470588235,2.1841176470588235,6.961291893988364,False,8.81341358804594,1.2711163999399293,5.394780652354181,0.207253930709813,0.3175301740742918,59.04928610605081,,,,0.0636866809660927,6.272273992347522,,False,False,False,Ty Simpson,LA,rookie_rule,True,drafted,False,,,deep_bench,,deep_bench_discounted,6.0,11.457142857142856,1.0,False,2.0,6.0,no_data,,off_chart,0.3,False,4.0,True,,,,,,,,23.245085496222877,13.928565805129573,36.3846703624594,0.916546831650925
00-0039410,WR,2026,4.219283185631058,1.384203417383763,1.384203417383763,8.32803726771818,False,,,,,,,0.1335731640311341,24.50604162320007,1.9344800782484917,,,2.6656294857838474,False,False,False,Ryan Flournoy,DAL,veteran_model,True,,False,ACT,3.0,starter,SWR,curated,14.404125532462054,14.404125532462054,0.97,True,3.0,14.404125532462054,,,,,,,,34.848900159202955,250.0561914085082,26.916637322594877,120.71500490898477,2025.0,DAL,canonical_source_team_frame,63.08512647472218,20.475313126851233,124.99604152173113,1.038009684802605
00-0039398,QB,2026,4.212464165438427,-1.4362789004211414,0.0,13.849388331008722,True,11.816262280378636,2.3369202641424653,6.427871358927699,0.2854347336771187,0.2150206761312841,65.28007423103182,,,,0.0414836039703262,10.631463352042989,,False,False,False,Joe Milton III,DAL,veteran_model,True,,False,ACT,2.0,backup,,curated,3.3195039224406218,3.3195039224406218,0.77,True,2.0,3.3195039224406218,,,,,,,,34.848900159202955,250.0561914085082,26.916637322594877,120.71500490898477,2025.0,DAL,canonical_source_team_frame,13.641194977790123,0.02837475223690101,39.93066955362497,0.9755353489613466
00-0038619,WR,2026,4.182689391366506,1.2576836184277635,1.2576836184277635,8.29144347345363,False,,,,,,,0.1485608314797088,23.75606417855276,1.8314359692659543,,,2.665699033172922,False,False,False,Andrei Iosivas,CIN,veteran_model,True,,False,ACT,3.0,starter,SWR,curated,13.923309398585983,13.923309398585983,0.97,True,3.0,13.923309398585983,,,,,,,,35.761155714222895,238.6430156013012,25.12023465395161,107.36930606582474,2025.0,CIN,canonical_source_team_frame,74.42134723125352,22.602039847358178,147.0198096800778,1.2779075584062056
00-0040586,RB,2026,4.182405694332301,0.0594583593710138,0.0594583593710138,10.590511827589719,False,,5.121495796388397,,,,,0.0147700708433388,6.335326300814741,0.6772421740053387,0.1891959474397161,19.864558675498277,0.723304796855356,False,False,False,Jaydon Blue,DAL,veteran_model,True,,False,ACT,2.0,committee,,curated,11.276646487027415,11.276646487027415,0.98,True,2.0,11.276646487027415,,,,,,,,34.848900159202955,250.0561914085082,26.916637322594877,120.71500490898477,2025.0,DAL,canonical_source_team_frame,47.58289251741523,0.671108896719067,120.95418589831561,1.008892086972077
00-0036309,WR,2026,4.14791063780501,1.1798817138129376,1.1798817138129376,8.256664719892132,False,,,,,,,0.1557313566552638,23.791881442735875,1.6686687071996795,,,3.257597553286903,False,False,False,Darnell Mooney,NYG,veteran_model,True,,True,ACT,,deep_bench,,deep_bench_discounted,3.799938385701503,3.799938385701503,0.97,True,3.0,3.799938385701503,,,,,,,,33.24318823444577,223.72200991226288,27.969267844990632,122.67699998352342,2025.0,NYG,canonical_source_team_frame,14.60645367271092,4.201057880701972,29.014369571501724,0.9266993094309235
00-0041096,RB,2026,4.131328107430445,0.10250000000000004,0.10250000000000004,9.907526260504204,False,,4.977387828340095,,,,,0.0415303884746989,7.23149968736396,0.9614786745452126,0.1191269220439905,19.634949383093065,1.261691510166679,False,False,False,Kaytron Allen,WAS,rookie_rule,True,drafted,False,,,deep_bench,,deep_bench_discounted,4.142857142857143,4.142857142857143,1.0,False,3.0,4.142857142857143,no_data,,off_chart,1.0,False,42.0,False,,,,,,,,16.86708390829503,0.4246428571428574,40.37832383466693,0.9854857748988745
00-0027973,QB,2026,4.126766913154422,-1.5259825186925013,0.0,13.844846807642767,True,12.7956818663732,1.0727537675933203,8.551551338605528,0.3260125981361437,0.4536133517629658,67.35910237873544,,,,0.0068375950392384,2.2894903698999807,,False,False,False,Andy Dalton,PHI,veteran_model,True,,True,ACT,,deep_bench,,deep_bench_discounted,2.250244565778556,2.250244565778556,0.77,True,2.0,2.250244565778556,,,,,,,,32.80438240429993,217.8739687342708,27.51020727894377,118.95507060419128,2025.0,PHI,canonical_source_team_frame,8.36642815968891,0.0,25.476407343006404,0.9009494505959457
00-0040388,WR,2026,4.125082564044302,1.2240363073603886,1.2240363073603886,8.233836646131426,False,,,,,,,0.1445675787705707,23.801473314924767,1.755059519856803,,,2.8874247241543287,False,False,False,Jakobie Keeney-James,GB,veteran_model,True,,False,ACT,,deep_bench,,deep_bench_discounted,3.7963074143878055,3.7963074143878055,0.79,True,,3.7963074143878055,,,,,,,,32.63743765242263,227.66151029204215,27.533819286041897,118.4027815738584,2025.0,GB,canonical_source_team_frame,17.560334369863476,5.149321366354788,35.197592601920775,1.1213437391273056
00-0040648,WR,2026,4.089387146795958,1.1401426190231847,1.1401426190231847,8.198141228883081,False,,,,,,,0.1526006239520473,22.29780858345153,1.8880050894770424,,,2.9635850382635,False,False,False,Tory Horton,SEA,veteran_model,True,,False,ACT,,deep_bench,,deep_bench_discounted,4.73767073374527,4.73767073374527,1.0,False,4.0,4.73767073374527,,,,,,,,32.225845759159824,233.1409897885389,27.9379864119506,119.71889503194852,2025.0,SEA,canonical_source_team_frame,18.778173647495056,5.131016880037439,37.857886806388635,0.9692375899017331
00-0039146,WR,2026,4.072051510061503,1.42506727489466,1.42506727489466,8.180805592148626,False,,,,,,,0.1022239085177255,24.220474627076158,2.0733211924950687,,,3.178974091362716,False,False,False,Jayden Reed,GB,veteran_model,False,,False,ACT,3.0,starter,SWR,curated,12.845079818025354,12.845079818025354,1.0,False,2.0,12.845079818025354,,,,,,,,32.63743765242263,227.66151029204215,27.533819286041897,118.4027815738584,2025.0,GB,canonical_source_team_frame,58.39846085939752,20.242265112661485,118.0753955837248,1.1164809845756376
00-0038104,WR,2026,4.0702255185282965,1.0901137104806191,1.0901137104806191,8.17897960061542,False,,,,,,,0.1686097115442787,23.12168896334209,1.492796705856831,,,2.898990422453826,False,False,False,Tyquan Thornton,KC,veteran_model,True,,False,ACT,2.0,starter,RWR,curated,13.143340437420914,13.143340437420914,0.97,True,3.0,13.143340437420914,,,,,,,,35.16438169616012,230.57945355267083,25.927946034942902,113.12705785543976,2025.0,KC,canonical_source_team_frame,68.93630029773357,18.666016452114064,138.23011502902747,1.2886166601333666
00-0037291,WR,2026,4.029571296939764,1.0494594888920863,1.0494594888920863,8.138325379026886,False,,,,,,,0.1776997822515037,20.81402513722858,1.7639401794157683,,,2.9699015265104696,False,False,False,Jalen Nailor,LV,veteran_model,False,,True,ACT,2.0,starter,RWR,curated,15.385119074036472,15.385119074036472,1.0,False,2.0,15.385119074036472,,,,,,,,33.852695887179124,214.57281927994063,25.407262691012978,101.26520419334778,2025.0,LV,canonical_source_team_frame,74.12612139938467,19.931502050981265,148.4504820691906,1.1956706543171371
00-0033908,WR,2026,3.9870552517711477,1.0765054104256488,1.0765054104256488,8.09580933385827,False,,,,,,,0.1461515095475014,21.605074654887837,1.8992774579947105,,,2.946449642092208,False,False,False,Cooper Kupp,SEA,veteran_model,True,,False,ACT,3.0,starter,SWR,curated,13.31954995758473,13.31954995758473,0.97,True,3.0,13.31954995758473,,,,,,,,32.225845759159824,233.1409897885389,27.9379864119506,119.71889503194852,2025.0,SEA,canonical_source_team_frame,51.44805015812749,13.61429362304958,105.08900726097998,0.968784350757231
00-0039373,RB,2026,3.948914958877719,0.016078369127276802,0.016078369127276802,10.357021092135138,False,,4.13814046783591,,,,,0.0477309936046575,6.407264250429509,0.8097855741792324,0.1333305431162058,18.16926526419972,1.0458324231406215,False,False,False,Audric Estimé,NO,veteran_model,True,,False,ACT,,deep_bench,,deep_bench_discounted,3.0464371501378325,3.0464371501378325,0.7,True,6.0,3.0464371501378325,,,,,,,,34.20105181449663,231.16042627321303,26.953986866698717,109.11968596923658,2025.0,NO,canonical_source_team_frame,12.181700485470547,0.05183271562282316,31.90403550305369,1.0125999770965612
00-0038618,WR,2026,3.9386052081457126,1.161584925752919,1.161584925752919,8.047359290232835,False,,,,,,,0.1238965830553839,23.567186182339118,1.6770141831589946,,,2.590744567572991,False,False,False,Xavier Hutchinson,HOU,veteran_model,True,,False,ACT,,deep_bench,,deep_bench_discounted,4.078943832504521,4.078943832504521,1.0,False,4.0,4.078943832504521,,,,,,,,34.321125448974,230.7196594149492,27.0161290584345,113.89625214465636,2025.0,HOU,canonical_source_team_frame,17.90412471814925,5.23720043311687,36.74637945972377,1.1144559789745476
00-0035662,WR,2026,3.861400966397709,1.133676109837899,1.133676109837899,7.970155048484831,False,,,,,,,0.1156806787498868,22.6838034220737,1.7978731033820368,,,3.15535042989487,False,False,False,Marquise Brown,PHI,veteran_model,True,,True,ACT,,deep_bench,,deep_bench_discounted,4.446436976875052,4.446436976875052,1.0,False,4.0,4.446436976875052,,,,,,,,32.80438240429993,217.8739687342708,27.51020727894377,118.95507060419128,2025.0,PHI,canonical_source_team_frame,19.17936067969147,5.682133418799052,39.403377768423425,1.1170615012090046
00-0037157,RB,2026,3.845520212000584,0.10465666988055786,0.10465666988055786,10.253626345258004,False,,4.528820048912055,,,,,0.0290471849808269,5.781640763527912,1.0086762288675497,0.1484657858566796,16.97940196188979,1.274846506421074,False,False,False,Bam Knight,ARI,veteran_model,True,,False,ACT,,deep_bench,,deep_bench_discounted,4.471450767427213,4.471450767427213,0.7,True,5.0,4.471450767427213,,,,,,,,36.21396386313722,240.76907152016224,24.98965667674017,107.79270996792926,2025.0,ARI,canonical_source_team_frame,17.51801453172785,0.49712276970165953,46.62382766720654,1.0187821581094179
00-0038393,WR,2026,3.8268654565694407,1.006242502972925,1.006242502972925,7.935619538656563,False,,,,,,,0.131163694922671,21.53781275171798,1.7722040237232333,,,2.7591422698417327,False,False,False,Dontayvion Wicks,PHI,veteran_model,True,,True,ACT,2.0,starter,RWR,curated,12.84770040954774,12.84770040954774,0.97,True,3.0,12.84770040954774,,,,,,,,32.80438240429993,217.8739687342708,27.51020727894377,118.95507060419128,2025.0,PHI,canonical_source_team_frame,54.852774171845056,14.578126519992804,113.28880148650894,1.1156552210805326
00-0034771,QB,2026,3.7741093051754,-1.645046654275593,0.0,13.611253335246836,True,14.432427493834966,1.245559212952589,9.397705756685513,0.3855446659276896,0.2754461342633789,73.98502607904794,,,,0.021937748629719,3.523865650370324,,False,False,False,Mason Rudolph,PIT,veteran_model,True,,False,ACT,2.0,backup,,curated,4.468939431242268,4.468939431242268,0.77,True,2.0,4.468939431242268,,,,,,,,33.52835881566065,220.6188474788981,26.553754211808798,113.31380639380768,2025.0,PIT,canonical_source_team_frame,16.518928905754358,0.0,52.59697891231916,0.9794064087337235
00-0034837,WR,2026,3.769274893712693,0.9195469378575862,0.9195469378575862,7.878028975799815,False,,,,,,,0.1360145286324362,21.649505782304125,1.5764742873753266,,,2.952156943489654,False,False,False,Calvin Ridley,TEN,veteran_model,True,,False,ACT,1.0,starter,LWR,curated,11.18693921987065,11.18693921987065,0.97,True,3.0,11.18693921987065,,,,,,,,33.99018441127937,212.01753019527845,25.99058571793473,108.16497271051462,2025.0,TEN,canonical_source_team_frame,41.34273922088676,10.137926277890706,86.26761291561333,0.9804606262322011
00-0035535,WR,2026,3.751006430823005,0.770894622775327,0.770894622775327,7.859760512910127,False,,,,,,,0.1644950616232453,20.081161073710884,1.5118399074248896,,,2.960360345247721,False,False,False,Darius Slayton,NYG,veteran_model,False,,False,ACT,2.0,starter,RWR,curated,13.641631614415031,13.641631614415031,1.0,False,2.0,13.641631614415031,,,,,,,,33.24318823444577,223.72200991226288,27.969267844990632,122.67699998352342,2025.0,NYG,canonical_source_team_frame,47.332165310195535,9.827957522985294,99.05602529759719,0.9250010942196001
00-0039874,RB,2026,3.7503685087124934,0.01635400189314037,0.01635400189314037,10.158474641969912,False,,5.079337673585084,,,,,0.0111647847417615,6.09119753372016,0.8040954283165738,0.1212589767725561,19.446584720962846,1.027214755846914,False,False,False,Jaylen Wright,MIA,veteran_model,True,,False,ACT,2.0,committee,,curated,8.911234813762894,8.911234813762894,0.98,True,2.0,8.911234813762894,,,,,,,,32.35681053457549,214.6121451327766,26.7390775924456,118.26868781082813,2025.0,MIA,canonical_source_team_frame,30.035213237673084,0.13787811423945956,80.39205239070415,0.8987085815532874
00-0039164,QB,2026,3.7483541064057584,-1.3556274600882916,0.0,13.296078942289892,True,9.31370937793138,1.7543396794851436,5.702836776620531,0.2408350688340388,0.3300641039146285,47.57979494800113,,,,0.0432932055599013,7.468167971358692,,False,False,False,Anthony Richardson,IND,veteran_model,True,,False,ACT,,deep_bench,,deep_bench_discounted,2.237545838991807,2.237545838991807,0.77,True,2.0,2.237545838991807,,,,,,,,33.819686508835005,234.02693422664208,26.500800154053703,117.38636019360476,2025.0,IND,canonical_source_team_frame,7.723764369140407,0.0,24.70543007801926,0.9209084609880382
00-0038979,WR,2026,3.7339950890390834,0.8302232442326326,0.8302232442326326,7.842749171126206,False,,,,,,,0.1450218434576602,20.37365771178452,1.6529965142293404,,,2.6820842655055013,False,False,False,Cedric Tillman,CLE,veteran_model,True,,False,ACT,,deep_bench,,deep_bench_discounted,3.9225977233015454,3.9225977233015454,1.0,False,4.0,3.9225977233015454,,,,,,,,33.8207695174603,210.10348431687345,26.544928262008405,109.302851392357,2025.0,CLE,canonical_source_team_frame,8.491466962985418,1.9770912400221643,17.623534455475834,0.5797425946954351
00-0037837,WR,2026,3.7188754505000543,0.9325716919665248,0.9325716919665248,7.82762953258718,False,,,,,,,0.12544382907884,21.48857681887536,1.634709588278957,,,3.018741774928356,False,False,False,Calvin Austin III,NYG,veteran_model,False,,True,ACT,3.0,starter,SWR,curated,13.126754612147163,13.126754612147163,1.0,False,4.0,13.126754612147163,,,,,,,,33.24318823444577,223.72200991226288,27.969267844990632,122.67699998352342,2025.0,NYG,canonical_source_team_frame,45.22915873273602,11.443917019735371,95.00080165924777,0.9265087167402554
00-0040234,QB,2026,3.6508487750150826,-1.3666364040299703,0.0,13.209582554840896,True,8.125442134035643,1.313590193304759,5.387005753652477,0.2463395408048782,0.3120866366658223,55.21983514431727,,,,0.0382145505096094,4.5710060113120194,,False,False,False,Quinn Ewers,MIA,veteran_model,True,,False,ACT,2.0,backup,,curated,6.0445881613967085,6.0445881613967085,0.77,True,2.0,6.0445881613967085,,,,,,,,32.35681053457549,214.6121451327766,26.7390775924456,118.26868781082813,2025.0,MIA,canonical_source_team_frame,33.12023095834773,0.0,103.91579041469686,1.5008344722671583
00-0038951,RB,2026,3.650140531267679,0.0,0.0,10.058246664525099,False,,4.838154330535831,,,,,0.0330432338377971,5.635192930829285,0.633874363025841,0.1212277941263566,18.440578888869076,0.9887850137431108,False,False,False,Sean Tucker,TB,veteran_model,True,,False,ACT,,deep_bench,,deep_bench_discounted,4.847589384148888,4.847589384148888,0.73,True,3.0,4.847589384148888,,,,,,,,33.5451456097649,223.7139473344186,27.71485631665953,117.7146256375168,2025.0,TB,canonical_source_team_frame,18.02193156837732,0.0,49.66943988981649,1.0185114726968967
00-0037746,RB,2026,3.6465778255901204,0.11042859057867625,0.11042859057867625,10.05468395884754,False,,5.232578517555095,,,,,0.0322580379407016,5.91674541737905,1.0202200702637862,0.0783701957443937,18.810238466097505,1.2909515404193554,False,False,False,Brian Robinson,ATL,veteran_model,True,,True,ACT,2.0,committee,,curated,11.028634568887144,11.028634568887144,0.98,True,2.0,11.028634568887144,,,,,,,,33.103579364958776,223.6760928436624,27.565529595779655,121.0212845239931,2025.0,ATL,canonical_source_team_frame,40.19683611654755,1.2049502988201684,110.38667176571008,0.9995042330157716
00-0038621,WR,2026,3.6145157878637617,0.9022995539957614,0.9022995539957614,7.723269869950885,False,,,,,,,0.1130959083012518,21.52108768317342,1.5676631394778182,,,2.404867563619256,False,False,False,DeMario Douglas,NE,veteran_model,True,,False,ACT,3.0,starter,SWR,curated,10.084711590265137,10.084711590265137,0.86,True,5.0,10.084711590265137,,,,,,,,33.746856976402874,243.7564166874116,26.990735238510595,121.6874228230549,2025.0,NE,canonical_source_team_frame,34.60763931929294,8.562512595518946,74.21563537875878,0.9494199809540794
00-0040782,WR,2026,3.5718109752912826,0.7779843832211594,0.7779843832211594,7.680565057378406,False,,,,,,,0.1266976346682723,21.589183597131512,1.3054136151369955,,,2.4560216434016,False,False,False,Isaiah Bond,CLE,veteran_model,True,,False,ACT,,deep_bench,,deep_bench_discounted,5.48026168655516,5.48026168655516,0.86,True,5.0,5.48026168655516,,,,,,,,33.8207695174603,210.10348431687345,26.544928262008405,109.302851392357,2025.0,CLE,canonical_source_team_frame,11.405204525437242,2.599535902906551,24.163616967488167,0.5826574629189113
00-0034975,RB,2026,3.559787096351556,0.7595638131491143,0.7595638131491143,9.967893229608976,False,,2.6371014151516468,,,,,0.0626984100591171,9.311515219006916,1.7159062685074251,0.0986473254187117,8.02608027330179,2.0599228736155752,False,False,False,Justice Hill,BAL,veteran_model,True,,False,ACT,2.0,committee,,curated,11.998044405134191,11.998044405134191,0.98,True,2.0,11.998044405134191,,,,,,,,31.3716833460928,213.64210242557775,28.058067379544,132.6208163798309,2025.0,BAL,canonical_source_team_frame,41.532861614065766,8.587327323603928,117.45092662674314,0.9724277989848938
00-0036550,WR,2026,3.5526609287184288,0.7329904103197669,0.7329904103197669,7.661415010805552,False,,,,,,,0.1310049557230287,19.229509106473465,1.68736056746582,,,2.636463312732564,False,False,False,Rashod Bateman,BAL,veteran_model,False,,False,ACT,1.0,starter,LWR,curated,14.166861943926216,14.166861943926216,1.0,False,2.0,14.166861943926216,,,,,,,,31.3716833460928,213.64210242557775,28.058067379544,132.6208163798309,2025.0,BAL,canonical_source_team_frame,48.52229085717462,9.953665427164397,104.85141102521706,0.9640817800630287
00-0040727,WR,2026,3.5325088905646647,0.7220804669140567,0.7220804669140567,7.6412629726517896,False,,,,,,,0.1294646065983531,18.991602724364714,1.7131219570761498,,,2.671635441576221,False,False,False,Tre Harris,LAC,veteran_model,True,,False,ACT,2.0,starter,RWR,curated,14.074821580041656,14.074821580041656,0.97,True,3.0,14.074821580041656,,,,,,,,34.81078054136303,231.0075612183065,26.604787498731607,118.73875848668648,2025.0,LAC,canonical_source_team_frame,56.48180303723559,11.37855768230306,122.72772139961498,1.1360106169965176
00-0038579,QB,2026,3.5008919358742983,-1.3917310610739375,0.0,13.084720372744078,True,12.765881319183745,1.5883612042227986,7.410946503014965,0.2588868693268618,0.214283362764598,53.23570246103655,,,,0.0287995590512436,8.59306770720706,,False,False,False,Aidan O'Connell,LV,veteran_model,True,,False,ACT,,deep_bench,,deep_bench_discounted,1.2655878428881933,1.2655878428881933,0.84,True,3.0,1.2655878428881933,,,,,,,,33.852695887179124,214.57281927994063,25.407262691012978,101.26520419334778,2025.0,LV,canonical_source_team_frame,3.8188764828421045,0.0,13.110938927152532,0.861915343870881
00-0040584,TE,2026,3.4947891820665355,1.6449153636722786,1.6449153636722786,6.270388148277711,False,,,,,,,0.1006429979062687,19.150507142968436,1.9517609606641588,,,2.973219969561395,False,False,False,Gunnar Helm,TEN,veteran_model,False,,False,ACT,1.0,starter,,curated,15.13169867289183,15.13169867289183,1.0,False,1.0,15.13169867289183,,,,,,,,33.99018441127937,212.01753019527845,25.99058571793473,108.16497271051462,2025.0,TEN,canonical_source_team_frame,51.905612026781725,24.53218298084532,92.99744006204716,0.9815346807313363
00-0038551,RB,2026,3.4656047881279397,0.0,0.0,9.87371092138536,False,,4.126846599387335,,,,,0.0257553989319955,4.248316219500717,0.5158895923076253,0.1271178680261027,18.65588768275466,0.6150833514441529,False,False,False,Kendre Miller,NO,veteran_model,True,,False,ACT,,deep_bench,,deep_bench_discounted,2.7177116714317067,2.7177116714317067,0.7,True,4.0,2.7177116714317067,,,,,,,,34.20105181449663,231.16042627321303,26.953986866698717,109.11968596923658,2025.0,NO,canonical_source_team_frame,9.510241448997167,0.0,27.10443999097165,1.0097389951399254
00-0040673,QB,2026,3.44932152198352,-1.4463068361714457,0.0,13.087725733950808,True,11.47900863346571,1.3965946641397942,5.36137681884041,0.2861747568756158,0.3324596854406872,48.623501518581485,,,,0.0512084436444058,4.396415713623084,,False,False,False,Jalen Milroe,SEA,veteran_model,True,,False,ACT,,deep_bench,,deep_bench_discounted,2.083265061104904,2.083265061104904,0.84,True,3.0,2.083265061104904,,,,,,,,32.225845759159824,233.1409897885389,27.9379864119506,119.71889503194852,2025.0,SEA,canonical_source_team_frame,7.27860900420398,0.0,24.495713930541513,1.012908421395476
00-0034829,TE,2026,3.4385327408053996,1.4460796097246666,1.4460796097246666,6.214131707016576,False,,,,,,,0.1244062166873481,19.20500828123589,1.543189225115443,,,2.6147936326979733,False,False,False,Mike Gesicki,CIN,veteran_model,False,,False,ACT,2.0,backup,,curated,13.029548964290973,13.029548964290973,1.0,False,1.0,13.029548964290973,,,,,,,,35.761155714222895,238.6430156013012,25.12023465395161,107.36930606582474,2025.0,CIN,canonical_source_team_frame,57.25245591266354,24.30753410673089,103.2784324179076,1.2778844186537643
00-0040198,RB,2026,3.4236324701364813,0.0,0.0,9.831738603393902,False,,4.71765742498581,,,,,0.0127769297185149,5.724110514378126,0.6433839775072072,0.08856366535443,19.21485859507396,0.7624991738197497,False,False,False,Ollie Gordon II,MIA,veteran_model,True,,False,ACT,,deep_bench,,deep_bench_discounted,3.689497552896779,3.689497552896779,0.73,True,3.0,3.689497552896779,,,,,,,,32.35681053457549,214.6121451327766,26.7390775924456,118.26868781082813,2025.0,MIA,canonical_source_team_frame,11.373369345216705,0.0,32.22249280673526,0.900398534870492
00-0039875,RB,2026,3.422064850242708,0.2713126762784034,0.2713126762784034,9.830170983500127,False,,3.490759714079756,,,,,0.0389097922780956,7.957281772841973,1.0102506839989926,0.067994095554426,14.797880039638846,1.5792737592536823,False,False,False,Ray Davis,BUF,veteran_model,True,,False,ACT,,deep_bench,,deep_bench_discounted,6.0,6.014915498780308,0.98,True,2.0,6.0,,,,,,,,33.21002626467289,231.99810200162543,27.995140482336904,133.52540408900225,2025.0,BUF,canonical_source_team_frame,21.18799035969292,1.7163051302107175,60.74998036700673,1.031930101022203
00-0038797,RB,2026,3.4140456774850163,0.0,0.0,9.822151810742437,False,,3.609757527894984,,,,,0.0369655391468232,4.849173163727571,0.7555027484026261,0.107620535584065,16.83860538525617,1.0214882360054631,False,False,False,Emanuel Wilson,SEA,veteran_model,True,,True,ACT,,deep_bench,,deep_bench_discounted,4.717997130082353,4.717997130082353,0.7,True,4.0,4.717997130082353,,,,,,,,32.225845759159824,233.1409897885389,27.9379864119506,119.71889503194852,2025.0,SEA,canonical_source_team_frame,15.93113509896706,0.0,45.8951645496461,0.9890533557455207
00-0036988,WR,2026,3.4047562565497698,0.6280564928408866,0.6280564928408866,7.513510338636894,False,,,,,,,0.1238431632747323,19.851045910875627,1.3531853716276272,,,2.323905958827385,False,False,False,Josh Palmer,BUF,veteran_model,True,,False,ACT,,deep_bench,,deep_bench_discounted,2.7769783125625174,2.7769783125625174,0.97,True,3.0,2.7769783125625174,,,,,,,,33.21002626467289,231.99810200162543,27.995140482336904,133.52540408900225,2025.0,BUF,canonical_source_team_frame,10.272501242544546,1.8747296834368097,22.806851196859363,1.0864698721309767
00-0035689,TE,2026,3.3857686959996505,1.5768668202054932,1.5768668202054932,6.161367662210827,False,,,,,,,0.0938143408062522,17.520257364171325,2.1417138294900093,,,2.9349991507787103,False,False,False,Dawson Knox,BUF,veteran_model,True,,False,ACT,2.0,backup,,curated,15.38617922467868,15.38617922467868,0.9,True,2.0,15.38617922467868,,,,,,,,33.21002626467289,231.99810200162543,27.995140482336904,133.52540408900225,2025.0,BUF,canonical_source_team_frame,55.914743485599026,25.556804496131537,102.56413341661695,1.073342348270086
00-0037013,QB,2026,3.3856762933311777,-1.8972133677845104,0.0,13.474987036911532,True,11.696486616835026,1.9221838178341173,6.539730675765925,0.5116280226821482,0.2650613707041991,68.09944726762086,,,,0.0188596949876794,5.11550795247767,,False,False,False,Zach Wilson,NO,veteran_model,True,,True,ACT,,deep_bench,,deep_bench_discounted,1.0575184107177955,1.0575184107177955,0.84,True,3.0,1.0575184107177955,,,,,,,,34.20105181449663,231.16042627321303,26.953986866698717,109.11968596923658,2025.0,NO,canonical_source_team_frame,3.469560741804188,0.0,12.044628491192158,0.9690387089976906
00-0039066,TE,2026,3.3854879597293914,1.5762973475268471,1.5762973475268471,6.161086925940568,False,,,,,,,0.0938624635409833,18.10937984313053,2.022750388340877,,,2.9202794637935887,False,False,False,Michael Mayer,LV,veteran_model,True,,False,ACT,2.0,backup,,curated,12.854809435231406,12.854809435231406,0.9,True,2.0,12.854809435231406,,,,,,,,33.852695887179124,214.57281927994063,25.407262691012978,101.26520419334778,2025.0,LV,canonical_source_team_frame,52.94931814219012,25.498194800495003,95.20891379222778,1.2166718371470828
00-0037801,WR,2026,3.381188160104285,0.5230429336272039,0.5230429336272039,7.4899422421914075,False,,,,,,,0.1374174070694318,17.395035309546294,1.6343603734661285,,,2.5384035713905795,False,False,False,KaVontae Turpin,DAL,veteran_model,True,,False,ACT,,deep_bench,,deep_bench_discounted,5.754985022474807,5.754985022474807,1.0,False,4.0,5.754985022474807,,,,,,,,34.848900159202955,250.0561914085082,26.916637322594877,120.71500490898477,2025.0,DAL,canonical_source_team_frame,20.279005215973484,3.1112627218096183,45.01472332814034,1.0421569033485052
00-0029892,RB,2026,3.376740458643141,0.1795905226149339,0.1795905226149339,9.78484659190056,False,,2.3765603994205664,,,,,0.0591553741702132,7.42008111970535,0.9342465072993784,0.1186778213859756,11.00609919685784,1.206252753359944,False,False,False,Kyle Juszczyk,SF,veteran_model,True,,False,ACT,,deep_bench,,deep_bench_discounted,4.462897113271014,4.462897113271014,0.86,True,,4.462897113271014,,,,,,,,34.24811794566182,240.1230793683237,26.942362571611483,112.8480179305098,2025.0,SF,canonical_source_team_frame,15.814197059276594,0.8939422209356815,45.42023587151562,1.0493795341704413
00-0041217,RB,2026,3.3602152562929204,0.0,0.0,8.956928571428572,False,,3.907144370771919,,,,,0.01923205885553,5.4068384347161285,0.739336264492642,0.1245314877318371,15.87282001050784,0.9772861730581592,False,False,False,J'Mari Taylor,JAX,rookie_rule,True,udfa,False,,,deep_bench,,deep_bench_discounted,0.71,0.71,1.0,False,6.0,0.71,above_median,,off_chart,1.0,False,300.0,False,,,,,,,,2.4629259323229133,0.0,6.58204296280414,1.0323474834948767
00-0041178,RB,2026,3.3602152562929204,0.0,0.0,8.956928571428572,False,,3.907144370771919,,,,,0.01923205885553,5.4068384347161285,0.739336264492642,0.1245314877318371,15.87282001050784,0.9772861730581592,False,False,False,Robert Henry Jr.,WAS,rookie_rule,True,udfa,False,,,deep_bench,,deep_bench_discounted,0.71,0.71,1.0,False,6.0,0.71,above_median,,off_chart,1.0,False,300.0,False,,,,,,,,2.359533031184074,0.0,6.281306215135157,0.9890098419112968
00-0039424,WR,2026,3.3520108938844677,0.7052757248937119,0.7052757248937119,7.460764975971591,False,,,,,,,0.1021823974883776,19.533059701672038,1.5712210775739963,,,2.5108740656898902,False,False,False,Devaughn Vele,NO,veteran_model,True,,False,ACT,3.0,starter,SWR,curated,12.458125520174471,12.458125520174471,0.97,True,3.0,12.458125520174471,,,,,,,,34.20105181449663,231.16042627321303,26.953986866698717,109.11968596923658,2025.0,NO,canonical_source_team_frame,43.443243038327076,9.2965987293123,95.87462866928215,1.0403132124078063
00-0031237,QB,2026,3.347847409635843,-1.3336880635781758,0.0,12.87363284900986,True,7.795026113075535,1.0756892552816235,4.4529509970123895,0.2298653705789809,0.3439510852782129,49.35446502877742,,,,0.0415542416473,2.082697586460564,,False,False,False,Teddy Bridgewater,DET,veteran_model,True,,True,ACT,,deep_bench,,deep_bench_discounted,1.446009487176081,1.446009487176081,0.77,True,2.0,1.446009487176081,,,,,,,,33.92979712201368,246.18859977155995,26.79038838236451,118.19015619651694,2025.0,DET,canonical_source_team_frame,4.988921406611165,0.0,17.12269370251145,1.0305518914751912
00-0037742,WR,2026,3.345128079210524,0.4813786000329127,0.4813786000329127,7.4538821612976465,False,,,,,,,0.1383514491861869,18.10541916337528,1.4089549355117486,,,2.428199755220068,False,False,False,Treylon Burks,WAS,veteran_model,True,,False,ACT,,deep_bench,,deep_bench_discounted,3.4405568623449594,3.4405568623449594,1.0,False,4.0,3.4405568623449594,,,,,,,,32.67019161591956,214.9395285925804,27.26986368464489,124.1188052104396,2025.0,WAS,canonical_source_team_frame,10.97064609272504,1.6187412917001558,24.317023453235876,0.9532146633502074
00-0033307,WR,2026,3.322496353301412,0.566578713791965,0.566578713791965,7.431250435388535,False,,,,,,,0.1203794759081596,19.4049990258854,1.3194391905278289,,,2.073455615044366,False,False,False,Kendrick Bourne,ARI,veteran_model,True,,True,ACT,3.0,starter,SWR,curated,12.761669584878772,12.761669584878772,0.97,True,3.0,12.761669584878772,,,,,,,,36.21396386313722,240.76907152016224,24.98965667674017,107.79270996792926,2025.0,ARI,canonical_source_team_frame,44.658613579062155,7.750881972183508,99.34492032007674,1.0532542673036316
00-0039798,RB,2026,3.3132322259149367,0.0963060293813706,0.0963060293813706,9.721338359172357,False,,2.562142487629342,,,,,0.0246891181280267,5.384519195547052,0.991974947869175,0.1254785842748685,13.777866180082729,1.2352468493538804,False,False,False,Isaiah Davis,NYJ,veteran_model,True,,False,ACT,,deep_bench,,deep_bench_discounted,5.544443724846231,5.544443724846231,0.73,True,3.0,5.544443724846231,,,,,,,,32.40798584142275,201.1286429616928,27.4687300259872,119.28333380861694,2025.0,NYJ,canonical_source_team_frame,17.9231053496642,0.4926618837267602,52.640062213687536,0.9756710096054537
00-0035100,QB,2026,3.278404456265676,-1.5828020373611182,0.0,13.053303869422635,True,8.98942327855931,1.5469817793667582,5.676361441664963,0.3544223574704522,0.2315769569520943,61.324474176595146,,,,0.058947951953273,2.542746646147593,,False,False,False,Jake Browning,TB,veteran_model,True,,True,ACT,2.0,backup,,curated,6.532094693851412,6.532094693851412,0.77,True,2.0,6.532094693851412,,,,,,,,33.5451456097649,223.7139473344186,27.71485631665953,117.7146256375168,2025.0,TB,canonical_source_team_frame,20.04927848069869,0.0,71.37698962104173,0.9362325686430895
00-0041483,TE,2026,3.274734215999209,0.39388235294117646,0.39388235294117646,6.8580000000000005,False,,,,,,,0.1353072078567057,16.792524599503796,1.56727701781719,,,2.3619366709330847,False,False,False,Eli Stowers,PHI,rookie_rule,True,drafted,False,,,deep_bench,,deep_bench_discounted,6.0,12.465116279069768,1.0,False,2.0,6.0,above_median,,off_chart,1.0,False,4.0,True,,,,,,,,21.879780601542173,2.671012948872253,45.86431117985939,1.113565211625684
00-0041558,TE,2026,3.274734215999209,0.39388235294117646,0.39388235294117646,6.8580000000000005,False,,,,,,,0.1353072078567057,16.792524599503796,1.56727701781719,,,2.3619366709330847,False,False,False,Sam Roush,CHI,rookie_rule,True,drafted,False,,,deep_bench,,deep_bench_discounted,6.0,12.465116279069768,1.0,False,3.0,6.0,above_median,,off_chart,1.0,False,4.0,True,,,,,,,,20.584531893392274,2.437515630044883,43.08571620323199,1.0476438969623565
00-0038102,QB,2026,3.2741173135329524,-1.4929747966530305,0.0,12.959189485981826,True,10.24813048711222,1.4513495506283212,5.3015648319230335,0.3095087371164082,0.2260326873702909,64.84382625946657,,,,0.0329114630824808,1.9778220941105795,,False,False,False,Kenny Pickett,CAR,veteran_model,True,,True,ACT,2.0,backup,,curated,4.848220952867177,4.848220952867177,0.77,True,2.0,4.848220952867177,,,,,,,,33.08175557965288,214.53923085029223,26.97977516063293,116.45258332427316,2025.0,CAR,canonical_source_team_frame,15.039438525419019,0.0,53.741055558264854,0.9474471250770603
00-0036423,TE,2026,3.27095047644719,1.4114913838607774,1.4114913838607774,6.046549442658367,False,,,,,,,0.1022405436049615,14.627611295516855,2.389492170531472,,,4.184311596423797,False,False,False,Albert Okwuegbunam,LV,veteran_model,True,,False,ACT,,deep_bench,,deep_bench_discounted,4.630437759023367,4.630437759023367,1.0,False,5.0,4.630437759023367,,,,,,,,33.852695887179124,214.57281927994063,25.407262691012978,101.26520419334778,2025.0,LV,canonical_source_team_frame,18.248431916618337,8.126219088613293,33.47078339253281,1.204840428499157
00-0040131,WR,2026,3.2384770880084965,0.5508938799390374,0.5508938799390374,7.347231170095618,False,,,,,,,0.1089904040014948,19.01138234308429,1.366792859382197,,,2.476440382973701,False,False,False,Kyle Williams,NE,veteran_model,True,,False,ACT,,deep_bench,,deep_bench_discounted,4.849437675917464,4.849437675917464,0.94,True,6.0,4.849437675917464,,,,,,,,33.746856976402874,243.7564166874116,26.990735238510595,121.6874228230549,2025.0,NE,canonical_source_team_frame,14.919025955069882,2.512027604675844,33.96533249930237,0.9499664301235039
00-0040878,RB,2026,3.2173673925403623,0.07982424759298533,0.07982424759298533,7.715715407341376,False,,3.876255984153474,,,,,0.0323427513388998,5.631697770855965,0.7487737733880231,0.0927728480022415,15.291171327139068,0.9825714682293902,False,False,False,Mike Washington Jr.,LV,rookie_rule,True,drafted,False,,2.0,committee,,rookie_path,12.294117647058824,12.294117647058824,1.0,False,,12.294117647058824,above_median,2.0,rank_2,0.7210862474524415,False,17.0,False,,,,,,,,42.509792459278906,0.9813686909961137,101.41459501767667,1.074709193263572
00-0035250,RB,2026,3.2058189676746487,0.0,0.0,9.613925100932068,False,,3.875843077373405,,,,,0.016412012295453,4.796283726205084,0.6632241942417101,0.1161835346036084,15.990052165389166,0.7738247927892297,False,False,False,Devin Singletary,NYG,veteran_model,True,,False,ACT,,deep_bench,,deep_bench_discounted,4.869082985375058,4.869082985375058,0.73,True,3.0,4.869082985375058,,,,,,,,33.24318823444577,223.72200991226288,27.969267844990632,122.67699998352342,2025.0,NYG,canonical_source_team_frame,15.260962541882655,0.0,45.62683150166529,0.9776778044450355
00-0040669,WR,2026,3.1953517042592594,0.31495812469610523,0.31495812469610523,7.3041057863463825,False,,,,,,,0.1411254659171108,17.058559328000346,1.2854859519131203,,,2.1138544389615257,False,False,False,Isaac TeSlaa,DET,veteran_model,True,,False,ACT,3.0,starter,SWR,curated,12.893436291454888,12.893436291454888,0.97,True,3.0,12.893436291454888,,,,,,,,33.92979712201368,246.18859977155995,26.79038838236451,118.19015619651694,2025.0,DET,canonical_source_team_frame,40.25699168372864,3.9399979508383716,92.02744110625012,0.9771336564237474
00-0036290,TE,2026,3.189616263136845,1.4498429251200873,1.4498429251200873,5.965215229348021,False,,,,,,,0.0822929178433523,18.194185349085465,1.75288044233637,,,2.599423408031062,False,False,False,Cole Kmet,CHI,veteran_model,True,,False,ACT,2.0,backup,,curated,14.441426646217463,14.441426646217463,0.9,True,2.0,14.441426646217463,,,,,,,,33.73805380586444,231.6076855324185,27.696271758130365,127.85601286134172,2025.0,CHI,canonical_source_team_frame,47.95630032805863,21.56020748714782,90.10954033874712,1.0411112410569787
00-0038555,RB,2026,3.188843968894897,0.0,0.0,9.596950102152316,False,,4.806800046157405,,,,,0.0004624957651948,4.154911184766736,0.754536736704672,0.0977658492430773,18.06714412016255,0.9599726713955126,False,False,False,Tank Bigsby,PHI,veteran_model,True,,False,ACT,2.0,committee,,curated,9.37157013241494,9.37157013241494,0.98,True,2.0,9.37157013241494,,,,,,,,32.80438240429993,217.8739687342708,27.51020727894377,118.95507060419128,2025.0,PHI,canonical_source_team_frame,30.864920810875027,0.0,93.17389032489089,1.0328078682481718
00-0040581,WR,2026,3.1838099093301664,0.23093297323308049,0.23093297323308049,7.292563991417289,False,,,,,,,0.1776148206834475,15.41966134688558,1.1523097010818466,,,2.0769236102047826,False,False,False,Dont'e Thornton Jr.,LV,veteran_model,True,,False,ACT,,deep_bench,,deep_bench_discounted,4.271857364973688,4.271857364973688,1.0,False,4.0,4.271857364973688,,,,,,,,33.852695887179124,214.57281927994063,25.407262691012978,101.26520419334778,2025.0,LV,canonical_source_team_frame,16.035524383026328,1.1277056095082079,36.67254811981892,1.1790148983505533
00-0040237,WR,2026,3.1693623629967025,0.4547003949975321,0.4547003949975321,7.278116445083826,False,,,,,,,0.1135035306564468,18.095043552154326,1.3576736476851785,,,2.149732628531951,False,False,False,Tez Johnson,TB,veteran_model,True,,False,ACT,,deep_bench,,deep_bench_discounted,4.513218866959912,4.513218866959912,0.86,True,5.0,4.513218866959912,,,,,,,,33.5451456097649,223.7139473344186,27.71485631665953,117.7146256375168,2025.0,TB,canonical_source_team_frame,15.209943786486367,2.2192140023289784,34.7686701213545,1.0633330625069757
00-0034577,QB,2026,3.169353425002492,-1.2514962661722961,0.0,12.612947066970632,True,9.21758711662277,0.8866708183057798,5.255392108380297,0.188769471876041,0.3130090770967431,43.62919093370183,,,,0.0421339674701952,2.9688461819835728,,False,False,False,Kyle Allen,BUF,veteran_model,True,,True,ACT,2.0,backup,,curated,4.184319984781939,4.184319984781939,0.77,True,2.0,4.184319984781939,,,,,,,,33.21002626467289,231.99810200162543,27.995140482336904,133.52540408900225,2025.0,BUF,canonical_source_team_frame,11.954721668747844,0.0,43.314831153750745,0.9014547036076944
00-0041485,RB,2026,3.111310422493445,0.0,0.0,8.293452380952381,False,,3.617726269233258,,,,,0.0178074619032685,5.006331883996415,0.6845706152709647,0.1153069330850344,14.697055565285035,0.9048946046834808,False,False,False,Miles Davis,CAR,rookie_rule,True,udfa,False,,,deep_bench,,deep_bench_discounted,0.71,0.71,1.0,False,6.0,0.71,no_data,,off_chart,1.0,False,300.0,False,,,,,,,,2.2437213893396395,0.0,5.97965994528208,1.0157041701960094
00-0040964,RB,2026,3.111310422493445,0.0,0.0,8.293452380952381,False,,3.617726269233258,,,,,0.0178074619032685,5.006331883996415,0.6845706152709647,0.1153069330850344,14.697055565285035,0.9048946046834808,False,False,False,EJ Smith,KC,rookie_rule,True,udfa,False,,,deep_bench,,deep_bench_discounted,0.71,0.71,1.0,False,6.0,0.71,no_data,,off_chart,1.0,False,300.0,False,,,,,,,,2.401993829798438,0.0,6.420508243786161,1.0873520934029164
00-0040959,RB,2026,3.111310422493445,0.0,0.0,8.293452380952381,False,,3.617726269233258,,,,,0.0178074619032685,5.006331883996415,0.6845706152709647,0.1153069330850344,14.697055565285035,0.9048946046834808,False,False,False,Jaydn Ott,KC,rookie_rule,True,udfa,False,,,deep_bench,,deep_bench_discounted,0.71,0.71,1.0,False,5.0,0.71,no_data,,off_chart,1.0,False,300.0,False,,,,,,,,2.401993829798438,0.0,6.420508243786161,1.0873520934029164
00-0041433,RB,2026,3.111310422493445,0.0,0.0,8.293452380952381,False,,3.617726269233258,,,,,0.0178074619032685,5.006331883996415,0.6845706152709647,0.1153069330850344,14.697055565285035,0.9048946046834808,False,False,False,Kadarius Calloway,TB,rookie_rule,True,udfa,False,,,deep_bench,,deep_bench_discounted,0.71,0.71,1.0,False,5.0,0.71,no_data,,off_chart,1.0,False,300.0,False,,,,,,,,2.2531851676157224,0.0,6.007171025386638,1.0199883023999892
00-0041191,RB,2026,3.111310422493445,0.0,0.0,8.293452380952381,False,,3.617726269233258,,,,,0.0178074619032685,5.006331883996415,0.6845706152709647,0.1153069330850344,14.697055565285035,0.9048946046834808,False,False,False,Cash Jones,ATL,rookie_rule,True,udfa,False,,,deep_bench,,deep_bench_discounted,0.71,0.71,1.0,False,5.0,0.71,no_data,,off_chart,1.0,False,300.0,False,,,,,,,,2.214676264404569,0.0,5.8938863023336445,1.0025558111080313
00-0040946,RB,2026,3.111310422493445,0.0,0.0,8.293452380952381,False,,3.617726269233258,,,,,0.0178074619032685,5.006331883996415,0.6845706152709647,0.1153069330850344,14.697055565285035,0.9048946046834808,False,False,False,Jaden Nixon,GB,rookie_rule,True,udfa,False,,,deep_bench,,deep_bench_discounted,0.71,0.71,1.0,False,6.0,0.71,no_data,,off_chart,1.0,False,300.0,False,,,,,,,,2.2839414452394706,0.0,6.099800967030726,1.0339112785727755
00-0041307,RB,2026,3.111310422493445,0.0,0.0,8.293452380952381,False,,3.617726269233258,,,,,0.0178074619032685,5.006331883996415,0.6845706152709647,0.1153069330850344,14.697055565285035,0.9048946046834808,False,False,False,Joshua Pitsenberger,HOU,rookie_rule,True,udfa,False,,,deep_bench,,deep_bench_discounted,0.71,0.71,1.0,False,,0.71,no_data,,off_chart,1.0,False,300.0,False,,,,,,,,2.278626910129273,0.0,6.084973013454601,1.0315054560407413
00-0041312,RB,2026,3.111310422493445,0.0,0.0,8.293452380952381,False,,3.617726269233258,,,,,0.0178074619032685,5.006331883996415,0.6845706152709647,0.1153069330850344,14.697055565285035,0.9048946046834808,False,False,False,Noah Whittington,HOU,rookie_rule,True,udfa,False,,,deep_bench,,deep_bench_discounted,0.71,0.71,1.0,False,5.0,0.71,no_data,,off_chart,1.0,False,300.0,False,,,,,,,,2.278626910129273,0.0,6.084973013454601,1.0315054560407413
00-0038976,WR,2026,3.1068712113363848,0.3976490937882059,0.3976490937882059,7.215625293423509,False,,,,,,,0.1125968889146149,16.84674107511067,1.493231540675257,,,2.3065399634617245,False,False,False,Marvin Mims Jr.,DEN,veteran_model,True,,False,ACT,3.0,starter,SWR,curated,11.513364690395996,11.513364690395996,0.86,True,5.0,11.513364690395996,,,,,,,,34.86578769636352,230.0781619883208,26.560893200255972,117.8845379552942,2025.0,DEN,canonical_source_team_frame,39.616209011398134,5.033644216272084,92.24557312027335,1.1075093518071126
00-0040138,WR,2026,3.1009265003384527,0.5260708984797028,0.5260708984797028,7.209680582425574,False,,,,,,,0.0902024696330433,17.5131259761571,1.616798169848965,,,2.6403556293368227,False,False,False,Jaylin Noel,HOU,veteran_model,True,,False,ACT,3.0,starter,SWR,curated,13.676146903882554,13.676146903882554,0.97,True,3.0,13.676146903882554,,,,,,,,34.321125448974,230.7196594149492,27.0161290584345,113.89625214465636,2025.0,HOU,canonical_source_team_frame,47.13078296179683,7.885361776474884,110.30631428259127,1.1113463433280353
00-0033885,TE,2026,3.080811053032145,1.0539609797907201,1.0539609797907201,5.856410019243322,False,,,,,,,0.1343619743182707,14.882162934380103,1.572845827369021,,,2.4340018137697617,False,False,False,David Njoku,LAC,veteran_model,True,,True,ACT,,deep_bench,,deep_bench_discounted,5.603505061674901,5.603505061674901,0.9,True,2.0,5.603505061674901,,,,,,,,34.81078054136303,231.0075612183065,26.604787498731607,118.73875848668648,2025.0,LAC,canonical_source_team_frame,19.659779002483177,6.623222722527762,37.42537547423121,1.1388166268509812
00-0037838,TE,2026,3.03354834831827,1.1243122757172372,1.1243122757172372,5.809147314529447,False,,,,,,,0.1105367069407314,15.189386194799594,1.7027789743878434,,,2.4483164246776226,False,False,False,Isaiah Likely,NYG,veteran_model,False,,True,ACT,1.0,starter,,curated,13.37136920761494,13.37136920761494,1.0,False,1.0,13.37136920761494,,,,,,,,33.24318823444577,223.72200991226288,27.969267844990632,122.67699998352342,2025.0,NYG,canonical_source_team_frame,37.39332210323222,13.92003622969893,71.62198262250038,0.921864834837202
00-0041524,TE,2026,3.0321613111103787,0.36470588235294116,0.36470588235294116,6.3500000000000005,False,,,,,,,0.1252844517191719,15.54863388842944,1.4511824239048057,,,2.186978399012115,False,False,False,Will Kacmarek,MIA,rookie_rule,True,drafted,False,,2.0,backup,,rookie_path,14.36842105263158,14.36842105263158,1.0,False,2.0,14.36842105263158,no_data,2.0,rank_2,1.0,False,19.0,False,,,,,,,,28.247679891325323,3.395224899492015,59.114644153395545,0.6483677949945144
00-0040406,WR,2026,3.01608926258784,0.1986731105467132,0.1986731105467132,7.124843344674963,False,,,,,,,0.1399214806656666,13.744975455556116,1.6041256660764576,,,2.3443275119273426,False,False,False,Quentin Skinner,NYJ,veteran_model,True,,False,RES,,deep_bench,,deep_bench_discounted,4.045908788162326,4.045908788162326,0.94,True,14.0,4.045908788162326,,,,,,,,32.40798584142275,201.1286429616928,27.4687300259872,119.28333380861694,2025.0,NYJ,canonical_source_team_frame,11.369884010575497,0.7416392136488935,26.864606483586215,0.931742179049514
00-0041239,RB,2026,3.011361089997892,0.0,0.0,8.027029261109673,False,,3.5015085742236725,,,,,0.0172354058596786,4.845505909693397,0.6625791175574168,0.1116027540000293,14.224919810915967,0.8758253060808495,False,False,False,Chip Trayanum,NYJ,rookie_rule,True,udfa,False,,,deep_bench,,deep_bench_discounted,0.71,0.71,1.0,False,6.0,0.71,no_data,,off_chart,0.967875486877503,False,300.0,False,,,,,,,,2.094538204908086,0.0,5.577981193803132,0.9796413387714205
00-0041200,RB,2026,3.011361089997892,0.0,0.0,8.027029261109673,False,,3.5015085742236725,,,,,0.0172354058596786,4.845505909693397,0.6625791175574168,0.1116027540000293,14.224919810915967,0.8758253060808495,False,False,False,Sam Scott,NYJ,rookie_rule,True,udfa,False,,,deep_bench,,deep_bench_discounted,0.71,0.71,1.0,False,5.0,0.71,no_data,,off_chart,0.967875486877503,False,300.0,False,,,,,,,,2.094538204908086,0.0,5.577981193803132,0.9796413387714205
00-0036755,RB,2026,2.998651249935132,0.0,0.0,9.406757383192552,False,,4.174329004411803,,,,,0.0078505313491349,2.99852706395381,0.3818724044501185,0.1179422141028944,17.53105868602516,0.4873017411363883,False,False,False,Jaret Patterson,LAC,veteran_model,True,,False,ACT,,deep_bench,,deep_bench_discounted,2.7726856091533443,2.7726856091533443,0.7,True,4.0,2.7726856091533443,,,,,,,,34.81078054136303,231.0075612183065,26.604787498731607,118.73875848668648,2025.0,LAC,canonical_source_team_frame,8.50176026926254,0.0,27.102475723326016,1.0225446176661328
00-0040238,RB,2026,2.9788220930938762,0.0,0.0,9.386928226351294,False,,2.941070840590071,,,,,0.0197683228075292,3.940674324612551,0.517367568702869,0.1010437860885479,16.01198222904724,0.7112174799878553,False,False,False,LeQuint Allen Jr.,JAX,veteran_model,True,,False,ACT,,deep_bench,,deep_bench_discounted,2.365238037167798,2.365238037167798,0.73,True,3.0,2.365238037167798,,,,,,,,34.281611997177656,230.8787037290612,27.439030345261777,117.85703830149006,2025.0,JAX,canonical_source_team_frame,7.249704582847345,0.0,23.068077686672204,1.028965678836522
00-0041395,TE,2026,2.966134723990829,0.35676425846045434,0.35676425846045434,6.2117260807751675,False,,,,,,,0.1225563301196216,15.210055849634925,1.4195823166192134,,,2.139356025076453,False,False,False,Eli Raridon,NE,rookie_rule,True,drafted,False,,2.0,backup,,rookie_path,14.36842105263158,14.36842105263158,1.0,False,2.0,14.36842105263158,above_median,2.0,rank_2,0.9057634996755858,False,19.0,False,,,,,,,,40.587363092739295,4.836936286803454,84.97641241639761,0.9523375695242507
00-0035208,WR,2026,2.946397329843787,0.3237838215723446,0.3237838215723446,7.055151411930911,False,,,,,,,0.0981621207018254,15.500992776671888,1.614650655931291,,,2.1683454673579083,False,False,False,Olamide Zaccheaus,ATL,veteran_model,True,,True,ACT,3.0,starter,SWR,curated,13.665894766770377,13.665894766770377,0.97,True,3.0,13.665894766770377,,,,,,,,33.103579364958776,223.6760928436624,27.565529595779655,121.0212845239931,2025.0,ATL,canonical_source_team_frame,40.10937221859179,4.485517387105849,94.70212422761489,0.9961310560246154
00-0036244,TE,2026,2.9441520586191,1.0018876826626582,1.0018876826626582,5.719751024830277,False,,,,,,,0.116041424166633,14.129436223911911,1.6699197824562215,,,2.1983624760997764,False,False,False,Colby Parkinson,LA,veteran_model,False,,False,ACT,1.0,starter,,curated,14.391458740072697,14.391458740072697,1.0,False,1.0,14.391458740072697,,,,,,,,34.82389907724694,249.40392878109915,26.59195903329525,121.3859631065696,2025.0,LA,canonical_source_team_frame,47.4879809017347,16.5279770699169,91.97057031987924,1.1207755577506784
00-0034775,WR,2026,2.9424447751950247,0.21987469980574045,0.21987469980574045,7.051198857282148,False,,,,,,,0.1148215485547991,15.2995614334044,1.4471186810515804,,,2.284935088169308,False,False,False,Christian Kirk,SF,veteran_model,True,,True,ACT,,deep_bench,,deep_bench_discounted,2.518605653773646,2.518605653773646,0.97,True,3.0,2.518605653773646,,,,,,,,34.24811794566182,240.1230793683237,26.942362571611483,112.8480179305098,2025.0,SF,canonical_source_team_frame,8.22419351876063,0.6112190940655086,19.68418216877945,1.109749163579968
00-0039921,RB,2026,2.900998363114617,0.0437037132270122,0.0437037132270122,9.309104496372036,False,,2.919847207701913,,,,,0.0525001282880932,5.825788721298643,0.8867703155604582,0.0609552145481399,11.943022761871251,1.0365671094590645,False,False,False,Trey Benson,ARI,veteran_model,True,,False,ACT,,deep_bench,,deep_bench_discounted,2.6095465116901138,2.6095465116901138,0.7,True,4.0,2.6095465116901138,,,,,,,,36.21396386313722,240.76907152016224,24.98965667674017,107.79270996792926,2025.0,ARI,canonical_source_team_frame,7.746703400300404,0.12115230196008084,24.732907003587435,1.0233033658833912
00-0037666,WR,2026,2.832570666256951,0.0570073423413849,0.0570073423413849,6.941324748344073,False,,,,,,,0.1409564889247435,13.264346678755892,1.320794129665801,,,2.142039952462198,False,False,False,Jalen Tolbert,MIA,veteran_model,False,,True,ACT,1.0,starter,LWR,curated,12.8847482871155,12.8847482871155,1.0,False,2.0,12.8847482871155,,,,,,,,32.35681053457549,214.6121451327766,26.7390775924456,118.26868781082813,2025.0,MIA,canonical_source_team_frame,23.632581168822604,0.46086030245515014,57.95944845528982,0.6475219071067859
00-0041037,WR,2026,2.8272236391036785,0.44524283917685137,0.44524283917685137,6.141371968052729,False,,,,,,,0.1033806713554201,15.959689668100388,1.2219412883222385,,,1.981635286332064,False,False,False,Denzel Boston,CLE,rookie_rule,True,drafted,False,,1.0,starter,,rookie_path,13.830188679245284,13.830188679245284,1.0,False,3.0,13.830188679245284,below_median,2.0,rank_2,0.6154126395006377,False,53.0,False,,,,,,,,22.73509701055856,3.7339816231046594,48.788182621096375,0.5814448700805953
00-0032775,WR,2026,2.819259323305896,0.0,0.0,6.928013405393019,False,,,,,,,0.1430022240250872,14.105635655793938,1.1013648271519585,,,1.804287342067075,False,False,False,Demarcus Robinson,SF,veteran_model,True,,False,ACT,,deep_bench,,deep_bench_discounted,2.627903437437697,2.627903437437697,0.94,True,6.0,2.627903437437697,,,,,,,,34.24811794566182,240.1230793683237,26.942362571611483,112.8480179305098,2025.0,SF,canonical_source_team_frame,8.215306442248812,0.0,20.172614455616763,1.1088666949574093
00-0039074,TE,2026,2.8078264609038,0.7857177907949733,0.7857177907949733,5.583425427114976,False,,,,,,,0.1293488065253638,13.764922030347892,1.310482837433656,,,1.8460751708967609,False,False,False,Davis Allen,LA,veteran_model,True,,False,ACT,,deep_bench,,deep_bench_discounted,5.680459221881851,5.680459221881851,1.0,False,5.0,5.680459221881851,,,,,,,,34.82389907724694,249.40392878109915,26.59195903329525,121.3859631065696,2025.0,LA,canonical_source_team_frame,17.81090137568663,5.119955268195353,35.36864446742041,1.1166888757498692
00-0039739,WR,2026,2.800021050934708,0.2089350957875219,0.2089350957875219,6.90877513302183,False,,,,,,,0.0929075285144494,15.992840528081448,1.2865836540797335,,,1.9927699342878735,False,False,False,Roman Wilson,PIT,veteran_model,True,,False,ACT,3.0,starter,SWR,curated,12.227814134208922,12.227814134208922,0.97,True,3.0,12.227814134208922,,,,,,,,33.52835881566065,220.6188474788981,26.553754211808798,113.31380639380768,2025.0,PIT,canonical_source_team_frame,35.40450332571693,2.6393466695387184,87.14591087733967,1.0340662911537584
00-0039355,WR,2026,2.7773165966732183,0.07365272018302009,0.07365272018302009,6.886070678760341,False,,,,,,,0.1116705154049514,14.871335443580122,1.240319919770995,,,2.218857739023312,False,False,False,Luke McCaffrey,WAS,veteran_model,True,,False,ACT,3.0,starter,SWR,curated,11.524151154993811,11.524151154993811,0.97,True,3.0,11.524151154993811,,,,,,,,32.67019161591956,214.9395285925804,27.26986368464489,124.1188052104396,2025.0,WAS,canonical_source_team_frame,30.523741743780857,0.8293399442960552,75.22745577258661,0.953681668921299
00-0040522,WR,2026,2.7759495761770925,0.26025518763731437,0.26025518763731437,6.884703658264216,False,,,,,,,0.0803422674132147,15.521402965749436,1.483511350245721,,,2.326036196881188,False,False,False,Xavier Restrepo,TEN,veteran_model,True,,False,ACT,,deep_bench,,deep_bench_discounted,2.174366122586883,2.174366122586883,0.94,True,9.0,2.174366122586883,,,,,,,,33.99018441127937,212.01753019527845,25.99058571793473,108.16497271051462,2025.0,TEN,canonical_source_team_frame,5.924299508089307,0.5578323764351643,14.656189572334915,0.981505551736145
00-0039451,WR,2026,2.768388158693857,0.2159626920827704,0.2159626920827704,6.87714224078098,False,,,,,,,0.1167634668103019,12.484549432577593,1.638704829148572,,,2.1122392949743465,False,False,False,Isaiah Williams,NYJ,veteran_model,True,,False,ACT,,deep_bench,,deep_bench_discounted,4.358725037885663,4.358725037885663,0.86,True,5.0,4.358725037885663,,,,,,,,32.40798584142275,201.1286429616928,27.4687300259872,119.28333380861694,2025.0,NYJ,canonical_source_team_frame,11.24203773118654,0.8685117760611765,27.934760759398273,0.9316624295917261
00-0032392,TE,2026,2.7358770508272707,0.9422343444929593,0.9422343444929593,5.511476017038447,False,,,,,,,0.0912711458962779,14.87670603298348,1.4011591443025104,,,1.9658824822852012,False,False,False,Austin Hooper,ATL,veteran_model,True,,True,ACT,,deep_bench,,deep_bench_discounted,6.0,6.23119487337249,0.9,True,2.0,6.0,,,,,,,,33.103579364958776,223.6760928436624,27.565529595779655,121.0212845239931,2025.0,ATL,canonical_source_team_frame,16.37020144678116,5.861585274863183,32.66392398780808,0.9972549413256198
00-0040466,RB,2026,2.7357651393242923,0.0,0.0,9.143871272581713,False,,4.198882103779509,,,,,0.0112225600611598,3.212828374827561,0.346490866781676,0.1081640047663899,15.249174794854,0.4192025298361793,False,False,False,Raheim Sanders,CLE,veteran_model,True,,False,ACT,,deep_bench,,deep_bench_discounted,2.089403013735628,2.089403013735628,0.73,True,3.0,2.089403013735628,,,,,,,,33.8207695174603,210.10348431687345,26.544928262008405,109.302851392357,2025.0,CLE,canonical_source_team_frame,5.2373925949664955,0.0,16.715305472237127,0.9162502408757612
00-0040649,RB,2026,2.7347111239659654,0.0,0.0,9.142817257223383,False,,2.112730450897449,,,,,0.0236811389809742,4.113571740954133,0.6443509046933461,0.0874044997075499,13.34664665392734,0.7166077713486309,False,False,False,Robbie Ouzts,SEA,veteran_model,True,,False,ACT,,deep_bench,,deep_bench_discounted,2.754403483764565,2.754403483764565,0.86,True,,2.754403483764565,,,,,,,,32.225845759159824,233.1409897885389,27.9379864119506,119.71889503194852,2025.0,SEA,canonical_source_team_frame,7.440286297434696,0.0,24.933520148794365,0.9877581711431477
00-0040737,TE,2026,2.722070189737374,0.8987980579845594,0.8987980579845594,5.49766915594855,False,,,,,,,0.0962093834660284,14.461885213849069,1.3972507351125931,,,1.819087657264461,False,False,False,Terrance Ferguson,LA,veteran_model,True,,False,ACT,,deep_bench,,deep_bench_discounted,5.256704977411274,5.256704977411274,0.83,True,3.0,5.256704977411274,,,,,,,,34.82389907724694,249.40392878109915,26.59195903329525,121.3859631065696,2025.0,LA,canonical_source_team_frame,16.078913019405654,5.419456662941289,32.326873245383496,1.1236828760001882
00-0035264,QB,2026,2.6870507696212114,-1.3550126291305404,0.0,12.234160774547593,True,9.917193723286,0.7283659096818578,5.83610221767897,0.2405276533551632,0.325181250316873,40.6504898383391,,,,0.0226920007622033,1.0520947695726246,,False,False,False,Jarrett Stidham,DEN,veteran_model,True,,False,ACT,2.0,backup,,curated,3.4942155153360583,3.4942155153360583,0.77,True,2.0,3.4942155153360583,,,,,,,,34.86578769636352,230.0781619883208,26.560893200255972,117.8845379552942,2025.0,DEN,canonical_source_team_frame,8.356185439634176,0.0,34.65462427888688,0.8899846358357689
00-0041047,WR,2026,2.683081067545465,0.42254267251186894,0.42254267251186894,5.828261559619918,False,,,,,,,0.0981099330903322,15.1460042283591,1.1596420923351236,,,1.8806040123600631,False,False,False,Chris Brazzell II,CAR,rookie_rule,True,drafted,False,,,deep_bench,,deep_bench_discounted,6.0,7.888888888888889,1.0,False,13.0,6.0,no_data,,off_chart,0.5489943774515404,False,9.0,False,,,,,,,,16.861431710459982,2.699290016226933,36.44881393696789,1.047392362609773
00-0040164,WR,2026,2.667623039955136,0.0,0.0,6.776377122042258,False,,,,,,,0.1427843374587902,13.013621223751931,1.019109785654403,,,1.6561330466378628,False,False,False,Jaylin Lane,WAS,veteran_model,True,,False,ACT,,deep_bench,,deep_bench_discounted,3.5360301331503816,3.5360301331503816,0.94,True,6.0,3.5360301331503816,,,,,,,,32.67019161591956,214.9395285925804,27.26986368464489,124.1188052104396,2025.0,WAS,canonical_source_team_frame,8.927449373714033,0.0,22.644180241227495,0.9464266895256533
00-0036415,WR,2026,2.6580928773798886,0.01755329938788552,0.01755329938788552,6.766846959467012,False,,,,,,,0.1153640530062048,14.478043609568596,1.0362083967716007,,,2.0519347897818894,False,False,False,Van Jefferson,WAS,veteran_model,True,,True,ACT,,deep_bench,,deep_bench_discounted,3.270374286741295,3.270374286741295,0.94,True,7.0,3.270374286741295,,,,,,,,32.67019161591956,214.9395285925804,27.26986368464489,124.1188052104396,2025.0,WAS,canonical_source_team_frame,8.278092550686566,0.05630192736340757,20.964309081115346,0.9522756214018459
00-0037276,RB,2026,2.639774199102619,0.0,0.0,9.047880332360037,False,,3.5845535719667803,,,,,0.0300557646798867,4.670159587056178,0.5189941910365942,0.0387466996532033,15.004463588801642,0.7679635244247747,False,False,False,Ty Chandler,NO,veteran_model,True,,True,ACT,,deep_bench,,deep_bench_discounted,2.190501189799446,2.190501189799446,0.7,True,5.0,2.190501189799446,,,,,,,,34.20105181449663,231.16042627321303,26.953986866698717,109.11968596923658,2025.0,NO,canonical_source_team_frame,5.859659804297545,0.0,20.04074944853476,1.0133562014716968
00-0040547,RB,2026,2.602800148196777,0.0,0.0,9.010906281454197,False,,3.024235555293434,,,,,0.0261883792595896,3.907755090682589,0.5639089511016768,0.086849428867499,12.51843314815148,0.7058999859450843,False,False,False,Nate Carter,ATL,veteran_model,True,,False,ACT,,deep_bench,,deep_bench_discounted,3.108107622949905,3.108107622949905,0.7,True,4.0,3.108107622949905,,,,,,,,33.103579364958776,223.6760928436624,27.565529595779655,121.0212845239931,2025.0,ATL,canonical_source_team_frame,8.074232308714855,0.0,27.855245259330417,0.9980777391747081
00-0038839,WR,2026,2.598946210152125,0.0,0.0,6.707700292239248,False,,,,,,,0.1114130019118367,14.17058925289738,1.026818546782733,,,1.87236888131191,False,False,False,Mitchell Tinsley,CIN,veteran_model,True,,False,ACT,,deep_bench,,deep_bench_discounted,4.931678285354967,4.931678285354967,0.86,True,5.0,4.931678285354967,,,,,,,,35.761155714222895,238.6430156013012,25.12023465395161,107.36930606582474,2025.0,CIN,canonical_source_team_frame,16.33811980135187,0.0,42.05271469826522,1.2747060504657404
00-0035644,TE,2026,2.5971024942331846,0.8434384687373475,0.8434384687373475,5.372701460444361,False,,,,,,,0.0846080324231989,13.401513502103066,1.4986058989673694,,,2.3380641883534232,False,False,False,Noah Fant,NO,veteran_model,True,,True,ACT,2.0,backup,,curated,13.942166343275272,13.942166343275272,0.9,True,2.0,13.942166343275272,,,,,,,,34.20105181449663,231.16042627321303,26.953986866698717,109.11968596923658,2025.0,NO,canonical_source_team_frame,37.629081587040126,12.44492895424861,77.42680632356925,1.0392122783728757
00-0040729,WR,2026,2.5950548788520047,0.0,0.0,6.703808960939128,False,,,,,,,0.1282135643140874,12.25503431581978,1.2005401227710046,,,1.7815520170849872,False,False,False,Jack Bech,LV,veteran_model,True,,False,ACT,3.0,starter,SWR,curated,12.718355821686549,12.718355821686549,0.97,True,3.0,12.718355821686549,,,,,,,,33.852695887179124,214.57281927994063,25.407262691012978,101.26520419334778,2025.0,LV,canonical_source_team_frame,39.127932947642456,0.0,100.56935960602905,1.185521372950249
00-0039356,TE,2026,2.594765946029243,0.7809341326461174,0.7809341326461174,5.3703649122404205,False,,,,,,,0.0946359970710803,12.514171966851343,1.5510655338352537,,,2.1268228231018984,False,False,False,Ja'Tavion Sanders,CAR,veteran_model,True,,False,ACT,2.0,backup,,curated,14.071673554675336,14.071673554675336,0.9,True,2.0,14.071673554675336,,,,,,,,33.08175557965288,214.53923085029223,26.97977516063293,116.45258332427316,2025.0,CAR,canonical_source_team_frame,38.10023180376709,11.64354126547046,78.66608362153977,1.0434789125155723
00-0037741,WR,2026,2.594167088975012,0.0,0.0,6.702921171062135,False,,,,,,,0.1330139675837997,13.152297725956489,0.9617070217531298,,,1.6270106188886255,False,False,False,Jahan Dotson,ATL,veteran_model,False,,True,ACT,2.0,starter,RWR,curated,14.932798531412455,14.932798531412455,1.0,False,2.0,14.932798531412455,,,,,,,,33.103579364958776,223.6760928436624,27.565529595779655,121.0212845239931,2025.0,ATL,canonical_source_team_frame,37.958195313373096,0.0,97.61199632231822,0.9798653603777258
00-0038558,TE,2026,2.5920228910895537,0.910086314022178,0.910086314022178,5.36762185730073,False,,,,,,,0.0726534576851219,14.297994215797369,1.4526054467981706,,,2.1590335432395094,False,False,False,Darnell Washington,PIT,veteran_model,True,,False,ACT,2.0,backup,,curated,13.895916307622604,13.895916307622604,0.9,True,2.0,13.895916307622604,,,,,,,,33.52835881566065,220.6188474788981,26.553754211808798,113.31380639380768,2025.0,PIT,canonical_source_team_frame,37.36440322127981,13.162001085396298,77.184339652341,1.0373660430091156
00-0035537,RB,2026,2.5858011279104502,0.10697644198713015,0.10697644198713015,8.99390726116787,False,,2.068395073827733,,,,,0.029390307767621,6.098474042281368,1.013315773080694,0.0820646845939455,8.005658829725673,1.262969607267705,False,False,False,Ty Johnson,BUF,veteran_model,True,,False,ACT,2.0,committee,,curated,11.864281522137835,11.864281522137835,0.73,True,3.0,11.864281522137835,,,,,,,,33.21002626467289,231.99810200162543,27.995140482336904,133.52540408900225,2025.0,BUF,canonical_source_team_frame,31.67862494824529,1.2794636560850052,109.90772278537446,1.0325943831204558
00-0035704,QB,2026,2.5609463862842463,-1.0192283235798487,0.0,11.772272085659939,True,7.420659540644197,0.824118961168865,3.802208116901948,0.0726355005798173,0.2884477452883915,28.665017325215462,,,,0.0378288268081399,1.788527524328566,,False,False,False,Drew Lock,SEA,veteran_model,True,,False,ACT,2.0,backup,,curated,4.754219821599253,4.754219821599253,0.77,True,2.0,4.754219821599253,,,,,,,,32.225845759159824,233.1409897885389,27.9379864119506,119.71889503194852,2025.0,SEA,canonical_source_team_frame,12.238715596409502,0.0,51.52987591949153,1.005208373830102
00-0037112,TE,2026,2.555667308645204,0.6792899919633129,0.6792899919633129,5.331266274856381,False,,,,,,,0.1050602476208745,11.80673079848708,1.489265486142498,,,2.0445021976830344,False,False,False,Jake Tonges,SF,veteran_model,True,,False,ACT,2.0,backup,,curated,14.732607659595317,14.732607659595317,0.9,True,2.0,14.732607659595317,,,,,,,,34.24811794566182,240.1230793683237,26.942362571611483,112.8480179305098,2025.0,SF,canonical_source_team_frame,41.63859463176556,11.110626926929783,86.92512135253841,1.1058904862094099
00-0038454,RB,2026,2.548956673810161,0.0,0.0,8.957062807067581,False,,3.205170830948586,,,,,0.0097850230947577,3.310331696534744,0.5285268758326056,0.0706623065251788,14.709760885207649,0.8587895651805137,False,False,False,Keaton Mitchell,LAC,veteran_model,True,,True,ACT,2.0,committee,,curated,7.952476191090372,7.952476191090372,0.73,True,3.0,7.952476191090372,,,,,,,,34.81078054136303,231.0075612183065,26.604787498731607,118.73875848668648,2025.0,LAC,canonical_source_team_frame,20.922583442391918,0.0,74.27221179454226,1.0321682063369568
00-0041565,QB,2026,2.5388447763347757,-0.4841142857142853,0.0,5.159735064935064,True,6.4390477855477855,0.8964477189477188,3.825251026751027,0.1549365634365634,0.160003552003552,40.10716572316572,,,,0.0360815295815295,3.879278887778888,,True,False,False,Drew Allar,PIT,rookie_rule,True,drafted,False,,,deep_bench,,deep_bench_discounted,4.461538461538462,4.461538461538462,1.0,False,4.0,4.461538461538462,no_data,,off_chart,0.3,False,13.0,False,,,,,,,,11.136460667221694,1.0947440498431467,19.433165594567285,0.9831649718268658
00-0038614,RB,2026,2.5360235852045765,0.0,0.0,8.944129718461994,False,,2.422287008659278,,,,,0.0184410823021906,3.081344454463648,0.5166183709461175,0.108626141011414,12.071766144035252,0.6590334991197081,False,False,False,Scott Matlock,LAC,veteran_model,True,,False,ACT,,deep_bench,,deep_bench_discounted,4.9194533641874685,4.9194533641874685,0.86,True,,4.9194533641874685,,,,,,,,34.81078054136303,231.0075612183065,26.604787498731607,118.73875848668648,2025.0,LAC,canonical_source_team_frame,12.911349971314985,0.0,45.91377618029584,1.034907458960543
00-0040998,RB,2026,2.5182113644581667,0.0,0.0,6.712498336816449,False,,2.928090793775892,,,,,0.0144128829488601,4.051991004621655,0.5540731296647387,0.0933263448083868,11.895403326201505,0.7323974684996648,False,False,False,Roman Hemby,LV,rookie_rule,True,udfa,False,,,deep_bench,,deep_bench_discounted,0.71,0.71,1.0,False,4.0,0.71,no_data,,off_chart,0.8093732294446015,False,300.0,False,,,,,,,,1.9116192499048146,0.0,5.096861195199342,1.0691801001058912
00-0039751,WR,2026,2.516414554078893,0.0,0.0,6.6251686361660145,False,,,,,,,0.1143276945263625,12.869694788082736,1.086957816224888,,,1.622333835187087,False,False,False,Jordan Whittington,LA,veteran_model,True,,False,ACT,3.0,starter,SWR,curated,13.348665587751675,13.348665587751675,0.97,True,3.0,13.348665587751675,,,,,,,,34.82389907724694,249.40392878109915,26.59195903329525,121.3859631065696,2025.0,LA,canonical_source_team_frame,37.52879812930021,0.0,98.36525862751972,1.11723521136416
00-0041117,QB,2026,2.512071872116783,-0.919621223138793,0.0,6.76787794616236,True,6.031777390433851,0.8541154278625831,3.5778392890546025,0.2235159585494457,0.1829154846205886,39.91899122285661,,,,0.048558672914884,3.393301643297512,,False,False,False,Athan Kaliakmanis,WAS,rookie_rule,True,drafted,False,,,deep_bench,,deep_bench_discounted,1.4259259259259258,1.4259259259259258,1.0,False,3.0,1.4259259259259258,no_data,,off_chart,0.3678484892555173,False,54.0,False,,,,,,,,3.7643194563246016,0.0,8.782889374343833,1.0508904523378024
00-0038679,WR,2026,2.5068209383865163,0.0,0.0,6.61557502047364,False,,,,,,,0.1280497649178417,12.456330555667671,0.9857785866253984,,,1.5636638288443905,False,False,False,Tyrell Shavers,BUF,veteran_model,True,,False,ACT,,deep_bench,,deep_bench_discounted,3.5783196242986963,3.5783196242986963,0.94,True,7.0,3.5783196242986963,,,,,,,,33.21002626467289,231.99810200162543,27.995140482336904,133.52540408900225,2025.0,BUF,canonical_source_team_frame,9.811789579620674,0.0,25.963125805924903,1.0938198040042124
00-0040067,RB,2026,2.505748713583933,0.0,0.0,8.913854846841353,False,,2.945522981183662,,,,,0.0175735644602905,3.807431244450776,0.584289935083751,0.0746038658776268,12.79796039569476,0.7801887998441315,False,False,False,Jacardia Wright,SEA,veteran_model,True,,False,ACT,,deep_bench,,deep_bench_discounted,1.5407959015945445,1.5407959015945445,0.7,True,6.0,1.5407959015945445,,,,,,,,32.225845759159824,233.1409897885389,27.9379864119506,119.71889503194852,2025.0,SEA,canonical_source_team_frame,3.812236526273644,0.0,13.597840989339229,0.9874092867039962
00-0041397,WR,2026,2.505581596074993,0.0,0.0,6.670240045248871,False,,,,,,,0.0874868456873258,13.847116143160562,1.1918978152699644,,,2.015894289384085,False,False,False,Kaden Wetjen,PIT,rookie_rule,True,drafted,False,,,deep_bench,,deep_bench_discounted,2.163636363636364,2.163636363636364,1.0,False,6.0,2.163636363636364,above_median,,off_chart,1.0,False,55.0,False,,,,,,,,5.608137656351794,0.0,14.911705596394347,1.034488918602061
00-0041529,WR,2026,2.505581596074993,0.0,0.0,6.670240045248871,False,,,,,,,0.0874868456873258,13.847116143160562,1.1918978152699644,,,2.015894289384085,False,False,False,Kevin Coleman Jr.,MIA,rookie_rule,True,drafted,False,,,deep_bench,,deep_bench_discounted,2.163636363636364,2.163636363636364,1.0,False,6.0,2.163636363636364,above_median,,off_chart,1.0,False,55.0,False,,,,,,,,3.519525047178771,0.0,9.36537723329737,0.6492190247728903
00-0040078,RB,2026,2.4805277426855055,0.0618124354382625,0.0618124354382625,8.888633875942926,False,,1.9519834232930429,,,,,0.0229515545205481,6.090719942199576,0.9229877599829588,0.0460351497468045,9.960416428699528,1.052781756982227,False,False,False,Brashard Smith,KC,veteran_model,True,,False,ACT,,deep_bench,,deep_bench_discounted,3.76970897532762,3.76970897532762,0.7,True,4.0,3.76970897532762,,,,,,,,35.16438169616012,230.57945355267083,25.927946034942902,113.12705785543976,2025.0,KC,canonical_source_team_frame,10.64806579290241,0.29243033015225645,37.080247347850786,1.1387248905707874
00-0041550,WR,2026,2.47783798162015,0.0,0.0,6.596382315599781,False,,,,,,,0.0865181279571103,13.693790842484232,1.1787002592581304,,,1.99357284751446,False,False,False,Brenen Thompson,LAC,rookie_rule,True,drafted,False,,,deep_bench,,deep_bench_discounted,2.163636363636364,2.163636363636364,1.0,False,4.0,2.163636363636364,above_median,,off_chart,0.9889272756080648,False,55.0,False,,,,,,,,6.086642127043965,0.0,16.245536659721047,1.1353260161201575
00-0035125,RB,2026,2.47263329435445,0.0,0.0,8.880739427611868,False,,2.2295082399361443,,,,,0.0164806659397288,3.04254550691716,0.5180531463765756,0.1125187161922034,11.353558776828526,0.6542204363709271,False,False,False,Alec Ingold,LAC,veteran_model,True,,True,ACT,,deep_bench,,deep_bench_discounted,5.4445239586672445,5.4445239586672445,0.86,True,,5.4445239586672445,,,,,,,,34.81078054136303,231.0075612183065,26.604787498731607,118.73875848668648,2025.0,LAC,canonical_source_team_frame,13.929785170721779,0.0,50.454676634678506,1.0347246435805246
00-0039041,TE,2026,2.4329488060156774,0.736722091555273,0.736722091555273,5.208547772226854,False,,,,,,,0.0750351472506267,12.95199193384353,1.375077458255128,,,1.850574818644564,False,False,False,Elijah Higgins,ARI,veteran_model,True,,False,ACT,2.0,backup,,curated,14.681099722121274,14.681099722121274,0.83,True,3.0,14.681099722121274,,,,,,,,36.21396386313722,240.76907152016224,24.98965667674017,107.79270996792926,2025.0,ARI,canonical_source_team_frame,37.68210261618155,11.566567540215464,80.30276781908682,1.0549784019798363
00-0037614,WR,2026,2.43175009297233,0.0,0.0,6.540504175059453,False,,,,,,,0.1007309089171256,12.46967517570812,1.1607942437975285,,,1.902911112206234,False,False,False,John Metchie III,CAR,veteran_model,True,,True,ACT,,deep_bench,,deep_bench_discounted,3.2946566811113622,3.2946566811113622,0.86,True,5.0,3.2946566811113622,,,,,,,,33.08175557965288,214.53923085029223,26.97977516063293,116.45258332427316,2025.0,CAR,canonical_source_team_frame,8.35883227268511,0.0,22.384682530988645,1.043317528545197
00-0040556,RB,2026,2.3903661064418475,0.0,0.0,8.798472239699267,False,,2.833221413669614,,,,,0.0264768087095166,4.850825070871722,0.6255368271955861,0.0686286621762172,10.218823604424797,0.7459075107351134,False,False,False,Corey Kiner,ARI,veteran_model,True,,False,ACT,,deep_bench,,deep_bench_discounted,4.345146344151377,4.345146344151377,0.7,True,6.0,4.345146344151377,,,,,,,,36.21396386313722,240.76907152016224,24.98965667674017,107.79270996792926,2025.0,ARI,canonical_source_team_frame,10.619473734082705,0.0,38.90313917449326,1.022431367400146
00-0037563,RB,2026,2.385365398623156,0.0,0.0,8.793471531880574,False,,3.802184821888257,,,,,0.005525566744636,3.4378340284316367,0.5679069351338782,0.0631493726637058,13.455788917630022,0.6945487552272921,False,False,False,Malik Davis,DAL,veteran_model,True,,False,ACT,,deep_bench,,deep_bench_discounted,2.998472324441096,2.998472324441096,0.73,True,3.0,2.998472324441096,,,,,,,,34.848900159202955,250.0561914085082,26.916637322594877,120.71500490898477,2025.0,DAL,canonical_source_team_frame,7.227542082959084,0.0,26.7370472238861,1.0104984906054748
00-0036165,WR,2026,2.3773376368323635,0.0,0.0,6.486091718919486,False,,,,,,,0.0717263952741074,13.591057866243808,1.1757469571266763,,,1.8938416724646936,False,False,False,Isaiah Hodgins,NYG,veteran_model,True,,False,ACT,,deep_bench,,deep_bench_discounted,2.3946899251813143,2.3946899251813143,0.94,True,8.0,2.3946899251813143,,,,,,,,33.24318823444577,223.72200991226288,27.969267844990632,122.67699998352342,2025.0,NYG,canonical_source_team_frame,5.269883848805953,0.0,14.349633977260876,0.9256800205328574
00-0040590,WR,2026,2.3716873075401237,0.0,0.0,6.480441389627247,False,,,,,,,0.0922489421091121,12.741737326005508,1.088039844569801,,,1.804247530950863,False,False,False,Konata Mumpfield,LA,veteran_model,True,,False,ACT,,deep_bench,,deep_bench_discounted,4.071358507748806,4.071358507748806,0.86,True,5.0,4.071358507748806,,,,,,,,34.82389907724694,249.40392878109915,26.59195903329525,121.3859631065696,2025.0,LA,canonical_source_team_frame,10.829234446375104,0.0,29.384425555366565,1.1215043961816593
00-0041094,TE,2026,2.365689747081563,0.0,0.0,5.825858823529413,False,,,,,,,0.0935935458403489,12.272254485923286,1.153806046894282,,,1.626165125156174,False,False,False,Bauer Sharp,TB,rookie_rule,True,drafted,False,,,deep_bench,,deep_bench_discounted,2.4814814814814814,2.4814814814814814,1.0,False,4.0,2.4814814814814814,above_median,,off_chart,1.0,False,27.0,False,,,,,,,,6.225577418576138,0.0,15.296237531088654,1.0605003397910642
00-0041398,TE,2026,2.365689747081563,0.0,0.0,5.825858823529413,False,,,,,,,0.0935935458403489,12.272254485923286,1.153806046894282,,,1.626165125156174,False,False,False,Riley Nowakowski,PIT,rookie_rule,True,drafted,False,,,deep_bench,,deep_bench_discounted,2.4814814814814814,2.4814814814814814,1.0,False,,2.4814814814814814,above_median,,off_chart,1.0,False,27.0,False,,,,,,,,6.073896032516565,0.0,14.93893990302708,1.0346620679905754
00-0040177,RB,2026,2.3560639093182423,0.0,0.0,8.764170042575662,False,,1.85688651037806,,,,,0.0287134093814316,4.781065037716231,0.4997807015770173,0.0521728328461894,11.427496013923845,0.6110983306288604,False,False,False,Jordan James,SF,veteran_model,True,,False,ACT,2.0,committee,,curated,10.538860309790932,10.538860309790932,0.98,True,2.0,10.538860309790932,,,,,,,,34.24811794566182,240.1230793683237,26.942362571611483,112.8480179305098,2025.0,SF,canonical_source_team_frame,25.876067585246503,0.0,95.78892899552218,1.042119594965417
00-0036626,WR,2026,2.3491030960313806,0.0,0.0,6.457857178118504,False,,,,,,,0.1004787337743371,11.956758737829304,1.1011096392048554,,,1.717738870869305,False,False,False,Dyami Brown,WAS,veteran_model,True,,True,ACT,,deep_bench,,deep_bench_discounted,3.1005807977945943,3.1005807977945943,0.86,True,5.0,3.1005807977945943,,,,,,,,32.67019161591956,214.9395285925804,27.26986368464489,124.1188052104396,2025.0,WAS,canonical_source_team_frame,6.934006720804421,0.0,18.96157174000781,0.9520047777147166
00-0035359,WR,2026,2.3402705194346387,0.0,0.0,6.449024601521761,False,,,,,,,0.0709842260884442,13.930880265978226,1.0425542726123012,,,1.5556682333962126,False,False,False,David Sills,TB,veteran_model,True,,True,ACT,,deep_bench,,deep_bench_discounted,2.852667319938396,2.852667319938396,0.94,True,7.0,2.852667319938396,,,,,,,,33.5451456097649,223.7139473344186,27.71485631665953,117.7146256375168,2025.0,TB,canonical_source_team_frame,7.113223033802044,0.0,19.475694493707067,1.0654896549921726
00-0037005,TE,2026,2.3400833875654303,0.48978850195287027,0.48978850195287027,5.115682353776606,False,,,,,,,0.100713175775986,10.780602857778804,1.3154880942632676,,,1.6527742599065032,False,False,False,Tommy Tremble,CAR,veteran_model,False,,False,ACT,1.0,starter,,curated,15.329263525607823,15.329263525607823,1.0,False,1.0,15.329263525607823,,,,,,,,33.08175557965288,214.53923085029223,26.97977516063293,116.45258332427316,2025.0,CAR,canonical_source_team_frame,37.316968516469586,7.949392759448724,81.50820349923293,1.0402883438462833
00-0038115,TE,2026,2.330335284902603,0.5253822431055905,0.5253822431055905,5.105934251113779,False,,,,,,,0.0931562018067281,11.900599018728208,1.1626763443788275,,,1.7256685357021453,False,False,False,Daniel Bellinger,TEN,veteran_model,True,,True,ACT,2.0,backup,,curated,15.254628999197203,15.254628999197203,0.9,True,2.0,15.254628999197203,,,,,,,,33.99018441127937,212.01753019527845,25.99058571793473,108.16497271051462,2025.0,TEN,canonical_source_team_frame,34.83546682986707,7.8988575080340215,76.26112597940849,0.9799447125397984
00-0040890,WR,2026,2.319982959328698,0.0,0.0,6.17614819004525,False,,,,,,,0.0810063385993758,12.82140383625978,1.10360908821293,,,1.8665687864667453,False,False,False,Cyrus Allen,KC,rookie_rule,True,drafted,False,,,deep_bench,,deep_bench_discounted,2.163636363636364,2.163636363636364,1.0,False,5.0,2.163636363636364,no_data,,off_chart,1.0,False,55.0,False,,,,,,,,6.463706830073905,0.0,17.18861798562068,1.2876937369269204
00-0038705,RB,2026,2.319385549714698,0.0,0.0,8.727491682972117,False,,2.030889696437993,,,,,0.0158890011725286,4.914169215323585,0.7690421742819031,0.0639182340037831,9.646041299835176,1.020330674158435,False,False,False,Emari Demercado,KC,veteran_model,True,,True,ACT,2.0,committee,,curated,9.095026738136768,9.095026738136768,0.73,True,3.0,9.095026738136768,,,,,,,,35.16438169616012,230.57945355267083,25.927946034942902,113.12705785543976,2025.0,KC,canonical_source_team_frame,23.611612365938576,0.0,87.38348429635677,1.1193057054555904
00-0033955,RB,2026,2.2832145753107413,0.0514620259748215,0.0514620259748215,8.69132070856816,False,,1.9821848796862265,,,,,0.0179178239703918,5.524124904841755,0.9022869410560768,0.0445463268934579,9.048737091154292,1.089788981143221,False,False,False,Jeremy McNichols,WAS,veteran_model,True,,False,ACT,,deep_bench,,deep_bench_discounted,2.9885999283324804,2.9885999283324804,0.7,True,4.0,2.9885999283324804,,,,,,,,32.67019161591956,214.9395285925804,27.26986368464489,124.1188052104396,2025.0,WAS,canonical_source_team_frame,6.706703828595456,0.148356701137351,25.530814669845096,0.9828666932435846
00-0034959,RB,2026,2.2730697584727553,0.0,0.0,8.681175891730174,False,,2.0835111078897,,,,,0.0195895119880413,3.955426483958714,0.6213475025522359,0.0720784137426028,10.168458044169014,0.7965971014612042,False,False,False,Andrew Beck,NYJ,veteran_model,True,,False,ACT,,deep_bench,,deep_bench_discounted,3.7599311060180254,3.7599311060180254,0.86,True,,3.7599311060180254,,,,,,,,32.40798584142275,201.1286429616928,27.4687300259872,119.28333380861694,2025.0,NYJ,canonical_source_team_frame,8.3369986063708,0.0,31.88009372957859,0.9754770978450786
00-0038359,WR,2026,2.249320826613518,0.0,0.0,6.35807490870064,False,,,,,,,0.0916131253552486,12.568170456577016,0.8856500576486496,,,1.5593030308802562,False,False,False,Xavier Smith,LA,veteran_model,True,,False,ACT,,deep_bench,,deep_bench_discounted,3.148673155473848,3.148673155473848,1.0,False,4.0,3.148673155473848,,,,,,,,34.82389907724694,249.40392878109915,26.59195903329525,121.3859631065696,2025.0,LA,canonical_source_team_frame,7.935873719576462,0.0,22.285932067023047,1.1205100664155683
00-0041503,TE,2026,2.2389405024221007,0.26929793229653964,0.26929793229653964,4.688824482485719,False,,,,,,,0.0925097329914415,11.481073266972452,1.0715495555524126,,,1.6148595055047916,False,False,False,Nate Boerkircher,JAX,rookie_rule,True,drafted,False,,2.0,backup,,rookie_path,14.36842105263158,14.36842105263158,1.0,False,2.0,14.36842105263158,no_data,2.0,rank_2,0.7383975562969636,False,19.0,False,,,,,,,,36.17085028916939,4.214903313689413,75.65888146108338,1.124364485004038
00-0038685,RB,2026,2.231267373212836,0.0,0.0,8.639373506470255,False,,2.6997346654860315,,,,,0.0280076095436087,3.821959516182592,0.6136066160046117,0.0641731688628298,9.8918344315364,0.8949519286103341,False,False,False,Chris Brooks,GB,veteran_model,True,,False,ACT,,deep_bench,,deep_bench_discounted,3.0052772997878465,3.0052772997878465,0.73,True,3.0,3.0052772997878465,,,,,,,,32.63743765242263,227.66151029204215,27.533819286041897,118.4027815738584,2025.0,GB,canonical_source_team_frame,7.005070648837538,0.0,27.063307772896508,1.044663338298136
00-0040901,TE,2026,2.2206837894028135,0.0,0.0,5.468760332888683,False,,,,,,,0.0878566897019341,11.520021435581846,1.0830830152660489,,,1.5264886432303622,False,False,False,Jaren Kanak,TEN,rookie_rule,True,drafted,False,,,deep_bench,,deep_bench_discounted,2.4814814814814814,2.4814814814814814,1.0,False,4.0,2.4814814814814814,above_median,,off_chart,0.93870457533257,False,27.0,False,,,,,,,,5.400365403057368,0.0,13.28611446517573,0.9799984425286675
00-0040879,TE,2026,2.212729779582336,0.0,0.0,5.4491724142479425,False,,,,,,,0.0875420060103529,11.478759206322556,1.0792036457759262,,,1.521021090525631,False,False,False,Matthew Hibner,BAL,rookie_rule,True,drafted,False,,,deep_bench,,deep_bench_discounted,2.4814814814814814,2.4814814814814814,1.0,False,3.0,2.4814814814814814,above_median,,off_chart,0.9353423382385936,False,27.0,False,,,,,,,,5.291642349538831,0.0,13.045348963477014,0.9637204265990852
00-0040887,TE,2026,2.212729779582336,0.0,0.0,5.4491724142479425,False,,,,,,,0.0875420060103529,11.478759206322556,1.0792036457759262,,,1.521021090525631,False,False,False,Josh Cuevas,BAL,rookie_rule,True,drafted,False,,,deep_bench,,deep_bench_discounted,2.4814814814814814,2.4814814814814814,1.0,False,4.0,2.4814814814814814,above_median,,off_chart,0.9353423382385936,False,27.0,False,,,,,,,,5.291642349538831,0.0,13.045348963477014,0.9637204265990852
00-0041092,QB,2026,2.212626421854008,-0.81,0.0,5.961129428571428,True,5.312773958799821,0.7523026645768025,3.1513516121809224,0.1968722794446932,0.161111486789073,35.16054444693238,,,,0.0427703537841468,2.988811330049261,,False,False,False,Taylen Green,CLE,rookie_rule,True,drafted,False,,,deep_bench,,deep_bench_discounted,1.4259259259259258,1.4259259259259258,1.0,False,4.0,1.4259259259259258,above_median,,off_chart,0.3,False,54.0,False,,,,,,,,5.388793929829148,0.0,12.318322241615826,1.7079946922937272
00-0038416,QB,2026,2.2056347889062318,-1.4255432321911998,0.0,11.823275396893274,True,6.193732475380701,1.0744795976624677,3.728147566351124,0.275792954885493,0.160857755281591,37.63134991669471,,,,0.0434506733361008,3.4783164086646066,,False,False,False,Tyson Bagent,CHI,veteran_model,True,,False,ACT,2.0,backup,,curated,3.4508404441809346,3.4508404441809346,0.77,True,2.0,3.4508404441809346,,,,,,,,33.73805380586444,231.6076855324185,27.696271758130365,127.85601286134172,2025.0,CHI,canonical_source_team_frame,7.282053582628596,0.0,34.32425950709657,0.9567432077252971
00-0035500,WR,2026,2.2035426473974944,0.01190127585629185,0.01190127585629185,6.312296729484617,False,,,,,,,0.0586022910963258,12.366379024717322,1.2305819966956149,,,2.105202795462449,False,False,False,Greg Dortch,DET,veteran_model,True,,True,ACT,,deep_bench,,deep_bench_discounted,4.098155979700166,4.098155979700166,1.0,False,4.0,4.098155979700166,,,,,,,,33.92979712201368,246.18859977155995,26.79038838236451,118.19015619651694,2025.0,DET,canonical_source_team_frame,8.84149691044554,0.049167071101680414,25.296642930229456,0.9790747607978808
00-0039521,WR,2026,2.2021091934886545,0.0,0.0,6.310863275575777,False,,,,,,,0.1246186051924105,10.539890940052167,0.800816936657949,,,1.266027373043282,False,False,False,Xavier Weaver,ARI,veteran_model,True,,False,ACT,,deep_bench,,deep_bench_discounted,2.237543872717706,2.237543872717706,1.0,False,4.0,2.237543872717706,,,,,,,,36.21396386313722,240.76907152016224,24.98965667674017,107.79270996792926,2025.0,ARI,canonical_source_team_frame,5.141725273820294,0.0,14.73004831854991,1.0435144293145084
00-0040876,WR,2026,2.1936396941473633,0.0,0.0,5.839803164131831,False,,,,,,,0.0765948383864641,12.123166800350573,1.043507967587043,,,1.7649178694979386,False,False,False,Elijah Sarratt,BAL,rookie_rule,True,drafted,False,,,deep_bench,,deep_bench_discounted,2.163636363636364,2.163636363636364,1.0,False,5.0,2.163636363636364,no_data,,off_chart,0.9455412960369796,False,55.0,False,,,,,,,,4.575605638127662,0.0,12.193269246993498,0.96404880014856
TRA291459,TE,2026,2.1904534695199653,0.0,0.0,5.394313725490196,False,,,,,,,0.0866606905929156,11.363198598077116,1.0683389323095205,,,1.5057084492186794,False,False,False,Seydou Traore,MIA,rookie_rule,True,drafted,False,,,deep_bench,,deep_bench_discounted,2.4814814814814814,2.4814814814814814,1.0,False,3.0,2.4814814814814814,no_data,,off_chart,1.0,True,27.0,False,,,,,,,,3.5245913864292744,0.0,8.676165742876847,0.6484309037619861
00-0037231,WR,2026,2.1862429482322616,0.0,0.0,6.294997030319385,False,,,,,,,0.0627229823337419,12.616255065393174,1.0965590953809856,,,1.7537014580479378,False,False,False,Kevin Austin Jr.,NO,veteran_model,True,,False,ACT,,deep_bench,,deep_bench_discounted,2.458976602577272,2.458976602577272,0.94,True,11.0,2.458976602577272,,,,,,,,34.20105181449663,231.16042627321303,26.953986866698717,109.11968596923658,2025.0,NO,canonical_source_team_frame,5.59842864038561,0.0,15.947300972619031,1.0413898221114304
00-0041132,WR,2026,2.1807832785485908,0.0,0.0,5.805577426562705,False,,,,,,,0.0761459337292205,12.052115719731278,1.03739220840028,,,1.754574093494749,False,False,False,Deion Burks,IND,rookie_rule,True,drafted,False,,,deep_bench,,deep_bench_discounted,2.163636363636364,2.163636363636364,1.0,False,5.0,2.163636363636364,above_median,,off_chart,0.8703700897088322,False,55.0,False,,,,,,,,5.14133797482773,0.0,13.686317800902629,1.0896308070600405
00-0040739,TE,2026,2.178158951397288,0.4208932984828161,0.4208932984828161,4.953757917608463,False,,,,,,,0.0852083036596379,11.130808489458056,1.107656560987309,,,1.637523141430484,False,False,False,Elijah Arroyo,SEA,veteran_model,True,,False,ACT,,deep_bench,,deep_bench_discounted,6.0,6.183512246547901,0.9,True,2.0,6.0,,,,,,,,32.225845759159824,233.1409897885389,27.9379864119506,119.71889503194852,2025.0,SEA,canonical_source_team_frame,12.672796474015255,2.3999447617433,28.928560355729225,0.9696871499273627
00-0040187,TE,2026,2.1711622593832196,0.6066863448850872,0.6066863448850872,4.946761225594396,False,,,,,,,0.053076680590248,12.1186556791451,1.2816732158544426,,,1.7229387756943786,False,False,False,Mitchell Evans,CAR,veteran_model,True,,False,ACT,,deep_bench,,deep_bench_discounted,6.0,7.237708085560285,0.83,True,3.0,6.0,,,,,,,,33.08175557965288,214.53923085029223,26.97977516063293,116.45258332427316,2025.0,CAR,canonical_source_team_frame,13.692200526652197,3.8740223796883138,30.989013870205614,1.0510653504805192
00-0040582,WR,2026,2.1501709466506473,0.0,0.0,6.258925028737771,False,,,,,,,0.1276970311952092,9.107064463248472,0.9465646263090902,,,1.3156309202435004,False,False,False,Arian Smith,NYJ,veteran_model,True,,False,ACT,,deep_bench,,deep_bench_discounted,4.299495492613219,4.299495492613219,0.94,True,6.0,4.299495492613219,,,,,,,,32.40798584142275,201.1286429616928,27.4687300259872,119.28333380861694,2025.0,NYJ,canonical_source_team_frame,8.607089566170819,0.0,25.072979659126,0.9310346300766271
00-0040563,WR,2026,2.132636472796654,0.0,0.0,6.241390554883776,False,,,,,,,0.0846343847742288,12.273286907867451,0.7950029467290719,,,1.4807353035821416,False,False,False,Efton Chism III,NE,veteran_model,True,,False,ACT,,deep_bench,,deep_bench_discounted,2.4987562444879057,2.4987562444879057,0.94,True,7.0,2.4987562444879057,,,,,,,,33.746856976402874,243.7564166874116,26.990735238510595,121.6874228230549,2025.0,NE,canonical_source_team_frame,5.069073990554239,0.0,14.883011315324136,0.95123518442943
00-0033857,WR,2026,2.1142803758914495,0.0,0.0,6.223034457978573,False,,,,,,,0.073468034014876,11.739107951233509,0.9991227533576854,,,1.6270485084620478,False,False,False,JuJu Smith-Schuster,NYG,veteran_model,True,,True,ACT,,deep_bench,,deep_bench_discounted,3.681925377198853,3.681925377198853,0.94,True,6.0,3.681925377198853,,,,,,,,33.24318823444577,223.72200991226288,27.969267844990632,122.67699998352342,2025.0,NYG,canonical_source_team_frame,7.2021396778055085,0.0,21.16259529464346,0.9251751915488539
00-0040179,RB,2026,2.09707234936298,0.0,0.0,8.5051784826204,False,,2.616578281946345,,,,,0.0059719852700086,3.4354668502764105,0.5102776667644696,0.0481911185451657,11.734082080620585,0.7698805038765774,False,False,False,DJ Giddens,IND,veteran_model,True,,False,ACT,2.0,committee,,curated,10.54460802946551,10.54460802946551,0.98,True,2.0,10.54460802946551,,,,,,,,33.819686508835005,234.02693422664208,26.500800154053703,117.38636019360476,2025.0,IND,canonical_source_team_frame,22.660789369674962,0.0,92.15352616252576,1.0247812709911557
00-0039577,QB,2026,2.0822707722562313,-1.4236369193594238,0.0,11.698005067411497,True,6.564772114027444,1.8254187836867777,3.675966453252322,0.2748397984696049,0.0965842664116761,30.59286648019404,,,,0.0593346773582631,6.658905801913962,,False,False,False,Kedon Slovis,ARI,veteran_model,True,,False,ACT,,deep_bench,,deep_bench_discounted,0.6186026500124635,0.6186026500124635,0.84,True,4.0,0.6186026500124635,,,,,,,,36.21396386313722,240.76907152016224,24.98965667674017,107.79270996792926,2025.0,ARI,canonical_source_team_frame,1.238539052467214,0.0,6.164696669767842,0.961525321120212
00-0038794,RB,2026,2.0802359277528852,0.0,0.0,8.488342061010304,False,,2.997660831760056,,,,,0.0058173978922414,3.37472353957169,0.4343072585982384,0.0326697991301983,12.946867623619584,0.6545206760311068,False,False,False,Jaleel McLaughlin,DEN,veteran_model,True,,False,ACT,,deep_bench,,deep_bench_discounted,2.8914278376560985,2.8914278376560985,0.7,True,4.0,2.8914278376560985,,,,,,,,34.86578769636352,230.0781619883208,26.560893200255972,117.8845379552942,2025.0,DEN,canonical_source_team_frame,6.18992569817132,0.0,25.40973896566534,1.02910688836986
00-0037267,RB,2026,2.0738280073099067,0.00152200411495675,0.00152200411495675,8.481934140567326,False,,1.6858897388360528,,,,,0.0236139100506584,3.675631976010677,0.8024068973363473,0.0686971077630598,7.511952541583561,0.90627346278396,False,False,False,Jerome Ford,WAS,veteran_model,True,,True,ACT,,deep_bench,,deep_bench_discounted,1.1449990329311597,1.1449990329311597,0.7,True,5.0,1.1449990329311597,,,,,,,,32.67019161591956,214.9395285925804,27.26986368464489,124.1188052104396,2025.0,WAS,canonical_source_team_frame,2.331272376246888,0.001681022215559809,9.543207471569547,0.9817822191229391
00-0039305,RB,2026,2.060749506732961,0.0,0.0,8.46885563999038,False,,2.465910842600217,,,,,0.0110273915501118,3.990271224527441,0.5191109494252065,0.0405908177642669,10.924576536813415,0.7742769055730265,False,False,False,Jack Westover,NE,veteran_model,True,,False,ACT,,deep_bench,,deep_bench_discounted,3.061409498117676,3.061409498117676,0.86,True,,3.061409498117676,,,,,,,,33.746856976402874,243.7564166874116,26.990735238510595,121.6874228230549,2025.0,NE,canonical_source_team_frame,6.1912071603780685,0.0,25.508695379178658,0.9813607995268758
00-0036841,WR,2026,2.059239920401137,0.0,0.0,6.1679940024882605,False,,,,,,,0.1079048741144473,9.341585931666677,0.9553041650955708,,,1.654853100368218,False,False,False,Austin Trammell,JAX,veteran_model,True,,False,ACT,,deep_bench,,deep_bench_discounted,2.03527208612651,2.03527208612651,0.94,True,8.0,2.03527208612651,,,,,,,,34.281611997177656,230.8787037290612,27.439030345261777,117.85703830149006,2025.0,JAX,canonical_source_team_frame,4.75544604610641,0.0,14.276028218334742,1.1346497806899292
00-0040891,QB,2026,2.0487281683833407,-0.75,0.0,5.519564285714285,True,4.919235147036871,0.696576541274817,2.91791815942678,0.1822891476339752,0.149177302582475,32.556059673085535,,,,0.0396021794297656,2.76741789819376,,False,False,False,Cole Payton,PHI,rookie_rule,True,drafted,False,,,deep_bench,,deep_bench_discounted,1.4259259259259258,1.4259259259259258,1.0,False,4.0,1.4259259259259258,no_data,,off_chart,0.3,False,54.0,False,,,,,,,,2.665237917524438,0.0,6.265643109610197,0.9123357207934913
00-0040906,QB,2026,2.0487281683833407,-0.75,0.0,5.519564285714285,True,4.919235147036871,0.696576541274817,2.91791815942678,0.1822891476339752,0.149177302582475,32.556059673085535,,,,0.0396021794297656,2.76741789819376,,False,False,False,Garrett Nussmeier,KC,rookie_rule,True,drafted,False,,,deep_bench,,deep_bench_discounted,1.4259259259259258,1.4259259259259258,1.0,False,3.0,1.4259259259259258,no_data,,off_chart,0.3,False,54.0,False,,,,,,,,2.304499455473522,0.0,5.485057430453343,0.7888515910543907
00-0041123,QB,2026,2.0487281683833407,-0.75,0.0,5.519564285714285,True,4.919235147036871,0.696576541274817,2.91791815942678,0.1822891476339752,0.149177302582475,32.556059673085535,,,,0.0396021794297656,2.76741789819376,,False,False,False,Behren Morton,NE,rookie_rule,True,drafted,False,,,deep_bench,,deep_bench_discounted,1.4259259259259258,1.4259259259259258,1.0,False,3.0,1.4259259259259258,no_data,,off_chart,0.3,False,54.0,False,,,,,,,,3.05856307086637,0.0,7.0792061501905925,1.04697457795553
00-0039299,RB,2026,2.0450860490404894,0.0,0.0,8.453192182297908,False,,2.719108132591028,,,,,0.0236952284159925,3.3401975221539337,0.4599965793192502,0.0500572945065086,10.38552869630464,0.5883471675496658,False,False,False,George Holani,SEA,veteran_model,True,,False,ACT,,deep_bench,,deep_bench_discounted,1.8333511448411548,1.8333511448411548,0.73,True,3.0,1.8333511448411548,,,,,,,,32.225845759159824,233.1409897885389,27.9379864119506,119.71889503194852,2025.0,SEA,canonical_source_team_frame,3.704940988000659,0.0,15.348565641180052,0.9881526843929664
00-0038720,TE,2026,2.0335987002185996,0.32502657361395393,0.32502657361395393,4.809197666429776,False,,,,,,,0.0770927159413336,10.607009986165064,1.020682811908183,,,1.4376117020324704,False,False,False,Julian Hill,NE,veteran_model,True,,True,RES,,deep_bench,,deep_bench_discounted,6.0,6.019446399057746,1.0,False,7.0,6.0,,,,,,,,33.746856976402874,243.7564166874116,26.990735238510595,121.6874228230549,2025.0,NE,canonical_source_team_frame,11.610930760942434,1.8356375504268834,27.507444680334757,0.9515914455569436
00-0033375,WR,2026,2.033051474222366,0.0,0.0,6.141805556309489,False,,,,,,,0.0616760514353745,11.217940344387962,1.082402262342646,,,1.9289267931101064,False,False,False,Tim Patrick,NYJ,veteran_model,True,,True,ACT,,deep_bench,,deep_bench_discounted,3.18978598936894,3.18978598936894,1.0,False,4.0,3.18978598936894,,,,,,,,32.40798584142275,201.1286429616928,27.4687300259872,119.28333380861694,2025.0,NYJ,canonical_source_team_frame,6.055451011303472,0.0,18.271457659347234,0.9337628132750694
00-0039359,TE,2026,1.99555305470368,0.29555487633075944,0.29555487633075944,4.771152020914856,False,,,,,,,0.0756637245693794,9.82885467151095,1.117370480272617,,,1.3224131243306425,False,False,False,Cade Stover,HOU,veteran_model,True,,False,ACT,,deep_bench,,deep_bench_discounted,3.795577374024573,3.795577374024573,1.0,False,5.0,3.795577374024573,,,,,,,,34.321125448974,230.7196594149492,27.0161290584345,113.89625214465636,2025.0,HOU,canonical_source_team_frame,8.430824636348813,1.2284908055550083,20.233202559347525,1.1130865327112094
00-0041472,TE,2026,1.9901925622783108,0.23937873351868977,0.23937873351868977,4.167892626345575,False,,,,,,,0.0822318334670999,10.20551756430425,0.9524996100905728,,,1.435447424129078,False,False,False,Marlin Klein,HOU,rookie_rule,True,drafted,False,,,deep_bench,,deep_bench_discounted,6.0,12.465116279069768,1.0,False,4.0,6.0,above_median,,off_chart,0.607741706962026,False,4.0,True,,,,,,,,13.328201017072516,1.573196256522593,27.87158430964407,1.116156736931928
00-0032104,RB,2026,1.9869439198861403,0.0,0.0,8.39505005314356,False,,1.7053199806212092,,,,,0.022835286275366,3.0716326234400597,0.4956009132845074,0.058873584190866,9.417269781024885,0.6431674289376691,False,False,False,Ameer Abdullah,JAX,veteran_model,True,,True,ACT,,deep_bench,,deep_bench_discounted,1.537486731922311,1.537486731922311,0.7,True,4.0,1.537486731922311,,,,,,,,34.281611997177656,230.8787037290612,27.439030345261777,117.85703830149006,2025.0,JAX,canonical_source_team_frame,3.18189256290262,0.0,13.464383536559353,1.04157015044133
00-0036182,WR,2026,1.979715479283316,0.0,0.0,6.08846956137044,False,,,,,,,0.108418693480544,9.24114999745652,0.8101766373088002,,,1.3714844511660975,False,False,False,Nick Westbrook-Ikhine,IND,veteran_model,True,,True,ACT,,deep_bench,,deep_bench_discounted,2.0244307064827165,2.0244307064827165,1.0,False,4.0,2.0244307064827165,,,,,,,,33.819686508835005,234.02693422664208,26.500800154053703,117.38636019360476,2025.0,IND,canonical_source_team_frame,4.361963520502779,0.0,13.427088514606268,1.0883694287046761
00-0036637,TE,2026,1.9709697152511105,0.29143426388156585,0.29143426388156585,4.746568681462287,False,,,,,,,0.0722532700688168,10.004014958712544,1.074097197933911,,,1.4544539590405046,False,False,False,Noah Gray,KC,veteran_model,True,,False,ACT,2.0,backup,,curated,13.966997193225652,13.966997193225652,0.9,True,2.0,13.966997193225652,,,,,,,,35.16438169616012,230.57945355267083,25.927946034942902,113.12705785543976,2025.0,KC,canonical_source_team_frame,35.37510046950355,5.267216422592373,85.1289788971987,1.2850341962200538
00-0038647,WR,2026,1.964577826989947,0.0,0.0,6.073331909077071,False,,,,,,,0.0666211152476212,10.769944274074312,0.9757134161935772,,,1.5171752891499355,False,False,False,Ronnie Bell,NO,veteran_model,True,,False,ACT,,deep_bench,,deep_bench_discounted,1.6880220792016294,1.6880220792016294,0.94,True,8.0,1.6880220792016294,,,,,,,,34.20105181449663,231.16042627321303,26.953986866698717,109.11968596923658,2025.0,NO,canonical_source_team_frame,3.443438062787302,0.0,10.547663850596487,1.0383527435567717
00-0039144,TE,2026,1.9611231119892953,0.28435523290880993,0.28435523290880993,4.736722078200472,False,,,,,,,0.0717920080206402,10.074737448329548,1.0457946380649985,,,1.4932625965804636,False,False,False,Luke Musgrave,GB,veteran_model,True,,False,ACT,,deep_bench,,deep_bench_discounted,6.0,8.023484284248624,0.9,True,2.0,6.0,,,,,,,,32.63743765242263,227.66151029204215,27.533819286041897,118.4027815738584,2025.0,GB,canonical_source_team_frame,13.182991809264873,1.886983104820734,31.95331324685901,1.1203607198914796
00-0036187,RB,2026,1.9452313665864063,0.0,0.0,8.353337499843825,False,,1.9342170937228744,,,,,0.0094342264173965,3.72899995846085,0.5688949687847746,0.0398587922685609,9.921257742321895,0.8063976150851615,False,False,False,Reggie Gilliam,NE,veteran_model,True,,True,ACT,,deep_bench,,deep_bench_discounted,3.601554228231724,3.601554228231724,0.86,True,,3.601554228231724,,,,,,,,33.746856976402874,243.7564166874116,26.990735238510595,121.6874228230549,2025.0,NE,canonical_source_team_frame,6.86954687323599,0.0,29.595347330840603,0.9805435088794975
00-0041326,RB,2026,1.940304906304624,0.0,0.0,5.172041410149448,False,,2.256120758350721,,,,,0.0111052582377988,3.1220961582235,0.4269184180142754,0.0719088029205811,9.165517145248568,0.5643189533459805,False,False,False,CJ Donaldson,NO,rookie_rule,True,udfa,False,,,deep_bench,,deep_bench_discounted,0.71,0.71,1.0,False,7.0,0.71,no_data,,off_chart,0.6236294817376784,False,300.0,False,,,,,,,,1.3975475147202818,0.0,3.7238991000009736,1.0144677647829132
00-0036422,TE,2026,1.932043686344149,0.22525148858791072,0.22525148858791072,4.707642652555325,False,,,,,,,0.0767960611332657,9.70972059297268,1.0005905204945735,,,1.4043317508249955,False,False,False,Adam Trautman,DEN,veteran_model,True,,False,ACT,1.0,starter,,curated,15.121652241397356,15.121652241397356,0.9,True,2.0,15.121652241397356,,,,,,,,34.86578769636352,230.0781619883208,26.560893200255972,117.8845379552942,2025.0,DEN,canonical_source_team_frame,32.40222883955417,3.737537171811172,79.04779310758056,1.1090693322872562
00-0035249,TE,2026,1.9299054910169096,0.1596776325345177,0.1596776325345177,4.705504457228086,False,,,,,,,0.0873686712542913,8.988657845222951,1.0136553579377332,,,1.3213988825880267,False,False,False,Josh Oliver,MIN,veteran_model,True,,False,ACT,2.0,backup,,curated,15.211267893471,15.211267893471,0.9,True,2.0,15.211267893471,,,,,,,,33.317960572598906,212.14905129671848,25.98644569135896,113.34466242181308,2025.0,MIN,canonical_source_team_frame,26.433706865678918,2.2086523864402228,64.40908427753578,0.9004438015638059
00-0038738,RB,2026,1.9232966342468858,0.0,0.0,8.331402767504304,False,,2.2773023251205458,,,,,0.0301226650549696,3.792057901539606,0.6550815191365957,0.0407902511654292,7.910725872022345,0.890490527118671,False,False,False,Hunter Luepke,DAL,veteran_model,True,,False,ACT,,deep_bench,,deep_bench_discounted,3.015865490230485,3.015865490230485,0.86,True,,3.015865490230485,,,,,,,,34.848900159202955,250.0561914085082,26.916637322594877,120.71500490898477,2025.0,DAL,canonical_source_team_frame,5.921682239517375,0.0,25.544355694395176,1.0209085942858707
00-0034613,TE,2026,1.9147096262979826,0.10567485470317839,0.10567485470317839,4.690308592509159,False,,,,,,,0.1056999084109784,9.135276723984989,0.7339650068672267,,,1.1628786106505102,False,False,False,Tanner Hudson,CIN,veteran_model,True,,False,ACT,,deep_bench,,deep_bench_discounted,4.344976021214209,4.344976021214209,1.0,False,4.0,4.344976021214209,,,,,,,,35.761155714222895,238.6430156013012,25.12023465395161,107.36930606582474,2025.0,CIN,canonical_source_team_frame,10.56900648653703,0.588551741950878,25.917332419869616,1.270409871421036
00-0037004,TE,2026,1.9141202867283331,0.2658900701336467,0.2658900701336467,4.6897192529395095,False,,,,,,,0.0670357309396737,10.048456906700713,1.0141204208404389,,,1.2086265724066425,False,False,False,Hunter Long,JAX,veteran_model,True,,False,ACT,,deep_bench,,deep_bench_discounted,2.805327488038503,2.805327488038503,1.0,False,5.0,2.805327488038503,,,,,,,,34.281611997177656,230.8787037290612,27.439030345261777,117.85703830149006,2025.0,JAX,canonical_source_team_frame,6.008920577652194,0.8099332534999366,14.829559918093313,1.1190350008837202
00-0036427,WR,2026,1.9056520363628837,0.0,0.0,6.014406118450006,False,,,,,,,0.0487423075471172,11.572201491444847,0.9119560838713916,,,1.6164621185304284,False,False,False,Tyler Johnson,DAL,veteran_model,True,,True,ACT,,deep_bench,,deep_bench_discounted,2.031470670047861,2.031470670047861,0.94,True,8.0,2.031470670047861,,,,,,,,34.848900159202955,250.0561914085082,26.916637322594877,120.71500490898477,2025.0,DAL,canonical_source_team_frame,4.010822794730539,0.0,12.742363476626135,1.0360466594583695
00-0040985,QB,2026,1.8892200850703118,-1.003839446865102,0.0,5.6128009605717395,True,5.660450581158914,0.8305908333337207,3.244286931912042,0.2058136432064693,0.1351620242885496,32.763241491795526,,,,0.0281942560693593,2.8050407824107517,,True,False,False,Diego Pavia,BAL,rookie_rule,True,udfa,False,,,deep_bench,,deep_bench_discounted,0.5882352941176471,0.5882352941176471,1.0,False,,0.5882352941176471,no_data,,off_chart,0.4182664361937925,False,102.0,False,,,,,,,,1.1356197478708574,0.0,2.765705686593831,1.021878597754061
00-0040981,QB,2026,1.8892200850703118,-1.003839446865102,0.0,5.6128009605717395,True,5.660450581158914,0.8305908333337207,3.244286931912042,0.2058136432064693,0.1351620242885496,32.763241491795526,,,,0.0281942560693593,2.8050407824107517,,True,False,False,Joe Fagnano,BAL,rookie_rule,True,udfa,False,,,deep_bench,,deep_bench_discounted,0.5882352941176471,0.5882352941176471,1.0,False,3.0,0.5882352941176471,no_data,,off_chart,0.4182664361937925,False,102.0,False,,,,,,,,1.1356197478708574,0.0,2.765705686593831,1.021878597754061
00-0036842,RB,2026,1.8880470084723222,0.0,0.0,8.296153141729741,False,,2.046422876259181,,,,,0.0158052219782356,4.094187118859355,0.49966663944909,0.0463129380967967,8.560860164116479,0.6514609937027069,False,False,False,Kene Nwangwu,NYJ,veteran_model,True,,False,ACT,,deep_bench,,deep_bench_discounted,1.7394998657325194,1.7394998657325194,0.7,True,4.0,1.7394998657325194,,,,,,,,32.40798584142275,201.1286429616928,27.4687300259872,119.28333380861694,2025.0,NYJ,canonical_source_team_frame,3.197185904684711,0.0,14.089196862066213,0.9734881894676618
00-0040172,WR,2026,1.8868251039075536,0.0,0.0,5.995579185994676,False,,,,,,,0.1074662696404035,9.18683233320333,0.6466885054895994,,,1.1214026190855826,False,False,False,Jordan Watkins,SF,veteran_model,True,,False,ACT,,deep_bench,,deep_bench_discounted,1.8891368425380937,1.8891368425380937,0.94,True,7.0,1.8891368425380937,,,,,,,,34.24811794566182,240.1230793683237,26.942362571611483,112.8480179305098,2025.0,SF,canonical_source_team_frame,3.95012542923681,0.0,12.545947780934211,1.1081940713162974
00-0035406,WR,2026,1.8822311153637996,0.0,0.0,5.990985197450922,False,,,,,,,0.0718598293007629,10.123988198585728,0.8773466394012986,,,1.595141489842096,False,False,False,Lil'Jordan Humphrey,DEN,veteran_model,True,,False,ACT,,deep_bench,,deep_bench_discounted,1.970626910001192,1.970626910001192,0.94,True,6.0,1.970626910001192,,,,,,,,34.86578769636352,230.0781619883208,26.560893200255972,117.8845379552942,2025.0,DEN,canonical_source_team_frame,4.1094604890222435,0.0,13.117499751056013,1.1079175750123555
00-0040888,RB,2026,1.873307404887406,0.04647755007780921,0.04647755007780921,4.492463882144328,False,,2.2569443126668745,,,,,0.0188315191227677,3.279047696167024,0.4359724219016655,0.0540168535113642,8.903261885150796,0.5721007838684734,False,False,False,Adam Randall,BAL,rookie_rule,True,drafted,False,,,deep_bench,,deep_bench_discounted,4.142857142857143,4.142857142857143,1.0,False,4.0,4.142857142857143,above_median,,off_chart,0.4198514008835518,False,42.0,False,,,,,,,,7.647636293080769,0.1925498503223525,18.351820295557296,0.985412842214682
00-0040942,QB,2026,1.8646794177823898,-0.9907997327149684,0.0,5.539891572186958,True,5.586922231810047,0.8198015910139292,3.2021441626223304,0.2031401568397091,0.1334062911718842,32.33765221552331,,,,0.0278280171842784,2.7686037504766805,,True,False,False,Kyron Drones,GB,rookie_rule,True,udfa,False,,,deep_bench,,deep_bench_discounted,0.5882352941176471,0.5882352941176471,1.0,False,4.0,0.5882352941176471,no_data,,off_chart,0.4128332219645701,False,102.0,False,,,,,,,,0.9716866074754368,0.0,2.388681370938387,0.8858719718549594
00-0038938,WR,2026,1.8588285433840832,0.0,0.0,5.967582625471206,False,,,,,,,0.0694594336139843,10.737459681690105,0.736651947062334,,,1.398586543254291,False,False,False,Jalin Hyatt,NYG,veteran_model,True,,False,ACT,,deep_bench,,deep_bench_discounted,3.1809554137666467,3.1809554137666467,0.94,True,10.0,3.1809554137666467,,,,,,,,33.24318823444577,223.72200991226288,27.969267844990632,122.67699998352342,2025.0,NYG,canonical_source_team_frame,5.480855228568413,0.0,17.54182396737925,0.926939557524577
00-0034272,WR,2026,1.855402293928566,0.0,0.0,5.964156376015688,False,,,,,,,0.0780758407922522,9.913752109777915,0.7911440763945222,,,1.4167315270643726,False,False,False,Marquez Valdes-Scantling,DAL,veteran_model,True,,True,ACT,,deep_bench,,deep_bench_discounted,1.796632782761624,1.796632782761624,0.86,True,5.0,1.796632782761624,,,,,,,,34.848900159202955,250.0561914085082,26.916637322594877,120.71500490898477,2025.0,DAL,canonical_source_team_frame,3.471574737959453,0.0,11.19374984213697,1.0414276650498289
00-0040644,RB,2026,1.8408459920628206,0.0,0.0,8.24895212532024,False,,1.632263273306837,,,,,0.0109840803536369,3.5181262850871398,0.448275851721246,0.0438227477631145,9.360544689929752,0.6548506423701635,False,False,False,Trevor Etienne,CAR,veteran_model,True,,False,ACT,,deep_bench,,deep_bench_discounted,2.3359547655831494,2.3359547655831494,0.73,True,3.0,2.3359547655831494,,,,,,,,33.08175557965288,214.53923085029223,26.97977516063293,116.45258332427316,2025.0,CAR,canonical_source_team_frame,4.379582701457944,0.0,19.54102583577403,1.018476110898874
00-0038440,RB,2026,1.8308476048523632,0.0,0.0,8.238953738109782,False,,2.055747670506564,,,,,0.0150951837326954,3.837739083818294,0.5760421571177653,0.0431789926564128,8.094075595770017,0.7443744346810663,False,False,False,Zavier Scott,MIN,veteran_model,True,,False,ACT,,deep_bench,,deep_bench_discounted,2.812016123012087,2.812016123012087,0.7,True,4.0,2.812016123012087,,,,,,,,33.317960572598906,212.14905129671848,25.98644569135896,113.34466242181308,2025.0,MIN,canonical_source_team_frame,4.945462753434036,0.0,22.36268512525834,0.9605875038901935
00-0033110,TE,2026,1.8272777556205284,0.04190255235519785,0.04190255235519785,4.602876721831706,False,,,,,,,0.0898932287181144,8.424233215390158,0.8909901235456521,,,1.4459301681766834,False,False,False,Tyler Higbee,LA,veteran_model,True,,False,ACT,2.0,backup,,curated,11.937201407707434,11.937201407707434,0.9,True,2.0,11.937201407707434,,,,,,,,34.82389907724694,249.40392878109915,26.59195903329525,121.3859631065696,2025.0,LA,canonical_source_team_frame,24.31071285640788,0.5741559226207921,61.20743323835191,1.1145270280890018
00-0030035,WR,2026,1.816216171096165,0.0,0.0,5.924970253183288,False,,,,,,,0.0890558354231954,9.1513414813798,0.7334940208380255,,,1.3883143368923485,False,False,False,Adam Thielen,MIN,veteran_model,True,,False,RET,,deep_bench,,deep_bench_discounted,2.4164662434853668,2.4164662434853668,0.79,True,,2.4164662434853668,,,,,,,,33.317960572598906,212.14905129671848,25.98644569135896,113.34466242181308,2025.0,MIN,canonical_source_team_frame,3.9495267684658706,0.0,12.866858907719042,0.8999052609704943
00-0035891,WR,2026,1.804080948792031,0.0,0.0,5.912835030879154,False,,,,,,,0.0496045092689013,11.451567733091116,0.7225942397390234,,,1.2232590050388097,False,False,False,Cody White,SEA,veteran_model,True,,False,ACT,,deep_bench,,deep_bench_discounted,1.5158307259503032,1.5158307259503032,0.94,True,7.0,1.5158307259503032,,,,,,,,32.225845759159824,233.1409897885389,27.9379864119506,119.71889503194852,2025.0,SEA,canonical_source_team_frame,2.6390459867624765,0.0,8.74365246406948,0.9650287050563349
00-0037098,WR,2026,1.7860576769555592,0.0,0.0,5.894811759042682,False,,,,,,,0.0657256913735062,9.12311519226708,0.9587840189756276,,,1.2459574355705472,False,False,False,Samori Toure,PHI,veteran_model,True,,True,ACT,,deep_bench,,deep_bench_discounted,2.052538285785364,2.052538285785364,0.94,True,10.0,2.052538285785364,,,,,,,,32.80438240429993,217.8739687342708,27.51020727894377,118.95507060419128,2025.0,PHI,canonical_source_team_frame,4.089807255342215,0.0,13.425499987047893,1.1156194953510985
00-0039623,WR,2026,1.7792679202818333,0.0,0.0,5.888022002368956,False,,,,,,,0.039033722991089,10.147044612959442,1.06072224207871,,,1.3309323915132816,False,False,False,Mason Tipton,NO,veteran_model,True,,False,ACT,,deep_bench,,deep_bench_discounted,2.6386660598344034,2.6386660598344034,0.94,True,7.0,2.6386660598344034,,,,,,,,34.20105181449663,231.16042627321303,26.953986866698717,109.11968596923658,2025.0,NO,canonical_source_team_frame,4.908092647830996,0.0,16.013207740021272,1.0454107762638556
00-0033376,RB,2026,1.7745049899644605,0.0,0.0,8.18261112322188,False,,1.8379876923206189,,,,,0.0074841348823792,2.8022809142119627,0.3985568102477045,0.071800032369632,8.192934899073446,0.5007080038562468,False,False,False,Patrick Ricard,NYG,veteran_model,True,,True,ACT,,deep_bench,,deep_bench_discounted,1.9339593180924928,1.9339593180924928,0.86,True,,1.9339593180924928,,,,,,,,33.24318823444577,223.72200991226288,27.969267844990632,122.67699998352342,2025.0,NYG,canonical_source_team_frame,3.3520426770322755,0.0,15.413113602120163,0.9767535090390081
00-0040429,RB,2026,1.7596256458839263,0.0,0.0,8.167731779141347,False,,1.6559006610541946,,,,,0.0214189665837057,3.63635858817458,0.4916709604702666,0.0483019113501072,7.318290392284576,0.5473564728800766,False,False,False,Josh Williams,TB,veteran_model,True,,False,ACT,,deep_bench,,deep_bench_discounted,2.19205385072774,2.19205385072774,0.7,True,4.0,2.19205385072774,,,,,,,,33.5451456097649,223.7139473344186,27.71485631665953,117.7146256375168,2025.0,TB,canonical_source_team_frame,3.9572750483892905,0.0,18.268108121172137,1.0259465484505073
00-0041041,TE,2026,1.747251607772542,0.21015799422357417,0.21015799422357417,3.6591218510378756,False,,,,,,,0.0721938700599877,8.95973952991184,0.8362288688428635,,,1.260223692531191,False,False,False,Oscar Delp,NO,rookie_rule,True,drafted,False,,,deep_bench,,deep_bench_discounted,6.0,12.465116279069768,1.0,False,3.0,6.0,no_data,,off_chart,0.5762396615807679,False,4.0,True,,,,,,,,10.840288027399916,1.3345530202945097,22.727699370250697,1.0340323415335602
00-0041084,TE,2026,1.7442711480736435,0.0,0.0,4.295524157877773,False,,,,,,,0.0690084242266448,9.04858274337159,0.8507246567532315,,,1.199004608830342,False,False,False,Tanner Koziol,JAX,rookie_rule,True,drafted,False,,,deep_bench,,deep_bench_discounted,2.4814814814814814,2.4814814814814814,1.0,False,3.0,2.4814814814814814,above_median,,off_chart,0.7373203313010366,False,27.0,False,,,,,,,,4.859973543027603,0.0,12.032353552975897,1.1228167152134096
00-0037557,RB,2026,1.740870112072228,0.0,0.0,8.148976245329647,False,,1.787350410933398,,,,,0.0268393903394796,3.397067769236467,0.6195020780304217,0.011394160710663,8.620109898325149,0.8919629516308842,False,False,False,Ronnie Rivers,LA,veteran_model,True,,False,ACT,,deep_bench,,deep_bench_discounted,1.819123355894352,1.819123355894352,0.73,True,3.0,1.819123355894352,,,,,,,,34.82389907724694,249.40392878109915,26.59195903329525,121.3859631065696,2025.0,LA,canonical_source_team_frame,3.350101630952991,0.0,15.458393868659002,1.0578630871882502
00-0032464,WR,2026,1.740753211395619,0.0,0.0,5.849507293482741,False,,,,,,,0.0677027734775662,8.54958001386867,0.9591571382867092,,,1.665880403186397,False,False,False,Kalif Raymond,CHI,veteran_model,True,,True,ACT,3.0,starter,SWR,curated,13.378222816195525,13.378222816195525,0.97,True,3.0,13.378222816195525,,,,,,,,33.73805380586444,231.6076855324185,27.696271758130365,127.85601286134172,2025.0,CHI,canonical_source_team_frame,24.38582285123954,0.0,82.33341294207878,1.0471328509610043
00-0036754,TE,2026,1.7346710582188591,0.11091313247588791,0.11091313247588791,4.510270024430035,False,,,,,,,0.0629570157977212,9.076039894970444,0.898649947870975,,,1.29395871304118,False,False,False,Brock Wright,DET,veteran_model,True,,False,ACT,2.0,backup,,curated,14.152915604355908,14.152915604355908,0.9,True,2.0,14.152915604355908,,,,,,,,33.92979712201368,246.18859977155995,26.79038838236451,118.19015619651694,2025.0,DET,canonical_source_team_frame,24.034929552677635,1.521361819439393,62.464517745455474,0.978993490162646
00-0041100,WR,2026,1.7292226385151155,0.0,0.0,4.603454187500031,False,,,,,,,0.06037888942503,9.556562336828677,0.8225861365641358,,,1.391265823279126,False,False,False,Josh Cameron,JAX,rookie_rule,True,drafted,False,,,deep_bench,,deep_bench_discounted,2.163636363636364,2.163636363636364,1.0,False,5.0,2.163636363636364,no_data,,off_chart,0.7453600603236663,False,55.0,False,,,,,,,,4.183965948722214,0.0,11.197001649108495,1.1182861775855744
00-0041106,WR,2026,1.7292226385151155,0.0,0.0,4.603454187500031,False,,,,,,,0.06037888942503,9.556562336828677,0.8225861365641358,,,1.391265823279126,False,False,False,C.J. Williams,JAX,rookie_rule,True,drafted,False,,,deep_bench,,deep_bench_discounted,2.163636363636364,2.163636363636364,1.0,False,6.0,2.163636363636364,no_data,,off_chart,0.7453600603236663,False,55.0,False,,,,,,,,4.183965948722214,0.0,11.197001649108495,1.1182861775855744
00-0040218,WR,2026,1.7079638452450834,0.0,0.0,5.816717927332206,False,,,,,,,0.0812494834939325,7.575417721302235,0.9258503443025295,,,1.477903663048074,False,False,False,Jimmy Horn Jr.,CAR,veteran_model,True,,False,ACT,,deep_bench,,deep_bench_discounted,3.976746240974012,3.976746240974012,1.0,False,4.0,3.976746240974012,,,,,,,,33.08175557965288,214.53923085029223,26.97977516063293,116.45258332427316,2025.0,CAR,canonical_source_team_frame,7.050089539139517,0.0,23.979697898927103,1.0379778366414303
00-0039792,WR,2026,1.7044940289720916,0.0,0.0,5.813248111059215,False,,,,,,,0.0426419166232421,10.60777432603661,0.775730193257956,,,1.3334005133000706,False,False,False,Devontez Walker,BAL,veteran_model,True,,False,ACT,2.0,starter,RWR,curated,11.46132334757572,11.46132334757572,0.97,True,3.0,11.46132334757572,,,,,,,,31.3716833460928,213.64210242557775,28.058067379544,132.6208163798309,2025.0,BAL,canonical_source_team_frame,18.844187536407933,0.0,64.4157659625798,0.9645998019827386
00-0040208,RB,2026,1.6865238033525376,0.0,0.0,8.094629936609959,False,,1.9562950148713032,,,,,0.0102845286092025,2.420235446808912,0.2654610427580319,0.0477081786180642,9.638134939290303,0.3533406392567919,False,False,False,Tahj Brooks,CIN,veteran_model,True,,False,ACT,,deep_bench,,deep_bench_discounted,1.92442400598897,1.92442400598897,0.73,True,3.0,1.92442400598897,,,,,,,,35.761155714222895,238.6430156013012,25.12023465395161,107.36930606582474,2025.0,CIN,canonical_source_team_frame,3.4849035794211156,0.0,16.954157292581733,1.0737360278449577
00-0038891,WR,2026,1.6819833223283498,0.0,0.0,5.790737404415474,False,,,,,,,0.0552740279268741,9.5846312443873,0.7837520606567504,,,1.2366345052028913,False,False,False,Shedrick Jackson,LV,veteran_model,True,,False,ACT,,deep_bench,,deep_bench_discounted,3.01489967542061,3.01489967542061,0.94,True,7.0,3.01489967542061,,,,,,,,33.852695887179124,214.57281927994063,25.407262691012978,101.26520419334778,2025.0,LV,canonical_source_team_frame,6.154332598633707,0.0,20.719087657136612,1.2136303060567417
00-0040277,WR,2026,1.660750774206985,0.0,0.0,5.769504856294107,False,,,,,,,0.0568639130623377,9.632762600766936,0.71258207151253,,,1.3497413380749528,False,False,False,Jahdae Walker,CHI,veteran_model,True,,False,ACT,,deep_bench,,deep_bench_discounted,3.177774616817288,3.177774616817288,0.86,True,5.0,3.177774616817288,,,,,,,,33.73805380586444,231.6076855324185,27.696271758130365,127.85601286134172,2025.0,CHI,canonical_source_team_frame,5.509609980803939,0.0,19.274097493560777,1.0439826987586973
00-0037258,RB,2026,1.6430917437338013,0.0,0.0,8.051197876991221,False,,2.514087415796041,,,,,0.0016996248940572,3.0555510960322305,0.435075278428488,0.0292701679800179,9.341802376718835,0.5686005851662268,False,False,False,Dameon Pierce,PHI,veteran_model,True,,True,ACT,,deep_bench,,deep_bench_discounted,1.025042920218596,1.025042920218596,0.7,True,4.0,1.025042920218596,,,,,,,,32.80438240429993,217.8739687342708,27.51020727894377,118.95507060419128,2025.0,PHI,canonical_source_team_frame,1.7549135970998084,0.0,8.570139558600449,1.0419619866606686
00-0039603,RB,2026,1.640637342391713,0.0,0.0,8.048743475649133,False,,2.049523677629584,,,,,0.0091091156382047,2.1988550960103552,0.3142965186401301,0.0570126238277133,8.668731366751047,0.4515687256840447,False,False,False,British Brooks,HOU,veteran_model,True,,False,ACT,,deep_bench,,deep_bench_discounted,2.5353335439385853,2.5353335439385853,0.7,True,4.0,2.5353335439385853,,,,,,,,34.321125448974,230.7196594149492,27.0161290584345,113.89625214465636,2025.0,HOU,canonical_source_team_frame,4.273110385115698,0.0,21.153145466543293,1.027297939850872
00-0035639,WR,2026,1.6392580185943606,0.0,0.0,5.748012100681484,False,,,,,,,0.137616183309495,5.82649646974468,0.4618225435258453,,,0.8050777287644144,False,False,False,Parris Campbell,DAL,veteran_model,True,,False,RET,,deep_bench,,deep_bench_discounted,1.2032126910406225,1.2032126910406225,0.79,True,,1.2032126910406225,,,,,,,,34.848900159202955,250.0561914085082,26.916637322594877,120.71500490898477,2025.0,DAL,canonical_source_team_frame,2.08045822279563,0.0,7.252032056321248,1.0547979533774559
00-0040317,WR,2026,1.629357138127356,0.0,0.0,5.738111220214479,False,,,,,,,0.0530297036900171,9.869146823877774,0.6485284671989519,,,1.0731382145002322,False,False,False,Jacoby Jones,WAS,veteran_model,True,,False,ACT,,deep_bench,,deep_bench_discounted,1.880091177192639,1.880091177192639,0.94,True,9.0,1.880091177192639,,,,,,,,32.67019161591956,214.9395285925804,27.26986368464489,124.1188052104396,2025.0,WAS,canonical_source_team_frame,2.9363588213093808,0.0,10.229482384417107,0.9585481339278877
00-0041070,WR,2026,1.617225695706309,0.0,0.0,4.305301258040856,False,,,,,,,0.0564683166189736,8.937610362891029,0.7693095194067289,,,1.3011574038245668,False,False,False,Reggie Virgil,ARI,rookie_rule,True,drafted,False,,,deep_bench,,deep_bench_discounted,2.163636363636364,2.163636363636364,1.0,False,5.0,2.163636363636364,no_data,,off_chart,0.6970851614247477,False,55.0,False,,,,,,,,3.686195405492469,0.0,9.784660807398328,1.0534730949207307
00-0035021,WR,2026,1.6130702641100894,0.0,0.0,5.721824346197211,False,,,,,,,0.0452711031570321,9.344675183968013,0.8139522535421907,,,1.1374721070531328,False,False,False,Ashton Dulin,IND,veteran_model,True,,False,ACT,2.0,starter,RWR,curated,11.484588283342235,11.484588283342235,0.97,True,3.0,11.484588283342235,,,,,,,,33.819686508835005,234.02693422664208,26.500800154053703,117.38636019360476,2025.0,IND,canonical_source_team_frame,20.18971912193311,0.0,71.61614135556692,1.0898370327949132
00-0037348,TE,2026,1.6082636687284269,0.07587204194140053,0.07587204194140053,4.383862634939604,False,,,,,,,0.0477292993050637,8.437227690204145,0.9563302077552602,,,1.1496572605966218,False,False,False,Tanner Conner,NYG,veteran_model,True,,True,ACT,,deep_bench,,deep_bench_discounted,4.829775944749626,4.829775944749626,1.0,False,5.0,4.829775944749626,,,,,,,,33.24318823444577,223.72200991226288,27.969267844990632,122.67699998352342,2025.0,NYG,canonical_source_team_frame,7.166219991971813,0.3355278114106003,19.52970787642985,0.9225839625259595
00-0036849,WR,2026,1.6053555306736345,0.0,0.0,5.7141096127607565,False,,,,,,,0.0546666979584284,9.303475306695177,0.6940156245070926,,,1.3362452671206688,False,False,False,Tutu Atwell,MIA,veteran_model,True,,True,ACT,,deep_bench,,deep_bench_discounted,2.2096208522340657,2.2096208522340657,0.97,True,3.0,2.2096208522340657,,,,,,,,32.35681053457549,214.6121451327766,26.7390775924456,118.26868781082813,2025.0,MIA,canonical_source_team_frame,2.305952574193384,0.0,8.192707989035075,0.6500718837285111
00-0040629,WR,2026,1.6033689401434024,0.0,0.0,5.712123022230525,False,,,,,,,0.1004090635171128,6.911419768088071,0.619545164463837,,,0.9455045589828354,False,False,False,Dalevon Campbell,LAC,veteran_model,True,,True,ACT,,deep_bench,,deep_bench_discounted,1.301919483021038,1.301919483021038,0.94,True,7.0,1.301919483021038,,,,,,,,34.81078054136303,231.0075612183065,26.604787498731607,118.73875848668648,2025.0,LAC,canonical_source_team_frame,2.395130001947596,0.0,8.522870328610237,1.1473911566754054
00-0040628,TE,2026,1.5883761295297796,0.0,0.0,4.363975095740956,False,,,,,,,0.0592882331149044,8.042454450006549,0.8568025716793967,,,1.3357418575219748,False,False,False,Drake Dabney,GB,veteran_model,True,,False,ACT,,deep_bench,,deep_bench_discounted,4.841092198321841,4.841092198321841,1.0,False,4.0,4.841092198321841,,,,,,,,32.63743765242263,227.66151029204215,27.533819286041897,118.4027815738584,2025.0,GB,canonical_source_team_frame,8.616333383581487,0.0,23.761142828836523,1.1205359351736561
00-0038488,RB,2026,1.5872587827061748,0.0,0.0,7.995364915963594,False,,1.934110221998168,,,,,0.0126452776829728,2.905080156576611,0.4582359172996525,0.0327235795746641,7.95419664852866,0.5913648523738216,False,False,False,Brady Russell,SEA,veteran_model,True,,False,ACT,,deep_bench,,deep_bench_discounted,2.094359047242567,2.094359047242567,0.86,True,,2.094359047242567,,,,,,,,32.225845759159824,233.1409897885389,27.9379864119506,119.71889503194852,2025.0,SEA,canonical_source_team_frame,3.2727099840348073,0.0,16.573997467178526,0.9844839616668954
00-0034386,WR,2026,1.5866920846511339,0.0,0.0,5.695446166738257,False,,,,,,,0.0807189309536856,7.863255314680516,0.6321059349219375,,,1.154021947321948,False,False,False,Justin Watson,HOU,veteran_model,True,,False,ACT,,deep_bench,,deep_bench_discounted,1.0706301143789814,1.0706301143789814,0.94,True,7.0,1.0706301143789814,,,,,,,,34.321125448974,230.7196594149492,27.0161290584345,113.89625214465636,2025.0,HOU,canonical_source_team_frame,1.9044492005910705,0.0,6.850113121818276,1.1210817495072856
00-0040534,WR,2026,1.5865213649272278,0.0,0.0,5.6952754470143505,False,,,,,,,0.0594922386237464,7.755178160488903,0.9081002342717182,,,0.9580815758516076,False,False,False,Ke'Shawn Williams,CIN,veteran_model,True,,True,ACT,,deep_bench,,deep_bench_discounted,3.540130533654514,3.540130533654514,0.94,True,7.0,3.540130533654514,,,,,,,,35.761155714222895,238.6430156013012,25.12023465395161,107.36930606582474,2025.0,CIN,canonical_source_team_frame,7.187227815989033,0.0,25.64606014198436,1.2796647598895612
00-0039757,RB,2026,1.5846091511139062,0.0,0.0,7.992715284371324,False,,3.135619131846194,,,,,0.0002918217876012,2.801122379605096,0.3418204723063044,0.0331988979070984,9.326423588320466,0.4431879756055082,False,False,False,Terrell Jennings,NE,veteran_model,True,,False,ACT,,deep_bench,,deep_bench_discounted,2.620467113068928,2.620467113068928,0.7,True,4.0,2.620467113068928,,,,,,,,33.746856976402874,243.7564166874116,26.990735238510595,121.6874228230549,2025.0,NE,canonical_source_team_frame,4.0852898780518325,0.0,20.620432470242754,0.9838344022367969
00-0040184,WR,2026,1.5799645181911774,0.0,0.0,5.688718600278301,False,,,,,,,0.072527527662898,7.758805235947643,0.7378376572380501,,,1.29313431404856,False,False,False,KeAndre Lambert-Smith,LAC,veteran_model,True,,False,ACT,,deep_bench,,deep_bench_discounted,3.0139544190129666,3.0139544190129666,0.86,True,5.0,3.0139544190129666,,,,,,,,34.81078054136303,231.0075612183065,26.604787498731607,118.73875848668648,2025.0,LAC,canonical_source_team_frame,5.428540873116161,0.0,19.61431063612261,1.139984898137704
00-0035289,QB,2026,1.572437848561777,-1.1468995938666982,0.0,10.911434818224318,True,5.947279161006799,1.3936526277501546,3.2970536756298965,0.1364711357232421,0.1057269799501234,17.7702307066342,,,,0.0364124295535172,4.931883946212961,,False,False,False,Gardner Minshew,ARI,veteran_model,True,,True,ACT,2.0,backup,,curated,3.083346200948464,3.083346200948464,0.77,True,2.0,3.083346200948464,,,,,,,,36.21396386313722,240.76907152016224,24.98965667674017,107.79270996792926,2025.0,ARI,canonical_source_team_frame,4.709923887436033,0.0,29.263729750167474,0.9714447594672144
00-0039746,RB,2026,1.5678170349714429,0.0,0.0,7.975923168228861,False,,1.8908218614202916,,,,,0.0077220199652536,2.9329962496158872,0.385588861924939,0.0285213606890277,8.642626951216966,0.57240098001801,False,False,False,Will Shipley,PHI,veteran_model,True,,False,ACT,,deep_bench,,deep_bench_discounted,2.1000131587344733,2.1000131587344733,0.73,True,3.0,2.1000131587344733,,,,,,,,32.80438240429993,217.8739687342708,27.51020727894377,118.95507060419128,2025.0,PHI,canonical_source_team_frame,3.431874426447453,0.0,17.394279235650977,1.0423510146932524
00-0040009,WR,2026,1.5640268813439855,0.0,0.0,5.672780963431108,False,,,,,,,0.0521914959096661,8.200058304483482,0.8617441508752809,,,1.1335490119408038,False,False,False,Savion Williams,GB,veteran_model,True,,False,ACT,,deep_bench,,deep_bench_discounted,4.60258293987344,4.60258293987344,1.0,False,4.0,4.60258293987344,,,,,,,,32.63743765242263,227.66151029204215,27.533819286041897,118.4027815738584,2025.0,GB,canonical_source_team_frame,8.054580464307193,0.0,29.43771280426285,1.1189149793118083
00-0039394,WR,2026,1.544178920143524,0.0,0.0,5.652933002230647,False,,,,,,,0.0713829842652264,7.779052064196864,0.6759516162649587,,,1.0237056435372942,False,False,False,Casey Washington,ATL,veteran_model,True,,False,ACT,,deep_bench,,deep_bench_discounted,2.7673201994463184,2.7673201994463184,0.94,True,11.0,2.7673201994463184,,,,,,,,33.103579364958776,223.6760928436624,27.565529595779655,121.0212845239931,2025.0,ATL,canonical_source_team_frame,4.204316418115873,0.0,15.259254858391634,0.9838714560382084
00-0038576,WR,2026,1.519937144587348,0.0,0.0,5.628691226674471,False,,,,,,,0.0856514497556058,7.390036691206161,0.534049553866194,,,0.8517297066072932,False,False,False,Charlie Jones,CIN,veteran_model,True,,False,ACT,,deep_bench,,deep_bench_discounted,2.477487359968712,2.477487359968712,0.94,True,6.0,2.477487359968712,,,,,,,,35.761155714222895,238.6430156013012,25.12023465395161,107.36930606582474,2025.0,CIN,canonical_source_team_frame,4.780296542706788,0.0,17.69832974308885,1.2694563218298536
00-0037085,RB,2026,1.512012565614631,0.0,0.0,7.9201186988720504,False,,1.514783348073887,,,,,0.0244174750203017,4.000254941476207,0.6180085267576404,0.018580067244797,5.449975544975978,0.8346609709417637,False,False,False,Tyler Badie,DEN,veteran_model,True,,False,ACT,,deep_bench,,deep_bench_discounted,2.4523443786485477,2.4523443786485477,0.7,True,5.0,2.4523443786485477,,,,,,,,34.86578769636352,230.0781619883208,26.560893200255972,117.8845379552942,2025.0,DEN,canonical_source_team_frame,3.9351209834450254,0.0,20.23627171989986,1.0612586212477284
00-0038547,TE,2026,1.4992668583420443,0.01507208836506635,0.01507208836506635,4.2748658245532205,False,,,,,,,0.0407536239674442,8.229249060603866,0.8636404169539847,,,1.2203270327974096,False,False,False,Luke Schoonmaker,DAL,veteran_model,True,,False,ACT,,deep_bench,,deep_bench_discounted,5.470000464405863,5.470000464405863,0.83,True,3.0,5.470000464405863,,,,,,,,34.848900159202955,250.0561914085082,26.916637322594877,120.71500490898477,2025.0,DAL,canonical_source_team_frame,8.520125817078448,0.08367437013689594,24.386127468491438,1.0389142517756818
00-0038728,WR,2026,1.4907715335111955,0.0,0.0,5.599525615598319,False,,,,,,,0.0352228319436782,8.674211363157484,0.8240268110667558,,,1.350453969654706,False,False,False,Jared Wayne,HOU,veteran_model,True,,False,ACT,,deep_bench,,deep_bench_discounted,2.5224543304516254,2.5224543304516254,0.94,True,9.0,2.5224543304516254,,,,,,,,34.321125448974,230.7196594149492,27.0161290584345,113.89625214465636,2025.0,HOU,canonical_source_team_frame,4.169882950513613,0.0,15.822097106935106,1.1088925383982642
00-0037805,TE,2026,1.48344433065271,0.0,0.0,4.2590432968638865,False,,,,,,,0.0608731034691417,7.030148572838012,0.8303817051081173,,,1.1912425460602412,False,False,False,Jeremy Ruckert,NYJ,veteran_model,True,,False,ACT,,deep_bench,,deep_bench_discounted,6.0,6.3941338870423445,0.83,True,3.0,6.0,,,,,,,,32.40798584142275,201.1286429616928,27.4687300259872,119.28333380861694,2025.0,NYJ,canonical_source_team_frame,8.29661418953672,0.0,23.821298914907747,0.9321340902499792
00-0039589,WR,2026,1.47406876219041,0.0,0.0,5.582822844277533,False,,,,,,,0.0496061784631175,9.070265174231295,0.5388103479771508,,,0.8978071893363954,False,False,False,Kameron Johnson,TB,veteran_model,True,,False,ACT,,deep_bench,,deep_bench_discounted,2.665815198325546,2.665815198325546,0.94,True,6.0,2.665815198325546,,,,,,,,33.5451456097649,223.7139473344186,27.71485631665953,117.7146256375168,2025.0,TB,canonical_source_team_frame,4.187031309063546,0.0,15.73975043489288,1.065512197913563
00-0040984,RB,2026,1.4662248417910269,0.0,0.0,3.9083422268801087,False,,1.7048765331807565,,,,,0.008391879776141,2.359265768371425,0.3226082601124868,0.0543391262079601,6.926080989930343,0.426437342605722,False,False,False,Dontae McMillan,BAL,rookie_rule,True,udfa,False,,,deep_bench,,deep_bench_discounted,0.71,0.71,1.0,False,5.0,0.71,no_data,,off_chart,0.4712563655464425,False,300.0,False,,,,,,,,1.0272682416080925,0.0,2.7374902079831713,0.9867904546985363
00-0040991,RB,2026,1.4662248417910269,0.0,0.0,3.9083422268801087,False,,1.7048765331807565,,,,,0.008391879776141,2.359265768371425,0.3226082601124868,0.0543391262079601,6.926080989930343,0.426437342605722,False,False,False,Elijah Tau-Tolliver,BAL,rookie_rule,True,udfa,False,,,deep_bench,,deep_bench_discounted,0.71,0.71,1.0,False,6.0,0.71,no_data,,off_chart,0.4712563655464425,False,300.0,False,,,,,,,,1.0272682416080925,0.0,2.7374902079831713,0.9867904546985363
00-0041251,QB,2026,1.463438742857143,-0.7776,0.0,4.3478208,True,4.3847314285714285,0.6433971428571429,2.5131085714285715,0.1594285714285714,0.1046999999999999,25.37925428571429,,,,0.02184,2.172857142857143,,True,False,False,Jalon Daniels,TB,rookie_rule,True,udfa,False,,,deep_bench,,deep_bench_discounted,0.5882352941176471,0.5882352941176471,1.0,False,4.0,0.5882352941176471,above_median,,off_chart,0.3,False,102.0,False,,,,,,,,0.809701513551579,0.0,1.9917410601343895,0.9405877627308753
00-0041453,QB,2026,1.463438742857143,-0.7776,0.0,4.3478208,True,4.3847314285714285,0.6433971428571429,2.5131085714285715,0.1594285714285714,0.1046999999999999,25.37925428571429,,,,0.02184,2.172857142857143,,True,False,False,Luke Altmyer,DET,rookie_rule,True,udfa,False,,,deep_bench,,deep_bench_discounted,0.5882352941176471,0.5882352941176471,1.0,False,3.0,0.5882352941176471,above_median,,off_chart,0.3,False,102.0,False,,,,,,,,0.8880442391564021,0.0,2.159898005700918,1.031594396372527
00-0040142,RB,2026,1.4603299588730192,0.0,0.0,7.868436092130438,False,,1.4706452138005794,,,,,0.0069031311296584,2.167279423072672,0.3308287062368287,0.040911868706038,7.912976644331591,0.5007295172602213,False,False,False,Kaleb Johnson,PIT,veteran_model,True,,False,ACT,,deep_bench,,deep_bench_discounted,1.7368467408186967,1.7368467408186967,0.73,True,3.0,1.7368467408186967,,,,,,,,33.52835881566065,220.6188474788981,26.553754211808798,113.31380639380768,2025.0,PIT,canonical_source_team_frame,2.569179810606994,0.0,13.832154506023254,1.0129360029060959
00-0041099,WR,2026,1.4574295273320348,0.0,0.0,3.879899505794145,False,,,,,,,0.0508887486871665,8.054495597769492,0.6932949508641733,,,1.1725915715260782,False,False,False,Barion Brown,NO,rookie_rule,True,drafted,False,,,deep_bench,,deep_bench_discounted,2.163636363636364,2.163636363636364,1.0,False,6.0,2.163636363636364,above_median,,off_chart,0.5816731451153321,False,55.0,False,,,,,,,,3.272375557618902,0.0,8.678907973237468,1.0377465642420802
00-0036425,RB,2026,1.4563008618521507,0.0,0.0,7.8644069951095705,False,,1.7374881395169666,,,,,0.0066004256543572,2.478713353580871,0.3595188483005099,0.0232884584530373,8.493367976994417,0.4018087021956467,False,False,False,DeeJay Dallas,JAX,veteran_model,True,,True,ACT,,deep_bench,,deep_bench_discounted,0.8664078755572471,0.8664078755572471,0.7,True,5.0,0.8664078755572471,,,,,,,,34.281611997177656,230.8787037290612,27.439030345261777,117.85703830149006,2025.0,JAX,canonical_source_team_frame,1.3031173282178043,0.0,7.0975290619593,1.032785238564715
00-0036727,RB,2026,1.4516347907246894,0.0,0.0,7.859740923982109,False,,1.774997056449681,,,,,0.0095246790813524,2.8845277208195736,0.5345691919421601,0.0325214151873167,6.4362085705963725,0.7279613899337913,False,False,False,Adam Prentice,DEN,veteran_model,True,,False,ACT,,deep_bench,,deep_bench_discounted,2.938373515368245,2.938373515368245,0.86,True,,2.938373515368245,,,,,,,,34.86578769636352,230.0781619883208,26.560893200255972,117.8845379552942,2025.0,DEN,canonical_source_team_frame,4.456703932802796,0.0,23.988573115230125,1.0448390964480303
00-0039796,RB,2026,1.4391555479720237,0.0,0.0,7.847261681229442,False,,1.170836172618807,,,,,0.0223805373661879,3.810420485178105,0.4097663449757424,0.0407630237319674,4.743689603774101,0.4451210467006516,False,False,False,Rasheen Ali,BAL,veteran_model,True,,False,ACT,,deep_bench,,deep_bench_discounted,3.0118439733778204,3.0118439733778204,0.73,True,3.0,3.0118439733778204,,,,,,,,31.3716833460928,213.64210242557775,28.058067379544,132.6208163798309,2025.0,BAL,canonical_source_team_frame,4.250513427517539,0.0,23.308066380154784,0.9806209932987634
00-0039379,WR,2026,1.4359818999020704,0.0,0.0,5.544735981989193,False,,,,,,,0.0597387787107011,7.443014471848922,0.666495560905943,,,1.0753607831950411,False,False,False,Jamari Thrash,CLE,veteran_model,True,,False,ACT,,deep_bench,,deep_bench_discounted,2.8706651990807046,2.8706651990807046,0.94,True,8.0,2.8706651990807046,,,,,,,,33.8207695174603,210.10348431687345,26.544928262008405,109.302851392357,2025.0,CLE,canonical_source_team_frame,2.38106660514939,0.0,9.064165458397046,0.5776170894152376
00-0040506,WR,2026,1.4322520811681332,0.0,0.0,5.541006163255256,False,,,,,,,0.0967198734671997,5.836269048881219,0.5366118709536265,,,0.8805394498078999,False,False,False,Myles Price,MIN,veteran_model,True,,False,ACT,,deep_bench,,deep_bench_discounted,1.97520355172591,1.97520355172591,0.86,True,5.0,1.97520355172591,,,,,,,,33.317960572598906,212.14905129671848,25.98644569135896,113.34466242181308,2025.0,MIN,canonical_source_team_frame,2.534911497733323,0.0,9.823879908054563,0.8960484262694953
00-0038397,RB,2026,1.425931888428106,0.0,0.0,7.834038021685525,False,,2.2273773174007667,,,,,0.0029441404360539,2.2932625801526227,0.289821083290679,0.0534384999846436,7.133992462433192,0.4027110580688261,False,False,False,Evan Hull,HOU,veteran_model,True,,True,ACT,,deep_bench,,deep_bench_discounted,1.5221717881460592,1.5221717881460592,0.7,True,6.0,1.5221717881460592,,,,,,,,34.321125448974,230.7196594149492,27.0161290584345,113.89625214465636,2025.0,HOU,canonical_source_team_frame,2.22975075597114,0.0,12.364241046329266,1.0272919146802384
00-0040024,WR,2026,1.4237614647488757,0.0,0.0,5.532515546835999,False,,,,,,,0.0385073942655963,8.407562206249295,0.7039217570607363,,,1.0578535295336895,False,False,False,Darius Cooper,PHI,veteran_model,True,,False,ACT,,deep_bench,,deep_bench_discounted,3.074821096348941,3.074821096348941,0.94,True,7.0,3.074821096348941,,,,,,,,32.80438240429993,217.8739687342708,27.51020727894377,118.95507060419128,2025.0,PHI,canonical_source_team_frame,4.89568099736556,0.0,18.88108880158416,1.1182940780618114
00-0041467,WR,2026,1.4232451192266717,0.0,0.0,3.7888954019067627,False,,,,,,,0.0496951391709123,7.86557520097951,0.6770335282064935,,,1.145088115564585,False,False,False,Lewis Bond,HOU,rookie_rule,True,drafted,False,,,deep_bench,,deep_bench_discounted,2.163636363636364,2.163636363636364,1.0,False,6.0,2.163636363636364,no_data,,off_chart,0.6134722298298679,False,55.0,False,,,,,,,,3.4312657205768935,0.0,9.157705631983546,1.1142698422981712
00-0038840,WR,2026,1.419322895601358,0.0,0.0,5.528076977688481,False,,,,,,,0.0565284102913553,7.526918571865695,0.6549211533333131,,,1.099997928603618,False,False,False,Brycen Tremayne,CAR,veteran_model,True,,False,ACT,,deep_bench,,deep_bench_discounted,3.675255703569409,3.675255703569409,0.94,True,7.0,3.675255703569409,,,,,,,,33.08175557965288,214.53923085029223,26.97977516063293,116.45258332427316,2025.0,CAR,canonical_source_team_frame,5.4494534418483935,0.0,21.09557112530063,1.0446821583797872
00-0041257,WR,2026,1.4128521933213845,0.0,0.0,4.48185974025974,False,,,,,,,0.0314751397499559,8.799836197993184,0.6880354700446613,,,1.2346448615722514,False,False,False,Eric Rivers Jr.,TB,rookie_rule,True,udfa,False,,,deep_bench,,deep_bench_discounted,0.6584992343032159,0.6584992343032159,1.0,False,10.0,0.6584992343032159,above_median,,off_chart,1.0,False,653.0,False,,,,,,,,0.9939487264513074,0.0,3.1381642476921936,1.0683461200976023
00-0040953,WR,2026,1.4128521933213845,0.0,0.0,4.48185974025974,False,,,,,,,0.0314751397499559,8.799836197993184,0.6880354700446613,,,1.2346448615722514,False,False,False,Jeff Caldwell,KC,rookie_rule,True,udfa,False,,,deep_bench,,deep_bench_discounted,0.6584992343032159,0.6584992343032159,1.0,False,10.0,0.6584992343032159,above_median,,off_chart,1.0,False,653.0,False,,,,,,,,1.2018564684750543,0.0,3.8020583003755353,1.2918158259468653
00-0041179,WR,2026,1.4128521933213845,0.0,0.0,4.48185974025974,False,,,,,,,0.0314751397499559,8.799836197993184,0.6880354700446613,,,1.2346448615722514,False,False,False,Chris Hilton Jr.,WAS,rookie_rule,True,udfa,False,,,deep_bench,,deep_bench_discounted,0.6584992343032159,0.6584992343032159,1.0,False,12.0,0.6584992343032159,above_median,,off_chart,1.0,False,653.0,False,,,,,,,,0.8967071501027352,0.0,2.824196715225775,0.9638259793302996
00-0038090,WR,2026,1.4054203849011224,0.0,0.0,5.514174466988246,False,,,,,,,0.0587168849687165,7.579084938396441,0.5904211624983585,,,0.7766025859392038,False,False,False,Skyy Moore,GB,veteran_model,True,,True,ACT,,deep_bench,,deep_bench_discounted,2.346408471417165,2.346408471417165,0.94,True,6.0,2.346408471417165,,,,,,,,32.63743765242263,227.66151029204215,27.533819286041897,118.4027815738584,2025.0,GB,canonical_source_team_frame,3.7062595379212753,0.0,14.607434709201502,1.1238955766265675
00-0037086,TE,2026,1.4035009961761986,0.0,0.0,4.179099962387375,False,,,,,,,0.0488420371969806,6.885411406831173,0.8438152646223952,,,0.937512319649851,False,False,False,Grant Calcaterra,PHI,veteran_model,True,,False,ACT,,deep_bench,,deep_bench_discounted,5.9273685119134285,5.9273685119134285,1.0,False,4.0,5.9273685119134285,,,,,,,,32.80438240429993,217.8739687342708,27.51020727894377,118.95507060419128,2025.0,PHI,canonical_source_team_frame,9.29183930223805,0.0,27.553467427642836,1.1169327785913794
00-0040194,TE,2026,1.4003035952636589,0.0,0.0,4.175902561474835,False,,,,,,,0.0652577103255241,6.916628850204559,0.6341888965801163,,,0.9622778929436644,False,False,False,Jackson Hawes,BUF,veteran_model,True,,False,ACT,,deep_bench,,deep_bench_discounted,6.0,7.660548606829121,0.83,True,3.0,6.0,,,,,,,,33.21002626467289,231.99810200162543,27.995140482336904,133.52540408900225,2025.0,BUF,canonical_source_team_frame,9.152730463303362,0.0,27.344143386478436,1.0893745344772925
00-0037120,RB,2026,1.3824153981916913,0.0,0.0,7.7905215314491105,False,,1.2842969287143755,,,,,0.032946175425245,2.234643809360765,0.3493938107802272,0.0350095935529603,5.765194979962694,0.3639207315148046,False,False,False,Tyler Goodson,ATL,veteran_model,True,,True,ACT,,deep_bench,,deep_bench_discounted,1.875289471213938,1.875289471213938,0.73,True,3.0,1.875289471213938,,,,,,,,33.103579364958776,223.6760928436624,27.565529595779655,121.0212845239931,2025.0,ATL,canonical_source_team_frame,2.55648331273224,0.0,14.49143853832669,0.9861343443653965
00-0039920,WR,2026,1.3812580975713447,0.0,0.0,5.490012179658468,False,,,,,,,0.055999775577663,6.158696469975467,0.8587795942156395,,,1.179287576876468,False,False,False,Malachi Corley,CLE,veteran_model,True,,False,ACT,,deep_bench,,deep_bench_discounted,4.770601813161013,4.770601813161013,0.94,True,7.0,4.770601813161013,,,,,,,,33.8207695174603,210.10348431687345,26.544928262008405,109.302851392357,2025.0,CLE,canonical_source_team_frame,3.804582171090887,0.0,14.910859391105088,0.5773763123990499
00-0040120,WR,2026,1.38096244187162,0.0,0.0,5.489716523958743,False,,,,,,,0.0785333822770046,6.539537378794191,0.5116168206603464,,,0.7644063241033033,False,False,False,Jimmy Holiday,KC,veteran_model,True,,False,ACT,,deep_bench,,deep_bench_discounted,1.2928112441015085,1.2928112441015085,0.94,True,8.0,1.2928112441015085,,,,,,,,35.16438169616012,230.57945355267083,25.927946034942902,113.12705785543976,2025.0,KC,canonical_source_team_frame,2.2906826483625005,0.0,9.106592443732776,1.2830628727426023
00-0039397,WR,2026,1.3786686548439442,0.0,0.0,5.487422736931068,False,,,,,,,0.0751676292599654,6.857105500955463,0.4839046583772113,,,0.7816345442006767,False,False,False,Tejhaun Palmer,ARI,veteran_model,True,,False,ACT,,deep_bench,,deep_bench_discounted,0.8842147932752391,0.8842147932752391,0.94,True,9.0,0.8842147932752391,,,,,,,,36.21396386313722,240.76907152016224,24.98965667674017,107.79270996792926,2025.0,ARI,canonical_source_team_frame,1.2733965877389364,0.0,5.062433836226189,1.0445903357540811
00-0036980,WR,2026,1.3677361832165926,0.0,0.0,5.476490265303716,False,,,,,,,0.0315127102756358,7.722212342088142,0.8128773747079273,,,1.213866189497803,False,False,False,Elijah Moore,PHI,veteran_model,True,,True,ACT,,deep_bench,,deep_bench_discounted,4.5986739286112375,4.5986739286112375,0.86,True,5.0,4.5986739286112375,,,,,,,,32.80438240429993,217.8739687342708,27.51020727894377,118.95507060419128,2025.0,PHI,canonical_source_team_frame,7.048449534588453,0.0,27.96489580413675,1.1206207029322621
00-0037091,WR,2026,1.3644194604619098,0.0,0.0,5.473173542549032,False,,,,,,,0.0433976563337114,7.670807061706851,0.6739056325779127,,,1.0704558714095471,False,False,False,Bo Melton,GB,veteran_model,True,,False,ACT,,deep_bench,,deep_bench_discounted,2.0865607997054294,2.0865607997054294,0.86,True,5.0,2.0865607997054294,,,,,,,,32.63743765242263,227.66151029204215,27.533819286041897,118.4027815738584,2025.0,GB,canonical_source_team_frame,3.186199117562155,0.0,12.88014842783613,1.1191645982058738
00-0041149,QB,2026,1.3604008971786459,-0.7228507122756824,0.0,4.041699282570766,True,4.076011106327711,0.5980968145452994,2.336165536115311,0.1482035190512312,0.0973282787747736,23.59235087121173,,,,0.0203022885237923,2.0198705419079093,,True,False,False,Haynes King,CAR,rookie_rule,True,udfa,False,,,deep_bench,,deep_bench_discounted,0.5882352941176471,0.5882352941176471,1.0,False,3.0,0.5882352941176471,no_data,,off_chart,0.3011877967815344,False,102.0,False,,,,,,,,0.7642235237703454,0.0,1.8800073561981923,0.9549978929769705
00-0032918,RB,2026,1.356340929134383,0.0,0.0,7.7644470623918025,False,,1.7009095158337957,,,,,0.0033305698294188,1.8878148129634067,0.3950516238706997,0.0602166815000496,5.887501279258822,0.4279410272715411,False,False,False,C.J. Ham,MIN,veteran_model,True,,False,RET,,deep_bench,,deep_bench_discounted,1.8211731196771492,1.8211731196771492,0.86,True,,1.8211731196771492,,,,,,,,33.317960572598906,212.14905129671848,25.98644569135896,113.34466242181308,2025.0,MIN,canonical_source_team_frame,2.4015746033849794,0.0,13.681658292602705,0.9722455934220618
00-0041414,QB,2026,1.3550358730158731,-0.72,0.0,4.025759999999999,True,4.059936507936508,0.5957380952380952,2.3269523809523807,0.1476190476190476,0.0969444444444444,23.49930952380953,,,,0.0202222222222222,2.011904761904762,,True,False,False,Matthew Caldwell,LA,rookie_rule,True,udfa,False,,,deep_bench,,deep_bench_discounted,0.5882352941176471,0.5882352941176471,1.0,False,4.0,0.5882352941176471,no_data,,off_chart,0.3,False,102.0,False,,,,,,,,0.7170259433332543,0.0,1.7728857670151958,0.8995659287997713
00-0041172,QB,2026,1.3550358730158731,-0.72,0.0,4.025759999999999,True,4.059936507936508,0.5957380952380952,2.3269523809523807,0.1476190476190476,0.0969444444444444,23.49930952380953,,,,0.0202222222222222,2.011904761904762,,True,False,False,Miller Moss,CHI,rookie_rule,True,udfa,False,,,deep_bench,,deep_bench_discounted,0.5882352941176471,0.5882352941176471,1.0,False,4.0,0.5882352941176471,no_data,,off_chart,0.3,False,102.0,False,,,,,,,,0.7627913321998977,0.0,1.8613972577259972,0.9569822397791503
00-0041203,QB,2026,1.3550358730158731,-0.72,0.0,4.025759999999999,True,4.059936507936508,0.5957380952380952,2.3269523809523807,0.1476190476190476,0.0969444444444444,23.49930952380953,,,,0.0202222222222222,2.011904761904762,,True,False,False,Joey Aguilar,JAX,rookie_rule,True,udfa,False,,,deep_bench,,deep_bench_discounted,0.5882352941176471,0.5882352941176471,1.0,False,4.0,0.5882352941176471,no_data,,off_chart,0.3,False,102.0,False,,,,,,,,0.7126110277563726,0.0,1.744082651776667,0.8940270669658078
00-0041129,RB,2026,1.3547306949223648,0.033611442281670754,0.033611442281670754,3.2488414347226744,False,,1.6321676459096932,,,,,0.0136185000502703,2.3713281400171096,0.3152847314588654,0.0390636845314602,6.438624077008381,0.4137294767925982,False,False,False,Jam Miller,NE,rookie_rule,True,drafted,False,,,deep_bench,,deep_bench_discounted,4.142857142857143,4.142857142857143,1.0,False,5.0,4.142857142857143,no_data,,off_chart,0.3279165100650804,False,42.0,False,,,,,,,,5.514072773306104,0.1392474037383503,13.235766773071523,0.982470603346071
00-0039062,WR,2026,1.35423506451812,0.0,0.0,5.462989146605243,False,,,,,,,0.0482026309541351,7.760168947433083,0.5780047681000021,,,0.9437404644401328,False,False,False,Jonathan Mingo,DAL,veteran_model,True,,False,ACT,,deep_bench,,deep_bench_discounted,2.9721400162098828,2.9721400162098828,0.94,True,6.0,2.9721400162098828,,,,,,,,34.848900159202955,250.0561914085082,26.916637322594877,120.71500490898477,2025.0,DAL,canonical_source_team_frame,4.18136074798354,0.0,16.956027813797007,1.0388535267216772
00-0041067,WR,2026,1.3494717845666988,0.0,0.0,3.5924995424019865,False,,,,,,,0.0471192117473764,7.45786629423101,0.6419397693186789,,,1.0857329365982205,False,False,False,Bryce Lance,NO,rookie_rule,True,drafted,False,,,deep_bench,,deep_bench_discounted,2.163636363636364,2.163636363636364,1.0,False,4.0,2.163636363636364,no_data,,off_chart,0.5816731451153321,False,55.0,False,,,,,,,,3.0299773681656497,0.0,8.036025901145806,1.0377465642420802
00-0040154,WR,2026,1.3445335225431096,0.0,0.0,5.453287604630233,False,,,,,,,0.045575832932827,7.116591868580256,0.718838676176244,,,1.0880831050302573,False,False,False,Tai Felton,MIN,veteran_model,True,,False,ACT,,deep_bench,,deep_bench_discounted,2.214376462924176,2.214376462924176,1.0,False,4.0,2.214376462924176,,,,,,,,33.317960572598906,212.14905129671848,25.98644569135896,113.34466242181308,2025.0,MIN,canonical_source_team_frame,2.688009839385865,0.0,10.859582876863344,0.9028337024996965
00-0040259,WR,2026,1.3443406486238358,0.0,0.0,5.4530947307109585,False,,,,,,,0.026407752299759,7.997634294592974,0.7722614107319691,,,1.300345165524789,False,False,False,Gage Larvadain,CLE,veteran_model,True,,False,ACT,,deep_bench,,deep_bench_discounted,3.0049101685028607,3.0049101685028607,0.94,True,9.0,3.0049101685028607,,,,,,,,33.8207695174603,210.10348431687345,26.544928262008405,109.302851392357,2025.0,CLE,canonical_source_team_frame,2.3943701289003005,0.0,9.39000016881744,0.5927212012294727
00-0041104,RB,2026,1.338550306807464,0.03321000000000002,0.03321000000000002,3.210038508403362,False,,1.6126736563821906,,,,,0.0134558458658024,2.3430058987059232,0.3115190905526488,0.0385971227422529,6.361723600122153,0.408788049294004,False,False,False,Demond Claiborne,MIN,rookie_rule,True,drafted,False,,,deep_bench,,deep_bench_discounted,4.142857142857143,4.142857142857143,1.0,False,3.0,4.142857142857143,above_median,,off_chart,0.3,False,42.0,False,,,,,,,,5.357574655452446,0.1375842857142858,12.842401376858271,0.9661255679948473
00-0041125,RB,2026,1.338550306807464,0.03321000000000002,0.03321000000000002,3.210038508403362,False,,1.6126736563821906,,,,,0.0134558458658024,2.3430058987059232,0.3115190905526488,0.0385971227422529,6.361723600122153,0.408788049294004,False,False,False,Seth McGowan,IND,rookie_rule,True,drafted,False,,,deep_bench,,deep_bench_discounted,4.142857142857143,4.142857142857143,1.0,False,3.0,4.142857142857143,above_median,,off_chart,0.3,False,42.0,False,,,,,,,,5.708666550124564,0.1375842857142858,13.687447806286691,1.029437584713696
00-0040075,WR,2026,1.3359265154120954,0.0,0.0,5.444680597499219,False,,,,,,,0.0601232743332326,6.759357783950075,0.5985021820353846,,,0.779387801213294,False,False,False,LaJohntay Wester,BAL,veteran_model,True,,False,ACT,,deep_bench,,deep_bench_discounted,2.433712176371657,2.433712176371657,0.94,True,7.0,2.433712176371657,,,,,,,,31.3716833460928,213.64210242557775,28.058067379544,132.6208163798309,2025.0,BAL,canonical_source_team_frame,3.1372164208647306,0.0,12.813944137975122,0.9649230807662794
00-0039884,WR,2026,1.3337914749308075,0.0,0.0,5.442545557017931,False,,,,,,,0.0754662431134397,6.488393354066797,0.4643093616869791,,,0.9508305683521208,False,False,False,Tahj Washington,MIA,veteran_model,True,,False,ACT,,deep_bench,,deep_bench_discounted,2.280084020140077,2.280084020140077,0.94,True,8.0,2.280084020140077,,,,,,,,32.35681053457549,214.6121451327766,26.7390775924456,118.26868781082813,2025.0,MIA,canonical_source_team_frame,1.972788752276978,0.0,8.047268425241153,0.6486968589486619
00-0038640,WR,2026,1.329251754060126,0.0,0.0,5.43800583614725,False,,,,,,,0.0427277638655956,8.093299864443873,0.5271103688443302,,,0.9346735737789592,False,False,False,Jalen Brooks,ARI,veteran_model,True,,False,ACT,,deep_bench,,deep_bench_discounted,2.1184024439112976,2.1184024439112976,0.94,True,8.0,2.1184024439112976,,,,,,,,36.21396386313722,240.76907152016224,24.98965667674017,107.79270996792926,2025.0,ARI,canonical_source_team_frame,2.971464914983825,0.0,12.049243106789959,1.0552488703493308
00-0038783,TE,2026,1.3270417168051734,0.0,0.0,4.10264068301635,False,,,,,,,0.0348865487715867,6.905107429498265,0.8544233624516532,,,1.1145525518426027,False,False,False,Nate Adkins,DEN,veteran_model,True,,False,ACT,,deep_bench,,deep_bench_discounted,4.198919699462558,4.198919699462558,1.0,False,4.0,4.198919699462558,,,,,,,,34.86578769636352,230.0781619883208,26.560893200255972,117.8845379552942,2025.0,DEN,canonical_source_team_frame,6.165895990282365,0.0,19.11824905136981,1.1065576622938609
00-0036959,WR,2026,1.3108842491876411,0.0,0.0,5.419638331274764,False,,,,,,,0.0294219398908474,7.972770324409703,0.6741511548031728,,,1.168165663282378,False,False,False,Michael Bandy,DEN,veteran_model,True,,False,ACT,,deep_bench,,deep_bench_discounted,1.740096115112281,1.740096115112281,0.94,True,7.0,1.740096115112281,,,,,,,,34.86578769636352,230.0781619883208,26.560893200255972,117.8845379552942,2025.0,DEN,canonical_source_team_frame,2.517614324135739,0.0,10.471861799947574,1.103701462845222
00-0041374,WR,2026,1.3081964752975779,0.0,0.0,4.14987012987013,False,,,,,,,0.0291436479166258,8.147996479623318,0.6370698796709826,,,1.1431896866409734,False,False,False,Sincere Brown,LAC,rookie_rule,True,udfa,False,,,deep_bench,,deep_bench_discounted,0.6584992343032159,0.6584992343032159,1.0,False,11.0,0.6584992343032159,no_data,,off_chart,1.0,False,653.0,False,,,,,,,,0.9734007684801129,0.0,3.102097789927129,1.1299609518693152
00-0041380,WR,2026,1.3081964752975779,0.0,0.0,4.14987012987013,False,,,,,,,0.0291436479166258,8.147996479623318,0.6370698796709826,,,1.1431896866409734,False,False,False,Devonte Ross,LAC,rookie_rule,True,udfa,False,,,deep_bench,,deep_bench_discounted,0.6584992343032159,0.6584992343032159,1.0,False,10.0,0.6584992343032159,no_data,,off_chart,1.0,False,653.0,False,,,,,,,,0.9734007684801129,0.0,3.102097789927129,1.1299609518693152
00-0041407,WR,2026,1.3081964752975779,0.0,0.0,4.14987012987013,False,,,,,,,0.0291436479166258,8.147996479623318,0.6370698796709826,,,1.1431896866409734,False,False,False,Kyron Hudson,CHI,rookie_rule,True,udfa,False,,,deep_bench,,deep_bench_discounted,0.6584992343032159,0.6584992343032159,1.0,False,11.0,0.6584992343032159,no_data,,off_chart,1.0,False,653.0,False,,,,,,,,0.895020181015374,0.0,2.8538625523359142,1.0389737592476957
00-0041266,WR,2026,1.3081964752975779,0.0,0.0,4.14987012987013,False,,,,,,,0.0291436479166258,8.147996479623318,0.6370698796709826,,,1.1431896866409734,False,False,False,Keelan Marion,ATL,rookie_rule,True,udfa,False,,,deep_bench,,deep_bench_discounted,0.6584992343032159,0.6584992343032159,1.0,False,10.0,0.6584992343032159,no_data,,off_chart,1.0,False,653.0,False,,,,,,,,0.8715404060103351,0.0,2.7260931089638776,1.0117175357337185
00-0041359,WR,2026,1.3081964752975779,0.0,0.0,4.14987012987013,False,,,,,,,0.0291436479166258,8.147996479623318,0.6370698796709826,,,1.1431896866409734,False,False,False,Wesley Grimes,SF,rookie_rule,True,udfa,False,,,deep_bench,,deep_bench_discounted,0.6584992343032159,0.6584992343032159,1.0,False,14.0,0.6584992343032159,no_data,,off_chart,1.0,False,653.0,False,,,,,,,,0.9614545535704815,0.0,3.0399799338519546,1.1160933273433968
00-0040967,WR,2026,1.3081964752975779,0.0,0.0,4.14987012987013,False,,,,,,,0.0291436479166258,8.147996479623318,0.6370698796709826,,,1.1431896866409734,False,False,False,Jacob De Jesus,KC,rookie_rule,True,udfa,False,,,deep_bench,,deep_bench_discounted,0.6584992343032159,0.6584992343032159,1.0,False,12.0,0.6584992343032159,no_data,,off_chart,1.0,False,653.0,False,,,,,,,,1.1128300634028285,0.0,3.520424352199569,1.2918158259468653
00-0040954,WR,2026,1.3081964752975779,0.0,0.0,4.14987012987013,False,,,,,,,0.0291436479166258,8.147996479623318,0.6370698796709826,,,1.1431896866409734,False,False,False,Omari Evans,KC,rookie_rule,True,udfa,False,,,deep_bench,,deep_bench_discounted,0.6584992343032159,0.6584992343032159,1.0,False,11.0,0.6584992343032159,no_data,,off_chart,1.0,False,653.0,False,,,,,,,,1.1128300634028285,0.0,3.520424352199569,1.2918158259468653
00-0040989,WR,2026,1.3081964752975779,0.0,0.0,4.14987012987013,False,,,,,,,0.0291436479166258,8.147996479623318,0.6370698796709826,,,1.1431896866409734,False,False,False,Octavian Smith,BAL,rookie_rule,True,udfa,False,,,deep_bench,,deep_bench_discounted,0.6584992343032159,0.6584992343032159,1.0,False,12.0,0.6584992343032159,no_data,,off_chart,1.0,False,653.0,False,,,,,,,,0.8301275881284872,0.0,2.6355211396774525,0.9636439481337932
00-0040977,WR,2026,1.3081964752975779,0.0,0.0,4.14987012987013,False,,,,,,,0.0291436479166258,8.147996479623318,0.6370698796709826,,,1.1431896866409734,False,False,False,Cortez Braham,BAL,rookie_rule,True,udfa,False,,,deep_bench,,deep_bench_discounted,0.6584992343032159,0.6584992343032159,1.0,False,11.0,0.6584992343032159,no_data,,off_chart,1.0,False,653.0,False,,,,,,,,0.8301275881284872,0.0,2.6355211396774525,0.9636439481337932
00-0041265,WR,2026,1.3081964752975779,0.0,0.0,4.14987012987013,False,,,,,,,0.0291436479166258,8.147996479623318,0.6370698796709826,,,1.1431896866409734,False,False,False,Squirrel White,CHI,rookie_rule,True,udfa,False,,,deep_bench,,deep_bench_discounted,0.6584992343032159,0.6584992343032159,1.0,False,,0.6584992343032159,no_data,,off_chart,1.0,False,653.0,False,,,,,,,,0.895020181015374,0.0,2.8538625523359142,1.0389737592476957
00-0040948,WR,2026,1.3081964752975779,0.0,0.0,4.14987012987013,False,,,,,,,0.0291436479166258,8.147996479623318,0.6370698796709826,,,1.1431896866409734,False,False,False,J. Michael Sturdivant,GB,rookie_rule,True,udfa,False,,,deep_bench,,deep_bench_discounted,0.6584992343032159,0.6584992343032159,1.0,False,9.0,0.6584992343032159,no_data,,off_chart,1.0,False,653.0,False,,,,,,,,0.9611696739529121,0.0,3.0622054402326713,1.1157626281552921
00-0041020,WR,2026,1.3081964752975779,0.0,0.0,4.14987012987013,False,,,,,,,0.0291436479166258,8.147996479623318,0.6370698796709826,,,1.1431896866409734,False,False,False,Xavier Loyd,KC,rookie_rule,True,udfa,False,,,deep_bench,,deep_bench_discounted,0.6584992343032159,0.6584992343032159,1.0,False,13.0,0.6584992343032159,no_data,,off_chart,1.0,False,653.0,False,,,,,,,,1.1128300634028285,0.0,3.520424352199569,1.2918158259468653
00-0041373,WR,2026,1.3081964752975779,0.0,0.0,4.14987012987013,False,,,,,,,0.0291436479166258,8.147996479623318,0.6370698796709826,,,1.1431896866409734,False,False,False,Jerand Bradley,LAC,rookie_rule,True,udfa,False,,,deep_bench,,deep_bench_discounted,0.6584992343032159,0.6584992343032159,1.0,False,,0.6584992343032159,no_data,,off_chart,1.0,False,653.0,False,,,,,,,,0.9734007684801129,0.0,3.102097789927129,1.1299609518693152
00-0040919,WR,2026,1.3081964752975779,0.0,0.0,4.14987012987013,False,,,,,,,0.0291436479166258,8.147996479623318,0.6370698796709826,,,1.1431896866409734,False,False,False,Tyren Montgomery,TEN,rookie_rule,True,udfa,False,,,deep_bench,,deep_bench_discounted,0.6584992343032159,0.6584992343032159,1.0,False,12.0,0.6584992343032159,no_data,,off_chart,1.0,False,653.0,False,,,,,,,,0.8463046587322351,0.0,2.679972315274486,0.9824229122457796
00-0041361,WR,2026,1.3081964752975779,0.0,0.0,4.14987012987013,False,,,,,,,0.0291436479166258,8.147996479623318,0.6370698796709826,,,1.1431896866409734,False,False,False,Will Pauling,SF,rookie_rule,True,udfa,False,,,deep_bench,,deep_bench_discounted,0.6584992343032159,0.6584992343032159,1.0,False,15.0,0.6584992343032159,no_data,,off_chart,1.0,False,653.0,False,,,,,,,,0.9614545535704815,0.0,3.0399799338519546,1.1160933273433968
00-0041176,WR,2026,1.3081964752975779,0.0,0.0,4.14987012987013,False,,,,,,,0.0291436479166258,8.147996479623318,0.6370698796709826,,,1.1431896866409734,False,False,False,Jaden Bradley,WAS,rookie_rule,True,udfa,False,,,deep_bench,,deep_bench_discounted,0.6584992343032159,0.6584992343032159,1.0,False,11.0,0.6584992343032159,no_data,,off_chart,1.0,False,653.0,False,,,,,,,,0.8302843982432737,0.0,2.6149969585423842,0.9638259793302997
00-0041158,WR,2026,1.3081964752975779,0.0,0.0,4.14987012987013,False,,,,,,,0.0291436479166258,8.147996479623318,0.6370698796709826,,,1.1431896866409734,False,False,False,Donaven McCulley,MIA,rookie_rule,True,udfa,False,,,deep_bench,,deep_bench_discounted,0.6584992343032159,0.6584992343032159,1.0,False,12.0,0.6584992343032159,no_data,,off_chart,1.0,False,653.0,False,,,,,,,,0.5604635834202654,0.0,1.7749121867313298,0.6506076271118015
00-0041435,WR,2026,1.3081964752975779,0.0,0.0,4.14987012987013,False,,,,,,,0.0291436479166258,8.147996479623318,0.6370698796709826,,,1.1431896866409734,False,False,False,Dean Patterson,TB,rookie_rule,True,udfa,False,,,deep_bench,,deep_bench_discounted,0.6584992343032159,0.6584992343032159,1.0,False,11.0,0.6584992343032159,no_data,,off_chart,1.0,False,653.0,False,,,,,,,,0.9203228948623219,0.0,2.9057076367520303,1.068346120097602
00-0041187,WR,2026,1.3081964752975779,0.0,0.0,4.14987012987013,False,,,,,,,0.0291436479166258,8.147996479623318,0.6370698796709826,,,1.1431896866409734,False,False,False,Le'Meke Brockington,ATL,rookie_rule,True,udfa,False,,,deep_bench,,deep_bench_discounted,0.6584992343032159,0.6584992343032159,1.0,False,9.0,0.6584992343032159,no_data,,off_chart,1.0,False,653.0,False,,,,,,,,0.8715404060103351,0.0,2.7260931089638776,1.0117175357337185
00-0041168,WR,2026,1.3081964752975779,0.0,0.0,4.14987012987013,False,,,,,,,0.0291436479166258,8.147996479623318,0.6370698796709826,,,1.1431896866409734,False,False,False,Omari Kelly,CHI,rookie_rule,True,udfa,False,,,deep_bench,,deep_bench_discounted,0.6584992343032159,0.6584992343032159,1.0,False,10.0,0.6584992343032159,no_data,,off_chart,1.0,False,653.0,False,,,,,,,,0.895020181015374,0.0,2.8538625523359142,1.0389737592476957
00-0040912,WR,2026,1.3081964752975779,0.0,0.0,4.14987012987013,False,,,,,,,0.0291436479166258,8.147996479623318,0.6370698796709826,,,1.1431896866409734,False,False,False,Hank Beatty,TEN,rookie_rule,True,udfa,False,,,deep_bench,,deep_bench_discounted,0.6584992343032159,0.6584992343032159,1.0,False,13.0,0.6584992343032159,no_data,,off_chart,1.0,False,653.0,False,,,,,,,,0.8463046587322351,0.0,2.679972315274486,0.9824229122457796
00-0040986,WR,2026,1.3081964752975779,0.0,0.0,4.14987012987013,False,,,,,,,0.0291436479166258,8.147996479623318,0.6370698796709826,,,1.1431896866409734,False,False,False,Ty Pezza,BAL,rookie_rule,True,udfa,False,,,deep_bench,,deep_bench_discounted,0.6584992343032159,0.6584992343032159,1.0,False,,0.6584992343032159,no_data,,off_chart,1.0,False,653.0,False,,,,,,,,0.8301275881284872,0.0,2.6355211396774525,0.9636439481337932
00-0041474,WR,2026,1.3081964752975779,0.0,0.0,4.14987012987013,False,,,,,,,0.0291436479166258,8.147996479623318,0.6370698796709826,,,1.1431896866409734,False,False,False,Mante Morrow,LAC,rookie_rule,True,udfa,False,,,deep_bench,,deep_bench_discounted,0.6584992343032159,0.6584992343032159,1.0,False,12.0,0.6584992343032159,no_data,,off_chart,1.0,False,653.0,False,,,,,,,,0.9734007684801129,0.0,3.102097789927129,1.1299609518693152
00-0041087,TE,2026,1.3053673656665503,0.0,0.0,3.2146590627945177,False,,,,,,,0.0516441179692848,6.771725045028427,0.6366603066959978,,,0.8973040053889806,False,False,False,Joe Royer,CLE,rookie_rule,True,drafted,False,,,deep_bench,,deep_bench_discounted,2.4814814814814814,2.4814814814814814,1.0,False,2.0,2.4814814814814814,no_data,,off_chart,0.5959347613773415,False,27.0,False,,,,,,,,1.8753101946298014,0.0,4.5809845669262454,0.5789343587163477
00-0041131,TE,2026,1.3053673656665503,0.0,0.0,3.2146590627945177,False,,,,,,,0.0516441179692848,6.771725045028427,0.6366603066959978,,,0.8973040053889806,False,False,False,Carsen Ryan,CLE,rookie_rule,True,drafted,False,,,deep_bench,,deep_bench_discounted,2.4814814814814814,2.4814814814814814,1.0,False,5.0,2.4814814814814814,no_data,,off_chart,0.5959347613773415,False,27.0,False,,,,,,,,1.8753101946298014,0.0,4.5809845669262454,0.5789343587163477
00-0036775,WR,2026,1.30357693732183,0.0,0.0,5.412331019408953,False,,,,,,,0.0547551371751123,7.109656221788772,0.5281609841845578,,,0.8301099650027334,False,False,False,Brandon Smith,PIT,veteran_model,True,,True,ACT,,deep_bench,,deep_bench_discounted,0.4327440021633605,0.4327440021633605,0.94,True,11.0,0.4327440021633605,,,,,,,,33.52835881566065,220.6188474788981,26.553754211808798,113.31380639380768,2025.0,PIT,canonical_source_team_frame,0.5821875705982953,0.0,2.413323007864517,1.0320368477678579
00-0034867,WR,2026,1.2983519618279005,0.0,0.0,5.407106043915023,False,,,,,,,0.0597776665108178,6.7336433745590565,0.5326432506141758,,,0.8145299455293136,False,False,False,Malik Turner,SF,veteran_model,True,,False,ACT,,deep_bench,,deep_bench_discounted,1.2179791939276998,1.2179791939276998,0.94,True,10.0,1.2179791939276998,,,,,,,,34.24811794566182,240.1230793683237,26.942362571611483,112.8480179305098,2025.0,SF,canonical_source_team_frame,1.755204237878651,0.0,7.297170570502853,1.109929388645637
00-0040039,RB,2026,1.295265011798866,0.0,0.0,7.703371145056284,False,,1.4832810792546638,,,,,0.022100303069604,2.1668272976840663,0.3695102331661075,0.0240223422932819,6.170912932700904,0.4713965626930905,False,False,False,Amar Johnson,LAC,veteran_model,True,,False,ACT,,deep_bench,,deep_bench_discounted,1.9302625423961677,1.9302625423961677,0.7,True,5.0,1.9302625423961677,,,,,,,,34.81078054136303,231.0075612183065,26.604787498731607,118.73875848668648,2025.0,LAC,canonical_source_team_frame,2.641452543750197,0.0,15.59072605107432,1.056495849248627
00-0040894,WR,2026,1.2895113144815615,0.0,0.0,3.4328756333980435,False,,,,,,,0.0450255851012135,7.12649429079355,0.613416749589851,,,1.0374910555823469,False,False,False,Malik Benson,LV,rookie_rule,True,drafted,False,,,deep_bench,,deep_bench_discounted,2.163636363636364,2.163636363636364,1.0,False,5.0,2.163636363636364,no_data,,off_chart,0.5558279250700576,False,55.0,False,,,,,,,,3.375097526219074,0.0,8.911063421869212,1.2096978190146823
00-0040431,WR,2026,1.2788779679567992,0.0,0.0,5.387632050043922,False,,,,,,,0.0813129054756714,5.406590842154166,0.5006829017747083,,,0.7013445836768758,False,False,False,Dalen Cambre,NYG,veteran_model,True,,False,ACT,,deep_bench,,deep_bench_discounted,1.9896963557389915,1.9896963557389915,0.94,True,12.0,1.9896963557389915,,,,,,,,33.24318823444577,223.72200991226288,27.969267844990632,122.67699998352342,2025.0,NYG,canonical_source_team_frame,2.3413679844793798,0.0,9.885537086138559,0.9201396925804082
00-0041319,WR,2026,1.274120555320756,0.0,0.0,4.04177425503031,False,,,,,,,0.0283845137705002,7.935757354037907,0.620475474587928,,,1.11341186578922,False,False,False,Cameron Dorner,NE,rookie_rule,True,udfa,False,,,deep_bench,,deep_bench_discounted,0.6584992343032159,0.6584992343032159,1.0,False,9.0,0.6584992343032159,no_data,,off_chart,0.9739519860966824,False,653.0,False,,,,,,,,0.7948709366984109,0.0,2.5295591174381635,0.9473944176659557
00-0041318,WR,2026,1.274120555320756,0.0,0.0,4.04177425503031,False,,,,,,,0.0283845137705002,7.935757354037907,0.620475474587928,,,1.11341186578922,False,False,False,Kyle Dixon,NE,rookie_rule,True,udfa,False,,,deep_bench,,deep_bench_discounted,0.6584992343032159,0.6584992343032159,1.0,False,8.0,0.6584992343032159,no_data,,off_chart,0.9739519860966824,False,653.0,False,,,,,,,,0.7948709366984109,0.0,2.5295591174381635,0.9473944176659557
00-0041322,WR,2026,1.274120555320756,0.0,0.0,4.04177425503031,False,,,,,,,0.0283845137705002,7.935757354037907,0.620475474587928,,,1.11341186578922,False,False,False,Jimmy Kibble,NE,rookie_rule,True,udfa,False,,,deep_bench,,deep_bench_discounted,0.6584992343032159,0.6584992343032159,1.0,False,13.0,0.6584992343032159,no_data,,off_chart,0.9739519860966824,False,653.0,False,,,,,,,,0.7948709366984109,0.0,2.5295591174381635,0.9473944176659557
00-0041317,WR,2026,1.274120555320756,0.0,0.0,4.04177425503031,False,,,,,,,0.0283845137705002,7.935757354037907,0.620475474587928,,,1.11341186578922,False,False,False,Nick DeGennaro,NE,rookie_rule,True,udfa,False,,,deep_bench,,deep_bench_discounted,0.6584992343032159,0.6584992343032159,1.0,False,10.0,0.6584992343032159,no_data,,off_chart,0.9739519860966824,False,653.0,False,,,,,,,,0.7948709366984109,0.0,2.5295591174381635,0.9473944176659557
00-0038573,WR,2026,1.272220748129117,0.0,0.0,5.380974830216241,False,,,,,,,0.0293893114364582,7.697637232025289,0.6522423126156777,,,1.0242044425357897,False,False,False,Derius Davis,LAC,veteran_model,True,,False,ACT,,deep_bench,,deep_bench_discounted,2.402511692324868,2.402511692324868,0.94,True,6.0,2.402511692324868,,,,,,,,34.81078054136303,231.0075612183065,26.604787498731607,118.73875848668648,2025.0,LAC,canonical_source_team_frame,3.454441600670997,0.0,14.762335809440366,1.130185864369938
00-0037539,TE,2026,1.269530785887864,0.0,0.0,4.04512975209904,False,,,,,,,0.0245784230284225,6.867343789367226,0.8706517375612126,,,1.1422884254212655,False,False,False,Lucas Krull,DEN,veteran_model,True,,False,ACT,,deep_bench,,deep_bench_discounted,2.3122799295561234,2.3122799295561234,1.0,False,5.0,2.3122799295561234,,,,,,,,34.86578769636352,230.0781619883208,26.560893200255972,117.8845379552942,2025.0,DEN,canonical_source_team_frame,3.2436481083158357,0.0,10.376307974974086,1.104968981122171
00-0040646,WR,2026,1.2663783360313419,0.0,0.0,5.375132418118465,False,,,,,,,0.0280610029961405,8.076886223649668,0.5806473913790637,,,0.887911540036326,False,False,False,Jalen Royals,KC,veteran_model,True,,False,ACT,,deep_bench,,deep_bench_discounted,3.230923936818354,3.230923936818354,1.0,False,4.0,3.230923936818354,,,,,,,,35.16438169616012,230.57945355267083,25.927946034942902,113.12705785543976,2025.0,KC,canonical_source_team_frame,5.2891701289685695,0.0,22.32312323660988,1.2926987541481854
00-0036862,WR,2026,1.2592399883503125,0.0,0.0,5.367994070437435,False,,,,,,,0.0317070728547708,8.101876444080075,0.5176198136273604,,,0.983807076120752,False,False,False,Ben Skowronek,PIT,veteran_model,True,,False,ACT,,deep_bench,,deep_bench_discounted,3.6033938368691465,3.6033938368691465,0.86,True,5.0,3.6033938368691465,,,,,,,,33.52835881566065,220.6188474788981,26.553754211808798,113.31380639380768,2025.0,PIT,canonical_source_team_frame,4.686917926260288,0.0,19.934505682836384,1.032921008228413
00-0040205,RB,2026,1.256183383119631,0.0,0.0,7.66428951637705,False,,1.4465737781932544,,,,,0.0072044382422221,2.110551235886439,0.1944839589804503,0.0465413862469621,6.254113331056567,0.2095704536391102,False,False,False,Kalel Mullings,TEN,veteran_model,True,,False,ACT,,deep_bench,,deep_bench_discounted,2.151551957490453,2.151551957490453,0.7,True,5.0,2.151551957490453,,,,,,,,33.99018441127937,212.01753019527845,25.99058571793473,108.16497271051462,2025.0,TEN,canonical_source_team_frame,2.689657567458232,0.0,16.37997290556431,0.9951581613551841
00-0036646,WR,2026,1.2541771625295697,0.0,0.0,5.362931244616693,False,,,,,,,0.061794769117128,6.093944166996782,0.548028262254247,,,0.978145283507962,False,False,False,Simi Fehoko,ARI,veteran_model,True,,False,ACT,,deep_bench,,deep_bench_discounted,1.4887113929920397,1.4887113929920397,0.94,True,7.0,1.4887113929920397,,,,,,,,36.21396386313722,240.76907152016224,24.98965667674017,107.79270996792926,2025.0,ARI,canonical_source_team_frame,1.9542777705495893,0.0,8.333703859317044,1.0466871481275188
00-0040653,WR,2026,1.25379675915513,0.0,0.0,5.362550841242253,False,,,,,,,0.0737213066601799,5.504952288082032,0.5219473807716947,,,0.7282350718221051,False,False,False,Ricky White III,SEA,veteran_model,True,,False,ACT,,deep_bench,,deep_bench_discounted,0.7622934717494325,0.7622934717494325,0.94,True,8.0,0.7622934717494325,,,,,,,,32.225845759159824,233.1409897885389,27.9379864119506,119.71889503194852,2025.0,SEA,canonical_source_team_frame,0.9367131060851767,0.0,4.006648017407852,0.9800703558345433
00-0037745,RB,2026,1.2530122461465405,0.0,0.0,7.661118379403961,False,,1.4462502487642113,,,,,0.0185433651590691,2.136423960833174,0.387005384046008,0.0139838490988482,6.507038724927151,0.5359037381694137,False,False,False,Velus Jones Jr.,SEA,veteran_model,True,,False,ACT,,deep_bench,,deep_bench_discounted,1.258968858270071,1.258968858270071,0.7,True,5.0,1.258968858270071,,,,,,,,32.225845759159824,233.1409897885389,27.9379864119506,119.71889503194852,2025.0,SEA,canonical_source_team_frame,1.5552494004210105,0.0,9.550968538561671,0.9858929010537583
00-0040886,RB,2026,1.239398432229133,0.030750000000000013,0.030750000000000013,2.972257878151261,False,,1.4932163485020282,,,,,0.0124591165424096,2.169449906209188,0.2884436023635637,0.0357380766131971,5.89048481492792,0.3785074530500037,False,False,False,Nicholas Singleton,TEN,rookie_rule,True,drafted,False,,,deep_bench,,deep_bench_discounted,4.142857142857143,4.142857142857143,1.0,False,3.0,4.142857142857143,no_data,,off_chart,0.3,False,42.0,False,,,,,,,,5.101426861694174,0.12739285714285722,12.22859747616111,0.9935294943334788
00-0041496,RB,2026,1.239398432229133,0.030750000000000013,0.030750000000000013,2.972257878151261,False,,1.4932163485020282,,,,,0.0124591165424096,2.169449906209188,0.2884436023635637,0.0357380766131971,5.89048481492792,0.3785074530500037,False,False,False,Jonah Coleman,DEN,rookie_rule,True,drafted,False,,,deep_bench,,deep_bench_discounted,4.142857142857143,4.142857142857143,1.0,False,3.0,4.142857142857143,no_data,,off_chart,0.3,False,42.0,False,,,,,,,,5.328778480522486,0.12739285714285722,12.785978093084502,1.0378074081435331
00-0036265,RB,2026,1.2358547659822126,0.0,0.0,7.643960899239633,False,,1.2502707256623944,,,,,0.0090489593220689,3.11547735481085,0.3900622943802531,0.0206409708660611,5.51136302182221,0.589170438123187,False,False,False,AJ Dillon,CAR,veteran_model,True,,True,ACT,,deep_bench,,deep_bench_discounted,1.729221822684426,1.729221822684426,0.7,True,4.0,1.729221822684426,,,,,,,,33.08175557965288,214.53923085029223,26.97977516063293,116.45258332427316,2025.0,CAR,canonical_source_team_frame,2.189113993286296,0.0,13.41257547358743,1.024354389228878
00-0041185,WR,2026,1.2297046867797234,0.0,0.0,3.9008779220779206,False,,,,,,,0.0273950290416283,7.659116690845918,0.5988456868907236,,,1.074598305442515,False,False,False,Vinny Anthony II,ATL,rookie_rule,True,udfa,False,,,deep_bench,,deep_bench_discounted,0.6584992343032159,0.6584992343032159,1.0,False,6.0,0.6584992343032159,below_median,,off_chart,1.0,False,653.0,False,,,,,,,,0.8192479816497149,0.0,2.562527522426045,1.0117175357337185
00-0040476,RB,2026,1.2274251155367772,0.0,0.0,7.635531248794196,False,,1.3445983091559286,,,,,0.0079171126571275,2.1205403761247728,0.2417388722769872,0.0311551248554454,6.60068216710369,0.3160553450786715,False,False,False,Ulysses Bentley IV,IND,veteran_model,True,,False,ACT,,deep_bench,,deep_bench_discounted,1.8964187657155216,1.8964187657155216,0.7,True,4.0,1.8964187657155216,,,,,,,,33.819686508835005,234.02693422664208,26.500800154053703,117.38636019360476,2025.0,IND,canonical_source_team_frame,2.3899006580113578,0.0,14.887978326392156,1.026716636247391
00-0038824,WR,2026,1.2268012148377796,0.0,0.0,5.335555296924903,False,,,,,,,0.026437947471993,7.89423947357564,0.5574991652965151,,,0.9807495475441208,False,False,False,Ryan Miller,NYG,veteran_model,True,,True,ACT,,deep_bench,,deep_bench_discounted,2.432604327332912,2.432604327332912,0.94,True,14.0,2.432604327332912,,,,,,,,33.24318823444577,223.72200991226288,27.969267844990632,122.67699998352342,2025.0,NYG,canonical_source_team_frame,2.7732144403361136,0.0,11.996721509590042,0.9292611495617735
00-0038590,WR,2026,1.2216141321490874,0.0,0.0,5.330368214236209,False,,,,,,,0.065613993833044,5.769772701171695,0.5019057980673075,,,0.7567507412314046,False,False,False,Justin Shorter,LV,veteran_model,True,,False,RES,,deep_bench,,deep_bench_discounted,1.4645017396156454,1.4645017396156454,0.94,True,13.0,1.4645017396156454,,,,,,,,33.852695887179124,214.57281927994063,25.407262691012978,101.26520419334778,2025.0,LV,canonical_source_team_frame,2.1118511294415923,0.0,9.186749605881774,1.1804276131435116
00-0038911,WR,2026,1.2142967248756456,0.0,0.0,5.323050806962769,False,,,,,,,0.0668963555452935,5.397041488026693,0.5464288856024306,,,0.8853855734995953,False,False,False,Malik Cunningham,DET,veteran_model,True,,False,ACT,,deep_bench,,deep_bench_discounted,2.641485773836429,2.641485773836429,0.94,True,8.0,2.641485773836429,,,,,,,,33.92979712201368,246.18859977155995,26.79038838236451,118.19015619651694,2025.0,DET,canonical_source_team_frame,3.1403739756138025,0.0,13.746615986158377,0.9790576607644039
00-0041228,WR,2026,1.212896653597934,0.0,0.0,3.847559360103424,False,,,,,,,0.0270205842158924,7.554429208666717,0.5906604548718156,,,1.0599103204578668,False,False,False,Sahmir Hagans,IND,rookie_rule,True,udfa,False,,,deep_bench,,deep_bench_discounted,0.6584992343032159,0.6584992343032159,1.0,False,10.0,0.6584992343032159,no_data,,off_chart,0.9271517516679092,False,653.0,False,,,,,,,,0.8718737271889817,0.0,2.7622573308730862,1.0916276282964603
00-0041229,WR,2026,1.212896653597934,0.0,0.0,3.847559360103424,False,,,,,,,0.0270205842158924,7.554429208666717,0.5906604548718156,,,1.0599103204578668,False,False,False,E.J. Horton,IND,rookie_rule,True,udfa,False,,,deep_bench,,deep_bench_discounted,0.6584992343032159,0.6584992343032159,1.0,False,11.0,0.6584992343032159,no_data,,off_chart,0.9271517516679092,False,653.0,False,,,,,,,,0.8718737271889817,0.0,2.7622573308730862,1.0916276282964603
00-0041233,WR,2026,1.212896653597934,0.0,0.0,3.847559360103424,False,,,,,,,0.0270205842158924,7.554429208666717,0.5906604548718156,,,1.0599103204578668,False,False,False,Raylen Sharpe,IND,rookie_rule,True,udfa,False,,,deep_bench,,deep_bench_discounted,0.6584992343032159,0.6584992343032159,1.0,False,12.0,0.6584992343032159,no_data,,off_chart,0.9271517516679092,False,653.0,False,,,,,,,,0.8718737271889817,0.0,2.7622573308730862,1.0916276282964603
00-0033589,WR,2026,1.2077061946051946,0.0,0.0,5.316460276692317,False,,,,,,,0.0847088592502778,4.286508454953133,0.5416043872164292,,,0.867699790988939,False,False,False,David Moore,CAR,veteran_model,True,,False,ACT,,deep_bench,,deep_bench_discounted,1.0316945357271845,1.0316945357271845,0.94,True,6.0,1.0316945357271845,,,,,,,,33.08175557965288,214.53923085029223,26.97977516063293,116.45258332427316,2025.0,CAR,canonical_source_team_frame,1.2787795734885383,0.0,5.670858770504685,1.0263211203861957
00-0039266,RB,2026,1.1928866203525568,0.0,0.0,7.600992753609976,False,,1.57280866348833,,,,,0.0035140797274278,2.073449479306234,0.1670422705741397,0.0286835011744349,7.088350517236873,0.2275332119220642,False,False,False,Kendall Milton,CIN,veteran_model,True,,False,ACT,,deep_bench,,deep_bench_discounted,1.4893972604544492,1.4893972604544492,0.7,True,5.0,1.4893972604544492,,,,,,,,35.761155714222895,238.6430156013012,25.12023465395161,107.36930606582474,2025.0,CIN,canonical_source_team_frame,1.9103483739115683,0.0,12.334802401878168,1.0752336685359105
00-0035645,WR,2026,1.1835770002541455,0.0,0.0,5.292331082341269,False,,,,,,,0.0249297095797444,7.408967887382127,0.5862039080749326,,,1.1420056077018834,False,False,False,Gunner Olszewski,NYG,veteran_model,True,,False,RES,,deep_bench,,deep_bench_discounted,2.751305496844456,2.751305496844456,0.94,True,15.0,2.751305496844456,,,,,,,,33.24318823444577,223.72200991226288,27.969267844990632,122.67699998352342,2025.0,NYG,canonical_source_team_frame,3.0221607781945883,0.0,13.45406103204509,0.9280732004871172
00-0036331,WR,2026,1.181561493103473,0.0,0.0,5.290315575190596,False,,,,,,,0.0526518847084152,6.256700972782531,0.4799601751494574,,,0.8849002672033616,False,False,False,Devin Duvernay,ARI,veteran_model,True,,True,ACT,,deep_bench,,deep_bench_discounted,1.5826533300016772,1.5826533300016772,0.94,True,6.0,1.5826533300016772,,,,,,,,36.21396386313722,240.76907152016224,24.98965667674017,107.79270996792926,2025.0,ARI,canonical_source_team_frame,1.9619073142352255,0.0,8.743893393212842,1.049147044328166
00-0040432,WR,2026,1.1712688899086126,0.0,0.0,5.280022971995735,False,,,,,,,0.0193072790728944,7.510839606286897,0.6086825096851126,,,0.9807573763555616,False,False,False,Beaux Collins,NYG,veteran_model,True,,False,ACT,,deep_bench,,deep_bench_discounted,2.5887260398380825,2.5887260398380825,0.94,True,11.0,2.5887260398380825,,,,,,,,33.24318823444577,223.72200991226288,27.969267844990632,122.67699998352342,2025.0,NYG,canonical_source_team_frame,2.8153034474185565,0.0,12.630764457876833,0.928501290566545
00-0039737,TE,2026,1.1677973091845029,0.0,0.0,3.943396275395679,False,,,,,,,0.0319185420222251,6.092340696255196,0.7341039748512652,,,0.8882960401845681,False,False,False,Tip Reiman,ARI,veteran_model,True,,False,ACT,,deep_bench,,deep_bench_discounted,1.993087435869309,1.993087435869309,0.9,True,2.0,1.993087435869309,,,,,,,,36.21396386313722,240.76907152016224,24.98965667674017,107.79270996792926,2025.0,ARI,canonical_source_team_frame,2.4586723203114156,0.0,8.244799649472338,1.0563475522840176
00-0037132,WR,2026,1.149251664200456,0.0,0.0,5.258005746287579,False,,,,,,,0.0438041397534445,5.831294524354919,0.6065947464885939,,,1.0102555475799233,False,False,False,Britain Covey,PHI,veteran_model,True,,False,ACT,,deep_bench,,deep_bench_discounted,1.1457109838602302,1.1457109838602302,0.94,True,8.0,1.1457109838602302,,,,,,,,32.80438240429993,217.8739687342708,27.51020727894377,118.95507060419128,2025.0,PHI,canonical_source_team_frame,1.468269565439643,0.0,6.679380987201354,1.1151045265898076
00-0041323,RB,2026,1.1451654849287758,0.0,0.0,3.0525322542248032,False,,1.3315595986484383,,,,,0.006554309270582,1.8426571769256572,0.2519667066767641,0.0424404839155041,5.409476547813113,0.3330603276645483,False,False,False,Myles Montgomery,NE,rookie_rule,True,udfa,False,,,deep_bench,,deep_bench_discounted,0.71,0.71,1.0,False,6.0,0.71,no_data,,off_chart,0.36806532599567,False,300.0,False,,,,,,,,0.8001505840988388,0.0,2.132343697021009,0.9841133604637317
00-0041446,WR,2026,1.1375712564115972,0.0,0.0,3.0283880440082855,False,,,,,,,0.0397203272581189,6.286796380260851,0.541139309673597,,,0.9152459465538718,False,False,False,Kendrick Law,DET,rookie_rule,True,drafted,False,,,deep_bench,,deep_bench_discounted,2.163636363636364,2.163636363636364,1.0,False,,2.163636363636364,no_data,,off_chart,0.4903360396839989,False,55.0,False,,,,,,,,2.407056332088458,0.0,6.407008097492638,0.9779651350766143
00-0041201,WR,2026,1.1365431449518435,0.0,0.0,3.605350218873996,False,,,,,,,0.0253196013626291,7.078867524009436,0.5534775687502509,,,0.9931875114064146,False,False,False,DT Sheffield,NYJ,rookie_rule,True,udfa,False,,,deep_bench,,deep_bench_discounted,0.6584992343032159,0.6584992343032159,1.0,False,9.0,0.6584992343032159,no_data,,off_chart,0.8687862766892962,False,653.0,False,,,,,,,,0.6999472684150849,0.0,2.2173365763448873,0.9352422581624706
00-0041267,WR,2026,1.1365431449518435,0.0,0.0,3.605350218873996,False,,,,,,,0.0253196013626291,7.078867524009436,0.5534775687502509,,,0.9931875114064146,False,False,False,Malik McClain,NYJ,rookie_rule,True,udfa,False,,,deep_bench,,deep_bench_discounted,0.6584992343032159,0.6584992343032159,1.0,False,10.0,0.6584992343032159,no_data,,off_chart,0.8687862766892962,False,653.0,False,,,,,,,,0.6999472684150849,0.0,2.2173365763448873,0.9352422581624706
00-0041199,WR,2026,1.1365431449518435,0.0,0.0,3.605350218873996,False,,,,,,,0.0253196013626291,7.078867524009436,0.5534775687502509,,,0.9931875114064146,False,False,False,Caullin Lacy,NYJ,rookie_rule,True,udfa,False,,,deep_bench,,deep_bench_discounted,0.6584992343032159,0.6584992343032159,1.0,False,8.0,0.6584992343032159,no_data,,off_chart,0.8687862766892962,False,653.0,False,,,,,,,,0.6999472684150849,0.0,2.2173365763448873,0.9352422581624706
00-0041311,WR,2026,1.1365431449518435,0.0,0.0,3.605350218873996,False,,,,,,,0.0253196013626291,7.078867524009436,0.5534775687502509,,,0.9931875114064146,False,False,False,Jalen Walthall,NYJ,rookie_rule,True,udfa,False,,,deep_bench,,deep_bench_discounted,0.6584992343032159,0.6584992343032159,1.0,False,,0.6584992343032159,no_data,,off_chart,0.8687862766892962,False,653.0,False,,,,,,,,0.6999472684150849,0.0,2.2173365763448873,0.9352422581624706
00-0040241,WR,2026,1.1363741277212434,0.0,0.0,5.2451282098083665,False,,,,,,,0.0355848897230799,6.291151550304963,0.5874992687045351,,,0.9426200197893428,False,False,False,Dominic Lovett,DET,veteran_model,True,,False,ACT,,deep_bench,,deep_bench_discounted,2.2080944285751785,2.2080944285751785,0.86,True,5.0,2.2080944285751785,,,,,,,,33.92979712201368,246.18859977155995,26.79038838236451,118.19015619651694,2025.0,DET,canonical_source_team_frame,2.4554332706962123,0.0,11.32149801485323,0.9785638246483485
00-0037594,RB,2026,1.1355923963393129,0.0,0.0,7.543698529596732,False,,1.3173965550399336,,,,,0.0,2.082949363419751,0.1717509500405588,0.0480023795924539,5.534077074223349,0.2476641928402771,False,False,False,Julius Chestnut,TEN,veteran_model,True,,False,ACT,,deep_bench,,deep_bench_discounted,1.940941731868129,1.940941731868129,0.7,True,6.0,1.940941731868129,,,,,,,,33.99018441127937,212.01753019527845,25.99058571793473,108.16497271051462,2025.0,TEN,canonical_source_team_frame,2.195887495658436,0.0,14.546090924237419,0.9962655473629604
00-0033455,TE,2026,1.1234217055820075,0.0,0.0,3.899020671793184,False,,,,,,,0.0294556914828384,6.256014675166224,0.6421721783367096,,,0.6752460351099072,False,False,False,Anthony Firkser,WAS,veteran_model,True,,True,ACT,,deep_bench,,deep_bench_discounted,4.525826938740477,4.525826938740477,1.0,False,4.0,4.525826938740477,,,,,,,,32.67019161591956,214.9395285925804,27.26986368464489,124.1188052104396,2025.0,WAS,canonical_source_team_frame,4.885307982242363,0.0,16.788666160708928,0.9608402647380536
00-0038896,RB,2026,1.1208781849826361,0.0,0.0,7.528984318240056,False,,1.4351194140823396,,,,,0.0069097571979149,2.520925994256165,0.2548613276995454,0.0221355594316107,5.6708302193009335,0.2195095739650723,False,False,False,Jacob Saylors,DET,veteran_model,True,,False,ACT,,deep_bench,,deep_bench_discounted,2.2339788781864,2.2339788781864,0.7,True,4.0,2.2339788781864,,,,,,,,33.92979712201368,246.18859977155995,26.79038838236451,118.19015619651694,2025.0,DET,canonical_source_team_frame,2.484511057370982,0.0,16.705393635458893,0.9922096680543588
00-0036567,RB,2026,1.1194642722826744,0.0,0.0,7.527570405540093,False,,1.1229026397972146,,,,,0.0115570267380984,2.1059598025344624,0.3026373525442045,0.0248441714232192,5.391424267892202,0.3230328883062409,False,False,False,Elijah Mitchell,PHI,veteran_model,True,,True,ACT,,deep_bench,,deep_bench_discounted,1.5129414607531493,1.5129414607531493,0.7,True,5.0,1.5129414607531493,,,,,,,,32.80438240429993,217.8739687342708,27.51020727894377,118.95507060419128,2025.0,PHI,canonical_source_team_frame,1.7723344241882324,0.0,11.831462406221101,1.0464375390779859
00-0040225,TE,2026,1.1181086345250106,0.0,0.0,3.893707600736187,False,,,,,,,0.0385159715308449,6.2879414459533605,0.5164373214892101,,,0.8705085707398371,False,False,False,Thomas Fidone II,NYG,veteran_model,True,,False,ACT,,deep_bench,,deep_bench_discounted,2.8689492500233014,2.8689492500233014,1.0,False,4.0,2.8689492500233014,,,,,,,,33.24318823444577,223.72200991226288,27.969267844990632,122.67699998352342,2025.0,NYG,canonical_source_team_frame,2.969134517285913,0.0,10.313205898557166,0.9255992768552866
00-0034270,TE,2026,1.1171505857698059,0.0,0.0,3.892749551980982,False,,,,,,,0.0526483912341819,5.667963144519082,0.4689278478256125,,,0.5001657894036164,False,False,False,Tyler Conklin,DET,veteran_model,True,,True,ACT,,deep_bench,,deep_bench_discounted,5.454511447368032,5.454511447368032,0.83,True,3.0,5.454511447368032,,,,,,,,33.92979712201368,246.18859977155995,26.79038838236451,118.19015619651694,2025.0,DET,canonical_source_team_frame,5.957948729411162,0.0,20.768651666877417,0.9777530660564764
00-0032951,WR,2026,1.1086701330788487,0.0,0.0,5.2174242151659715,False,,,,,,,0.0571047145685888,5.640333392591407,0.40401701281635,,,0.7461714295811053,False,False,False,Laquon Treadwell,IND,veteran_model,True,,False,ACT,,deep_bench,,deep_bench_discounted,0.7820362218331074,0.7820362218331074,0.94,True,7.0,0.7820362218331074,,,,,,,,33.819686508835005,234.02693422664208,26.500800154053703,117.38636019360476,2025.0,IND,canonical_source_team_frame,0.9456761567634834,0.0,4.447527851727432,1.0907198637792523
00-0037093,WR,2026,1.1023216853186333,0.0,0.0,5.211075767405756,False,,,,,,,0.0501813066354264,5.652277977452352,0.4720120955216794,,,0.797147194382565,False,False,False,Dareke Young,LV,veteran_model,True,,True,ACT,,deep_bench,,deep_bench_discounted,1.9929719885219543,1.9929719885219543,0.94,True,6.0,1.9929719885219543,,,,,,,,33.852695887179124,214.57281927994063,25.407262691012978,101.26520419334778,2025.0,LV,canonical_source_team_frame,2.622334949123382,0.0,12.250233710706596,1.1936544384610779
00-0040352,WR,2026,1.0987100777726255,0.0,0.0,5.207464159859748,False,,,,,,,0.0341632961645077,6.136850687816069,0.5600904640079447,,,0.8472274330120587,False,False,False,Coleman Owen,IND,veteran_model,True,,False,ACT,,deep_bench,,deep_bench_discounted,1.3117178541324097,1.3117178541324097,0.94,True,8.0,1.3117178541324097,,,,,,,,33.819686508835005,234.02693422664208,26.500800154053703,117.38636019360476,2025.0,IND,canonical_source_team_frame,1.5695442589596884,0.0,7.4432381654144795,1.0890555404453757
00-0037708,WR,2026,1.091960349554489,0.0,0.0,5.200714431641612,False,,,,,,,0.0652645291093316,5.257111312030654,0.3493240873908678,,,0.6618800705401011,False,False,False,Maurice Alexander,CHI,veteran_model,True,,False,ACT,,deep_bench,,deep_bench_discounted,0.7770837491883715,0.7770837491883715,0.94,True,7.0,0.7770837491883715,,,,,,,,33.73805380586444,231.6076855324185,27.696271758130365,127.85601286134172,2025.0,CHI,canonical_source_team_frame,0.8950382829138794,0.0,4.260965968742772,1.054792215039746
00-0038519,WR,2026,1.0888976348415662,0.0,0.0,5.197651716928688,False,,,,,,,0.0368765498422113,6.772977714163529,0.3806811287438907,,,0.6503373536391727,False,False,False,Nikko Remigio,KC,veteran_model,True,,False,ACT,,deep_bench,,deep_bench_discounted,2.82224665185682,2.82224665185682,0.94,True,6.0,2.82224665185682,,,,,,,,35.16438169616012,230.57945355267083,25.927946034942902,113.12705785543976,2025.0,KC,canonical_source_team_frame,3.9698426524124115,0.0,18.849183072065735,1.2917880793483854
00-0039364,RB,2026,1.0785570442224404,0.0,0.0,7.48666317747986,False,,1.4966245318287257,,,,,0.0050672048965128,2.56302238092198,0.2531885046669339,0.0080731155837452,6.168186309152275,0.2398494508706977,False,False,False,Sione Vaki,DET,veteran_model,True,,False,ACT,,deep_bench,,deep_bench_discounted,1.5492388421567296,1.5492388421567296,0.73,True,3.0,1.5492388421567296,,,,,,,,33.92979712201368,246.18859977155995,26.79038838236451,118.19015619651694,2025.0,DET,canonical_source_team_frame,1.657543844898917,0.0,11.519563524158144,0.991981398664683
00-0036630,WR,2026,1.0603337944528701,0.0,0.0,5.169087876539994,False,,,,,,,0.032470935172081,6.414174150320382,0.4481815367766921,,,0.9560710432568484,False,False,False,Tylan Wallace,CLE,veteran_model,True,,True,ACT,,deep_bench,,deep_bench_discounted,1.9551268403349609,1.9551268403349609,0.94,True,6.0,1.9551268403349609,,,,,,,,33.8207695174603,210.10348431687345,26.544928262008405,109.302851392357,2025.0,CLE,canonical_source_team_frame,1.2143799953849448,0.0,5.766044866920857,0.5857834039315694
00-0035631,TE,2026,1.0524501422868424,0.0,0.0,3.8280491084980186,False,,,,,,,0.0568493184041864,4.97764550317584,0.4271793630882798,,,0.6308704025992915,False,False,False,Drew Sample,CIN,veteran_model,True,,False,ACT,1.0,starter,,curated,16.7446596254095,16.7446596254095,0.9,True,2.0,16.7446596254095,,,,,,,,35.761155714222895,238.6430156013012,25.12023465395161,107.36930606582474,2025.0,CIN,canonical_source_team_frame,22.402396024354463,0.0,81.55174283747684,1.2712079939268286
00-0039816,WR,2026,1.0406343345541216,0.0,0.0,5.149388416641244,False,,,,,,,0.0313133641516472,5.943791335775553,0.5167500321333662,,,0.8312063210952066,False,False,False,Anthony Gould,IND,veteran_model,True,,False,ACT,,deep_bench,,deep_bench_discounted,1.661171019456829,1.661171019456829,0.94,True,6.0,1.661171019456829,,,,,,,,33.819686508835005,234.02693422664208,26.500800154053703,117.38636019360476,2025.0,IND,canonical_source_team_frame,1.8838305141547809,0.0,9.3223281025073,1.089756154890362
00-0041205,WR,2026,1.0386900165590047,0.0,0.0,3.2949398315203546,False,,,,,,,0.0231396557846741,6.469397187771436,0.5058247261476329,,,0.9076768948464652,False,False,False,Brady Boyd,JAX,rookie_rule,True,udfa,False,,,deep_bench,,deep_bench_discounted,0.6584992343032159,0.6584992343032159,1.0,False,10.0,0.6584992343032159,no_data,,off_chart,0.7939862521971187,False,653.0,False,,,,,,,,0.7568132250458124,0.0,2.4250033788390293,1.106489968415707
00-0041220,WR,2026,1.0386900165590047,0.0,0.0,3.2949398315203546,False,,,,,,,0.0231396557846741,6.469397187771436,0.5058247261476329,,,0.9076768948464652,False,False,False,Michael Wortham,JAX,rookie_rule,True,udfa,False,,,deep_bench,,deep_bench_discounted,0.6584992343032159,0.6584992343032159,1.0,False,13.0,0.6584992343032159,no_data,,off_chart,0.7939862521971187,False,653.0,False,,,,,,,,0.7568132250458124,0.0,2.4250033788390293,1.106489968415707
00-0041216,WR,2026,1.0386900165590047,0.0,0.0,3.2949398315203546,False,,,,,,,0.0231396557846741,6.469397187771436,0.5058247261476329,,,0.9076768948464652,False,False,False,Trebor Pena,JAX,rookie_rule,True,udfa,False,,,deep_bench,,deep_bench_discounted,0.6584992343032159,0.6584992343032159,1.0,False,12.0,0.6584992343032159,no_data,,off_chart,0.7939862521971187,False,653.0,False,,,,,,,,0.7568132250458124,0.0,2.4250033788390293,1.106489968415707
00-0041215,WR,2026,1.0386900165590047,0.0,0.0,3.2949398315203546,False,,,,,,,0.0231396557846741,6.469397187771436,0.5058247261476329,,,0.9076768948464652,False,False,False,Ben Patterson,JAX,rookie_rule,True,udfa,False,,,deep_bench,,deep_bench_discounted,0.6584992343032159,0.6584992343032159,1.0,False,11.0,0.6584992343032159,no_data,,off_chart,0.7939862521971187,False,653.0,False,,,,,,,,0.7568132250458124,0.0,2.4250033788390293,1.106489968415707
00-0041206,WR,2026,1.0386900165590047,0.0,0.0,3.2949398315203546,False,,,,,,,0.0231396557846741,6.469397187771436,0.5058247261476329,,,0.9076768948464652,False,False,False,Alex Bullock,JAX,rookie_rule,True,udfa,False,,,deep_bench,,deep_bench_discounted,0.6584992343032159,0.6584992343032159,1.0,False,,0.6584992343032159,no_data,,off_chart,0.7939862521971187,False,653.0,False,,,,,,,,0.7568132250458124,0.0,2.4250033788390293,1.106489968415707
00-0035140,WR,2026,1.0287621495144523,0.0,0.0,5.137516231601575,False,,,,,,,0.0271789017682258,5.600264661431844,0.6113245455238262,,,0.9918647213816484,False,False,False,Mecole Hardman,BUF,veteran_model,True,,False,ACT,,deep_bench,,deep_bench_discounted,0.4889652586702038,0.4889652586702038,0.94,True,6.0,0.4889652586702038,,,,,,,,33.21002626467289,231.99810200162543,27.995140482336904,133.52540408900225,2025.0,BUF,canonical_source_team_frame,0.5403342112994005,0.0,2.7473596100749713,1.074161259926197
00-0038953,WR,2026,1.0235035006109199,0.0,0.0,5.132257582698043,False,,,,,,,0.0378497057148434,5.112169460765832,0.5703766404905524,,,0.912904468045856,False,False,False,Dylan Drummond,ATL,veteran_model,True,,False,ACT,,deep_bench,,deep_bench_discounted,2.2878185397307256,2.2878185397307256,0.86,True,5.0,2.2878185397307256,,,,,,,,33.103579364958776,223.6760928436624,27.565529595779655,121.0212845239931,2025.0,ATL,canonical_source_team_frame,2.3212601799099044,0.0,11.46067712353106,0.991317821736606
00-0040390,WR,2026,1.02113166728082,0.0,0.0,5.1298857493679435,False,,,,,,,0.0302932895829066,5.695321493900183,0.5396795607867241,,,0.8415037278323111,False,False,False,Jackson Meeks,DET,veteran_model,True,,False,ACT,,deep_bench,,deep_bench_discounted,1.4314236400329337,1.4314236400329337,0.79,True,,1.4314236400329337,,,,,,,,33.92979712201368,246.18859977155995,26.79038838236451,118.19015619651694,2025.0,DET,canonical_source_team_frame,1.4305065454088435,0.0,7.178039125814883,0.9786782106041729
00-0034487,WR,2026,1.0124869627242965,0.0,0.0,5.12124104481142,False,,,,,,,0.0192431589142059,6.335970331134087,0.5268619522513048,,,0.8753253175873027,False,False,False,Trent Sherfield,BUF,veteran_model,True,,True,ACT,,deep_bench,,deep_bench_discounted,1.403381550150658,1.403381550150658,0.94,True,8.0,1.403381550150658,,,,,,,,33.21002626467289,231.99810200162543,27.995140482336904,133.52540408900225,2025.0,BUF,canonical_source_team_frame,1.5251000969061086,0.0,7.8594943517842335,1.0733296985235437
00-0036628,TE,2026,0.9900471239350481,0.0,0.0,3.765646090146225,False,,,,,,,0.0291719230515818,4.845246896024447,0.6609817920462252,,,0.8467238266654293,False,False,False,John Bates,WAS,veteran_model,True,,False,ACT,2.0,backup,,curated,15.469138323069886,15.469138323069886,0.9,True,2.0,15.469138323069886,,,,,,,,32.67019161591956,214.9395285925804,27.26986368464489,124.1188052104396,2025.0,WAS,canonical_source_team_frame,14.67453210828107,0.0,55.35984700522863,0.9581693477020107
00-0038492,WR,2026,0.9898431039434445,0.0,0.0,5.098597186030567,False,,,,,,,0.0226424499140117,6.652658137765956,0.3774451813655574,,,0.6368525940017883,False,False,False,Jason Brownlee,KC,veteran_model,True,,False,ACT,,deep_bench,,deep_bench_discounted,1.7173177721433963,1.7173177721433963,0.94,True,7.0,1.7173177721433963,,,,,,,,35.16438169616012,230.57945355267083,25.927946034942902,113.12705785543976,2025.0,KC,canonical_source_team_frame,2.2008724368601316,0.0,11.254849247721303,1.2947259283336525
00-0034419,WR,2026,0.9772760184179496,0.0,0.0,5.086030100505072,False,,,,,,,0.003425158467175,6.1548886130185405,0.682472412626091,,,1.080560900302868,False,False,False,Braxton Berrios,NYG,veteran_model,True,,True,ACT,,deep_bench,,deep_bench_discounted,1.9299329674921968,1.9299329674921968,0.94,True,9.0,1.9299329674921968,,,,,,,,33.24318823444577,223.72200991226288,27.969267844990632,122.67699998352342,2025.0,NYG,canonical_source_team_frame,1.7468533258550776,0.0,9.064422471334272,0.9261833609115534
00-0041081,TE,2026,0.9709461391493579,0.0,0.0,2.391097623394349,False,,,,,,,0.0384134445757701,5.036881157584346,0.4735547118726054,,,0.667424268899823,False,False,False,Max Bredeson,MIN,rookie_rule,True,drafted,False,,,deep_bench,,deep_bench_discounted,2.4814814814814814,2.4814814814814814,1.0,False,,2.4814814814814814,no_data,,off_chart,0.443262617836908,False,27.0,False,,,,,,,,2.172622354393935,0.0,5.342299571056066,0.9017332129138377
00-0035976,WR,2026,0.9676662179621517,0.0,0.0,5.076420300049275,False,,,,,,,0.0716580842360865,3.566662926459204,0.3621028397994247,,,0.6372594759372606,False,False,False,Dan Chisena,CAR,veteran_model,True,,False,ACT,,deep_bench,,deep_bench_discounted,0.0338301965140965,0.0338301965140965,0.94,True,14.0,0.0338301965140965,,,,,,,,33.08175557965288,214.53923085029223,26.97977516063293,116.45258332427316,2025.0,CAR,canonical_source_team_frame,0.03357741593902103,0.0,0.177597663400933,1.0256924771869538
00-0033217,TE,2026,0.966048571741051,0.0,0.0,3.741647537952227,False,,,,,,,0.0451279422100531,4.603493113894615,0.4698632141825416,,,0.6542295360874953,False,False,False,Mo Alie-Cox,IND,veteran_model,True,,False,ACT,2.0,backup,,curated,15.066224795757206,15.066224795757206,0.9,True,2.0,15.066224795757206,,,,,,,,33.819686508835005,234.02693422664208,26.500800154053703,117.38636019360476,2025.0,IND,canonical_source_team_frame,15.820252434509849,0.0,61.33140157758638,1.0869510920200967
00-0035298,WR,2026,0.9652331968597069,0.0,0.0,5.07398727894683,False,,,,,,,0.0210587969242135,6.124860349160598,0.452788760796732,,,0.8285302643894191,False,False,False,Scott Miller,CHI,veteran_model,True,,True,ACT,,deep_bench,,deep_bench_discounted,1.8989282435011867,1.8989282435011867,0.94,True,6.0,1.8989282435011867,,,,,,,,33.73805380586444,231.6076855324185,27.696271758130365,127.85601286134172,2025.0,CHI,canonical_source_team_frame,1.9036838170758115,0.0,10.128865665079793,1.0386136214330048
00-0040244,TE,2026,0.9460522633734921,0.0,0.0,3.721651229584668,False,,,,,,,0.0118292343739672,5.763556026458844,0.5974425089676089,,,0.7634527469159953,False,False,False,Moliki Matavao,NO,veteran_model,True,,False,ACT,,deep_bench,,deep_bench_discounted,4.583009106524509,4.583009106524509,1.0,False,4.0,4.583009106524509,,,,,,,,34.20105181449663,231.16042627321303,26.953986866698717,109.11968596923658,2025.0,NO,canonical_source_team_frame,4.556571598741919,0.0,17.638708936347456,1.0509265152710068
00-0041281,RB,2026,0.9402821362646478,0.0,0.0,2.506398932550572,False,,1.0933281874616778,,,,,0.0053816675439404,1.512984498332837,0.2068869489516016,0.034847390534703,4.4416586348370295,0.2734719833272858,False,False,False,TJ Harden,CLE,rookie_rule,True,udfa,False,,,deep_bench,,deep_bench_discounted,0.71,0.71,1.0,False,6.0,0.71,no_data,,off_chart,0.3022141826372613,False,300.0,False,,,,,,,,0.5845413028192631,0.0,1.5476611661538606,0.8755857182134896
00-0041277,RB,2026,0.9402821362646478,0.0,0.0,2.506398932550572,False,,1.0933281874616778,,,,,0.0053816675439404,1.512984498332837,0.2068869489516016,0.034847390534703,4.4416586348370295,0.2734719833272858,False,False,False,Davon Booth,CLE,rookie_rule,True,udfa,False,,,deep_bench,,deep_bench_discounted,0.71,0.71,1.0,False,5.0,0.71,no_data,,off_chart,0.3022141826372613,False,300.0,False,,,,,,,,0.5845413028192631,0.0,1.5476611661538606,0.8755857182134896
00-0041376,RB,2026,0.933393126748033,0.0,0.0,2.488035714285714,False,,1.0853178807699777,,,,,0.0053422385709805,1.5018995651989244,0.2053711845812894,0.0345920799255103,4.409116669585511,0.2714683814050442,False,False,False,Gregory Desrosiers,LAC,rookie_rule,True,udfa,False,,,deep_bench,,deep_bench_discounted,0.71,0.71,1.0,False,,0.71,no_data,,off_chart,0.3,False,300.0,False,,,,,,,,0.688477459221704,0.0,1.8390821274132727,1.0388833327523035
00-0041273,RB,2026,0.933393126748033,0.0,0.0,2.488035714285714,False,,1.0853178807699777,,,,,0.0053422385709805,1.5018995651989244,0.2053711845812894,0.0345920799255103,4.409116669585511,0.2714683814050442,False,False,False,Desmond Reid,BUF,rookie_rule,True,udfa,False,,,deep_bench,,deep_bench_discounted,0.71,0.71,1.0,False,,0.71,no_data,,off_chart,0.3,False,300.0,False,,,,,,,,0.6759852417446491,0.0,1.8051290972452791,1.0200331055557583
00-0041350,RB,2026,0.933393126748033,0.0,0.0,2.488035714285714,False,,1.0853178807699777,,,,,0.0053422385709805,1.5018995651989244,0.2053711845812894,0.0345920799255103,4.409116669585511,0.2714683814050442,False,False,False,Kejon Owens,MIN,rookie_rule,True,udfa,False,,,deep_bench,,deep_bench_discounted,0.71,0.71,1.0,False,6.0,0.71,no_data,,off_chart,0.3,False,300.0,False,,,,,,,,0.6436214469044212,0.0,1.7130982881226398,0.9711975095696003
00-0041486,RB,2026,0.933393126748033,0.0,0.0,2.488035714285714,False,,1.0853178807699777,,,,,0.0053422385709805,1.5018995651989244,0.2053711845812894,0.0345920799255103,4.409116669585511,0.2714683814050442,False,False,False,Anderson Castle,IND,rookie_rule,True,udfa,False,,,deep_bench,,deep_bench_discounted,0.71,0.71,1.0,False,5.0,0.71,no_data,,off_chart,0.3,False,300.0,False,,,,,,,,0.6795635494800056,0.0,1.8131270034203444,1.025432620406866
00-0041139,RB,2026,0.933393126748033,0.0,0.0,2.488035714285714,False,,1.0853178807699777,,,,,0.0053422385709805,1.5018995651989244,0.2053711845812894,0.0345920799255103,4.409116669585511,0.2714683814050442,False,False,False,Damon Bankston,NYG,rookie_rule,True,udfa,False,,,deep_bench,,deep_bench_discounted,0.71,0.71,1.0,False,6.0,0.71,no_data,,off_chart,0.3,False,300.0,False,,,,,,,,0.6468114944837643,0.0,1.7221747450102054,0.976011156285954
00-0041157,RB,2026,0.933393126748033,0.0,0.0,2.488035714285714,False,,1.0853178807699777,,,,,0.0053422385709805,1.5018995651989244,0.2053711845812894,0.0345920799255103,4.409116669585511,0.2714683814050442,False,False,False,Anthony Hankerson,MIA,rookie_rule,True,udfa,False,,,deep_bench,,deep_bench_discounted,0.71,0.71,1.0,False,6.0,0.71,no_data,,off_chart,0.3,False,300.0,False,,,,,,,,0.591304710298636,0.0,1.5687147905338357,0.8922537693559639
00-0041231,RB,2026,0.933393126748033,0.0,0.0,2.488035714285714,False,,1.0853178807699777,,,,,0.0053422385709805,1.5018995651989244,0.2053711845812894,0.0345920799255103,4.409116669585511,0.2714683814050442,False,False,False,Lincoln Pare,IND,rookie_rule,True,udfa,False,,,deep_bench,,deep_bench_discounted,0.71,0.71,1.0,False,,0.71,no_data,,off_chart,0.3,False,300.0,False,,,,,,,,0.6795635494800056,0.0,1.8131270034203444,1.025432620406866
00-0041221,RB,2026,0.933393126748033,0.0,0.0,2.488035714285714,False,,1.0853178807699777,,,,,0.0053422385709805,1.5018995651989244,0.2053711845812894,0.0345920799255103,4.409116669585511,0.2714683814050442,False,False,False,Jackson Acker,BUF,rookie_rule,True,udfa,False,,,deep_bench,,deep_bench_discounted,0.71,0.71,1.0,False,,0.71,no_data,,off_chart,0.3,False,300.0,False,,,,,,,,0.6759852417446491,0.0,1.8051290972452791,1.0200331055557583
00-0041161,RB,2026,0.933393126748033,0.0,0.0,2.488035714285714,False,,1.0853178807699777,,,,,0.0053422385709805,1.5018995651989244,0.2053711845812894,0.0345920799255103,4.409116669585511,0.2714683814050442,False,False,False,Le'Veon Moss,MIA,rookie_rule,True,udfa,False,,,deep_bench,,deep_bench_discounted,0.71,0.71,1.0,False,,0.71,no_data,,off_chart,0.3,False,300.0,False,,,,,,,,0.591304710298636,0.0,1.5687147905338357,0.8922537693559639
00-0041165,RB,2026,0.933393126748033,0.0,0.0,2.488035714285714,False,,1.0853178807699777,,,,,0.0053422385709805,1.5018995651989244,0.2053711845812894,0.0345920799255103,4.409116669585511,0.2714683814050442,False,False,False,Coleman Bennett,CHI,rookie_rule,True,udfa,False,,,deep_bench,,deep_bench_discounted,0.71,0.71,1.0,False,6.0,0.71,no_data,,off_chart,0.3,False,300.0,False,,,,,,,,0.6706593589294432,0.0,1.7896951248746333,1.0119965739092984
00-0041415,RB,2026,0.933393126748033,0.0,0.0,2.488035714285714,False,,1.0853178807699777,,,,,0.0053422385709805,1.5018995651989244,0.2053711845812894,0.0345920799255103,4.409116669585511,0.2714683814050442,False,False,False,Dean Connors,LA,rookie_rule,True,udfa,False,,,deep_bench,,deep_bench_discounted,0.71,0.71,1.0,False,6.0,0.71,no_data,,off_chart,0.3,False,300.0,False,,,,,,,,0.689823068971274,0.0,1.8397318775960732,1.0409138008852725
00-0041436,RB,2026,0.933393126748033,0.0,0.0,2.488035714285714,False,,1.0853178807699777,,,,,0.0053422385709805,1.5018995651989244,0.2053711845812894,0.0345920799255103,4.409116669585511,0.2714683814050442,False,False,False,DJ Herman,MIA,rookie_rule,True,udfa,False,,,deep_bench,,deep_bench_discounted,0.71,0.71,1.0,False,,0.71,no_data,,off_chart,0.3,False,300.0,False,,,,,,,,0.591304710298636,0.0,1.5687147905338357,0.8922537693559639
00-0040937,RB,2026,0.933393126748033,0.0,0.0,2.488035714285714,False,,1.0853178807699777,,,,,0.0053422385709805,1.5018995651989244,0.2053711845812894,0.0345920799255103,4.409116669585511,0.2714683814050442,False,False,False,Dominic Richardson,DAL,rookie_rule,True,udfa,False,,,deep_bench,,deep_bench_discounted,0.71,0.71,1.0,False,6.0,0.71,no_data,,off_chart,0.3,False,300.0,False,,,,,,,,0.6705712526603466,0.0,1.7890893790885043,1.011863625280045
00-0041241,RB,2026,0.933393126748033,0.0,0.0,2.488035714285714,False,,1.0853178807699777,,,,,0.0053422385709805,1.5018995651989244,0.2053711845812894,0.0345920799255103,4.409116669585511,0.2714683814050442,False,False,False,Kentrel Bullock,CIN,rookie_rule,True,udfa,False,,,deep_bench,,deep_bench_discounted,0.71,0.71,1.0,False,6.0,0.71,no_data,,off_chart,0.3,False,300.0,False,,,,,,,,0.7210798110560067,0.0,1.9269217951841302,1.0880789011409508
00-0041244,RB,2026,0.933393126748033,0.0,0.0,2.488035714285714,False,,1.0853178807699777,,,,,0.0053422385709805,1.5018995651989244,0.2053711845812894,0.0345920799255103,4.409116669585511,0.2714683814050442,False,False,False,Jamal Haynes,CIN,rookie_rule,True,udfa,False,,,deep_bench,,deep_bench_discounted,0.71,0.71,1.0,False,7.0,0.71,no_data,,off_chart,0.3,False,300.0,False,,,,,,,,0.7210798110560067,0.0,1.9269217951841302,1.0880789011409508
00-0038496,WR,2026,0.9329791406826504,0.0,0.0,5.041733222769773,False,,,,,,,0.0144468679975074,5.7773505272583074,0.5371257599435503,,,0.7498533323574257,False,False,False,Xavier Gipson,NYG,veteran_model,True,,True,ACT,,deep_bench,,deep_bench_discounted,1.6460751504033522,1.6460751504033522,0.94,True,13.0,1.6460751504033522,,,,,,,,33.24318823444577,223.72200991226288,27.969267844990632,122.67699998352342,2025.0,NYG,canonical_source_team_frame,1.4235816629443936,0.0,7.664870316292555,0.9269595700246402
00-0041368,WR,2026,0.9131319347805663,0.0,0.0,2.896643594697359,False,,,,,,,0.0203425067344098,5.687368778708296,0.4446800330065558,,,0.7979558346892865,False,False,False,Harrison Wallace III,ARI,rookie_rule,True,udfa,False,,,deep_bench,,deep_bench_discounted,0.6584992343032159,0.6584992343032159,1.0,False,10.0,0.6584992343032159,below_median,,off_chart,0.7425619700383687,False,653.0,False,,,,,,,,0.6371163029689282,0.0,2.010029630861381,1.0595706317650169
00-0037304,TE,2026,0.91247015913386,0.0,0.0,3.688069125345037,False,,,,,,,0.0354451685034938,4.435087692523303,0.5125807577211339,,,0.70973683543705,False,False,False,Connor Heyward,LV,veteran_model,True,,True,ACT,,deep_bench,,deep_bench_discounted,3.079208987088432,3.079208987088432,0.77,True,,3.079208987088432,,,,,,,,33.852695887179124,214.57281927994063,25.407262691012978,101.26520419334778,2025.0,LV,canonical_source_team_frame,3.3694819098900926,0.0,13.492240039596798,1.1992377556722673
00-0037329,RB,2026,0.9122385442928794,0.0,0.0,7.320344677550299,False,,1.768235185392343,,,,,0.0060731438972962,1.5462819566263626,0.3121932240513864,0.010532581762468,5.018793826459647,0.3343694731603584,False,False,False,Brittain Brown,CHI,veteran_model,True,,False,ACT,,deep_bench,,deep_bench_discounted,3.281894530591213,3.281894530591213,0.7,True,4.0,3.281894530591213,,,,,,,,33.73805380586444,231.6076855324185,27.696271758130365,127.85601286134172,2025.0,CHI,canonical_source_team_frame,3.039681742101302,0.0,24.427578415184843,1.0153016137799988
00-0039650,WR,2026,0.9119045561930711,0.0,0.0,5.020658638280194,False,,,,,,,0.0329325489866614,5.068668940855349,0.4148847363751357,,,0.6157224462719649,False,False,False,Bryce Oliver,TEN,veteran_model,True,,False,ACT,,deep_bench,,deep_bench_discounted,1.1125883274592467,1.1125883274592467,0.94,True,6.0,1.1125883274592467,,,,,,,,33.99018441127937,212.01753019527845,25.99058571793473,108.16497271051462,2025.0,TEN,canonical_source_team_frame,0.9947598662765538,0.0,5.462728191030861,0.9804701366555763
00-0041510,TE,2026,0.9096483933331131,0.10941176470588232,0.10941176470588232,1.9049999999999998,False,,,,,,,0.0375853355157515,4.664590166528832,0.4353547271714416,,,0.6560935197036345,False,False,False,Max Klare,LA,rookie_rule,True,drafted,False,,,deep_bench,,deep_bench_discounted,6.0,12.465116279069768,1.0,False,4.0,6.0,no_data,,off_chart,0.3,False,4.0,True,,,,,,,,6.11183888183619,0.7524747330880623,12.812718707935042,1.1198170865853867
00-0036176,WR,2026,0.9000979197138859,0.0,0.0,5.008852001801009,False,,,,,,,0.0416469252817122,4.522928792299803,0.3958469775872647,,,0.6317266957008997,False,False,False,Mason Kinsey,TEN,veteran_model,True,,False,ACT,,deep_bench,,deep_bench_discounted,1.0968234040732563,1.0968234040732563,0.94,True,7.0,1.0968234040732563,,,,,,,,33.99018441127937,212.01753019527845,25.99058571793473,108.16497271051462,2025.0,TEN,canonical_source_team_frame,0.9665556881263861,0.0,5.371214721750851,0.9790399510136184
00-0036497,WR,2026,0.8724877308987462,0.0,0.0,4.981241812985869,False,,,,,,,0.0299251665398263,4.545540537260746,0.4767653558674276,,,0.6810680046738474,False,False,False,Tim Jones,JAX,veteran_model,True,,False,ACT,,deep_bench,,deep_bench_discounted,1.7158189839317814,1.7158189839317814,0.94,True,7.0,1.7158189839317814,,,,,,,,34.281611997177656,230.8787037290612,27.439030345261777,117.85703830149006,2025.0,JAX,canonical_source_team_frame,1.6745072891176886,0.0,9.700753873318348,1.1185521714516824
00-0038752,WR,2026,0.8708813335966443,0.0,0.0,4.979635415683767,False,,,,,,,0.013126463846086,5.863808326691576,0.4114834357019415,,,0.6215979504976578,False,False,False,Jake Bobo,SEA,veteran_model,True,,False,ACT,,deep_bench,,deep_bench_discounted,2.53280391678946,2.53280391678946,0.86,True,5.0,2.53280391678946,,,,,,,,32.225845759159824,233.1409897885389,27.9379864119506,119.71889503194852,2025.0,SEA,canonical_source_team_frame,2.113899760377675,0.0,12.314096214693645,0.9583493185713818
00-0039912,TE,2026,0.8681894391444576,0.0,0.0,3.643788405355634,False,,,,,,,0.0202883326685413,5.156250862717182,0.461668713722983,,,0.7369867182574621,False,False,False,Ben Sinnott,WAS,veteran_model,True,,False,ACT,,deep_bench,,deep_bench_discounted,6.0,7.526716211585213,0.83,True,3.0,6.0,,,,,,,,32.67019161591956,214.9395285925804,27.26986368464489,124.1188052104396,2025.0,WAS,canonical_source_team_frame,5.015498560947955,0.0,20.796073036620548,0.9628272231097378
00-0038046,TE,2026,0.8658989951051743,0.0,0.0,3.6414979613163507,False,,,,,,,0.0318142765630092,4.1992231391133,0.5101820436315783,,,0.6651941293838357,False,False,False,Charlie Kolar,LAC,veteran_model,True,,True,ACT,2.0,backup,,curated,13.037226536330648,13.037226536330648,0.83,True,3.0,13.037226536330648,,,,,,,,34.81078054136303,231.0075612183065,26.604787498731607,118.73875848668648,2025.0,LAC,canonical_source_team_frame,12.819229330357576,0.0,54.153020092739,1.1355583873097845
00-0034418,WR,2026,0.8562468292345734,0.0,0.0,4.965000911321697,False,,,,,,,0.0135812474587448,5.5757493114287975,0.4343688266784495,,,0.7945795839216069,False,False,False,Cedrick Wilson Jr.,DET,veteran_model,True,,True,ACT,,deep_bench,,deep_bench_discounted,1.319397774738218,1.319397774738218,0.94,True,6.0,1.319397774738218,,,,,,,,33.92979712201368,246.18859977155995,26.79038838236451,118.19015619651694,2025.0,DET,canonical_source_team_frame,1.1038497192487546,0.0,6.401569754561755,0.9770914836474156
00-0041309,WR,2026,0.8548988797223357,0.0,0.0,2.7119162847554303,False,,,,,,,0.0190452064543884,5.324668881122773,0.416321505767456,,,0.7470678914626989,False,False,False,Daniel Sobkowicz,HOU,rookie_rule,True,udfa,False,,,deep_bench,,deep_bench_discounted,0.6584992343032159,0.6584992343032159,1.0,False,12.0,0.6584992343032159,no_data,,off_chart,0.6534942540094142,False,653.0,False,,,,,,,,0.6249424355691852,0.0,1.9901882960343904,1.110120169618901
00-0041308,WR,2026,0.8548988797223357,0.0,0.0,2.7119162847554303,False,,,,,,,0.0190452064543884,5.324668881122773,0.416321505767456,,,0.7470678914626989,False,False,False,Treyvhon Saunders,HOU,rookie_rule,True,udfa,False,,,deep_bench,,deep_bench_discounted,0.6584992343032159,0.6584992343032159,1.0,False,11.0,0.6584992343032159,no_data,,off_chart,0.6534942540094142,False,653.0,False,,,,,,,,0.6249424355691852,0.0,1.9901882960343904,1.110120169618901
00-0039021,RB,2026,0.8461294650044422,0.0,0.0,7.254235598261862,False,,1.368798727152253,,,,,0.0054150124508479,2.175039970543752,0.2820909363219631,0.0104401976658155,3.92448739089105,0.4475448225082918,False,False,False,Roschon Johnson,CHI,veteran_model,True,,False,ACT,,deep_bench,,deep_bench_discounted,1.7408610392602253,1.7408610392602253,0.73,True,3.0,1.7408610392602253,,,,,,,,33.73805380586444,231.6076855324185,27.696271758130365,127.85601286134172,2025.0,CHI,canonical_source_team_frame,1.498218496266667,0.0,12.843298505034399,1.0171247673488697
00-0040387,TE,2026,0.8403538958976873,0.0,0.0,3.6159528621088635,False,,,,,,,0.0166723854735051,5.455275540058875,0.389584058101538,,,0.6176085523818746,False,False,False,Zach Horton,DET,veteran_model,True,,False,ACT,,deep_bench,,deep_bench_discounted,4.219720841702541,4.219720841702541,0.77,True,,4.219720841702541,,,,,,,,33.92979712201368,246.18859977155995,26.79038838236451,118.19015619651694,2025.0,DET,canonical_source_team_frame,3.462625722170006,0.0,14.920486333251525,0.9764715899228025
00-0041287,WR,2026,0.8395150125195616,0.0,0.0,2.6631154721923505,False,,,,,,,0.0187024888138659,5.228851702145372,0.408829818843658,,,0.7336244380832171,False,False,False,Kole Wilson,CLE,rookie_rule,True,udfa,False,,,deep_bench,,deep_bench_discounted,0.6584992343032159,0.6584992343032159,1.0,False,12.0,0.6584992343032159,no_data,,off_chart,0.6417346540614978,False,653.0,False,,,,,,,,0.32692763411886183,0.0,1.0220248330504675,0.5913817124919872
00-0038396,RB,2026,0.8364389211913604,0.0,0.0,7.244545054448778,False,,1.0660762167504227,,,,,0.0002527189076819,1.8496414949342632,0.2670107690604239,0.0014721803138864,5.076199918383122,0.3244306699760984,False,False,False,Eric Gray,NYG,veteran_model,True,,False,ACT,,deep_bench,,deep_bench_discounted,1.3525057957471878,1.3525057957471878,0.7,True,4.0,1.3525057957471878,,,,,,,,33.24318823444577,223.72200991226288,27.969267844990632,122.67699998352342,2025.0,NYG,canonical_source_team_frame,1.0977542115671186,0.0,9.532610196639652,0.9703574486369418
00-0041443,WR,2026,0.832251423912447,0.0,0.0,2.215580120875874,False,,,,,,,0.0290595413100672,4.599443955558765,0.3958995609923345,,,0.6695973882571017,False,False,False,Skyler Bell,BUF,rookie_rule,True,drafted,False,,,deep_bench,,deep_bench_discounted,2.163636363636364,2.163636363636364,1.0,False,5.0,2.163636363636364,above_median,,off_chart,0.3321589786643442,False,55.0,False,,,,,,,,1.9497837379755003,0.0,5.211941514388176,1.082798449209922
00-0039530,TE,2026,0.830382448073612,0.0,0.0,3.6059814142847886,False,,,,,,,0.0383345811401097,3.930578867343076,0.4146341489972921,,,0.6517768476710601,False,False,False,Brevyn Spann-Ford,DAL,veteran_model,True,,False,ACT,2.0,backup,,curated,15.136501110174295,15.136501110174295,0.9,True,2.0,15.136501110174295,,,,,,,,34.848900159202955,250.0561914085082,26.916637322594877,120.71500490898477,2025.0,DAL,canonical_source_team_frame,13.131195739338926,0.0,57.035351355662996,1.044721704009465
00-0038710,TE,2026,0.8160796709248568,0.0,0.0,3.5916786371360336,False,,,,,,,0.033848626146726,3.9359847281077913,0.4387788824674432,,,0.6500511774963361,False,False,False,Blake Whiteheart,CLE,veteran_model,False,,False,ACT,2.0,backup,,curated,11.205568756404013,11.205568756404013,1.0,False,4.0,11.205568756404013,,,,,,,,33.8207695174603,210.10348431687345,26.544928262008405,109.302851392357,2025.0,CLE,canonical_source_team_frame,5.278637443991017,0.0,23.04255890072849,0.577238606948227
00-0041451,WR,2026,0.8105855423342823,0.0,0.0,2.5713452018531404,False,,,,,,,0.0180580058868633,5.04866682496673,0.3947416490328588,,,0.7083439297037123,False,False,False,Brock Rechsteiner,NO,rookie_rule,True,udfa,False,,,deep_bench,,deep_bench_discounted,0.6584992343032159,0.6584992343032159,1.0,False,13.0,0.6584992343032159,no_data,,off_chart,0.6196206438714773,False,653.0,False,,,,,,,,0.5578417338052121,0.0,1.7576022348990543,1.0450976575893
00-0040788,WR,2026,0.8105855423342823,0.0,0.0,2.5713452018531404,False,,,,,,,0.0180580058868633,5.04866682496673,0.3947416490328588,,,0.7083439297037123,False,False,False,Damien Alford,NO,rookie_rule,True,udfa,False,,,deep_bench,,deep_bench_discounted,0.6584992343032159,0.6584992343032159,1.0,False,,0.6584992343032159,no_data,,off_chart,0.6196206438714773,False,653.0,False,,,,,,,,0.5578417338052121,0.0,1.7576022348990543,1.0450976575893
00-0037277,TE,2026,0.8085265408017244,0.0,0.0,3.5841255070129012,False,,,,,,,0.0471353525000912,3.432124706182338,0.3650039103658867,,,0.5411960910748574,False,False,False,Teagan Quitoriano,ARI,veteran_model,True,,True,ACT,,deep_bench,,deep_bench_discounted,4.019776315734194,4.019776315734194,1.0,False,4.0,4.019776315734194,,,,,,,,36.21396386313722,240.76907152016224,24.98965667674017,107.79270996792926,2025.0,ARI,canonical_source_team_frame,3.3872867485817686,0.0,15.057089677944354,1.042211342682015
00-0041491,WR,2026,0.7891441117683882,0.0,0.0,2.503328543860809,False,,,,,,,0.017580339485034,4.915120600016649,0.3843000297130385,,,0.689606971798224,False,False,False,Aaron Anderson,CLE,rookie_rule,True,udfa,False,,,deep_bench,,deep_bench_discounted,0.6584992343032159,0.6584992343032159,1.0,False,11.0,0.6584992343032159,below_median,,off_chart,0.6417346540614978,False,653.0,False,,,,,,,,0.30731197607173016,0.0,0.9607033430674392,0.5913817124919872
00-0035039,TE,2026,0.7828535023062939,0.0,0.0,3.5584524685174705,False,,,,,,,0.057311472199698,2.9963866552329024,0.2786920071696312,,,0.3328399211768746,False,False,False,Stephen Carlson,CHI,veteran_model,True,,False,ACT,,deep_bench,,deep_bench_discounted,0.6069955328574438,0.6069955328574438,1.0,False,5.0,0.6069955328574438,,,,,,,,33.73805380586444,231.6076855324185,27.696271758130365,127.85601286134172,2025.0,CHI,canonical_source_team_frame,0.5042994173107275,0.0,2.2760653936768747,1.0612616544859643
00-0036825,TE,2026,0.7819283208643703,0.0,0.0,3.5575272870755468,False,,,,,,,0.0380993661511272,3.8018086216921594,0.3463025235767821,,,0.7574067501893547,False,False,False,Feleipe Franks,CAR,veteran_model,True,,True,ACT,,deep_bench,,deep_bench_discounted,3.559977601343396,3.559977601343396,1.0,False,4.0,3.559977601343396,,,,,,,,33.08175557965288,214.53923085029223,26.97977516063293,116.45258332427316,2025.0,CAR,canonical_source_team_frame,2.8940093248913885,0.0,13.156720671169342,1.0396465516431357
00-0041005,WR,2026,0.7745691611706067,0.0,0.0,2.457093782284719,False,,,,,,,0.0172556426702628,4.824341693022277,0.3772022716936043,,,0.6768704039192325,False,False,False,Corey Rucker,LV,rookie_rule,True,udfa,False,,,deep_bench,,deep_bench_discounted,0.6584992343032159,0.6584992343032159,1.0,False,,0.6584992343032159,no_data,,off_chart,0.5920893197594148,False,653.0,False,,,,,,,,0.6277688061374305,0.0,1.959594579119467,1.2307908404388856
00-0041011,WR,2026,0.7745691611706067,0.0,0.0,2.457093782284719,False,,,,,,,0.0172556426702628,4.824341693022277,0.3772022716936043,,,0.6768704039192325,False,False,False,E.J. Williams Jr.,LV,rookie_rule,True,udfa,False,,,deep_bench,,deep_bench_discounted,0.6584992343032159,0.6584992343032159,1.0,False,11.0,0.6584992343032159,no_data,,off_chart,0.5920893197594148,False,653.0,False,,,,,,,,0.6277688061374305,0.0,1.959594579119467,1.2307908404388856
00-0041022,WR,2026,0.7745691611706067,0.0,0.0,2.457093782284719,False,,,,,,,0.0172556426702628,4.824341693022277,0.3772022716936043,,,0.6768704039192325,False,False,False,Jonathan Brady,LV,rookie_rule,True,udfa,False,,,deep_bench,,deep_bench_discounted,0.6584992343032159,0.6584992343032159,1.0,False,,0.6584992343032159,no_data,,off_chart,0.5920893197594148,False,653.0,False,,,,,,,,0.6277688061374305,0.0,1.959594579119467,1.2307908404388856
00-0040509,TE,2026,0.7584579757261923,0.0,0.0,3.5340569419373686,False,,,,,,,0.0265863933100527,3.706669248890889,0.4565453819535744,,,0.567932007468319,False,False,False,Ben Yurosek,MIN,veteran_model,True,,False,ACT,,deep_bench,,deep_bench_discounted,5.575872588216691,5.575872588216691,0.83,True,3.0,5.575872588216691,,,,,,,,33.317960572598906,212.14905129671848,25.98644569135896,113.34466242181308,2025.0,MIN,canonical_source_team_frame,3.8164997995144367,0.0,17.736829611655985,0.9024452844485962
00-0039686,TE,2026,0.756569266777122,0.0,0.0,3.5321682329882984,False,,,,,,,0.0280121615131579,3.752165047529113,0.4265595858905266,,,0.5815794589537703,False,False,False,Colson Yankoff,WAS,veteran_model,True,,False,ACT,,deep_bench,,deep_bench_discounted,5.682902165436102,5.682902165436102,1.0,False,4.0,5.682902165436102,,,,,,,,32.67019161591956,214.9395285925804,27.26986368464489,124.1188052104396,2025.0,WAS,canonical_source_team_frame,4.1042826343402155,0.0,19.050859444277783,0.9545933071710931
00-0041069,WR,2026,0.7516744788224977,0.0,0.0,2.0010720135746607,False,,,,,,,0.0262460537061977,4.154134842948168,0.3575693445809893,,,0.6047682868152255,False,False,False,Colbie Young,CIN,rookie_rule,True,drafted,False,,,deep_bench,,deep_bench_discounted,2.163636363636364,2.163636363636364,1.0,False,4.0,2.163636363636364,above_median,,off_chart,0.3,False,55.0,False,,,,,,,,2.079752904584392,0.0,5.524631628552804,1.278785380018997
00-0036463,WR,2026,0.7489571244329667,0.0,0.0,4.85771120652009,False,,,,,,,0.0374133729353669,3.381642277822716,0.3726253180769873,,,0.6352509776716531,False,False,False,Chris Blair,ATL,veteran_model,True,,False,ACT,,deep_bench,,deep_bench_discounted,0.1688476869042499,0.1688476869042499,0.94,True,7.0,0.1688476869042499,,,,,,,,33.103579364958776,223.6760928436624,27.565529595779655,121.0212845239931,2025.0,ATL,canonical_source_team_frame,0.12359170129437208,0.0,0.7981073518081455,0.9773210180446882
00-0041152,WR,2026,0.7489105554175433,0.0,0.0,2.375699371277358,False,,,,,,,0.0166840271780802,4.66452913176274,0.3647069583455761,,,0.6544481959219082,False,False,False,Kobe Prentice,CAR,rookie_rule,True,udfa,False,,,deep_bench,,deep_bench_discounted,0.6584992343032159,0.6584992343032159,1.0,False,11.0,0.6584992343032159,no_data,,off_chart,0.5724755948812562,False,653.0,False,,,,,,,,0.5202214296660843,0.0,1.6394738540083045,1.0548798878726096
00-0041542,WR,2026,0.7489105554175433,0.0,0.0,2.375699371277358,False,,,,,,,0.0166840271780802,4.66452913176274,0.3647069583455761,,,0.6544481959219082,False,False,False,Malick Meiga,CAR,rookie_rule,True,udfa,False,,,deep_bench,,deep_bench_discounted,0.6584992343032159,0.6584992343032159,1.0,False,10.0,0.6584992343032159,no_data,,off_chart,0.5724755948812562,False,653.0,False,,,,,,,,0.5202214296660843,0.0,1.6394738540083045,1.0548798878726096
00-0039648,TE,2026,0.7419605389205604,0.0,0.0,3.5175595051317368,False,,,,,,,0.0284107195875151,3.417292350944125,0.4595339726021143,,,0.6492024308093356,False,False,False,David Martin-Robinson,TEN,veteran_model,True,,False,ACT,,deep_bench,,deep_bench_discounted,5.530856690786166,5.530856690786166,1.0,False,5.0,5.530856690786166,,,,,,,,33.99018441127937,212.01753019527845,25.99058571793473,108.16497271051462,2025.0,TEN,canonical_source_team_frame,4.022529072374286,0.0,19.04219189665706,0.9802254586589773
00-0038564,TE,2026,0.7361113931817918,0.0,0.0,3.5117103593929677,False,,,,,,,0.0449617138660492,2.901706438111928,0.3523409323486074,,,0.5261959436438473,False,False,False,Cameron Latu,PHI,veteran_model,True,,False,ACT,,deep_bench,,deep_bench_discounted,6.0,6.000445633247802,1.0,False,6.0,6.0,,,,,,,,32.80438240429993,217.8739687342708,27.51020727894377,118.95507060419128,2025.0,PHI,canonical_source_team_frame,4.890344213649712,0.0,23.375742672038832,1.1072473222002284
00-0037292,TE,2026,0.7328116689381863,0.0,0.0,3.508410635149363,False,,,,,,,0.0298649962251177,3.5064416057784062,0.4059550620192789,,,0.4851964146232811,False,False,False,Andrew Ogletree,IND,veteran_model,True,,False,ACT,,deep_bench,,deep_bench_discounted,3.550333146849331,3.550333146849331,0.83,True,3.0,3.550333146849331,,,,,,,,33.819686508835005,234.02693422664208,26.500800154053703,117.38636019360476,2025.0,IND,canonical_source_team_frame,2.8241671334972835,0.0,13.548800778905957,1.0854977090609277
00-0041004,WR,2026,0.7280950115003707,0.0,0.0,2.309668155347636,False,,,,,,,0.0162203041100471,4.534881191440941,0.354570135391988,,,0.6362581796840785,False,False,False,Chase Roberts,LV,rookie_rule,True,udfa,False,,,deep_bench,,deep_bench_discounted,0.6584992343032159,0.6584992343032159,1.0,False,10.0,0.6584992343032159,below_median,,off_chart,0.5920893197594148,False,653.0,False,,,,,,,,0.5901026777691846,0.0,1.8420189043722996,1.2307908404388859
00-0040488,TE,2026,0.7255645080605031,0.0,0.0,3.5011634742716793,False,,,,,,,0.0386540502148663,2.8502641284194934,0.4172275878587117,,,0.5477729865464125,False,False,False,Carter Runyon,LV,veteran_model,True,,False,ACT,,deep_bench,,deep_bench_discounted,4.538014689999395,4.538014689999395,1.0,False,4.0,4.538014689999395,,,,,,,,33.852695887179124,214.57281927994063,25.407262691012978,101.26520419334778,2025.0,LV,canonical_source_team_frame,3.86559281065282,0.0,18.78410769176068,1.1740164360198502
00-0034981,TE,2026,0.7214722449176755,0.0,0.0,3.497071211128852,False,,,,,,,0.0212543155075141,3.250780646281161,0.5377365744889495,,,0.5403293662777109,False,False,False,Foster Moreau,HOU,veteran_model,True,,True,ACT,2.0,backup,,curated,12.47236097038573,12.47236097038573,0.9,True,2.0,12.47236097038573,,,,,,,,34.321125448974,230.7196594149492,27.0161290584345,113.89625214465636,2025.0,HOU,canonical_source_team_frame,9.951160570280507,0.0,48.73406584628775,1.1058734562752581
00-0037475,TE,2026,0.7188226258043526,0.0,0.0,3.494421592015529,False,,,,,,,0.0409557346122712,2.612049989651079,0.4237664383312349,,,0.5152959591017745,False,False,False,Stone Smartt,PHI,veteran_model,True,,True,ACT,,deep_bench,,deep_bench_discounted,3.9022647563963617,3.9022647563963617,1.0,False,5.0,3.9022647563963617,,,,,,,,32.80438240429993,217.8739687342708,27.51020727894377,118.95507060419128,2025.0,PHI,canonical_source_team_frame,3.1128045909085555,0.0,15.13529107626114,1.109719935973079
00-0035594,RB,2026,0.7172261743397863,0.0,0.0,7.125332307597205,False,,1.2025495744914267,,,,,0.0041381681985606,1.3874560070194184,0.251079216311879,0.0086006613401431,3.7650798824968272,0.2668998393539148,False,False,False,Travis Homer,PIT,veteran_model,True,,True,ACT,,deep_bench,,deep_bench_discounted,1.2062348344906588,1.2062348344906588,0.7,True,5.0,1.2062348344906588,,,,,,,,33.52835881566065,220.6188474788981,26.553754211808798,113.31380639380768,2025.0,PIT,canonical_source_team_frame,0.8816571754899729,0.0,8.703759205743939,1.0190881461878052
00-0041133,TE,2026,0.7097069241244685,0.0,0.0,1.7477576470588236,False,,,,,,,0.0280780637521046,3.6816763457769857,0.3461418140682846,,,0.4878495375468521,False,False,False,Dallen Bentley,DEN,rookie_rule,True,drafted,False,,,deep_bench,,deep_bench_discounted,2.4814814814814814,2.4814814814814814,1.0,False,6.0,2.4814814814814814,above_median,,off_chart,0.3,False,27.0,False,,,,,,,,1.9524223822764668,0.0,4.815292945835605,1.1086225210434268
00-0041116,TE,2026,0.7097069241244685,0.0,0.0,1.7477576470588236,False,,,,,,,0.0280780637521046,3.6816763457769857,0.3461418140682846,,,0.4878495375468521,False,False,False,Jack Endries,CIN,rookie_rule,True,drafted,False,,,deep_bench,,deep_bench_discounted,2.4814814814814814,2.4814814814814814,1.0,False,5.0,2.4814814814814814,above_median,,off_chart,0.3,False,27.0,False,,,,,,,,2.2497705723864496,0.0,5.528039932692196,1.2774624724493673
00-0040900,WR,2026,0.6959948877986091,0.0,0.0,1.8528444570135747,False,,,,,,,0.0243019015798127,3.8464211508779336,0.331082726463879,,,0.5599706359400236,False,False,False,Anthony Smith,DAL,rookie_rule,True,drafted,False,,,deep_bench,,deep_bench_discounted,2.163636363636364,2.163636363636364,1.0,False,7.0,2.163636363636364,no_data,,off_chart,0.3,False,55.0,False,,,,,,,,1.5656651096159873,0.0,4.175734220636025,1.0397012162314996
00-0040895,WR,2026,0.6959948877986091,0.0,0.0,1.8528444570135747,False,,,,,,,0.0243019015798127,3.8464211508779336,0.331082726463879,,,0.5599706359400236,False,False,False,Emmanuel Henderson Jr.,SEA,rookie_rule,True,drafted,False,,,deep_bench,,deep_bench_discounted,2.163636363636364,2.163636363636364,1.0,False,6.0,2.163636363636364,no_data,,off_chart,0.3,False,55.0,False,,,,,,,,1.4576110551096022,0.0,3.8944521977067517,0.9679464513082473
00-0041399,WR,2026,0.6959948877986091,0.0,0.0,1.8528444570135747,False,,,,,,,0.0243019015798127,3.8464211508779336,0.331082726463879,,,0.5599706359400236,False,False,False,CJ Daniels,LA,rookie_rule,True,drafted,False,,,deep_bench,,deep_bench_discounted,2.163636363636364,2.163636363636364,1.0,False,6.0,2.163636363636364,no_data,,off_chart,0.3,False,55.0,False,,,,,,,,1.6927610139636082,0.0,4.489064365847484,1.1241009805978874
00-0036887,TE,2026,0.6914333008264524,0.0,0.0,3.467032267037629,False,,,,,,,0.0266375577157556,3.0249764823407785,0.4582206125956819,,,0.5699497902306627,False,False,False,Luke Farrell,SF,veteran_model,True,,False,ACT,,deep_bench,,deep_bench_discounted,5.941559681873617,5.941559681873617,0.83,True,3.0,5.941559681873617,,,,,,,,34.24811794566182,240.1230793683237,26.942362571611483,112.8480179305098,2025.0,SF,canonical_source_team_frame,4.535966259184905,0.0,22.799712061238473,1.1041270741679625
00-0041536,WR,2026,0.6833035150255932,0.0,0.0,2.1675802528018213,False,,,,,,,0.0152224512434715,4.255900959889311,0.3327574231516661,,,0.5971163704940385,False,False,False,Kyre Duplessis,DET,rookie_rule,True,udfa,False,,,deep_bench,,deep_bench_discounted,0.6584992343032159,0.6584992343032159,1.0,False,,0.6584992343032159,no_data,,off_chart,0.5223248402883528,False,653.0,False,,,,,,,,0.43968531020782664,0.0,1.3954253068875218,0.977176529092714
00-0039458,TE,2026,0.6755030720250244,0.0,0.0,3.451102038236201,False,,,,,,,0.0244082623772249,3.62610712716987,0.3328855700893757,,,0.5312031142095227,False,False,False,Brenden Bates,CLE,veteran_model,True,,False,ACT,,deep_bench,,deep_bench_discounted,3.3730479796911506,3.3730479796911506,1.0,False,6.0,3.3730479796911506,,,,,,,,33.8207695174603,210.10348431687345,26.544928262008405,109.302851392357,2025.0,CLE,canonical_source_team_frame,1.324655734780793,0.0,6.67186841836698,0.5813707487164042
00-0036876,TE,2026,0.6669449572065305,0.0,0.0,3.442543923417707,False,,,,,,,0.0262153008952246,3.2582638821235,0.3676535272456657,,,0.5349208586746396,False,False,False,Kylen Granson,TEN,veteran_model,True,,True,ACT,,deep_bench,,deep_bench_discounted,3.4195595853971965,3.4195595853971965,0.83,True,3.0,3.4195595853971965,,,,,,,,33.99018441127937,212.01753019527845,25.99058571793473,108.16497271051462,2025.0,TEN,canonical_source_team_frame,2.2351768771522638,0.0,11.521375173660577,0.9800578851498434
00-0036741,TE,2026,0.6613609085998564,0.0,0.0,3.436959874811033,False,,,,,,,0.0230462554882947,3.301533391241032,0.38586007309197,,,0.6051640853651791,False,False,False,Jack Stoll,CLE,veteran_model,True,,True,ACT,,deep_bench,,deep_bench_discounted,4.763520899255809,4.763520899255809,0.83,True,3.0,4.763520899255809,,,,,,,,33.8207695174603,210.10348431687345,26.544928262008405,109.302851392357,2025.0,CLE,canonical_source_team_frame,1.8326551377615656,0.0,9.384151447446678,0.581720210362008
00-0041077,TE,2026,0.6571360408559892,0.0,0.0,1.6182941176470589,False,,,,,,,0.0259982071778746,3.4089595794231347,0.3205016796928561,,,0.4517125347656038,False,False,False,Justin Joly,DEN,rookie_rule,True,drafted,False,,,deep_bench,,deep_bench_discounted,2.4814814814814814,2.4814814814814814,1.0,False,3.0,2.4814814814814814,no_data,,off_chart,0.3,False,27.0,False,,,,,,,,1.8077985021078389,0.0,4.458604579477411,1.1086225210434268
00-0040363,TE,2026,0.6537966156378945,0.0,0.0,3.4293955818490707,False,,,,,,,0.0225052651686385,2.9685063837001766,0.4438287725120916,,,0.5861835487953295,False,False,False,Keleki Latu,BUF,veteran_model,True,,False,ACT,,deep_bench,,deep_bench_discounted,6.0,6.681589169491128,1.0,False,5.0,6.0,,,,,,,,33.21002626467289,231.99810200162543,27.995140482336904,133.52540408900225,2025.0,BUF,canonical_source_team_frame,4.216498034909819,0.0,22.40791095808489,1.074875053917666
00-0039407,RB,2026,0.6368175094459764,0.0,0.0,7.044923642703395,False,,0.6865520251774601,,,,,0.006441861195101,1.3096446086075046,0.229779026788032,0.0,3.5231236802060386,0.2150529333589935,False,False,False,Dylan Laube,LV,veteran_model,True,,False,ACT,,deep_bench,,deep_bench_discounted,1.5385990374290943,1.5385990374290943,0.73,True,3.0,1.5385990374290943,,,,,,,,33.852695887179124,214.57281927994063,25.407262691012978,101.26520419334778,2025.0,LV,canonical_source_team_frame,1.0744421120390553,0.0,11.54812077772467,1.0965856782239125
00-0041352,WR,2026,0.6244402009755866,0.0,0.0,1.9808536308196603,False,,,,,,,0.0139111102237757,3.889275544888621,0.3040919702881406,,,0.5456776647536267,False,False,False,Marcus Sanders Jr.,MIN,rookie_rule,True,udfa,False,,,deep_bench,,deep_bench_discounted,0.6584992343032159,0.6584992343032159,1.0,False,12.0,0.6584992343032159,no_data,,off_chart,0.4773290654475616,False,653.0,False,,,,,,,,0.3722933734317212,0.0,1.1777033820152716,0.9053972623915046
00-0041481,WR,2026,0.6244402009755866,0.0,0.0,1.9808536308196603,False,,,,,,,0.0139111102237757,3.889275544888621,0.3040919702881406,,,0.5456776647536267,False,False,False,Terrill Davis,MIN,rookie_rule,True,udfa,False,,,deep_bench,,deep_bench_discounted,0.6584992343032159,0.6584992343032159,1.0,False,11.0,0.6584992343032159,no_data,,off_chart,0.4773290654475616,False,653.0,False,,,,,,,,0.3722933734317212,0.0,1.1777033820152716,0.9053972623915046
00-0040970,WR,2026,0.6244402009755866,0.0,0.0,1.9808536308196603,False,,,,,,,0.0139111102237757,3.889275544888621,0.3040919702881406,,,0.5456776647536267,False,False,False,Michael Briscoe,MIN,rookie_rule,True,udfa,False,,,deep_bench,,deep_bench_discounted,0.6584992343032159,0.6584992343032159,1.0,False,10.0,0.6584992343032159,no_data,,off_chart,0.4773290654475616,False,653.0,False,,,,,,,,0.3722933734317212,0.0,1.1777033820152716,0.9053972623915046
00-0041475,WR,2026,0.6244402009755866,0.0,0.0,1.9808536308196603,False,,,,,,,0.0139111102237757,3.889275544888621,0.3040919702881406,,,0.5456776647536267,False,False,False,Trayvon Rudolph,MIN,rookie_rule,True,udfa,False,,,deep_bench,,deep_bench_discounted,0.6584992343032159,0.6584992343032159,1.0,False,9.0,0.6584992343032159,no_data,,off_chart,0.4773290654475616,False,653.0,False,,,,,,,,0.3722933734317212,0.0,1.1777033820152716,0.9053972623915046
00-0041342,WR,2026,0.6244402009755866,0.0,0.0,1.9808536308196603,False,,,,,,,0.0139111102237757,3.889275544888621,0.3040919702881406,,,0.5456776647536267,False,False,False,Dillon Bell,MIN,rookie_rule,True,udfa,False,,,deep_bench,,deep_bench_discounted,0.6584992343032159,0.6584992343032159,1.0,False,6.0,0.6584992343032159,no_data,,off_chart,0.4773290654475616,False,653.0,False,,,,,,,,0.3722933734317212,0.0,1.1777033820152716,0.9053972623915046
00-0041356,WR,2026,0.6244402009755866,0.0,0.0,1.9808536308196603,False,,,,,,,0.0139111102237757,3.889275544888621,0.3040919702881406,,,0.5456776647536267,False,False,False,Luke Wysong,MIN,rookie_rule,True,udfa,False,,,deep_bench,,deep_bench_discounted,0.6584992343032159,0.6584992343032159,1.0,False,,0.6584992343032159,no_data,,off_chart,0.4773290654475616,False,653.0,False,,,,,,,,0.3722933734317212,0.0,1.1777033820152716,0.9053972623915046
00-0034365,TE,2026,0.6124422475229371,0.0,0.0,3.388041213734114,False,,,,,,,0.0342143693727204,2.159837818696762,0.382344498833877,,,0.5499041803318523,False,False,False,Ian Thomas,LV,veteran_model,True,,False,ACT,,deep_bench,,deep_bench_discounted,5.764607822575078,5.764607822575078,0.83,True,3.0,5.764607822575078,,,,,,,,33.852695887179124,214.57281927994063,25.407262691012978,101.26520419334778,2025.0,LV,canonical_source_team_frame,4.121650390083315,0.0,23.07253386217903,1.1674444976387783
00-0039050,TE,2026,0.5966598584677558,0.0,0.0,3.3722588246789327,False,,,,,,,0.0247968786457997,2.601209028279416,0.3755153675300322,,,0.4746870044376563,False,False,False,Payne Durham,TB,veteran_model,True,,False,ACT,2.0,backup,,curated,15.301515636297612,15.301515636297612,0.9,True,2.0,15.301515636297612,,,,,,,,33.5451456097649,223.7139473344186,27.71485631665953,117.7146256375168,2025.0,TB,canonical_source_team_frame,9.649198743844092,0.0,54.518488275307675,1.0568904665155225
00-0035544,WR,2026,0.594026998252326,0.0,0.0,4.702781080339449,False,,,,,,,0.0,4.392431449624228,0.3095677065798063,,,0.668875104016685,False,False,False,Tom Kennedy,DET,veteran_model,True,,False,ACT,,deep_bench,,deep_bench_discounted,1.1585380690529343,1.1585380690529343,0.94,True,7.0,1.1585380690529343,,,,,,,,33.92979712201368,246.18859977155995,26.79038838236451,118.19015619651694,2025.0,DET,canonical_source_team_frame,0.6717512819041556,0.0,5.3235783939457315,0.9760948263671841
00-0038643,TE,2026,0.5905292262052129,0.0,0.0,3.3661281924163897,False,,,,,,,0.0333185811294977,2.337059097492495,0.3138236593579544,,,0.4449914550941535,False,False,False,Brayden Willis,SF,veteran_model,True,,False,ACT,,deep_bench,,deep_bench_discounted,6.0,6.0794718332732725,1.0,False,4.0,6.0,,,,,,,,34.24811794566182,240.1230793683237,26.942362571611483,112.8480179305098,2025.0,SF,canonical_source_team_frame,3.904513760697523,0.0,22.347899113979985,1.101981518563225
00-0036590,TE,2026,0.5876187481805979,0.0,0.0,3.3632177143917743,False,,,,,,,0.0096674628645162,3.225365912381977,0.414154759510606,,,0.6342353845639989,False,False,False,Quintin Morris,JAX,veteran_model,True,,False,ACT,,deep_bench,,deep_bench_discounted,2.90344399217985,2.90344399217985,1.0,False,4.0,2.90344399217985,,,,,,,,34.281611997177656,230.8787037290612,27.439030345261777,117.85703830149006,2025.0,JAX,canonical_source_team_frame,1.8828817505941933,0.0,11.012023502987525,1.1036057374928399
00-0040945,TE,2026,0.5806298553642931,0.0,0.0,1.6913051748251755,False,,,,,,,0.0208584501871918,3.117000041284107,0.2875583002254633,,,0.4824194885531446,False,False,False,RJ Maryland,GB,rookie_rule,True,udfa,False,,,deep_bench,,deep_bench_discounted,0.837037037037037,0.837037037037037,1.0,False,7.0,0.837037037037037,above_median,,off_chart,1.0,False,270.0,False,,,,,,,,0.5446497225100313,0.0,1.5955582096709418,1.1206583946230824
00-0038589,TE,2026,0.5735572378406153,0.0,0.0,3.3491562040517917,False,,,,,,,0.0187097426266146,2.843718444200102,0.3538538753218349,,,0.4579927319394658,False,False,False,Josh Whyle,GB,veteran_model,True,,False,ACT,2.0,backup,,curated,10.49383053172821,10.49383053172821,0.83,True,3.0,10.49383053172821,,,,,,,,32.63743765242263,227.66151029204215,27.533819286041897,118.4027815738584,2025.0,GB,canonical_source_team_frame,6.727147285086221,0.0,39.55590931711588,1.1176868088741978
00-0033576,TE,2026,0.5728738250490346,0.0,0.0,3.3484727912602112,False,,,,,,,0.0322260974262546,2.490080760449818,0.2610183288930502,,,0.4335609145390188,False,False,False,Eric Saubert,SEA,veteran_model,True,,False,ACT,2.0,backup,,curated,10.435346896157355,10.435346896157355,0.83,True,3.0,10.435346896157355,,,,,,,,32.225845759159824,233.1409897885389,27.9379864119506,119.71889503194852,2025.0,SEA,canonical_source_team_frame,5.8494802748283625,0.0,34.12190280278015,0.9784787777020766
00-0036534,TE,2026,0.5586347749652986,0.0,0.0,3.334233741176475,False,,,,,,,0.0114240232883888,3.0283763842101115,0.3745059936279092,,,0.3584768280218659,False,False,False,Shane Zylstra,BUF,veteran_model,True,,True,ACT,,deep_bench,,deep_bench_discounted,3.940497163836009,3.940497163836009,1.0,False,4.0,3.940497163836009,,,,,,,,33.21002626467289,231.99810200162543,27.995140482336904,133.52540408900225,2025.0,BUF,canonical_source_team_frame,2.351785533921158,0.0,14.298987372244673,1.0683627280478507
00-0033246,TE,2026,0.5581041722635351,0.0,0.0,3.3337031384747116,False,,,,,,,0.0318556596413954,2.288762257009048,0.2761879774285159,,,0.3973419211051188,False,False,False,Johnny Mundt,PHI,veteran_model,True,,True,ACT,2.0,backup,,curated,12.354252336153433,12.354252336153433,0.83,True,3.0,12.354252336153433,,,,,,,,32.80438240429993,217.8739687342708,27.51020727894377,118.95507060419128,2025.0,PHI,canonical_source_team_frame,7.644417996980297,0.0,45.706630845193764,1.1086965330533523
00-0040566,TE,2026,0.5547799338103359,0.0,0.0,3.3303789000215125,False,,,,,,,0.0311842408938073,2.580375873131509,0.2192738022686824,,,0.4268777527203206,False,False,False,CJ Dippre,NE,veteran_model,True,,False,ACT,,deep_bench,,deep_bench_discounted,3.376317109339703,3.376317109339703,0.83,True,3.0,3.376317109339703,,,,,,,,33.746856976402874,243.7564166874116,26.990735238510595,121.6874228230549,2025.0,NE,canonical_source_team_frame,1.7901613390917914,0.0,10.735439993241961,0.9557145542591663
00-0034798,TE,2026,0.5470192653874769,0.0,0.0,3.3226182315986534,False,,,,,,,0.0407435143239273,1.9739650114145413,0.210323356604918,,,0.3272621438372732,False,False,False,Durham Smythe,BAL,veteran_model,True,,True,ACT,2.0,backup,,curated,12.423272160476085,12.423272160476085,0.9,True,2.0,12.423272160476085,,,,,,,,31.3716833460928,213.64210242557775,28.058067379544,132.6208163798309,2025.0,BAL,canonical_source_team_frame,6.571267267310144,0.0,39.86334690488265,0.9669644544048043
00-0039754,TE,2026,0.5459251974776298,0.0,0.0,3.321524163688806,False,,,,,,,0.0135748004689828,2.570760979959907,0.4148005933354846,,,0.4684238158862035,False,False,False,Devin Culp,TB,veteran_model,True,,False,ACT,,deep_bench,,deep_bench_discounted,3.498721798279714,3.498721798279714,1.0,False,5.0,3.498721798279714,,,,,,,,33.5451456097649,223.7139473344186,27.71485631665953,117.7146256375168,2025.0,TB,canonical_source_team_frame,2.0283914211378145,0.0,12.28784317013069,1.0619625811036504
00-0036145,TE,2026,0.5453707142627033,0.0,0.0,3.3209696804738797,False,,,,,,,0.0297695500145847,2.38245385501163,0.2570160573480642,,,0.3438509282037333,False,False,False,Lawrence Cager,WAS,veteran_model,True,,False,ACT,,deep_bench,,deep_bench_discounted,1.8773469170245347,1.8773469170245347,1.0,False,5.0,1.8773469170245347,,,,,,,,32.67019161591956,214.9395285925804,27.26986368464489,124.1188052104396,2025.0,WAS,canonical_source_team_frame,0.9676264888677644,0.0,5.905228628997763,0.9450861565725613
00-0038498,TE,2026,0.5443591690119747,0.0,0.0,3.3199581352231515,False,,,,,,,0.031179903911495,2.055851398675337,0.3033892113509421,,,0.3379223595320249,False,False,False,E.J. Jenkins,PHI,veteran_model,True,,False,ACT,,deep_bench,,deep_bench_discounted,0.8417088589723564,0.8417088589723564,1.0,False,7.0,0.8417088589723564,,,,,,,,32.80438240429993,217.8739687342708,27.51020727894377,118.95507060419128,2025.0,PHI,canonical_source_team_frame,0.5082660806410573,0.0,3.1014866879844005,1.109286396799278
00-0041180,TE,2026,0.5376202364484192,0.0,0.0,1.5660233100233105,False,,,,,,,0.0193133798029553,2.886111149337136,0.2662576853939475,,,0.446684711623282,False,False,False,Quentin Moore,WAS,rookie_rule,True,udfa,False,,,deep_bench,,deep_bench_discounted,0.837037037037037,0.837037037037037,1.0,False,6.0,0.837037037037037,no_data,,off_chart,1.0,False,270.0,False,,,,,,,,0.43011335171365433,0.0,1.242054618563807,0.9557903507180786
00-0041384,TE,2026,0.5376202364484192,0.0,0.0,1.5660233100233105,False,,,,,,,0.0193133798029553,2.886111149337136,0.2662576853939475,,,0.446684711623282,False,False,False,Evan Svoboda,LAC,rookie_rule,True,udfa,False,,,deep_bench,,deep_bench_discounted,0.837037037037037,0.837037037037037,1.0,False,5.0,0.837037037037037,no_data,,off_chart,1.0,False,270.0,False,,,,,,,,0.5110548700260732,0.0,1.497276991694596,1.135657173887485
00-0041263,TE,2026,0.5376202364484192,0.0,0.0,1.5660233100233105,False,,,,,,,0.0193133798029553,2.886111149337136,0.2662576853939475,,,0.446684711623282,False,False,False,Lake McRee,PIT,rookie_rule,True,udfa,False,,,deep_bench,,deep_bench_discounted,0.837037037037037,0.837037037037037,1.0,False,6.0,0.837037037037037,no_data,,off_chart,1.0,False,270.0,False,,,,,,,,0.4657783039641328,0.0,1.353458724313132,1.0350443824378899
00-0040927,TE,2026,0.5376202364484192,0.0,0.0,1.5660233100233105,False,,,,,,,0.0193133798029553,2.886111149337136,0.2662576853939475,,,0.446684711623282,False,False,False,Dae'Quan Wright,PHI,rookie_rule,True,udfa,False,,,deep_bench,,deep_bench_discounted,0.837037037037037,0.837037037037037,1.0,False,8.0,0.837037037037037,no_data,,off_chart,1.0,False,270.0,False,,,,,,,,0.5019679636248722,0.0,1.4550452467095396,1.115464409767183
00-0041252,TE,2026,0.5376202364484192,0.0,0.0,1.5660233100233105,False,,,,,,,0.0193133798029553,2.886111149337136,0.2662576853939475,,,0.446684711623282,False,False,False,Kenny Fletcher Jr.,TB,rookie_rule,True,udfa,False,,,deep_bench,,deep_bench_discounted,0.837037037037037,0.837037037037037,1.0,False,6.0,0.837037037037037,no_data,,off_chart,1.0,False,270.0,False,,,,,,,,0.4779109642298648,0.0,1.3847465761420978,1.0620053674069114
00-0041170,TE,2026,0.5376202364484192,0.0,0.0,1.5660233100233105,False,,,,,,,0.0193133798029553,2.886111149337136,0.2662576853939475,,,0.446684711623282,False,False,False,Hayden Large,CHI,rookie_rule,True,udfa,False,,,deep_bench,,deep_bench_discounted,0.837037037037037,0.837037037037037,1.0,False,7.0,0.837037037037037,no_data,,off_chart,1.0,False,270.0,False,,,,,,,,0.4703962264850031,0.0,1.3785483630801554,1.0453062489161713
00-0041357,TE,2026,0.5376202364484192,0.0,0.0,1.5660233100233105,False,,,,,,,0.0193133798029553,2.886111149337136,0.2662576853939475,,,0.446684711623282,False,False,False,Khalil Dinkins,SF,rookie_rule,True,udfa,False,,,deep_bench,,deep_bench_discounted,0.837037037037037,0.837037037037037,1.0,False,,0.837037037037037,no_data,,off_chart,1.0,False,270.0,False,,,,,,,,0.4998580696222776,0.0,1.4515302554376812,1.1107758402989645
00-0040955,TE,2026,0.5376202364484192,0.0,0.0,1.5660233100233105,False,,,,,,,0.0193133798029553,2.886111149337136,0.2662576853939475,,,0.446684711623282,False,False,False,John Michael Gyllenborg,KC,rookie_rule,True,udfa,False,,,deep_bench,,deep_bench_discounted,0.837037037037037,0.837037037037037,1.0,False,7.0,0.837037037037037,no_data,,off_chart,1.0,False,270.0,False,,,,,,,,0.57905290760435,0.0,1.6821813094999367,1.286761221055847
00-0041452,TE,2026,0.5376202364484192,0.0,0.0,1.5660233100233105,False,,,,,,,0.0193133798029553,2.886111149337136,0.2662576853939475,,,0.446684711623282,False,False,False,Johnny Pascuzzi,LAC,rookie_rule,True,udfa,False,,,deep_bench,,deep_bench_discounted,0.837037037037037,0.837037037037037,1.0,False,6.0,0.837037037037037,no_data,,off_chart,1.0,False,270.0,False,,,,,,,,0.5110548700260732,0.0,1.497276991694596,1.135657173887485
00-0041195,TE,2026,0.5376202364484192,0.0,0.0,1.5660233100233105,False,,,,,,,0.0193133798029553,2.886111149337136,0.2662576853939475,,,0.446684711623282,False,False,False,Jack Velling,ATL,rookie_rule,True,udfa,False,,,deep_bench,,deep_bench_discounted,0.837037037037037,0.837037037037037,1.0,False,5.0,0.837037037037037,no_data,,off_chart,1.0,False,270.0,False,,,,,,,,0.44760363550555576,0.0,1.2823171053509372,0.9946569527731328
00-0041314,TE,2026,0.5288734860618064,0.0,0.0,1.5405450745259293,False,,,,,,,0.0189991629993352,2.8391558970980517,0.26192583671198,,,0.4394174262623453,False,False,False,Tanner Arkin,NE,rookie_rule,True,udfa,False,,,deep_bench,,deep_bench_discounted,0.837037037037037,0.837037037037037,1.0,False,4.0,0.837037037037037,no_data,,off_chart,0.9837306154165724,False,270.0,False,,,,,,,,0.42100743767468074,0.0,1.2309064417646187,0.9510279882487258
00-0038394,TE,2026,0.5260265601508014,0.0,0.0,3.3016255263619776,False,,,,,,,0.0155891892372365,3.0858152741010616,0.2478197946345523,,,0.3563187890654102,False,False,False,Will Mallory,IND,veteran_model,True,,False,ACT,,deep_bench,,deep_bench_discounted,0.7584746627992281,0.7584746627992281,1.0,False,4.0,0.7584746627992281,,,,,,,,33.819686508835005,234.02693422664208,26.500800154053703,117.38636019360476,2025.0,IND,canonical_source_team_frame,0.43521405835803073,0.0,2.7263688743688244,1.0908226946574435
00-0036032,TE,2026,0.5240034129040828,0.0,0.0,3.2996023791152584,False,,,,,,,0.0319559536045811,2.093981766143213,0.2457390293245498,,,0.3520812358444728,False,False,False,Sean McKeon,IND,veteran_model,True,,False,ACT,,deep_bench,,deep_bench_discounted,0.6550998170736638,0.6550998170736638,1.0,False,5.0,0.6550998170736638,,,,,,,,33.819686508835005,234.02693422664208,26.500800154053703,117.38636019360476,2025.0,IND,canonical_source_team_frame,0.37241035209518747,0.0,2.3512966280279395,1.084876123236194
00-0039631,TE,2026,0.5227676180455988,0.0,0.0,3.2983665842567755,False,,,,,,,0.0210452376304652,2.46364619830073,0.3002631448654693,,,0.4299114552654633,False,False,False,Cam Grandy,CIN,veteran_model,True,,False,ACT,,deep_bench,,deep_bench_discounted,6.0,6.984394965372354,1.0,False,6.0,6.0,,,,,,,,35.761155714222895,238.6430156013012,25.12023465395161,107.36930606582474,2025.0,CIN,canonical_source_team_frame,4.01104989512204,0.0,25.205633052858516,1.2787867740410843
00-0039489,TE,2026,0.5195686961298853,0.0,0.0,3.2951676623410617,False,,,,,,,0.0264999231311842,2.38587565697995,0.2439631832895701,,,0.4384308515479259,False,False,False,Hayden Rucci,SF,veteran_model,True,,True,ACT,,deep_bench,,deep_bench_discounted,3.5481950008664693,3.5481950008664693,1.0,False,5.0,3.5481950008664693,,,,,,,,34.24811794566182,240.1230793683237,26.942362571611483,112.8480179305098,2025.0,SF,canonical_source_team_frame,2.039098755980942,0.0,12.945886707576054,1.1060832177160178
00-0037755,TE,2026,0.5193668308416097,0.0,0.0,3.2949657970527864,False,,,,,,,0.0285742976258333,1.8527019028745269,0.3253017095983145,,,0.5773978856180784,False,False,False,Jelani Woods,NYJ,veteran_model,True,,False,ACT,,deep_bench,,deep_bench_discounted,2.5536666744001155,2.5536666744001155,1.0,False,4.0,2.5536666744001155,,,,,,,,32.40798584142275,201.1286429616928,27.4687300259872,119.28333380861694,2025.0,NYJ,canonical_source_team_frame,1.233040558856834,0.0,7.840518894481584,0.9296916773977215
00-0036429,TE,2026,0.5076279698661041,0.0,0.0,3.2832269360772806,False,,,,,,,0.0227807089646041,2.2741959875752693,0.2870482346419052,,,0.5468166881218502,False,False,False,Charlie Woerner,ATL,veteran_model,True,,False,ACT,2.0,backup,,curated,13.575334342682874,13.575334342682874,0.83,True,3.0,13.575334342682874,,,,,,,,33.103579364958776,223.6760928436624,27.565529595779655,121.0212845239931,2025.0,ATL,canonical_source_team_frame,6.762586713853713,0.0,43.62804191074517,0.9813338262687943
00-0040853,TE,2026,0.5034601150905622,0.0,0.0,1.4665189709139295,False,,,,,,,0.0180862172946061,2.702729088116902,0.2493398050224708,,,0.4183025881032448,False,False,False,Carson Towt,IND,rookie_rule,True,udfa,False,,,deep_bench,,deep_bench_discounted,0.837037037037037,0.837037037037037,1.0,False,6.0,0.837037037037037,no_data,,off_chart,0.936460499360064,False,270.0,False,,,,,,,,0.4587879332744677,0.0,1.3357749693785335,1.0886850047837182
00-0031484,TE,2026,0.472697192864194,0.0,0.0,3.24829615907537,False,,,,,,,0.0258270655483422,2.1665693892475235,0.2021557212987768,,,0.3389806342369086,False,False,False,Chris Manhertz,NYG,veteran_model,True,,False,ACT,,deep_bench,,deep_bench_discounted,3.362084998105128,3.362084998105128,0.77,True,,3.362084998105128,,,,,,,,33.24318823444577,223.72200991226288,27.969267844990632,122.67699998352342,2025.0,NYG,canonical_source_team_frame,1.4642479587163055,0.0,10.070671448356196,0.9213463405419853
00-0041237,TE,2026,0.4717666100120398,0.0,0.0,1.374199589379507,False,,,,,,,0.0169476650985205,2.532588583412384,0.2336435221593567,,,0.3919698661992971,False,False,False,Chase Curtis,NYJ,rookie_rule,True,udfa,False,,,deep_bench,,deep_bench_discounted,0.837037037037037,0.837037037037037,1.0,False,5.0,0.837037037037037,no_data,,off_chart,0.8775090259410324,False,270.0,False,,,,,,,,0.3686008824532526,0.0,1.072238981263682,0.9334358913308414
00-0041272,WR,2026,0.4628772500894023,0.0,0.0,1.4683424930536448,False,,,,,,,0.0103118544193852,2.882993705795039,0.2254135059871743,,,0.4044931388173715,False,False,False,Ja'Mori Maclin,BUF,rookie_rule,True,udfa,False,,,deep_bench,,deep_bench_discounted,0.6584992343032159,0.6584992343032159,1.0,False,13.0,0.6584992343032159,no_data,,off_chart,0.3538285409186038,False,653.0,False,,,,,,,,0.3280278833642234,0.0,1.0472201642749321,1.0761917318074736
00-0041222,WR,2026,0.4628772500894023,0.0,0.0,1.4683424930536448,False,,,,,,,0.0103118544193852,2.882993705795039,0.2254135059871743,,,0.4044931388173715,False,False,False,Gabriel Benyard,BUF,rookie_rule,True,udfa,False,,,deep_bench,,deep_bench_discounted,0.6584992343032159,0.6584992343032159,1.0,False,,0.6584992343032159,no_data,,off_chart,0.3538285409186038,False,653.0,False,,,,,,,,0.3280278833642234,0.0,1.0472201642749321,1.0761917318074736
00-0039824,TE,2026,0.4614493716589507,0.0,0.0,3.237048337870127,False,,,,,,,0.0118097327522937,2.062103843834748,0.3687611815234274,,,0.4354448235771801,False,False,False,Jared Wiley,KC,veteran_model,True,,False,ACT,,deep_bench,,deep_bench_discounted,2.63219402358519,2.63219402358519,0.83,True,3.0,2.63219402358519,,,,,,,,35.16438169616012,230.57945355267083,25.927946034942902,113.12705785543976,2025.0,KC,canonical_source_team_frame,1.5564542235843706,0.0,10.93297658095143,1.281428546615272
00-0038809,TE,2026,0.4425991561846252,0.0,0.0,3.218198122395801,False,,,,,,,0.0059012231185319,2.922528308777882,0.2298779731912911,,,0.42243053821323,False,False,False,Ben Sims,MIA,veteran_model,True,,True,ACT,,deep_bench,,deep_bench_discounted,5.001799523375089,5.001799523375089,1.0,False,4.0,5.001799523375089,,,,,,,,32.35681053457549,214.6121451327766,26.7390775924456,118.26868781082813,2025.0,MIA,canonical_source_team_frame,1.441558027825363,0.0,10.437809257424817,0.6511713232505758
00-0039518,TE,2026,0.4418288462821818,0.0,0.0,3.217427812493358,False,,,,,,,0.0140759328146795,2.3234744973836747,0.2500515993114745,,,0.418109993623966,False,False,False,Treyton Welch,NO,veteran_model,True,,False,ACT,,deep_bench,,deep_bench_discounted,0.9061491483087007,0.9061491483087007,1.0,False,6.0,0.9061491483087007,,,,,,,,34.20105181449663,231.16042627321303,26.953986866698717,109.11968596923658,2025.0,NO,canonical_source_team_frame,0.4162245336577957,0.0,3.002814987875415,1.0396183151961451
00-0037282,TE,2026,0.4378380081077956,0.0,0.0,3.213436974318973,False,,,,,,,0.0205848862694494,1.8279662285432383,0.2630641352735507,,,0.468215117784853,False,False,False,James Mitchell,CAR,veteran_model,True,,False,ACT,,deep_bench,,deep_bench_discounted,4.79986683161207,4.79986683161207,1.0,False,5.0,4.79986683161207,,,,,,,,33.08175557965288,214.53923085029223,26.97977516063293,116.45258332427316,2025.0,CAR,canonical_source_team_frame,2.179135329167126,0.0,16.016202105884975,1.0369111725990687
00-0040058,TE,2026,0.43651623902150183,0.0,0.0,3.2121152052326787,False,,,,,,,0.0095920760692435,2.6071986252012542,0.2364878401718308,,,0.5618392544461726,False,False,False,Nick Kallerup,SEA,veteran_model,True,,False,ACT,,deep_bench,,deep_bench_discounted,2.6245974069628577,2.6245974069628577,1.0,False,5.0,2.6245974069628577,,,,,,,,32.225845759159824,233.1409897885389,27.9379864119506,119.71889503194852,2025.0,SEA,canonical_source_team_frame,1.101076405238591,0.0,8.21188236059642,0.9610685291003894
00-0041207,TE,2026,0.4311488482790101,0.0,0.0,1.2558849178650902,False,,,,,,,0.0154885193932208,2.314539918106861,0.2135274802179983,,,0.3582223768816356,False,False,False,Ethan Conner,JAX,rookie_rule,True,udfa,False,,,deep_bench,,deep_bench_discounted,0.837037037037037,0.837037037037037,1.0,False,7.0,0.837037037037037,no_data,,off_chart,0.80195799757693,False,270.0,False,,,,,,,,0.40400340027793447,0.0,1.1909016947122906,1.1194716893299963
00-0037340,TE,2026,0.412156300400795,0.0,0.0,3.187755266611971,False,,,,,,,0.0092447427362608,1.9463574950667448,0.3241041889531114,,,0.4037224445557039,False,False,False,Zaire Mitchell-Paden,NO,veteran_model,True,,True,ACT,,deep_bench,,deep_bench_discounted,3.0285756875076646,3.0285756875076646,1.0,False,5.0,3.0285756875076646,,,,,,,,34.20105181449663,231.16042627321303,26.953986866698717,109.11968596923658,2025.0,NO,canonical_source_team_frame,1.3048257489020432,0.0,9.949853973895927,1.0453269412334447
00-0041366,TE,2026,0.4032245360318307,0.0,0.0,1.174544743275796,False,,,,,,,0.014485371052435,2.164633602365177,0.199697898961406,,,0.3350213094407777,False,False,False,Jameson Geers,ARI,rookie_rule,True,udfa,False,,,deep_bench,,deep_bench_discounted,0.837037037037037,0.837037037037037,1.0,False,7.0,0.837037037037037,no_data,,off_chart,0.750017407632529,False,270.0,False,,,,,,,,0.3553607440539904,0.0,1.0282726897346328,1.0528774509493362
00-0041293,WR,2026,0.39245894258927316,0.0,0.0,1.2449610389610386,False,,,,,,,0.0087430943749877,2.4443989438869957,0.1911209639012947,,,0.342956905992292,False,False,False,Dane Key,DEN,rookie_rule,True,udfa,False,,,deep_bench,,deep_bench_discounted,0.6584992343032159,0.6584992343032159,1.0,False,9.0,0.6584992343032159,no_data,,off_chart,0.3,False,653.0,False,,,,,,,,0.2851295446102907,0.0,0.9072898867523292,1.10329771000344
00-0041476,WR,2026,0.39245894258927316,0.0,0.0,1.2449610389610386,False,,,,,,,0.0087430943749877,2.4443989438869957,0.1911209639012947,,,0.342956905992292,False,False,False,Rashad Rochelle,SEA,rookie_rule,True,udfa,False,,,deep_bench,,deep_bench_discounted,0.6584992343032159,0.6584992343032159,1.0,False,11.0,0.6584992343032159,no_data,,off_chart,0.3,False,653.0,False,,,,,,,,0.24853923559493013,0.0,0.7934326449617303,0.9617129289519272
00-0041299,WR,2026,0.39245894258927316,0.0,0.0,1.2449610389610386,False,,,,,,,0.0087430943749877,2.4443989438869957,0.1911209639012947,,,0.342956905992292,False,False,False,Cameron Ross,DEN,rookie_rule,True,udfa,False,,,deep_bench,,deep_bench_discounted,0.6584992343032159,0.6584992343032159,1.0,False,12.0,0.6584992343032159,no_data,,off_chart,0.3,False,653.0,False,,,,,,,,0.2851295446102907,0.0,0.9072898867523292,1.10329771000344
00-0040930,WR,2026,0.39245894258927316,0.0,0.0,1.2449610389610386,False,,,,,,,0.0087430943749877,2.4443989438869957,0.1911209639012947,,,0.342956905992292,False,False,False,Camden Brown,DAL,rookie_rule,True,udfa,False,,,deep_bench,,deep_bench_discounted,0.6584992343032159,0.6584992343032159,1.0,False,12.0,0.6584992343032159,no_data,,off_chart,0.3,False,653.0,False,,,,,,,,0.26745969617259535,0.0,0.8519400025706533,1.034924917053966
00-0040934,WR,2026,0.39245894258927316,0.0,0.0,1.2449610389610386,False,,,,,,,0.0087430943749877,2.4443989438869957,0.1911209639012947,,,0.342956905992292,False,False,False,Jordan Hudson,DAL,rookie_rule,True,udfa,False,,,deep_bench,,deep_bench_discounted,0.6584992343032159,0.6584992343032159,1.0,False,11.0,0.6584992343032159,no_data,,off_chart,0.3,False,653.0,False,,,,,,,,0.26745969617259535,0.0,0.8519400025706533,1.034924917053966
00-0041294,WR,2026,0.39245894258927316,0.0,0.0,1.2449610389610386,False,,,,,,,0.0087430943749877,2.4443989438869957,0.1911209639012947,,,0.342956905992292,False,False,False,Joseph Manjack,DEN,rookie_rule,True,udfa,False,,,deep_bench,,deep_bench_discounted,0.6584992343032159,0.6584992343032159,1.0,False,11.0,0.6584992343032159,no_data,,off_chart,0.3,False,653.0,False,,,,,,,,0.2851295446102907,0.0,0.9072898867523292,1.10329771000344
00-0041516,WR,2026,0.39245894258927316,0.0,0.0,1.2449610389610386,False,,,,,,,0.0087430943749877,2.4443989438869957,0.1911209639012947,,,0.342956905992292,False,False,False,Romello Brinson,DAL,rookie_rule,True,udfa,False,,,deep_bench,,deep_bench_discounted,0.6584992343032159,0.6584992343032159,1.0,False,,0.6584992343032159,no_data,,off_chart,0.3,False,653.0,False,,,,,,,,0.26745969617259535,0.0,0.8519400025706533,1.034924917053966
00-0041248,WR,2026,0.39245894258927316,0.0,0.0,1.2449610389610386,False,,,,,,,0.0087430943749877,2.4443989438869957,0.1911209639012947,,,0.342956905992292,False,False,False,Noah Thomas,CIN,rookie_rule,True,udfa,False,,,deep_bench,,deep_bench_discounted,0.6584992343032159,0.6584992343032159,1.0,False,12.0,0.6584992343032159,no_data,,off_chart,0.3,False,653.0,False,,,,,,,,0.33161555889495803,0.0,1.0482913566337426,1.2831735386467322
00-0041292,WR,2026,0.39245894258927316,0.0,0.0,1.2449610389610386,False,,,,,,,0.0087430943749877,2.4443989438869957,0.1911209639012947,,,0.342956905992292,False,False,False,Kolbe Katsis,DEN,rookie_rule,True,udfa,False,,,deep_bench,,deep_bench_discounted,0.6584992343032159,0.6584992343032159,1.0,False,10.0,0.6584992343032159,no_data,,off_chart,0.3,False,653.0,False,,,,,,,,0.2851295446102907,0.0,0.9072898867523292,1.10329771000344
00-0040785,WR,2026,0.39245894258927316,0.0,0.0,1.2449610389610386,False,,,,,,,0.0087430943749877,2.4443989438869957,0.1911209639012947,,,0.342956905992292,False,False,False,Dohnte Meyers,CIN,rookie_rule,True,udfa,False,,,deep_bench,,deep_bench_discounted,0.6584992343032159,0.6584992343032159,1.0,False,11.0,0.6584992343032159,no_data,,off_chart,0.3,False,653.0,False,,,,,,,,0.33161555889495803,0.0,1.0482913566337426,1.2831735386467322
00-0037311,TE,2026,0.37283566808252133,0.0,0.0,3.1484346342936984,False,,,,,,,0.0119279504391087,1.8073856087431652,0.2410588091471052,,,0.3132255796797878,False,False,False,Ko Kieft,TB,veteran_model,True,,False,ACT,,deep_bench,,deep_bench_discounted,1.6883785527876465,1.6883785527876465,0.83,True,3.0,1.6883785527876465,,,,,,,,33.5451456097649,223.7139473344186,27.71485631665953,117.7146256375168,2025.0,TB,canonical_source_team_frame,0.6678214870213681,0.0,5.618726215964451,1.0608967236902536
00-0033757,TE,2026,0.371370598671825,0.0,0.0,3.146969564883001,False,,,,,,,0.0151912866025168,2.001786960385583,0.1600883660363317,,,0.3033047088677807,False,False,False,Robert Tonyan,PIT,veteran_model,True,,True,ACT,,deep_bench,,deep_bench_discounted,3.0503104472670075,3.0503104472670075,0.83,True,3.0,3.0503104472670075,,,,,,,,33.52835881566065,220.6188474788981,26.553754211808798,113.31380639380768,2025.0,PIT,canonical_source_team_frame,1.1700358599985492,0.0,9.910961281271092,1.0328746355523433
00-0036232,TE,2026,0.36513665707463394,0.0,0.0,3.140735623285811,False,,,,,,,0.0089782456049317,2.2437767571227494,0.1737790154655375,,,0.4441507728191481,False,False,False,Harrison Bryant,SEA,veteran_model,True,,True,ACT,,deep_bench,,deep_bench_discounted,3.002042224675745,3.002042224675745,0.77,True,,3.002042224675745,,,,,,,,32.225845759159824,233.1409897885389,27.9379864119506,119.71889503194852,2025.0,SEA,canonical_source_team_frame,1.0555258845111672,0.0,9.188940812388537,0.9629342992052558
00-0041535,TE,2026,0.35485916058803557,0.0,0.0,1.0336622016449817,False,,,,,,,0.0127479013629953,1.9049933584778795,0.1757448331245516,,,0.2948366729297296,False,False,False,Louis Hansen,HOU,rookie_rule,True,udfa,False,,,deep_bench,,deep_bench_discounted,0.837037037037037,0.837037037037037,1.0,False,,0.837037037037037,no_data,,off_chart,0.6600554378910205,False,270.0,False,,,,,,,,0.330918509605288,0.0,0.9692271796371031,1.114090225090115
00-0041327,TE,2026,0.33646517963734507,0.0,0.0,0.9800827398241294,False,,,,,,,0.012087119055886,1.806248798836336,0.1666351708367909,,,0.2795539333311589,False,False,False,Cody Hardy,NO,rookie_rule,True,udfa,False,,,deep_bench,,deep_bench_discounted,0.837037037037037,0.837037037037037,1.0,False,7.0,0.837037037037037,no_data,,off_chart,0.6258417314423889,False,270.0,False,,,,,,,,0.29210568311647905,0.0,0.8436780042110158,1.0371825592435666
00-0041016,TE,2026,0.3215151743322595,0.0,0.0,0.9365351662666332,False,,,,,,,0.0115500575560795,1.725992562057205,0.159231145580124,,,0.2671326397195496,False,False,False,Patrick Gurd,LV,rookie_rule,True,udfa,False,,,deep_bench,,deep_bench_discounted,0.837037037037037,0.837037037037037,1.0,False,6.0,0.837037037037037,no_data,,off_chart,0.5980339885571005,False,270.0,False,,,,,,,,0.32486176999700256,0.0,0.9283373536374793,1.2071255891739898
00-0041457,TE,2026,0.28363180432238977,0.0,0.0,0.8261854500996795,False,,,,,,,0.0101891416834741,1.5226229543909606,0.1404693175648981,,,0.2356570347089108,False,False,False,Miles Kitselman,DET,rookie_rule,True,udfa,False,,,deep_bench,,deep_bench_discounted,0.837037037037037,0.837037037037037,1.0,False,7.0,0.837037037037037,no_data,,off_chart,0.5275690628687906,False,270.0,False,,,,,,,,0.2322989469027363,0.0,0.6765812839305108,0.9784702784320601
00-0040938,TE,2026,0.16128607093452577,0.0,0.0,0.4698069930069931,False,,,,,,,0.0057940139408866,0.8658333448011407,0.0798773056181842,,,0.1340054134869845,False,False,False,DJ Rogers,DAL,rookie_rule,True,udfa,False,,,deep_bench,,deep_bench_discounted,0.837037037037037,0.837037037037037,1.0,False,6.0,0.837037037037037,no_data,,off_chart,0.3,False,270.0,False,,,,,,,,0.14047667438825792,0.0,0.4109828965118786,1.0405493446965384
00-0041403,TE,2026,0.16128607093452577,0.0,0.0,0.4698069930069931,False,,,,,,,0.0057940139408866,0.8658333448011407,0.0798773056181842,,,0.1340054134869845,False,False,False,Rohan Jones,LA,rookie_rule,True,udfa,False,,,deep_bench,,deep_bench_discounted,0.837037037037037,0.837037037037037,1.0,False,8.0,0.837037037037037,no_data,,off_chart,0.3,False,270.0,False,,,,,,,,0.15165626651203779,0.0,0.4379091418346633,1.1233596568642508
00-0040939,TE,2026,0.16128607093452577,0.0,0.0,0.4698069930069931,False,,,,,,,0.0057940139408866,0.8658333448011407,0.0798773056181842,,,0.1340054134869845,False,False,False,Michael Trigg,DAL,rookie_rule,True,udfa,False,,,deep_bench,,deep_bench_discounted,0.837037037037037,0.837037037037037,1.0,False,5.0,0.837037037037037,no_data,,off_chart,0.3,False,270.0,False,,,,,,,,0.14047667438825792,0.0,0.4109828965118786,1.0405493446965384
00-0040974,TE,2026,0.16128607093452577,0.0,0.0,0.4698069930069931,False,,,,,,,0.0057940139408866,0.8658333448011407,0.0798773056181842,,,0.1340054134869845,False,False,False,Lance Mason,SEA,rookie_rule,True,udfa,False,,,deep_bench,,deep_bench_discounted,0.837037037037037,0.837037037037037,1.0,False,6.0,0.837037037037037,no_data,,off_chart,0.3,False,270.0,False,,,,,,,,0.1307170995077666,0.0,0.3838418561554585,0.9682574906173042
00-0041246,TE,2026,0.16128607093452577,0.0,0.0,0.4698069930069931,False,,,,,,,0.0057940139408866,0.8658333448011407,0.0798773056181842,,,0.1340054134869845,False,False,False,Josh Kattus,CIN,rookie_rule,True,udfa,False,,,deep_bench,,deep_bench_discounted,0.837037037037037,0.837037037037037,1.0,False,7.0,0.837037037037037,no_data,,off_chart,0.3,False,270.0,False,,,,,,,,0.1726414468780533,0.0,0.5004966766680198,1.278802656730863
00-0041422,TE,2026,0.16128607093452577,0.0,0.0,0.4698069930069931,False,,,,,,,0.0057940139408866,0.8658333448011407,0.0798773056181842,,,0.1340054134869845,False,False,False,Dan Villari,LA,rookie_rule,True,udfa,False,,,deep_bench,,deep_bench_discounted,0.837037037037037,0.837037037037037,1.0,False,7.0,0.837037037037037,no_data,,off_chart,0.3,False,270.0,False,,,,,,,,0.15165626651203779,0.0,0.4379091418346633,1.1233596568642508
