player_id,position,season,fantasy_pts,fantasy_pts_low_raw,fantasy_pts_low,fantasy_pts_high,fantasy_low_floor_applied,pg_attempts,pg_carries,pg_completions,pg_interceptions,pg_passing_tds,pg_passing_yards,pg_receiving_tds,pg_receiving_yards,pg_receptions,pg_rushing_tds,pg_rushing_yards,pg_targets,any_stat_low_n_flag,any_stat_constraint_applied,any_receiving_share_capped,any_receiving_share_normalized,display_name,team,source,low_confidence,rookie_tier,team_changed,roster_status,depth_rank,role,formation_role,depth_chart_status,projected_games,projected_games_raw,projection_run_id,composition_version,concentration_scale,concentration_calibration_version,role_discount_factor,role_discount_applied,nfl_depth_rank,projected_volume_games,athletic_tier,target_depth_rank,rookie_depth_band,rookie_vacancy_scale,rookie_id_unresolved,rookie_availability_cell_n,rookie_availability_fallback_used,team_pass_attempts_pg_pred,team_passing_yards_pg_pred,team_carries_pg_pred,team_rushing_yards_pg_pred,team_anchor_source_season,team_anchor_lag_team,team_anchor_provenance,td_rate_clip_applied,sentiment_score,sentiment_feature,sentiment_confidence,sentiment_coverage,sentiment_as_of,sentiment_claim_count,sentiment_source_count,sentiment_model_active,sentiment_version,fantasy_pts_season,fantasy_pts_season_low,fantasy_pts_season_high,incumbent_pred,accuracy_ensemble_pred,accuracy_ensemble_applied,accuracy_ensemble_arm,adp,adp_points,v2_pred,v3_p50,accuracy_ensemble_points_before
00-0036971,QB,2026,20.025764297868882,6.232141402175591,6.232141402175591,24.752790028659515,False,29.730598168679187,3.9979998023349217,19.480896820472736,0.5500897316206018,1.748762402077633,213.345364823249,,,,0.3997999802334921,17.75344033638724,,False,False,False,False,Trevor Lawrence,JAX,veteran_model,False,,False,ACT,1.0,starter,,curated,17.0,15.315024381648376,0b8c9cb1-e3ed-4936-88ef-94b51df10e96,healthy17_qbroom_concentration_v1,1.0,not_applicable,1.0,False,1.0,17.0,,,,,,,,34.281392912743186,230.86210034575595,27.465841920542964,117.91153249278577,2025.0,JAX,canonical_source_team_frame,False,55.0,0.5036197670758576,0.7466666666666666,high,2026-08-26,1,2,False,markdown_market_v1,340.437993063771,127.15204442703538,405.9522577461917,340.437993063771,340.437993063771,False,incumbent,94.6,231.14818181818188,353.17396350219644,330.6822728372425,321.3340374061328
00-0039732,QB,2026,19.161776299214264,6.149100773829947,6.149100773829947,24.083622965554817,False,32.443220122423824,4.174199218208693,20.956535566915708,0.5219935427311051,1.7200142221912873,216.5553301096904,,,,0.1740560504223096,26.20537640692175,,False,False,False,False,Bo Nix,DEN,veteran_model,False,,False,ACT,1.0,starter,,curated,17.0,15.44054459068686,0b8c9cb1-e3ed-4936-88ef-94b51df10e96,healthy17_qbroom_concentration_v1,1.0,not_applicable,1.0,False,1.0,17.0,,,,,,,,34.86796196556067,230.0636551213692,26.57618138477283,117.91787351632536,2025.0,DEN,canonical_source_team_frame,False,4.0,0.1290805378041329,0.8333333333333333,high,2026-08-26,1,2,False,markdown_market_v1,325.75019708664246,122.72876766165372,388.9610433811141,325.75019708664246,325.75019708664246,False,incumbent,114.7,231.14818181818188,336.80257541603913,316.09886496841864,309.17162959254745
00-0036355,QB,2026,19.497802481192263,6.33250973416535,6.33250973416535,23.96769246109426,False,31.785737976724,4.2056303304691145,20.9459903587187,0.5230095860158813,1.6213604375489157,217.4128500526582,,,,0.2283991899409247,24.82243965889301,,False,False,False,False,Justin Herbert,LAC,veteran_model,False,,False,ACT,1.0,starter,,curated,17.0,14.906977473536433,0b8c9cb1-e3ed-4936-88ef-94b51df10e96,healthy17_qbroom_concentration_v1,1.0,not_applicable,1.0,False,1.0,17.0,,,,,,,,34.81239421539152,230.9924120352485,26.622477258704382,118.76948607670286,2025.0,LAC,canonical_source_team_frame,False,100.0,1.4553960174634075,0.8333333333333333,high,2026-08-26,1,2,False,markdown_market_v1,331.46264218026846,123.81293519883656,380.2424107330753,331.46264218026846,331.46264218026846,False,incumbent,110.2,231.14818181818188,351.8184620184442,315.53837010453026,300.9289124230048
00-0039851,QB,2026,20.641046053224745,4.940837880173547,4.940837880173547,23.7024783965654,False,28.671330384579925,4.33955298477633,19.35467534345575,0.653022000810917,1.4185557686316814,215.73964609595987,,,,0.2345171382072747,25.64998945825593,,False,False,False,False,Drake Maye,NE,veteran_model,False,,False,ACT,1.0,starter,,curated,17.0,14.0264439169822,0b8c9cb1-e3ed-4936-88ef-94b51df10e96,healthy17_qbroom_concentration_v1,1.0,not_applicable,1.0,False,1.0,17.0,,,,,,,,33.74543089702036,243.75247513831917,27.01222693387557,121.7111389498118,2025.0,NE,canonical_source_team_frame,False,52.0,0.4629493373224002,0.8333333333333333,high,2026-08-26,1,2,False,markdown_market_v1,350.89778290482064,120.62918158394255,416.4706814088438,350.89778290482064,350.89778290482064,False,incumbent,51.5,241.0777777777778,373.1819216784453,308.0498639799539,317.47157474438364
00-0033873,QB,2026,19.60388349811375,5.973273191194735,5.973273191194735,22.349192640926017,False,31.332556714565364,3.814779437034475,19.30664577382952,0.5327708030127242,1.4932637247970455,204.89724806112528,,,,0.2027180678413673,21.567076002220727,,False,False,False,False,Patrick Mahomes,KC,veteran_model,False,,False,ACT,1.0,starter,,curated,17.0,15.6095133315482,0b8c9cb1-e3ed-4936-88ef-94b51df10e96,healthy17_qbroom_concentration_v1,1.0,not_applicable,1.0,False,1.0,17.0,,,,,,,,35.16321475705483,230.551485538654,25.943035799993208,113.16190955700952,2025.0,KC,canonical_source_team_frame,False,-49.0,-0.6775003458316414,0.7466666666666666,high,2026-08-26,1,2,False,markdown_market_v1,333.26601946793375,118.32167458530634,361.74871752341926,333.26601946793375,333.26601946793375,False,incumbent,103.5,231.14818181818188,368.7860046424378,290.12528254749856,279.98604170617773
00-0039139,RB,2026,15.799093905641701,9.519392664505247,9.519392664505247,23.162231481778218,False,,13.939350989236727,,,,,0.1941459509798049,30.06017807194856,4.347098845617557,0.6009640467439301,65.02665912242168,5.08560107863736,False,False,False,False,Jahmyr Gibbs,DET,veteran_model,False,,False,ACT,1.0,starter,,curated,17.0,15.6687067796054,0b8c9cb1-e3ed-4936-88ef-94b51df10e96,healthy17_qbroom_concentration_v1,1.0,concentration_v1_full_board,1.0,False,1.0,17.0,,,,,,,,33.93703078284322,246.2148467705308,26.80245988676499,118.24421493778569,2025.0,DET,canonical_source_team_frame,False,72.0,0.8908724453379326,0.7466666666666666,high,2026-08-26,1,2,False,markdown_market_v1,268.58459639590893,157.04429592222914,386.32373254407446,273.7688578955759,268.58459639590893,True,market_no_v3,1.5,247.70840579710145,308.6088904269683,330.4033294897435,273.7688578955759
00-0034857,QB,2026,21.022766426750433,4.595956676132305,4.595956676132305,22.90784658487783,False,27.027060013810196,5.623690956288139,16.298435789020218,0.5655272547592588,1.00221104409223,186.1346698990766,,,,0.5217846453793454,28.85473069203882,,False,False,False,False,Josh Allen,BUF,veteran_model,False,,False,ACT,1.0,starter,,curated,17.0,14.054539056616983,0b8c9cb1-e3ed-4936-88ef-94b51df10e96,healthy17_qbroom_concentration_v1,1.0,not_applicable,1.0,False,1.0,17.0,,,,,,,,33.212884173930405,232.0006812309425,28.02188237819293,133.5452190763655,2025.0,BUF,canonical_source_team_frame,False,7.0,0.1234817853513982,0.7466666666666666,high,2026-08-26,1,2,False,markdown_market_v1,357.38702925475735,99.4265071893126,371.65053473315487,357.38702925475735,357.38702925475735,False,incumbent,33.0,277.8628571428571,409.3213486634439,291.3806363951403,279.4855501417275
00-0039918,QB,2026,17.304677083666228,5.296663536410827,5.296663536410827,22.098855554063352,False,29.2234628242884,3.069350876962395,17.787117533668003,0.4792575451084176,1.3771448003103164,205.79363272801493,,,,0.170070702280961,20.972154445888894,,False,False,False,False,Caleb Williams,CHI,veteran_model,False,,False,ACT,1.0,starter,,curated,17.0,14.65351556232956,0b8c9cb1-e3ed-4936-88ef-94b51df10e96,healthy17_qbroom_concentration_v1,1.0,not_applicable,1.0,False,1.0,17.0,,,,,,,,33.74412762295005,231.616563841159,27.71808021893144,128.0128941200731,2025.0,CHI,canonical_source_team_frame,False,82.0,0.8807744512962739,0.8333333333333333,high,2026-08-26,1,2,False,markdown_market_v1,294.17951042232585,108.48593953917256,354.5404612513083,294.17951042232585,294.17951042232585,False,incumbent,91.0,231.14818181818188,310.6177063974413,287.8429797020241,269.5222164596527
00-0033077,QB,2026,17.632146035584228,5.619871060358016,5.619871060358016,21.72179415561448,False,31.73161306930223,2.6300780049667325,22.026415353832316,0.6478111540103104,1.5731554184880037,228.88226765341656,,,,0.0851820330024185,10.490927615641782,,False,False,False,False,Dak Prescott,DAL,veteran_model,False,,False,ACT,1.0,starter,,curated,17.0,13.11018395144303,0b8c9cb1-e3ed-4936-88ef-94b51df10e96,healthy17_qbroom_concentration_v1,1.0,not_applicable,1.0,False,1.0,17.0,,,,,,,,34.85375341295928,250.071496061463,26.933211492050265,120.7564084896434,2025.0,DAL,canonical_source_team_frame,False,-82.0,-1.3032085673831522,0.7466666666666666,high,2026-08-26,1,2,False,markdown_market_v1,299.7464826049319,111.79698492954344,343.6629556005883,299.7464826049319,299.7464826049319,False,incumbent,65.7,241.0777777777778,324.1608882803484,268.74015427766744,263.1248740918071
00-0037834,QB,2026,18.78726074942846,4.6152740265634655,4.6152740265634655,21.777935696665484,False,27.04022115532436,2.795423244075435,19.66297114496798,0.6281929643183917,1.5897610443551806,218.27303063855183,,,,0.1249971698215323,11.02116064735963,,False,False,False,False,Brock Purdy,SF,veteran_model,False,,False,ACT,1.0,starter,,curated,17.0,15.690176660849977,0b8c9cb1-e3ed-4936-88ef-94b51df10e96,healthy17_qbroom_concentration_v1,1.0,not_applicable,1.0,False,1.0,17.0,,,,,,,,34.25083482490253,240.1256936965456,26.958300492590134,112.8835201485632,2025.0,SF,canonical_source_team_frame,False,-88.0,-1.8801434769863277,0.7466666666666666,high,2026-08-26,1,2,False,markdown_market_v1,319.3834327402838,94.1685390274145,337.4308293087459,319.3834327402838,319.3834327402838,False,incumbent,88.4,231.14818181818188,360.57858617134815,302.8631903326386,257.5907025936873
00-0036389,QB,2026,18.170378769776736,4.883281418356224,4.883281418356224,22.02293361960465,False,25.081630356605963,5.331816853470477,15.530015887973777,0.4882332494881032,1.1097592764728756,171.91080716781892,,,,0.4395578146301786,26.649502530172263,,False,False,False,False,Jalen Hurts,PHI,veteran_model,False,,False,ACT,1.0,starter,,curated,17.0,14.624656145227398,0b8c9cb1-e3ed-4936-88ef-94b51df10e96,healthy17_qbroom_concentration_v1,1.0,not_applicable,1.0,False,1.0,17.0,,,,,,,,32.806418334792035,217.8630465484892,27.532262539569395,119.01828343531058,2025.0,PHI,canonical_source_team_frame,False,67.0,0.7556759734845743,0.8333333333333333,high,2026-08-26,1,2,False,markdown_market_v1,308.8964390862045,108.23750167369212,374.269142483537,308.8964390862045,308.8964390862045,False,incumbent,79.4,241.0777777777778,328.16226363753816,300.5043552487002,279.997702259204
00-0041027,RB,2026,11.570558039960524,5.457907334766606,5.457907334766606,24.643573559958615,False,,11.110008220459637,,,,,0.1759901689712546,31.846242065312705,4.101115369161655,0.6396104568661202,51.40826571910556,5.380573502559125,True,False,False,False,Jeremiyah Love,ARI,rookie_rule,True,drafted,False,,1.0,starter,,rookie_path,17.0,15.125,0b8c9cb1-e3ed-4936-88ef-94b51df10e96,healthy17_qbroom_concentration_v1,1.0,concentration_v1_full_board,1.0,False,1.0,17.0,above_median,1.0,rank_1,1.0024268349689045,False,8.0,False,36.21537296296883,240.75211132429325,24.991541448852136,107.82682362857648,2025.0,ARI,canonical_source_team_frame,False,-4.0,-0.1756759254197348,0.8333333333333333,high,2026-08-26,1,2,False,markdown_market_v1,196.6994866793289,90.87705534094268,403.984283872332,251.39670918369328,196.6994866793289,True,market_no_v3,29.4,192.19666666666666,187.4727192031987,347.0006757322004,251.39670918369328
00-0038542,RB,2026,16.329013577749446,8.146119596027203,8.146119596027203,22.073209797249824,False,,13.782719950379944,,,,,0.2063491341387716,25.734478974360137,3.8547405287802303,0.4607639107233274,67.28501311727045,4.678392058804827,False,False,False,False,Bijan Robinson,ATL,veteran_model,False,,False,ACT,1.0,starter,,curated,17.0,14.856808487964193,0b8c9cb1-e3ed-4936-88ef-94b51df10e96,healthy17_qbroom_concentration_v1,1.0,concentration_v1_full_board,1.0,False,1.0,17.0,,,,,,,,33.11019223657139,223.68381617318363,27.583501535610957,121.08084842723764,2025.0,ATL,canonical_source_team_frame,False,76.0,1.0378272551729724,0.8333333333333333,high,2026-08-26,1,2,False,markdown_market_v1,277.5932308217406,134.78739769772255,368.427838865496,253.84261078074,277.5932308217406,True,market_no_v3,2.3,247.70840579710145,345.27975421801904,319.48930376141675,253.84261078074
00-0033119,QB,2026,16.762616235002156,5.065301987387348,5.065301987387348,21.072953309511885,False,29.118114876542915,2.2700206264855733,18.87628166659472,0.5719387030849435,1.5298364149071433,214.74513070961464,,,,0.0879750692294812,9.296578359531852,,False,False,False,False,Jacoby Brissett,ARI,veteran_model,False,,False,ACT,1.0,starter,,curated,17.0,13.779722233164795,0b8c9cb1-e3ed-4936-88ef-94b51df10e96,healthy17_qbroom_concentration_v1,1.0,not_applicable,1.0,False,1.0,17.0,,,,,,,,36.21537296296883,240.75211132429325,24.991541448852136,107.82682362857648,2025.0,ARI,canonical_source_team_frame,False,40.0,0.3723011572821902,0.75,medium,2026-08-26,1,1,False,markdown_market_v1,284.96447599503665,114.20909216963068,363.5004869171715,284.96447599503665,284.96447599503665,False,incumbent,,,291.69849864009103,283.93612470810723,274.863442027455
00-0033280,RB,2026,14.176930300615588,8.413500937173104,8.413500937173104,21.34907654723504,False,,14.385870407003951,,,,,0.1790138162652156,30.78208518370598,3.892410696222033,0.4940017099204954,58.8737064183728,5.068153505807363,False,False,False,False,Christian McCaffrey,SF,veteran_model,False,,False,ACT,1.0,starter,,curated,17.0,14.846373384486371,0b8c9cb1-e3ed-4936-88ef-94b51df10e96,healthy17_qbroom_concentration_v1,1.0,concentration_v1_full_board,1.0,False,1.0,17.0,,,,,,,,34.25083482490253,240.1256936965456,26.958300492590134,112.8835201485632,2025.0,SF,canonical_source_team_frame,False,38.0,0.4399648919159852,0.7466666666666666,high,2026-08-26,1,2,False,markdown_market_v1,241.007815110465,144.77035836177646,366.7290876400074,256.82341891178726,241.007815110465,True,market_no_v3,6.6,247.70840579710145,222.3347658034181,303.09308617829845,256.82341891178726
00-0035710,QB,2026,16.02561679883558,4.463276132125252,4.463276132125252,20.997815639915817,False,24.13252564323646,3.58124640600642,16.407122442206052,0.5987211062014532,1.3770438119525028,182.78476541107676,,,,0.3168451004604231,11.89302501873282,,False,False,False,False,Daniel Jones,IND,veteran_model,False,,False,ACT,1.0,starter,,curated,17.0,12.295582765638772,0b8c9cb1-e3ed-4936-88ef-94b51df10e96,healthy17_qbroom_concentration_v1,1.0,not_applicable,1.0,False,1.0,17.0,,,,,,,,33.82190844602341,234.02468664293764,26.51465853299865,117.43030699843813,2025.0,IND,canonical_source_team_frame,False,46.0,0.3993570100484841,0.7466666666666666,high,2026-08-26,1,2,False,markdown_market_v1,272.43548558020484,80.99365992011059,290.533574909529,272.43548558020484,272.43548558020484,False,incumbent,167.2,123.05333333333333,310.22382040267007,294.6831664685682,215.75298334650697
00-0033106,QB,2026,17.160896027828745,5.485240730520856,5.485240730520856,20.42444272153277,False,30.29022659889425,1.4196505838983542,19.491649839411966,0.5874455222458593,1.5994174846338385,222.85537558177293,,,,0.0299414120842387,2.894058423616088,,False,False,False,False,Jared Goff,DET,veteran_model,False,,False,ACT,1.0,starter,,curated,17.0,15.174676628525294,0b8c9cb1-e3ed-4936-88ef-94b51df10e96,healthy17_qbroom_concentration_v1,1.0,not_applicable,1.0,False,1.0,17.0,,,,,,,,33.93703078284322,246.2148467705308,26.80245988676499,118.24421493778569,2025.0,DET,canonical_source_team_frame,False,-85.0,-1.5893421204645246,0.7466666666666666,high,2026-08-26,1,2,False,markdown_market_v1,291.7352324730887,115.95461885334169,341.7836688189235,291.7352324730887,291.7352324730887,False,incumbent,101.0,231.14818181818188,313.5255963249551,261.6703120670238,259.04968669528904
00-0039040,RB,2026,14.281230603624195,7.830606305995605,7.830606305995605,20.97021736699629,False,,12.24860061029758,,,,,0.1926480648695759,28.18966078557801,3.972721958775952,0.4075616457519007,60.80087378304184,4.555422318378727,False,False,False,False,De'Von Achane,MIA,veteran_model,False,,False,ACT,1.0,starter,,curated,17.0,15.40255216437147,0b8c9cb1-e3ed-4936-88ef-94b51df10e96,healthy17_qbroom_concentration_v1,1.0,concentration_v1_full_board,1.0,False,1.0,17.0,,,,,,,,32.36223621091209,214.6126867270503,26.74474106089619,118.31799054444193,2025.0,MIA,canonical_source_team_frame,False,14.0,0.1801124657338881,0.7466666666666666,high,2026-08-26,1,2,False,markdown_market_v1,242.78092026161133,126.88640056303268,344.1366862587472,237.2314969434624,242.78092026161133,True,market_no_v3,11.7,247.70840579710145,234.7757569633474,359.5767878240911,237.2314969434624
00-0038543,WR,2026,13.705814250012551,11.672896902905446,11.672896902905446,17.96261971497384,False,,,,,,,0.5218810408392826,80.19031290041046,6.63646907468906,,,9.503634827446792,False,False,False,False,Jaxon Smith-Njigba,SEA,veteran_model,False,,False,ACT,1.0,starter,LWR,curated,17.0,15.276008257434786,0b8c9cb1-e3ed-4936-88ef-94b51df10e96,healthy17_qbroom_concentration_v1,1.0,not_applicable,1.0,False,1.0,17.0,,,,,,,,32.23055547607071,233.1588091163081,27.961458857752422,119.77956467483948,2025.0,SEA,canonical_source_team_frame,False,70.0,0.9941503089363964,0.8333333333333333,high,2026-08-26,1,2,False,markdown_market_v1,232.9988422502134,197.22249848928016,305.11677636422155,244.7912348433606,232.9988422502134,True,market_no_v3,5.2,230.565,234.99016772766072,289.4025005537011,244.7912348433606
00-0035228,QB,2026,17.696247083266698,3.686227354232203,3.686227354232203,20.514721497040597,False,28.75250474365632,4.5899916738167175,17.266847948731787,0.4666215304345967,0.9558213864291732,183.6858953109654,,,,0.2350828737127637,25.804623968777904,,False,False,False,False,Kyler Murray,MIN,veteran_model,False,,True,ACT,1.0,starter,,curated,17.0,12.19517465234694,0b8c9cb1-e3ed-4936-88ef-94b51df10e96,healthy17_qbroom_concentration_v1,1.0,not_applicable,1.0,False,1.0,17.0,,,,,,,,33.31986938890707,212.12724988326613,25.99228043038729,113.38707277968209,2025.0,MIN,canonical_source_team_frame,False,91.0,1.1111601686540873,0.8333333333333333,high,2026-08-26,2,2,False,markdown_market_v1,300.8362004155339,82.45661830322551,333.4227685725355,300.8362004155339,300.8362004155339,False,incumbent,137.4,205.38666666666668,338.96948343642924,245.8296050139308,243.6362758841909
00-0036442,QB,2026,16.504994937431096,5.284791871780425,5.284791871780425,19.946533153324854,False,30.387954173959443,2.0136794674652294,18.998765774410725,0.5395108921420583,1.4978917328947503,203.4539787344203,,,,0.046503731967124,6.906191069797209,,False,False,False,False,Joe Burrow,CIN,veteran_model,False,,False,ACT,1.0,starter,,curated,17.0,15.41035766445714,0b8c9cb1-e3ed-4936-88ef-94b51df10e96,healthy17_qbroom_concentration_v1,1.0,not_applicable,1.0,False,1.0,17.0,,,,,,,,35.76282862419232,238.6281952536197,25.12248933429627,107.39911528359622,2025.0,CIN,canonical_source_team_frame,False,-34.0,-0.4045163762990376,0.8333333333333333,high,2026-08-26,1,2,False,markdown_market_v1,280.58491393632863,106.41133287588444,317.71169292488906,280.58491393632863,280.58491393632863,False,incumbent,57.3,241.0777777777778,310.2787873390642,250.6737496129673,236.04410383222532
00-0040691,QB,2026,18.147970562588718,3.304817526775456,3.304817526775456,20.67435669771304,False,21.567750522742543,4.454417240336233,12.984547990761437,0.4304220471501441,0.8637086409623436,148.90187112577388,,,,0.4454417240336233,27.85654068003593,,False,False,False,False,Jaxson Dart,NYG,veteran_model,False,,False,ACT,1.0,starter,,curated,17.0,13.845830872017132,0b8c9cb1-e3ed-4936-88ef-94b51df10e96,healthy17_qbroom_concentration_v1,1.0,not_applicable,1.0,False,1.0,17.0,,,,,,,,33.24864013753459,223.72476972874463,27.99474579779997,122.73497314685248,2025.0,NYG,canonical_source_team_frame,False,70.0,0.8190434418688695,0.8333333333333333,high,2026-08-26,2,2,False,markdown_market_v1,308.5154995640082,82.80364736639206,361.3593710186103,308.5154995640082,308.5154995640082,False,incumbent,120.4,231.14818181818188,342.2893353427749,273.14246151346265,257.8547458958582
00-0036900,WR,2026,16.05814085729591,11.17297443440608,11.17297443440608,17.389259789598132,False,,,,,,,0.5533691950094619,77.9694567151863,5.556062610940326,,,8.788088149819535,False,False,False,False,Ja'Marr Chase,CIN,veteran_model,False,,False,ACT,1.0,starter,LWR,curated,17.0,14.821323849985628,0b8c9cb1-e3ed-4936-88ef-94b51df10e96,healthy17_qbroom_concentration_v1,1.0,not_applicable,1.0,False,1.0,17.0,,,,,,,,35.76282862419232,238.6281952536197,25.12248933429627,107.39911528359622,2025.0,CIN,canonical_source_team_frame,False,-80.0,-1.2248945377101217,0.8333333333333333,high,2026-08-26,1,2,False,markdown_market_v1,272.9883945740305,191.7012504247474,298.71145512651685,238.5763512798712,272.9883945740305,True,market_no_v3,3.9,230.565,307.69844468005545,322.4249986986351,238.5763512798712
00-0039075,WR,2026,14.318757350242118,11.020343385975316,11.020343385975316,17.289729967272855,False,,,,,,,0.5220482774797558,74.94730688114744,6.33728394345402,,,8.480843342101684,False,False,False,False,Puka Nacua,LA,veteran_model,False,,False,ACT,2.0,starter,RWR,curated,17.0,15.582508175082534,0b8c9cb1-e3ed-4936-88ef-94b51df10e96,healthy17_qbroom_concentration_v1,1.0,not_applicable,1.0,False,1.0,17.0,,,,,,,,34.82297755064974,249.39921534190285,26.611874443882616,121.4158089351876,2025.0,LA,canonical_source_team_frame,False,74.0,1.0637216375487124,0.8333333333333333,high,2026-08-26,1,2,False,markdown_market_v1,243.418874954116,183.9323632226617,287.1315203385837,229.812108774998,243.418874954116,True,market_no_v3,3.0,230.565,253.9356817347564,317.82528816667275,229.812108774998
00-0037248,RB,2026,13.437999422751108,6.263930237846987,6.263930237846987,20.31205847943032,False,,14.75529555572288,,,,,0.0587052152963991,17.08111495187049,2.285443948758091,0.5483314087134207,68.55845922932801,2.901065620456504,False,False,False,False,James Cook,BUF,veteran_model,False,,False,ACT,1.0,starter,,curated,17.0,14.857494511166168,0b8c9cb1-e3ed-4936-88ef-94b51df10e96,healthy17_qbroom_concentration_v1,1.0,concentration_v1_full_board,1.0,False,1.0,17.0,,,,,,,,33.212884173930405,232.0006812309425,28.02188237819293,133.5452190763655,2025.0,BUF,canonical_source_team_frame,False,-8.0,-0.2188666662805726,0.7466666666666666,high,2026-08-26,1,2,False,markdown_market_v1,228.44599018676885,106.35401059999444,344.678739166084,226.5973810815224,228.44599018676885,True,market_no_v3,9.2,247.70840579710145,190.5373620011858,300.5711521867155,226.5973810815224
00-0032764,RB,2026,14.509798625840874,5.904500908779799,5.904500908779799,20.60117380275134,False,,15.268308236666506,,,,,0.0256511367718696,11.69975468034562,1.6224312511394832,0.5862570748194368,76.24900501201657,1.9585681638406327,False,False,False,False,Derrick Henry,BAL,veteran_model,False,,False,ACT,1.0,starter,,curated,17.0,13.593022907295229,0b8c9cb1-e3ed-4936-88ef-94b51df10e96,healthy17_qbroom_concentration_v1,1.0,concentration_v1_full_board,1.0,False,1.0,17.0,,,,,,,,31.37799975249296,213.6518141922886,28.079230857805165,132.67231187281823,2025.0,BAL,canonical_source_team_frame,False,2.0,0.0895034545594863,0.8333333333333333,high,2026-08-26,1,2,False,markdown_market_v1,246.66657663929487,99.51357910427129,345.38882775087467,223.53177654118815,246.66657663929487,True,market_no_v3,9.7,247.70840579710145,252.29451835638395,281.6559729442895,223.53177654118815
00-0036223,RB,2026,14.49877753412585,6.184793119328203,6.184793119328203,19.91987653864332,False,,15.618338326556392,,,,,0.097339650414719,16.249180051312422,2.130130036167967,0.561306182373318,65.00447241983562,2.9836190967156524,False,False,False,False,Jonathan Taylor,IND,veteran_model,False,,False,ACT,1.0,starter,,curated,17.0,13.261735334358304,0b8c9cb1-e3ed-4936-88ef-94b51df10e96,healthy17_qbroom_concentration_v1,1.0,concentration_v1_full_board,1.0,False,1.0,17.0,,,,,,,,33.82190844602341,234.02468664293764,26.51465853299865,117.43030699843813,2025.0,IND,canonical_source_team_frame,False,68.0,0.7389051757917597,0.7466666666666666,high,2026-08-26,1,2,False,markdown_market_v1,246.47921808013945,110.66595460160693,354.53721748724337,233.5531109324005,246.47921808013945,True,market_no_v3,6.0,247.70840579710145,248.3295450287952,280.39181937691194,233.5531109324005
00-0039163,QB,2026,16.855849486676266,3.8161106988887616,3.8161106988887616,19.50564997093001,False,28.619441824494004,2.722878872091824,17.48336135366122,0.6027991621554576,1.21968632037408,190.5195493945316,,,,0.1160319228779114,11.33312918430905,,False,False,False,False,C.J. Stroud,HOU,veteran_model,False,,False,ACT,1.0,starter,,curated,17.0,13.784791211476522,0b8c9cb1-e3ed-4936-88ef-94b51df10e96,healthy17_qbroom_concentration_v1,1.0,not_applicable,1.0,False,1.0,17.0,,,,,,,,34.32483042096658,230.71531420889468,27.03402673302534,113.94163263281224,2025.0,HOU,canonical_source_team_frame,False,64.0,0.6982928111042758,0.8333333333333333,high,2026-08-26,1,2,False,markdown_market_v1,286.54944127349654,87.24933735750308,320.991952710598,286.54944127349654,286.54944127349654,False,incumbent,162.8,123.05333333333333,324.2628026415913,242.4131277210745,229.9793992213545
00-0034869,QB,2026,15.40291886557186,4.299779799172191,4.299779799172191,19.268069843665756,False,25.707641475523005,1.3686207402133268,16.57157855261698,0.4595061083940071,1.4142222348966895,195.70487248329815,,,,0.0342484004026428,3.067879154931184,,False,False,False,False,Sam Darnold,SEA,veteran_model,False,,False,ACT,1.0,starter,,curated,17.0,13.45130991766501,0b8c9cb1-e3ed-4936-88ef-94b51df10e96,healthy17_qbroom_concentration_v1,1.0,not_applicable,1.0,False,1.0,17.0,,,,,,,,32.23055547607071,233.1588091163081,27.961458857752422,119.77956467483948,2025.0,SEA,canonical_source_team_frame,False,-43.0,-0.5244700073373334,0.8333333333333333,high,2026-08-26,1,2,False,markdown_market_v1,261.8496207147216,88.6856081469022,298.0782198140793,261.8496207147216,261.8496207147216,False,incumbent,148.7,205.38666666666668,292.62866345382344,252.8213785235846,215.6810566060689
00-0026498,QB,2026,16.466582345970632,4.526409541396459,4.526409541396459,19.08812853731522,False,31.946312926161884,1.3564823860158997,21.19529581567708,0.7486629325169826,1.3320680791793904,220.75424332620403,,,,0.0395502161091071,1.5411372830530383,,False,False,False,False,Matthew Stafford,LA,veteran_model,False,,False,ACT,1.0,starter,,curated,17.0,13.559418370926062,0b8c9cb1-e3ed-4936-88ef-94b51df10e96,healthy17_qbroom_concentration_v1,1.0,not_applicable,1.0,False,1.0,17.0,,,,,,,,34.82297755064974,249.39921534190285,26.611874443882616,121.4158089351876,2025.0,LA,canonical_source_team_frame,False,-97.0,-2.24,0.7466666666666666,high,2026-08-26,1,2,False,markdown_market_v1,279.9318998815007,103.35684867894814,320.28478623208287,279.9318998815007,279.9318998815007,False,incumbent,78.3,241.0777777777778,311.75147983307664,227.83558111120365,232.20252995413688
00-0034855,QB,2026,16.5373337620045,3.249260865179976,3.249260865179976,19.220468154513565,False,28.117587421542197,2.6415029749592325,17.01372736941063,0.6139150375071715,1.0865911246158542,185.016716713707,,,,0.1271886012223127,16.55935809806845,,False,False,False,False,Baker Mayfield,TB,veteran_model,False,,False,ACT,1.0,starter,,curated,17.0,14.111791077709055,0b8c9cb1-e3ed-4936-88ef-94b51df10e96,healthy17_qbroom_concentration_v1,1.0,not_applicable,1.0,False,1.0,17.0,,,,,,,,33.55035103578723,223.7141596661014,27.73776146084954,117.79149136744992,2025.0,TB,canonical_source_team_frame,False,-4.0,-0.1279063116849191,0.8333333333333333,high,2026-08-26,1,2,False,markdown_market_v1,281.1346739540765,81.80913437143421,330.14882826568066,281.1346739540765,281.1346739540765,False,incumbent,135.7,205.38666666666668,310.82704975749465,232.42809970854148,236.59611024894932
00-0039910,QB,2026,17.27801336449332,2.323922928234924,2.323922928234924,19.396042252961955,False,22.833864521983912,5.9414626217075,14.934045215314,0.4958237032044675,0.8624887228343284,151.465146247807,,,,0.2011793584800882,29.24170030669615,,False,False,False,False,Jayden Daniels,WAS,veteran_model,False,,False,ACT,1.0,starter,,curated,17.0,11.04053840293722,0b8c9cb1-e3ed-4936-88ef-94b51df10e96,healthy17_qbroom_concentration_v1,1.0,not_applicable,1.0,False,1.0,17.0,,,,,,,,32.67144533753111,214.92336904810367,27.29070180650144,124.16028766147345,2025.0,WAS,canonical_source_team_frame,False,61.0,0.6034116046263618,0.8333333333333333,high,2026-08-26,1,2,False,markdown_market_v1,293.72622719638645,67.61312166175922,333.47998354368855,293.72622719638645,293.72622719638645,False,incumbent,70.0,241.0777777777778,334.8300775041086,228.4316354130929,232.07045173480324
00-0036264,QB,2026,14.907088244341125,3.683879208479692,3.683879208479692,19.08491574792752,False,25.5545390485392,2.242356033613751,15.821298004137644,0.5726777389689693,1.2619986435609336,179.36896213005008,,,,0.0791066787321812,10.691773192072372,,False,False,False,False,Jordan Love,GB,veteran_model,False,,False,ACT,1.0,starter,,curated,17.0,13.954106580460104,0b8c9cb1-e3ed-4936-88ef-94b51df10e96,healthy17_qbroom_concentration_v1,1.0,not_applicable,1.0,False,1.0,17.0,,,,,,,,32.64024951982665,227.6640713446097,27.556451830260983,118.45985840964596,2025.0,GB,canonical_source_team_frame,False,49.0,0.4593523763120821,0.8333333333333333,high,2026-08-26,1,2,False,markdown_market_v1,253.4205001537991,82.57587337783878,303.6286739904172,253.4205001537991,253.4205001537991,False,incumbent,151.8,205.38666666666668,279.4157388360518,246.4168133486462,214.4276421304201
00-0034796,QB,2026,16.718282016349605,2.68045092821271,2.68045092821271,19.19107592900339,False,23.27111048390881,4.505757534866991,14.865952267619866,0.3580235447671944,0.924072691381014,164.3780360322704,,,,0.132264046622744,21.806181658398327,,False,False,False,False,Lamar Jackson,BAL,veteran_model,False,,False,ACT,1.0,starter,,curated,17.0,13.3877954160184,0b8c9cb1-e3ed-4936-88ef-94b51df10e96,healthy17_qbroom_concentration_v1,1.0,not_applicable,1.0,False,1.0,17.0,,,,,,,,31.37799975249296,213.6518141922886,28.079230857805165,132.67231187281823,2025.0,BAL,canonical_source_team_frame,False,76.0,0.8592982119072461,0.8333333333333333,high,2026-08-26,1,2,False,markdown_market_v1,284.2107942779433,74.18797434117215,335.933900670164,284.2107942779433,284.2107942779433,False,incumbent,56.8,241.0777777777778,318.63958549877543,245.30792538414565,232.56760744669515
00-0040676,QB,2026,15.963342296702354,3.0894288921965485,3.0894288921965485,18.72609609924891,False,29.156239600113697,2.8573358012979253,16.730001549043198,0.5240290625717654,0.9828126237718928,191.4855351839213,,,,0.1293741992349924,11.737757730902675,,False,False,False,False,Cam Ward,TEN,veteran_model,False,,False,ACT,1.0,starter,,curated,17.0,14.09126171560918,0b8c9cb1-e3ed-4936-88ef-94b51df10e96,healthy17_qbroom_concentration_v1,1.0,not_applicable,1.0,False,1.0,17.0,,,,,,,,33.99714946554143,212.007639970746,25.993384614102037,108.23524626366611,2025.0,TEN,canonical_source_team_frame,False,22.0,0.3233167133974526,0.8333333333333333,high,2026-08-26,1,2,False,markdown_market_v1,271.37681904394003,84.63952077001493,341.82508506735746,271.37681904394003,271.37681904394003,False,incumbent,167.4,123.05333333333333,290.21144238869704,221.67977365298975,243.12488402680452
00-0040743,QB,2026,17.571263336114335,3.072949004266156,3.072949004266156,18.525714566393614,False,25.3785763430806,2.897967521497512,17.051168706767964,0.49413600102386,0.9337300588841368,179.95867996273788,,,,0.1976126311789754,10.950293249534973,,False,False,False,False,Tyler Shough,NO,veteran_model,False,,False,ACT,1.0,starter,,curated,17.0,13.289163281527776,0b8c9cb1-e3ed-4936-88ef-94b51df10e96,healthy17_qbroom_concentration_v1,1.0,not_applicable,1.0,False,1.0,17.0,,,,,,,,34.20731916190036,231.16668439742472,26.96687552570446,109.19074388858569,2025.0,NO,canonical_source_team_frame,False,58.0,0.5705837308464351,0.8333333333333333,high,2026-08-26,1,2,False,markdown_market_v1,298.7114767139437,77.12315979351456,314.51658402470525,298.7114767139437,298.7114767139437,False,incumbent,139.6,205.38666666666668,350.63005945192714,237.70190289433756,220.83360260696844
00-0038120,RB,2026,10.937397579495007,5.968604957452855,5.968604957452855,18.41983467119617,False,,12.074039001458182,,,,,0.0435386348976034,20.41979932793266,2.515241530999744,0.4893505055108747,56.57845761445338,3.367256198878981,False,False,True,True,Breece Hall,NYJ,veteran_model,False,,False,ACT,1.0,starter,,curated,17.0,14.84453981478214,0b8c9cb1-e3ed-4936-88ef-94b51df10e96,healthy17_qbroom_concentration_v1,1.0,concentration_v1_full_board,1.0,False,1.0,17.0,,,,,,,,32.41879516501858,201.132721478803,27.47972793367314,119.35043810725364,2025.0,NYJ,canonical_source_team_frame,False,0.0,-0.0801950952852997,0.7466666666666666,high,2026-08-26,1,2,False,markdown_market_v1,185.93575885141513,96.77795679403168,302.2455213108267,199.4114259572207,185.93575885141513,True,market_no_v3,35.9,170.0,213.3153875189769,271.45485580775426,199.4114259572207
00-0035700,RB,2026,12.123132699664083,5.658158779421399,5.658158779421399,18.39593916409229,False,,13.786189037816076,,,,,0.0786248400497362,16.977752784598035,2.349145705592232,0.5108274843750058,56.53642056588589,2.993849916749153,False,False,False,False,Josh Jacobs,GB,veteran_model,False,,False,ACT,1.0,starter,,curated,17.0,13.763170012455417,0b8c9cb1-e3ed-4936-88ef-94b51df10e96,healthy17_qbroom_concentration_v1,1.0,concentration_v1_full_board,1.0,False,1.0,17.0,,,,,,,,32.64024951982665,227.6640713446097,27.556451830260983,118.45985840964596,2025.0,GB,canonical_source_team_frame,False,-62.0,-0.6771057544240758,0.8333333333333333,high,2026-08-26,1,2,False,markdown_market_v1,206.09325589428943,95.13278231674406,310.8314272748162,203.67657483789745,206.09325589428943,True,market_no_v3,24.0,192.19666666666666,234.69199470166564,245.3898478387562,203.67657483789745
00-0040668,QB,2026,4.95262104300175,2.870170001189652,2.870170001189652,18.37632503735612,False,24.517064162613195,2.91197504792291,15.235553265544246,0.5405374232707003,0.9744024004144908,177.44763959195976,,,,0.1598290929610253,11.801768007673642,,False,False,False,False,Shedeur Sanders,CLE,veteran_model,False,,False,ACT,1.0,starter,,curated,17.0,6.483928473420664,0b8c9cb1-e3ed-4936-88ef-94b51df10e96,healthy17_qbroom_concentration_v1,1.0,not_applicable,1.0,False,2.0,17.0,,,,,,,,33.82707987620956,210.09032913022048,26.55432348725456,109.36695682546336,2025.0,CLE,canonical_source_team_frame,False,88.0,0.9629256629117892,0.75,medium,2026-08-26,1,1,False,markdown_market_v1,84.19455773102976,71.115093968755,301.1622478541601,84.19455773102976,84.19455773102976,False,incumbent,,,0.0,219.42745131170403,210.48639432757437
00-0039150,QB,2026,16.2940581116579,2.8605802125421373,2.8605802125421373,18.28134389836059,False,25.54686780888787,2.545246243422212,16.559520853540395,0.5369609876125232,0.9846632693664548,181.123380735611,,,,0.1341564895830972,10.72049903315012,,False,False,False,False,Bryce Young,CAR,veteran_model,False,,False,ACT,1.0,starter,,curated,17.0,14.190156731411273,0b8c9cb1-e3ed-4936-88ef-94b51df10e96,healthy17_qbroom_concentration_v1,1.0,not_applicable,1.0,False,1.0,17.0,,,,,,,,33.086654804365814,214.5319014599454,26.991967859866016,116.4978523275508,2025.0,CAR,canonical_source_team_frame,False,85.0,0.6571346032718307,0.62,medium,2026-08-26,1,1,False,markdown_market_v1,276.9989878981843,71.38157162594469,301.75010264033006,276.9989878981843,276.9989878981843,False,incumbent,,,320.9283775917413,229.48313159141864,211.10490335784868
00-0038597,RB,2026,14.274295189792044,5.580375977660248,5.580375977660248,18.20290185685631,False,,12.880229291780015,,,,,0.0896601017541187,21.269299949385104,2.624389153432056,0.4039365833080263,55.02292933233407,3.427256464311088,False,False,False,False,Chase Brown,CIN,veteran_model,False,,False,ACT,1.0,starter,,curated,17.0,15.281377778485306,0b8c9cb1-e3ed-4936-88ef-94b51df10e96,healthy17_qbroom_concentration_v1,1.0,concentration_v1_full_board,1.0,False,1.0,17.0,,,,,,,,35.76282862419232,238.6281952536197,25.12248933429627,107.39911528359622,2025.0,CIN,canonical_source_team_frame,False,70.0,0.9863556119791084,0.8333333333333333,high,2026-08-26,1,2,False,markdown_market_v1,242.66301822646474,95.2462198622718,310.5853232910555,203.0632369014236,242.66301822646474,True,market_no_v3,15.3,247.70840579710145,245.7721701935384,263.38754894934607,203.0632369014236
00-0040715,RB,2026,9.491253753070426,5.832306589321809,5.832306589321809,17.882039811493947,False,,10.549775491737332,,,,,0.0721755482036316,22.931184931411543,2.6081055048475275,0.4531928359540972,50.98650886288814,3.445652551033322,False,False,True,True,Cam Skattebo,NYG,veteran_model,False,,False,ACT,1.0,starter,,curated,17.0,14.003270887254589,0b8c9cb1-e3ed-4936-88ef-94b51df10e96,healthy17_qbroom_concentration_v1,1.0,concentration_v1_full_board,1.0,False,1.0,17.0,,,,,,,,33.24864013753459,223.72476972874463,27.99474579779997,122.73497314685248,2025.0,NYG,canonical_source_team_frame,False,-64.0,-0.6858184918062381,0.8333333333333333,high,2026-08-26,1,2,False,markdown_market_v1,161.35131380219724,93.64518849548855,292.020963952751,193.086967137945,161.35131380219724,True,market_no_v3,35.3,172.0,129.47539029467578,225.14292602155567,193.086967137945
00-0037238,WR,2026,9.988216871979182,9.08564768318332,9.08564768318332,15.249237959612474,False,,,,,,,0.5389780463759535,61.308937946762455,4.780816488255877,,,7.650478160347005,False,False,False,False,Drake London,ATL,veteran_model,False,,False,ACT,1.0,starter,LWR,curated,17.0,13.990457439061355,0b8c9cb1-e3ed-4936-88ef-94b51df10e96,healthy17_qbroom_concentration_v1,1.0,not_applicable,1.0,False,1.0,17.0,,,,,,,,33.11019223657139,223.68381617318363,27.583501535610957,121.08084842723764,2025.0,ATL,canonical_source_team_frame,False,-18.0,-0.1893650477661158,0.8333333333333333,high,2026-08-26,1,2,False,markdown_market_v1,169.79968682364608,145.9299987301187,244.70549460253483,188.783169337704,169.79968682364608,True,market_no_v3,12.2,204.1357142857143,141.70657344559024,227.49586581539216,188.783169337704
00-0036554,WR,2026,10.055858131850346,8.937086147261631,8.937086147261631,15.075802333619595,False,,,,,,,0.4436802468971078,67.12217857292259,4.414870704784246,,,6.740012162340162,False,False,False,False,Nico Collins,HOU,veteran_model,False,,False,ACT,1.0,starter,LWR,curated,17.0,15.025775211262706,0b8c9cb1-e3ed-4936-88ef-94b51df10e96,healthy17_qbroom_concentration_v1,1.0,not_applicable,1.0,False,1.0,17.0,,,,,,,,34.32483042096658,230.71531420889468,27.03402673302534,113.94163263281224,2025.0,HOU,canonical_source_team_frame,False,78.0,1.0888064473765957,0.8333333333333333,high,2026-08-26,1,2,False,markdown_market_v1,170.9495882414559,146.72504411336826,247.9456237948345,190.31171942944343,170.9495882414559,True,market_no_v3,20.9,171.43125000000003,170.55550134810156,252.82992605825785,190.31171942944343
00-0039917,QB,2026,4.909731638699153,3.0104914687071678,3.0104914687071678,17.869071416090353,False,24.91499746813552,2.468226658347056,16.515538991261263,0.5153069533864341,1.0424773989365033,175.679711163581,,,,0.0899645108021832,8.42902842542322,,False,False,False,False,Michael Penix Jr.,ATL,veteran_model,False,,False,ACT,1.0,starter,,curated,17.0,6.893372033583433,0b8c9cb1-e3ed-4936-88ef-94b51df10e96,healthy17_qbroom_concentration_v1,1.0,not_applicable,1.0,False,2.0,17.0,,,,,,,,33.11019223657139,223.68381617318363,27.583501535610957,121.08084842723764,2025.0,ATL,canonical_source_team_frame,False,-46.0,-0.5424836398486274,0.75,medium,2026-08-26,1,1,False,markdown_market_v1,83.4654378578856,76.22372202942258,302.1291379790782,83.4654378578856,83.4654378578856,False,incumbent,,,0.0,155.21791099215807,208.663594644714
00-0035261,RB,2026,8.621621518132178,5.22334647358984,5.22334647358984,17.939120139060535,False,,13.432630714486717,,,,,0.040510046082648,10.050593446480466,1.7584762805142582,0.5899967996484633,58.720646251941794,2.3038135181088477,False,False,True,True,Tony Pollard,TEN,veteran_model,False,,False,ACT,1.0,starter,,curated,17.0,14.861376162490846,0b8c9cb1-e3ed-4936-88ef-94b51df10e96,healthy17_qbroom_concentration_v1,1.0,concentration_v1_full_board,1.0,False,1.0,17.0,,,,,,,,33.99714946554143,212.007639970746,25.993384614102037,108.23524626366611,2025.0,TEN,canonical_source_team_frame,False,40.0,0.4955904738181201,0.8333333333333333,high,2026-08-26,1,2,False,markdown_market_v1,146.56756580824702,86.52849869050208,295.26210036497787,190.9167433042677,146.56756580824702,True,market_no_v3,67.1,129.05714285714288,166.8053525451151,234.38430799557875,190.9167433042677
00-0039361,RB,2026,9.48894076503027,5.435416902296469,5.435416902296469,17.54671598088197,False,,11.477309491400236,,,,,0.1075316818675781,19.47942404495178,2.146477265065347,0.4465891586429701,51.59395412017268,2.8581458114773017,False,False,False,False,Bucky Irving,TB,veteran_model,False,,False,ACT,1.0,starter,,curated,17.0,12.45443385751636,0b8c9cb1-e3ed-4936-88ef-94b51df10e96,healthy17_qbroom_concentration_v1,1.0,concentration_v1_full_board,1.0,False,1.0,17.0,,,,,,,,33.55035103578723,223.7141596661014,27.73776146084954,117.79149136744992,2025.0,TB,canonical_source_team_frame,False,12.0,0.200958279238034,0.8333333333333333,high,2026-08-26,1,2,False,markdown_market_v1,161.31199300551458,89.15179855559892,290.41123314340655,190.30154234558583,161.31199300551458,True,market_no_v3,45.8,157.76071428571427,158.75136733175813,211.55226186609804,190.30154234558583
00-0030565,QB,2026,13.894005161921262,3.144449908143317,3.144449908143317,17.725244328087957,False,26.020593465091103,1.858679837463072,16.10696068139058,0.5260451940500557,1.0705653236163926,178.33710136735863,,,,0.0744011146998558,6.563653350677449,,False,False,False,False,Geno Smith,NYJ,veteran_model,False,,True,ACT,1.0,starter,,curated,17.0,14.31623664995882,0b8c9cb1-e3ed-4936-88ef-94b51df10e96,healthy17_qbroom_concentration_v1,1.0,not_applicable,1.0,False,1.0,17.0,,,,,,,,32.41879516501858,201.132721478803,27.47972793367314,119.35043810725364,2025.0,NYJ,canonical_source_team_frame,False,-1.0,-0.0187489808881685,0.62,medium,2026-08-26,1,1,False,markdown_market_v1,236.19808775266145,84.01778759333155,318.372362855409,236.19808775266145,236.19808775266145,False,incumbent,,,246.2259529667764,219.1100284055478,221.156289931489
00-0037744,TE,2026,11.322088512434085,9.27600042157498,9.27600042157498,14.044950790720067,False,,,,,,,0.4936417988509919,56.03733154602968,5.784972851841096,,,7.76100730852222,False,False,False,False,Trey McBride,ARI,veteran_model,False,,False,ACT,1.0,starter,,curated,17.0,14.7221955613068,0b8c9cb1-e3ed-4936-88ef-94b51df10e96,healthy17_qbroom_concentration_v1,1.0,not_applicable,1.0,False,1.0,17.0,,,,,,,,36.21537296296883,240.75211132429325,24.991541448852136,107.82682362857648,2025.0,ARI,canonical_source_team_frame,False,84.0,0.8741172202065209,0.8333333333333333,high,2026-08-26,2,2,False,markdown_market_v1,192.47550471137944,145.84713478721486,221.08239239018772,192.47550471137944,192.47550471137944,False,incumbent,38.0,162.82999999999998,302.0502548181702,236.6400510388581,180.30053247729157
00-0036963,WR,2026,14.91544317578068,8.751043901386863,8.751043901386863,14.923252507823982,False,,,,,,,0.5005842366077968,59.71875082925979,4.907608725397309,,,7.219163600669531,False,False,False,False,Amon-Ra St. Brown,DET,veteran_model,False,,False,ACT,2.0,starter,RWR,curated,17.0,14.523935816259364,0b8c9cb1-e3ed-4936-88ef-94b51df10e96,healthy17_qbroom_concentration_v1,1.0,not_applicable,1.0,False,1.0,17.0,,,,,,,,33.93703078284322,246.2148467705308,26.80245988676499,118.24421493778569,2025.0,DET,canonical_source_team_frame,False,0.0,-0.0023673615445979,0.7466666666666666,high,2026-08-26,1,2,False,markdown_market_v1,253.56253398827158,141.37087630480914,241.44708236248152,184.69343799019944,253.56253398827158,True,market_no_v3,7.9,230.02,272.8246072514028,215.1275654258729,184.69343799019944
00-0041438,WR,2026,10.354086869006279,4.674976464435622,4.674976464435622,18.011136847780243,False,,,,,,,0.4070849108294283,64.69376652114694,4.953918850131649,,,8.105030653512578,False,False,False,False,Carnell Tate,TEN,rookie_rule,True,drafted,False,,2.0,starter,,rookie_path,17.0,14.3125,0b8c9cb1-e3ed-4936-88ef-94b51df10e96,healthy17_qbroom_concentration_v1,1.0,not_applicable,1.0,False,1.0,17.0,below_median,1.0,rank_1,1.0,False,16.0,False,33.99714946554143,212.007639970746,25.993384614102037,108.23524626366611,2025.0,TEN,canonical_source_team_frame,False,7.0,0.0377179817051399,0.8333333333333333,high,2026-08-26,1,2,False,markdown_market_v1,176.01947677310673,68.52231737745704,263.17095297860675,166.46439672445442,176.01947677310673,True,market_no_v3,74.4,141.43684210526317,204.31435968316055,199.68244708011605,166.46439672445442
00-0035676,WR,2026,10.922795283204087,8.750679703433693,8.750679703433693,14.873054366517382,False,,,,,,,0.4259553564718331,67.36026876933137,4.174455416401355,,,6.872623982816248,False,False,False,False,A.J. Brown,NE,veteran_model,False,,True,ACT,1.0,starter,LWR,curated,17.0,14.667078306084267,0b8c9cb1-e3ed-4936-88ef-94b51df10e96,healthy17_qbroom_concentration_v1,1.0,not_applicable,1.0,False,1.0,17.0,,,,,,,,33.74543089702036,243.75247513831917,27.01222693387557,121.7111389498118,2025.0,NE,canonical_source_team_frame,False,84.0,1.224765281022934,0.8333333333333333,high,2026-08-26,1,2,False,markdown_market_v1,185.68751981446948,132.78986400390215,226.561964096934,173.05184766782335,185.68751981446948,True,market_no_v3,19.6,171.43125000000003,197.35174057176263,224.7455373443821,173.05184766782335
00-0040122,RB,2026,14.115248508000164,4.868580953614659,4.868580953614659,17.8319738243853,False,,14.86097147989532,,,,,0.1302301281625005,14.383298107635332,2.4249965996330096,0.3626487517701415,57.62129814401827,3.1805908192898142,False,False,False,False,Ashton Jeanty,LV,veteran_model,False,,False,ACT,1.0,starter,,curated,17.0,13.168089805220625,0b8c9cb1-e3ed-4936-88ef-94b51df10e96,healthy17_qbroom_concentration_v1,1.0,concentration_v1_full_board,1.0,False,1.0,17.0,,,,,,,,33.854801045689456,214.5498181545603,25.409147592119822,101.32508075439344,2025.0,LV,canonical_source_team_frame,False,74.0,0.917894077690383,0.7466666666666666,high,2026-08-26,1,2,False,markdown_market_v1,239.95922463600277,83.33749405855211,304.0179192644905,193.96435353121345,239.95922463600277,True,market_no_v3,14.8,247.70840579710145,239.79248601540195,229.26012833005203,193.96435353121345
00-0034844,RB,2026,11.56600269808999,4.592246438524491,4.592246438524491,17.93119626189841,False,,14.465606568022633,,,,,0.1051978378131675,16.105915230544053,2.106507583130134,0.3115745662294493,61.66423021403884,2.9438024847941566,False,False,False,False,Saquon Barkley,PHI,veteran_model,False,,False,ACT,1.0,starter,,curated,17.0,15.125962406779292,0b8c9cb1-e3ed-4936-88ef-94b51df10e96,healthy17_qbroom_concentration_v1,1.0,concentration_v1_full_board,1.0,False,1.0,17.0,,,,,,,,32.806418334792035,217.8630465484892,27.532262539569395,119.01828343531058,2025.0,PHI,canonical_source_team_frame,False,66.0,0.8020566512621135,0.8333333333333333,high,2026-08-26,1,2,False,markdown_market_v1,196.62204586752983,75.56543806619383,298.3432852080888,188.37318330231676,196.62204586752983,True,market_no_v3,17.4,192.19666666666666,208.2224251243272,242.9666810523612,188.37318330231676
00-0037247,WR,2026,9.260393708582699,8.486433742850652,8.486433742850652,14.628254756122626,False,,,,,,,0.403006807721033,64.85871922262683,4.460548689962352,,,7.000085434820737,False,False,False,False,George Pickens,DAL,veteran_model,False,,False,ACT,1.0,starter,LWR,curated,17.0,14.93269118531424,0b8c9cb1-e3ed-4936-88ef-94b51df10e96,healthy17_qbroom_concentration_v1,1.0,not_applicable,1.0,False,2.0,17.0,,,,,,,,34.85375341295928,250.071496061463,26.933211492050265,120.7564084896434,2025.0,DAL,canonical_source_team_frame,False,73.0,0.9002967642099389,0.7466666666666666,high,2026-08-26,1,2,False,markdown_market_v1,157.4266930459059,144.2494922443081,249.91100692622933,189.68957128841555,157.4266930459059,True,market_no_v3,19.8,171.43125000000003,145.9684191743743,241.2314357896852,189.68957128841555
00-0039337,WR,2026,8.366521365408513,8.347393904799372,8.347393904799372,14.511106106762169,False,,,,,,,0.4275542119249089,60.6040806879096,4.7826102477383685,,,7.224367846418207,False,False,True,True,Malik Nabers,NYG,veteran_model,False,,False,ACT,1.0,starter,LWR,curated,17.0,12.954734094583944,0b8c9cb1-e3ed-4936-88ef-94b51df10e96,healthy17_qbroom_concentration_v1,1.0,not_applicable,1.0,False,1.0,17.0,,,,,,,,33.24864013753459,223.72476972874463,27.99474579779997,122.73497314685248,2025.0,NYG,canonical_source_team_frame,False,-9.0,-0.0865220795376594,0.8333333333333333,high,2026-08-26,1,2,False,markdown_market_v1,142.23086321194472,125.2954203687422,217.96381576311703,165.36505833838524,142.23086321194472,True,market_no_v3,28.0,158.34,129.05066038535406,187.2447784785502,165.36505833838524
00-0029604,QB,2026,12.469326072927343,3.0965205894519494,3.0965205894519494,17.29486607700954,False,26.358972426872604,1.8419799773240595,16.008230066426528,0.4843659143180416,1.091077209895256,167.27736794606966,,,,0.0569993804360534,5.5043210026557805,,False,False,False,False,Kirk Cousins,LV,veteran_model,False,,True,ACT,1.0,starter,,curated,17.0,12.720714542421616,0b8c9cb1-e3ed-4936-88ef-94b51df10e96,healthy17_qbroom_concentration_v1,1.0,not_applicable,1.0,False,1.0,17.0,,,,,,,,33.854801045689456,214.5498181545603,25.409147592119822,101.32508075439344,2025.0,LV,canonical_source_team_frame,False,1.0,0.0,0.62,medium,2026-08-26,1,1,False,markdown_market_v1,211.97854323976483,73.08505301321222,276.20080425899977,211.97854323976483,211.97854323976483,False,incumbent,,,228.6702688317829,197.96511126780987,186.94095485173776
00-0037840,RB,2026,11.76913306311662,4.62679840680276,4.62679840680276,17.11497535439741,False,,13.041757446747695,,,,,0.0713725534995735,16.211678560332164,2.1394950445842507,0.3875692333089471,54.2056608642524,2.7161018173607467,False,False,False,False,Kyren Williams,LA,veteran_model,False,,False,ACT,1.0,starter,,curated,17.0,14.30659263183466,0b8c9cb1-e3ed-4936-88ef-94b51df10e96,healthy17_qbroom_concentration_v1,1.0,concentration_v1_full_board,1.0,False,1.0,17.0,,,,,,,,34.82297755064974,249.39921534190285,26.611874443882616,121.4158089351876,2025.0,LA,canonical_source_team_frame,False,-78.0,-1.0508225792764911,0.8333333333333333,high,2026-08-26,1,2,False,markdown_market_v1,200.07526207298253,78.8754354764492,289.5304838171013,184.1820509409665,200.07526207298253,True,market_no_v3,27.2,192.19666666666666,221.1301899296196,216.81176434727453,184.1820509409665
00-0039064,WR,2026,10.902725465197053,8.188164146175417,8.188164146175417,14.33638693233046,False,,,,,,,0.3669759435451104,63.6309807764479,4.55473110172488,,,6.834341320490632,False,False,False,False,Zay Flowers,BAL,veteran_model,False,,False,ACT,3.0,starter,SWR,curated,17.0,15.667176659638368,0b8c9cb1-e3ed-4936-88ef-94b51df10e96,healthy17_qbroom_concentration_v1,1.0,not_applicable,1.0,False,1.0,17.0,,,,,,,,31.37799975249296,213.6518141922886,28.079230857805165,132.67231187281823,2025.0,BAL,canonical_source_team_frame,False,76.0,1.0728294584092557,0.8333333333333333,high,2026-08-26,1,2,False,markdown_market_v1,185.3463329083499,128.90211239724024,223.96770273092707,170.12199270332434,185.3463329083499,True,market_no_v3,25.7,158.34,207.44242346972703,252.4142739973853,170.12199270332434
00-0023459,QB,2026,14.279457815227303,2.7963191844138784,2.7963191844138784,16.430330374146493,False,30.317137940638784,1.575681075648162,16.492759227133075,0.4873091727446821,0.9095141382191636,175.60881554304038,,,,0.0417054868934109,4.896202348374512,,False,False,False,False,Aaron Rodgers,PIT,veteran_model,False,,False,ACT,1.0,starter,,curated,17.0,14.232122404678384,0b8c9cb1-e3ed-4936-88ef-94b51df10e96,healthy17_qbroom_concentration_v1,1.0,not_applicable,1.0,False,1.0,17.0,,,,,,,,33.53074981559085,220.60629098765008,26.566881241231517,113.38878134930282,2025.0,PIT,canonical_source_team_frame,False,-79.0,-1.0266052634507217,0.75,medium,2026-08-26,1,1,False,markdown_market_v1,242.75078285886417,74.93431101433417,287.19231611842474,242.75078285886417,242.75078285886417,False,incumbent,,,273.87081255842884,183.0315637043172,196.0707383095172
00-0036322,WR,2026,11.946572813139422,7.649621866783219,7.649621866783219,13.827691433131132,False,,,,,,,0.3180664249228735,59.28307872795273,4.993834736492098,,,7.218190719844291,False,False,False,False,Justin Jefferson,MIN,veteran_model,False,,False,ACT,1.0,starter,LWR,curated,17.0,14.671013090004646,0b8c9cb1-e3ed-4936-88ef-94b51df10e96,healthy17_qbroom_concentration_v1,1.0,not_applicable,1.0,False,1.0,17.0,,,,,,,,33.31986938890707,212.12724988326613,25.99228043038729,113.38707277968209,2025.0,MIN,canonical_source_team_frame,False,-6.0,-0.0848443373754934,0.8333333333333333,high,2026-08-26,1,2,False,markdown_market_v1,203.09173782337018,129.97638951171945,233.77473295586896,175.12746609264934,203.09173782337018,True,market_no_v3,14.3,204.1357142857143,202.2375752632704,235.61924338742588,175.12746609264934
00-0037239,WR,2026,9.241324961507784,7.701729706370308,7.701729706370308,13.827238004306166,False,,,,,,,0.4549678406544389,54.93084706903631,4.220557221846662,,,7.606907131749591,False,False,False,False,Chris Olave,NO,veteran_model,False,,False,ACT,2.0,starter,RWR,curated,17.0,14.249681833546727,0b8c9cb1-e3ed-4936-88ef-94b51df10e96,healthy17_qbroom_concentration_v1,1.0,not_applicable,1.0,False,1.0,17.0,,,,,,,,34.20731916190036,231.16668439742472,26.96687552570446,109.19074388858569,2025.0,NO,canonical_source_team_frame,False,4.0,0.0163441323159955,0.8333333333333333,high,2026-08-26,1,2,False,markdown_market_v1,157.10252434563233,123.32076877709925,221.0881851254473,165.40602209071923,157.10252434563233,True,market_no_v3,23.8,171.43125000000003,145.3790215375133,196.93655244458492,165.40602209071923
00-0039067,WR,2026,10.221910031756538,7.631833030139773,7.631833030139773,13.808769701285604,False,,,,,,,0.428518103125538,52.550096071742594,4.977167665611097,,,7.143116569802406,False,False,False,False,Rashee Rice,KC,veteran_model,False,,False,ACT,3.0,starter,SWR,curated,17.0,13.192597963937866,0b8c9cb1-e3ed-4936-88ef-94b51df10e96,healthy17_qbroom_concentration_v1,1.0,not_applicable,1.0,False,1.0,17.0,,,,,,,,35.16321475705483,230.551485538654,25.943035799993208,113.16190955700952,2025.0,KC,canonical_source_team_frame,False,-11.0,-0.112966502373368,0.7466666666666666,high,2026-08-26,1,2,False,markdown_market_v1,173.77247053986116,128.74310432626686,233.33744966142092,174.10119169834195,173.77247053986116,True,market_no_v3,15.3,204.1357142857143,148.92981656598127,223.3043807851136,174.10119169834195
00-0036275,RB,2026,10.868368939598016,4.27842910536821,4.27842910536821,16.46772190553712,False,,12.043134715724811,,,,,0.036128390141759,12.260546730985256,1.755610501481608,0.4362268281520093,53.048631304464415,2.112800077090405,False,False,False,False,D'Andre Swift,CHI,veteran_model,False,,False,ACT,1.0,starter,,curated,17.0,11.518534968117486,0b8c9cb1-e3ed-4936-88ef-94b51df10e96,healthy17_qbroom_concentration_v1,1.0,concentration_v1_full_board,1.0,False,1.0,17.0,,,,,,,,33.74412762295005,231.616563841159,27.71808021893144,128.0128941200731,2025.0,CHI,canonical_source_team_frame,False,-24.0,-0.4006870634219033,0.8333333333333333,high,2026-08-26,1,2,False,markdown_market_v1,184.76227197316626,72.38301842163304,279.35405518866736,173.60694498875375,184.76227197316626,True,market_no_v3,43.0,163.8083333333333,230.3885915809697,185.3683741677256,173.60694498875375
00-0040124,WR,2026,10.453370830091789,7.44606269805212,7.44606269805212,13.602434956153871,False,,,,,,,0.3827756533999596,54.744006264232034,4.674625533556684,,,7.052747616789035,False,False,False,False,Tetairoa McMillan,CAR,veteran_model,False,,False,ACT,1.0,starter,LWR,curated,17.0,14.60712869870851,0b8c9cb1-e3ed-4936-88ef-94b51df10e96,healthy17_qbroom_concentration_v1,1.0,not_applicable,1.0,False,1.0,17.0,,,,,,,,33.086654804365814,214.5319014599454,26.991967859866016,116.4978523275508,2025.0,CAR,canonical_source_team_frame,False,66.0,0.8026537832887511,0.7466666666666666,high,2026-08-26,1,2,False,markdown_market_v1,177.7073041115604,122.49891054664867,223.48896285811333,166.21599520301163,177.7073041115604,True,market_no_v3,31.5,158.34,193.5532802028371,235.8519769030784,166.21599520301163
00-0038128,QB,2026,15.921978791821717,0.9197343945256022,0.9197343945256022,17.598093383793607,False,20.826383850716027,3.186796808413541,14.055271777984233,0.5732057520630326,0.6307087310893245,148.92524431628237,,,,0.181195122628442,15.18172214207145,,False,False,False,False,Malik Willis,MIA,veteran_model,False,,True,ACT,1.0,starter,,curated,17.0,8.167044235960677,0b8c9cb1-e3ed-4936-88ef-94b51df10e96,healthy17_qbroom_concentration_v1,1.0,not_applicable,1.0,False,1.0,17.0,,,,,,,,32.36223621091209,214.6126867270503,26.74474106089619,118.31799054444193,2025.0,MIA,canonical_source_team_frame,False,73.0,0.7466262830580703,0.7466666666666666,high,2026-08-26,1,2,False,markdown_market_v1,270.6736394609692,49.15127440431047,309.36513092662824,270.6736394609692,270.6736394609692,False,incumbent,157.2,205.38666666666668,324.8054471381799,183.8434000933265,189.4759279451532
00-0037228,RB,2026,9.000995477055532,4.112566436652461,4.112566436652461,15.869230018608476,False,,11.004264213073425,,,,,0.0495849003486345,11.71571289125368,1.914400369260132,0.4217920018320543,49.39978826157785,2.4102111715937555,False,False,False,False,Jaylen Warren,PIT,veteran_model,False,,False,ACT,1.0,starter,,curated,17.0,12.077344601537662,0b8c9cb1-e3ed-4936-88ef-94b51df10e96,healthy17_qbroom_concentration_v1,1.0,concentration_v1_full_board,1.0,False,1.0,17.0,,,,,,,,33.53074981559085,220.60629098765008,26.566881241231517,113.38878134930282,2025.0,PIT,canonical_source_team_frame,False,-16.0,-0.3519242260648988,0.8333333333333333,high,2026-08-26,1,2,False,markdown_market_v1,153.01692310994406,68.32828537583029,263.2709597215935,164.6658397239624,153.01692310994406,True,market_no_v3,63.3,129.05714285714288,197.0535114108737,163.37351834661084,164.6658397239624
00-0040784,RB,2026,9.196945412836016,3.6603623114389703,3.6603623114389703,16.312834545998,False,,14.805312723760627,,,,,0.0446194915185686,9.385466990758232,1.3181152099194535,0.4050643674946386,55.88418568782648,1.581459033336471,False,True,False,False,Quinshon Judkins,CLE,veteran_model,False,,False,ACT,1.0,starter,,curated,17.0,12.69154827857621,0b8c9cb1-e3ed-4936-88ef-94b51df10e96,healthy17_qbroom_concentration_v1,1.0,concentration_v1_full_board,1.0,False,1.0,17.0,,,,,,,,33.82707987620956,210.09032913022048,26.55432348725456,109.36695682546336,2025.0,CLE,canonical_source_team_frame,False,60.0,0.7641911069081725,0.8333333333333333,high,2026-08-26,1,2,False,markdown_market_v1,156.34807201821226,62.338218456112216,276.8520273889659,167.9521564905311,156.34807201821226,True,market_no_v3,51.6,157.0047619047619,151.16666408767344,199.9808766726364,167.9521564905311
00-0031381,WR,2026,8.847277485816475,7.127345628492781,7.127345628492781,13.235046850232466,False,,,,,,,0.4831125076205806,48.63013748617358,3.958580826678113,,,6.520472989767724,False,False,False,False,Davante Adams,LA,veteran_model,False,,False,ACT,1.0,starter,LWR,curated,17.0,13.56068964722438,0b8c9cb1-e3ed-4936-88ef-94b51df10e96,healthy17_qbroom_concentration_v1,1.0,not_applicable,1.0,False,2.0,17.0,,,,,,,,34.82297755064974,249.39921534190285,26.611874443882616,121.4158089351876,2025.0,LA,canonical_source_team_frame,False,60.0,0.7850963854068714,0.8333333333333333,high,2026-08-26,1,2,False,markdown_market_v1,150.40371725888008,117.59896974134476,218.0596595481148,160.74024798452905,150.40371725888008,True,market_no_v3,38.0,158.34,143.91039501614557,197.00007226467108,160.74024798452905
00-0036875,RB,2026,8.066895139226265,4.040895005863682,4.040895005863682,15.464933163670244,False,,9.93514709666188,,,,,0.0475127396224634,15.091757460218693,1.9185303756834136,0.3834920427946757,45.36599860782962,2.6512693031165173,False,False,False,False,Rhamondre Stevenson,NE,veteran_model,False,,False,ACT,1.0,starter,,curated,17.0,13.546125395220203,0b8c9cb1-e3ed-4936-88ef-94b51df10e96,healthy17_qbroom_concentration_v1,1.0,concentration_v1_full_board,1.0,False,1.0,17.0,,,,,,,,33.74543089702036,243.75247513831917,27.01222693387557,121.7111389498118,2025.0,NE,canonical_source_team_frame,False,-22.0,-0.3943413101258622,0.8333333333333333,high,2026-08-26,2,2,False,markdown_market_v1,137.1372173668465,66.03042200382986,255.09338029814776,158.21308644700235,137.1372173668465,True,market_no_v3,67.1,129.05714285714288,146.27207669286844,180.59273506298769,158.21308644700235
00-0040129,WR,2026,9.882694529604374,6.679702179687903,6.679702179687903,12.78796586163033,False,,,,,,,0.3096078028827232,54.52823551877349,3.9668556998081432,,,6.471142222602556,False,False,False,False,Emeka Egbuka,TB,veteran_model,False,,False,ACT,2.0,starter,RWR,curated,17.0,13.828529940239846,0b8c9cb1-e3ed-4936-88ef-94b51df10e96,healthy17_qbroom_concentration_v1,1.0,not_applicable,1.0,False,1.0,17.0,,,,,,,,33.55035103578723,223.7141596661014,27.73776146084954,117.79149136744992,2025.0,TB,canonical_source_team_frame,False,-23.0,-0.2179854577576289,0.8333333333333333,high,2026-08-26,1,2,False,markdown_market_v1,168.00580700327436,104.13798985606596,199.4775553730246,144.901158543547,168.00580700327436,True,market_no_v3,34.1,158.34,175.91419455140792,183.25197391091865,144.901158543547
00-0037240,WR,2026,8.756992111323656,6.714574053058749,6.714574053058749,12.787555636138714,False,,,,,,,0.3052100533872739,57.3833364497356,3.4477880565778856,,,5.644025908034839,False,False,False,False,Jameson Williams,DET,veteran_model,False,,False,ACT,1.0,starter,LWR,curated,17.0,14.620542211465589,0b8c9cb1-e3ed-4936-88ef-94b51df10e96,healthy17_qbroom_concentration_v1,1.0,not_applicable,1.0,False,2.0,17.0,,,,,,,,33.93703078284322,246.2148467705308,26.80245988676499,118.24421493778569,2025.0,DET,canonical_source_team_frame,False,43.0,0.552857229285941,0.7466666666666666,high,2026-08-26,1,2,False,markdown_market_v1,148.86886589250216,107.85840414146436,206.3668515720388,149.61320719975674,148.86886589250216,True,market_no_v3,40.2,158.34,141.11975616818572,166.5448123004084,149.61320719975674
00-0041512,RB,2026,7.215002513513722,3.68373463531244,3.68373463531244,14.409847709263088,False,,9.36427468779283,,,,,0.0821670965249883,15.12522741599564,1.95439661247582,0.3000049341280316,45.09279174539336,2.5638181433188443,True,False,False,False,Jadarian Price,SEA,rookie_rule,True,drafted,False,,2.0,committee,,rookie_path,17.0,13.0,0b8c9cb1-e3ed-4936-88ef-94b51df10e96,healthy17_qbroom_concentration_v1,1.0,concentration_v1_full_board,1.0,False,2.0,17.0,above_median,2.0,rank_2,0.9572025025535296,False,5.0,False,32.23055547607071,233.1588091163081,27.961458857752422,119.77956467483948,2025.0,SEA,canonical_source_team_frame,False,90.0,1.3122260013809983,0.8333333333333333,high,2026-08-26,1,2,False,markdown_market_v1,122.65504272973328,62.15455351972469,244.04806999551727,157.12778102345402,122.65504272973328,True,market_no_v3,74.6,129.05714285714288,98.35992971034054,152.5475414387282,157.12778102345402
00-0036970,TE,2026,9.321346976864458,7.212763911308762,7.212763911308762,11.70311192275933,False,,,,,,,0.3198480732037064,49.7407726230591,4.717750223168962,,,6.702834860321277,False,False,False,False,Kyle Pitts,ATL,veteran_model,False,,False,ACT,1.0,starter,,curated,17.0,15.491337116857414,0b8c9cb1-e3ed-4936-88ef-94b51df10e96,healthy17_qbroom_concentration_v1,1.0,not_applicable,1.0,False,1.0,17.0,,,,,,,,33.11019223657139,223.68381617318363,27.583501535610957,121.08084842723764,2025.0,ATL,canonical_source_team_frame,False,66.0,0.5521911405070917,0.8333333333333333,high,2026-08-26,1,2,False,markdown_market_v1,158.46289860669577,116.45040299745544,188.39679874547912,158.46289860669577,158.46289860669577,False,incumbent,85.1,117.35,242.72337098539705,184.45202416216327,149.10062389795118
00-0034348,WR,2026,8.844973622414315,6.547586444834202,6.547586444834202,12.632892405764022,False,,,,,,,0.3785156314682385,50.53179275919757,3.629103396964528,,,6.092590874001542,False,False,False,False,Courtland Sutton,DEN,veteran_model,False,,False,ACT,1.0,starter,LWR,curated,17.0,14.668908597583156,0b8c9cb1-e3ed-4936-88ef-94b51df10e96,healthy17_qbroom_concentration_v1,1.0,not_applicable,1.0,False,1.0,17.0,,,,,,,,34.86796196556067,230.0636551213692,26.57618138477283,117.91787351632536,2025.0,DEN,canonical_source_team_frame,False,-71.0,-0.7839987049217191,0.8333333333333333,high,2026-08-26,1,2,False,markdown_market_v1,150.36455158104337,108.9641836976821,211.56732009374497,152.51863910081255,150.36455158104337,True,market_no_v3,59.1,143.77529411764704,155.7557622329131,218.25526694554367,152.51863910081255
00-0038996,TE,2026,8.863845437111737,7.008490412612895,7.008490412612895,11.595953875192766,False,,,,,,,0.4409612369066172,45.25990507056032,3.821288225395774,,,5.473518363415532,False,False,False,False,Tucker Kraft,GB,veteran_model,False,,False,ACT,1.0,starter,,curated,17.0,11.622430011339722,0b8c9cb1-e3ed-4936-88ef-94b51df10e96,healthy17_qbroom_concentration_v1,1.0,not_applicable,1.0,False,1.0,17.0,,,,,,,,32.64024951982665,227.6640713446097,27.556451830260983,118.45985840964596,2025.0,GB,canonical_source_team_frame,False,27.0,0.1344540301242142,0.8333333333333333,high,2026-08-26,1,2,False,markdown_market_v1,150.68537243089952,117.60498256352192,194.66007185787663,150.68537243089952,150.68537243089952,False,incumbent,100.3,117.35,135.00763155178788,186.02013877720373,152.4273436396897
00-0039338,TE,2026,9.392932041601217,7.009020769019138,7.009020769019138,11.532699685881662,False,,,,,,,0.5087814028290372,40.79102607073994,3.843256362986939,,,5.937013473626113,False,False,False,False,Brock Bowers,LV,veteran_model,False,,False,ACT,1.0,starter,,curated,17.0,12.5390418582529,0b8c9cb1-e3ed-4936-88ef-94b51df10e96,healthy17_qbroom_concentration_v1,1.0,not_applicable,1.0,False,1.0,17.0,,,,,,,,33.854801045689456,214.5498181545603,25.409147592119822,101.32508075439344,2025.0,LV,canonical_source_team_frame,False,92.0,0.9836223291462944,0.7466666666666666,high,2026-08-26,1,2,False,markdown_market_v1,159.6798447072207,119.51826089685548,196.689054521,159.6798447072207,159.6798447072207,False,incumbent,43.5,162.82999999999998,208.13430511004825,191.505021073192,154.29601577357317
00-0036358,WR,2026,11.478685189886924,6.41202537521078,6.41202537521078,12.537251200235168,False,,,,,,,0.325252934145122,49.83465202236419,4.216401501150895,,,5.779098774449859,False,False,False,False,CeeDee Lamb,DAL,veteran_model,False,,False,ACT,2.0,starter,RWR,curated,17.0,14.482353666933022,0b8c9cb1-e3ed-4936-88ef-94b51df10e96,healthy17_qbroom_concentration_v1,1.0,not_applicable,1.0,False,1.0,17.0,,,,,,,,34.85375341295928,250.071496061463,26.933211492050265,120.7564084896434,2025.0,DAL,canonical_source_team_frame,False,6.0,0.028108969644898,0.7466666666666666,high,2026-08-26,1,2,False,markdown_market_v1,195.13764822807772,108.95699532602508,214.3384646907029,154.11702905288917,195.13764822807772,True,market_no_v3,12.5,204.1357142857143,187.7755941809205,186.71903534590467,154.11702905288917
00-0033288,TE,2026,11.858731991256304,6.8990093629049,6.8990093629049,11.449428111689029,False,,,,,,,0.4494329362573658,41.762683176468784,4.189402162677772,,,4.857889903653176,False,True,False,False,George Kittle,SF,veteran_model,False,,False,ACT,1.0,starter,,curated,8.0,13.425761381220084,0b8c9cb1-e3ed-4936-88ef-94b51df10e96,healthy17_qbroom_concentration_v1,1.0,not_applicable,1.0,False,1.0,8.0,,,,,,,,34.25083482490253,240.1256936965456,26.958300492590134,112.8835201485632,2025.0,SF,canonical_source_team_frame,False,-25.0,-0.3621565083286058,0.7466666666666666,high,2026-08-26,1,2,False,markdown_market_v1,94.86985593005043,57.08345483763204,94.87661779622304,94.86985593005043,94.86985593005043,False,incumbent,120.2,117.35,279.9099137092988,166.25066747462995,74.30984951013394
00-0040666,RB,2026,10.584681132781997,3.891661214700659,3.891661214700659,14.341776729233503,False,,9.104934158937278,,,,,0.0548612388138728,17.643945679120442,2.5972897354317004,0.2952583618878543,38.01163399008515,3.2394820230080805,False,False,False,False,Omarion Hampton,LAC,veteran_model,False,,False,ACT,1.0,starter,,curated,17.0,12.586733006545703,0b8c9cb1-e3ed-4936-88ef-94b51df10e96,healthy17_qbroom_concentration_v1,1.0,concentration_v1_full_board,1.0,False,1.0,17.0,,,,,,,,34.81239421539152,230.9924120352485,26.622477258704382,118.76948607670286,2025.0,LAC,canonical_source_team_frame,False,80.0,1.0688666408588514,0.8333333333333333,high,2026-08-26,1,2,False,markdown_market_v1,179.93957925729396,65.67926336836467,243.98186316244224,152.14170582690576,179.93957925729396,True,market_no_v3,24.0,192.19666666666666,164.691362248678,207.40474958262337,152.14170582690576
00-0039893,WR,2026,8.69784701387808,6.336169055776084,6.336169055776084,12.44039110443872,False,,,,,,,0.3221440343893224,50.5976151140772,3.9073954882849935,,,6.4764207511921565,False,False,False,False,Brian Thomas Jr.,JAX,veteran_model,False,,False,ACT,1.0,starter,LWR,curated,17.0,14.41637763402787,0b8c9cb1-e3ed-4936-88ef-94b51df10e96,healthy17_qbroom_concentration_v1,1.0,not_applicable,1.0,False,1.0,17.0,,,,,,,,34.281392912743186,230.86210034575595,27.465841920542964,117.91153249278577,2025.0,JAX,canonical_source_team_frame,False,-34.0,-0.3013188601720377,0.7466666666666666,high,2026-08-26,1,2,False,markdown_market_v1,147.86339923592737,102.60034177808856,203.5011899403341,145.58945410744911,147.86339923592737,True,market_no_v3,69.5,143.77529411764704,151.2082125145204,194.34308368938972,145.58945410744911
00-0036912,WR,2026,8.820229990448555,6.189687400675052,6.189687400675052,12.297643789187818,False,,,,,,,0.2792559617993443,51.46872965101951,3.962334821474465,,,6.391004531633673,False,False,False,False,DeVonta Smith,PHI,veteran_model,False,,False,ACT,1.0,starter,LWR,curated,17.0,15.046734781530516,0b8c9cb1-e3ed-4936-88ef-94b51df10e96,healthy17_qbroom_concentration_v1,1.0,not_applicable,1.0,False,1.0,17.0,,,,,,,,32.806418334792035,217.8630465484892,27.532262539569395,119.01828343531058,2025.0,PHI,canonical_source_team_frame,False,83.0,1.1842097386588193,0.8333333333333333,high,2026-08-26,1,2,False,markdown_market_v1,149.94390983762543,97.08521188224088,193.5542024572456,138.31868079951855,149.94390983762543,True,market_no_v3,32.1,158.34,143.07438152295532,173.87602244865883,138.31868079951855
00-0039165,RB,2026,8.673139030309112,3.4313093325713084,3.4313093325713084,14.44303661262884,False,,10.608119791277469,,,,,0.0423133028598355,10.076892477500468,1.6649772184564169,0.4116590820948896,41.63467440880613,1.9201887878870036,False,True,False,False,Zach Charbonnet,SEA,veteran_model,False,,False,ACT,1.0,starter,,curated,8.0,14.089611686248574,0b8c9cb1-e3ed-4936-88ef-94b51df10e96,healthy17_qbroom_concentration_v1,1.0,concentration_v1_full_board,1.0,False,1.0,8.0,,,,,,,,32.23055547607071,233.1588091163081,27.961458857752422,119.77956467483948,2025.0,SEA,canonical_source_team_frame,False,-14.0,-0.3445228746794614,0.8333333333333333,high,2026-08-26,1,2,False,markdown_market_v1,69.3851122424729,27.1106152927546,115.14320486944176,69.3851122424729,69.3851122424729,False,incumbent,131.3,80.05294117647058,160.02825787091402,159.9242159757137,69.3851122424729
00-0040128,TE,2026,10.455725068567263,6.703688884790612,6.703688884790612,11.119638937165746,False,,,,,,,0.3592926447245576,43.94780136239032,4.305560239226081,,,6.4979445258029,False,False,False,False,Tyler Warren,IND,veteran_model,False,,False,ACT,1.0,starter,,curated,17.0,15.295979796052723,0b8c9cb1-e3ed-4936-88ef-94b51df10e96,healthy17_qbroom_concentration_v1,1.0,not_applicable,1.0,False,1.0,17.0,,,,,,,,33.82190844602341,234.02468664293764,26.51465853299865,117.43030699843813,2025.0,IND,canonical_source_team_frame,False,82.0,0.750624064221751,0.7466666666666666,high,2026-08-26,1,2,False,markdown_market_v1,177.74732616564347,134.7664842064761,223.8783675311008,177.74732616564347,177.74732616564347,False,incumbent,72.2,130.21249999999998,200.95163604970463,233.98221015235652,175.16906951185888
00-0037740,WR,2026,9.376077234967083,6.062771590139711,6.062771590139711,12.188183852365452,False,,,,,,,0.2952547828565264,48.13015336901967,4.219144351543517,,,6.386176453290164,False,False,True,True,Garrett Wilson,NYJ,veteran_model,False,,False,ACT,2.0,starter,RWR,curated,17.0,13.14164599462286,0b8c9cb1-e3ed-4936-88ef-94b51df10e96,healthy17_qbroom_concentration_v1,1.0,not_applicable,1.0,False,1.0,17.0,,,,,,,,32.41879516501858,201.132721478803,27.47972793367314,119.35043810725364,2025.0,NYJ,canonical_source_team_frame,False,2.0,0.0046233538458459,0.7466666666666666,high,2026-08-26,1,2,False,markdown_market_v1,159.3933129944404,90.78128356064236,182.5201934529553,130.1893413269254,159.3933129944404,True,market_no_v3,31.4,158.34,160.2551145353462,134.50617204716525,130.1893413269254
00-0036973,RB,2026,8.633892897874674,3.658493835481885,3.658493835481885,13.813062387014591,False,,9.567204932265202,,,,,0.0776871276107245,14.96370638941489,2.2600761010913173,0.3354437152088432,35.58729613307525,2.983751090785867,False,False,False,False,Travis Etienne,NO,veteran_model,False,,True,ACT,1.0,starter,,curated,17.0,14.213866223017655,0b8c9cb1-e3ed-4936-88ef-94b51df10e96,healthy17_qbroom_concentration_v1,1.0,concentration_v1_full_board,1.0,False,1.0,17.0,,,,,,,,34.20731916190036,231.16668439742472,26.96687552570446,109.19074388858569,2025.0,NO,canonical_source_team_frame,False,46.0,0.5223014253573992,0.8333333333333333,high,2026-08-26,1,2,False,markdown_market_v1,146.77617926386944,61.008777752688815,230.35246461771956,144.61674297442687,146.77617926386944,True,market_no_v3,39.4,163.8083333333333,113.43168322142252,184.21899199097592,144.61674297442687
00-0035640,WR,2026,10.137149672043378,6.081612950155119,6.081612950155119,12.140997455316842,False,,,,,,,0.2922928801708229,52.69298108538973,3.2477488464007283,,,5.717387023473189,False,False,False,False,DK Metcalf,PIT,veteran_model,False,,False,ACT,1.0,starter,LWR,curated,17.0,15.087230214781048,0b8c9cb1-e3ed-4936-88ef-94b51df10e96,healthy17_qbroom_concentration_v1,1.0,not_applicable,1.0,False,1.0,17.0,,,,,,,,33.53074981559085,220.60629098765008,26.566881241231517,113.38878134930282,2025.0,PIT,canonical_source_team_frame,False,10.0,0.0713272855304351,0.8333333333333333,high,2026-08-26,1,2,False,markdown_market_v1,172.33154442473742,94.55458755524134,187.73546331509212,134.0547634847199,172.33154442473742,True,market_no_v3,63.6,143.77529411764704,195.6957492214477,180.00221615620322,134.0547634847199
00-0030506,TE,2026,9.097024067981197,6.6036869428803975,6.6036869428803975,11.014542031978518,False,,,,,,,0.3788752676417747,43.06450831954492,4.036032683713485,,,5.918425532380645,False,False,False,False,Travis Kelce,KC,veteran_model,False,,False,ACT,1.0,starter,,curated,17.0,14.04030150542842,0b8c9cb1-e3ed-4936-88ef-94b51df10e96,healthy17_qbroom_concentration_v1,1.0,not_applicable,1.0,False,1.0,17.0,,,,,,,,35.16321475705483,230.551485538654,25.943035799993208,113.16190955700952,2025.0,KC,canonical_source_team_frame,False,64.0,0.1825680443410606,0.3333333333333332,low,2026-08-26,0,1,False,markdown_market_v1,154.64940915568036,111.4292807677488,186.1253905451705,154.64940915568036,154.64940915568036,False,incumbent,121.7,117.35,239.47382060353533,193.86006313206812,145.22447455036314
00-0034753,TE,2026,7.774992627756259,6.604562970180444,6.604562970180444,11.012805443670349,False,,,,,,,0.4506190014735854,39.12143146109474,3.961250951506072,,,5.151158720466794,False,False,False,False,Mark Andrews,BAL,veteran_model,False,,False,ACT,1.0,starter,,curated,17.0,16.29589089412438,0b8c9cb1-e3ed-4936-88ef-94b51df10e96,healthy17_qbroom_concentration_v1,1.0,not_applicable,1.0,False,1.0,17.0,,,,,,,,31.37799975249296,213.6518141922886,28.079230857805165,132.67231187281823,2025.0,BAL,canonical_source_team_frame,False,61.0,0.4196865061154022,0.8333333333333333,high,2026-08-26,1,2,False,markdown_market_v1,132.1748746718564,102.27744908749963,170.44153575895967,132.1748746718564,132.1748746718564,False,incumbent,132.1,103.81076923076922,124.58456551439612,218.31240264189037,133.01824235601865
00-0039919,WR,2026,8.6927718287707,6.016572023753689,6.016572023753689,12.061509314040473,False,,,,,,,0.4258219355174704,44.94908816458167,3.0352024838498277,,,5.753186124145538,False,False,False,False,Rome Odunze,CHI,veteran_model,False,,False,ACT,1.0,starter,LWR,curated,17.0,13.909994728353134,0b8c9cb1-e3ed-4936-88ef-94b51df10e96,healthy17_qbroom_concentration_v1,1.0,not_applicable,1.0,False,1.0,17.0,,,,,,,,33.74412762295005,231.616563841159,27.71808021893144,128.0128941200731,2025.0,CHI,canonical_source_team_frame,False,-43.0,-0.4109893188438985,0.8333333333333333,high,2026-08-26,1,2,False,markdown_market_v1,147.7771210891019,102.10712527302805,204.8464497339966,145.39977996752577,147.7771210891019,True,market_no_v3,47.8,143.77529411764704,151.0513431566559,166.42216571767105,145.39977996752577
00-0038134,RB,2026,10.541930447700956,3.0028598325136797,3.0028598325136797,14.423261781388804,False,,10.64534974925366,,,,,0.0384643833044805,12.174016942952523,1.4950203568808735,0.2833447232502462,46.572044839692886,2.05361373122032,False,False,False,False,Kenneth Walker III,KC,veteran_model,False,,True,ACT,1.0,starter,,curated,17.0,14.129850636780915,0b8c9cb1-e3ed-4936-88ef-94b51df10e96,healthy17_qbroom_concentration_v1,1.0,concentration_v1_full_board,1.0,False,1.0,17.0,,,,,,,,35.16321475705483,230.551485538654,25.943035799993208,113.16190955700952,2025.0,KC,canonical_source_team_frame,False,54.0,0.5309185047434737,0.7466666666666666,high,2026-08-26,1,2,False,markdown_market_v1,179.21281761091626,50.73569010164466,244.5069629612433,144.88126175494483,179.21281761091626,True,market_no_v3,21.5,192.19666666666666,164.68897145140602,216.0337133999209,144.88126175494483
00-0036555,RB,2026,7.878422188319983,2.8288716742743008,2.8288716742743008,14.350351874523929,False,,10.463056491584496,,,,,0.0655826580717956,12.386175070352646,1.8815739277893944,0.2294866034381942,45.33733554012464,2.517022602270754,False,False,False,False,Chuba Hubbard,CAR,veteran_model,False,,False,ACT,1.0,starter,,curated,17.0,13.771212031338983,0b8c9cb1-e3ed-4936-88ef-94b51df10e96,healthy17_qbroom_concentration_v1,1.0,concentration_v1_full_board,1.0,False,1.0,17.0,,,,,,,,33.086654804365814,214.5319014599454,26.991967859866016,116.4978523275508,2025.0,CAR,canonical_source_team_frame,False,-54.0,-0.5398129899033643,0.7466666666666666,high,2026-08-26,1,2,False,markdown_market_v1,133.93317720143972,47.56698029292856,241.590922710071,142.89818309310658,133.93317720143972,True,market_no_v3,79.9,127.35396825396825,144.10325979916038,188.44599908501067,142.89818309310658
00-0038559,WR,2026,7.882482452943433,5.910085147189838,5.910085147189838,11.977100429272175,False,,,,,,,0.3837287518809081,45.00654137853096,3.3600122751621275,,,5.485655556604539,False,False,False,False,Michael Wilson,ARI,veteran_model,False,,False,ACT,2.0,starter,RWR,curated,17.0,14.245392369146018,0b8c9cb1-e3ed-4936-88ef-94b51df10e96,healthy17_qbroom_concentration_v1,1.0,not_applicable,1.0,False,2.0,17.0,,,,,,,,36.21537296296883,240.75211132429325,24.991541448852136,107.82682362857648,2025.0,ARI,canonical_source_team_frame,False,65.0,0.8792173948180327,0.8333333333333333,high,2026-08-26,2,2,False,markdown_market_v1,134.00220170003837,92.93485992192736,188.55746540129235,133.46063661277307,134.00220170003837,True,market_no_v3,75.9,141.43684210526317,127.91931409576353,164.74914375556915,133.46063661277307
00-0033293,RB,2026,7.344269694449997,3.0424522920654,3.0424522920654,14.173015631603423,False,,10.275753672152668,,,,,0.0601646253045658,11.813073896630268,1.8292587715830664,0.2963346958568389,42.317612188170656,2.503270250050954,False,False,False,False,Aaron Jones,MIN,veteran_model,False,,False,ACT,1.0,starter,,curated,17.0,12.114658439200287,0b8c9cb1-e3ed-4936-88ef-94b51df10e96,healthy17_qbroom_concentration_v1,1.0,concentration_v1_full_board,1.0,False,1.0,17.0,,,,,,,,33.31986938890707,212.12724988326613,25.99228043038729,113.38707277968209,2025.0,MIN,canonical_source_team_frame,False,-6.0,-0.1926490012512684,0.8333333333333333,high,2026-08-26,1,2,False,markdown_market_v1,124.85258480564994,51.78179460496206,240.4280671747034,143.77318083968925,124.85258480564994,True,market_no_v3,105.4,116.28333333333336,135.68422240560338,165.54319908014733,143.77318083968925
00-0036997,RB,2026,10.1267565231892,3.2036575111282266,3.2036575111282266,14.05415164237227,False,,10.149834895723314,,,,,0.0432695633519116,12.93473159242926,1.8522156809671224,0.3081293117397543,41.093513091185336,2.5922717326403264,False,False,False,False,Javonte Williams,DAL,veteran_model,False,,False,ACT,1.0,starter,,curated,17.0,13.280507205377177,0b8c9cb1-e3ed-4936-88ef-94b51df10e96,healthy17_qbroom_concentration_v1,1.0,concentration_v1_full_board,1.0,False,1.0,17.0,,,,,,,,34.85375341295928,250.071496061463,26.933211492050265,120.7564084896434,2025.0,DAL,canonical_source_team_frame,False,-12.0,-0.3039950139115908,0.7466666666666666,high,2026-08-26,1,2,False,markdown_market_v1,172.1548608942164,54.14885962845433,238.963761909892,143.17425617946554,172.1548608942164,True,market_no_v3,33.4,179.6,166.92478425423283,201.67695001134533,143.17425617946554
00-0036139,RB,2026,7.771682653936312,3.2379825533391813,3.2379825533391813,13.868364868079604,False,,10.066604954247984,,,,,0.0352944777583572,9.962102069301777,1.929683947204006,0.3627550512478087,39.869926831517056,2.5971574617307858,False,False,False,False,Rico Dowdle,PIT,veteran_model,False,,True,ACT,2.0,committee,,curated,17.0,13.601225280706492,0b8c9cb1-e3ed-4936-88ef-94b51df10e96,healthy17_qbroom_concentration_v1,1.0,concentration_v1_full_board,1.0,False,2.0,17.0,,,,,,,,33.53074981559085,220.60629098765008,26.566881241231517,113.38878134930282,2025.0,PIT,canonical_source_team_frame,False,4.0,0.1061576113046457,0.8333333333333333,high,2026-08-26,1,2,False,markdown_market_v1,132.1186051169173,53.66485081300055,229.6541733226649,138.53237640432457,132.1186051169173,True,market_no_v3,75.5,129.05714285714288,136.10360587399717,152.79034793903477,138.53237640432457
00-0040663,TE,2026,8.769465719456631,6.3433928980260905,6.3433928980260905,10.74581922935436,False,,,,,,,0.3774404793472596,42.14136028827257,3.7014350229544393,,,5.555453224529297,False,False,False,False,Harold Fannin Jr.,CLE,veteran_model,False,,False,ACT,1.0,starter,,curated,17.0,15.44529260846761,0b8c9cb1-e3ed-4936-88ef-94b51df10e96,healthy17_qbroom_concentration_v1,1.0,not_applicable,1.0,False,1.0,17.0,,,,,,,,33.82707987620956,210.09032913022048,26.55432348725456,109.36695682546336,2025.0,CLE,canonical_source_team_frame,False,69.0,0.6526714601848531,0.8333333333333333,high,2026-08-26,1,2,False,markdown_market_v1,149.08091723076274,106.34470332104812,179.88021595161388,149.08091723076274,149.08091723076274,False,incumbent,84.0,117.35,235.12850801690536,221.13863937204417,139.52007381008022
00-0039915,WR,2026,9.247819242431735,5.61501764486401,5.61501764486401,11.708141678352003,False,,,,,,,0.3013774680544406,45.33748074788342,3.744122305368901,,,5.6713151814663405,False,False,False,False,Ladd McConkey,LAC,veteran_model,False,,False,ACT,3.0,starter,SWR,curated,17.0,14.959774143910932,0b8c9cb1-e3ed-4936-88ef-94b51df10e96,healthy17_qbroom_concentration_v1,1.0,not_applicable,1.0,False,1.0,17.0,,,,,,,,34.81239421539152,230.9924120352485,26.622477258704382,118.76948607670286,2025.0,LAC,canonical_source_team_frame,False,87.0,1.304127671973069,0.8333333333333333,high,2026-08-26,1,2,False,markdown_market_v1,157.2129271213395,95.57907862699813,200.79828377495028,140.3547389760618,157.2129271213395,True,market_no_v3,40.9,158.34,156.29077658425362,198.75344265552047,140.3547389760618
00-0036613,WR,2026,7.739981455501192,5.562189068755726,5.562189068755726,11.629642323305951,False,,,,,,,0.2685388492549069,48.411137382769965,3.366455693893889,,,5.372362600664209,False,False,False,False,Jaylen Waddle,DEN,veteran_model,False,,True,ACT,2.0,starter,RWR,curated,17.0,14.24197502178018,0b8c9cb1-e3ed-4936-88ef-94b51df10e96,healthy17_qbroom_concentration_v1,1.0,not_applicable,1.0,False,2.0,17.0,,,,,,,,34.86796196556067,230.0636551213692,26.57618138477283,117.91787351632536,2025.0,DEN,canonical_source_team_frame,False,93.0,1.5435945067588086,0.8333333333333333,high,2026-08-26,1,2,False,markdown_market_v1,131.57968474352026,91.58295152568982,193.89193490597157,134.84325391303912,131.57968474352026,True,market_no_v3,48.1,143.77529411764704,121.601458891962,182.6702953309989,134.84325391303912
00-0038117,WR,2026,9.399364572627244,5.442423127084032,5.442423127084032,11.560600784445166,False,,,,,,,0.2706936512353874,43.86016546015777,4.112709376928992,,,6.284321828762824,False,False,True,True,Wan'Dale Robinson,TEN,veteran_model,False,,True,ACT,3.0,starter,SWR,curated,17.0,14.594777369198509,0b8c9cb1-e3ed-4936-88ef-94b51df10e96,healthy17_qbroom_concentration_v1,1.0,not_applicable,1.0,False,2.0,17.0,,,,,,,,33.99714946554143,212.007639970746,25.993384614102037,108.23524626366611,2025.0,TEN,canonical_source_team_frame,False,-37.0,-0.352920525846003,0.8333333333333333,high,2026-08-26,1,2,False,markdown_market_v1,159.78919773466313,79.49886143274585,168.75406014857683,117.75474697713186,159.78919773466313,True,market_no_v3,93.2,119.39375,192.8400186084784,143.0404375659947,117.75474697713186
00-0039849,WR,2026,7.491272530623428,5.401631193441915,5.401631193441915,11.444966535154444,False,,,,,,,0.3195712545142079,45.27653998386915,3.0116347342594225,,,5.109556480520303,False,False,False,False,Marvin Harrison Jr.,ARI,veteran_model,False,,False,ACT,1.0,starter,LWR,curated,17.0,13.117442475980576,0b8c9cb1-e3ed-4936-88ef-94b51df10e96,healthy17_qbroom_concentration_v1,1.0,not_applicable,1.0,False,1.0,17.0,,,,,,,,36.21537296296883,240.75211132429325,24.991541448852136,107.82682362857648,2025.0,ARI,canonical_source_team_frame,False,68.0,0.9498856256360672,0.8333333333333333,high,2026-08-26,2,2,False,markdown_market_v1,127.35163302059829,84.78754523937187,180.0376231897289,124.94079440120969,127.35163302059829,True,market_no_v3,64.7,143.77529411764704,113.91409212301294,133.92696543422247,124.94079440120969
00-0036919,RB,2026,8.181429157144619,3.202397962201676,3.202397962201676,12.972500488842115,False,,7.027606409701463,,,,,0.0967803995347153,15.4310186286364,2.548656950690151,0.2513692690690837,30.151908724438048,3.261279344287046,False,False,False,False,Kenny Gainwell,TB,veteran_model,False,,True,ACT,2.0,committee,,curated,17.0,14.693014996307465,0b8c9cb1-e3ed-4936-88ef-94b51df10e96,healthy17_qbroom_concentration_v1,1.0,concentration_v1_full_board,1.0,False,2.0,17.0,,,,,,,,33.55035103578723,223.7141596661014,27.73776146084954,117.79149136744992,2025.0,TB,canonical_source_team_frame,False,50.0,0.2214422275126035,0.3333333333333332,low,2026-08-26,0,1,False,markdown_market_v1,139.0842956714585,51.466549659740565,212.9256428644821,129.65331684417637,139.0842956714585,True,market_no_v3,100.1,116.28333333333336,187.82987995680287,171.6706470040918,129.65331684417637
00-0039065,TE,2026,7.5208106969894395,5.861176131668467,5.861176131668467,10.350848383941422,False,,,,,,,0.3114973572539208,39.60526680622768,4.127155129009832,,,5.430807928545389,False,False,False,False,Sam LaPorta,DET,veteran_model,False,,False,ACT,1.0,starter,,curated,17.0,13.669880010797778,0b8c9cb1-e3ed-4936-88ef-94b51df10e96,healthy17_qbroom_concentration_v1,1.0,not_applicable,1.0,False,1.0,17.0,,,,,,,,33.93703078284322,246.2148467705308,26.80245988676499,118.24421493778569,2025.0,DET,canonical_source_team_frame,False,19.0,0.0767604067208332,0.7466666666666666,high,2026-08-26,1,2,False,markdown_market_v1,127.85378184882047,94.31751150338422,167.13631392968742,127.85378184882047,127.85378184882047,False,incumbent,104.3,117.35,132.82937472605855,134.88600800067024,127.30093819579402
00-0040734,RB,2026,8.202814430307084,2.9162084209621666,2.9162084209621666,13.42450412259055,False,,8.116608492600326,,,,,0.025482830364338,12.017491395799492,1.6640339068687786,0.3127488765883675,38.18967100904011,2.090780152975974,False,False,False,False,TreVeyon Henderson,NE,veteran_model,False,,False,ACT,2.0,committee,,curated,17.0,14.41479263859099,0b8c9cb1-e3ed-4936-88ef-94b51df10e96,healthy17_qbroom_concentration_v1,1.0,concentration_v1_full_board,1.0,False,2.0,17.0,,,,,,,,33.74543089702036,243.75247513831917,27.01222693387557,121.7111389498118,2025.0,NE,canonical_source_team_frame,False,-56.0,-0.62456079709244,0.8333333333333333,high,2026-08-26,2,2,False,markdown_market_v1,139.44784531522043,47.73863824909191,221.3960502797316,130.1509672171896,139.44784531522043,True,market_no_v3,61.1,157.0047619047619,107.43297150214784,156.3089663925844,130.1509672171896
00-0034351,TE,2026,7.819022706254668,5.845814591009686,5.845814591009686,10.2485065818679,False,,,,,,,0.3163701176156292,40.77311843824859,3.713302438765877,,,5.040083618992423,False,False,False,False,Dallas Goedert,PHI,veteran_model,False,,False,ACT,1.0,starter,,curated,17.0,14.374837960629534,0b8c9cb1-e3ed-4936-88ef-94b51df10e96,healthy17_qbroom_concentration_v1,1.0,not_applicable,1.0,False,1.0,17.0,,,,,,,,32.806418334792035,217.8630465484892,27.532262539569395,119.01828343531058,2025.0,PHI,canonical_source_team_frame,False,-87.0,-1.5166275748203597,0.8333333333333333,high,2026-08-26,1,2,False,markdown_market_v1,132.92338600632937,91.91825549281346,161.4491423578747,132.92338600632937,132.92338600632937,False,incumbent,104.0,117.35,219.45047995840355,144.4511699093694,123.3092644560989
00-0038544,WR,2026,7.552657712701539,5.246095890933607,5.246095890933607,11.311829314962058,False,,,,,,,0.329262996294395,41.71606857761842,3.341153673762552,,,5.679001801875364,False,False,False,False,Quentin Johnston,LAC,veteran_model,False,,False,ACT,1.0,starter,LWR,curated,17.0,13.952400315294003,0b8c9cb1-e3ed-4936-88ef-94b51df10e96,healthy17_qbroom_concentration_v1,1.0,not_applicable,1.0,False,2.0,17.0,,,,,,,,34.81239421539152,230.9924120352485,26.622477258704382,118.76948607670286,2025.0,LAC,canonical_source_team_frame,False,57.0,0.7693923611892393,0.8333333333333333,high,2026-08-26,1,2,False,markdown_market_v1,128.39518111592616,89.71151392093672,194.46437999829868,134.02083519941016,128.39518111592616,True,market_no_v3,86.6,141.43684210526317,117.72473121555949,173.1049149896681,134.02083519941016
00-0037664,WR,2026,17.594329046122155,5.240293076304983,5.240293076304983,11.251203301785436,False,,,,,,,0.3126424862116421,46.139813372944026,2.534598809337222,,,4.939663016984652,False,False,False,False,Alec Pierce,IND,veteran_model,False,,False,ACT,1.0,starter,LWR,curated,8.0,14.051564689180209,0b8c9cb1-e3ed-4936-88ef-94b51df10e96,healthy17_qbroom_concentration_v1,1.0,not_applicable,1.0,False,1.0,8.0,,,,,,,,33.82190844602341,234.02468664293764,26.51465853299865,117.43030699843813,2025.0,IND,canonical_source_team_frame,False,-44.0,-0.3682752404017745,0.7466666666666666,high,2026-08-26,1,2,False,markdown_market_v1,140.75463236897724,49.450525236457146,106.51574039343016,73.32655601360031,140.75463236897724,True,market_no_v3,57.0,143.77529411764704,138.28318184733828,196.81660001221903,73.32655601360031
00-0040583,RB,2026,7.568914485660347,2.7678575954469045,2.7678575954469045,12.895507106438592,False,,7.775675735242512,,,,,0.0634704140288627,11.487524696590045,1.5279048109422004,0.3312596236645057,33.639884578494375,2.0747795437425407,False,False,False,False,Woody Marks,HOU,veteran_model,False,,False,ACT,2.0,committee,,curated,17.0,14.471389443902885,0b8c9cb1-e3ed-4936-88ef-94b51df10e96,healthy17_qbroom_concentration_v1,1.0,concentration_v1_full_board,1.0,False,2.0,17.0,,,,,,,,34.32483042096658,230.71531420889468,27.03402673302534,113.94163263281224,2025.0,HOU,canonical_source_team_frame,False,84.0,1.1840247462730005,0.8333333333333333,high,2026-08-26,1,2,False,markdown_market_v1,128.6715462562259,46.4698758025444,217.00770212283368,128.6715462562259,128.6715462562259,False,incumbent,139.2,80.05294117647058,76.98247497278025,167.74247722774768,128.6715462562259
00-0036410,WR,2026,8.516458377749629,5.052296681963254,5.052296681963254,11.11133762519556,False,,,,,,,0.3298818602131421,40.16631627080933,3.242694388566415,,,5.237506194233728,False,False,False,False,Tee Higgins,CIN,veteran_model,False,,False,ACT,2.0,starter,RWR,curated,17.0,14.281108183656617,0b8c9cb1-e3ed-4936-88ef-94b51df10e96,healthy17_qbroom_concentration_v1,1.0,not_applicable,1.0,False,2.0,17.0,,,,,,,,35.76282862419232,238.6281952536197,25.12248933429627,107.39911528359622,2025.0,CIN,canonical_source_team_frame,False,82.0,1.1732625504445682,0.8333333333333333,high,2026-08-26,1,2,False,markdown_market_v1,144.77979242174368,86.77557069379068,191.045859251001,130.91075540435537,144.77979242174368,True,market_no_v3,36.6,158.34,133.68507713044303,163.7111760536597,130.91075540435537
00-0035685,RB,2026,8.394088651431854,2.5301989038930595,2.5301989038930595,13.03520193436755,False,,8.946919044567906,,,,,0.0368742573170664,10.174568740841098,1.349587745075486,0.3051807346460855,38.26532959180809,1.5552113574828623,False,True,False,False,David Montgomery,HOU,veteran_model,False,,True,ACT,1.0,starter,,curated,17.0,13.94561320408114,0b8c9cb1-e3ed-4936-88ef-94b51df10e96,healthy17_qbroom_concentration_v1,1.0,concentration_v1_full_board,1.0,False,1.0,17.0,,,,,,,,34.32483042096658,230.71531420889468,27.03402673302534,113.94163263281224,2025.0,HOU,canonical_source_team_frame,False,56.0,0.6635813122875645,0.8333333333333333,high,2026-08-26,1,2,False,markdown_market_v1,142.6995070743415,42.58617341202485,219.5509387857233,127.5826525178342,142.6995070743415,True,market_no_v3,55.0,157.0047619047619,119.1279489323365,161.88775749036068,127.5826525178342
00-0036252,WR,2026,7.587252313227045,4.9110007884202815,4.9110007884202815,10.985121652142,False,,,,,,,0.2348461574045212,43.49702530373495,3.4645490695776147,,,5.808055967017332,False,False,False,False,Michael Pittman,PIT,veteran_model,False,,True,ACT,2.0,starter,RWR,curated,17.0,15.091764306678456,0b8c9cb1-e3ed-4936-88ef-94b51df10e96,healthy17_qbroom_concentration_v1,1.0,not_applicable,1.0,False,2.0,17.0,,,,,,,,33.53074981559085,220.60629098765008,26.566881241231517,113.38878134930282,2025.0,PIT,canonical_source_team_frame,False,5.0,0.0180583831122752,0.8333333333333333,high,2026-08-26,1,2,False,markdown_market_v1,128.98328932485975,76.42194080147986,169.83073863527665,116.15003880490434,128.98328932485975,True,market_no_v3,81.0,141.43684210526317,118.79401886816606,153.84677008136617,116.15003880490434
00-0033906,RB,2026,7.336567352304424,2.9609636117627898,2.9609636117627898,12.285576230254875,False,,6.232001227682218,,,,,0.0674954807119638,16.091893707631215,1.8232617919042668,0.2926881714832607,28.03407270825758,2.0000508518204465,False,True,False,False,Alvin Kamara,NO,veteran_model,False,,False,ACT,2.0,committee,,curated,17.0,12.845210722581648,0b8c9cb1-e3ed-4936-88ef-94b51df10e96,healthy17_qbroom_concentration_v1,1.0,concentration_v1_full_board,1.0,False,2.0,17.0,,,,,,,,34.20731916190036,231.16668439742472,26.96687552570446,109.19074388858569,2025.0,NO,canonical_source_team_frame,False,-80.0,-1.3388194276990033,0.8333333333333333,high,2026-08-26,1,2,False,markdown_market_v1,124.72164498917522,49.23440385680432,204.52619842054796,124.72164498917522,124.72164498917522,False,incumbent,147.2,80.05294117647058,49.951418476028806,144.2929476467787,124.72164498917522
00-0033090,TE,2026,6.676535525676961,5.501557712430699,5.501557712430699,9.894483130561206,False,,,,,,,0.3222258967249662,39.0629755715437,3.277014760181422,,,4.471201441600649,False,False,False,False,Hunter Henry,NE,veteran_model,False,,False,ACT,1.0,starter,,curated,17.0,14.323323397911862,0b8c9cb1-e3ed-4936-88ef-94b51df10e96,healthy17_qbroom_concentration_v1,1.0,not_applicable,1.0,False,1.0,17.0,,,,,,,,33.74543089702036,243.75247513831917,27.01222693387557,121.7111389498118,2025.0,NE,canonical_source_team_frame,False,56.0,0.2426167991733317,0.8333333333333333,high,2026-08-26,1,2,False,markdown_market_v1,113.50110393650834,83.8430980408715,151.1730076954267,113.50110393650834,113.50110393650834,False,incumbent,159.3,53.20000000000001,107.10907202268588,135.98406360667423,114.21132970471083
00-0040730,RB,2026,6.668392141129071,2.62047132525653,2.62047132525653,12.769663075199336,False,,7.661895055957097,,,,,0.0422234648231254,13.058588285941225,1.8874328801296096,0.2488220205602966,34.39946229175489,2.408487202028434,False,False,False,False,RJ Harvey,DEN,veteran_model,False,,False,ACT,2.0,committee,,curated,17.0,14.052381828771743,0b8c9cb1-e3ed-4936-88ef-94b51df10e96,healthy17_qbroom_concentration_v1,1.0,concentration_v1_full_board,1.0,False,2.0,17.0,,,,,,,,34.86796196556067,230.0636551213692,26.57618138477283,117.91787351632536,2025.0,DEN,canonical_source_team_frame,False,20.0,0.2679377123915229,0.8333333333333333,high,2026-08-26,1,2,False,markdown_market_v1,113.36266639919421,43.575877585542926,215.31093800806408,124.97182957121323,113.36266639919421,True,market_no_v3,96.0,116.28333333333336,103.65161147357628,171.98953828962078,124.97182957121323
00-0039384,RB,2026,7.101093130079139,2.7330850607424293,2.7330850607424293,12.584675469260958,False,,7.482728761968177,,,,,0.0451654089390362,13.329962271060586,1.8610731870963724,0.2739350881449442,32.33888093653646,2.46069670661734,False,False,True,True,Tyrone Tracy Jr.,NYG,veteran_model,False,,False,ACT,2.0,committee,,curated,17.0,13.841647042152085,0b8c9cb1-e3ed-4936-88ef-94b51df10e96,healthy17_qbroom_concentration_v1,1.0,concentration_v1_full_board,1.0,False,2.0,17.0,,,,,,,,33.24864013753459,223.72476972874463,27.99474579779997,122.73497314685248,2025.0,NYG,canonical_source_team_frame,False,62.0,0.7907078078097338,0.8333333333333333,high,2026-08-26,1,2,False,markdown_market_v1,120.71858321134536,43.72564539839915,205.00953138799227,120.71858321134536,120.71858321134536,False,incumbent,158.5,80.05294117647058,106.7279409842712,144.9305417160065,120.71858321134536
00-0034960,WR,2026,7.387298552781986,4.787032578739981,4.787032578739981,10.867581250686795,False,,,,,,,0.1946094340606085,44.26299748082074,3.5591145113770075,,,5.413808530672848,False,False,False,False,Jakobi Meyers,JAX,veteran_model,False,,False,ACT,3.0,starter,SWR,curated,17.0,14.187449535927742,0b8c9cb1-e3ed-4936-88ef-94b51df10e96,healthy17_qbroom_concentration_v1,1.0,not_applicable,1.0,False,2.0,17.0,,,,,,,,34.281392912743186,230.86210034575595,27.465841920542964,117.91153249278577,2025.0,JAX,canonical_source_team_frame,False,-35.0,-0.3110317179696228,0.7466666666666666,high,2026-08-26,1,2,False,markdown_market_v1,125.58407539729376,76.38633201315318,176.90693081061772,118.99519497773272,125.58407539729376,True,market_no_v3,85.5,141.43684210526317,112.61362990895516,149.19877760790547,118.99519497773272
00-0036158,RB,2026,6.553550808305336,2.1186670858126764,2.1186670858126764,12.87809536533836,False,,9.74267539232546,,,,,0.0279033767833367,8.680050182823166,1.36553080739583,0.2423337033129864,40.775275216974975,1.792557852643267,False,False,False,False,J.K. Dobbins,DEN,veteran_model,False,,False,ACT,1.0,starter,,curated,17.0,10.97134596990953,0b8c9cb1-e3ed-4936-88ef-94b51df10e96,healthy17_qbroom_concentration_v1,1.0,concentration_v1_full_board,1.0,False,1.0,17.0,,,,,,,,34.86796196556067,230.0636551213692,26.57618138477283,117.91787351632536,2025.0,DEN,canonical_source_team_frame,False,-58.0,-0.6468427273734931,0.8333333333333333,high,2026-08-26,1,2,False,markdown_market_v1,111.41036374119071,35.613483996144055,217.6056430190904,122.25992788992838,111.41036374119071,True,market_no_v3,80.6,124.37341269841275,81.8677444438341,118.86528805219528,122.25992788992838
00-0040867,WR,2026,4.976867068427902,2.955591642834861,2.955591642834861,11.373831335233742,False,,,,,,,0.2562109887632504,40.87610136595079,3.136900394904305,,,5.137231628499731,False,False,False,False,Makai Lemon,PHI,rookie_rule,True,drafted,False,,3.0,starter,,rookie_path,17.0,14.3125,0b8c9cb1-e3ed-4936-88ef-94b51df10e96,healthy17_qbroom_concentration_v1,1.0,not_applicable,1.0,False,2.0,17.0,no_data,1.0,rank_1,1.0014655660798644,False,16.0,False,32.806418334792035,217.8630465484892,27.532262539569395,119.01828343531058,2025.0,PHI,canonical_source_team_frame,False,-65.0,-0.5519434226605447,0.8333333333333333,high,2026-08-26,1,2,False,markdown_market_v1,84.60674016327434,46.08001515200706,179.1697782987579,113.12604594185146,84.60674016327434,True,market_no_v3,110.9,97.74935483870968,73.85369179246361,134.78811376039994,113.12604594185146
00-0040126,TE,2026,7.631196436260175,4.923851068559991,4.923851068559991,9.317008011308822,False,,,,,,,0.215785717588051,39.622922340630936,3.287357317502188,,,5.065647054455754,False,False,False,False,Colston Loveland,CHI,veteran_model,False,,False,ACT,1.0,starter,,curated,17.0,15.774624983718663,0b8c9cb1-e3ed-4936-88ef-94b51df10e96,healthy17_qbroom_concentration_v1,1.0,not_applicable,1.0,False,1.0,17.0,,,,,,,,33.74412762295005,231.616563841159,27.71808021893144,128.0128941200731,2025.0,CHI,canonical_source_team_frame,False,90.0,1.052645559627291,0.8333333333333333,high,2026-08-26,1,2,False,markdown_market_v1,129.73033941642296,82.75386910046308,157.40416662059653,129.73033941642296,129.73033941642296,False,incumbent,61.7,151.82159374999998,249.87657095360217,155.2342973555231,116.38075813451414
00-0040736,TE,2026,5.8553172547233245,4.890848594345622,4.890848594345622,9.283422039591922,False,,,,,,,0.3650972251544566,30.45870078010469,3.2612915953767736,,,4.2382559050908,False,False,True,True,Mason Taylor,NYJ,veteran_model,False,,False,ACT,1.0,starter,,curated,17.0,14.41531082147953,0b8c9cb1-e3ed-4936-88ef-94b51df10e96,healthy17_qbroom_concentration_v1,1.0,not_applicable,1.0,False,2.0,17.0,,,,,,,,32.41879516501858,201.132721478803,27.47972793367314,119.35043810725364,2025.0,NYJ,canonical_source_team_frame,False,-12.0,-0.0153580589273,0.62,medium,2026-08-26,1,1,False,markdown_market_v1,99.54039333029652,73.24978280205116,139.03687732671784,99.54039333029652,99.54039333029652,False,incumbent,,,69.76154269375645,125.58469137962128,102.84915451213432
00-0040242,RB,2026,7.63728198736568,1.5761515543130138,1.5761515543130138,12.331868570781957,False,,8.464482195537542,,,,,0.0397607130011697,6.8614662389283225,0.973987291882332,0.2178860529375876,40.19782354294664,1.4884256190303211,False,False,False,False,Jacory Croskey-Merritt,WAS,veteran_model,False,,False,ACT,1.0,starter,,curated,17.0,11.97876083628372,0b8c9cb1-e3ed-4936-88ef-94b51df10e96,healthy17_qbroom_concentration_v1,1.0,concentration_v1_full_board,1.0,False,1.0,17.0,,,,,,,,32.67144533753111,214.92336904810367,27.29070180650144,124.16028766147345,2025.0,WAS,canonical_source_team_frame,False,-60.0,-0.2635224292894453,0.3333333333333332,low,2026-08-26,0,1,False,markdown_market_v1,129.83379378521656,26.54808533376958,204.8268779071917,112.46638877819449,129.83379378521656,True,market_no_v3,105.0,116.28333333333336,162.72384969132366,130.43060496863194,112.46638877819449
00-0031408,WR,2026,7.575663003541418,4.179664678536096,4.179664678536096,10.197750916277968,False,,,,,,,0.2460732795916478,39.07157709233732,2.640171773883561,,,4.584875970446563,False,False,False,False,Mike Evans,SF,veteran_model,False,,True,ACT,1.0,starter,LWR,curated,17.0,13.253612889239308,0b8c9cb1-e3ed-4936-88ef-94b51df10e96,healthy17_qbroom_concentration_v1,1.0,not_applicable,1.0,False,1.0,17.0,,,,,,,,34.25083482490253,240.1256936965456,26.958300492590134,112.8835201485632,2025.0,SF,canonical_source_team_frame,False,35.0,0.5320074907794698,0.7466666666666666,high,2026-08-26,1,2,False,markdown_market_v1,128.78627106020411,72.47858867422569,178.5388471530975,116.8791956562064,128.78627106020411,True,market_no_v3,54.6,143.77529411764704,116.52252492229626,120.99503475134766,116.8791956562064
00-0041029,WR,2026,6.328992502281362,2.7522328113627577,2.7522328113627577,10.5995038692183,False,,,,,,,0.2393099330210088,38.07893693423591,2.917942545422813,,,4.775504979786343,False,False,False,False,Jordyn Tyson,NO,rookie_rule,True,drafted,False,,1.0,starter,,rookie_path,17.0,14.3125,0b8c9cb1-e3ed-4936-88ef-94b51df10e96,healthy17_qbroom_concentration_v1,1.0,not_applicable,1.0,False,2.0,17.0,no_data,1.0,rank_1,0.6998480295114428,False,16.0,False,34.20731916190036,231.16668439742472,26.96687552570446,109.19074388858569,2025.0,NO,canonical_source_team_frame,False,12.0,0.142999744464138,0.8333333333333333,high,2026-08-26,1,2,False,markdown_market_v1,107.59287253878315,44.70675404399564,169.74273773548407,107.59287253878315,107.59287253878315,False,incumbent,138.2,97.74935483870968,158.89667920126547,124.65383855471988,107.59287253878315
00-0035659,WR,2026,7.538102263025253,4.009995505887361,4.009995505887361,10.029573473462335,False,,,,,,,0.2160455064944625,39.08173795212269,2.662117993461444,,,4.899194256260437,False,False,False,False,Terry McLaurin,WAS,veteran_model,False,,False,ACT,1.0,starter,LWR,curated,17.0,13.474402490622252,0b8c9cb1-e3ed-4936-88ef-94b51df10e96,healthy17_qbroom_concentration_v1,1.0,not_applicable,1.0,False,1.0,17.0,,,,,,,,32.67144533753111,214.92336904810367,27.29070180650144,124.16028766147345,2025.0,WAS,canonical_source_team_frame,False,72.0,1.0023035754981842,0.8333333333333333,high,2026-08-26,1,2,False,markdown_market_v1,128.1477384714293,61.960457512042645,155.0194132634551,101.01719988995453,128.1477384714293,True,market_no_v3,44.7,143.77529411764704,115.36155657906932,135.9763188806155,101.01719988995453
00-0031588,WR,2026,5.943540934263386,3.953938714649788,3.953938714649788,10.021084358910672,False,,,,,,,0.2122067621238438,35.728110666431,3.3619301539438817,,,5.035347958168692,False,False,False,False,Stefon Diggs,WAS,veteran_model,False,,True,,2.0,starter,RWR,curated,17.0,13.874904415959554,0b8c9cb1-e3ed-4936-88ef-94b51df10e96,healthy17_qbroom_concentration_v1,1.0,not_applicable,1.0,False,,17.0,,,,,,,,32.67144533753111,214.92336904810367,27.29070180650144,124.16028766147345,2025.0,WAS,canonical_source_team_frame,False,,,0.0,none,2026-08-26,0,0,False,markdown_market_v1,101.04019588247756,61.2320970680852,155.04240925597816,101.04019588247756,101.04019588247756,False,incumbent,,,101.04019588247756,134.10371849291363,101.04019588247756
00-0040236,RB,2026,6.223689241511531,1.6025592078290585,1.6025592078290585,11.89062959601692,False,,7.409403978721327,,,,,0.0333243810252678,8.509462433487373,1.091925177607869,0.2145120954069908,35.79021056788772,1.6131928678495144,False,False,False,False,Kyle Monangai,CHI,veteran_model,False,,False,ACT,2.0,committee,,curated,17.0,12.316909685023212,0b8c9cb1-e3ed-4936-88ef-94b51df10e96,healthy17_qbroom_concentration_v1,1.0,concentration_v1_full_board,1.0,False,2.0,17.0,,,,,,,,33.74412762295005,231.616563841159,27.71808021893144,128.0128941200731,2025.0,CHI,canonical_source_team_frame,False,-74.0,-0.9262760996724088,0.8333333333333333,high,2026-08-26,1,2,False,markdown_market_v1,105.80271710569603,27.11530976956999,201.75470177639272,109.55976535759493,105.80271710569603,True,market_no_v3,96.2,116.28333333333336,83.58913523312175,117.39650755715913,109.55976535759493
00-0038124,WR,2026,8.223939008940473,3.9152398132624144,3.9152398132624144,9.934855261703762,False,,,,,,,0.185615705767293,39.95758679942155,2.662669409210559,,,4.308886133037607,False,False,False,False,Christian Watson,GB,veteran_model,False,,False,ACT,2.0,starter,RWR,curated,17.0,13.473052506705718,0b8c9cb1-e3ed-4936-88ef-94b51df10e96,healthy17_qbroom_concentration_v1,1.0,not_applicable,1.0,False,1.0,17.0,,,,,,,,32.64024951982665,227.6640713446097,27.556451830260983,118.45985840964596,2025.0,GB,canonical_source_team_frame,False,-10.0,-0.1075149822404599,0.8333333333333333,high,2026-08-26,1,2,False,markdown_market_v1,139.80696315198804,65.23784381221972,166.48051959089918,107.64726675124312,139.80696315198804,True,market_no_v3,56.3,143.77529411764704,136.56014690735796,150.70631334940333,107.64726675124312
00-0039344,RB,2026,5.277752631583986,0.0,0.0,12.83824866340516,False,,6.949032176549408,,,,,0.0612622605587514,12.31827146102659,1.610239997801449,0.1878534717999034,28.874827925472665,2.094604195506891,True,False,False,False,Jonathon Brooks,CAR,replacement_level,True,,False,,2.0,committee,,replacement_level,17.0,12.414985590778098,0b8c9cb1-e3ed-4936-88ef-94b51df10e96,healthy17_qbroom_concentration_v1,1.0,concentration_v1_full_board,1.0,False,,17.0,,,,,,,,33.086654804365814,214.5319014599454,26.991967859866016,116.4978523275508,2025.0,CAR,canonical_source_team_frame,False,94.0,1.4669602965604738,0.7466666666666666,high,2026-08-26,1,2,False,markdown_market_v1,89.72179473692776,0.0,215.7654130394345,107.88270651971725,89.72179473692776,True,market_no_v3,97.1,116.28333333333336,30.54508028318679,116.10693596454216,107.88270651971725
00-0037816,WR,2026,5.545018376231106,3.883154575270835,3.883154575270835,9.912196081661603,False,,,,,,,0.2159911830827038,37.21508900406371,2.801344880412885,,,5.186459575595146,False,False,False,False,Romeo Doubs,NE,veteran_model,False,,True,ACT,2.0,starter,RWR,curated,17.0,14.857177967251328,0b8c9cb1-e3ed-4936-88ef-94b51df10e96,healthy17_qbroom_concentration_v1,1.0,not_applicable,1.0,False,2.0,17.0,,,,,,,,33.74543089702036,243.75247513831917,27.01222693387557,121.7111389498118,2025.0,NE,canonical_source_team_frame,False,49.0,0.6819983949230526,0.8333333333333333,high,2026-08-26,1,2,False,markdown_market_v1,94.2653123959288,58.88033011581537,151.18330958843148,97.67319315932082,94.2653123959288,True,market_no_v3,108.0,97.74935483870968,91.41473221547172,127.66134284443125,97.67319315932082
00-0039847,TE,2026,5.550041512762993,4.43834441835264,4.43834441835264,8.831183580248695,False,,,,,,,0.2509427208925963,32.72623660518194,3.2731615628171924,,,4.546610095740579,False,False,True,True,Theo Johnson,NYG,veteran_model,False,,False,ACT,2.0,backup,,curated,17.0,14.60163714469807,0b8c9cb1-e3ed-4936-88ef-94b51df10e96,healthy17_qbroom_concentration_v1,1.0,not_applicable,1.0,False,2.0,17.0,,,,,,,,33.24864013753459,223.72476972874463,27.99474579779997,122.73497314685248,2025.0,NYG,canonical_source_team_frame,False,1.0,0.0,0.75,medium,2026-08-26,1,1,False,markdown_market_v1,94.35070571697088,66.48181792472465,132.51756779693005,94.35070571697088,94.35070571697088,False,incumbent,,,77.83930091363554,119.95384445738163,96.1853062506748
00-0034383,TE,2026,6.381703350616382,4.415274740851504,4.415274740851504,8.826463763299856,False,,,,,,,0.160871397831099,33.984736727575324,4.092877781178804,,,5.1140933410586085,False,False,False,False,Dalton Schultz,HOU,veteran_model,False,,False,ACT,1.0,starter,,curated,17.0,14.93683997095698,0b8c9cb1-e3ed-4936-88ef-94b51df10e96,healthy17_qbroom_concentration_v1,1.0,not_applicable,1.0,False,1.0,17.0,,,,,,,,34.32483042096658,230.71531420889468,27.03402673302534,113.94163263281224,2025.0,HOU,canonical_source_team_frame,False,-22.0,-0.3931651693111652,0.8333333333333333,high,2026-08-26,1,2,False,markdown_market_v1,108.48895696047849,72.3355627093893,145.08653132714943,108.48895696047849,108.48895696047849,False,incumbent,177.8,53.20000000000001,137.46113357292603,136.4463966402292,105.2698262257621
00-0035719,WR,2026,6.521997732180765,3.81740722140031,3.81740722140031,9.872571535191057,False,,,,,,,0.1826028845500523,36.90055734651082,3.185661701374183,,,4.760008086118836,False,False,False,False,Deebo Samuel Sr.,SF,veteran_model,False,,True,,2.0,starter,RWR,curated,17.0,13.183813687952687,0b8c9cb1-e3ed-4936-88ef-94b51df10e96,healthy17_qbroom_concentration_v1,1.0,not_applicable,1.0,False,4.0,17.0,,,,,,,,34.25083482490253,240.1256936965456,26.958300492590134,112.8835201485632,2025.0,SF,canonical_source_team_frame,False,67.0,0.6787764479889874,0.62,medium,2026-08-26,1,1,False,markdown_market_v1,110.873961447073,65.82124618964913,172.5336129439641,110.873961447073,110.873961447073,False,incumbent,,,110.873961447073,119.04780624150992,110.873961447073
00-0038041,TE,2026,6.292355532670169,4.340448129949963,4.340448129949963,8.74417958011389,False,,,,,,,0.2028014961120313,32.31179455932527,3.7597366690857,,,4.5308825373377255,False,False,False,False,Jake Ferguson,DAL,veteran_model,False,,False,ACT,1.0,starter,,curated,17.0,15.475925158591377,0b8c9cb1-e3ed-4936-88ef-94b51df10e96,healthy17_qbroom_concentration_v1,1.0,not_applicable,1.0,False,1.0,17.0,,,,,,,,34.85375341295928,250.071496061463,26.933211492050265,120.7564084896434,2025.0,DAL,canonical_source_team_frame,False,58.0,0.3499483077441962,0.7466666666666666,high,2026-08-26,1,2,False,markdown_market_v1,106.97004405539288,73.43063760777204,149.20598212464688,106.97004405539288,106.97004405539288,False,incumbent,145.3,103.81076923076922,100.43292683189593,140.78483378642034,107.6963904135592
00-0037256,RB,2026,6.1717646364942045,1.8467760533395632,1.8467760533395632,11.421491864560082,False,,7.440302184322495,,,,,0.0376000552676819,8.343249170467102,1.3834999469421077,0.2701431435955383,29.500256135669368,1.9296981086385212,False,False,False,False,Rachaad White,WAS,veteran_model,False,,True,ACT,2.0,committee,,curated,17.0,13.2217416603515,0b8c9cb1-e3ed-4936-88ef-94b51df10e96,healthy17_qbroom_concentration_v1,1.0,concentration_v1_full_board,1.0,False,2.0,17.0,,,,,,,,32.67144533753111,214.92336904810367,27.29070180650144,124.16028766147345,2025.0,WAS,canonical_source_team_frame,False,36.0,0.4708634495628248,0.8333333333333333,high,2026-08-26,1,2,False,markdown_market_v1,104.91999882040147,30.657994616237577,188.8802238260789,104.91999882040147,104.91999882040147,False,incumbent,121.8,116.28333333333336,68.47394145577039,140.26222644347604,104.91999882040147
00-0040719,RB,2026,7.433007834913406,1.371241404047804,1.371241404047804,11.768163437987193,False,,8.426907173780828,,,,,0.072403425327784,8.523148495609068,1.265307731147472,0.1841326559782859,32.93526273992837,1.700202799768974,False,False,False,False,Bhayshul Tuten,JAX,veteran_model,False,,False,ACT,1.0,starter,,curated,17.0,11.607055953616149,0b8c9cb1-e3ed-4936-88ef-94b51df10e96,healthy17_qbroom_concentration_v1,1.0,concentration_v1_full_board,1.0,False,1.0,17.0,,,,,,,,34.281392912743186,230.86210034575595,27.465841920542964,117.91153249278577,2025.0,JAX,canonical_source_team_frame,False,44.0,0.4488283693136541,0.7466666666666666,high,2026-08-26,1,2,False,markdown_market_v1,126.3611331935279,22.751634008910248,197.8525257007441,106.1474889150247,126.3611331935279,True,market_no_v3,53.3,157.0047619047619,71.81175719722768,131.99275575078593,106.1474889150247
00-0038606,WR,2026,7.966849295676675,3.7317482142597127,3.7317482142597127,9.761864012133175,False,,,,,,,0.2599763813528774,32.99363192620871,2.817149777684944,,,4.645476880283732,False,False,False,False,Parker Washington,JAX,veteran_model,True,,False,ACT,,deep_bench,,deep_bench_discounted,17.0,5.817185962866168,0b8c9cb1-e3ed-4936-88ef-94b51df10e96,healthy17_qbroom_concentration_v1,1.0,not_applicable,1.0,False,3.0,17.0,,,,,,,,34.281392912743186,230.86210034575595,27.465841920542964,117.91153249278577,2025.0,JAX,canonical_source_team_frame,False,95.0,1.5482053509194784,0.7466666666666666,high,2026-08-26,1,2,False,markdown_market_v1,135.43643802650348,60.735975877773065,160.44650568674143,102.53476985385642,135.43643802650348,True,market_no_v3,65.3,143.77529411764704,128.61373758829507,41.73854722575784,102.53476985385642
00-0037809,TE,2026,5.8692757025861955,4.274688868268582,4.274688868268582,8.663804951141369,False,,,,,,,0.2385879284063674,32.625315915038584,3.106845952465956,,,4.279578942283973,False,False,False,False,Chig Okonkwo,WAS,veteran_model,False,,True,ACT,1.0,starter,,curated,17.0,15.2793900146104,0b8c9cb1-e3ed-4936-88ef-94b51df10e96,healthy17_qbroom_concentration_v1,1.0,not_applicable,1.0,False,1.0,17.0,,,,,,,,32.67144533753111,214.92336904810367,27.29070180650144,124.16028766147345,2025.0,WAS,canonical_source_team_frame,False,-4.0,-0.0078225386919105,0.75,medium,2026-08-26,1,1,False,markdown_market_v1,99.77768694396532,66.16401122585137,134.06260229670443,99.77768694396532,99.77768694396532,False,incumbent,,,127.44939159712932,142.26575176752095,96.70305309361378
00-0039811,RB,2026,6.174833942657605,0.0,0.0,12.461653426255127,False,,6.259755101735018,,,,,0.0612622605587514,12.31827146102659,1.610239997801449,0.1878534717999034,26.991851739722502,2.094604195506891,True,False,False,False,MarShawn Lloyd,GB,replacement_level,True,,False,,2.0,committee,,replacement_level,17.0,12.414985590778098,0b8c9cb1-e3ed-4936-88ef-94b51df10e96,healthy17_qbroom_concentration_v1,1.0,concentration_v1_full_board,1.0,False,,17.0,,,,,,,,32.64024951982665,227.6640713446097,27.556451830260983,118.45985840964596,2025.0,GB,canonical_source_team_frame,False,-97.0,-0.9999999999999998,0.3333333333333332,low,2026-08-26,0,1,False,markdown_market_v1,104.97217702517928,0.0,209.94435405035856,104.97217702517928,104.97217702517928,False,incumbent,160.1,68.23333333333333,21.73424481966647,118.94391612664457,104.97217702517928
00-0038129,TE,2026,5.903902390813662,4.203241755252108,4.203241755252108,8.594256753079316,False,,,,,,,0.2371153302891385,31.594052705806902,3.191673375594932,,,4.699671100533567,False,False,False,False,Cade Otton,TB,veteran_model,False,,False,ACT,1.0,starter,,curated,17.0,15.28790351008334,0b8c9cb1-e3ed-4936-88ef-94b51df10e96,healthy17_qbroom_concentration_v1,1.0,not_applicable,1.0,False,1.0,17.0,,,,,,,,33.55035103578723,223.7141596661014,27.73776146084954,117.79149136744992,2025.0,TB,canonical_source_team_frame,False,-71.0,-0.7088777025952038,0.75,medium,2026-08-26,1,1,False,markdown_market_v1,100.36634064383225,65.4322105921603,133.94642555581896,100.36634064383225,100.36634064383225,False,incumbent,,,137.57710290632377,136.16517235458588,96.2318115035554
00-0041511,WR,2026,5.292586556239855,2.469882119057498,2.469882119057498,9.49958709650456,False,,,,,,,0.2136549818974577,34.149197394634385,2.623333707642193,,,4.298125816871353,False,False,False,False,Omar Cooper Jr.,NYJ,rookie_rule,True,drafted,False,,3.0,starter,,rookie_path,17.0,14.0,0b8c9cb1-e3ed-4936-88ef-94b51df10e96,healthy17_qbroom_concentration_v1,1.0,not_applicable,1.0,False,3.0,17.0,above_median,2.0,rank_2,0.9812751880063298,False,18.0,False,32.41879516501858,201.132721478803,27.47972793367314,119.35043810725364,2025.0,NYJ,canonical_source_team_frame,False,,,0.0,none,2026-08-26,0,0,False,markdown_market_v1,89.97397145607754,36.97391608124505,142.25846008129872,89.97397145607754,89.97397145607754,False,incumbent,,,67.24237039742327,98.32619344466468,89.97397145607754
00-0039738,RB,2026,5.969210340541457,1.1580447997238348,1.1580447997238348,11.393923412001795,False,,7.182757075905029,,,,,0.0352364318154144,5.693582818767271,0.8009329702263043,0.2020008779840206,35.94372056067293,1.0307503324169651,False,True,False,False,Blake Corum,LA,veteran_model,False,,False,ACT,2.0,committee,,curated,17.0,12.574812927649733,0b8c9cb1-e3ed-4936-88ef-94b51df10e96,healthy17_qbroom_concentration_v1,1.0,concentration_v1_full_board,1.0,False,2.0,17.0,,,,,,,,34.82297755064974,249.39921534190285,26.611874443882616,121.4158089351876,2025.0,LA,canonical_source_team_frame,False,82.0,1.1530451145135387,0.8333333333333333,high,2026-08-26,1,2,False,markdown_market_v1,101.47657578920476,19.68534772267869,192.48482120832887,101.47657578920476,101.47657578920476,False,incumbent,120.8,116.28333333333336,90.95313133592984,94.0047814551873,101.47657578920476
00-0039868,WR,2026,5.847488377271708,3.4132007080006224,3.4132007080006224,9.450477149486296,False,,,,,,,0.2375710716298786,30.69734757257172,2.922496639794567,,,4.64570494072659,False,False,False,False,Troy Franklin,DEN,veteran_model,True,,False,ACT,,deep_bench,,deep_bench_discounted,17.0,6.750878357007659,0b8c9cb1-e3ed-4936-88ef-94b51df10e96,healthy17_qbroom_concentration_v1,1.0,not_applicable,1.0,False,3.0,17.0,,,,,,,,34.86796196556067,230.0636551213692,26.57618138477283,117.91787351632536,2025.0,DEN,canonical_source_team_frame,False,-17.0,-0.1842922137611705,0.8333333333333333,high,2026-08-26,1,2,False,markdown_market_v1,99.40730241361904,56.64421318716894,158.45598340655147,99.40730241361904,99.40730241361904,False,incumbent,176.2,55.46666666666667,60.1533497193185,48.03031672421007,99.40730241361904
00-0039916,WR,2026,0.0,3.413717319780724,3.413717319780724,9.429297492798067,False,,,,,,,0.2144174411048364,33.470738366194354,2.603302733994087,,,3.892208706577603,False,False,False,False,Ricky Pearsall,SF,veteran_model,True,,False,ACT,,deep_bench,,deep_bench_discounted,0.0,3.2061797437176542,0b8c9cb1-e3ed-4936-88ef-94b51df10e96,healthy17_qbroom_concentration_v1,1.0,not_applicable,1.0,False,2.0,0.0,,,,,,,,34.25083482490253,240.1256936965456,26.958300492590134,112.8835201485632,2025.0,SF,canonical_source_team_frame,False,,,0.0,none,2026-08-26,0,0,False,markdown_market_v1,0.0,0.0,0.0,0.0,0.0,False,incumbent,,,47.6204192486676,4.123607190396434,0.0
00-0038563,WR,2026,6.023866050129736,3.4013551280438588,3.4013551280438588,9.4247881451165,False,,,,,,,0.2215317445501333,32.42113436209894,2.718833198106475,,,4.572806374954092,False,False,False,False,Tre Tucker,LV,veteran_model,False,,False,ACT,1.0,starter,LWR,curated,17.0,15.431794436191876,0b8c9cb1-e3ed-4936-88ef-94b51df10e96,healthy17_qbroom_concentration_v1,1.0,not_applicable,1.0,False,1.0,17.0,,,,,,,,33.854801045689456,214.5498181545603,25.409147592119822,101.32508075439344,2025.0,LV,canonical_source_team_frame,False,-15.0,-0.1457430333838262,0.7466666666666666,high,2026-08-26,1,2,False,markdown_market_v1,102.40572285220551,59.10340648127347,161.9797081507739,102.40572285220551,102.40572285220551,False,incumbent,132.4,97.74935483870968,111.73584900811213,162.27587643748046,102.40572285220551
00-0036894,TE,2026,5.4559490496036105,3.9411925110518458,3.9411925110518458,8.335259119115205,False,,,,,,,0.121261683051033,35.27369481565251,3.327993452554857,,,4.317049907951479,False,False,False,False,Pat Freiermuth,PIT,veteran_model,False,,False,ACT,1.0,starter,,curated,17.0,14.869065130640283,0b8c9cb1-e3ed-4936-88ef-94b51df10e96,healthy17_qbroom_concentration_v1,1.0,not_applicable,1.0,False,1.0,17.0,,,,,,,,33.53074981559085,220.60629098765008,26.566881241231517,113.38878134930282,2025.0,PIT,canonical_source_team_frame,False,74.0,0.6308266201057098,0.75,medium,2026-08-26,1,1,False,markdown_market_v1,92.75113384326139,61.72216895805745,129.28166296444633,92.75113384326139,92.75113384326139,False,incumbent,,,98.79087111759377,116.03086376280268,92.08005192389112
00-0038994,WR,2026,6.237084125095347,3.3663422278164887,3.3663422278164887,9.396419458148426,False,,,,,,,0.2112876176401654,32.26334922329409,2.8165823748509107,,,4.212973790068847,False,False,False,False,Jordan Addison,MIN,veteran_model,False,,False,ACT,2.0,starter,RWR,curated,17.0,14.103404015316189,0b8c9cb1-e3ed-4936-88ef-94b51df10e96,healthy17_qbroom_concentration_v1,1.0,not_applicable,1.0,False,2.0,17.0,,,,,,,,33.31986938890707,212.12724988326613,25.99228043038729,113.38707277968209,2025.0,MIN,canonical_source_team_frame,False,54.0,0.7330652312287154,0.8333333333333333,high,2026-08-26,2,2,False,markdown_market_v1,106.0304301266209,57.16184079606673,158.46921291090126,99.82194604768162,106.0304301266209,True,market_no_v3,88.1,141.43684210526317,77.06154759864087,124.38012846962104,99.82194604768162
00-0041035,WR,2026,6.025124496712176,0.9042600290695788,0.9042600290695788,12.846596158340592,False,,,,,,,0.2087750831744902,33.3868227865842,2.565517620586499,,,4.20394625973793,False,False,False,False,De'Zhaun Stribling,SF,rookie_rule,True,drafted,False,,3.0,starter,,rookie_path,17.0,12.9,0b8c9cb1-e3ed-4936-88ef-94b51df10e96,healthy17_qbroom_concentration_v1,1.0,not_applicable,1.0,False,5.0,17.0,above_median,3.0,rank_3_plus,1.0,False,20.0,False,34.25083482490253,240.1256936965456,26.958300492590134,112.8835201485632,2025.0,SF,canonical_source_team_frame,False,15.0,0.1981674482867363,0.7466666666666666,high,2026-08-26,1,2,False,markdown_market_v1,102.427116444107,15.46029133585012,224.787345972208,102.427116444107,102.427116444107,False,incumbent,133.5,97.74935483870968,70.13481530862761,103.7619211919893,102.427116444107
00-0036040,TE,2026,5.629351813957355,3.8264553324754296,3.8264553324754296,8.272876821894526,False,,,,,,,0.1588501953279479,31.75899359077099,3.401020236028786,,,4.695719089642688,False,False,False,False,Juwan Johnson,NO,veteran_model,False,,False,ACT,1.0,starter,,curated,17.0,14.821666585690028,0b8c9cb1-e3ed-4936-88ef-94b51df10e96,healthy17_qbroom_concentration_v1,1.0,not_applicable,1.0,False,1.0,17.0,,,,,,,,34.20731916190036,231.16668439742472,26.96687552570446,109.19074388858569,2025.0,NO,canonical_source_team_frame,False,43.0,0.1726799453223199,0.8333333333333333,high,2026-08-26,1,2,False,markdown_market_v1,95.69898083727503,61.9679290378745,132.93466617670265,95.69898083727503,95.69898083727503,False,incumbent,161.3,53.20000000000001,111.7500939529559,111.11351386387142,93.9155238244216
00-0038935,TE,2026,5.505498018285785,3.7161878059765066,3.7161878059765066,8.101646110540727,False,,,,,,,0.2253236946957179,28.61657417152184,2.943447424495818,,,3.835407438088548,False,False,False,False,Brenton Strange,JAX,veteran_model,False,,False,ACT,1.0,starter,,curated,17.0,13.196030458668163,0b8c9cb1-e3ed-4936-88ef-94b51df10e96,healthy17_qbroom_concentration_v1,1.0,not_applicable,1.0,False,1.0,17.0,,,,,,,,34.281392912743186,230.86210034575595,27.465841920542964,117.91153249278577,2025.0,JAX,canonical_source_team_frame,False,-19.0,-0.3203470870105539,0.7466666666666666,high,2026-08-26,1,2,False,markdown_market_v1,93.59346631085833,60.25849049540334,132.7707372666631,93.59346631085833,93.59346631085833,False,incumbent,165.8,53.20000000000001,99.56309221293644,104.92239147598724,92.93017454396076
00-0040189,TE,2026,5.63483802686245,3.609699450636319,3.609699450636319,7.991549695262101,False,,,,,,,0.1534947964563393,32.631231576366886,2.782269891842098,,,4.003400729544131,False,False,False,False,Oronde Gadsden II,LAC,veteran_model,False,,False,ACT,1.0,starter,,curated,17.0,14.705972711698578,0b8c9cb1-e3ed-4936-88ef-94b51df10e96,healthy17_qbroom_concentration_v1,1.0,not_applicable,1.0,False,1.0,17.0,,,,,,,,34.81239421539152,230.9924120352485,26.622477258704382,118.76948607670286,2025.0,LAC,canonical_source_team_frame,False,-17.0,-0.0375703602192507,0.75,medium,2026-08-26,1,1,False,markdown_market_v1,95.79224645666166,60.68670821411932,136.37830088389447,95.79224645666166,95.79224645666166,False,incumbent,,,105.3418792750506,128.5705981289666,94.73117614350733
00-0039901,WR,2026,5.481336735408201,3.0221038875104216,3.0221038875104216,9.019147551306546,False,,,,,,,0.2232414638841565,30.20333638541173,2.3305949738157308,,,4.226113534099384,False,False,False,False,Keon Coleman,BUF,veteran_model,False,,False,ACT,1.0,starter,LWR,curated,17.0,12.899066152059191,0b8c9cb1-e3ed-4936-88ef-94b51df10e96,healthy17_qbroom_concentration_v1,1.0,not_applicable,1.0,False,4.0,17.0,,,,,,,,33.212884173930405,232.0006812309425,28.02188237819293,133.5452190763655,2025.0,BUF,canonical_source_team_frame,False,-24.0,-0.1770216163318392,0.62,medium,2026-08-26,1,1,False,markdown_market_v1,93.18272450193942,51.02365333897585,151.99477215252773,93.18272450193942,93.18272450193942,False,incumbent,,,60.48362235107761,116.9440879254139,93.18272450193942
00-0039894,WR,2026,6.332479834613466,2.9715391201163763,2.9715391201163763,8.980057848484298,False,,,,,,,0.1792395182211289,31.608454567408007,2.499415279728313,,,4.166920774216723,False,False,False,False,Xavier Worthy,KC,veteran_model,False,,False,ACT,1.0,starter,LWR,curated,17.0,13.788320817901225,0b8c9cb1-e3ed-4936-88ef-94b51df10e96,healthy17_qbroom_concentration_v1,1.0,not_applicable,1.0,False,2.0,17.0,,,,,,,,35.16321475705483,230.551485538654,25.943035799993208,113.16190955700952,2025.0,KC,canonical_source_team_frame,False,-74.0,-0.7571129107115336,0.7466666666666666,high,2026-08-26,1,2,False,markdown_market_v1,107.65215718842892,49.81516007676423,151.60056076589552,92.36430280281652,107.65215718842892,True,market_no_v3,100.1,119.39375,98.04539943350711,117.9321481091913,92.36430280281652
00-0038997,WR,2026,7.934531407279207,2.927204065377641,2.927204065377641,8.95318057947596,False,,,,,,,0.1566637635748704,31.410038858456577,2.7562529392570223,,,3.933867524020666,False,False,False,False,Josh Downs,IND,veteran_model,False,,False,ACT,3.0,starter,SWR,curated,17.0,14.476309381860831,0b8c9cb1-e3ed-4936-88ef-94b51df10e96,healthy17_qbroom_concentration_v1,1.0,not_applicable,1.0,False,2.0,17.0,,,,,,,,33.82190844602341,234.02468664293764,26.51465853299865,117.43030699843813,2025.0,IND,canonical_source_team_frame,False,85.0,1.1405582061475013,0.7466666666666666,high,2026-08-26,1,2,False,markdown_market_v1,134.88703392374651,58.46849986268125,180.03653012520687,109.50951331806844,134.88703392374651,True,market_no_v3,87.7,141.43684210526317,129.5280999570511,134.58225577359167,109.50951331806844
00-0037197,RB,2026,5.260945244708854,1.2116129874570714,1.2116129874570714,10.189785459745972,False,,6.392505847698124,,,,,0.0365319731073266,8.348891667897387,1.0970247649406537,0.2171610839997649,24.47852897503798,1.4679811103655565,False,False,False,False,Isiah Pacheco,DET,veteran_model,False,,True,ACT,2.0,committee,,curated,17.0,12.985742596100678,0b8c9cb1-e3ed-4936-88ef-94b51df10e96,healthy17_qbroom_concentration_v1,1.0,concentration_v1_full_board,1.0,False,2.0,17.0,,,,,,,,33.93703078284322,246.2148467705308,26.80245988676499,118.24421493778569,2025.0,DET,canonical_source_team_frame,False,-2.0,-0.1298031360701158,0.7466666666666666,high,2026-08-26,1,2,False,markdown_market_v1,89.43606916005051,20.150131405541817,170.15052720009152,89.43606916005051,89.43606916005051,False,incumbent,156.6,80.05294117647058,73.64478753248083,78.91355411666665,89.43606916005051
00-0040735,WR,2026,6.869394634568449,2.848780342397542,2.848780342397542,8.843328555100616,False,,,,,,,0.1820229361354764,31.101822552892347,2.2938820808919105,,,3.189510165519605,False,False,False,False,Luther Burden III,CHI,veteran_model,False,,False,ACT,2.0,starter,RWR,curated,17.0,14.847490146160952,0b8c9cb1-e3ed-4936-88ef-94b51df10e96,healthy17_qbroom_concentration_v1,1.0,not_applicable,1.0,False,2.0,17.0,,,,,,,,33.74412762295005,231.616563841159,27.71808021893144,128.0128941200731,2025.0,CHI,canonical_source_team_frame,False,89.0,1.488583674032667,0.8333333333333333,high,2026-08-26,1,2,False,markdown_market_v1,116.77970878766364,47.8485606762016,149.7469407622104,90.30027099573957,116.77970878766364,True,market_no_v3,61.6,143.77529411764704,94.6924116994954,110.45724951683324,90.30027099573957
00-0038611,RB,2026,5.297475242171881,1.007686266211926,1.007686266211926,10.83647179291006,False,,7.269586966228968,,,,,0.0042405989776852,4.073269650751025,0.6001311531502475,0.2049511757144828,33.82416981741177,0.8701229622511277,False,False,False,False,Chris Rodriguez Jr.,JAX,veteran_model,False,,True,ACT,2.0,committee,,curated,17.0,13.193354377404646,0b8c9cb1-e3ed-4936-88ef-94b51df10e96,healthy17_qbroom_concentration_v1,1.0,concentration_v1_full_board,1.0,False,2.0,17.0,,,,,,,,34.281392912743186,230.86210034575595,27.465841920542964,117.91153249278577,2025.0,JAX,canonical_source_team_frame,False,58.0,0.6450531381817588,0.7466666666666666,high,2026-08-26,1,2,False,markdown_market_v1,90.05707911692198,17.13066652560274,182.46013012846143,90.05707911692198,90.05707911692198,False,incumbent,156.7,80.05294117647058,110.6619019261247,124.8683513729737,90.05707911692198
00-0037525,RB,2026,5.47187833189809,0.9959969146607056,0.9959969146607056,10.658736441877856,False,,7.3781586161571635,,,,,0.0091288183551674,3.84028523420437,0.7519896602206985,0.176230472311494,34.4407646093539,0.9415335225064264,False,True,False,False,Jordan Mason,MIN,veteran_model,False,,False,ACT,2.0,committee,,curated,17.0,11.59661601419994,0b8c9cb1-e3ed-4936-88ef-94b51df10e96,healthy17_qbroom_concentration_v1,1.0,concentration_v1_full_board,1.0,False,2.0,17.0,,,,,,,,33.31986938890707,212.12724988326613,25.99228043038729,113.38707277968209,2025.0,MIN,canonical_source_team_frame,False,6.0,0.1127302765062807,0.8333333333333333,high,2026-08-26,1,2,False,markdown_market_v1,93.02193164226753,16.931947549231992,180.838824664884,90.36923238804798,93.02193164226753,True,market_no_v3,115.5,116.28333333333336,47.38336134487572,102.46273610706052,90.36923238804798
00-0035229,TE,2026,5.274672392557255,3.330374220298409,3.330374220298409,7.711964751204215,False,,,,,,,0.1945295301542097,27.431307151038585,2.770668084417543,,,3.884451058953612,False,False,False,False,T.J. Hockenson,MIN,veteran_model,False,,False,ACT,1.0,starter,,curated,17.0,15.107021955423225,0b8c9cb1-e3ed-4936-88ef-94b51df10e96,healthy17_qbroom_concentration_v1,1.0,not_applicable,1.0,False,1.0,17.0,,,,,,,,33.31986938890707,212.12724988326613,25.99228043038729,113.38707277968209,2025.0,MIN,canonical_source_team_frame,False,-96.0,-0.9999999999999998,0.3333333333333332,low,2026-08-26,0,1,False,markdown_market_v1,89.66943067347333,56.52697836134152,130.11705188321147,89.66943067347333,89.66943067347333,False,incumbent,179.3,53.20000000000001,91.45908113077338,120.5170677519408,89.47058062266221
00-0039855,WR,2026,4.778964724788356,2.714136696760253,2.714136696760253,8.705437982809293,False,,,,,,,0.1675710996554688,30.828869749284475,2.246113534790931,,,3.555826136731416,False,False,False,False,Jalen McMillan,TB,veteran_model,False,,False,ACT,1.0,starter,LWR,curated,17.0,10.62275138502416,0b8c9cb1-e3ed-4936-88ef-94b51df10e96,healthy17_qbroom_concentration_v1,1.0,not_applicable,1.0,False,3.0,17.0,,,,,,,,33.55035103578723,223.7141596661014,27.73776146084954,117.79149136744992,2025.0,TB,canonical_source_team_frame,False,-72.0,-0.8245336514032036,0.8333333333333333,high,2026-08-26,1,2,False,markdown_market_v1,81.24240032140204,42.264443085886434,135.8187971508796,81.24240032140204,81.24240032140204,False,incumbent,136.0,97.74935483870968,38.667629968226485,70.44698974335782,81.24240032140204
00-0038933,TE,2026,5.133930085966869,3.168448874549053,3.168448874549053,7.545903637821285,False,,,,,,,0.1471434191443419,29.537617873366685,2.5859170453044733,,,3.0997898011347824,False,False,False,False,Dalton Kincaid,BUF,veteran_model,False,,False,ACT,1.0,starter,,curated,17.0,13.916146372990909,0b8c9cb1-e3ed-4936-88ef-94b51df10e96,healthy17_qbroom_concentration_v1,1.0,not_applicable,1.0,False,1.0,17.0,,,,,,,,33.212884173930405,232.0006812309425,28.02188237819293,133.5452190763655,2025.0,BUF,canonical_source_team_frame,False,71.0,0.6150022292012519,0.7466666666666666,high,2026-08-26,1,2,False,markdown_market_v1,87.27681146143676,53.62403653839456,127.32007148344616,87.27681146143676,87.27681146143676,False,incumbent,153.8,103.81076923076922,93.18312681622102,117.15917515130332,86.62055419979407
00-0039032,RB,2026,4.741455724177605,1.4902756716791492,1.4902756716791492,9.554972209432067,False,,3.967708961352287,,,,,0.0748789945985657,12.116617402961433,1.8372106514094344,0.1504684726848366,16.316162280919368,2.3884083721086795,False,False,True,True,Tyjae Spears,TEN,veteran_model,False,,False,ACT,2.0,committee,,curated,17.0,12.67986475009342,0b8c9cb1-e3ed-4936-88ef-94b51df10e96,healthy17_qbroom_concentration_v1,1.0,concentration_v1_full_board,1.0,False,2.0,17.0,,,,,,,,33.99714946554143,212.007639970746,25.993384614102037,108.23524626366611,2025.0,TEN,canonical_source_team_frame,False,86.0,1.1880069112698182,0.8333333333333333,high,2026-08-26,1,2,False,markdown_market_v1,80.60474731101928,22.507159533031476,151.6519860418234,80.60474731101928,80.60474731101928,False,incumbent,140.1,80.05294117647058,70.81053137839336,75.36114586569818,80.60474731101928
00-0036407,WR,2026,5.035639570030711,2.583071452609046,2.583071452609046,8.587320414838768,False,,,,,,,0.1878228611187708,27.48016208387101,2.4365987943729466,,,4.183187740635952,False,False,False,False,Jerry Jeudy,CLE,veteran_model,False,,False,ACT,2.0,starter,RWR,curated,17.0,15.272561633540835,0b8c9cb1-e3ed-4936-88ef-94b51df10e96,healthy17_qbroom_concentration_v1,1.0,not_applicable,1.0,False,1.0,17.0,,,,,,,,33.82707987620956,210.09032913022048,26.55432348725456,109.36695682546336,2025.0,CLE,canonical_source_team_frame,False,11.0,0.106374862611159,0.8333333333333333,high,2026-08-26,1,2,False,markdown_market_v1,85.60587269052209,43.66828968581228,143.80233068736112,85.60587269052209,85.60587269052209,False,incumbent,125.4,97.74935483870968,115.6032657413568,132.6140619026807,85.60587269052209
00-0039890,WR,2026,4.46348629256358,2.562634976789497,2.562634976789497,8.560856265381027,False,,,,,,,0.2256811998219464,25.387413723049985,2.3479201031835624,,,4.381108012279239,False,False,True,True,Adonai Mitchell,NYJ,veteran_model,False,,False,ACT,1.0,starter,LWR,curated,17.0,14.910754699013207,0b8c9cb1-e3ed-4936-88ef-94b51df10e96,healthy17_qbroom_concentration_v1,1.0,not_applicable,1.0,False,2.0,17.0,,,,,,,,32.41879516501858,201.132721478803,27.47972793367314,119.35043810725364,2025.0,NYJ,canonical_source_team_frame,False,-51.0,-0.3952840130965318,0.7466666666666666,high,2026-08-26,1,2,False,markdown_market_v1,75.87926697358087,38.37615274082265,128.21011909961078,75.87926697358087,75.87926697358087,False,incumbent,158.7,67.586,89.48442773261613,93.2664074599152,75.87926697358087
00-0041489,WR,2026,4.5083943529676445,0.7624610978235813,0.7624610978235813,10.823945327371115,False,,,,,,,0.1755413343660424,28.14024919848618,2.165257444602654,,,3.550183103587891,False,False,False,False,Germie Bernard,PIT,rookie_rule,True,drafted,False,,,deep_bench,,deep_bench_discounted,17.0,7.888888888888889,0b8c9cb1-e3ed-4936-88ef-94b51df10e96,healthy17_qbroom_concentration_v1,1.0,not_applicable,1.0,False,4.0,17.0,below_median,,off_chart,1.0,False,9.0,False,33.53074981559085,220.60629098765008,26.566881241231517,113.38878134930282,2025.0,PIT,canonical_source_team_frame,False,13.0,0.1456120970111362,0.8333333333333333,high,2026-08-26,1,2,False,markdown_market_v1,76.64270400044995,11.95420518568512,167.20799371410232,76.64270400044995,76.64270400044995,False,incumbent,186.8,55.46666666666667,52.59327745105805,42.13458330996638,76.64270400044995
00-0041523,WR,2026,4.4582314471223725,0.7594473106358168,0.7594473106358168,10.764295091850146,False,,,,,,,0.1738223403308418,28.006013078325903,2.160929594594621,,,3.5474648240942006,False,False,False,False,Caleb Douglas,MIA,rookie_rule,True,drafted,False,,2.0,starter,,rookie_path,17.0,13.830188679245284,0b8c9cb1-e3ed-4936-88ef-94b51df10e96,healthy17_qbroom_concentration_v1,1.0,not_applicable,1.0,False,4.0,17.0,above_median,2.0,rank_2,1.3206131978293425,False,53.0,False,32.36223621091209,214.6126867270503,26.74474106089619,118.31799054444193,2025.0,MIA,canonical_source_team_frame,False,-60.0,-0.4486821106188099,0.7466666666666666,high,2026-08-26,1,2,False,markdown_market_v1,75.78993460108033,12.235677397424515,164.12345076071324,75.78993460108033,75.78993460108033,False,incumbent,185.3,55.46666666666667,64.3630938860391,109.442045180989,75.78993460108033
00-0037261,WR,2026,6.39597898293073,2.362951762677177,2.362951762677177,8.380791915307618,False,,,,,,,0.1417547413772334,27.17920130578944,2.6365513878254125,,,3.8142457027344814,False,False,False,False,Khalil Shakir,BUF,veteran_model,False,,False,ACT,3.0,starter,SWR,curated,17.0,13.136347544148045,0b8c9cb1-e3ed-4936-88ef-94b51df10e96,healthy17_qbroom_concentration_v1,1.0,not_applicable,1.0,False,2.0,17.0,,,,,,,,33.212884173930405,232.0006812309425,28.02188237819293,133.5452190763655,2025.0,BUF,canonical_source_team_frame,False,-27.0,-0.2177309790153366,0.7466666666666666,high,2026-08-26,1,2,False,markdown_market_v1,108.73164270982241,39.99465295651292,141.31618312731587,82.50413547672754,108.73164270982241,True,market_no_v3,106.7,97.74935483870968,117.71715096800553,102.91456120560863,82.50413547672754
00-0040130,WR,2026,4.710336227871702,2.3800343403034723,2.3800343403034723,8.367562897571986,False,,,,,,,0.1714907812944253,27.492458540122545,2.1906094264812213,,,3.772936248987144,False,False,False,False,Jayden Higgins,HOU,veteran_model,False,,False,ACT,2.0,starter,RWR,curated,17.0,14.959815606237154,0b8c9cb1-e3ed-4936-88ef-94b51df10e96,healthy17_qbroom_concentration_v1,1.0,not_applicable,1.0,False,2.0,17.0,,,,,,,,34.32483042096658,230.71531420889468,27.03402673302534,113.94163263281224,2025.0,HOU,canonical_source_team_frame,False,88.0,1.2883037820156698,0.75,medium,2026-08-26,1,1,False,markdown_market_v1,80.07571587381894,38.98814036057452,137.70962023920993,80.07571587381894,80.07571587381894,False,incumbent,127.1,97.74935483870968,49.78276205223548,99.83335206091,80.07571587381894
00-0041547,WR,2026,4.720683676837345,1.997618402576616,1.997618402576616,7.685619227421787,False,,,,,,,0.173017367380571,27.624089885591445,2.1208047542720827,,,3.4738424899968634,False,False,False,False,KC Concepcion,CLE,rookie_rule,True,drafted,False,,3.0,starter,,rookie_path,17.0,14.3125,0b8c9cb1-e3ed-4936-88ef-94b51df10e96,healthy17_qbroom_concentration_v1,1.0,not_applicable,1.0,False,2.0,17.0,no_data,1.0,rank_1,0.7248253226490354,False,16.0,False,33.82707987620956,210.09032913022048,26.55432348725456,109.36695682546336,2025.0,CLE,canonical_source_team_frame,False,79.0,1.1096407675601487,0.8333333333333333,high,2026-08-26,1,2,False,markdown_market_v1,80.25162250623485,34.02147723374695,128.74835242745542,81.66235227930056,80.25162250623485,True,market_no_v3,117.4,97.74935483870968,65.9352960523918,117.76710505744008,81.66235227930056
00-0037545,WR,2026,6.090591990398203,2.353237341958074,2.353237341958074,8.352033802606819,False,,,,,,,0.1433544563979922,28.196484255755134,2.3563819921815683,,,3.4692506371650387,False,False,False,False,Rashid Shaheed,SEA,veteran_model,False,,False,ACT,2.0,starter,RWR,curated,17.0,14.246080640817112,0b8c9cb1-e3ed-4936-88ef-94b51df10e96,healthy17_qbroom_concentration_v1,1.0,not_applicable,1.0,False,2.0,17.0,,,,,,,,32.23055547607071,233.1588091163081,27.961458857752422,119.77956467483948,2025.0,SEA,canonical_source_team_frame,False,23.0,0.4322183966530495,0.8333333333333333,high,2026-08-26,1,2,False,markdown_market_v1,103.54006383676946,38.70496547932196,142.00069859357058,81.67515707270967,103.54006383676946,True,market_no_v3,119.4,97.74935483870968,108.2779166533638,87.86204150729864,81.67515707270967
00-0039793,TE,2026,4.894789507426714,2.813483042993342,2.813483042993342,7.198066946573857,False,,,,,,,0.1286553198449604,25.576189141328346,2.904386600809866,,,3.772526342001963,False,False,False,False,AJ Barner,SEA,veteran_model,False,,False,ACT,1.0,starter,,curated,17.0,15.779546440458788,0b8c9cb1-e3ed-4936-88ef-94b51df10e96,healthy17_qbroom_concentration_v1,1.0,not_applicable,1.0,False,1.0,17.0,,,,,,,,32.23055547607071,233.1588091163081,27.961458857752422,119.77956467483948,2025.0,SEA,canonical_source_team_frame,False,-92.0,-1.513639161093944,0.75,medium,2026-08-26,1,1,False,markdown_market_v1,83.21142162625414,46.09880466627142,121.4511404238107,83.21142162625414,83.21142162625414,False,incumbent,,,112.20687112085712,98.78725572817063,79.98970501574269
00-0040718,WR,2026,4.536202623685121,2.234403859440089,2.234403859440089,8.260228320990654,False,,,,,,,0.1325300478975842,25.93972414373104,2.754015953358953,,,3.577112531818245,False,False,False,False,Travis Hunter,JAX,veteran_model,False,,False,ACT,2.0,starter,RWR,curated,17.0,12.030789513714078,0b8c9cb1-e3ed-4936-88ef-94b51df10e96,healthy17_qbroom_concentration_v1,1.0,not_applicable,1.0,False,4.0,17.0,,,,,,,,34.281392912743186,230.86210034575595,27.465841920542964,117.91153249278577,2025.0,JAX,canonical_source_team_frame,False,-73.0,-0.7549223471892773,0.7466666666666666,high,2026-08-26,1,2,False,markdown_market_v1,77.11544460264705,35.385579446073976,135.02718043553207,77.11544460264705,77.11544460264705,False,incumbent,163.7,62.738266666666945,24.73643639361078,80.10998889955175,77.11544460264705
00-0033553,RB,2026,4.621573824575748,1.135140210913639,1.135140210913639,8.861986909740173,False,,4.663874544280581,,,,,0.0658457894504247,8.284310155350871,0.9388739898188144,0.2621360650722492,14.826588351703224,1.197792732595545,False,True,False,False,James Conner,ARI,veteran_model,True,,False,ACT,,deep_bench,,deep_bench_discounted,17.0,3.3193047966130376,0b8c9cb1-e3ed-4936-88ef-94b51df10e96,healthy17_qbroom_concentration_v1,1.0,concentration_v1_full_board,1.0,False,3.0,17.0,,,,,,,,36.21537296296883,240.75211132429325,24.991541448852136,107.82682362857648,2025.0,ARI,canonical_source_team_frame,False,22.0,0.2814310333336617,0.75,medium,2026-08-26,1,1,False,markdown_market_v1,78.56675501778771,18.874836541413565,146.2415111239104,78.56675501778771,78.56675501778771,False,incumbent,,,35.47401846993088,2.9412441147903734,78.56675501778771
00-0036259,WR,2026,4.645378088025828,2.172973839148926,2.172973839148926,8.164101645649069,False,,,,,,,0.1679871794469716,25.403302682006103,2.243561316428122,,,4.114048477069047,False,False,False,False,Jauan Jennings,MIN,veteran_model,False,,True,ACT,3.0,starter,SWR,curated,17.0,13.594494804316748,0b8c9cb1-e3ed-4936-88ef-94b51df10e96,healthy17_qbroom_concentration_v1,1.0,not_applicable,1.0,False,3.0,17.0,,,,,,,,33.31986938890707,212.12724988326613,25.99228043038729,113.38707277968209,2025.0,MIN,canonical_source_team_frame,False,-33.0,-0.3228893625204629,0.8333333333333333,high,2026-08-26,1,2,False,markdown_market_v1,78.97142749643908,36.966909558804176,137.61869435965872,78.97142749643908,78.97142749643908,False,incumbent,138.9,97.74935483870968,74.96609712167881,93.86424260609466,78.97142749643908
00-0040667,WR,2026,4.425128624977863,2.177201757855022,2.177201757855022,8.161657336284627,False,,,,,,,0.1811095398463882,25.08232460733053,2.145399987841353,,,3.289976894269124,False,False,False,False,Matthew Golden,GB,veteran_model,False,,False,ACT,1.0,starter,LWR,curated,17.0,12.273328901892556,0b8c9cb1-e3ed-4936-88ef-94b51df10e96,healthy17_qbroom_concentration_v1,1.0,not_applicable,1.0,False,3.0,17.0,,,,,,,,32.64024951982665,227.6640713446097,27.556451830260983,118.45985840964596,2025.0,GB,canonical_source_team_frame,False,29.0,0.5335028907888125,0.8333333333333333,high,2026-08-26,1,2,False,markdown_market_v1,75.22718662462367,36.25313790668355,136.93299874468232,78.0997459050263,75.22718662462367,True,market_no_v3,102.2,105.70714285714286,50.28904061619888,98.06449462923425,78.0997459050263
00-0041562,QB,2026,2.4592288564420954,0.3102938431039811,0.3102938431039811,8.757457367298061,False,4.611137031858732,3.142049632352941,2.834723271512851,0.1015393879466935,0.2766682219115239,30.34025902281714,,,,0.1457490808823529,15.982927389705882,,False,False,False,False,Fernando Mendoza,LV,rookie_rule,True,drafted,False,,2.0,backup,,rookie_path,17.0,9.941176470588236,0b8c9cb1-e3ed-4936-88ef-94b51df10e96,healthy17_qbroom_concentration_v1,1.0,not_applicable,1.0,False,2.0,17.0,no_data,2.0,rank_2,1.0,False,17.0,False,33.854801045689456,214.5498181545603,25.409147592119822,101.32508075439344,2025.0,LV,canonical_source_team_frame,False,94.0,0.8951126584202448,0.62,medium,2026-08-26,1,1,False,markdown_market_v1,41.80689055951562,10.403667331882744,144.54734441835922,41.80689055951562,41.80689055951562,False,incumbent,,,17.348135839927448,38.37720988521234,78.4950226388979
00-0039794,RB,2026,4.399060287924715,0.7560860607137609,0.7560860607137609,9.191774854076202,False,,5.052945291105381,,,,,0.0341145197430049,7.281920254992222,0.9584713690131283,0.1748701847324029,21.06016935632847,1.4970005226024024,False,False,True,True,Braelon Allen,NYJ,veteran_model,False,,False,ACT,2.0,committee,,curated,17.0,9.882441036861874,0b8c9cb1-e3ed-4936-88ef-94b51df10e96,healthy17_qbroom_concentration_v1,1.0,concentration_v1_full_board,1.0,False,2.0,17.0,,,,,,,,32.41879516501858,201.132721478803,27.47972793367314,119.35043810725364,2025.0,NYJ,canonical_source_team_frame,False,8.0,0.1369005174388971,0.7466666666666666,high,2026-08-26,1,2,False,markdown_market_v1,74.78402489472015,12.410410289308082,149.7273866621572,74.78402489472015,74.78402489472015,False,incumbent,171.3,68.23333333333333,21.949537010934048,55.44582673630428,74.78402489472015
00-0034827,WR,2026,7.24730078507454,2.095674446988377,2.095674446988377,8.05292771567277,False,,,,,,,0.1209507938148212,26.97191815549945,2.2719269893626586,,,3.54618782665633,False,False,False,False,DJ Moore,BUF,veteran_model,False,,True,ACT,2.0,starter,RWR,curated,17.0,13.601066276539909,0b8c9cb1-e3ed-4936-88ef-94b51df10e96,healthy17_qbroom_concentration_v1,1.0,not_applicable,1.0,False,1.0,17.0,,,,,,,,33.212884173930405,232.0006812309425,28.02188237819293,133.5452190763655,2025.0,BUF,canonical_source_team_frame,False,77.0,0.9612930694921532,0.7466666666666666,high,2026-08-26,1,2,False,markdown_market_v1,123.20411334626718,35.5099421108963,135.8193079192365,77.0072602686482,123.20411334626718,True,market_no_v3,48.8,143.77529411764704,106.37314726059272,100.49519622212132,77.0072602686482
00-0033526,RB,2026,4.551198817905169,0.7831469789578656,0.7831469789578656,9.262703553594568,False,,4.710584330841838,,,,,0.0220044520301168,7.3771575744589475,1.0789423479360063,0.1717296662029511,20.96420219015699,1.4002879949033158,False,False,False,False,Samaje Perine,CIN,veteran_model,False,,False,ACT,2.0,committee,,curated,17.0,11.6358886193981,0b8c9cb1-e3ed-4936-88ef-94b51df10e96,healthy17_qbroom_concentration_v1,1.0,concentration_v1_full_board,1.0,False,2.0,17.0,,,,,,,,35.76282862419232,238.6281952536197,25.12248933429627,107.39911528359622,2025.0,CIN,canonical_source_team_frame,False,,,0.0,none,2026-08-26,0,0,False,markdown_market_v1,77.37037990438787,13.386011932540724,158.14785298092795,77.37037990438787,77.37037990438787,False,incumbent,,,73.03514793849696,69.78751083216764,77.37037990438787
00-0040162,RB,2026,4.488024891757579,0.963657430972896,0.963657430972896,9.110757833678452,False,,4.18114101747726,,,,,0.0599883439570847,10.044861036560397,1.364171042252995,0.1325500010615934,16.564636891529865,1.5667522294799845,False,True,False,False,Dylan Sampson,CLE,veteran_model,False,,False,ACT,2.0,committee,,curated,17.0,11.071060043372984,0b8c9cb1-e3ed-4936-88ef-94b51df10e96,healthy17_qbroom_concentration_v1,1.0,concentration_v1_full_board,1.0,False,2.0,17.0,,,,,,,,33.82707987620956,210.09032913022048,26.55432348725456,109.36695682546336,2025.0,CLE,canonical_source_team_frame,False,78.0,1.0639991141645062,0.8333333333333333,high,2026-08-26,1,2,False,markdown_market_v1,76.29642315987884,16.479572095700213,154.3206208773287,76.29642315987884,76.29642315987884,False,incumbent,174.6,68.23333333333333,55.79869856880195,73.49011255342731,76.29642315987884
00-0039391,RB,2026,4.483509548102198,0.6820146717767369,0.6820146717767369,9.051433851721937,False,,5.476726256825837,,,,,0.0467463209446369,4.812557458088555,0.82886696045771,0.2029776007679499,20.7696996981631,1.1571561786872984,False,False,False,False,Kimani Vidal,LAC,veteran_model,True,,False,ACT,,deep_bench,,deep_bench_discounted,17.0,6.409490502728817,0b8c9cb1-e3ed-4936-88ef-94b51df10e96,healthy17_qbroom_concentration_v1,1.0,concentration_v1_full_board,1.0,False,2.0,17.0,,,,,,,,34.81239421539152,230.9924120352485,26.622477258704382,118.76948607670286,2025.0,LAC,canonical_source_team_frame,False,10.0,0.1805281096481435,0.75,medium,2026-08-26,1,1,False,markdown_market_v1,76.21966231773737,11.59568325913213,154.52059185177012,76.21966231773737,76.21966231773737,False,incumbent,,,30.948210729194884,36.93990590546967,76.21966231773737
00-0037252,TE,2026,4.061770025294821,2.4575892568796687,2.4575892568796687,6.850295904746948,False,,,,,,,0.2234116863084417,19.41582452982844,2.303841041894253,,,2.6810598727918125,False,True,False,False,Greg Dulcich,MIA,veteran_model,False,,False,ACT,1.0,starter,,curated,17.0,13.718981171524558,0b8c9cb1-e3ed-4936-88ef-94b51df10e96,healthy17_qbroom_concentration_v1,1.0,not_applicable,1.0,False,1.0,17.0,,,,,,,,32.36223621091209,214.6126867270503,26.74474106089619,118.31799054444193,2025.0,MIA,canonical_source_team_frame,False,77.0,0.5251972989635926,0.62,medium,2026-08-26,1,1,False,markdown_market_v1,69.05009043001195,37.372850722138445,103.41316925402816,69.05009043001195,69.05009043001195,False,incumbent,,,87.71553976157814,101.63586814861404,66.97615161539348
00-0040586,RB,2026,4.359291133009825,0.7159505965289015,0.7159505965289015,9.280986958780783,False,,4.819402167012864,,,,,0.0257030538157821,4.623777519945296,0.851039861347301,0.1196296025093483,26.009948105669903,1.0255303689833872,False,True,False,False,Jaydon Blue,DAL,veteran_model,False,,False,ACT,2.0,committee,,curated,17.0,9.350214780395394,0b8c9cb1-e3ed-4936-88ef-94b51df10e96,healthy17_qbroom_concentration_v1,1.0,concentration_v1_full_board,1.0,False,2.0,17.0,,,,,,,,34.85375341295928,250.071496061463,26.933211492050265,120.7564084896434,2025.0,DAL,canonical_source_team_frame,False,-94.0,-1.6607936493673554,0.7466666666666666,high,2026-08-26,1,2,False,markdown_market_v1,74.10794926116702,12.168682243515518,158.0530865500922,74.10794926116702,74.10794926116702,False,incumbent,167.0,68.23333333333333,18.29264077709211,61.58140885381178,74.10794926116702
00-0040170,WR,2026,3.72231714967696,1.8354996329543896,1.8354996329543896,7.82997535924194,False,,,,,,,0.1410104322023305,23.434372904361062,2.292815666078565,,,3.911416958009724,False,False,True,True,Elic Ayomanor,TEN,veteran_model,True,,False,ACT,,deep_bench,,deep_bench_discounted,17.0,6.187780638408773,0b8c9cb1-e3ed-4936-88ef-94b51df10e96,healthy17_qbroom_concentration_v1,1.0,not_applicable,1.0,False,5.0,17.0,,,,,,,,33.99714946554143,212.007639970746,25.993384614102037,108.23524626366611,2025.0,TEN,canonical_source_team_frame,False,-62.0,-0.4688528643819865,0.75,medium,2026-08-26,1,1,False,markdown_market_v1,63.27939154450832,26.78115598714737,114.27870471595328,63.27939154450832,63.27939154450832,False,incumbent,,,57.54679794789356,19.20405243275912,63.27939154450832
00-0034975,RB,2026,4.089124965139679,0.9310778528759662,0.9310778528759662,8.678469254089974,False,,3.566067775920251,,,,,0.0750755458603213,9.36497147129971,1.5630667595113985,0.1230149515770751,13.477515279196664,1.9045641541632228,False,False,False,False,Justice Hill,BAL,veteran_model,False,,False,ACT,2.0,committee,,curated,17.0,9.83864862478938,0b8c9cb1-e3ed-4936-88ef-94b51df10e96,healthy17_qbroom_concentration_v1,1.0,concentration_v1_full_board,1.0,False,2.0,17.0,,,,,,,,31.37799975249296,213.6518141922886,28.079230857805165,132.67231187281823,2025.0,BAL,canonical_source_team_frame,False,-97.0,-0.9999999999999998,0.3333333333333332,low,2026-08-26,0,1,False,markdown_market_v1,69.51512440737454,15.208394389987744,142.0808673135272,69.51512440737454,69.51512440737454,False,incumbent,174.2,68.23333333333333,33.85738271986558,56.90213469846413,69.51512440737454
00-0037263,RB,2026,4.152864153934207,0.6786828122564412,0.6786828122564412,8.459881321708604,False,,3.6014616586675148,,,,,0.0414694051277483,5.346202692016189,0.85964163957728,0.2210254879750262,17.04452734161288,1.0095930632634431,False,True,False,False,Tyler Allgeier,ARI,veteran_model,False,,True,ACT,2.0,committee,,curated,17.0,9.309778218505974,0b8c9cb1-e3ed-4936-88ef-94b51df10e96,healthy17_qbroom_concentration_v1,1.0,concentration_v1_full_board,1.0,False,2.0,17.0,,,,,,,,36.21537296296883,240.75211132429325,24.991541448852136,107.82682362857648,2025.0,ARI,canonical_source_team_frame,False,52.0,0.5743447692028953,0.8333333333333333,high,2026-08-26,1,2,False,markdown_market_v1,70.59869061688151,11.522555237498516,140.01508317317283,70.59869061688151,70.59869061688151,False,incumbent,154.6,80.05294117647058,28.763662684550912,37.522489402454895,70.59869061688151
00-0039342,WR,2026,4.049429283713289,1.7025856694589478,1.7025856694589478,7.678380801768963,False,,,,,,,0.1453570299226108,23.031769088988927,2.017988141563676,,,3.095644990901657,False,False,False,False,Xavier Legette,CAR,veteran_model,False,,False,ACT,2.0,starter,RWR,curated,17.0,13.663275027880662,0b8c9cb1-e3ed-4936-88ef-94b51df10e96,healthy17_qbroom_concentration_v1,1.0,not_applicable,1.0,False,3.0,17.0,,,,,,,,33.086654804365814,214.5319014599454,26.991967859866016,116.4978523275508,2025.0,CAR,canonical_source_team_frame,False,91.0,1.133855837496209,0.62,medium,2026-08-26,1,1,False,markdown_market_v1,68.84029782312592,28.12200649170705,126.1132654782276,68.84029782312592,68.84029782312592,False,incumbent,,,52.25859899227592,81.79762168986547,68.84029782312592
00-0037746,RB,2026,4.05734803675438,0.7093674316608398,0.7093674316608398,8.803163791310718,False,,6.037197916344438,,,,,0.0484054489526255,7.982991108324549,0.881298745531541,0.0972339044329164,20.227902546510883,1.115702782163689,False,True,False,False,Brian Robinson,ATL,veteran_model,False,,True,ACT,2.0,committee,,curated,17.0,11.882488531032331,0b8c9cb1-e3ed-4936-88ef-94b51df10e96,healthy17_qbroom_concentration_v1,1.0,concentration_v1_full_board,1.0,False,2.0,17.0,,,,,,,,33.11019223657139,223.68381617318363,27.583501535610957,121.08084842723764,2025.0,ATL,canonical_source_team_frame,False,-50.0,-0.5705456970128162,0.8333333333333333,high,2026-08-26,1,2,False,markdown_market_v1,68.97491662482446,11.892434338576903,146.60855163939013,68.97491662482446,68.97491662482446,False,incumbent,159.6,68.23333333333333,31.235853267334026,59.41889909876815,68.97491662482446
00-0038608,WR,2026,3.6726652621395037,1.6476574910299486,1.6476574910299486,7.601763093036016,False,,,,,,,0.1322315324515186,24.64859572203356,1.6988933671419593,,,2.328520769980206,False,False,False,False,Kayshon Boutte,NE,veteran_model,True,,False,ACT,,deep_bench,,deep_bench_discounted,17.0,4.54629511680513,0b8c9cb1-e3ed-4936-88ef-94b51df10e96,healthy17_qbroom_concentration_v1,1.0,not_applicable,1.0,False,3.0,17.0,,,,,,,,33.74543089702036,243.75247513831917,27.01222693387557,121.7111389498118,2025.0,NE,canonical_source_team_frame,False,-29.0,-0.2836420059485633,0.8333333333333333,high,2026-08-26,1,2,False,markdown_market_v1,62.43530945637156,24.82198309888312,115.9454258854822,62.43530945637156,62.43530945637156,False,incumbent,161.0,67.586,32.246764879793666,6.12400560565716,62.43530945637156
00-0039875,RB,2026,4.083558625570431,0.838900960458825,0.838900960458825,8.74635539176941,False,,4.630982474270319,,,,,0.0563078999612099,9.481432563825708,0.9815223087316782,0.0786601291951843,18.477716843692395,1.398540174041469,False,False,False,False,Ray Davis,BUF,veteran_model,True,,False,ACT,,deep_bench,,deep_bench_discounted,17.0,5.784990170605661,0b8c9cb1-e3ed-4936-88ef-94b51df10e96,healthy17_qbroom_concentration_v1,1.0,concentration_v1_full_board,1.0,False,2.0,17.0,,,,,,,,33.212884173930405,232.0006812309425,28.02188237819293,133.5452190763655,2025.0,BUF,canonical_source_team_frame,False,,,0.0,none,2026-08-26,0,0,False,markdown_market_v1,69.42049663469733,14.23702295512464,148.17595495955405,69.42049663469733,69.42049663469733,False,incumbent,,,26.28510219706894,18.52982946641721,69.42049663469733
00-0040311,WR,2026,3.6773764252556402,1.6378631321960166,1.6378631321960166,7.569288733657189,False,,,,,,,0.1514559902812716,24.83871715721412,1.3652268673911594,,,2.246487688740081,False,False,False,False,Theo Wease Jr.,MIA,veteran_model,True,,False,ACT,,deep_bench,,deep_bench_discounted,17.0,2.7359598684036293,0b8c9cb1-e3ed-4936-88ef-94b51df10e96,healthy17_qbroom_concentration_v1,1.0,not_applicable,1.0,False,7.0,17.0,,,,,,,,32.36223621091209,214.6126867270503,26.74474106089619,118.31799054444193,2025.0,MIA,canonical_source_team_frame,False,,,0.0,none,2026-08-26,0,0,False,markdown_market_v1,62.51539922934588,25.836755737656794,114.75364057106556,62.51539922934588,62.51539922934588,False,incumbent,,,37.533128969188354,0.0,62.51539922934588
00-0038621,WR,2026,3.5771496440773016,1.6123901202142137,1.6123901202142137,7.496980703476654,False,,,,,,,0.1145847029418999,24.32973008180452,1.7648636701844682,,,2.520832712596219,False,False,False,False,DeMario Douglas,NE,veteran_model,False,,False,ACT,3.0,starter,SWR,curated,17.0,10.5447685204676,0b8c9cb1-e3ed-4936-88ef-94b51df10e96,healthy17_qbroom_concentration_v1,1.0,not_applicable,1.0,False,5.0,17.0,,,,,,,,33.74543089702036,243.75247513831917,27.01222693387557,121.7111389498118,2025.0,NE,canonical_source_team_frame,False,,,0.0,none,2026-08-26,0,0,False,markdown_market_v1,60.81154394931413,24.294884088047088,114.32166037842477,60.81154394931413,60.81154394931413,False,incumbent,,,28.03636371727196,47.32354411954354,60.81154394931413
00-0039491,WR,2026,5.502827626415728,1.657159355728265,1.657159355728265,7.453194150105782,False,,,,,,,0.097773581736005,23.99494372314984,1.945981289644398,,,2.70365094212348,False,False,False,False,Jalen Coker,CAR,veteran_model,False,,False,ACT,3.0,starter,SWR,curated,17.0,13.32596253569217,0b8c9cb1-e3ed-4936-88ef-94b51df10e96,healthy17_qbroom_concentration_v1,1.0,not_applicable,1.0,False,2.0,17.0,,,,,,,,33.086654804365814,214.5319014599454,26.991967859866016,116.4978523275508,2025.0,CAR,canonical_source_team_frame,False,-4.0,-0.0429832814697865,0.7466666666666666,high,2026-08-26,1,2,False,markdown_market_v1,93.54806964906737,27.414203636603773,122.50778494941898,65.23481729431728,93.54806964906737,True,market_no_v3,117.5,97.74935483870968,90.11065449390549,78.20633601111032,65.23481729431728
00-0039874,RB,2026,3.8623570580004594,0.65559912337064,0.65559912337064,8.683998616852044,False,,6.051428533595285,,,,,0.0186969799926149,4.79537103891264,0.8066029607967299,0.1021319336009771,23.264780512403988,1.105780604046973,False,False,False,False,Jaylen Wright,MIA,veteran_model,False,,False,ACT,2.0,committee,,curated,17.0,9.207207554492228,0b8c9cb1-e3ed-4936-88ef-94b51df10e96,healthy17_qbroom_concentration_v1,1.0,concentration_v1_full_board,1.0,False,2.0,17.0,,,,,,,,32.36223621091209,214.6126867270503,26.74474106089619,118.31799054444193,2025.0,MIA,canonical_source_team_frame,False,64.0,0.59086854961637,0.62,medium,2026-08-26,1,1,False,markdown_market_v1,65.66006998600781,11.114132575630316,143.0900444579234,65.66006998600781,65.66006998600781,False,incumbent,,,43.90440079447195,42.8203479480043,65.66006998600781
00-0041032,TE,2026,3.7801462918657127,2.059177272862543,2.059177272862543,5.886296110700281,False,,,,,,,0.1375536270229964,21.461209214601748,1.8959505975065207,,,2.848281134130683,True,False,False,False,Kenyon Sadiq,NYJ,rookie_rule,True,drafted,False,,2.0,backup,,rookie_path,17.0,15.272727272727272,0b8c9cb1-e3ed-4936-88ef-94b51df10e96,healthy17_qbroom_concentration_v1,1.0,not_applicable,1.0,False,1.0,17.0,above_median,1.0,rank_1,0.5982811500144616,False,3.0,True,32.41879516501858,201.132721478803,27.47972793367314,119.35043810725364,2025.0,NYJ,canonical_source_team_frame,False,,,0.0,none,2026-08-26,0,0,False,markdown_market_v1,64.26248696171712,30.83066401273615,88.1458141895236,64.26248696171712,64.26248696171712,False,incumbent,,,114.4003934712822,72.00831781690863,58.69160846065432
00-0041040,WR,2026,3.522101285316506,0.5970481663405947,0.5970481663405947,8.464459255245977,False,,,,,,,0.1367731168183537,22.01995541472748,1.698341308609189,,,2.7875477352948703,False,False,False,False,Antonio Williams,WAS,rookie_rule,True,drafted,False,,,deep_bench,,deep_bench_discounted,17.0,7.888888888888889,0b8c9cb1-e3ed-4936-88ef-94b51df10e96,healthy17_qbroom_concentration_v1,1.0,not_applicable,1.0,False,2.0,17.0,above_median,,off_chart,1.0,False,9.0,False,32.67144533753111,214.92336904810367,27.29070180650144,124.16028766147345,2025.0,WAS,canonical_source_team_frame,False,-70.0,-0.715166951980795,0.8333333333333333,high,2026-08-26,1,2,False,markdown_market_v1,59.87572185038061,9.2444522076127,130.83272613073393,59.87572185038061,59.87572185038061,False,incumbent,177.7,55.46666666666667,53.08913421244056,33.368587411818424,59.87572185038061
00-0035537,RB,2026,3.8408685392803195,0.7513348916702122,0.7513348916702122,8.351947909799105,False,,2.8782813915792813,,,,,0.0478672374250926,9.769988987744776,0.9899817467841164,0.0952946544904067,15.217218886836015,1.6644388165969644,False,False,False,False,Ty Johnson,BUF,veteran_model,False,,False,ACT,2.0,committee,,curated,17.0,10.700873593203356,0b8c9cb1-e3ed-4936-88ef-94b51df10e96,healthy17_qbroom_concentration_v1,1.0,concentration_v1_full_board,1.0,False,3.0,17.0,,,,,,,,33.212884173930405,232.0006812309425,28.02188237819293,133.5452190763655,2025.0,BUF,canonical_source_team_frame,False,,,0.0,none,2026-08-26,0,0,False,markdown_market_v1,65.29476516776543,12.747367804111375,141.48991768024598,65.29476516776543,65.29476516776543,False,incumbent,,,37.861017751258686,51.030676034722624,65.29476516776543
00-0039146,WR,2026,5.4887067552448965,1.5909227567124151,1.5909227567124151,7.331276065113238,False,,,,,,,0.0882609461289352,23.243954779368423,1.9664945357004344,,,2.5656230940807663,False,False,False,False,Jayden Reed,GB,veteran_model,False,,False,ACT,3.0,starter,SWR,curated,17.0,12.521519841559012,0b8c9cb1-e3ed-4936-88ef-94b51df10e96,healthy17_qbroom_concentration_v1,1.0,not_applicable,1.0,False,2.0,17.0,,,,,,,,32.64024951982665,227.6640713446097,27.556451830260983,118.45985840964596,2025.0,GB,canonical_source_team_frame,False,-28.0,-0.245653346529695,0.8333333333333333,high,2026-08-26,1,2,False,markdown_market_v1,93.30801483916323,26.284893388661203,122.7404104934354,63.90715765377935,93.30801483916323,True,market_no_v3,91.2,119.39375,71.96514061666043,80.4697748898389,63.90715765377935
00-0034837,WR,2026,3.293367965701247,1.3822613539314244,1.3822613539314244,7.323347765760914,False,,,,,,,0.1248129256738852,22.33820078392938,1.6931649815441945,,,3.384814679830696,False,False,True,True,Calvin Ridley,TEN,veteran_model,False,,False,ACT,1.0,starter,LWR,curated,17.0,10.630961361902315,0b8c9cb1-e3ed-4936-88ef-94b51df10e96,healthy17_qbroom_concentration_v1,1.0,not_applicable,1.0,False,3.0,17.0,,,,,,,,33.99714946554143,212.007639970746,25.993384614102037,108.23524626366611,2025.0,TEN,canonical_source_team_frame,False,-88.0,-1.5614398075069174,0.8333333333333333,high,2026-08-26,1,2,False,markdown_market_v1,55.9872554169212,20.250991843892432,106.98656858836615,55.9872554169212,55.9872554169212,False,incumbent,137.2,97.74935483870968,50.19519566823808,41.30241543180803,55.9872554169212
00-0037291,WR,2026,3.862745182287145,1.3692304631921108,1.3692304631921108,7.3206547681798195,False,,,,,,,0.1778481420738235,19.2977511186671,1.659446322635201,,,2.842684505283412,False,False,False,False,Jalen Nailor,LV,veteran_model,False,,True,ACT,2.0,starter,RWR,curated,17.0,15.331251423519012,0b8c9cb1-e3ed-4936-88ef-94b51df10e96,healthy17_qbroom_concentration_v1,1.0,not_applicable,1.0,False,2.0,17.0,,,,,,,,33.854801045689456,214.5498181545603,25.409147592119822,101.32508075439344,2025.0,LV,canonical_source_team_frame,False,-95.0,-1.5639317365730074,0.7466666666666666,high,2026-08-26,1,2,False,markdown_market_v1,65.66666809888146,23.612178304173025,125.24065339744982,65.66666809888146,65.66666809888146,False,incumbent,144.5,87.1,48.12881739803704,100.18060442393038,65.66666809888146
00-0040705,WR,2026,3.266706695065391,1.4962450570668837,1.4962450570668837,7.300101140722943,False,,,,,,,0.095710374133375,21.101862168074952,2.243170073125257,,,3.1472245470179683,False,False,True,True,Chimere Dike,TEN,veteran_model,True,,False,ACT,,deep_bench,,deep_bench_discounted,17.0,7.722852276127942,0b8c9cb1-e3ed-4936-88ef-94b51df10e96,healthy17_qbroom_concentration_v1,1.0,not_applicable,1.0,False,4.0,17.0,,,,,,,,33.99714946554143,212.007639970746,25.993384614102037,108.23524626366611,2025.0,TEN,canonical_source_team_frame,False,-67.0,-0.5577617370307557,0.75,medium,2026-08-26,1,1,False,markdown_market_v1,55.534013816111646,21.794303952365503,106.5333269875566,55.534013816111646,55.534013816111646,False,incumbent,,,54.99311268805621,25.387911350795857,55.534013816111646
00-0036290,TE,2026,3.7459902950664907,2.0076494830275857,2.0076494830275857,6.216953807921657,False,,,,,,,0.0847445222823092,21.593177482052667,2.2656922261124133,,,3.194646409476887,False,False,False,False,Cole Kmet,CHI,veteran_model,False,,False,ACT,2.0,backup,,curated,17.0,15.378064642179858,0b8c9cb1-e3ed-4936-88ef-94b51df10e96,healthy17_qbroom_concentration_v1,1.0,not_applicable,1.0,False,2.0,17.0,,,,,,,,33.74412762295005,231.616563841159,27.71808021893144,128.0128941200731,2025.0,CHI,canonical_source_team_frame,False,-1.0,-0.0030330398724042,0.75,medium,2026-08-26,1,1,False,markdown_market_v1,63.68183501613034,33.49785569376854,104.9258204654488,63.68183501613034,63.68183501613034,False,incumbent,,,61.69664234700548,83.07718991509023,63.902411979366434
00-0041042,WR,2026,3.3216884261452404,0.5804539497546125,0.5804539497546125,8.227755736594656,False,,,,,,,0.1328838912731006,21.40596786425608,1.6515003064051856,,,2.711040195260818,False,False,False,False,Malachi Fields,NYG,rookie_rule,True,drafted,False,,,deep_bench,,deep_bench_discounted,17.0,7.888888888888889,0b8c9cb1-e3ed-4936-88ef-94b51df10e96,healthy17_qbroom_concentration_v1,1.0,not_applicable,1.0,False,5.0,17.0,below_median,,off_chart,1.0,False,9.0,False,33.24864013753459,223.72476972874463,27.99474579779997,122.73497314685248,2025.0,NYG,canonical_source_team_frame,False,21.0,0.3619209984351434,0.75,medium,2026-08-26,1,1,False,markdown_market_v1,56.46870324446909,8.659472893608566,123.61791550080012,56.46870324446909,56.46870324446909,False,incumbent,,,32.025529123038886,28.90990524573612,56.46870324446909
00-0040021,RB,2026,3.748935088146703,0.5104307644806192,0.5104307644806192,8.168181801507671,False,,3.117646737587845,,,,,0.0211900657449103,6.7206207161588924,1.1202221035981743,0.1502944307587928,14.969667019386243,1.3487640879369478,False,True,False,False,Phil Mafah,DAL,veteran_model,True,,False,ACT,,deep_bench,,deep_bench_discounted,17.0,2.4493449553095687,0b8c9cb1-e3ed-4936-88ef-94b51df10e96,healthy17_qbroom_concentration_v1,1.0,concentration_v1_full_board,1.0,False,4.0,17.0,,,,,,,,34.85375341295928,250.071496061463,26.933211492050265,120.7564084896434,2025.0,DAL,canonical_source_team_frame,False,30.0,0.2856645902432133,0.62,medium,2026-08-26,1,1,False,markdown_market_v1,63.73189649849395,8.63951888702036,139.00765376954848,63.73189649849395,63.73189649849395,False,incumbent,,,35.60796752993044,0.0,63.73189649849395
00-0033881,TE,2026,3.7664579277562247,1.7972192569512817,1.7972192569512817,6.160766307246989,False,,,,,,,0.1472840541795102,18.78420006852864,1.9646383247014745,,,2.640889015003082,False,False,False,False,Evan Engram,DEN,veteran_model,False,,False,ACT,2.0,backup,,curated,17.0,14.372695996772912,0b8c9cb1-e3ed-4936-88ef-94b51df10e96,healthy17_qbroom_concentration_v1,1.0,not_applicable,1.0,False,1.0,17.0,,,,,,,,34.86796196556067,230.0636551213692,26.57618138477283,117.91787351632536,2025.0,DEN,canonical_source_team_frame,False,-9.0,-0.0169622834818035,0.75,medium,2026-08-26,1,1,False,markdown_market_v1,64.02978477185582,29.535761241525005,103.13594960328584,64.02978477185582,64.02978477185582,False,incumbent,,,77.87036831466573,84.09088644969641,62.49194215598804
00-0041483,TE,2026,3.546975198591456,0.3571259674634244,0.3571259674634244,8.102413485214969,False,,,,,,,0.1235592964099751,20.68959522401573,1.8406989424128648,,,2.7582170656437714,False,False,False,False,Eli Stowers,PHI,rookie_rule,True,drafted,False,,,deep_bench,,deep_bench_discounted,17.0,12.465116279069768,0b8c9cb1-e3ed-4936-88ef-94b51df10e96,healthy17_qbroom_concentration_v1,1.0,not_applicable,1.0,False,2.0,17.0,above_median,,off_chart,1.0,False,4.0,True,32.806418334792035,217.8630465484892,27.532262539569395,119.01828343531058,2025.0,PHI,canonical_source_team_frame,False,-61.0,-0.5805814259628576,0.75,medium,2026-08-26,1,1,False,markdown_market_v1,60.29857837605475,5.566682624292092,127.34646774695926,60.29857837605475,60.29857837605475,False,incumbent,,,75.29726050859625,56.133956182194936,58.63205813910569
00-0038619,WR,2026,3.702398062103351,1.2464175609859738,1.2464175609859738,7.161860072818561,False,,,,,,,0.1211810683514161,21.2246426128014,1.636483517754712,,,2.426609790617559,False,False,False,False,Andrei Iosivas,CIN,veteran_model,False,,False,ACT,3.0,starter,SWR,curated,17.0,14.211418760764204,0b8c9cb1-e3ed-4936-88ef-94b51df10e96,healthy17_qbroom_concentration_v1,1.0,not_applicable,1.0,False,3.0,17.0,,,,,,,,35.76282862419232,238.6281952536197,25.12248933429627,107.39911528359622,2025.0,CIN,canonical_source_team_frame,False,-79.0,-0.9904812730288228,0.75,medium,2026-08-26,1,1,False,markdown_market_v1,62.940767055756965,21.30867926323777,123.07587090240258,62.940767055756965,62.940767055756965,False,incumbent,,,42.65294191125287,71.09044593656745,62.940767055756965
00-0038104,WR,2026,3.6278446210113073,1.2132477035525762,1.2132477035525762,7.14752738994668,False,,,,,,,0.1531482998758804,20.30961970645128,1.4072159549874017,,,2.4953139030124847,False,False,False,False,Tyquan Thornton,KC,veteran_model,False,,False,ACT,2.0,starter,RWR,curated,17.0,13.291352690279444,0b8c9cb1-e3ed-4936-88ef-94b51df10e96,healthy17_qbroom_concentration_v1,1.0,not_applicable,1.0,False,3.0,17.0,,,,,,,,35.16321475705483,230.551485538654,25.943035799993208,113.16190955700952,2025.0,KC,canonical_source_team_frame,False,,,0.0,none,2026-08-26,0,0,False,markdown_market_v1,61.67335855719222,20.362405515912496,120.90961652027124,61.67335855719222,61.67335855719222,False,incumbent,,,24.896887674132003,70.12181146866908,61.67335855719222
00-0039880,WR,2026,3.3083655232017177,1.2186706074276763,1.2186706074276763,7.13397210494661,False,,,,,,,0.1190982927281625,20.161853179509794,1.818258776148172,,,2.5330084354026474,False,False,False,False,Malik Washington,MIA,veteran_model,False,,False,ACT,3.0,starter,SWR,curated,17.0,14.241534080230918,0b8c9cb1-e3ed-4936-88ef-94b51df10e96,healthy17_qbroom_concentration_v1,1.0,not_applicable,1.0,False,1.0,17.0,,,,,,,,32.36223621091209,214.6126867270503,26.74474106089619,118.31799054444193,2025.0,MIA,canonical_source_team_frame,False,-54.0,-0.4167196389990131,0.7466666666666666,high,2026-08-26,1,2,False,markdown_market_v1,56.2422138944292,19.65870325806279,108.48045523614888,56.2422138944292,56.2422138944292,False,incumbent,148.5,87.1,101.53034000063715,85.98103648291765,56.2422138944292
00-0036550,WR,2026,3.2863247824554813,1.1424292083798948,1.1424292083798948,7.092588483700691,False,,,,,,,0.1728626929556467,17.40927033800759,1.6408352992269668,,,2.732278852886888,False,False,False,False,Rashod Bateman,BAL,veteran_model,False,,False,ACT,1.0,starter,LWR,curated,17.0,14.512660318433737,0b8c9cb1-e3ed-4936-88ef-94b51df10e96,healthy17_qbroom_concentration_v1,1.0,not_applicable,1.0,False,2.0,17.0,,,,,,,,31.37799975249296,213.6518141922886,28.079230857805165,132.67231187281823,2025.0,BAL,canonical_source_team_frame,False,-93.0,-1.721581066033573,0.8333333333333333,high,2026-08-26,1,2,False,markdown_market_v1,55.86752130174318,17.85932412457702,109.71323132934592,55.86752130174318,55.86752130174318,False,incumbent,133.6,97.74935483870968,102.82915836183034,71.21851278406689,55.86752130174318
00-0041044,WR,2026,3.40490133466758,0.5542374461624261,0.5542374461624261,7.853797820904464,False,,,,,,,0.1267394677054295,20.43595480343532,1.5774981806537207,,,2.590169156381741,False,False,False,False,Zachariah Branch,ATL,rookie_rule,True,drafted,False,,,deep_bench,,deep_bench_discounted,17.0,7.888888888888889,0b8c9cb1-e3ed-4936-88ef-94b51df10e96,healthy17_qbroom_concentration_v1,1.0,not_applicable,1.0,False,4.0,17.0,above_median,,off_chart,1.0,False,9.0,False,33.11019223657139,223.68381617318363,27.583501535610957,121.08084842723764,2025.0,ATL,canonical_source_team_frame,False,-68.0,-0.5616687284748771,0.75,medium,2026-08-26,1,1,False,markdown_market_v1,57.88332268934886,9.024751877591026,126.26289661053144,57.88332268934886,57.88332268934886,False,incumbent,,,34.517853664417395,25.359335789226822,57.88332268934886
00-0040584,TE,2026,3.030960104403122,1.6439496853782327,1.6439496853782327,5.914539353035664,False,,,,,,,0.095365227151919,18.47653450313781,2.156743453688083,,,2.9679451251631663,False,False,True,True,Gunnar Helm,TEN,veteran_model,False,,False,ACT,1.0,starter,,curated,17.0,15.20489027026517,0b8c9cb1-e3ed-4936-88ef-94b51df10e96,healthy17_qbroom_concentration_v1,1.0,not_applicable,1.0,False,1.0,17.0,,,,,,,,33.99714946554143,212.007639970746,25.993384614102037,108.23524626366611,2025.0,TEN,canonical_source_team_frame,False,-69.0,-0.7085534193013707,0.75,medium,2026-08-26,1,1,False,markdown_market_v1,51.52632177485307,23.97955521781178,86.26940508240004,51.52632177485307,51.52632177485307,False,incumbent,,,56.282635288319234,64.52963581861482,50.99784249557906
00-0037666,WR,2026,3.116840655343167,1.032523624906422,1.032523624906422,6.982498859502886,False,,,,,,,0.1597061587248072,17.111304117874656,1.6381277056280177,,,2.644511932307572,False,False,False,False,Jalen Tolbert,MIA,veteran_model,False,,True,ACT,1.0,starter,LWR,curated,17.0,12.77679016042312,0b8c9cb1-e3ed-4936-88ef-94b51df10e96,healthy17_qbroom_concentration_v1,1.0,not_applicable,1.0,False,2.0,17.0,,,,,,,,32.36223621091209,214.6126867270503,26.74474106089619,118.31799054444193,2025.0,MIA,canonical_source_team_frame,False,-82.0,-0.9139341092115908,0.62,medium,2026-08-26,1,1,False,markdown_market_v1,52.98629114083384,16.005082329476124,105.22453248255351,52.98629114083384,52.98629114083384,False,incumbent,,,44.36564584478699,72.46675575709729,52.98629114083384
00-0038454,RB,2026,3.4805580264066323,0.4718169661344218,0.4718169661344218,7.975507385233404,False,,3.825633876775546,,,,,0.0156386181253201,4.539875972091472,0.7283122166166811,0.1144264945210233,18.85147107761382,0.9954219435141392,False,True,False,False,Keaton Mitchell,LAC,veteran_model,False,,True,ACT,2.0,committee,,curated,17.0,7.473491046148785,0b8c9cb1-e3ed-4936-88ef-94b51df10e96,healthy17_qbroom_concentration_v1,1.0,concentration_v1_full_board,1.0,False,3.0,17.0,,,,,,,,34.81239421539152,230.9924120352485,26.622477258704382,118.76948607670286,2025.0,LAC,canonical_source_team_frame,False,16.0,0.2149899508134311,0.8333333333333333,high,2026-08-26,1,2,False,markdown_market_v1,59.16948644891275,8.021010446056072,135.96412708117484,59.16948644891275,59.16948644891275,False,incumbent,154.1,80.05294117647058,22.24091502653675,32.803498025446075,59.16948644891275
00-0033555,WR,2026,3.0918515899528214,1.1759880490391632,1.1759880490391632,6.952563171942226,False,,,,,,,0.0987543726017611,20.79411245848329,1.5731160958615236,,,2.6113737853152728,False,False,False,False,Mack Hollins,NE,veteran_model,True,,False,ACT,,deep_bench,,deep_bench_discounted,17.0,3.86374215280288,0b8c9cb1-e3ed-4936-88ef-94b51df10e96,healthy17_qbroom_concentration_v1,1.0,not_applicable,1.0,False,4.0,17.0,,,,,,,,33.74543089702036,243.75247513831917,27.01222693387557,121.7111389498118,2025.0,NE,canonical_source_team_frame,False,,,0.0,none,2026-08-26,0,0,False,markdown_market_v1,52.56147702919797,17.74820095247363,106.07159345830864,52.56147702919797,52.56147702919797,False,incumbent,,,57.899727444296246,4.305908863089583,52.56147702919797
00-0040870,WR,2026,3.170593025679357,0.5304737045903611,0.5304737045903611,7.5165979629571185,False,,,,,,,0.121277564413499,19.559110277050326,1.509975218088092,,,2.479418290641543,False,False,False,False,Ja'Kobi Lane,BAL,rookie_rule,True,drafted,False,,,deep_bench,,deep_bench_discounted,17.0,7.888888888888889,0b8c9cb1-e3ed-4936-88ef-94b51df10e96,healthy17_qbroom_concentration_v1,1.0,not_applicable,1.0,False,4.0,17.0,above_median,,off_chart,0.9659136108820338,False,9.0,False,31.37799975249296,213.6518141922886,28.079230857805165,132.67231187281823,2025.0,BAL,canonical_source_team_frame,False,16.0,0.2250528051567791,0.8333333333333333,high,2026-08-26,1,2,False,markdown_market_v1,53.90008143654907,8.543385651710889,117.1734570975483,53.90008143654907,53.90008143654907,False,incumbent,169.9,55.46666666666667,47.77906159446559,28.457827007763584,53.90008143654907
00-0038618,WR,2026,3.3142531644735054,1.1422688214093797,1.1422688214093797,6.926917891558805,False,,,,,,,0.0993901298104121,20.186194030836084,1.635780134120309,,,2.329409053860224,False,False,False,False,Xavier Hutchinson,HOU,veteran_model,True,,False,ACT,,deep_bench,,deep_bench_discounted,17.0,4.665325651124568,0b8c9cb1-e3ed-4936-88ef-94b51df10e96,healthy17_qbroom_concentration_v1,1.0,not_applicable,1.0,False,4.0,17.0,,,,,,,,34.32483042096658,230.71531420889468,27.03402673302534,113.94163263281224,2025.0,HOU,canonical_source_team_frame,False,22.0,0.3849871018778189,0.75,medium,2026-08-26,1,1,False,markdown_market_v1,56.34230379604959,18.65807872840566,113.9762081614406,56.34230379604959,56.34230379604959,False,incumbent,,,82.05252719103798,9.082813278519769,56.34230379604959
00-0041048,WR,2026,3.1476699341967938,0.5296303598102773,0.5296303598102773,7.502796983164958,False,,,,,,,0.1209722470391723,19.525490329544056,1.508039006122468,,,2.476718326422178,False,False,False,False,Ted Hurst III,TB,rookie_rule,True,drafted,False,,,deep_bench,,deep_bench_discounted,17.0,7.888888888888889,0b8c9cb1-e3ed-4936-88ef-94b51df10e96,healthy17_qbroom_concentration_v1,1.0,not_applicable,1.0,False,4.0,17.0,no_data,,off_chart,1.0,False,9.0,False,33.55035103578723,223.7141596661014,27.73776146084954,117.79149136744992,2025.0,TB,canonical_source_team_frame,False,19.0,0.3091337477283801,0.75,medium,2026-08-26,1,1,False,markdown_market_v1,53.51038888134549,8.229279140069078,117.07110980824362,53.51038888134549,53.51038888134549,False,incumbent,,,36.00136521642223,27.482728725768,53.51038888134549
00-0038555,RB,2026,3.373632118635985,0.4800478408082734,0.4800478408082734,8.13026218872841,False,,4.897975670902489,,,,,0.0195642425358426,3.344477543578196,0.5894118269786612,0.1057855889831349,20.500958317685026,0.8350041495841746,False,False,False,False,Tank Bigsby,PHI,veteran_model,False,,False,ACT,2.0,committee,,curated,17.0,9.588039489869692,0b8c9cb1-e3ed-4936-88ef-94b51df10e96,healthy17_qbroom_concentration_v1,1.0,concentration_v1_full_board,1.0,False,2.0,17.0,,,,,,,,32.806418334792035,217.8630465484892,27.532262539569395,119.01828343531058,2025.0,PHI,canonical_source_team_frame,False,-72.0,-0.9114858446877848,0.8333333333333333,high,2026-08-26,1,2,False,markdown_market_v1,57.35174601681175,8.160813293740649,134.998391295036,57.35174601681175,57.35174601681175,False,incumbent,152.8,80.05294117647058,54.077297192892345,35.77224283060946,57.35174601681175
00-0038393,WR,2026,3.1710061084271053,0.975542958727038,0.975542958727038,6.920956058747931,False,,,,,,,0.1263181968916462,18.57006103164664,1.623946263361643,,,2.396557137228559,False,False,False,False,Dontayvion Wicks,PHI,veteran_model,False,,True,ACT,2.0,starter,RWR,curated,17.0,12.833653166879149,0b8c9cb1-e3ed-4936-88ef-94b51df10e96,healthy17_qbroom_concentration_v1,1.0,not_applicable,1.0,False,3.0,17.0,,,,,,,,32.806418334792035,217.8630465484892,27.532262539569395,119.01828343531058,2025.0,PHI,canonical_source_team_frame,False,62.0,0.8424825149797025,0.8333333333333333,high,2026-08-26,1,2,False,markdown_market_v1,53.90710384326079,15.20656314780645,109.1426255009878,53.90710384326079,53.90710384326079,False,incumbent,173.1,55.46666666666667,62.88401717610324,49.617613475809065,53.90710384326079
00-0035250,RB,2026,3.2388857903351633,0.2487060755821001,0.2487060755821001,7.659717848243073,False,,4.438828434055053,,,,,0.0154493997356435,6.286324977629247,0.86650119471035,0.1547494837619241,12.981363232593557,1.0260657844900198,False,True,True,True,Devin Singletary,NYG,veteran_model,True,,False,ACT,,deep_bench,,deep_bench_discounted,17.0,5.7531078579246655,0b8c9cb1-e3ed-4936-88ef-94b51df10e96,healthy17_qbroom_concentration_v1,1.0,concentration_v1_full_board,1.0,False,3.0,17.0,,,,,,,,33.24864013753459,223.72476972874463,27.99474579779997,122.73497314685248,2025.0,NYG,canonical_source_team_frame,False,18.0,0.2411217600960514,0.75,medium,2026-08-26,1,1,False,markdown_market_v1,55.061058435697774,4.180102056810655,124.15151707167212,55.061058435697774,55.061058435697774,False,incumbent,,,43.02015871473651,12.92830042132176,55.061058435697774
00-0033921,WR,2026,6.683983723852171,1.1814514932324522,1.1814514932324522,6.850517645715998,False,,,,,,,0.0764555371775579,19.17814284974181,1.9598049902478007,,,2.7402509588751065,False,False,False,False,Chris Godwin Jr.,TB,veteran_model,False,,False,ACT,3.0,starter,SWR,curated,17.0,13.146187604724195,0b8c9cb1-e3ed-4936-88ef-94b51df10e96,healthy17_qbroom_concentration_v1,1.0,not_applicable,1.0,False,2.0,17.0,,,,,,,,33.55035103578723,223.7141596661014,27.73776146084954,117.79149136744992,2025.0,TB,canonical_source_team_frame,False,56.0,0.7349043858472075,0.8333333333333333,high,2026-08-26,1,2,False,markdown_market_v1,113.6277233054869,18.29561384319288,106.78160381832704,52.20520698884948,113.6277233054869,True,market_no_v3,77.0,141.43684210526317,90.87480792385176,59.45914471062771,52.20520698884948
00-0041037,WR,2026,3.3070503267132487,0.5152704838650775,0.5152704838650775,7.31794997281909,False,,,,,,,0.1188213949803752,19.021433923487148,1.4624917699338098,,,2.397105254261353,False,False,False,False,Denzel Boston,CLE,rookie_rule,True,drafted,False,,1.0,starter,,rookie_path,17.0,13.830188679245284,0b8c9cb1-e3ed-4936-88ef-94b51df10e96,healthy17_qbroom_concentration_v1,1.0,not_applicable,1.0,False,3.0,17.0,below_median,2.0,rank_2,0.6154126395006377,False,53.0,False,33.82707987620956,210.09032913022048,26.55432348725456,109.36695682546336,2025.0,CLE,canonical_source_team_frame,False,50.0,0.6849181531761986,0.8333333333333333,high,2026-08-26,1,2,False,markdown_market_v1,56.21985555412523,8.783390219244177,122.54313521437186,56.21985555412523,56.21985555412523,False,incumbent,140.3,97.74935483870968,62.74810567069058,73.86647580054422,56.21985555412523
00-0040179,RB,2026,3.503581281832576,0.4695707580574785,0.4695707580574785,8.033484123195574,False,,3.638873029452412,,,,,0.0256576609539169,4.143312993242386,0.7442914895219571,0.064022297309784,20.06953505503267,1.040072530237411,False,False,False,False,DJ Giddens,IND,veteran_model,False,,False,ACT,2.0,committee,,curated,17.0,9.46017387025785,0b8c9cb1-e3ed-4936-88ef-94b51df10e96,healthy17_qbroom_concentration_v1,1.0,concentration_v1_full_board,1.0,False,2.0,17.0,,,,,,,,33.82190844602341,234.02468664293764,26.51465853299865,117.43030699843813,2025.0,IND,canonical_source_team_frame,False,-92.0,-1.377165738439108,0.62,medium,2026-08-26,1,1,False,markdown_market_v1,59.56088179115379,8.027351415428727,145.25983165024235,59.56088179115379,59.56088179115379,False,incumbent,,,7.456718149554453,36.95690531279776,59.56088179115379
00-0040237,WR,2026,3.028658500447238,1.0057608070066566,1.0057608070066566,6.797948932567667,False,,,,,,,0.1021226845718664,19.384015351486163,1.5054872948705669,,,2.3074330594396897,False,False,False,False,Tez Johnson,TB,veteran_model,True,,False,ACT,,deep_bench,,deep_bench_discounted,17.0,3.9393260886291417,0b8c9cb1-e3ed-4936-88ef-94b51df10e96,healthy17_qbroom_concentration_v1,1.0,not_applicable,1.0,False,5.0,17.0,,,,,,,,33.55035103578723,223.7141596661014,27.73776146084954,117.79149136744992,2025.0,TB,canonical_source_team_frame,False,26.0,0.4548577779323958,0.75,medium,2026-08-26,1,1,False,markdown_market_v1,51.48719450760304,15.622054393692888,106.0635913370806,51.48719450760304,51.48719450760304,False,incumbent,,,22.159459552379012,5.151741310423075,51.48719450760304
00-0040177,RB,2026,3.3550456386269736,0.294120274747096,0.294120274747096,7.654342916418139,False,,3.4572846434633724,,,,,0.0727985594917749,4.552343912875584,0.7292169069212053,0.0975505501478039,14.588104287722851,1.0911073872732575,False,False,False,False,Jordan James,SF,veteran_model,False,,False,ACT,2.0,committee,,curated,17.0,11.542807395149609,0b8c9cb1-e3ed-4936-88ef-94b51df10e96,healthy17_qbroom_concentration_v1,1.0,concentration_v1_full_board,1.0,False,2.0,17.0,,,,,,,,34.25083482490253,240.1256936965456,26.958300492590134,112.8835201485632,2025.0,SF,canonical_source_team_frame,False,-70.0,-0.7352685182020395,0.7466666666666666,high,2026-08-26,1,2,False,markdown_market_v1,57.03577585665855,5.003794797049576,132.1661783402705,57.03577585665855,57.03577585665855,False,incumbent,166.8,68.23333333333333,4.110092554751683,43.98459152934355,57.03577585665855
00-0041558,TE,2026,3.0397479827699763,0.3046524498516701,0.3046524498516701,7.149399087096905,False,,,,,,,0.1235592964099751,17.63021790020923,1.5730265467766458,,,2.354670963130812,False,False,False,False,Sam Roush,CHI,rookie_rule,True,drafted,False,,,deep_bench,,deep_bench_discounted,17.0,12.465116279069768,0b8c9cb1-e3ed-4936-88ef-94b51df10e96,healthy17_qbroom_concentration_v1,1.0,not_applicable,1.0,False,3.0,17.0,above_median,,off_chart,1.0,False,4.0,True,33.74412762295005,231.616563841159,27.71808021893144,128.0128941200731,2025.0,CHI,canonical_source_team_frame,False,25.0,0.1063092795348366,0.75,medium,2026-08-26,1,1,False,markdown_market_v1,51.675715707089594,5.083232541538809,120.84723927565642,51.675715707089594,51.675715707089594,False,incumbent,,,16.172542444696102,53.30592796923593,55.62051273624442
00-0040782,WR,2026,3.244784513851205,1.033971001279943,1.033971001279943,6.77767024219636,False,,,,,,,0.0981897834210324,21.248210464674308,1.1392857053003291,,,2.30913897812719,False,False,False,False,Isaiah Bond,CLE,veteran_model,True,,False,ACT,,deep_bench,,deep_bench_discounted,17.0,5.349445803621615,0b8c9cb1-e3ed-4936-88ef-94b51df10e96,healthy17_qbroom_concentration_v1,1.0,not_applicable,1.0,False,5.0,17.0,,,,,,,,33.82707987620956,210.09032913022048,26.55432348725456,109.36695682546336,2025.0,CLE,canonical_source_team_frame,False,24.0,0.4216763875748693,0.75,medium,2026-08-26,1,1,False,markdown_market_v1,55.161336735470485,17.51793158933239,113.35779473230951,55.161336735470485,55.161336735470485,False,incumbent,,,18.19630610999068,14.191481363789128,55.161336735470485
00-0041051,WR,2026,3.2596333574876146,0.5064464653861881,0.5064464653861881,7.1720968649768935,False,,,,,,,0.1155385832102462,18.667684088792768,1.4425971189330768,,,2.3698291146533865,False,False,False,False,Zavion Thomas,CHI,rookie_rule,True,drafted,False,,,deep_bench,,deep_bench_discounted,17.0,7.888888888888889,0b8c9cb1-e3ed-4936-88ef-94b51df10e96,healthy17_qbroom_concentration_v1,1.0,not_applicable,1.0,False,4.0,17.0,above_median,,off_chart,1.0,False,9.0,False,33.74412762295005,231.616563841159,27.71808021893144,128.0128941200731,2025.0,CHI,canonical_source_team_frame,False,19.0,0.3091337477283801,0.75,medium,2026-08-26,1,1,False,markdown_market_v1,55.41376707728945,8.449973204541859,121.4084276611379,55.41376707728945,55.41376707728945,False,incumbent,,,27.34251069534133,29.244002891996782,55.41376707728945
00-0033908,WR,2026,3.235938827073802,0.9745491374815118,0.9745491374815118,6.764682496692732,False,,,,,,,0.1000212473070808,18.401099371662564,1.6607548662628444,,,2.3558022944641643,False,False,False,False,Cooper Kupp,SEA,veteran_model,False,,False,ACT,3.0,starter,SWR,curated,17.0,13.78652337625491,0b8c9cb1-e3ed-4936-88ef-94b51df10e96,healthy17_qbroom_concentration_v1,1.0,not_applicable,1.0,False,3.0,17.0,,,,,,,,32.23055547607071,233.1588091163081,27.961458857752422,119.77956467483948,2025.0,SEA,canonical_source_team_frame,False,-26.0,-0.2402964975521638,0.8333333333333333,high,2026-08-26,1,2,False,markdown_market_v1,55.01096006025463,15.855695740803302,115.33650158111554,55.01096006025463,55.01096006025463,False,incumbent,155.3,67.586,61.94392623650264,53.232579599249576,55.01096006025463
00-0039164,QB,2026,1.2452800326257571,-0.2995076172590452,0.0,8.450551262243913,True,3.4061938981907014,3.124051468289021,1.920056795881042,0.0321136077021518,0.102185816945721,14.6400118616998,,,,0.0117503089511639,22.68651952969708,,False,False,False,False,Anthony Richardson,IND,veteran_model,True,,False,ACT,,deep_bench,,deep_bench_discounted,17.0,2.237545838991807,0b8c9cb1-e3ed-4936-88ef-94b51df10e96,healthy17_qbroom_concentration_v1,1.0,not_applicable,1.0,False,2.0,17.0,,,,,,,,33.82190844602341,234.02468664293764,26.51465853299865,117.43030699843813,2025.0,IND,canonical_source_team_frame,False,-22.0,-0.2497988261238261,0.62,medium,2026-08-26,1,1,False,markdown_market_v1,21.16976055463787,3.0936243875383305,122.01611165929928,21.16976055463787,21.16976055463787,False,incumbent,,,0.0,1.693650170575535,52.924401386594674
00-0032268,QB,2026,1.423775416829085,-1.0384601402808358,0.0,10.330733793020132,True,5.842646040324127,1.139157353659075,4.036864414055417,0.1826251442086696,0.3090226340168364,42.47223440225275,,,,0.0388328239917269,4.479563809192626,,False,False,False,False,Marcus Mariota,WAS,veteran_model,False,,False,ACT,2.0,backup,,curated,17.0,6.6374016997309,0b8c9cb1-e3ed-4936-88ef-94b51df10e96,healthy17_qbroom_concentration_v1,1.0,not_applicable,1.0,False,2.0,17.0,,,,,,,,32.67144533753111,214.92336904810367,27.29070180650144,124.16028766147345,2025.0,WAS,canonical_source_team_frame,False,,,0.0,none,2026-08-26,0,0,False,markdown_market_v1,24.204182086094445,0.0057687327820351,173.15829587997453,24.204182086094445,24.204182086094445,False,incumbent,,,0.0,7.881760491756275,60.51045521523611
00-0035662,WR,2026,2.996561742625655,1.0092842426977071,1.0092842426977071,6.7393590300615145,False,,,,,,,0.0908732136697604,19.07707724094113,1.5846887627925423,,,2.606643344260761,False,False,False,False,Marquise Brown,PHI,veteran_model,True,,True,ACT,,deep_bench,,deep_bench_discounted,17.0,4.680646227035092,0b8c9cb1-e3ed-4936-88ef-94b51df10e96,healthy17_qbroom_concentration_v1,1.0,not_applicable,1.0,False,4.0,17.0,,,,,,,,32.806418334792035,217.8630465484892,27.532262539569395,119.01828343531058,2025.0,PHI,canonical_source_team_frame,False,,,0.0,none,2026-08-26,0,0,False,markdown_market_v1,50.94154962463613,15.73341823773672,106.17707128236316,50.94154962463613,50.94154962463613,False,incumbent,,,41.71247548152782,6.510479164218449,50.94154962463613
00-0040138,WR,2026,3.1036989756240096,0.9616228712468684,0.9616228712468684,6.706883780786313,False,,,,,,,0.0909186558152864,17.65256890249399,1.8040946261852533,,,2.525081433688838,False,False,False,False,Jaylin Noel,HOU,veteran_model,False,,False,ACT,3.0,starter,SWR,curated,17.0,14.351063184018397,0b8c9cb1-e3ed-4936-88ef-94b51df10e96,healthy17_qbroom_concentration_v1,1.0,not_applicable,1.0,False,3.0,17.0,,,,,,,,34.32483042096658,230.71531420889468,27.03402673302534,113.94163263281224,2025.0,HOU,canonical_source_team_frame,False,-12.0,-0.122964756216094,0.75,medium,2026-08-26,1,1,False,markdown_market_v1,52.76288258560817,15.74505963097546,110.39678695099916,52.76288258560817,52.76288258560817,False,incumbent,,,22.55002343110553,60.53554062852464,52.76288258560817
00-0039410,WR,2026,3.2024937743653124,0.9658601896143696,0.9658601896143696,6.701543053996414,False,,,,,,,0.0927338886396521,18.995972297951877,1.5029496996214882,,,2.268250017603423,False,False,False,False,Ryan Flournoy,DAL,veteran_model,False,,False,ACT,3.0,starter,SWR,curated,17.0,14.04816719935227,0b8c9cb1-e3ed-4936-88ef-94b51df10e96,healthy17_qbroom_concentration_v1,1.0,not_applicable,1.0,False,3.0,17.0,,,,,,,,34.85375341295928,250.071496061463,26.933211492050265,120.7564084896434,2025.0,DAL,canonical_source_team_frame,False,59.0,0.6989429626698607,0.7466666666666666,high,2026-08-26,1,2,False,markdown_market_v1,54.44239416421031,16.141008248396844,114.66382980202408,54.44239416421031,54.44239416421031,False,incumbent,165.4,55.46666666666667,64.76463291062501,59.05907481764912,54.44239416421031
00-0031503,QB,2026,1.4294782571198923,-0.348498862403979,0.0,8.231961599219598,True,6.667776764755319,0.7407845072734494,3.726383327409245,0.140419639120527,0.366087670617031,40.77015553913672,,,,0.0007528232661692,3.795278130540371,,False,False,False,False,Jameis Winston,NYG,veteran_model,False,,False,ACT,2.0,backup,,curated,17.0,7.4013058975885535,0b8c9cb1-e3ed-4936-88ef-94b51df10e96,healthy17_qbroom_concentration_v1,1.0,not_applicable,1.0,False,2.0,17.0,,,,,,,,33.24864013753459,223.72476972874463,27.99474579779997,122.73497314685248,2025.0,NYG,canonical_source_team_frame,False,,,0.0,none,2026-08-26,0,0,False,markdown_market_v1,24.30113037103817,6.440871272025899,142.07339744951778,24.30113037103817,24.30113037103817,False,incumbent,,,0.0,6.028616602619092,60.75282592759542
00-0040727,WR,2026,3.176294824499059,0.9235997956227416,0.9235997956227416,6.668457824440148,False,,,,,,,0.0943448400902316,18.604547171302805,1.4957328484318195,,,2.2177311722563733,False,False,False,False,Tre Harris,LAC,veteran_model,False,,False,ACT,2.0,starter,RWR,curated,17.0,13.886283489187871,0b8c9cb1-e3ed-4936-88ef-94b51df10e96,healthy17_qbroom_concentration_v1,1.0,not_applicable,1.0,False,3.0,17.0,,,,,,,,34.81239421539152,230.9924120352485,26.622477258704382,118.76948607670286,2025.0,LAC,canonical_source_team_frame,False,80.0,1.115648719595555,0.8333333333333333,high,2026-08-26,1,2,False,markdown_market_v1,53.99701201648401,15.43532789742786,114.44055681537252,53.99701201648401,53.99701201648401,False,incumbent,173.5,55.46666666666667,48.15755357919108,66.52676928452993,53.99701201648401
00-0041525,WR,2026,2.8420652169188165,0.484530099591937,0.484530099591937,6.859477051159895,False,,,,,,,0.1104019930455671,17.856776524731288,1.380733123537266,,,2.2687838363350927,False,False,False,False,Chris Bell,MIA,rookie_rule,True,drafted,False,,,deep_bench,,deep_bench_discounted,17.0,7.888888888888889,0b8c9cb1-e3ed-4936-88ef-94b51df10e96,healthy17_qbroom_concentration_v1,1.0,not_applicable,1.0,False,5.0,17.0,no_data,,off_chart,1.0,False,9.0,False,32.36223621091209,214.6126867270503,26.74474106089619,118.31799054444193,2025.0,MIA,canonical_source_team_frame,False,-66.0,-0.4206753549549739,0.62,medium,2026-08-26,1,1,False,markdown_market_v1,48.31510868761988,7.8064664022094785,104.60652086564572,48.31510868761988,48.31510868761988,False,incumbent,,,39.54454660248807,32.82218623167471,48.31510868761988
00-0041052,RB,2026,3.1476694101311713,0.3696525116333811,0.3696525116333811,6.384558274865984,False,,3.313513035498276,,,,,0.0288264530395186,5.4544190528306,0.7085264192196238,0.1060463117750586,14.122875821446945,0.9292859849892612,False,False,False,False,Kaelon Black,SF,rookie_rule,True,drafted,False,,,deep_bench,,deep_bench_discounted,17.0,7.6,0b8c9cb1-e3ed-4936-88ef-94b51df10e96,healthy17_qbroom_concentration_v1,1.0,concentration_v1_full_board,1.0,False,3.0,17.0,no_data,,off_chart,0.6179908683182744,False,5.0,False,34.25083482490253,240.1256936965456,26.958300492590134,112.8835201485632,2025.0,SF,canonical_source_team_frame,False,-42.0,-0.4593893057518585,0.7466666666666666,high,2026-08-26,1,2,False,markdown_market_v1,53.51037997222991,6.293449823573291,109.82398134166552,53.51037997222991,53.51037997222991,False,incumbent,161.5,68.23333333333333,38.70842882487577,16.19772582560764,53.51037997222991
00-0040134,WR,2026,3.01119524371269,0.9317934215340604,0.9317934215340604,6.597647127843993,False,,,,,,,0.0811004848502948,18.65713102453439,1.5025269474724343,,,2.354075720053429,False,False,False,False,Pat Bryant,DEN,veteran_model,True,,False,ACT,,deep_bench,,deep_bench_discounted,17.0,3.68391843002937,0b8c9cb1-e3ed-4936-88ef-94b51df10e96,healthy17_qbroom_concentration_v1,1.0,not_applicable,1.0,False,4.0,17.0,,,,,,,,34.86796196556067,230.0636551213692,26.57618138477283,117.91787351632536,2025.0,DEN,canonical_source_team_frame,False,90.0,1.5086910127204491,0.8333333333333333,high,2026-08-26,1,2,False,markdown_market_v1,51.19031914311573,15.065000361407268,110.23900013604816,51.19031914311573,51.19031914311573,False,incumbent,176.2,55.46666666666667,43.12491053374304,3.5688487950330368,51.19031914311573
00-0036309,WR,2026,2.7291036778785522,0.6536304244404316,0.6536304244404316,6.584396749568281,False,,,,,,,0.1280350611972104,16.443549185977112,1.355527642469477,,,2.337749060030718,False,False,True,True,Darnell Mooney,NYG,veteran_model,True,,True,ACT,,deep_bench,,deep_bench_discounted,17.0,3.832298144570633,0b8c9cb1-e3ed-4936-88ef-94b51df10e96,healthy17_qbroom_concentration_v1,1.0,not_applicable,1.0,False,3.0,17.0,,,,,,,,33.24864013753459,223.72476972874463,27.99474579779997,122.73497314685248,2025.0,NYG,canonical_source_team_frame,False,-59.0,-0.436927425074569,0.75,medium,2026-08-26,1,1,False,markdown_market_v1,46.39476252393539,9.730209081585071,98.9935199486672,46.39476252393539,46.39476252393539,False,incumbent,,,45.6833972967574,2.211980022651771,46.39476252393539
00-0033307,WR,2026,2.7984103724710643,0.8266847740280859,0.8266847740280859,6.527702902020856,False,,,,,,,0.0896459535309153,18.62988791895588,1.2655414927744155,,,1.8483547607641349,False,False,False,False,Kendrick Bourne,ARI,veteran_model,False,,True,ACT,3.0,starter,SWR,curated,17.0,12.51223125543443,0b8c9cb1-e3ed-4936-88ef-94b51df10e96,healthy17_qbroom_concentration_v1,1.0,not_applicable,1.0,False,3.0,17.0,,,,,,,,36.21537296296883,240.75211132429325,24.991541448852136,107.82682362857648,2025.0,ARI,canonical_source_team_frame,False,1.0,0.002377930122922,0.75,medium,2026-08-26,1,1,False,markdown_market_v1,47.572976332008096,12.888253337215453,102.66980512052734,47.572976332008096,47.572976332008096,False,incumbent,,,26.23761763128784,40.66641320162474,47.572976332008096
00-0040878,RB,2026,3.037731612528795,0.0,0.0,8.797357095701516,False,,3.448143437326115,,,,,0.0253206808685221,4.88461312663643,0.6368055809342952,0.0936524322685359,14.973505477985618,0.8351124871266444,False,False,False,False,Mike Washington Jr.,LV,rookie_rule,True,drafted,False,,2.0,committee,,rookie_path,17.0,12.294117647058824,0b8c9cb1-e3ed-4936-88ef-94b51df10e96,healthy17_qbroom_concentration_v1,1.0,concentration_v1_full_board,1.0,False,,17.0,above_median,2.0,rank_2,0.7210862474524415,False,17.0,False,33.854801045689456,214.5498181545603,25.409147592119822,101.32508075439344,2025.0,LV,canonical_source_team_frame,False,-76.0,-0.9202505319598148,0.7466666666666666,high,2026-08-26,1,2,False,markdown_market_v1,51.64143741298952,0.0,150.3661299161886,51.64143741298952,51.64143741298952,False,incumbent,158.1,80.05294117647058,51.89539103740532,46.96026978873267,51.64143741298952
00-0037837,WR,2026,2.6441839798438074,0.7076840402449833,0.7076840402449833,6.49214837725403,False,,,,,,,0.1016643451532178,16.719377534272784,1.4323138207097532,,,2.444955083213966,False,False,True,True,Calvin Austin III,NYG,veteran_model,False,,True,ACT,3.0,starter,SWR,curated,17.0,13.396696682377932,0b8c9cb1-e3ed-4936-88ef-94b51df10e96,healthy17_qbroom_concentration_v1,1.0,not_applicable,1.0,False,4.0,17.0,,,,,,,,33.24864013753459,223.72476972874463,27.99474579779997,122.73497314685248,2025.0,NYG,canonical_source_team_frame,False,9.0,0.0343529105826126,0.75,medium,2026-08-26,1,1,False,markdown_market_v1,44.95112765734473,10.527589219672889,97.54988508207651,44.95112765734473,44.95112765734473,False,incumbent,,,31.78262740877077,47.82256590484344,44.95112765734473
00-0037838,TE,2026,2.754038319073998,1.121961508381844,1.121961508381844,5.413570387533909,False,,,,,,,0.1009808159846488,15.960815742784243,1.5905622087625289,,,2.2372995423868725,False,False,True,True,Isaiah Likely,NYG,veteran_model,False,,True,ACT,1.0,starter,,curated,17.0,13.526247258389844,0b8c9cb1-e3ed-4936-88ef-94b51df10e96,healthy17_qbroom_concentration_v1,1.0,not_applicable,1.0,False,1.0,17.0,,,,,,,,33.24864013753459,223.72476972874463,27.99474579779997,122.73497314685248,2025.0,NYG,canonical_source_team_frame,False,87.0,0.8883716472407563,0.8333333333333333,high,2026-08-26,1,2,False,markdown_market_v1,46.818651424257965,16.72299066029015,81.2360305044395,46.818651424257965,46.818651424257965,False,incumbent,135.2,103.81076923076922,64.05259361892129,50.461940807638605,44.90376895818426
00-0038705,RB,2026,2.9783240430437936,0.3553180795583677,0.3553180795583677,7.405537946400629,False,,2.938328662892577,,,,,0.0177496386908995,5.263342444917184,0.8494418043276248,0.072496633236502,15.007279228400462,1.268858541145602,False,False,False,False,Emari Demercado,KC,veteran_model,False,,True,ACT,2.0,committee,,curated,17.0,9.013017226206207,0b8c9cb1-e3ed-4936-88ef-94b51df10e96,healthy17_qbroom_concentration_v1,1.0,concentration_v1_full_board,1.0,False,3.0,17.0,,,,,,,,35.16321475705483,230.551485538654,25.943035799993208,113.16190955700952,2025.0,KC,canonical_source_team_frame,False,88.0,0.9613258479646788,0.62,medium,2026-08-26,1,1,False,markdown_market_v1,50.63150873174449,6.019023245938794,125.47097975779096,50.63150873174449,50.63150873174449,False,incumbent,,,33.88408357539225,38.19336091469594,50.63150873174449
00-0034829,TE,2026,3.0930433526561423,1.0780949871960963,1.0780949871960963,5.4088869528108905,False,,,,,,,0.1071643419295306,15.077954741873365,1.6835652281600866,,,2.3616443764591217,False,False,False,False,Mike Gesicki,CIN,veteran_model,False,,False,ACT,2.0,backup,,curated,17.0,12.26789665847858,0b8c9cb1-e3ed-4936-88ef-94b51df10e96,healthy17_qbroom_concentration_v1,1.0,not_applicable,1.0,False,1.0,17.0,,,,,,,,35.76282862419232,238.6281952536197,25.12248933429627,107.39911528359622,2025.0,CIN,canonical_source_team_frame,False,-6.0,-0.0087400858688106,0.75,medium,2026-08-26,1,1,False,markdown_market_v1,52.58173699515442,18.47443799954143,93.02268783456488,52.58173699515442,52.58173699515442,False,incumbent,,,62.68346217459396,48.416635208335606,51.45932308632781
00-0038797,RB,2026,2.967748314907272,0.3579278719475325,0.3579278719475325,7.587413708889636,False,,5.151483138624436,,,,,0.015134793846246,2.1023748819686534,0.556649137772666,0.1070677111776681,17.60184288386302,0.6781676714699995,False,False,False,False,Emanuel Wilson,SEA,veteran_model,True,,True,ACT,,deep_bench,,deep_bench_discounted,17.0,5.247580433163559,0b8c9cb1-e3ed-4936-88ef-94b51df10e96,healthy17_qbroom_concentration_v1,1.0,concentration_v1_full_board,1.0,False,4.0,17.0,,,,,,,,32.23055547607071,233.1588091163081,27.961458857752422,119.77956467483948,2025.0,SEA,canonical_source_team_frame,False,-66.0,-0.6423674979053495,0.75,medium,2026-08-26,1,1,False,markdown_market_v1,50.45172135342362,6.084773823108054,128.81588876572795,50.45172135342362,50.45172135342362,False,incumbent,,,24.724343801788933,5.808511020603046,50.45172135342362
00-0036924,RB,2026,2.722276695639689,0.3693850099101932,0.3693850099101932,7.001048568088367,False,,2.296218079851408,,,,,0.015608690783119,7.77716326747029,1.1912626965898256,0.1072074671240675,8.232114713677168,1.3310100700197756,False,True,True,True,Michael Carter,TEN,veteran_model,True,,True,ACT,,deep_bench,,deep_bench_discounted,17.0,4.004376386756055,0b8c9cb1-e3ed-4936-88ef-94b51df10e96,healthy17_qbroom_concentration_v1,1.0,concentration_v1_full_board,1.0,False,4.0,17.0,,,,,,,,33.99714946554143,212.007639970746,25.993384614102037,108.23524626366611,2025.0,TEN,canonical_source_team_frame,False,,,0.0,none,2026-08-26,0,0,False,markdown_market_v1,46.27870382587471,5.478077366923325,110.97794472082327,46.27870382587471,46.27870382587471,False,incumbent,,,37.25467136439101,1.5159678868046973,46.27870382587471
00-0035689,TE,2026,2.9968371471544266,1.0261763093454936,1.0261763093454936,5.338896904336921,False,,,,,,,0.1046911128818477,15.248338994150863,1.5391870293288417,,,1.94004499705781,False,False,False,False,Dawson Knox,BUF,veteran_model,False,,False,ACT,2.0,backup,,curated,17.0,15.258371495045187,0b8c9cb1-e3ed-4936-88ef-94b51df10e96,healthy17_qbroom_concentration_v1,1.0,not_applicable,1.0,False,2.0,17.0,,,,,,,,33.212884173930405,232.0006812309425,28.02188237819293,133.5452190763655,2025.0,BUF,canonical_source_team_frame,False,,,0.0,none,2026-08-26,0,0,False,markdown_market_v1,50.94623150162525,17.3841606107705,89.99948734260965,50.94623150162525,50.94623150162525,False,incumbent,,,65.76258448563425,70.72220831793338,49.299970058957584
00-0037157,RB,2026,2.839377242182641,0.1327371280202627,0.1327371280202627,6.684787966017131,False,,1.5613479209333532,,,,,0.0248696417021592,5.404949520284961,0.7668957167776805,0.1876891337206746,7.228761147231545,1.0579796303546365,False,False,False,False,Bam Knight,ARI,veteran_model,True,,False,ACT,,deep_bench,,deep_bench_discounted,17.0,4.865060620421924,0b8c9cb1-e3ed-4936-88ef-94b51df10e96,healthy17_qbroom_concentration_v1,1.0,concentration_v1_full_board,1.0,False,5.0,17.0,,,,,,,,36.21537296296883,240.75211132429325,24.991541448852136,107.82682362857648,2025.0,ARI,canonical_source_team_frame,False,,,0.0,none,2026-08-26,0,0,False,markdown_market_v1,48.2694131171049,2.224542396275239,109.97797589618312,48.2694131171049,48.2694131171049,False,incumbent,,,23.06295603065805,4.0102967761231465,48.2694131171049
00-0039424,WR,2026,2.7442168791335084,0.7071527942374686,0.7071527942374686,6.391977430351092,False,,,,,,,0.0834354966569314,16.095414380346593,1.5755107396445511,,,2.203694920225512,False,False,False,False,Devaughn Vele,NO,veteran_model,False,,False,ACT,3.0,starter,SWR,curated,17.0,12.073379395949049,0b8c9cb1-e3ed-4936-88ef-94b51df10e96,healthy17_qbroom_concentration_v1,1.0,not_applicable,1.0,False,3.0,17.0,,,,,,,,34.20731916190036,231.16668439742472,26.96687552570446,109.19074388858569,2025.0,NO,canonical_source_team_frame,False,-5.0,-0.0693687997314051,0.75,medium,2026-08-26,1,1,False,markdown_market_v1,46.651686945269645,11.51810813702271,102.33384997999772,46.651686945269645,46.651686945269645,False,incumbent,,,55.69455692926417,40.61352289893252,46.651686945269645
00-0039798,RB,2026,2.746329088730088,0.3402615912651471,0.3402615912651471,7.073905164635572,False,,1.9474623307827488,,,,,0.0177772551664529,7.2150447949587315,0.8558184957701452,0.0834976962764345,11.390658110323027,1.24329139849415,False,False,True,True,Isaiah Davis,NYJ,veteran_model,True,,False,ACT,,deep_bench,,deep_bench_discounted,17.0,4.7637686452168,0b8c9cb1-e3ed-4936-88ef-94b51df10e96,healthy17_qbroom_concentration_v1,1.0,concentration_v1_full_board,1.0,False,3.0,17.0,,,,,,,,32.41879516501858,201.132721478803,27.47972793367314,119.35043810725364,2025.0,NYJ,canonical_source_team_frame,False,-90.0,-1.1377696045395915,0.62,medium,2026-08-26,1,1,False,markdown_market_v1,46.68759450841149,5.458820186574692,114.03797318750642,46.68759450841149,46.68759450841149,False,incumbent,,,18.91882331672436,5.117032347424381,46.68759450841149
00-0041013,RB,2026,2.8675628736435512,0.0,0.0,8.397310881593608,False,,3.3020601502085625,,,,,0.0246007241515111,4.902850259714754,0.6429670652254353,0.091834634220598,13.683278157505764,0.843018382046683,False,False,False,False,Emmett Johnson,KC,rookie_rule,True,drafted,False,,,deep_bench,,deep_bench_discounted,17.0,4.142857142857143,0b8c9cb1-e3ed-4936-88ef-94b51df10e96,healthy17_qbroom_concentration_v1,1.0,concentration_v1_full_board,1.0,False,2.0,17.0,above_median,,off_chart,1.0,False,42.0,False,35.16321475705483,230.551485538654,25.943035799993208,113.16190955700952,2025.0,KC,canonical_source_team_frame,False,96.0,1.28534118450931,0.62,medium,2026-08-26,1,1,False,markdown_market_v1,48.74856885194037,0.0,142.27284175995547,48.74856885194037,48.74856885194037,False,incumbent,,,32.48790480440998,2.4344882257853278,48.74856885194037
00-0041524,TE,2026,2.687097099854399,0.2550305336254824,0.2550305336254824,6.248174950082462,False,,,,,,,0.1235592964099751,14.737098243366972,1.3199004405643926,,,1.9730550203906367,False,False,False,False,Will Kacmarek,MIA,rookie_rule,True,drafted,False,,2.0,backup,,rookie_path,17.0,14.36842105263158,0b8c9cb1-e3ed-4936-88ef-94b51df10e96,healthy17_qbroom_concentration_v1,1.0,not_applicable,1.0,False,2.0,17.0,no_data,2.0,rank_2,1.0,False,19.0,False,32.36223621091209,214.6126867270503,26.74474106089619,118.31799054444193,2025.0,MIA,canonical_source_team_frame,False,-39.0,-0.4248157229921652,0.62,medium,2026-08-26,1,1,False,markdown_market_v1,45.68065069752478,4.11527080045169,95.21050173412335,45.68065069752478,45.68065069752478,False,incumbent,,,62.3892469083885,67.76606703089962,43.82414000742881
00-0032392,TE,2026,2.5389806091679596,0.8666862377535011,0.8666862377535011,5.262316027153501,False,,,,,,,0.1152151274418397,13.502459962583258,1.6089129065556194,,,1.8431424561346537,False,True,False,False,Austin Hooper,ATL,veteran_model,True,,True,ACT,,deep_bench,,deep_bench_discounted,17.0,6.303554218833928,0b8c9cb1-e3ed-4936-88ef-94b51df10e96,healthy17_qbroom_concentration_v1,1.0,not_applicable,1.0,False,2.0,17.0,,,,,,,,33.11019223657139,223.68381617318363,27.583501535610957,121.08084842723764,2025.0,ATL,canonical_source_team_frame,False,,,0.0,none,2026-08-26,0,0,False,markdown_market_v1,43.16267035585531,14.097159702235428,84.53279961126982,43.16267035585531,43.16267035585531,False,incumbent,,,19.55626584878344,10.259378420144962,45.78560418997441
00-0041550,WR,2026,2.8284955764821005,0.0,0.0,8.798158838380221,False,,,,,,,0.0988947677035889,16.03540787317182,1.2415770176857888,,,2.041343584925973,False,False,False,False,Brenen Thompson,LAC,rookie_rule,True,drafted,False,,,deep_bench,,deep_bench_discounted,17.0,2.163636363636364,0b8c9cb1-e3ed-4936-88ef-94b51df10e96,healthy17_qbroom_concentration_v1,1.0,not_applicable,1.0,False,4.0,17.0,above_median,,off_chart,0.9889272756080648,False,55.0,False,34.81239421539152,230.9924120352485,26.622477258704382,118.76948607670286,2025.0,LAC,canonical_source_team_frame,False,98.0,2.011298567226622,0.75,medium,2026-08-26,1,1,False,markdown_market_v1,48.084424800195706,0.0,150.55836933040212,48.084424800195706,48.084424800195706,False,incumbent,,,36.44354509264672,0.0,48.084424800195706
00-0035535,WR,2026,2.471149700999762,0.3685443220997132,0.3685443220997132,6.291304609302051,False,,,,,,,0.1274383268301481,14.137353050651091,1.2377434014069677,,,2.3292276091519613,False,False,True,True,Darius Slayton,NYG,veteran_model,False,,False,ACT,2.0,starter,RWR,curated,17.0,13.651118273104611,0b8c9cb1-e3ed-4936-88ef-94b51df10e96,healthy17_qbroom_concentration_v1,1.0,not_applicable,1.0,False,2.0,17.0,,,,,,,,33.24864013753459,223.72476972874463,27.99474579779997,122.73497314685248,2025.0,NYG,canonical_source_team_frame,False,-96.0,-2.2699435287062664,0.8333333333333333,high,2026-08-26,1,2,False,markdown_market_v1,42.00954491699595,5.462019671218503,94.60830234172774,42.00954491699595,42.00954491699595,False,incumbent,164.0,55.46666666666667,80.02708240748618,42.57191488268192,42.00954491699595
00-0040648,WR,2026,2.739608692000074,0.5586468336056446,0.5586468336056446,6.262497973422152,False,,,,,,,0.0875372370190663,14.965267849496774,1.4933602476110155,,,2.038314257565023,False,False,False,False,Tory Horton,SEA,veteran_model,True,,False,ACT,,deep_bench,,deep_bench_discounted,17.0,4.877871278147971,0b8c9cb1-e3ed-4936-88ef-94b51df10e96,healthy17_qbroom_concentration_v1,1.0,not_applicable,1.0,False,4.0,17.0,,,,,,,,32.23055547607071,233.1588091163081,27.961458857752422,119.77956467483948,2025.0,SEA,canonical_source_team_frame,False,-91.0,-1.5357797363208476,0.75,medium,2026-08-26,1,1,False,markdown_market_v1,46.57334776400126,9.021724889357207,106.89888928486218,46.57334776400126,46.57334776400126,False,incumbent,,,29.42420785157876,4.5277044265005015,46.57334776400126
00-0039356,TE,2026,2.542060976547425,0.9342542255107292,0.9342542255107292,5.171193384794707,False,,,,,,,0.0912978865346829,13.352383555288505,1.743689794182864,,,2.2245813346003898,False,False,False,False,Ja'Tavion Sanders,CAR,veteran_model,False,,False,ACT,2.0,backup,,curated,17.0,14.288236861867112,0b8c9cb1-e3ed-4936-88ef-94b51df10e96,healthy17_qbroom_concentration_v1,1.0,not_applicable,1.0,False,2.0,17.0,,,,,,,,33.086654804365814,214.5319014599454,26.991967859866016,116.4978523275508,2025.0,CAR,canonical_source_team_frame,False,,,0.0,none,2026-08-26,0,0,False,markdown_market_v1,43.215036601306224,15.469641335035591,85.0013672480475,43.215036601306224,43.215036601306224,False,incumbent,,,23.974133620517662,55.34303919104639,45.35291471028273
00-0040131,WR,2026,2.4521186550940484,0.5372789798387181,0.5372789798387181,6.23676213393906,False,,,,,,,0.0913533806130002,16.48453297737056,1.0922418199428665,,,1.8034694553176356,False,False,False,False,Kyle Williams,NE,veteran_model,True,,False,ACT,,deep_bench,,deep_bench_discounted,17.0,4.994773256838563,0b8c9cb1-e3ed-4936-88ef-94b51df10e96,healthy17_qbroom_concentration_v1,1.0,not_applicable,1.0,False,6.0,17.0,,,,,,,,33.74543089702036,243.75247513831917,27.01222693387557,121.7111389498118,2025.0,NE,canonical_source_team_frame,False,-50.0,-0.3879930725949058,0.75,medium,2026-08-26,1,1,False,markdown_market_v1,41.68601713659882,8.087690432153313,95.19613356570946,41.68601713659882,41.68601713659882,False,incumbent,,,15.1282495151154,4.768257870470486,41.68601713659882
00-0038979,WR,2026,2.711315845147405,0.5969030415424528,0.5969030415424528,6.228047691383184,False,,,,,,,0.0771215856794765,15.99693788084076,1.3431134933393614,,,2.2552466699174967,False,False,False,False,Cedric Tillman,CLE,veteran_model,True,,False,ACT,,deep_bench,,deep_bench_discounted,17.0,3.818334129724223,0b8c9cb1-e3ed-4936-88ef-94b51df10e96,healthy17_qbroom_concentration_v1,1.0,not_applicable,1.0,False,4.0,17.0,,,,,,,,33.82707987620956,210.09032913022048,26.55432348725456,109.36695682546336,2025.0,CLE,canonical_source_team_frame,False,,,0.0,none,2026-08-26,0,0,False,markdown_market_v1,46.09236936750588,10.220585551963223,104.28882736434493,46.09236936750588,46.09236936750588,False,incumbent,,,18.88537847925236,3.234247103978772,46.09236936750588
00-0036945,QB,2026,1.0893757426535657,0.0342792222926188,0.0342792222926188,4.766173507792232,False,1.1408361094740105,3.151794968709365,0.5784277980356733,0.0198870506990552,0.0684501665684406,7.812978497207071,,,,0.045443822028126,19.05747521561198,,False,False,False,False,Justin Fields,KC,veteran_model,False,,True,ACT,2.0,backup,,curated,17.0,8.673886201883095,0b8c9cb1-e3ed-4936-88ef-94b51df10e96,healthy17_qbroom_concentration_v1,1.0,not_applicable,1.0,False,2.0,17.0,,,,,,,,35.16321475705483,230.551485538654,25.943035799993208,113.16190955700952,2025.0,KC,canonical_source_team_frame,False,-55.0,-0.700323809916206,0.62,medium,2026-08-26,1,1,False,markdown_market_v1,18.519387625110618,2.790480559389492,78.77369676547853,18.519387625110618,18.519387625110618,False,incumbent,,,0.0,18.62166439868463,46.29846906277654
00-0040739,TE,2026,2.616731646000108,0.8937380441184247,0.8937380441184247,5.140141618985249,False,,,,,,,0.0944198186729702,14.924444578190236,1.329710872324153,,,2.008590717124439,False,False,False,False,Elijah Arroyo,SEA,veteran_model,True,,False,ACT,,deep_bench,,deep_bench_discounted,17.0,8.4662068385364,0b8c9cb1-e3ed-4936-88ef-94b51df10e96,healthy17_qbroom_concentration_v1,1.0,not_applicable,1.0,False,2.0,17.0,,,,,,,,32.23055547607071,233.1588091163081,27.961458857752422,119.77956467483948,2025.0,SEA,canonical_source_team_frame,False,22.0,0.1040740171673886,0.75,medium,2026-08-26,1,1,False,markdown_market_v1,44.48443798200184,14.62011912329287,87.45875297275708,44.48443798200184,44.48443798200184,False,incumbent,,,30.868521737816963,20.82425987258472,45.997317564689055
00-0041503,TE,2026,2.5478824691487048,0.2579523363058297,0.2579523363058297,5.878397201907071,False,,,,,,,0.0912358825268978,14.9419841011938,1.3298434191947064,,,1.992451254142288,False,False,False,False,Nate Boerkircher,JAX,rookie_rule,True,drafted,False,,2.0,backup,,rookie_path,17.0,14.36842105263158,0b8c9cb1-e3ed-4936-88ef-94b51df10e96,healthy17_qbroom_concentration_v1,1.0,not_applicable,1.0,False,2.0,17.0,no_data,2.0,rank_2,0.7383975562969636,False,19.0,False,34.281392912743186,230.86210034575595,27.465841920542964,117.91153249278577,2025.0,JAX,canonical_source_team_frame,False,-39.0,-0.4248157229921652,0.62,medium,2026-08-26,1,1,False,markdown_market_v1,43.31400197552798,4.075544891509382,95.56706823209892,43.31400197552798,43.31400197552798,False,incumbent,,,37.29585255674067,54.09369336809104,43.98268524428212
00-0037005,TE,2026,2.7449047659342605,0.786265085749589,0.786265085749589,5.092980749346484,False,,,,,,,0.1046684795396868,14.10145062439434,1.2770039934052044,,,1.864058639008244,False,False,False,False,Tommy Tremble,CAR,veteran_model,False,,False,ACT,1.0,starter,,curated,17.0,15.233231028586896,0b8c9cb1-e3ed-4936-88ef-94b51df10e96,healthy17_qbroom_concentration_v1,1.0,not_applicable,1.0,False,1.0,17.0,,,,,,,,33.086654804365814,214.5319014599454,26.991967859866016,116.4978523275508,2025.0,CAR,canonical_source_team_frame,False,,,0.0,none,2026-08-26,0,0,False,markdown_market_v1,46.663381020882426,13.0051733322933,83.65549178067212,46.663381020882426,46.663381020882426,False,incumbent,,,70.57045702265819,54.88718848098048,44.00703924290734
00-0039921,RB,2026,2.5824943979667316,0.2080570391684811,0.2080570391684811,6.557425917758354,False,,3.128047640331337,,,,,0.0448184952538883,5.428837648461027,0.6999467672374307,0.0854917597323281,9.945852261150431,0.975600740256474,False,False,False,False,Trey Benson,ARI,veteran_model,True,,False,ACT,,deep_bench,,deep_bench_discounted,17.0,3.928370137058432,0b8c9cb1-e3ed-4936-88ef-94b51df10e96,healthy17_qbroom_concentration_v1,1.0,concentration_v1_full_board,1.0,False,4.0,17.0,,,,,,,,36.21537296296883,240.75211132429325,24.991541448852136,107.82682362857648,2025.0,ARI,canonical_source_team_frame,False,,,0.0,none,2026-08-26,0,0,False,markdown_market_v1,43.90240476543444,3.536969665864179,107.7445631681791,43.90240476543444,43.90240476543444,False,incumbent,,,32.56143096931039,2.539900265639562,43.90240476543444
00-0036212,QB,2026,10.120270127566755,0.0454307605255496,0.0454307605255496,6.040421596174767,False,5.787255171326687,0.4038301356297236,3.532524049284314,0.1039934932908394,0.3472353102796012,32.49656492769515,,,,0.0242247112269113,0.3388987790572837,,False,False,False,False,Tua Tagovailoa,ATL,veteran_model,False,,True,ACT,2.0,backup,,curated,17.0,13.185977404135985,0b8c9cb1-e3ed-4936-88ef-94b51df10e96,healthy17_qbroom_concentration_v1,1.0,not_applicable,1.0,False,1.0,17.0,,,,,,,,33.11019223657139,223.68381617318363,27.583501535610957,121.08084842723764,2025.0,ATL,canonical_source_team_frame,False,-28.0,-0.3270852279552353,0.75,medium,2026-08-26,1,1,False,markdown_market_v1,172.04459216863484,9.059550627928605,100.71727945043284,172.04459216863484,172.04459216863484,False,incumbent,,,254.38199046004652,64.6120011452583,48.53849473151732
00-0036244,TE,2026,2.9674423528150635,0.7194651075669541,0.7194651075669541,5.072885776848644,False,,,,,,,0.115633429359664,12.066236567409884,1.512277461966688,,,2.2515854541538487,False,False,False,False,Colby Parkinson,LA,veteran_model,False,,False,ACT,1.0,starter,,curated,17.0,14.371919941297936,0b8c9cb1-e3ed-4936-88ef-94b51df10e96,healthy17_qbroom_concentration_v1,1.0,not_applicable,1.0,False,1.0,17.0,,,,,,,,34.82297755064974,249.39921534190285,26.611874443882616,121.4158089351876,2025.0,LA,canonical_source_team_frame,False,-90.0,-1.246729399481923,0.62,medium,2026-08-26,1,1,False,markdown_market_v1,50.44651999785608,12.257297208323145,83.8294137689516,50.44651999785608,50.44651999785608,False,incumbent,,,108.53001108638784,53.078307234709456,43.99279876579699
00-0039355,WR,2026,2.412983428782316,0.5272906621353146,0.5272906621353146,6.148193405574624,False,,,,,,,0.0783492726795011,16.41997389603206,1.0840654746836844,,,1.8781384389012907,False,False,False,False,Luke McCaffrey,WAS,veteran_model,False,,False,ACT,3.0,starter,SWR,curated,17.0,12.010400242557637,0b8c9cb1-e3ed-4936-88ef-94b51df10e96,healthy17_qbroom_concentration_v1,1.0,not_applicable,1.0,False,3.0,17.0,,,,,,,,32.67144533753111,214.92336904810367,27.29070180650144,124.16028766147345,2025.0,WAS,canonical_source_team_frame,False,-77.0,-0.9386893195795748,0.75,medium,2026-08-26,1,1,False,markdown_market_v1,41.020718289299374,8.152410425074585,95.02293166279998,41.020718289299374,41.020718289299374,False,incumbent,,,74.33711342976811,39.835625750293005,41.020718289299374
00-0038558,TE,2026,2.4865102003900224,0.921669084454447,0.921669084454447,5.058476588194315,False,,,,,,,0.0761040316768292,15.140035548447242,1.3430520606445748,,,1.8731089099521732,False,False,False,False,Darnell Washington,PIT,veteran_model,False,,False,ACT,2.0,backup,,curated,17.0,14.646762562095605,0b8c9cb1-e3ed-4936-88ef-94b51df10e96,healthy17_qbroom_concentration_v1,1.0,not_applicable,1.0,False,2.0,17.0,,,,,,,,33.53074981559085,220.60629098765008,26.566881241231517,113.38878134930282,2025.0,PIT,canonical_source_team_frame,False,79.0,0.6688578071509962,0.75,medium,2026-08-26,1,1,False,markdown_market_v1,42.27067340663038,14.457412887681969,78.19175485989143,42.27067340663038,42.27067340663038,False,incumbent,,,53.7954396922779,47.63483255350568,40.99014381933621
00-0028118,QB,2026,1.0473712275141238,-0.7063360985204737,0.0,9.682135177857589,True,4.282333761915879,0.766992665864566,1.6346656782719278,0.0419301546627049,0.2569400257149527,29.30304487945472,,,,0.0123676228969454,4.338471843088197,,False,False,False,False,Tyrod Taylor,GB,veteran_model,False,,True,ACT,2.0,backup,,curated,17.0,5.498862873276104,0b8c9cb1-e3ed-4936-88ef-94b51df10e96,healthy17_qbroom_concentration_v1,1.0,not_applicable,1.0,False,2.0,17.0,,,,,,,,32.64024951982665,227.6640713446097,27.556451830260983,118.45985840964596,2025.0,GB,canonical_source_team_frame,False,,,0.0,none,2026-08-26,0,0,False,markdown_market_v1,17.805310867740104,0.0,152.34496598881665,17.805310867740104,17.805310867740104,False,incumbent,,,0.0,2.8799115587739004,44.51327716935026
00-0035208,WR,2026,2.45003477660017,0.2873095809596691,0.2873095809596691,6.082893262850995,False,,,,,,,0.1040942099820396,12.735539359348175,1.381412848942741,,,1.9602047322476692,False,False,False,False,Olamide Zaccheaus,ATL,veteran_model,False,,True,ACT,3.0,starter,SWR,curated,17.0,13.362447924991123,0b8c9cb1-e3ed-4936-88ef-94b51df10e96,healthy17_qbroom_concentration_v1,1.0,not_applicable,1.0,False,3.0,17.0,,,,,,,,33.11019223657139,223.68381617318363,27.583501535610957,121.08084842723764,2025.0,ATL,canonical_source_team_frame,False,-2.0,-0.0176284359331593,0.75,medium,2026-08-26,1,1,False,markdown_market_v1,41.65059120220289,4.68330192009009,97.5729164670337,41.65059120220289,41.65059120220289,False,incumbent,,,40.59651018902953,40.56119146923113,41.65059120220289
00-0040737,TE,2026,2.4286632590696757,0.6543725953744806,0.6543725953744806,4.995624697601493,False,,,,,,,0.1105143751011568,12.897511551229522,1.2529289578105445,,,1.7451892134471243,False,False,False,False,Terrance Ferguson,LA,veteran_model,True,,False,ACT,,deep_bench,,deep_bench_discounted,17.0,5.341922480285717,0b8c9cb1-e3ed-4936-88ef-94b51df10e96,healthy17_qbroom_concentration_v1,1.0,not_applicable,1.0,False,3.0,17.0,,,,,,,,34.82297755064974,249.39921534190285,26.611874443882616,121.4158089351876,2025.0,LA,canonical_source_team_frame,False,100.0,1.3383967093785325,0.75,medium,2026-08-26,1,1,False,markdown_market_v1,41.287275404184484,11.231406840718126,82.61026254801355,41.287275404184484,41.287275404184484,False,incumbent,,,27.90992613811445,6.0,42.77364754485893
00-0036637,TE,2026,2.500827554706884,0.7324403784165241,0.7324403784165241,4.994555432084301,False,,,,,,,0.0971192273489687,13.414940658291243,1.308046378390074,,,1.669640577960856,False,False,False,False,Noah Gray,KC,veteran_model,False,,False,ACT,2.0,backup,,curated,17.0,14.69541611995218,0b8c9cb1-e3ed-4936-88ef-94b51df10e96,healthy17_qbroom_concentration_v1,1.0,not_applicable,1.0,False,2.0,17.0,,,,,,,,35.16321475705483,230.551485538654,25.943035799993208,113.16190955700952,2025.0,KC,canonical_source_team_frame,False,,,0.0,none,2026-08-26,0,0,False,markdown_market_v1,42.514068430017026,12.21675301296365,84.36216401492828,42.514068430017026,42.514068430017026,False,incumbent,,,33.91214397576307,52.47331723669236,43.46983781382302
00-0039144,TE,2026,2.4438841223835754,0.7789610511392112,0.7789610511392112,4.989938341957983,False,,,,,,,0.0775059933071056,14.239567368548151,1.3692456645884137,,,1.5093160676577848,False,True,False,False,Luke Musgrave,GB,veteran_model,True,,False,ACT,,deep_bench,,deep_bench_discounted,17.0,7.157297463708045,0b8c9cb1-e3ed-4936-88ef-94b51df10e96,healthy17_qbroom_concentration_v1,1.0,not_applicable,1.0,False,2.0,17.0,,,,,,,,32.64024951982665,227.6640713446097,27.556451830260983,118.45985840964596,2025.0,GB,canonical_source_team_frame,False,-84.0,-1.3626878409831602,0.75,medium,2026-08-26,1,1,False,markdown_market_v1,41.54603008052078,12.910776153063123,83.506138003621,41.54603008052078,41.54603008052078,False,incumbent,,,29.266767865852035,19.336843172052248,42.910392548817306
00-0029892,RB,2026,2.6095773283261483,0.083170087114079,0.083170087114079,6.530349993885659,False,,1.0835981294492794,,,,,0.0459339041884163,7.138344114759905,0.9067243117923824,0.0867816902743994,6.0681264328613365,0.9783660974703794,False,True,False,False,Kyle Juszczyk,SF,veteran_model,True,,False,ACT,,deep_bench,,deep_bench_discounted,17.0,3.171929345972601,0b8c9cb1-e3ed-4936-88ef-94b51df10e96,healthy17_qbroom_concentration_v1,1.0,concentration_v1_full_board,1.0,False,,17.0,,,,,,,,34.25083482490253,240.1256936965456,26.958300492590134,112.8835201485632,2025.0,SF,canonical_source_team_frame,False,,,0.0,none,2026-08-26,0,0,False,markdown_market_v1,44.36281458154452,1.4049356989487043,112.80290499879038,44.36281458154452,44.36281458154452,False,incumbent,,,3.2638506540294805,0.464686020155286,44.36281458154452
00-0039066,TE,2026,2.6612536181376623,0.7899091300390739,0.7899091300390739,4.9784027264782384,False,,,,,,,0.0841440829907305,13.087251573559064,1.496980516423244,,,2.1200011019714298,False,False,False,False,Michael Mayer,LV,veteran_model,False,,False,ACT,2.0,backup,,curated,17.0,12.410798536191542,0b8c9cb1-e3ed-4936-88ef-94b51df10e96,healthy17_qbroom_concentration_v1,1.0,not_applicable,1.0,False,2.0,17.0,,,,,,,,33.854801045689456,214.5498181545603,25.409147592119822,101.32508075439344,2025.0,LV,canonical_source_team_frame,False,95.0,1.0025975817296078,0.62,medium,2026-08-26,1,1,False,markdown_market_v1,45.24131150834026,13.93105205320668,85.65958810706417,45.24131150834026,45.24131150834026,False,incumbent,,,53.72526713470404,50.67662367428289,44.29864977207762
00-0038951,RB,2026,2.480988210104933,0.1672814629989564,0.1672814629989564,6.716993640520866,False,,2.4441984932674305,,,,,0.0175873431095576,3.68571648343458,0.5333628816651608,0.1154020919801598,11.119513357753512,0.7062331818377795,False,False,False,False,Sean Tucker,TB,veteran_model,True,,False,ACT,,deep_bench,,deep_bench_discounted,17.0,5.279611009005015,0b8c9cb1-e3ed-4936-88ef-94b51df10e96,healthy17_qbroom_concentration_v1,1.0,concentration_v1_full_board,1.0,False,3.0,17.0,,,,,,,,33.55035103578723,223.7141596661014,27.73776146084954,117.79149136744992,2025.0,TB,canonical_source_team_frame,False,-48.0,-0.4936913585878877,0.75,medium,2026-08-26,1,1,False,markdown_market_v1,42.17679957178386,2.843784870982258,110.5039383459839,42.17679957178386,42.17679957178386,False,incumbent,,,22.816806446934493,5.599155933578983,42.17679957178386
00-0033885,TE,2026,2.5712076869823948,0.6315075762693043,0.6315075762693043,4.959858525755599,False,,,,,,,0.1080507522224554,12.267624329398478,1.3369375330293818,,,1.9640417385160185,False,False,False,False,David Njoku,LAC,veteran_model,True,,True,ACT,,deep_bench,,deep_bench_discounted,17.0,5.87257119260927,0b8c9cb1-e3ed-4936-88ef-94b51df10e96,healthy17_qbroom_concentration_v1,1.0,not_applicable,1.0,False,2.0,17.0,,,,,,,,34.81239421539152,230.9924120352485,26.622477258704382,118.76948607670286,2025.0,LAC,canonical_source_team_frame,False,38.0,0.1461936285952653,0.75,medium,2026-08-26,1,1,False,markdown_market_v1,43.710530678700714,10.57060139236744,85.32055345418073,43.710530678700714,43.710530678700714,False,incumbent,,,44.04444836286494,9.170307967568869,43.67342871379358
00-0038115,TE,2026,2.121066202079784,0.6590206309128599,0.6590206309128599,4.951253255377076,False,,,,,,,0.1025011096334867,13.14452351953256,1.210942865313144,,,1.723007108590397,False,False,True,True,Daniel Bellinger,TEN,veteran_model,False,,True,ACT,2.0,backup,,curated,17.0,15.284334780814373,0b8c9cb1-e3ed-4936-88ef-94b51df10e96,healthy17_qbroom_concentration_v1,1.0,not_applicable,1.0,False,2.0,17.0,,,,,,,,33.99714946554143,212.007639970746,25.993384614102037,108.23524626366611,2025.0,TEN,canonical_source_team_frame,False,,,0.0,none,2026-08-26,0,0,False,markdown_market_v1,36.058125435356324,9.656079236447823,72.26489484138186,36.058125435356324,36.058125435356324,False,incumbent,,,27.641264062515123,42.17471354205738,36.9933322545609
00-0034775,WR,2026,2.5758055720895614,0.4504725469687674,0.4504725469687674,6.016979931723133,False,,,,,,,0.0678556952620285,15.107334208925993,1.21008939341159,,,1.9735833725325949,False,False,False,False,Christian Kirk,SF,veteran_model,True,,True,ACT,,deep_bench,,deep_bench_discounted,17.0,2.0913227948720987,0b8c9cb1-e3ed-4936-88ef-94b51df10e96,healthy17_qbroom_concentration_v1,1.0,not_applicable,1.0,False,3.0,17.0,,,,,,,,34.25083482490253,240.1256936965456,26.958300492590134,112.8835201485632,2025.0,SF,canonical_source_team_frame,False,-89.0,-1.1911635707416035,0.62,medium,2026-08-26,1,1,False,markdown_market_v1,43.78869472552255,7.736919584557944,105.44834622241363,43.78869472552255,43.78869472552255,False,incumbent,,,52.10622449524477,0.0,43.78869472552255
00-0037741,WR,2026,2.3634090567765145,0.2254302174235043,0.2254302174235043,5.992425021234752,False,,,,,,,0.1031451954219647,13.571930201801395,1.0445863719405115,,,1.8047270031734788,False,False,False,False,Jahan Dotson,ATL,veteran_model,False,,True,ACT,2.0,starter,RWR,curated,17.0,14.260160253655233,0b8c9cb1-e3ed-4936-88ef-94b51df10e96,healthy17_qbroom_concentration_v1,1.0,not_applicable,1.0,False,2.0,17.0,,,,,,,,33.11019223657139,223.68381617318363,27.583501535610957,121.08084842723764,2025.0,ATL,canonical_source_team_frame,False,-20.0,-0.1806038424224606,0.75,medium,2026-08-26,1,1,False,markdown_market_v1,40.17795396520074,3.672027747774539,96.10027923003156,40.17795396520074,40.17795396520074,False,incumbent,,,80.97170485619111,39.708721056879455,40.17795396520074
00-0041397,WR,2026,2.2578624885925755,0.0,0.0,7.738675749645509,False,,,,,,,0.0866733995078604,14.110770834696126,1.0949510084953014,,,1.802002905552188,False,False,False,False,Kaden Wetjen,PIT,rookie_rule,True,drafted,False,,,deep_bench,,deep_bench_discounted,17.0,2.163636363636364,0b8c9cb1-e3ed-4936-88ef-94b51df10e96,healthy17_qbroom_concentration_v1,1.0,not_applicable,1.0,False,6.0,17.0,above_median,,off_chart,1.0,False,55.0,False,33.53074981559085,220.60629098765008,26.566881241231517,113.38878134930282,2025.0,PIT,canonical_source_team_frame,False,-86.0,-1.366336836172879,0.75,medium,2026-08-26,1,1,False,markdown_market_v1,38.38366230607379,0.0,119.6453763182882,38.38366230607379,38.38366230607379,False,incumbent,,,25.331573429997768,0.0,38.38366230607379
00-0040876,WR,2026,2.277307723182453,0.0,0.0,7.70986502520849,False,,,,,,,0.0864724751883202,14.055756910843655,1.089749635804711,,,1.7927682837231238,False,False,False,False,Elijah Sarratt,BAL,rookie_rule,True,drafted,False,,,deep_bench,,deep_bench_discounted,17.0,2.163636363636364,0b8c9cb1-e3ed-4936-88ef-94b51df10e96,healthy17_qbroom_concentration_v1,1.0,not_applicable,1.0,False,5.0,17.0,no_data,,off_chart,0.9455412960369796,False,55.0,False,31.37799975249296,213.6518141922886,28.079230857805165,132.67231187281823,2025.0,BAL,canonical_source_team_frame,False,-49.0,-0.3741611154357341,0.75,medium,2026-08-26,1,1,False,markdown_market_v1,38.7142312941017,0.0,120.52951627663748,38.7142312941017,38.7142312941017,False,incumbent,,,26.71773165491217,0.0061539854879737,38.7142312941017
00-0041395,TE,2026,2.2778361886532923,0.2139404360168039,0.2139404360168039,5.349584291829392,False,,,,,,,0.1119155007337521,12.353852007690731,1.108508711338432,,,1.655945516239755,False,False,False,False,Eli Raridon,NE,rookie_rule,True,drafted,False,,2.0,backup,,rookie_path,17.0,14.36842105263158,0b8c9cb1-e3ed-4936-88ef-94b51df10e96,healthy17_qbroom_concentration_v1,1.0,not_applicable,1.0,False,2.0,17.0,above_median,2.0,rank_2,0.9057634996755858,False,19.0,False,33.74543089702036,243.75247513831917,27.01222693387557,121.7111389498118,2025.0,NE,canonical_source_team_frame,False,-43.0,-0.5138899874905227,0.75,medium,2026-08-26,1,1,False,markdown_market_v1,38.723215207105966,3.247413948724678,81.84085871935237,38.723215207105966,38.723215207105966,False,incumbent,,,48.51718164422614,40.45660932635473,37.634996714092615
00-0035644,TE,2026,2.2572893125139077,0.7002504993370717,0.7002504993370717,4.865136015678274,False,,,,,,,0.0803041803398376,12.311994102510289,1.4715774208437853,,,2.04104848905806,False,False,False,False,Noah Fant,NO,veteran_model,False,,True,ACT,2.0,backup,,curated,17.0,14.404204473011609,0b8c9cb1-e3ed-4936-88ef-94b51df10e96,healthy17_qbroom_concentration_v1,1.0,not_applicable,1.0,False,2.0,17.0,,,,,,,,34.20731916190036,231.16668439742472,26.96687552570446,109.19074388858569,2025.0,NO,canonical_source_team_frame,False,-96.0,-2.25,0.75,medium,2026-08-26,1,1,False,markdown_market_v1,38.37391831273643,11.399755727814911,77.98029481745087,38.37391831273643,38.37391831273643,False,incumbent,,,29.253158274996608,42.08501778081091,39.38733609470752
00-0040669,WR,2026,2.312718978262746,0.2123074419263195,0.2123074419263195,5.929270981039403,False,,,,,,,0.0977298624984518,14.555491816682151,0.7865499636558163,,,1.9141906114103968,False,False,False,False,Isaac TeSlaa,DET,veteran_model,False,,False,ACT,3.0,starter,SWR,curated,17.0,12.965762020282511,0b8c9cb1-e3ed-4936-88ef-94b51df10e96,healthy17_qbroom_concentration_v1,1.0,not_applicable,1.0,False,3.0,17.0,,,,,,,,33.93703078284322,246.2148467705308,26.80245988676499,118.24421493778569,2025.0,DET,canonical_source_team_frame,False,-83.0,-1.301251694618084,0.7466666666666666,high,2026-08-26,1,2,False,markdown_market_v1,39.31622263046668,3.3816368421791974,96.06986700274877,39.31622263046668,39.31622263046668,False,incumbent,175.3,55.46666666666667,32.50144223566998,32.86531241152312,39.31622263046668
00-0038976,WR,2026,2.328334705650091,0.3569864107772005,0.3569864107772005,5.892377383669098,False,,,,,,,0.0606587589316673,13.405612783425228,1.3875918183680047,,,1.973918955062619,False,False,False,False,Marvin Mims Jr.,DEN,veteran_model,False,,False,ACT,3.0,starter,SWR,curated,17.0,11.081415930774728,0b8c9cb1-e3ed-4936-88ef-94b51df10e96,healthy17_qbroom_concentration_v1,1.0,not_applicable,1.0,False,5.0,17.0,,,,,,,,34.86796196556067,230.0636551213692,26.57618138477283,117.91787351632536,2025.0,DEN,canonical_source_team_frame,False,-76.0,-0.8112549783541845,0.75,medium,2026-08-26,1,1,False,markdown_market_v1,39.58168999605155,5.837054269810801,98.63037098898396,39.58168999605155,39.58168999605155,False,incumbent,,,29.52865684602188,36.85721063607636,39.58168999605155
00-0039041,TE,2026,2.1292119644893472,0.5784251834639886,0.5784251834639886,4.779941001244231,False,,,,,,,0.0844460519076348,11.75786546982431,1.362310659699328,,,1.6232289821461834,False,True,False,False,Elijah Higgins,ARI,veteran_model,False,,False,ACT,2.0,backup,,curated,17.0,14.894739413114213,0b8c9cb1-e3ed-4936-88ef-94b51df10e96,healthy17_qbroom_concentration_v1,1.0,not_applicable,1.0,False,3.0,17.0,,,,,,,,36.21537296296883,240.75211132429325,24.991541448852136,107.82682362857648,2025.0,ARI,canonical_source_team_frame,False,6.0,0.016711644191801,0.75,medium,2026-08-26,1,1,False,markdown_market_v1,36.196603396318906,9.03637781154196,75.21071238333357,36.196603396318906,36.196603396318906,False,incumbent,,,27.6110056787622,43.16553558280006,37.15055869826965
00-0041096,RB,2026,2.245568159114858,0.0,0.0,6.732611438302911,False,,2.514188246931143,,,,,0.0189263481392307,3.8930063443234673,0.5133561952814567,0.0713031689968672,11.246607861049204,0.6729514512665729,False,False,False,False,Kaytron Allen,WAS,rookie_rule,True,drafted,False,,,deep_bench,,deep_bench_discounted,17.0,4.142857142857143,0b8c9cb1-e3ed-4936-88ef-94b51df10e96,healthy17_qbroom_concentration_v1,1.0,concentration_v1_full_board,1.0,False,3.0,17.0,no_data,,off_chart,1.0,False,42.0,False,32.67144533753111,214.92336904810367,27.29070180650144,124.16028766147345,2025.0,WAS,canonical_source_team_frame,False,-45.0,-0.4748641482343227,0.75,medium,2026-08-26,1,1,False,markdown_market_v1,38.17465870495259,0.0,111.45671870654766,38.17465870495259,38.17465870495259,False,incumbent,,,13.041691350457883,1.9351474726986404,38.17465870495259
00-0040388,WR,2026,2.2697251674858165,0.0521741202333135,0.0521741202333135,5.783417110929144,False,,,,,,,0.1356135823771633,10.923470386296955,0.7666418709678008,,,1.2393740426377873,False,False,False,False,Jakobie Keeney-James,GB,veteran_model,True,,False,ACT,,deep_bench,,deep_bench_discounted,17.0,2.2422412421004334,0b8c9cb1-e3ed-4936-88ef-94b51df10e96,healthy17_qbroom_concentration_v1,1.0,not_applicable,1.0,False,,17.0,,,,,,,,32.64024951982665,227.6640713446097,27.556451830260983,118.45985840964596,2025.0,GB,canonical_source_team_frame,False,,,0.0,none,2026-08-26,0,0,False,markdown_market_v1,38.58532784725888,0.9064575596703168,97.41858068691494,38.58532784725888,38.58532784725888,False,incumbent,,,47.95920408515972,0.0,38.58532784725888
00-0035993,QB,2026,0.9846568223273288,-0.7687642401975486,0.0,9.25931683342295,True,4.786162996516771,0.7235087351415254,2.866500059553616,0.0778021045027432,0.1435848898955031,26.6995854883242,,,,0.0308067708287358,6.0854125604880345,,False,False,False,False,Tyler Huntley,BAL,veteran_model,False,,False,ACT,2.0,backup,,curated,17.0,5.169340672209779,0b8c9cb1-e3ed-4936-88ef-94b51df10e96,healthy17_qbroom_concentration_v1,1.0,not_applicable,1.0,False,2.0,17.0,,,,,,,,31.37799975249296,213.6518141922886,28.079230857805165,132.67231187281823,2025.0,BAL,canonical_source_team_frame,False,,,0.0,none,2026-08-26,0,0,False,markdown_market_v1,16.73916597956459,0.278116797087289,158.58767683595636,16.73916597956459,16.73916597956459,False,incumbent,,,0.0,3.220671035195602,41.84791494891147
00-0037614,WR,2026,2.1918173038526456,0.2004995495075775,0.2004995495075775,5.757196679626547,False,,,,,,,0.0674459215881306,13.07487002686089,1.1019330097182118,,,1.642820929885304,False,False,False,False,John Metchie III,CAR,veteran_model,True,,True,ACT,,deep_bench,,deep_bench_discounted,17.0,3.7247964042697457,0b8c9cb1-e3ed-4936-88ef-94b51df10e96,healthy17_qbroom_concentration_v1,1.0,not_applicable,1.0,False,5.0,17.0,,,,,,,,33.086654804365814,214.5319014599454,26.991967859866016,116.4978523275508,2025.0,CAR,canonical_source_team_frame,False,39.0,0.4480361102087868,0.62,medium,2026-08-26,1,1,False,markdown_market_v1,37.260894165494975,3.323787160590996,94.53386182059666,37.260894165494975,37.260894165494975,False,incumbent,,,42.934707116460096,1.476404399806639,37.260894165494975
00-0037801,WR,2026,2.256075342093179,0.226175138139941,0.226175138139941,5.754785085142998,False,,,,,,,0.061518428889073,12.856341406520407,1.2119454572078998,,,1.7622930025845664,False,False,False,False,KaVontae Turpin,DAL,veteran_model,True,,False,ACT,,deep_bench,,deep_bench_discounted,17.0,6.350627124297642,0b8c9cb1-e3ed-4936-88ef-94b51df10e96,healthy17_qbroom_concentration_v1,1.0,not_applicable,1.0,False,4.0,17.0,,,,,,,,34.85375341295928,250.071496061463,26.933211492050265,120.7564084896434,2025.0,DAL,canonical_source_team_frame,False,,,0.0,none,2026-08-26,0,0,False,markdown_market_v1,38.35328081558404,3.8065881054709143,98.5747164533978,38.35328081558404,38.35328081558404,False,incumbent,,,23.020050054889197,8.574940895713164,38.35328081558404
00-0040202,RB,2026,2.211746247497266,0.1669206814634848,0.1669206814634848,6.204801008533795,False,,1.7649836478578864,,,,,0.0196814618933404,3.998246922598648,0.7873555980162777,0.0642286171096679,9.593725339252943,0.8644752333129099,False,True,False,False,Devin Neal,NO,veteran_model,True,,False,ACT,,deep_bench,,deep_bench_discounted,17.0,3.1381891512664986,0b8c9cb1-e3ed-4936-88ef-94b51df10e96,healthy17_qbroom_concentration_v1,1.0,concentration_v1_full_board,1.0,False,3.0,17.0,,,,,,,,34.20731916190036,231.16668439742472,26.96687552570446,109.19074388858569,2025.0,NO,canonical_source_team_frame,False,,,0.0,none,2026-08-26,0,0,False,markdown_market_v1,37.59968620745352,2.837651584879242,102.92395804508502,37.59968620745352,37.59968620745352,False,incumbent,,,26.104279524358244,0.0,37.59968620745352
00-0040187,TE,2026,2.162287243960143,0.6005838637213848,0.6005838637213848,4.665209736949241,False,,,,,,,0.0643888391154831,12.332530609379592,1.2586016567041116,,,1.7458493918590856,False,False,False,False,Mitchell Evans,CAR,veteran_model,True,,False,ACT,,deep_bench,,deep_bench_discounted,17.0,8.542342778797689,0b8c9cb1-e3ed-4936-88ef-94b51df10e96,healthy17_qbroom_concentration_v1,1.0,not_applicable,1.0,False,3.0,17.0,,,,,,,,33.086654804365814,214.5319014599454,26.991967859866016,116.4978523275508,2025.0,CAR,canonical_source_team_frame,False,,,0.0,none,2026-08-26,0,0,False,markdown_market_v1,36.75888314732243,9.93780379861209,76.68880823357895,36.75888314732243,36.75888314732243,False,incumbent,,,34.22563021089666,21.88743842223036,37.04035569581418
00-0039074,TE,2026,2.0464692278571075,0.3019403373645223,0.3019403373645223,4.645805051566713,False,,,,,,,0.1283467803971355,9.16702358964626,1.085398394505894,,,1.488778119791184,False,False,False,False,Davis Allen,LA,veteran_model,True,,False,ACT,,deep_bench,,deep_bench_discounted,17.0,5.573071560174011,0b8c9cb1-e3ed-4936-88ef-94b51df10e96,healthy17_qbroom_concentration_v1,1.0,not_applicable,1.0,False,5.0,17.0,,,,,,,,34.82297755064974,249.39921534190285,26.611874443882616,121.4158089351876,2025.0,LA,canonical_source_team_frame,False,-30.0,-0.5000884507992579,0.75,medium,2026-08-26,2,1,False,markdown_market_v1,34.78997687357083,4.936032031037649,76.34629924015715,34.78997687357083,34.78997687357083,False,incumbent,,,19.312610602685474,6.0,36.50968423700254
00-0040198,RB,2026,5.79716644036548,0.1428064225168379,0.1428064225168379,6.390338667108006,False,,3.052475136344781,,,,,0.0073270375097964,3.804619418205584,0.5857738820589659,0.0741065994424803,10.625176122084076,0.637878250934675,False,False,False,False,Ollie Gordon II,MIA,veteran_model,True,,False,ACT,,deep_bench,,deep_bench_discounted,17.0,3.361934132801505,0b8c9cb1-e3ed-4936-88ef-94b51df10e96,healthy17_qbroom_concentration_v1,1.0,concentration_v1_full_board,1.0,False,3.0,17.0,,,,,,,,32.36223621091209,214.6126867270503,26.74474106089619,118.31799054444193,2025.0,MIA,canonical_source_team_frame,False,-88.0,-1.3511873493611095,0.7466666666666666,high,2026-08-26,1,2,False,markdown_market_v1,98.55182948621317,2.4277091827862454,104.56132542320276,37.05659949150484,98.55182948621317,True,market_no_v3,52.0,157.0047619047619,2.14437464735186,0.0,37.05659949150484
00-0039376,QB,2026,0.9298061452745885,-0.4955350238352926,0.0,6.434218164052915,True,3.215965058096044,0.940635700308812,2.906680058307181,0.0970039949183502,0.1929579034857626,23.74263053601453,,,,0.0208136061438083,5.411576384572802,,False,False,False,False,Spencer Rattler,NO,veteran_model,False,,False,ACT,2.0,backup,,curated,17.0,6.627108528019592,0b8c9cb1-e3ed-4936-88ef-94b51df10e96,healthy17_qbroom_concentration_v1,1.0,not_applicable,1.0,False,2.0,17.0,,,,,,,,34.20731916190036,231.16668439742472,26.96687552570446,109.19074388858569,2025.0,NO,canonical_source_team_frame,False,10.0,0.2119647889794601,0.75,medium,2026-08-26,1,1,False,markdown_market_v1,15.806704469668004,1.6192729241635873,105.69194841425366,15.806704469668004,15.806704469668004,False,incumbent,,,0.0,5.036874282579208,39.51676117417001
00-0036415,WR,2026,1.9938439861260469,0.1037874374986114,0.1037874374986114,5.686172488763914,False,,,,,,,0.0734669507573985,12.771200483685474,0.9483661865968142,,,1.6788830276265974,False,False,False,False,Van Jefferson,WAS,veteran_model,True,,True,ACT,,deep_bench,,deep_bench_discounted,17.0,3.158123728398252,0b8c9cb1-e3ed-4936-88ef-94b51df10e96,healthy17_qbroom_concentration_v1,1.0,not_applicable,1.0,False,7.0,17.0,,,,,,,,32.67144533753111,214.92336904810367,27.29070180650144,124.16028766147345,2025.0,WAS,canonical_source_team_frame,False,55.0,0.6608879868078487,0.75,medium,2026-08-26,1,1,False,markdown_market_v1,33.8953477641428,1.624505014621354,87.89756113764341,33.8953477641428,33.8953477641428,False,incumbent,,,33.90711304581108,0.0,33.8953477641428
00-0041472,TE,2026,1.9843294986566817,0.2055195793673875,0.2055195793673875,4.714936569414936,False,,,,,,,0.0750921377112252,11.902231679570956,1.0599009975499396,,,1.5876834250030216,False,False,False,False,Marlin Klein,HOU,rookie_rule,True,drafted,False,,,deep_bench,,deep_bench_discounted,17.0,12.465116279069768,0b8c9cb1-e3ed-4936-88ef-94b51df10e96,healthy17_qbroom_concentration_v1,1.0,not_applicable,1.0,False,4.0,17.0,above_median,,off_chart,0.607741706962026,False,4.0,True,34.32483042096658,230.71531420889468,27.03402673302534,113.94163263281224,2025.0,HOU,canonical_source_team_frame,False,97.0,1.328427253260304,0.75,medium,2026-08-26,1,1,False,markdown_market_v1,33.73360147716359,3.360629452782616,77.49973674723904,33.73360147716359,33.73360147716359,False,incumbent,,,16.265885867069777,31.66041977221077,35.67445876717401
00-0033110,TE,2026,2.188224314511758,0.299817561652449,0.299817561652449,4.570314549525917,False,,,,,,,0.0992017728335829,9.966324626526932,1.124297273810798,,,1.7950330585136949,False,False,False,False,Tyler Higbee,LA,veteran_model,False,,False,ACT,2.0,backup,,curated,17.0,11.50647312423436,0b8c9cb1-e3ed-4936-88ef-94b51df10e96,healthy17_qbroom_concentration_v1,1.0,not_applicable,1.0,False,2.0,17.0,,,,,,,,34.82297755064974,249.39921534190285,26.611874443882616,121.4158089351876,2025.0,LA,canonical_source_team_frame,False,-64.0,-0.6569431226177005,0.75,medium,2026-08-26,1,1,False,markdown_market_v1,37.199813346699884,5.129514948744508,75.44694228916842,37.199813346699884,37.199813346699884,False,incumbent,,,51.505187892874496,26.883625577156607,35.61032728601381
00-0036988,WR,2026,2.1363178409811647,0.1326540110514301,0.1326540110514301,5.644561776576847,False,,,,,,,0.0601042311662872,12.443399324717843,1.0910576291095402,,,1.6962703827083412,False,False,False,False,Josh Palmer,BUF,veteran_model,True,,False,ACT,,deep_bench,,deep_bench_discounted,17.0,3.2768575448293,0b8c9cb1-e3ed-4936-88ef-94b51df10e96,healthy17_qbroom_concentration_v1,1.0,not_applicable,1.0,False,3.0,17.0,,,,,,,,33.212884173930405,232.0006812309425,28.02188237819293,133.5452190763655,2025.0,BUF,canonical_source_team_frame,False,-94.0,-1.282072115433637,0.62,medium,2026-08-26,1,1,False,markdown_market_v1,36.3174032966798,2.235270369403419,95.12945094726813,36.3174032966798,36.3174032966798,False,incumbent,,,27.2743003143521,0.0,36.3174032966798
00-0036423,TE,2026,2.0430473989330813,0.3483992601447424,0.3483992601447424,4.566553116896364,False,,,,,,,0.1216706041055393,6.9389729593721095,1.4526187667191794,,,1.729696257807117,False,True,False,False,Albert Okwuegbunam,LV,veteran_model,True,,False,ACT,,deep_bench,,deep_bench_discounted,17.0,3.760771991745928,0b8c9cb1-e3ed-4936-88ef-94b51df10e96,healthy17_qbroom_concentration_v1,1.0,not_applicable,1.0,False,5.0,17.0,,,,,,,,33.854801045689456,214.5498181545603,25.409147592119822,101.32508075439344,2025.0,LV,canonical_source_team_frame,False,,,0.0,none,2026-08-26,0,0,False,markdown_market_v1,34.731805781862384,5.9439782287310505,77.85664218837852,34.731805781862384,34.731805781862384,False,incumbent,,,18.85672313809617,2.28931569530168,36.495703853391966
00-0035359,WR,2026,1.9058195228905186,0.1326192412454022,0.1326192412454022,5.574558496830673,False,,,,,,,0.0723809681927837,10.9977915023511,1.0928517897725851,,,1.627282459507876,False,False,False,False,David Sills,TB,veteran_model,True,,True,ACT,,deep_bench,,deep_bench_discounted,17.0,2.97126203234456,0b8c9cb1-e3ed-4936-88ef-94b51df10e96,healthy17_qbroom_concentration_v1,1.0,not_applicable,1.0,False,7.0,17.0,,,,,,,,33.55035103578723,223.7141596661014,27.73776146084954,117.79149136744992,2025.0,TB,canonical_source_team_frame,False,,,0.0,none,2026-08-26,0,0,False,markdown_market_v1,32.398931889138815,2.0241838106503054,86.97532871861637,32.398931889138815,32.398931889138815,False,incumbent,,,25.79188926328694,0.0,32.398931889138815
00-0039739,WR,2026,1.8865623084762073,0.0,0.0,5.568445528558587,False,,,,,,,0.0883667473666107,12.349584597251935,0.6184378841623197,,,1.1828688264181697,False,False,False,False,Roman Wilson,PIT,veteran_model,False,,False,ACT,3.0,starter,SWR,curated,17.0,12.616862282015678,0b8c9cb1-e3ed-4936-88ef-94b51df10e96,healthy17_qbroom_concentration_v1,1.0,not_applicable,1.0,False,3.0,17.0,,,,,,,,33.53074981559085,220.60629098765008,26.566881241231517,113.38878134930282,2025.0,PIT,canonical_source_team_frame,False,63.0,0.7886450333492299,0.75,medium,2026-08-26,1,1,False,markdown_market_v1,32.071559244095525,0.0,85.75225907446779,32.071559244095525,32.071559244095525,False,incumbent,,,21.87553629846761,25.500926932624186,32.071559244095525
00-0033955,RB,2026,1.969499017561463,0.0299294599769109,0.0299294599769109,6.163158640616144,False,,1.619565825908091,,,,,0.0180272806063536,5.351679605396705,0.495907687538894,0.0565870232545461,8.181549199597987,0.9739469730702024,False,False,False,False,Jeremy McNichols,WAS,veteran_model,True,,False,ACT,,deep_bench,,deep_bench_discounted,17.0,4.725083215735886,0b8c9cb1-e3ed-4936-88ef-94b51df10e96,healthy17_qbroom_concentration_v1,1.0,concentration_v1_full_board,1.0,False,4.0,17.0,,,,,,,,32.67144533753111,214.92336904810367,27.29070180650144,124.16028766147345,2025.0,WAS,canonical_source_team_frame,False,-84.0,-1.3259710089879877,0.75,medium,2026-08-26,1,1,False,markdown_market_v1,33.48148329854487,0.5088008196074859,100.7011950442804,33.48148329854487,33.48148329854487,False,incumbent,,,13.562833612369518,3.927384531163799,33.48148329854487
00-0039373,RB,2026,2.014423234519306,0.0781744050416961,0.0781744050416961,5.884895232391379,False,,1.9018043595564431,,,,,0.0226633560097707,2.6751186493011776,0.3806708384844967,0.1223064195058615,7.1954358829569465,0.4666632515313291,False,False,False,False,Audric Estimé,NO,veteran_model,True,,False,ACT,,deep_bench,,deep_bench_discounted,17.0,2.421172156652147,0b8c9cb1-e3ed-4936-88ef-94b51df10e96,healthy17_qbroom_concentration_v1,1.0,concentration_v1_full_board,1.0,False,6.0,17.0,,,,,,,,34.20731916190036,231.16668439742472,26.96687552570446,109.19074388858569,2025.0,NO,canonical_source_team_frame,False,-10.0,-0.2971817419840971,0.75,medium,2026-08-26,1,1,False,markdown_market_v1,34.2451949868282,1.3289648857088343,97.68621018208005,34.2451949868282,34.2451949868282,False,incumbent,,,25.349331408825755,0.0,34.2451949868282
00-0033857,WR,2026,1.790344376860314,0.0856415205035175,0.0856415205035175,5.525296581108674,False,,,,,,,0.0581348551876031,11.903627586125776,0.9841140976358176,,,1.5470477722561555,False,False,True,True,JuJu Smith-Schuster,NYG,veteran_model,True,,True,ACT,,deep_bench,,deep_bench_discounted,17.0,3.400124620960441,0b8c9cb1-e3ed-4936-88ef-94b51df10e96,healthy17_qbroom_concentration_v1,1.0,not_applicable,1.0,False,6.0,17.0,,,,,,,,33.24864013753459,223.72476972874463,27.99474579779997,122.73497314685248,2025.0,NYG,canonical_source_team_frame,False,,,0.0,none,2026-08-26,0,0,False,markdown_market_v1,30.43585440662534,1.2518642541459435,83.03461183135713,30.43585440662534,30.43585440662534,False,incumbent,,,19.63612802927673,0.0,30.43585440662534
00-0040078,RB,2026,2.0089119998613207,0.0353434839700214,0.0353434839700214,6.1214032656628365,False,,1.7664749976884724,,,,,0.0061137567804508,5.978122275038137,0.6774520135390096,0.0394317546748788,8.15725410762833,1.0249720810285334,False,False,False,False,Brashard Smith,KC,veteran_model,True,,False,ACT,,deep_bench,,deep_bench_discounted,17.0,3.0106069895721776,0b8c9cb1-e3ed-4936-88ef-94b51df10e96,healthy17_qbroom_concentration_v1,1.0,concentration_v1_full_board,1.0,False,4.0,17.0,,,,,,,,35.16321475705483,230.551485538654,25.943035799993208,113.16190955700952,2025.0,KC,canonical_source_team_frame,False,100.0,1.3830511696814078,0.62,medium,2026-08-26,1,1,False,markdown_market_v1,34.15150399764245,0.6008392274903651,103.61199323510805,34.15150399764245,34.15150399764245,False,incumbent,,,16.935076186726544,0.0063634282850983,34.15150399764245
00-0040729,WR,2026,2.0289628277161342,0.0761769872912493,0.0761769872912493,5.484676130395512,False,,,,,,,0.0635627411138253,11.281286048460654,0.9622068726278524,,,1.506067467959589,False,False,False,False,Jack Bech,LV,veteran_model,False,,False,ACT,3.0,starter,SWR,curated,17.0,12.42657678435679,0b8c9cb1-e3ed-4936-88ef-94b51df10e96,healthy17_qbroom_concentration_v1,1.0,not_applicable,1.0,False,3.0,17.0,,,,,,,,33.854801045689456,214.5498181545603,25.409147592119822,101.32508075439344,2025.0,LV,canonical_source_team_frame,False,-7.0,-0.0642153453527986,0.62,medium,2026-08-26,1,1,False,markdown_market_v1,34.49236807117428,1.3200578997518206,94.06635336974264,34.49236807117428,34.49236807117428,False,incumbent,,,29.94866433402528,38.41778367616625,34.49236807117428
00-0032775,WR,2026,2.0165299324726287,0.0938978603389822,0.0938978603389822,5.461118460302565,False,,,,,,,0.0636955322064634,10.83265244729742,1.0032247595629478,,,1.59390568806879,False,False,False,False,Demarcus Robinson,SF,veteran_model,True,,False,ACT,,deep_bench,,deep_bench_discounted,17.0,2.8040860597763646,0b8c9cb1-e3ed-4936-88ef-94b51df10e96,healthy17_qbroom_concentration_v1,1.0,not_applicable,1.0,False,6.0,17.0,,,,,,,,34.25083482490253,240.1256936965456,26.958300492590134,112.8835201485632,2025.0,SF,canonical_source_team_frame,False,,,0.0,none,2026-08-26,0,0,False,markdown_market_v1,34.28100885203469,1.6514225736186012,95.94066034892576,34.28100885203469,34.28100885203469,False,incumbent,,,21.669633414181448,0.0,34.28100885203469
00-0036422,TE,2026,1.8637509439723932,0.2269694223090845,0.2269694223090845,4.374037450314267,False,,,,,,,0.0791279963396627,9.87499327233744,0.9908946641524384,,,1.349197082389777,False,False,False,False,Adam Trautman,DEN,veteran_model,False,,False,ACT,1.0,starter,,curated,17.0,14.88770579521752,0b8c9cb1-e3ed-4936-88ef-94b51df10e96,healthy17_qbroom_concentration_v1,1.0,not_applicable,1.0,False,2.0,17.0,,,,,,,,34.86796196556067,230.0636551213692,26.57618138477283,117.91787351632536,2025.0,DEN,canonical_source_team_frame,False,-14.0,-0.0204236629420734,0.75,medium,2026-08-26,1,1,False,markdown_market_v1,31.683766047530685,3.671767614446515,73.33829415400706,31.683766047530685,31.683766047530685,False,incumbent,,,22.589080114923423,37.9477105545684,32.69428670670927
00-0039405,RB,2026,1.9482654628141556,0.1925286714666022,0.1925286714666022,6.215226020851,False,,2.6605996345456333,,,,,0.0058476222472909,1.2402662403490368,0.1312133928018818,0.0855085763832804,12.18190980280402,0.3290000994310207,False,False,False,False,Jawhar Jordan,HOU,veteran_model,True,,False,ACT,,deep_bench,,deep_bench_discounted,17.0,2.123345886789941,0b8c9cb1-e3ed-4936-88ef-94b51df10e96,healthy17_qbroom_concentration_v1,1.0,concentration_v1_full_board,1.0,False,3.0,17.0,,,,,,,,34.32483042096658,230.71531420889468,27.03402673302534,113.94163263281224,2025.0,HOU,canonical_source_team_frame,False,-36.0,-0.4414164825947818,0.75,medium,2026-08-26,1,1,False,markdown_market_v1,33.120512867840645,3.2729874149322384,104.60679541234067,33.120512867840645,33.120512867840645,False,incumbent,,,25.22170108068025,0.0,33.120512867840645
00-0040164,WR,2026,1.7699907163687694,0.0802764206680782,0.0802764206680782,5.438183542620868,False,,,,,,,0.0653959948643943,10.65892086820833,0.9716956881222014,,,1.6245447191079505,False,False,False,False,Jaylin Lane,WAS,veteran_model,True,,False,ACT,,deep_bench,,deep_bench_discounted,17.0,3.0799918414194134,0b8c9cb1-e3ed-4936-88ef-94b51df10e96,healthy17_qbroom_concentration_v1,1.0,not_applicable,1.0,False,6.0,17.0,,,,,,,,32.67144533753111,214.92336904810367,27.29070180650144,124.16028766147345,2025.0,WAS,canonical_source_team_frame,False,-41.0,-0.3429365366718556,0.75,medium,2026-08-26,1,1,False,markdown_market_v1,30.08984217826908,1.2680082267806283,84.09205555176969,30.08984217826908,30.08984217826908,False,incumbent,,,15.574877334118344,0.0,30.08984217826908
00-0040581,WR,2026,1.9456898613224098,0.0,0.0,5.418723385655008,False,,,,,,,0.0922541510684624,11.13869521907206,0.51452262956892,,,1.792203259744858,False,False,False,False,Dont'e Thornton Jr.,LV,veteran_model,True,,False,ACT,,deep_bench,,deep_bench_discounted,17.0,3.785395601379943,0b8c9cb1-e3ed-4936-88ef-94b51df10e96,healthy17_qbroom_concentration_v1,1.0,not_applicable,1.0,False,4.0,17.0,,,,,,,,33.854801045689456,214.5498181545603,25.409147592119822,101.32508075439344,2025.0,LV,canonical_source_team_frame,False,-90.0,-1.2483268455560534,0.62,medium,2026-08-26,1,1,False,markdown_market_v1,33.07672764248097,0.0,92.65071294104932,33.07672764248097,33.07672764248097,False,incumbent,,,16.828474319191177,2.1308606151129483,33.07672764248097
00-0038551,RB,2026,1.9005774866981415,0.24573910287802,0.24573910287802,5.966771177669367,False,,2.274133380299317,,,,,0.0154060989967187,1.077846014966657,0.2925608509618813,0.06684076861085,11.723723313950671,0.3390474591944347,False,False,False,False,Kendre Miller,NO,veteran_model,True,,False,ACT,,deep_bench,,deep_bench_discounted,17.0,2.2855182654569206,0b8c9cb1-e3ed-4936-88ef-94b51df10e96,healthy17_qbroom_concentration_v1,1.0,concentration_v1_full_board,1.0,False,4.0,17.0,,,,,,,,34.20731916190036,231.16668439742472,26.96687552570446,109.19074388858569,2025.0,NO,canonical_source_team_frame,False,-26.0,-0.3943799513015086,0.75,medium,2026-08-26,1,1,False,markdown_market_v1,32.309817273868404,4.17756474892634,99.30666988509012,32.309817273868404,32.309817273868404,False,incumbent,,,5.271478896290262,0.0,32.309817273868404
00-0041047,WR,2026,1.8398936635562957,0.2934004097474403,0.2934004097474403,4.156598402634922,False,,,,,,,0.06703096398682,10.816928495160246,0.8353465565942655,,,1.3718591743063444,False,False,False,False,Chris Brazzell II,CAR,rookie_rule,True,drafted,False,,,deep_bench,,deep_bench_discounted,17.0,7.888888888888889,0b8c9cb1-e3ed-4936-88ef-94b51df10e96,healthy17_qbroom_concentration_v1,1.0,not_applicable,1.0,False,13.0,17.0,no_data,,off_chart,0.5489943774515404,False,9.0,False,33.086654804365814,214.5319014599454,26.991967859866016,116.4978523275508,2025.0,CAR,canonical_source_team_frame,False,,,0.0,none,2026-08-26,0,0,False,markdown_market_v1,31.278192280457027,4.853510590471856,68.29050398321658,31.278192280457027,31.278192280457027,False,incumbent,,,19.366537520188317,11.27931221637895,31.278192280457027
00-0035100,QB,2026,0.8127878351779693,-0.4296839596823982,0.0,6.1221894208478576,True,3.309591319838839,0.573913765188886,1.5983951931235474,0.085244766491036,0.1978806093506681,24.50504361468169,,,,0.0157582796227451,1.89496623054326,,False,False,False,False,Jake Browning,TB,veteran_model,False,,True,ACT,2.0,backup,,curated,17.0,6.532094693851412,0b8c9cb1-e3ed-4936-88ef-94b51df10e96,healthy17_qbroom_concentration_v1,1.0,not_applicable,1.0,False,2.0,17.0,,,,,,,,33.55035103578723,223.7141596661014,27.73776146084954,117.79149136744992,2025.0,TB,canonical_source_team_frame,False,-10.0,-0.174039463672853,0.75,medium,2026-08-26,1,1,False,markdown_market_v1,13.817393198025478,0.0,103.40432550987244,13.817393198025478,13.817393198025478,False,incumbent,,,0.0,1.7724914398693623,34.54348299506369
00-0038685,RB,2026,1.8633304819763463,0.0448627333936189,0.0448627333936189,5.995835184852277,False,,1.6055990058025116,,,,,0.0101016093835977,3.888660594393289,0.5753405748728916,0.0504883264399165,8.441055211453257,0.6947002282824837,False,False,False,False,Chris Brooks,GB,veteran_model,True,,False,ACT,,deep_bench,,deep_bench_discounted,17.0,3.1434773798941253,0b8c9cb1-e3ed-4936-88ef-94b51df10e96,healthy17_qbroom_concentration_v1,1.0,concentration_v1_full_board,1.0,False,3.0,17.0,,,,,,,,32.64024951982665,227.6640713446097,27.556451830260983,118.45985840964596,2025.0,GB,canonical_source_team_frame,False,24.0,0.2843431323016719,0.75,medium,2026-08-26,1,1,False,markdown_market_v1,31.67661819359789,0.7626664676915214,101.06458805775956,31.67661819359789,31.67661819359789,False,incumbent,,,5.665806712546164,0.0,31.67661819359789
00-0038679,WR,2026,1.8511199085321224,0.0,0.0,5.356906459875092,False,,,,,,,0.0593990220726495,12.258259149807442,0.5612375398117644,,,0.9255332131355654,False,False,False,False,Tyrell Shavers,BUF,veteran_model,True,,False,ACT,,deep_bench,,deep_bench_discounted,17.0,3.806569730237393,0b8c9cb1-e3ed-4936-88ef-94b51df10e96,healthy17_qbroom_concentration_v1,1.0,not_applicable,1.0,False,7.0,17.0,,,,,,,,33.212884173930405,232.0006812309425,28.02188237819293,133.5452190763655,2025.0,BUF,canonical_source_team_frame,False,,,0.0,none,2026-08-26,0,0,False,markdown_market_v1,31.46903844504608,0.0,90.2810860956344,31.46903844504608,31.46903844504608,False,incumbent,,,18.251578426305112,0.0,31.46903844504608
00-0037112,TE,2026,1.9239616913125082,0.0813152679090083,0.0813152679090083,4.25528550680222,False,,,,,,,0.0837114457470426,8.546143179336548,0.9641594028399652,,,1.4891458733061036,False,False,False,False,Jake Tonges,SF,veteran_model,False,,False,ACT,2.0,backup,,curated,17.0,14.90244870412359,0b8c9cb1-e3ed-4936-88ef-94b51df10e96,healthy17_qbroom_concentration_v1,1.0,not_applicable,1.0,False,2.0,17.0,,,,,,,,34.25083482490253,240.1256936965456,26.958300492590134,112.8835201485632,2025.0,SF,canonical_source_team_frame,False,,,0.0,none,2026-08-26,0,0,False,markdown_market_v1,32.70734875231264,1.4204308662042855,74.8311345881086,32.70734875231264,32.70734875231264,False,incumbent,,,36.148118830209256,31.79818295440756,32.32504096587968
00-0041041,TE,2026,1.727836244623101,0.1686013526582657,0.1686013526582657,3.993515952583458,False,,,,,,,0.0711997671484418,9.7539372959847,0.8709801665516612,,,1.3033947006273536,False,False,False,False,Oscar Delp,NO,rookie_rule,True,drafted,False,,,deep_bench,,deep_bench_discounted,17.0,12.465116279069768,0b8c9cb1-e3ed-4936-88ef-94b51df10e96,healthy17_qbroom_concentration_v1,1.0,not_applicable,1.0,False,3.0,17.0,no_data,,off_chart,0.5762396615807679,False,4.0,True,34.20731916190036,231.16668439742472,26.96687552570446,109.19074388858569,2025.0,NO,canonical_source_team_frame,False,,,0.0,none,2026-08-26,0,0,False,markdown_market_v1,29.37321615859272,2.7426541964733646,64.05813172435448,29.37321615859272,29.37321615859272,False,incumbent,,,28.371998065501327,22.58624825795478,29.484462613380654
00-0039792,WR,2026,1.6979199896809754,0.0,0.0,5.32508629370715,False,,,,,,,0.0502436829769169,11.712615656941908,0.7165899751977785,,,1.2423676805677923,False,False,False,False,Devontez Walker,BAL,veteran_model,False,,False,ACT,2.0,starter,RWR,curated,17.0,11.616915054678003,0b8c9cb1-e3ed-4936-88ef-94b51df10e96,healthy17_qbroom_concentration_v1,1.0,not_applicable,1.0,False,3.0,17.0,,,,,,,,31.37799975249296,213.6518141922886,28.079230857805165,132.67231187281823,2025.0,BAL,canonical_source_team_frame,False,-16.0,-0.14769195552817,0.75,medium,2026-08-26,1,1,False,markdown_market_v1,28.86463982457658,0.0,82.71034985217933,28.86463982457658,28.86463982457658,False,incumbent,,,12.389149133937709,25.058821979812773,28.86463982457658
00-0038359,WR,2026,1.7783277597331713,0.0,0.0,5.302908840181804,False,,,,,,,0.0468242560332894,10.77359939284336,0.8782005994973235,,,0.8782005994973235,False,True,False,False,Xavier Smith,LA,veteran_model,True,,False,ACT,,deep_bench,,deep_bench_discounted,17.0,2.700533863034995,0b8c9cb1-e3ed-4936-88ef-94b51df10e96,healthy17_qbroom_concentration_v1,1.0,not_applicable,1.0,False,4.0,17.0,,,,,,,,34.82297755064974,249.39921534190285,26.611874443882616,121.4158089351876,2025.0,LA,canonical_source_team_frame,False,,,0.0,none,2026-08-26,0,0,False,markdown_market_v1,30.23157191546391,0.0,87.74466539610629,30.23157191546391,30.23157191546391,False,incumbent,,,19.156318874864898,0.0179144770480383,30.23157191546391
00-0040704,QB,2026,0.742749878681186,-0.7946577471451083,0.0,7.136359163816686,True,6.231766832802212,0.5965182881340806,3.30488874095367,0.0949350754009558,0.200654937800472,17.174776165408467,,,,0.0261386855631171,3.402082580794038,,False,False,False,False,Dillon Gabriel,CLE,veteran_model,True,,False,ACT,,deep_bench,,deep_bench_discounted,17.0,1.8505893594754903,0b8c9cb1-e3ed-4936-88ef-94b51df10e96,healthy17_qbroom_concentration_v1,1.0,not_applicable,1.0,False,3.0,17.0,,,,,,,,33.82707987620956,210.09032913022048,26.55432348725456,109.36695682546336,2025.0,CLE,canonical_source_team_frame,False,-16.0,-0.2382140888967614,0.75,medium,2026-08-26,1,1,False,markdown_market_v1,12.626747937580163,0.0,111.74330408125438,12.626747937580163,12.626747937580163,False,incumbent,,,0.0,0.0,31.566869843950407
00-0036754,TE,2026,1.7243922984549993,0.0614361393155539,0.0614361393155539,4.176338420473226,False,,,,,,,0.0772374627738125,8.207191999873242,0.9517432617533996,,,1.3434668805763372,False,False,False,False,Brock Wright,DET,veteran_model,False,,False,ACT,2.0,backup,,curated,17.0,14.268631535978772,0b8c9cb1-e3ed-4936-88ef-94b51df10e96,healthy17_qbroom_concentration_v1,1.0,not_applicable,1.0,False,2.0,17.0,,,,,,,,33.93703078284322,246.2148467705308,26.80245988676499,118.24421493778569,2025.0,DET,canonical_source_team_frame,False,,,0.0,none,2026-08-26,0,0,False,markdown_market_v1,29.314669073734986,0.9706734533481765,67.5824690176307,29.314669073734986,29.314669073734986,False,incumbent,,,37.27833679383124,26.4131364652812,28.4298171048354
00-0037563,RB,2026,1.749468784291835,0.1486676334976945,0.1486676334976945,5.9910889823894165,False,,3.011121148742155,,,,,0.0037431091975744,2.460968976550736,0.3433836039130607,0.0320888670096517,11.215724401994212,0.5109894909615791,False,False,False,False,Malik Davis,DAL,veteran_model,True,,False,ACT,,deep_bench,,deep_bench_discounted,17.0,3.881357387085254,0b8c9cb1-e3ed-4936-88ef-94b51df10e96,healthy17_qbroom_concentration_v1,1.0,concentration_v1_full_board,1.0,False,3.0,17.0,,,,,,,,34.85375341295928,250.071496061463,26.933211492050265,120.7564084896434,2025.0,DAL,canonical_source_team_frame,False,,,0.0,none,2026-08-26,0,0,False,markdown_market_v1,29.740969332961196,2.527349769460807,102.06894340346982,29.740969332961196,29.740969332961196,False,incumbent,,,20.217620326695595,0.6764975778728763,29.740969332961196
00-0036626,WR,2026,1.5884042473604874,0.0487621871413805,0.0487621871413805,5.238320706614473,False,,,,,,,0.0596827062967689,9.367814309579696,0.8987507906466415,,,1.4003855636413216,False,False,False,False,Dyami Brown,WAS,veteran_model,True,,True,ACT,,deep_bench,,deep_bench_discounted,17.0,3.1762406279065303,0b8c9cb1-e3ed-4936-88ef-94b51df10e96,healthy17_qbroom_concentration_v1,1.0,not_applicable,1.0,False,5.0,17.0,,,,,,,,32.67144533753111,214.92336904810367,27.29070180650144,124.16028766147345,2025.0,WAS,canonical_source_team_frame,False,41.0,0.5548871783877177,0.75,medium,2026-08-26,1,1,False,markdown_market_v1,27.002872205128284,0.7702243564986696,81.0050855786289,27.002872205128284,27.002872205128284,False,incumbent,,,19.326636328287226,0.0,27.002872205128284
00-0035500,WR,2026,1.6412404403109981,0.1198515945090285,0.1198515945090285,5.237343274272561,False,,,,,,,0.0341608387762072,10.066611175294891,1.0632989630665206,,,1.5194277742582838,False,False,False,False,Greg Dortch,DET,veteran_model,True,,True,ACT,,deep_bench,,deep_bench_discounted,17.0,4.464146004363444,0b8c9cb1-e3ed-4936-88ef-94b51df10e96,healthy17_qbroom_concentration_v1,1.0,not_applicable,1.0,False,4.0,17.0,,,,,,,,33.93703078284322,246.2148467705308,26.80245988676499,118.24421493778569,2025.0,DET,canonical_source_team_frame,False,27.0,0.3900166635591421,0.62,medium,2026-08-26,1,1,False,markdown_market_v1,27.90108748528697,1.8936209603573,84.65473185756906,27.90108748528697,27.90108748528697,False,incumbent,,,24.6030574667023,1.2901809697459403,27.90108748528697
00-0035631,TE,2026,1.7253255922974877,0.0080601902517706,0.0080601902517706,4.151726584871371,False,,,,,,,0.0822902918375877,8.487255070466182,0.7858730276657991,,,1.2938117129239284,False,False,False,False,Drew Sample,CIN,veteran_model,False,,False,ACT,1.0,starter,,curated,17.0,15.95643862715061,0b8c9cb1-e3ed-4936-88ef-94b51df10e96,healthy17_qbroom_concentration_v1,1.0,not_applicable,1.0,False,2.0,17.0,,,,,,,,35.76282862419232,238.6281952536197,25.12248933429627,107.39911528359622,2025.0,CIN,canonical_source_team_frame,False,,,0.0,none,2026-08-26,0,0,False,markdown_market_v1,29.33053506905729,0.1366890516166063,71.42021087769379,29.33053506905729,29.33053506905729,False,incumbent,,,24.593735525462577,33.573949807577705,29.856846129456702
00-0030035,WR,2026,1.7268646976854856,0.0,0.0,5.225462536323672,False,,,,,,,0.0584039208909046,10.773018593462703,0.6073390181588099,,,0.8133000748379058,False,False,False,False,Adam Thielen,MIN,veteran_model,True,,False,RET,,deep_bench,,deep_bench_discounted,17.0,1.978570859172784,0b8c9cb1-e3ed-4936-88ef-94b51df10e96,healthy17_qbroom_concentration_v1,1.0,not_applicable,1.0,False,,17.0,,,,,,,,33.31986938890707,212.12724988326613,25.99228043038729,113.38707277968209,2025.0,MIN,canonical_source_team_frame,False,,,0.0,none,2026-08-26,0,0,False,markdown_market_v1,29.356699860653254,0.0,88.0039667238729,29.356699860653254,29.356699860653254,False,incumbent,,,29.356699860653254,0.0,29.356699860653254
00-0040234,QB,2026,0.7993974760547067,-1.15176341378934,0.0,9.172012331354864,True,4.989777739300653,0.5052087792187429,3.2910163702409454,0.1626291053773665,0.1496933321790196,28.24023150272632,,,,0.0164227854611768,2.2764064368691197,,False,False,False,False,Quinn Ewers,MIA,veteran_model,False,,False,ACT,2.0,backup,,curated,17.0,6.0445881613967085,0b8c9cb1-e3ed-4936-88ef-94b51df10e96,healthy17_qbroom_concentration_v1,1.0,not_applicable,1.0,False,2.0,17.0,,,,,,,,32.36223621091209,214.6126867270503,26.74474106089619,118.31799054444193,2025.0,MIA,canonical_source_team_frame,False,-25.0,-0.2606664055568682,0.62,medium,2026-08-26,1,1,False,markdown_market_v1,13.589757092930013,0.0,155.79462850813022,13.589757092930013,13.589757092930013,False,incumbent,,,0.0,4.727605891451608,33.97439273232503
00-0040466,RB,2026,1.7082919059587411,0.0125106169863132,0.0125106169863132,5.970283148511043,False,,1.3514983390608544,,,,,0.005287348894438,1.8257960171834369,0.1935555836739456,0.0861050439904787,8.812055624978205,0.1935555836739456,False,True,False,False,Raheim Sanders,CLE,veteran_model,True,,False,ACT,,deep_bench,,deep_bench_discounted,17.0,2.365392826570916,0b8c9cb1-e3ed-4936-88ef-94b51df10e96,healthy17_qbroom_concentration_v1,1.0,concentration_v1_full_board,1.0,False,3.0,17.0,,,,,,,,33.82707987620956,210.09032913022048,26.55432348725456,109.36695682546336,2025.0,CLE,canonical_source_team_frame,False,,,0.0,none,2026-08-26,0,0,False,markdown_market_v1,29.0409624012986,0.2126804887673252,101.09979834183434,29.0409624012986,29.0409624012986,False,incumbent,,,23.722783110353,0.0,29.0409624012986
00-0038839,WR,2026,1.72179073771696,0.0,0.0,5.197273694868536,False,,,,,,,0.0792579638503765,9.020843359970923,0.6511478664332319,,,1.2978911533378197,False,False,False,False,Mitchell Tinsley,CIN,veteran_model,True,,False,ACT,,deep_bench,,deep_bench_discounted,17.0,5.005335743826167,0b8c9cb1-e3ed-4936-88ef-94b51df10e96,healthy17_qbroom_concentration_v1,1.0,not_applicable,1.0,False,5.0,17.0,,,,,,,,35.76282862419232,238.6281952536197,25.12248933429627,107.39911528359622,2025.0,CIN,canonical_source_team_frame,False,,,0.0,none,2026-08-26,0,0,False,markdown_market_v1,29.27044254118832,0.0,89.40554638783397,29.27044254118832,29.27044254118832,False,incumbent,,,24.38803267713997,2.5287612423556025,29.27044254118832
00-0037267,RB,2026,1.622632761372592,0.0,0.0,5.737414383538323,False,,1.3615798621188553,,,,,0.0148171510401446,3.538963742800977,0.7078403428634578,0.0367499209324208,6.730328833740552,1.0427448008982512,False,False,False,False,Jerome Ford,WAS,veteran_model,True,,True,ACT,,deep_bench,,deep_bench_discounted,17.0,2.184967400085963,0b8c9cb1-e3ed-4936-88ef-94b51df10e96,healthy17_qbroom_concentration_v1,1.0,concentration_v1_full_board,1.0,False,5.0,17.0,,,,,,,,32.67144533753111,214.92336904810367,27.29070180650144,124.16028766147345,2025.0,WAS,canonical_source_team_frame,False,-52.0,-0.5419212399332801,0.75,medium,2026-08-26,1,1,False,markdown_market_v1,27.584756943334064,0.0,93.6648979894683,27.584756943334064,27.584756943334064,False,incumbent,,,2.587549551086724,0.0,27.584756943334064
00-0040590,WR,2026,1.654738747982167,0.0,0.0,5.182913247143013,False,,,,,,,0.0650686687369235,9.518048169281004,0.6932575504816062,,,1.3459275744976484,False,False,False,False,Konata Mumpfield,LA,veteran_model,True,,False,ACT,,deep_bench,,deep_bench_discounted,17.0,4.472163660641457,0b8c9cb1-e3ed-4936-88ef-94b51df10e96,healthy17_qbroom_concentration_v1,1.0,not_applicable,1.0,False,5.0,17.0,,,,,,,,34.82297755064974,249.39921534190285,26.611874443882616,121.4158089351876,2025.0,LA,canonical_source_team_frame,False,-57.0,-0.428482847540118,0.75,medium,2026-08-26,1,1,False,markdown_market_v1,28.13055871569684,0.0,85.44997027928255,28.13055871569684,28.13055871569684,False,incumbent,,,18.385017729856244,1.5363095277413688,28.13055871569684
00-0027973,QB,2026,0.7120318988729548,-0.3404999760328324,0.0,5.186822737805342,True,3.591487456681161,0.4412654200809853,1.9638629629953024,0.0687650510036263,0.2154892474008696,19.430447916262867,,,,0.0073645148660531,1.2335758090998326,,False,False,False,False,Andy Dalton,PHI,veteran_model,True,,True,ACT,,deep_bench,,deep_bench_discounted,17.0,2.250244565778556,0b8c9cb1-e3ed-4936-88ef-94b51df10e96,healthy17_qbroom_concentration_v1,1.0,not_applicable,1.0,False,2.0,17.0,,,,,,,,32.806418334792035,217.8630465484892,27.532262539569395,119.01828343531058,2025.0,PHI,canonical_source_team_frame,False,,,0.0,none,2026-08-26,0,0,False,markdown_market_v1,12.104542280840231,0.7278471132587248,86.28965649092886,12.104542280840231,12.104542280840231,False,incumbent,,,0.0,0.0,30.261355702100577
00-0037742,WR,2026,1.5067067133106387,0.0,0.0,5.151908105019327,False,,,,,,,0.0571212780355697,10.037854646534653,0.6226546591997516,,,1.6775140052594402,False,False,False,False,Treylon Burks,WAS,veteran_model,True,,False,ACT,,deep_bench,,deep_bench_discounted,17.0,3.7711672781693033,0b8c9cb1-e3ed-4936-88ef-94b51df10e96,healthy17_qbroom_concentration_v1,1.0,not_applicable,1.0,False,4.0,17.0,,,,,,,,32.67144533753111,214.92336904810367,27.29070180650144,124.16028766147345,2025.0,WAS,canonical_source_team_frame,False,-61.0,-0.4647750203051147,0.75,medium,2026-08-26,1,1,False,markdown_market_v1,25.614014126280857,0.0,79.61622749978146,25.614014126280857,25.614014126280857,False,incumbent,,,30.586839441187127,0.0179144770480383,25.614014126280857
00-0035249,TE,2026,1.6533298698682088,0.0056863164418602,0.0056863164418602,4.073890567159097,False,,,,,,,0.081712669906384,7.497829022867928,0.8350176649353457,,,1.105467214361898,False,False,False,False,Josh Oliver,MIN,veteran_model,False,,False,ACT,2.0,backup,,curated,17.0,15.091259016568385,0b8c9cb1-e3ed-4936-88ef-94b51df10e96,healthy17_qbroom_concentration_v1,1.0,not_applicable,1.0,False,2.0,17.0,,,,,,,,33.31986938890707,212.12724988326613,25.99228043038729,113.38707277968209,2025.0,MIN,canonical_source_team_frame,False,,,0.0,none,2026-08-26,0,0,False,markdown_market_v1,28.10660778775955,0.0957107077798769,68.50715965698943,28.10660778775955,28.10660778775955,False,incumbent,,,30.319882309634004,30.731300869573325,27.860688396440167
00-0038720,TE,2026,0.0726627299039933,0.0442267014992499,0.0442267014992499,4.063293854822818,False,,,,,,,0.0562080369747441,8.848920182940974,0.8496616034278558,,,1.0376075457355074,False,True,False,False,Julian Hill,NE,veteran_model,True,,True,RES,,deep_bench,,deep_bench_discounted,0.0,6.789866029336944,0b8c9cb1-e3ed-4936-88ef-94b51df10e96,healthy17_qbroom_concentration_v1,1.0,not_applicable,1.0,False,7.0,0.0,,,,,,,,33.74543089702036,243.75247513831917,27.01222693387557,121.7111389498118,2025.0,NE,canonical_source_team_frame,False,,,0.0,none,2026-08-26,0,0,False,markdown_market_v1,1.2352664083678861,0.0,0.0,1.2352664083678861,1.2352664083678861,False,incumbent,,,12.35266408367886,5.3298720283053065,0.0
00-0039451,WR,2026,1.4505099425112047,0.1614230831043381,0.1614230831043381,5.140852721656373,False,,,,,,,0.0365266932006674,8.478634008181364,1.1595230381633272,,,1.4780812029814412,False,False,True,True,Isaiah Williams,NYJ,veteran_model,True,,False,ACT,,deep_bench,,deep_bench_discounted,17.0,4.039921876050783,0b8c9cb1-e3ed-4936-88ef-94b51df10e96,healthy17_qbroom_concentration_v1,1.0,not_applicable,1.0,False,5.0,17.0,,,,,,,,32.41879516501858,201.132721478803,27.47972793367314,119.35043810725364,2025.0,NYJ,canonical_source_team_frame,False,,,0.0,none,2026-08-26,0,0,False,markdown_market_v1,24.65866902269048,2.4176390001195647,76.9895211487204,24.65866902269048,24.65866902269048,False,incumbent,,,31.20785880475532,0.0,24.65866902269048
00-0040879,TE,2026,1.53897390272426,0.0,0.0,4.404502545062247,False,,,,,,,0.060086997447231,8.829297948877972,0.8010394862061373,,,1.1919030517363365,False,False,False,False,Matthew Hibner,BAL,rookie_rule,True,drafted,False,,,deep_bench,,deep_bench_discounted,17.0,2.4814814814814814,0b8c9cb1-e3ed-4936-88ef-94b51df10e96,healthy17_qbroom_concentration_v1,1.0,not_applicable,1.0,False,3.0,17.0,above_median,,off_chart,0.9353423382385936,False,27.0,False,31.37799975249296,213.6518141922886,28.079230857805165,132.67231187281823,2025.0,BAL,canonical_source_team_frame,False,-52.0,-0.5237246898204234,0.75,medium,2026-08-26,1,1,False,markdown_market_v1,26.162556346312417,0.0,68.82651042144391,26.162556346312417,26.162556346312417,False,incumbent,,,29.868548826798364,0.0,25.7507794040362
00-0036972,QB,2026,0.6140593060156289,-0.8866363895005671,0.0,6.36023901556011,True,4.830856488790885,0.9108103878452452,3.306854323824139,0.1339399584668857,0.2898513893274531,8.395213052096707,,,,0.0254103451676862,2.605891757759717,,False,False,False,False,Mac Jones,SF,veteran_model,False,,False,ACT,2.0,backup,,curated,17.0,6.472008600202613,0b8c9cb1-e3ed-4936-88ef-94b51df10e96,healthy17_qbroom_concentration_v1,1.0,not_applicable,1.0,False,2.0,17.0,,,,,,,,34.25083482490253,240.1256936965456,26.958300492590134,112.8835201485632,2025.0,SF,canonical_source_team_frame,False,-73.0,-0.796972017088332,0.62,medium,2026-08-26,1,1,False,markdown_market_v1,10.43900820226569,0.0,87.37264428297875,10.43900820226569,10.43900820226569,False,incumbent,,,0.0,2.700032442262942,26.09752050566422
00-0040238,RB,2026,1.583184590819872,0.0,0.0,5.88431480484893,False,,2.2543002948275985,,,,,0.0092152337343241,2.6965201601443267,0.4925120933448143,0.0510304321653697,7.372532659269363,0.507047836864753,False,False,False,False,LeQuint Allen Jr.,JAX,veteran_model,True,,False,ACT,,deep_bench,,deep_bench_discounted,17.0,2.427409868604532,0b8c9cb1-e3ed-4936-88ef-94b51df10e96,healthy17_qbroom_concentration_v1,1.0,concentration_v1_full_board,1.0,False,3.0,17.0,,,,,,,,34.281392912743186,230.86210034575595,27.465841920542964,117.91153249278577,2025.0,JAX,canonical_source_team_frame,False,26.0,0.2448610035535192,0.62,medium,2026-08-26,1,1,False,markdown_market_v1,26.914138043937825,0.0,98.54604266649014,26.914138043937825,26.914138043937825,False,incumbent,,,1.0914699867620066,0.0,26.914138043937825
00-0026158,QB,2026,0.6361066250516499,0.2413383331770187,0.2413383331770187,3.5784704147244706,False,2.634867705862605,0.9124478774516256,1.264425096141765,0.0508418151034919,0.1580920623517563,16.9755081445504,,,,0.0399035192351366,1.5587071477072605,,False,False,False,False,Joe Flacco,CIN,veteran_model,False,,False,ACT,2.0,backup,,curated,17.0,8.259082051596472,0b8c9cb1-e3ed-4936-88ef-94b51df10e96,healthy17_qbroom_concentration_v1,1.0,not_applicable,1.0,False,2.0,17.0,,,,,,,,35.76282862419232,238.6281952536197,25.12248933429627,107.39911528359622,2025.0,CIN,canonical_source_team_frame,False,,,0.0,none,2026-08-26,0,0,False,markdown_market_v1,10.813812625878048,6.946401770217979,57.50612313266382,10.813812625878048,10.813812625878048,False,incumbent,,,0.0,3.4602536653280387,27.03453156469512
00-0036755,RB,2026,1.6041194559604088,0.1108768414371138,0.1108768414371138,5.651312993058871,False,,1.5795522006475493,,,,,0.0023321677533288,0.4785740161759873,0.1067878383377812,0.0943598524905066,9.226652924022249,0.2221962677397803,False,False,False,False,Jaret Patterson,LAC,veteran_model,True,,False,ACT,,deep_bench,,deep_bench_discounted,17.0,2.079554413986982,0b8c9cb1-e3ed-4936-88ef-94b51df10e96,healthy17_qbroom_concentration_v1,1.0,concentration_v1_full_board,1.0,False,4.0,17.0,,,,,,,,34.81239421539152,230.9924120352485,26.622477258704382,118.76948607670286,2025.0,LAC,canonical_source_team_frame,False,,,0.0,none,2026-08-26,0,0,False,markdown_market_v1,27.27003075132695,1.884906304430935,96.50678354321042,27.27003075132695,27.27003075132695,False,incumbent,,,4.284547601694431,0.0,27.27003075132695
00-0034613,TE,2026,1.5584477520117577,0.0003758049099458,0.0003758049099458,4.012379907860541,False,,,,,,,0.1116374906662587,6.05899438206384,0.640665425380553,,,0.9398247986188206,False,False,False,False,Tanner Hudson,CIN,veteran_model,True,,False,ACT,,deep_bench,,deep_bench_discounted,17.0,5.340175558653605,0b8c9cb1-e3ed-4936-88ef-94b51df10e96,healthy17_qbroom_concentration_v1,1.0,not_applicable,1.0,False,4.0,17.0,,,,,,,,35.76282862419232,238.6281952536197,25.12248933429627,107.39911528359622,2025.0,CIN,canonical_source_team_frame,False,40.0,0.1519988002615489,0.75,medium,2026-08-26,1,1,False,markdown_market_v1,26.49361178419988,0.0065586773603456,69.11021036085417,26.49361178419988,26.49361178419988,False,incumbent,,,17.014507328445127,1.9986478603925824,27.546845612617076
00-0040206,QB,2026,0.5378546474600695,-0.7391856401308111,0.0,6.927207906193042,True,4.28769630628086,0.6670439922995473,3.28385145055709,0.160963666563378,0.1526950986799155,23.02647754487068,,,,0.0287372805925601,2.020207257875986,,False,False,False,False,Riley Leonard,IND,veteran_model,False,,False,ACT,2.0,backup,,curated,17.0,5.310112001372448,0b8c9cb1-e3ed-4936-88ef-94b51df10e96,healthy17_qbroom_concentration_v1,1.0,not_applicable,1.0,False,3.0,17.0,,,,,,,,33.82190844602341,234.02468664293764,26.51465853299865,117.43030699843813,2025.0,IND,canonical_source_team_frame,False,19.0,0.2390283058038918,0.62,medium,2026-08-26,1,1,False,markdown_market_v1,9.143529006821181,0.0,90.4410819764068,9.143529006821181,9.143529006821181,False,incumbent,,,0.0,1.356046373546462,22.85882251705295
00-0032464,WR,2026,1.5475128861803542,0.0507776316199198,0.0507776316199198,5.0593911177423445,False,,,,,,,0.0330042591973225,9.155899851535132,0.9034158697046548,,,1.369065704977294,False,False,False,False,Kalif Raymond,CHI,veteran_model,False,,True,ACT,3.0,starter,SWR,curated,17.0,13.154876522254089,0b8c9cb1-e3ed-4936-88ef-94b51df10e96,healthy17_qbroom_concentration_v1,1.0,not_applicable,1.0,False,3.0,17.0,,,,,,,,33.74412762295005,231.616563841159,27.71808021893144,128.0128941200731,2025.0,CHI,canonical_source_team_frame,False,-1.0,-0.0127440933712842,0.75,medium,2026-08-26,1,1,False,markdown_market_v1,26.30771906506602,0.8474289614374582,85.75438883153686,26.30771906506602,26.30771906506602,False,incumbent,,,19.767374889339635,23.50941727194634,26.30771906506602
00-0037805,TE,2026,1.311570697308967,0.0,0.0,3.952206964592283,False,,,,,,,0.079499670001288,6.724544028004783,0.7728634576354982,,,1.1469296166988452,False,False,True,True,Jeremy Ruckert,NYJ,veteran_model,True,,False,ACT,,deep_bench,,deep_bench_discounted,17.0,8.251433260857144,0b8c9cb1-e3ed-4936-88ef-94b51df10e96,healthy17_qbroom_concentration_v1,1.0,not_applicable,1.0,False,3.0,17.0,,,,,,,,32.41879516501858,201.132721478803,27.47972793367314,119.35043810725364,2025.0,NYJ,canonical_source_team_frame,False,30.0,0.1014895606771028,0.62,medium,2026-08-26,1,1,False,markdown_market_v1,22.296701854252436,0.0,59.190703454988345,22.296701854252436,22.296701854252436,False,incumbent,,,15.940192778880776,7.280501587031215,23.002980640404843
00-0036898,QB,2026,0.6311883484189762,-0.8426749821503702,0.0,8.554118674584938,True,3.6147338711908175,0.5823635973361027,2.5882295406596967,0.1203544576501161,0.1084420161357245,23.82534014367672,,,,0.018965577253561,2.6925448506308647,,False,False,False,False,Davis Mills,HOU,veteran_model,False,,False,ACT,2.0,backup,,curated,17.0,4.552540252739628,0b8c9cb1-e3ed-4936-88ef-94b51df10e96,healthy17_qbroom_concentration_v1,1.0,not_applicable,1.0,False,2.0,17.0,,,,,,,,34.32483042096658,230.71531420889468,27.03402673302534,113.94163263281224,2025.0,HOU,canonical_source_team_frame,False,,,0.0,none,2026-08-26,0,0,False,markdown_market_v1,10.730201923122596,0.0,134.95000976732572,10.730201923122596,10.730201923122596,False,incumbent,,,0.0,1.0011082664581397,26.82550480780649
00-0035125,RB,2026,1.5139658686865234,0.0,0.0,5.3742556993506,False,,1.0704344106949346,,,,,0.0180530871340525,2.024526950950748,0.3265152551215015,0.0846801780947567,5.274541761883759,0.4120865397439676,False,False,False,False,Alec Ingold,LAC,veteran_model,True,,True,ACT,,deep_bench,,deep_bench_discounted,17.0,3.220045150774457,0b8c9cb1-e3ed-4936-88ef-94b51df10e96,healthy17_qbroom_concentration_v1,1.0,concentration_v1_full_board,1.0,False,,17.0,,,,,,,,34.81239421539152,230.9924120352485,26.622477258704382,118.76948607670286,2025.0,LAC,canonical_source_team_frame,False,,,0.0,none,2026-08-26,0,0,False,markdown_market_v1,25.737419767670897,0.0,91.87077752190318,25.737419767670897,25.737419767670897,False,incumbent,,,1.805303442682297,0.0,25.737419767670897
00-0040890,WR,2026,1.4856515332692675,0.0,0.0,4.679436067420345,False,,,,,,,0.0514611312072185,8.551850656656867,0.6708619661173127,,,1.1093189777739898,False,False,False,False,Cyrus Allen,KC,rookie_rule,True,drafted,False,,,deep_bench,,deep_bench_discounted,17.0,2.163636363636364,0b8c9cb1-e3ed-4936-88ef-94b51df10e96,healthy17_qbroom_concentration_v1,1.0,not_applicable,1.0,False,5.0,17.0,no_data,,off_chart,1.0,False,55.0,False,35.16321475705483,230.551485538654,25.943035799993208,113.16190955700952,2025.0,KC,canonical_source_team_frame,False,17.0,0.2778147820694365,0.7466666666666666,high,2026-08-26,1,2,False,markdown_market_v1,25.256076065577545,0.0,78.90757089722479,25.256076065577545,25.256076065577545,False,incumbent,161.7,67.586,17.103567278774264,0.0,25.256076065577545
00-0039751,WR,2026,1.457915505450487,0.0184626050146783,0.0184626050146783,4.980855095797164,False,,,,,,,0.0519425891307258,7.015344609377087,0.9471949150450644,,,1.0277431047964776,False,True,False,False,Jordan Whittington,LA,veteran_model,False,,False,ACT,3.0,starter,SWR,curated,17.0,13.343653740515684,0b8c9cb1-e3ed-4936-88ef-94b51df10e96,healthy17_qbroom_concentration_v1,1.0,not_applicable,1.0,False,3.0,17.0,,,,,,,,34.82297755064974,249.39921534190285,26.611874443882616,121.4158089351876,2025.0,LA,canonical_source_team_frame,False,-78.0,-0.9700619784332384,0.75,medium,2026-08-26,1,1,False,markdown_market_v1,24.78456359265828,0.3127014122536516,82.10397515624399,24.78456359265828,24.78456359265828,False,incumbent,,,10.485344166475857,19.89234374490484,24.78456359265828
00-0041529,WR,2026,1.3459747018852013,0.0,0.0,4.633177321439982,False,,,,,,,0.0509286866968469,8.467794255997873,0.6644493180994395,,,1.0988449080088962,False,False,False,False,Kevin Coleman Jr.,MIA,rookie_rule,True,drafted,False,,,deep_bench,,deep_bench_discounted,17.0,2.163636363636364,0b8c9cb1-e3ed-4936-88ef-94b51df10e96,healthy17_qbroom_concentration_v1,1.0,not_applicable,1.0,False,6.0,17.0,above_median,,off_chart,1.0,False,55.0,False,32.36223621091209,214.6126867270503,26.74474106089619,118.31799054444193,2025.0,MIA,canonical_source_team_frame,False,-38.0,-0.2656690615092824,0.62,medium,2026-08-26,1,1,False,markdown_market_v1,22.88156993204842,0.0,71.0681119007225,22.88156993204842,22.88156993204842,False,incumbent,,,34.324757911305575,0.0120520856628785,22.88156993204842
00-0034270,TE,2026,1.3116437630850104,0.123855555167279,0.123855555167279,3.89742595147196,False,,,,,,,0.0400993989177713,9.645208719621266,0.5519717460737553,,,1.0700031691725302,False,False,False,False,Tyler Conklin,DET,veteran_model,True,,True,ACT,,deep_bench,,deep_bench_discounted,17.0,6.046376149076033,0b8c9cb1-e3ed-4936-88ef-94b51df10e96,healthy17_qbroom_concentration_v1,1.0,not_applicable,1.0,False,3.0,17.0,,,,,,,,33.93703078284322,246.2148467705308,26.80245988676499,118.24421493778569,2025.0,DET,canonical_source_team_frame,False,,,0.0,none,2026-08-26,0,0,False,markdown_market_v1,22.29794397244518,1.9727951702577664,62.94579680749915,22.29794397244518,22.29794397244518,False,incumbent,,,8.841135672117069,2.284948403747292,23.793144894703858
00-0032434,QB,2026,0.6602449976615034,-0.6097532396239491,0.0,6.437270712916554,True,3.051443081922189,0.2382152344446899,1.6803165699674785,0.1025308163513008,0.1830865849153313,21.07670641956682,,,,0.0044844666061514,0.6207151036289433,,False,False,False,False,Brandon Allen,NYG,veteran_model,True,,True,ACT,,deep_bench,,deep_bench_discounted,17.0,1.310830878399554,0b8c9cb1-e3ed-4936-88ef-94b51df10e96,healthy17_qbroom_concentration_v1,1.0,not_applicable,1.0,False,3.0,17.0,,,,,,,,33.24864013753459,223.72476972874463,27.99474579779997,122.73497314685248,2025.0,NYG,canonical_source_team_frame,False,,,0.0,none,2026-08-26,0,0,False,markdown_market_v1,11.224164960245558,0.0,109.81063135442858,11.224164960245558,11.224164960245558,False,incumbent,,,0.0,0.0,28.06041240061389
00-0040194,TE,2026,1.366758986783957,0.0,0.0,3.848151400437436,False,,,,,,,0.0802223787545404,7.021171712084204,0.4967542874708909,,,0.7838613183268766,False,False,False,False,Jackson Hawes,BUF,veteran_model,True,,False,ACT,,deep_bench,,deep_bench_discounted,17.0,6.760373288406624,0b8c9cb1-e3ed-4936-88ef-94b51df10e96,healthy17_qbroom_concentration_v1,1.0,not_applicable,1.0,False,3.0,17.0,,,,,,,,33.212884173930405,232.0006812309425,28.02188237819293,133.5452190763655,2025.0,BUF,canonical_source_team_frame,False,,,0.0,none,2026-08-26,0,0,False,markdown_market_v1,23.234902775327267,0.0,64.8042646455369,23.234902775327267,23.234902775327267,False,incumbent,,,15.40630149630914,6.0,24.104747361884836
00-0041568,QB,2026,1.1724802391619116,0.1446399733877544,0.1446399733877544,2.674637258341414,False,0.7723518789607742,0.9426148897058824,0.47352391389904,0.0174812550846664,0.0463411127376464,13.383590533798255,,,,0.0437247242647058,4.794878216911765,,False,False,False,False,Ty Simpson,LA,rookie_rule,True,drafted,False,,,deep_bench,,deep_bench_discounted,17.0,11.457142857142856,0b8c9cb1-e3ed-4936-88ef-94b51df10e96,healthy17_qbroom_concentration_v1,1.0,not_applicable,1.0,False,2.0,17.0,no_data,,off_chart,0.3,False,4.0,True,34.82297755064974,249.39921534190285,26.611874443882616,121.4158089351876,2025.0,LA,canonical_source_team_frame,False,-37.0,-0.4332318316519489,0.75,medium,2026-08-26,1,1,False,markdown_market_v1,19.932164065752495,3.392671246018625,45.062089479993,19.932164065752495,19.932164065752495,False,incumbent,,,16.841925027522336,8.957238196898501,24.567522623097734
00-0041070,WR,2026,1.314764935585503,0.0,0.0,4.443735370760555,False,,,,,,,0.0494751248570512,8.108752957874785,0.6314715276694194,,,1.0408703474381276,False,False,False,False,Reggie Virgil,ARI,rookie_rule,True,drafted,False,,,deep_bench,,deep_bench_discounted,17.0,2.163636363636364,0b8c9cb1-e3ed-4936-88ef-94b51df10e96,healthy17_qbroom_concentration_v1,1.0,not_applicable,1.0,False,5.0,17.0,no_data,,off_chart,0.6970851614247477,False,55.0,False,36.21537296296883,240.75211132429325,24.991541448852136,107.82682362857648,2025.0,ARI,canonical_source_team_frame,False,,,0.0,none,2026-08-26,0,0,False,markdown_market_v1,22.35100390495355,0.0,69.83709362166636,22.35100390495355,22.35100390495355,False,incumbent,,,20.4415325538486,0.0092909661540829,22.35100390495355
00-0039796,RB,2026,1.3662750946330955,0.0,0.0,5.413585817008069,False,,1.389011839201447,,,,,0.0185916280847117,4.06743833666319,0.4664576306072096,0.0414530656630235,4.1845414846030415,0.6682511860903781,False,False,False,False,Rasheen Ali,BAL,veteran_model,True,,False,ACT,,deep_bench,,deep_bench_discounted,17.0,2.0637758304445595,0b8c9cb1-e3ed-4936-88ef-94b51df10e96,healthy17_qbroom_concentration_v1,1.0,concentration_v1_full_board,1.0,False,3.0,17.0,,,,,,,,31.37799975249296,213.6518141922886,28.079230857805165,132.67231187281823,2025.0,BAL,canonical_source_team_frame,False,,,0.0,none,2026-08-26,0,0,False,markdown_market_v1,23.226676608762624,0.0,88.49511243624518,23.226676608762624,23.226676608762624,False,incumbent,,,10.959974855620985,0.0,23.226676608762624
00-0038046,TE,2026,1.3443306392881316,0.0,0.0,3.828764565094191,False,,,,,,,0.0501558419292558,8.100342719145798,0.6029448572754981,,,0.9815522198058468,False,False,False,False,Charlie Kolar,LAC,veteran_model,False,,True,ACT,2.0,backup,,curated,17.0,13.070676831668296,0b8c9cb1-e3ed-4936-88ef-94b51df10e96,healthy17_qbroom_concentration_v1,1.0,not_applicable,1.0,False,3.0,17.0,,,,,,,,34.81239421539152,230.9924120352485,26.622477258704382,118.76948607670286,2025.0,LAC,canonical_source_team_frame,False,17.0,0.0558249919352123,0.75,medium,2026-08-26,1,1,False,markdown_market_v1,22.853620867898236,0.0,65.75281877606741,22.853620867898236,22.853620867898236,False,incumbent,,,11.584962357859975,21.999225176622037,24.105694035680266
00-0033375,WR,2026,1.2388788750900963,0.0,0.0,4.9005381224273785,False,,,,,,,0.0501381162906525,8.127231964345851,0.585837171392619,,,1.08287495489365,False,False,True,True,Tim Patrick,NYJ,veteran_model,True,,True,ACT,,deep_bench,,deep_bench_discounted,17.0,3.1441664757600165,0b8c9cb1-e3ed-4936-88ef-94b51df10e96,healthy17_qbroom_concentration_v1,1.0,not_applicable,1.0,False,4.0,17.0,,,,,,,,32.41879516501858,201.132721478803,27.47972793367314,119.35043810725364,2025.0,NYJ,canonical_source_team_frame,False,34.0,0.4156931867960042,0.62,medium,2026-08-26,1,1,False,markdown_market_v1,21.06094087653164,0.0,73.39179300256157,21.06094087653164,21.06094087653164,False,incumbent,,,10.147597025400565,0.0220598647846164,21.06094087653164
00-0041561,QB,2026,1.1628044584475972,-0.2092394331750388,0.0,4.122594246349092,True,2.1420816590079443,0.955171868758066,1.3053502251253906,0.0514152525608651,0.1285248995404766,6.78465407534905,,,,0.0462683035120471,4.359444612181907,,True,False,False,False,Carson Beck,ARI,rookie_rule,True,drafted,False,,,deep_bench,,deep_bench_discounted,17.0,4.461538461538462,0b8c9cb1-e3ed-4936-88ef-94b51df10e96,healthy17_qbroom_concentration_v1,1.0,not_applicable,1.0,False,3.0,17.0,no_data,,off_chart,0.8012907694371005,False,13.0,False,36.21537296296883,240.75211132429325,24.991541448852136,107.82682362857648,2025.0,ARI,canonical_source_team_frame,False,16.0,0.2602390130513347,0.75,medium,2026-08-26,1,1,False,markdown_market_v1,19.76767579360915,0.0,68.86541697049053,19.76767579360915,19.76767579360915,False,incumbent,,,16.509963639142534,1.803159148056776,24.65424402530908
00-0041496,RB,2026,1.3480835087002347,0.0,0.0,3.971778931417762,False,,1.3337291957384492,,,,,0.0119204207884782,2.278855272585885,0.2965948669549471,0.0439781051286657,6.485664390323868,0.3889801208805212,False,False,False,False,Jonah Coleman,DEN,rookie_rule,True,drafted,False,,,deep_bench,,deep_bench_discounted,17.0,4.142857142857143,0b8c9cb1-e3ed-4936-88ef-94b51df10e96,healthy17_qbroom_concentration_v1,1.0,concentration_v1_full_board,1.0,False,3.0,17.0,no_data,,off_chart,0.3,False,42.0,False,34.86796196556067,230.0636551213692,26.57618138477283,117.91787351632536,2025.0,DEN,canonical_source_team_frame,False,92.0,1.366418603335405,0.8333333333333333,high,2026-08-26,1,2,False,markdown_market_v1,22.91741964790399,0.0,67.01477747587131,22.91741964790399,22.91741964790399,False,incumbent,164.3,68.23333333333333,31.53176081812609,0.201041487273216,22.91741964790399
00-0036427,WR,2026,1.3446474554113887,0.0,0.0,4.853224630546933,False,,,,,,,0.0207983932054654,10.396779011300817,0.3893774552629805,,,0.5366084158316022,False,False,False,False,Tyler Johnson,DAL,veteran_model,True,,True,ACT,,deep_bench,,deep_bench_discounted,17.0,2.2027998639471464,0b8c9cb1-e3ed-4936-88ef-94b51df10e96,healthy17_qbroom_concentration_v1,1.0,not_applicable,1.0,False,8.0,17.0,,,,,,,,34.85375341295928,250.071496061463,26.933211492050265,120.7564084896434,2025.0,DAL,canonical_source_team_frame,False,,,0.0,none,2026-08-26,0,0,False,markdown_market_v1,22.85900674199361,0.0,83.08044237980738,22.85900674199361,22.85900674199361,False,incumbent,,,19.037799259697422,0.0,22.85900674199361
00-0035021,WR,2026,1.6006065906893578,0.0,0.0,4.849476637725325,False,,,,,,,0.0452605403389159,7.758924063866534,0.6159066935052142,,,0.969613269798602,False,False,False,False,Ashton Dulin,IND,veteran_model,False,,False,ACT,2.0,starter,RWR,curated,17.0,10.853681090780771,0b8c9cb1-e3ed-4936-88ef-94b51df10e96,healthy17_qbroom_concentration_v1,1.0,not_applicable,1.0,False,3.0,17.0,,,,,,,,33.82190844602341,234.02468664293764,26.51465853299865,117.43030699843813,2025.0,IND,canonical_source_team_frame,False,,,0.0,none,2026-08-26,0,0,False,markdown_market_v1,27.21031204171908,0.0,97.73732884885752,27.21031204171908,27.21031204171908,False,incumbent,,,7.704442758045541,18.05301282206172,27.21031204171908
00-0040406,WR,2026,1.1817336399915135,0.0,0.0,4.835435493468882,False,,,,,,,0.070989993983825,6.241825960938838,0.5824905818389604,,,0.8120587916515027,False,False,True,True,Quentin Skinner,NYJ,veteran_model,True,,False,RES,,deep_bench,,deep_bench_discounted,17.0,3.3449208200648,0b8c9cb1-e3ed-4936-88ef-94b51df10e96,healthy17_qbroom_concentration_v1,1.0,not_applicable,1.0,False,14.0,17.0,,,,,,,,32.41879516501858,201.132721478803,27.47972793367314,119.35043810725364,2025.0,NYJ,canonical_source_team_frame,False,,,0.0,none,2026-08-26,0,0,False,markdown_market_v1,20.08947187985573,0.0,72.42032400588563,20.08947187985573,20.08947187985573,False,incumbent,,,5.543546288055342,0.0060959556758171,20.08947187985573
00-0040628,TE,2026,1.4826500183233267,0.0,0.0,3.75423469929217,False,,,,,,,0.0709543622298225,6.192300022128058,0.5859114214682021,,,0.7496334742831819,False,False,False,False,Drake Dabney,GB,veteran_model,True,,False,ACT,,deep_bench,,deep_bench_discounted,17.0,6.264748335280579,0b8c9cb1-e3ed-4936-88ef-94b51df10e96,healthy17_qbroom_concentration_v1,1.0,not_applicable,1.0,False,4.0,17.0,,,,,,,,32.64024951982665,227.6640713446097,27.556451830260983,118.45985840964596,2025.0,GB,canonical_source_team_frame,False,,,0.0,none,2026-08-26,0,0,False,markdown_market_v1,25.205050311496553,0.0,63.06274424111788,25.205050311496553,25.205050311496553,False,incumbent,,,49.847514038138,3.433270512253324,22.46699878631417
00-0039359,TE,2026,1.322729363002913,0.0,0.0,3.749515413202396,False,,,,,,,0.0829809191280878,4.971931218813056,0.6762279271724723,,,0.9346743346387252,False,False,False,False,Cade Stover,HOU,veteran_model,True,,False,ACT,,deep_bench,,deep_bench_discounted,17.0,4.4532375400504165,0b8c9cb1-e3ed-4936-88ef-94b51df10e96,healthy17_qbroom_concentration_v1,1.0,not_applicable,1.0,False,5.0,17.0,,,,,,,,34.32483042096658,230.71531420889468,27.03402673302534,113.94163263281224,2025.0,HOU,canonical_source_team_frame,False,,,0.0,none,2026-08-26,0,0,False,markdown_market_v1,22.486399171049523,0.0,61.86090966554451,22.486399171049523,22.486399171049523,False,incumbent,,,26.46615063308083,0.0,22.044204564157155
00-0041398,TE,2026,1.1697824986514127,0.0,0.0,3.587234258136013,False,,,,,,,0.0642406475049391,6.449820978991582,0.5948263081925997,,,0.8799245933395667,False,False,False,False,Riley Nowakowski,PIT,rookie_rule,True,drafted,False,,,deep_bench,,deep_bench_discounted,17.0,2.4814814814814814,0b8c9cb1-e3ed-4936-88ef-94b51df10e96,healthy17_qbroom_concentration_v1,1.0,not_applicable,1.0,False,,17.0,above_median,,off_chart,1.0,False,27.0,False,33.53074981559085,220.60629098765008,26.566881241231517,113.38878134930282,2025.0,PIT,canonical_source_team_frame,False,,,0.0,none,2026-08-26,0,0,False,markdown_market_v1,19.886302477074015,0.0,55.16127254781203,19.886302477074015,19.886302477074015,False,incumbent,,,14.7908149562362,0.0,20.452467757167103
00-0032104,RB,2026,1.2880124673696394,0.0,0.0,5.60703390110416,False,,1.0100074919989248,,,,,0.0081493331473895,3.1696630017695853,0.4378546589668891,0.0137076075563564,6.551487024441878,0.4378546589668891,False,True,False,False,Ameer Abdullah,JAX,veteran_model,True,,True,ACT,,deep_bench,,deep_bench_discounted,17.0,1.1008206237887574,0b8c9cb1-e3ed-4936-88ef-94b51df10e96,healthy17_qbroom_concentration_v1,1.0,concentration_v1_full_board,1.0,False,4.0,17.0,,,,,,,,34.281392912743186,230.86210034575595,27.465841920542964,117.91153249278577,2025.0,JAX,canonical_source_team_frame,False,,,0.0,none,2026-08-26,0,0,False,markdown_market_v1,21.89621194528387,0.0,93.7362275500196,21.89621194528387,21.89621194528387,False,incumbent,,,2.5621189733259007,0.0,21.89621194528387
00-0037276,RB,2026,1.250460358937217,0.027319756899246,0.027319756899246,5.057846849245174,False,,1.246940240689386,,,,,0.0247268532472832,2.397374113739592,0.4099957346437362,0.018071991020074,5.821134094068182,0.7000971050141938,False,False,False,False,Ty Chandler,NO,veteran_model,True,,True,ACT,,deep_bench,,deep_bench_discounted,17.0,1.745781776065684,0b8c9cb1-e3ed-4936-88ef-94b51df10e96,healthy17_qbroom_concentration_v1,1.0,concentration_v1_full_board,1.0,False,5.0,17.0,,,,,,,,34.20731916190036,231.16668439742472,26.96687552570446,109.19074388858569,2025.0,NO,canonical_source_team_frame,False,,,0.0,none,2026-08-26,0,0,False,markdown_market_v1,21.25782610193269,0.4644358672871824,83.61967090523514,21.25782610193269,21.25782610193269,False,incumbent,,,1.5109431145132963,0.0063634282850983,21.25782610193269
00-0038102,QB,2026,0.5325799677482073,-0.8619261096397955,0.0,7.282230061171967,True,5.214827450802424,0.4907061970520432,3.0024583965630813,0.1306922902498118,0.1564448235240727,19.457992889471196,,,,0.0113427301309128,0.6309876339075079,,False,False,False,False,Kenny Pickett,CAR,veteran_model,False,,True,ACT,2.0,backup,,curated,17.0,4.848220952867177,0b8c9cb1-e3ed-4936-88ef-94b51df10e96,healthy17_qbroom_concentration_v1,1.0,not_applicable,1.0,False,2.0,17.0,,,,,,,,33.086654804365814,214.5319014599454,26.991967859866016,116.4978523275508,2025.0,CAR,canonical_source_team_frame,False,,,0.0,none,2026-08-26,0,0,False,markdown_market_v1,9.053859451719523,0.0,113.41756869842878,9.053859451719523,9.053859451719523,False,incumbent,,,0.0,0.4488222689116545,22.63464862929881
00-0041067,WR,2026,1.1939873800392493,0.0,0.0,3.946372903854889,False,,,,,,,0.0440273826813824,7.199357706351353,0.5599654050269274,,,0.9225100483887444,False,False,False,False,Bryce Lance,NO,rookie_rule,True,drafted,False,,,deep_bench,,deep_bench_discounted,17.0,2.163636363636364,0b8c9cb1-e3ed-4936-88ef-94b51df10e96,healthy17_qbroom_concentration_v1,1.0,not_applicable,1.0,False,4.0,17.0,no_data,,off_chart,0.5816731451153321,False,55.0,False,34.20731916190036,231.16668439742472,26.96687552570446,109.19074388858569,2025.0,NO,canonical_source_team_frame,False,,,0.0,none,2026-08-26,0,0,False,markdown_market_v1,20.29778546066724,0.0,63.29574208342885,20.29778546066724,20.29778546066724,False,incumbent,,,29.38488226031323,0.0120520856628785,20.29778546066724
00-0036849,WR,2026,1.1666429837327372,0.0,0.0,4.756668245793915,False,,,,,,,0.0237498788149194,8.870947178553786,0.4660132249929032,,,0.9976992307955994,False,False,False,False,Tutu Atwell,MIA,veteran_model,True,,True,ACT,,deep_bench,,deep_bench_discounted,17.0,2.1938951603229957,0b8c9cb1-e3ed-4936-88ef-94b51df10e96,healthy17_qbroom_concentration_v1,1.0,not_applicable,1.0,False,3.0,17.0,,,,,,,,32.36223621091209,214.6126867270503,26.74474106089619,118.31799054444193,2025.0,MIA,canonical_source_team_frame,False,-52.0,-0.3293227738712367,0.62,medium,2026-08-26,1,1,False,markdown_market_v1,19.83293072345653,0.0,72.07117206517621,19.83293072345653,19.83293072345653,False,incumbent,,,16.437241897987036,0.0,19.83293072345653
00-0038614,RB,2026,1.2600218633112288,0.0,0.0,5.121322897231035,False,,0.9369831389975584,,,,,0.0073944236642176,1.4578699357427634,0.1917929076646666,0.0755343502276325,5.205597935375564,0.285526096552135,False,False,False,False,Scott Matlock,LAC,veteran_model,True,,False,ACT,,deep_bench,,deep_bench_discounted,17.0,2.7490773692372668,0b8c9cb1-e3ed-4936-88ef-94b51df10e96,healthy17_qbroom_concentration_v1,1.0,concentration_v1_full_board,1.0,False,,17.0,,,,,,,,34.81239421539152,230.9924120352485,26.622477258704382,118.76948607670286,2025.0,LAC,canonical_source_team_frame,False,48.0,0.4829515022495907,0.75,medium,2026-08-26,1,1,False,markdown_market_v1,21.42037167629089,0.0,87.49959129516101,21.42037167629089,21.42037167629089,False,incumbent,,,6.393894043200582,0.0,21.42037167629089
00-0040644,RB,2026,1.2381145136431495,0.0,0.0,5.327753252476624,False,,1.236172965015782,,,,,0.0064607753470826,2.137357961776503,0.3759472453343567,0.0251354427132063,6.593099454398989,0.4469086257860791,False,False,False,False,Trevor Etienne,CAR,veteran_model,True,,False,ACT,,deep_bench,,deep_bench_discounted,17.0,1.443260413729309,0b8c9cb1-e3ed-4936-88ef-94b51df10e96,healthy17_qbroom_concentration_v1,1.0,concentration_v1_full_board,1.0,False,3.0,17.0,,,,,,,,33.086654804365814,214.5319014599454,26.991967859866016,116.4978523275508,2025.0,CAR,canonical_source_team_frame,False,-34.0,-0.3555929249572686,0.62,medium,2026-08-26,1,1,False,markdown_market_v1,21.047946731933543,0.0,89.31677743714411,21.047946731933543,21.047946731933543,False,incumbent,,,0.617747706785796,0.0,21.047946731933543
00-0032950,QB,2026,0.49094974617546994,-0.1053252511502345,0.0,3.5445549075142417,True,1.2567252862912162,0.8895695402567254,0.8085402671286671,0.0327040755424591,0.0754035171774729,13.786749870489873,,,,0.0276147286691657,2.654211068239497,,False,False,False,False,Carson Wentz,MIN,veteran_model,True,,False,ACT,,deep_bench,,deep_bench_discounted,17.0,2.601357308169145,0b8c9cb1-e3ed-4936-88ef-94b51df10e96,healthy17_qbroom_concentration_v1,1.0,not_applicable,1.0,False,3.0,17.0,,,,,,,,33.31986938890707,212.12724988326613,25.99228043038729,113.38707277968209,2025.0,MIN,canonical_source_team_frame,False,,,0.0,none,2026-08-26,0,0,False,markdown_market_v1,8.34614568498299,0.8399311349684294,57.92000560669441,8.34614568498299,8.34614568498299,False,incumbent,,,0.0,0.2276241105414026,20.86536421245747
00-0039021,RB,2026,1.2102163446032574,0.0,0.0,5.340282935722305,False,,1.572156383332928,,,,,0.0,2.3184993302483057,0.431129682838064,0.0031943861622454,7.519009343835591,0.4954966631633656,False,False,False,False,Roschon Johnson,CHI,veteran_model,True,,False,ACT,,deep_bench,,deep_bench_discounted,17.0,2.447918810205706,0b8c9cb1-e3ed-4936-88ef-94b51df10e96,healthy17_qbroom_concentration_v1,1.0,concentration_v1_full_board,1.0,False,3.0,17.0,,,,,,,,33.74412762295005,231.616563841159,27.71808021893144,128.0128941200731,2025.0,CHI,canonical_source_team_frame,False,-40.0,-0.4467921429608449,0.75,medium,2026-08-26,1,1,False,markdown_market_v1,20.573677858255376,0.0,90.56865532152446,20.573677858255376,20.573677858255376,False,incumbent,,,0.1401468485321735,0.0,20.573677858255376
00-0041579,TE,2026,1.074910961486627,0.0,0.0,3.2919517481797085,False,,,,,,,0.0642406475049391,5.662791374248442,0.5259671654844,,,0.7761117268830535,False,False,False,False,Seydou Traore,MIA,rookie_rule,True,drafted,False,,,deep_bench,,deep_bench_discounted,17.0,2.4814814814814814,0b8c9cb1-e3ed-4936-88ef-94b51df10e96,healthy17_qbroom_concentration_v1,1.0,not_applicable,1.0,False,3.0,17.0,no_data,,off_chart,1.0,False,27.0,False,32.36223621091209,214.6126867270503,26.74474106089619,118.31799054444193,2025.0,MIA,canonical_source_team_frame,False,-47.0,-0.4329457435848833,0.62,medium,2026-08-26,1,1,False,markdown_market_v1,18.27348634527266,0.0,49.26258730197774,18.27348634527266,18.27348634527266,False,incumbent,,,18.27348634527266,0.0244364309570448,18.27348634527266
00-0040887,TE,2026,1.087761721812192,0.0,0.0,3.252832899387694,False,,,,,,,0.060086997447231,5.75970162851332,0.532473005597648,,,0.7870090160343093,False,False,False,False,Josh Cuevas,BAL,rookie_rule,True,drafted,False,,,deep_bench,,deep_bench_discounted,17.0,2.4814814814814814,0b8c9cb1-e3ed-4936-88ef-94b51df10e96,healthy17_qbroom_concentration_v1,1.0,not_applicable,1.0,False,4.0,17.0,above_median,,off_chart,0.9353423382385936,False,27.0,False,31.37799975249296,213.6518141922886,28.079230857805165,132.67231187281823,2025.0,BAL,canonical_source_team_frame,False,-34.0,-0.5058680696074465,0.75,medium,2026-08-26,1,1,False,markdown_market_v1,18.491949270807265,0.0,50.273598070320816,18.491949270807265,18.491949270807265,False,incumbent,,,17.12460361786804,0.0,18.64387656557829
00-0040522,WR,2026,1.03178553409311,0.0,0.0,4.694890927933475,False,,,,,,,0.0522442546627738,6.393795737185405,0.495956367371447,,,0.8088991164603772,False,False,True,True,Xavier Restrepo,TEN,veteran_model,True,,False,ACT,,deep_bench,,deep_bench_discounted,17.0,1.342035248864789,0b8c9cb1-e3ed-4936-88ef-94b51df10e96,healthy17_qbroom_concentration_v1,1.0,not_applicable,1.0,False,9.0,17.0,,,,,,,,33.99714946554143,212.007639970746,25.993384614102037,108.23524626366611,2025.0,TEN,canonical_source_team_frame,False,,,0.0,none,2026-08-26,0,0,False,markdown_market_v1,17.54035407958287,0.0,68.53966725102782,17.54035407958287,17.54035407958287,False,incumbent,,,13.950187359195189,0.0004337893461654,17.54035407958287
00-0036628,TE,2026,1.123866331556898,0.0,0.0,3.612742053494686,False,,,,,,,0.039142347686402,5.915747276846249,0.7399808534506425,,,0.9787588577366364,False,False,False,False,John Bates,WAS,veteran_model,False,,False,ACT,2.0,backup,,curated,17.0,14.833617140454546,0b8c9cb1-e3ed-4936-88ef-94b51df10e96,healthy17_qbroom_concentration_v1,1.0,not_applicable,1.0,False,2.0,17.0,,,,,,,,32.67144533753111,214.92336904810367,27.29070180650144,124.16028766147345,2025.0,WAS,canonical_source_team_frame,False,,,0.0,none,2026-08-26,0,0,False,markdown_market_v1,19.105727636467265,0.0,55.90797388292113,19.105727636467265,19.105727636467265,False,incumbent,,,24.12145424619817,20.65413075150302,18.548424679830497
00-0035406,WR,2026,1.1561105204625952,0.0,0.0,4.689786744998148,False,,,,,,,0.0292491340431694,8.175752929268334,0.4052980105194588,,,0.8390499257930225,False,False,False,False,Lil'Jordan Humphrey,DEN,veteran_model,True,,False,ACT,,deep_bench,,deep_bench_discounted,17.0,1.6040467730977883,0b8c9cb1-e3ed-4936-88ef-94b51df10e96,healthy17_qbroom_concentration_v1,1.0,not_applicable,1.0,False,6.0,17.0,,,,,,,,34.86796196556067,230.0636551213692,26.57618138477283,117.91787351632536,2025.0,DEN,canonical_source_team_frame,False,44.0,0.5625962598989225,0.75,medium,2026-08-26,1,1,False,markdown_market_v1,19.653878847864117,0.0,78.70255984079654,19.653878847864117,19.653878847864117,False,incumbent,,,18.84087696500235,0.0120520856628785,19.653878847864117
00-0036165,WR,2026,1.0523034011242212,0.0,0.0,4.685653295349436,False,,,,,,,0.0386029804063332,7.3630397705147,0.4473275866147965,,,0.938342793477628,False,False,True,True,Isaiah Hodgins,NYG,veteran_model,True,,False,ACT,,deep_bench,,deep_bench_discounted,17.0,2.8047963903050204,0b8c9cb1-e3ed-4936-88ef-94b51df10e96,healthy17_qbroom_concentration_v1,1.0,not_applicable,1.0,False,8.0,17.0,,,,,,,,33.24864013753459,223.72476972874463,27.99474579779997,122.73497314685248,2025.0,NYG,canonical_source_team_frame,False,,,0.0,none,2026-08-26,0,0,False,markdown_market_v1,17.88915781911176,0.0,70.48791524384356,17.88915781911176,17.88915781911176,False,incumbent,,,13.368531529443782,0.0,17.88915781911176
00-0035704,QB,2026,0.4545104020379488,-0.3759154311577778,0.0,5.388254838008025,True,2.78293799834903,0.2859508606176201,1.593836522390249,0.0273092076416515,0.152547091888662,13.091994062927514,,,,0.0045411854946404,0.8043656596731937,,False,False,False,False,Drew Lock,SEA,veteran_model,False,,False,ACT,2.0,backup,,curated,17.0,4.754219821599253,0b8c9cb1-e3ed-4936-88ef-94b51df10e96,healthy17_qbroom_concentration_v1,1.0,not_applicable,1.0,False,2.0,17.0,,,,,,,,32.23055547607071,233.1588091163081,27.961458857752422,119.77956467483948,2025.0,SEA,canonical_source_team_frame,False,-70.0,-0.9396608231882596,0.75,medium,2026-08-26,1,1,False,markdown_market_v1,7.726676834645129,0.0,82.5886118433192,7.726676834645129,7.726676834645129,False,incumbent,,,0.0,0.3754665079210549,19.31669208661282
00-0041094,TE,2026,1.037444744678415,0.0,0.0,3.1636504949883597,False,,,,,,,0.0642406475049391,5.32082433867231,0.4960476341702993,,,0.7310046839168844,False,False,False,False,Bauer Sharp,TB,rookie_rule,True,drafted,False,,,deep_bench,,deep_bench_discounted,17.0,2.4814814814814814,0b8c9cb1-e3ed-4936-88ef-94b51df10e96,healthy17_qbroom_concentration_v1,1.0,not_applicable,1.0,False,4.0,17.0,above_median,,off_chart,1.0,False,27.0,False,33.55035103578723,223.7141596661014,27.73776146084954,117.79149136744992,2025.0,TB,canonical_source_team_frame,False,-34.0,-0.5058680696074465,0.75,medium,2026-08-26,1,1,False,markdown_market_v1,17.636560659533053,0.0,49.37130427731259,17.636560659533053,17.636560659533053,False,incumbent,,,12.669382986619556,0.0,18.188469289856776
00-0037004,TE,2026,1.1110905469838825,0.0,0.0,3.5817637079798104,False,,,,,,,0.068115617425248,4.607283764432626,0.5920376280374647,,,0.6529594653526962,False,False,False,False,Hunter Long,JAX,veteran_model,True,,False,ACT,,deep_bench,,deep_bench_discounted,17.0,3.4490943005408834,0b8c9cb1-e3ed-4936-88ef-94b51df10e96,healthy17_qbroom_concentration_v1,1.0,not_applicable,1.0,False,5.0,17.0,,,,,,,,34.281392912743186,230.86210034575595,27.465841920542964,117.91153249278577,2025.0,JAX,canonical_source_team_frame,False,,,0.0,none,2026-08-26,0,0,False,markdown_market_v1,18.888539298726002,0.0,59.21920236143416,18.888539298726002,18.888539298726002,False,incumbent,,,14.477636238673632,0.0,19.37863963873182
00-0034386,WR,2026,1.1212108862860748,0.0,0.0,4.658125724841016,False,,,,,,,0.0275773738555757,8.01287235668927,0.3946132069721316,,,0.8273921587330062,False,False,False,False,Justin Watson,HOU,veteran_model,True,,False,ACT,,deep_bench,,deep_bench_discounted,17.0,1.0948935545566958,0b8c9cb1-e3ed-4936-88ef-94b51df10e96,healthy17_qbroom_concentration_v1,1.0,not_applicable,1.0,False,7.0,17.0,,,,,,,,34.32483042096658,230.71531420889468,27.03402673302534,113.94163263281224,2025.0,HOU,canonical_source_team_frame,False,52.0,0.6273643456486829,0.75,medium,2026-08-26,1,1,False,markdown_market_v1,19.060585066863272,0.0,76.69448943225427,19.060585066863272,19.060585066863272,False,incumbent,,,8.841945278290519,0.0070209672736079,19.060585066863272
00-0038738,RB,2026,1.1561183155062593,0.0,0.0,5.051202785276086,False,,0.755006033536555,,,,,0.0094973764639605,2.260312884859612,0.5429214749492763,0.0379995776149795,3.762610985718773,0.5600289554182577,False,False,False,False,Hunter Luepke,DAL,veteran_model,True,,False,ACT,,deep_bench,,deep_bench_discounted,17.0,2.0752551781054995,0b8c9cb1-e3ed-4936-88ef-94b51df10e96,healthy17_qbroom_concentration_v1,1.0,concentration_v1_full_board,1.0,False,,17.0,,,,,,,,34.85375341295928,250.071496061463,26.933211492050265,120.7564084896434,2025.0,DAL,canonical_source_team_frame,False,,,0.0,none,2026-08-26,0,0,False,markdown_market_v1,19.654011363606408,0.0,86.12942860000894,19.654011363606408,19.654011363606408,False,incumbent,,,2.049120265314921,0.0,19.654011363606408
00-0040398,QB,2026,0.5038400878223093,-0.364160892900343,0.0,3.847490742667666,True,2.2454976166376515,0.7178512033878836,1.3787342307851211,0.0677072493075882,0.1347298569982591,5.419407416682945,,,,0.0520438066921782,2.253854941980319,,False,False,False,False,Brady Cook,NYJ,veteran_model,True,,False,ACT,,deep_bench,,deep_bench_discounted,17.0,3.3277645760124552,0b8c9cb1-e3ed-4936-88ef-94b51df10e96,healthy17_qbroom_concentration_v1,1.0,not_applicable,1.0,False,3.0,17.0,,,,,,,,32.41879516501858,201.132721478803,27.47972793367314,119.35043810725364,2025.0,NYJ,canonical_source_team_frame,False,,,0.0,none,2026-08-26,0,0,False,markdown_market_v1,8.565281492979258,0.0,64.16125025831552,8.565281492979258,8.565281492979258,False,incumbent,,,0.0,0.4506360029455544,21.413203732448142
00-0040649,RB,2026,0.0,0.0,0.0,5.172186164811418,False,,0.8239132056147558,,,,,0.0124775485320621,1.3981327218553483,0.1937275528304138,0.0596603577511735,4.8220154090804295,0.1937275528304138,False,True,False,False,Robbie Ouzts,SEA,veteran_model,True,,False,ACT,,deep_bench,,deep_bench_discounted,0.0,1.6866661822594011,0b8c9cb1-e3ed-4936-88ef-94b51df10e96,healthy17_qbroom_concentration_v1,1.0,concentration_v1_full_board,1.0,False,,0.0,,,,,,,,32.23055547607071,233.1588091163081,27.961458857752422,119.77956467483948,2025.0,SEA,canonical_source_team_frame,False,,,0.0,none,2026-08-26,0,0,False,markdown_market_v1,0.0,0.0,0.0,0.0,0.0,False,incumbent,,,0.0911002663792253,0.0,0.0
00-0034771,QB,2026,0.4989227285687174,-0.1423945530559984,0.0,4.935562202021757,True,0.8835680954481632,0.3405474256122545,0.572210748269076,0.026323883530904,0.0530140857268897,21.36882623602383,,,,0.0042609411270783,1.082944987080689,,False,False,False,False,Mason Rudolph,PIT,veteran_model,False,,False,ACT,2.0,backup,,curated,17.0,4.468939431242268,0b8c9cb1-e3ed-4936-88ef-94b51df10e96,healthy17_qbroom_concentration_v1,1.0,not_applicable,1.0,False,2.0,17.0,,,,,,,,33.53074981559085,220.60629098765008,26.566881241231517,113.38878134930282,2025.0,PIT,canonical_source_team_frame,False,79.0,0.7782105236962824,0.75,medium,2026-08-26,1,1,False,markdown_market_v1,8.481686385668196,0.0,87.08222228036117,8.481686385668196,8.481686385668196,False,incumbent,,,0.0,0.3580314560440714,21.20421596417049
00-0034981,TE,2026,1.0724462864363447,0.0,0.0,3.5585184179184672,False,,,,,,,0.0320809936650329,6.214019961144721,0.6566152936949412,,,0.8292210283947178,False,False,False,False,Foster Moreau,HOU,veteran_model,False,,True,ACT,2.0,backup,,curated,17.0,13.414198483553314,0b8c9cb1-e3ed-4936-88ef-94b51df10e96,healthy17_qbroom_concentration_v1,1.0,not_applicable,1.0,False,2.0,17.0,,,,,,,,34.32483042096658,230.71531420889468,27.03402673302534,113.94163263281224,2025.0,HOU,canonical_source_team_frame,False,12.0,0.0366264371944388,0.75,medium,2026-08-26,1,1,False,markdown_market_v1,18.23158686941786,0.0,58.575898606170206,18.23158686941786,18.23158686941786,False,incumbent,,,13.483127151132908,14.420302695894456,18.759193504782854
00-0037557,RB,2026,1.1350333303658715,0.0,0.0,5.170833064471685,False,,1.1511657489838345,,,,,0.0099026321943559,2.231937032596515,0.3446409807952971,0.011114594619152,6.178180032398559,0.5037752738666809,False,False,False,False,Ronnie Rivers,LA,veteran_model,True,,False,ACT,,deep_bench,,deep_bench_discounted,17.0,1.0798783457398136,0b8c9cb1-e3ed-4936-88ef-94b51df10e96,healthy17_qbroom_concentration_v1,1.0,concentration_v1_full_board,1.0,False,3.0,17.0,,,,,,,,34.82297755064974,249.39921534190285,26.611874443882616,121.4158089351876,2025.0,LA,canonical_source_team_frame,False,,,0.0,none,2026-08-26,0,0,False,markdown_market_v1,19.295566616219816,0.0,86.93042323661689,19.295566616219816,19.295566616219816,False,incumbent,,,0.1802282006050926,0.0,19.295566616219816
00-0040888,RB,2026,1.1130304753149858,0.0,0.0,3.311204650798405,False,,1.2626858724875496,,,,,0.0090929108801696,1.8385497232921415,0.2417246071404237,0.0340856586076117,5.743584774831624,0.3169061113877646,False,False,False,False,Adam Randall,BAL,rookie_rule,True,drafted,False,,,deep_bench,,deep_bench_discounted,17.0,4.142857142857143,0b8c9cb1-e3ed-4936-88ef-94b51df10e96,healthy17_qbroom_concentration_v1,1.0,concentration_v1_full_board,1.0,False,4.0,17.0,above_median,,off_chart,0.4198514008835518,False,42.0,False,31.37799975249296,213.6518141922886,28.079230857805165,132.67231187281823,2025.0,BAL,canonical_source_team_frame,False,28.0,0.3175136192355683,0.75,medium,2026-08-26,1,1,False,markdown_market_v1,18.92151808035476,0.0,55.13200145504712,18.92151808035476,18.92151808035476,False,incumbent,,,7.479199816313964,0.0,18.92151808035476
00-0038547,TE,2026,1.0950662343223683,0.0,0.0,3.550024517142056,False,,,,,,,0.0358725745308687,5.577152442226429,0.7215020255357469,,,0.9424351534680688,False,False,False,False,Luke Schoonmaker,DAL,veteran_model,True,,False,ACT,,deep_bench,,deep_bench_discounted,17.0,5.358049968363912,0b8c9cb1-e3ed-4936-88ef-94b51df10e96,healthy17_qbroom_concentration_v1,1.0,not_applicable,1.0,False,3.0,17.0,,,,,,,,34.85375341295928,250.071496061463,26.933211492050265,120.7564084896434,2025.0,DAL,canonical_source_team_frame,False,-56.0,-0.4422350300595333,0.62,medium,2026-08-26,1,1,False,markdown_market_v1,18.61612598348026,0.0,60.80577889601077,18.61612598348026,18.61612598348026,False,incumbent,,,12.49557517049508,0.8155067612764793,19.296187184923056
00-0034272,WR,2026,1.1167547662654993,0.0,0.0,4.610683637859918,False,,,,,,,0.0363830365452076,6.710541181485615,0.4545273157750841,,,1.3801733632010649,False,False,False,False,Marquez Valdes-Scantling,DAL,veteran_model,True,,True,ACT,,deep_bench,,deep_bench_discounted,17.0,2.398720143890525,0b8c9cb1-e3ed-4936-88ef-94b51df10e96,healthy17_qbroom_concentration_v1,1.0,not_applicable,1.0,False,5.0,17.0,,,,,,,,34.85375341295928,250.071496061463,26.933211492050265,120.7564084896434,2025.0,DAL,canonical_source_team_frame,False,,,0.0,none,2026-08-26,0,0,False,markdown_market_v1,18.984831026513486,0.0,79.20626666432726,18.984831026513486,18.984831026513486,False,incumbent,,,27.837423021902158,0.0220893997924527,18.984831026513486
00-0039299,RB,2026,1.1040633574806589,0.0,0.0,5.145240898250303,False,,1.4686817214089525,,,,,0.008630010084254,3.0781135437960137,0.30465277047725,0.0155137387678207,5.115480525174704,0.4147151080386437,False,False,False,False,George Holani,SEA,veteran_model,True,,False,ACT,,deep_bench,,deep_bench_discounted,17.0,2.297303051550175,0b8c9cb1-e3ed-4936-88ef-94b51df10e96,healthy17_qbroom_concentration_v1,1.0,concentration_v1_full_board,1.0,False,3.0,17.0,,,,,,,,32.23055547607071,233.1588091163081,27.961458857752422,119.77956467483948,2025.0,SEA,canonical_source_team_frame,False,-38.0,-0.4442976059680844,0.75,medium,2026-08-26,1,1,False,markdown_market_v1,18.7690770771712,0.0,87.32832924480913,18.7690770771712,18.7690770771712,False,incumbent,,,0.2606129342835244,0.0159711753435907,18.7690770771712
00-0037013,QB,2026,0.4762620396467041,-0.5512034416694852,0.0,5.797921434348438,True,3.594545930171593,0.4102009222348112,2.006944017707297,0.0792616736718621,0.1078363779051477,14.05770620362168,,,,0.010377448206499,2.184923428908132,,False,False,False,False,Zach Wilson,NO,veteran_model,True,,True,ACT,,deep_bench,,deep_bench_discounted,17.0,1.0575184107177955,0b8c9cb1-e3ed-4936-88ef-94b51df10e96,healthy17_qbroom_concentration_v1,1.0,not_applicable,1.0,False,3.0,17.0,,,,,,,,34.20731916190036,231.16668439742472,26.96687552570446,109.19074388858569,2025.0,NO,canonical_source_team_frame,False,-52.0,-0.7214090224544796,0.75,medium,2026-08-26,1,1,False,markdown_market_v1,8.09645467399397,0.0,95.3536753264985,8.09645467399397,8.09645467399397,False,incumbent,,,0.0,0.0,20.241136684984923
00-0038891,WR,2026,1.132762556003611,0.0,0.0,4.609354464606668,False,,,,,,,0.0412037028596284,6.002334129644069,0.5356623838638428,,,0.8592897871022801,False,False,False,False,Shedrick Jackson,LV,veteran_model,True,,False,ACT,,deep_bench,,deep_bench_discounted,17.0,2.6073828200733957,0b8c9cb1-e3ed-4936-88ef-94b51df10e96,healthy17_qbroom_concentration_v1,1.0,not_applicable,1.0,False,7.0,17.0,,,,,,,,33.854801045689456,214.5498181545603,25.409147592119822,101.32508075439344,2025.0,LV,canonical_source_team_frame,False,,,0.0,none,2026-08-26,0,0,False,markdown_market_v1,19.256963452061388,0.0,78.83094875062976,19.256963452061388,19.256963452061388,False,incumbent,,,6.034730173451225,0.0014436825946362,19.256963452061388
00-0033217,TE,2026,1.3664553531155812,0.0,0.0,3.520511150676972,False,,,,,,,0.0444711009326197,5.128342642208755,0.6490549357881026,,,0.918329713584566,False,False,False,False,Mo Alie-Cox,IND,veteran_model,False,,False,ACT,2.0,backup,,curated,17.0,14.492250643541665,0b8c9cb1-e3ed-4936-88ef-94b51df10e96,healthy17_qbroom_concentration_v1,1.0,not_applicable,1.0,False,2.0,17.0,,,,,,,,33.82190844602341,234.02468664293764,26.51465853299865,117.43030699843813,2025.0,IND,canonical_source_team_frame,False,4.0,0.0003532412144314,0.62,medium,2026-08-26,1,1,False,markdown_market_v1,23.22974100296488,0.0,70.9478077878051,23.22974100296488,23.22974100296488,False,incumbent,,,32.150822112580585,22.19970282016976,22.238509768563134
00-0034959,RB,2026,1.0286329937018004,0.0,0.0,4.84205848838939,False,,1.0764986093906097,,,,,0.0264578699615397,2.0901906282193448,0.453476566478762,0.0524458208979148,1.9019000206164445,0.453476566478762,False,True,True,True,Andrew Beck,NYJ,veteran_model,True,,False,ACT,,deep_bench,,deep_bench_discounted,17.0,2.976200723312541,0b8c9cb1-e3ed-4936-88ef-94b51df10e96,healthy17_qbroom_concentration_v1,1.0,concentration_v1_full_board,1.0,False,,17.0,,,,,,,,32.41879516501858,201.132721478803,27.47972793367314,119.35043810725364,2025.0,NYJ,canonical_source_team_frame,False,,,0.0,none,2026-08-26,0,0,False,markdown_market_v1,17.486760892930608,0.0,77.4341682880882,17.486760892930608,17.486760892930608,False,incumbent,,,1.195942214948586,0.0,17.486760892930608
00-0040277,WR,2026,1.0905771768498147,0.0,0.0,4.586522925479207,False,,,,,,,0.0542193035844177,5.760944354476556,0.3820900519449514,,,0.6980730254226392,False,False,False,False,Jahdae Walker,CHI,veteran_model,True,,False,ACT,,deep_bench,,deep_bench_discounted,17.0,2.908943342049355,0b8c9cb1-e3ed-4936-88ef-94b51df10e96,healthy17_qbroom_concentration_v1,1.0,not_applicable,1.0,False,5.0,17.0,,,,,,,,33.74412762295005,231.616563841159,27.71808021893144,128.0128941200731,2025.0,CHI,canonical_source_team_frame,False,28.0,0.4791036144868522,0.75,medium,2026-08-26,1,1,False,markdown_market_v1,18.53981200644685,0.0,77.98648177291768,18.53981200644685,18.53981200644685,False,incumbent,,,13.903250116602404,0.0,18.53981200644685
00-0038794,RB,2026,1.0775516133828542,0.0,0.0,5.147025107079959,False,,2.049820695945079,,,,,0.0,1.059673848749083,0.4232411925734506,0.0219636391438456,6.408423990244209,0.4232411925734506,False,True,False,False,Jaleel McLaughlin,DEN,veteran_model,True,,False,ACT,,deep_bench,,deep_bench_discounted,17.0,2.8357039389501755,0b8c9cb1-e3ed-4936-88ef-94b51df10e96,healthy17_qbroom_concentration_v1,1.0,concentration_v1_full_board,1.0,False,4.0,17.0,,,,,,,,34.86796196556067,230.0636551213692,26.57618138477283,117.91787351632536,2025.0,DEN,canonical_source_team_frame,False,-28.0,-0.4034922681511333,0.75,medium,2026-08-26,1,1,False,markdown_market_v1,18.318377427508523,0.0,86.93922549314813,18.318377427508523,18.318377427508523,False,incumbent,,,1.056629850959554,0.0,18.318377427508523
00-0036265,RB,2026,1.0658957755382024,0.0,0.0,5.1770103193740376,False,,1.6595787024726694,,,,,0.0060061550558122,1.2831642050880998,0.2077601963730218,0.0150034546426999,7.155989919603794,0.3075476121655234,False,False,False,False,AJ Dillon,CAR,veteran_model,True,,True,ACT,,deep_bench,,deep_bench_discounted,17.0,1.283387009637881,0b8c9cb1-e3ed-4936-88ef-94b51df10e96,healthy17_qbroom_concentration_v1,1.0,concentration_v1_full_board,1.0,False,4.0,17.0,,,,,,,,33.086654804365814,214.5319014599454,26.991967859866016,116.4978523275508,2025.0,CAR,canonical_source_team_frame,False,,,0.0,none,2026-08-26,0,0,False,markdown_market_v1,18.12022818414944,0.0,86.83106859121072,18.12022818414944,18.12022818414944,False,incumbent,,,0.6891618271333383,0.0,18.12022818414944
00-0039923,QB,2026,0.4301193018796791,-0.1404311435543391,0.0,3.437447406845313,True,0.4658093218761165,1.3190807648048826,0.2944639581353881,0.0253421787800743,0.0279485593125669,7.126790284055134,,,,0.0505948141649295,4.236675863974225,,False,False,False,False,J.J. McCarthy,MIN,veteran_model,False,,False,ACT,2.0,backup,,curated,17.0,7.781876889188678,0b8c9cb1-e3ed-4936-88ef-94b51df10e96,healthy17_qbroom_concentration_v1,1.0,not_applicable,1.0,False,2.0,17.0,,,,,,,,33.31986938890707,212.12724988326613,25.99228043038729,113.38707277968209,2025.0,MIN,canonical_source_team_frame,False,-31.0,-0.3400176847417552,0.75,medium,2026-08-26,2,1,False,markdown_market_v1,7.312028131954545,0.0,56.23458795256482,7.312028131954545,7.312028131954545,False,incumbent,,,0.0,5.805623154228625,18.28007032988636
00-0040556,RB,2026,1.036160804917031,0.0,0.0,4.669507704541705,False,,0.4715136394964461,,,,,0.0212757476864147,2.519243684545517,0.2141538606406984,0.0368993726566511,3.64416154639866,0.281807832568674,False,False,False,False,Corey Kiner,ARI,veteran_model,True,,False,ACT,,deep_bench,,deep_bench_discounted,17.0,4.225622763756654,0b8c9cb1-e3ed-4936-88ef-94b51df10e96,healthy17_qbroom_concentration_v1,1.0,concentration_v1_full_board,1.0,False,6.0,17.0,,,,,,,,36.21537296296883,240.75211132429325,24.991541448852136,107.82682362857648,2025.0,ARI,canonical_source_team_frame,False,,,0.0,none,2026-08-26,0,0,False,markdown_market_v1,17.614733683589527,0.0,76.50848985505912,17.614733683589527,17.614733683589527,False,incumbent,,,0.633678929748734,0.0,17.614733683589527
00-0037085,RB,2026,1.0421680776123758,0.0,0.0,4.970925730638131,False,,0.6432511937113257,,,,,0.0065122769652377,3.1270849459167342,0.4585445370346217,0.0221590602308269,3.502261961220908,1.0103654474836583,False,False,False,False,Tyler Badie,DEN,veteran_model,True,,False,ACT,,deep_bench,,deep_bench_discounted,17.0,2.094596716811116,0b8c9cb1-e3ed-4936-88ef-94b51df10e96,healthy17_qbroom_concentration_v1,1.0,concentration_v1_full_board,1.0,False,5.0,17.0,,,,,,,,34.86796196556067,230.0636551213692,26.57618138477283,117.91787351632536,2025.0,DEN,canonical_source_team_frame,False,-20.0,-0.341495387428754,0.75,medium,2026-08-26,1,1,False,markdown_market_v1,17.71685731941039,0.0,83.79394117008795,17.71685731941039,17.71685731941039,False,incumbent,,,1.351439782695102,0.0,17.71685731941039
00-0039530,TE,2026,1.0428468929224746,0.0,0.0,3.476531216687402,False,,,,,,,0.0443939906501414,5.172757283346399,0.5531374629711715,,,0.787965317715874,False,False,False,False,Brevyn Spann-Ford,DAL,veteran_model,False,,False,ACT,2.0,backup,,curated,17.0,15.198626483812312,0b8c9cb1-e3ed-4936-88ef-94b51df10e96,healthy17_qbroom_concentration_v1,1.0,not_applicable,1.0,False,2.0,17.0,,,,,,,,34.85375341295928,250.071496061463,26.933211492050265,120.7564084896434,2025.0,DAL,canonical_source_team_frame,False,-66.0,-0.5549960314918742,0.62,medium,2026-08-26,1,1,False,markdown_market_v1,17.728397179682066,0.0,59.64637360203082,17.728397179682066,17.728397179682066,False,incumbent,,,14.052934778332787,17.27271607235712,18.136781890943094
00-0038840,WR,2026,1.0199069427818,0.0,0.0,4.549496492408208,False,,,,,,,0.044304399670925,6.086972700906443,0.3618103634788899,,,0.4137046648463654,False,False,False,False,Brycen Tremayne,CAR,veteran_model,True,,False,ACT,,deep_bench,,deep_bench_discounted,17.0,3.4361738239821165,0b8c9cb1-e3ed-4936-88ef-94b51df10e96,healthy17_qbroom_concentration_v1,1.0,not_applicable,1.0,False,7.0,17.0,,,,,,,,33.086654804365814,214.5319014599454,26.991967859866016,116.4978523275508,2025.0,CAR,canonical_source_team_frame,False,45.0,0.4730781093935008,0.62,medium,2026-08-26,1,1,False,markdown_market_v1,17.338418027290597,0.0,74.6113856823923,17.338418027290597,17.338418027290597,False,incumbent,,,4.152911548835087,0.0,17.338418027290597
00-0033869,QB,2026,0.4886640805796611,-0.6282477875655164,0.0,5.261399180615548,True,2.835078046960789,0.5125919430151528,1.4282194297058188,0.0930094640643708,0.1701046828176473,8.225661668521404,,,,0.0094430617913959,1.7468592313248468,,False,False,False,False,Mitchell Trubisky,TEN,veteran_model,False,,True,ACT,2.0,backup,,curated,17.0,4.759312384126819,0b8c9cb1-e3ed-4936-88ef-94b51df10e96,healthy17_qbroom_concentration_v1,1.0,not_applicable,1.0,False,2.0,17.0,,,,,,,,33.99714946554143,212.007639970746,25.993384614102037,108.23524626366611,2025.0,TEN,canonical_source_team_frame,False,,,0.0,none,2026-08-26,0,0,False,markdown_market_v1,8.307289369854239,0.0,89.62885259195522,8.307289369854239,8.307289369854239,False,incumbent,,,0.0,0.8829943746457427,20.768223424635597
00-0041510,TE,2026,1.104971655164338,0.0993098814350033,0.0993098814350033,2.288555002265612,False,,,,,,,0.0370677889229925,5.750485937592033,0.512278776663817,,,0.7672648085178211,False,False,False,False,Max Klare,LA,rookie_rule,True,drafted,False,,,deep_bench,,deep_bench_discounted,17.0,12.465116279069768,0b8c9cb1-e3ed-4936-88ef-94b51df10e96,healthy17_qbroom_concentration_v1,1.0,not_applicable,1.0,False,4.0,17.0,no_data,,off_chart,0.3,False,4.0,True,34.82297755064974,249.39921534190285,26.611874443882616,121.4158089351876,2025.0,LA,canonical_source_team_frame,False,-58.0,-0.5448681855369036,0.75,medium,2026-08-26,1,1,False,markdown_market_v1,18.784518137793746,1.7022538372110343,38.18521368899125,18.784518137793746,18.784518137793746,False,incumbent,,,29.572237810147744,11.810273444533404,17.585882618643303
00-0039737,TE,2026,0.9417070727256719,0.0,0.0,3.4662592761555127,False,,,,,,,0.0249884759636184,5.858814371453383,0.6282483405242743,,,0.902689022353509,False,False,False,False,Tip Reiman,ARI,veteran_model,True,,False,ACT,,deep_bench,,deep_bench_discounted,17.0,3.147771514798054,0b8c9cb1-e3ed-4936-88ef-94b51df10e96,healthy17_qbroom_concentration_v1,1.0,not_applicable,1.0,False,2.0,17.0,,,,,,,,36.21537296296883,240.75211132429325,24.991541448852136,107.82682362857648,2025.0,ARI,canonical_source_team_frame,False,32.0,0.1248499768648749,0.75,medium,2026-08-26,1,1,False,markdown_market_v1,16.009020236336422,0.0,54.52271889761134,16.009020236336422,16.009020236336422,False,incumbent,,,11.927115450437366,0.0,16.462565212547428
00-0038440,RB,2026,1.048807451415674,0.0,0.0,5.026097707234781,False,,0.9588600970795296,,,,,0.010532463487142,2.517541462279283,0.3115816788720115,0.0153794881559747,4.866637441596431,0.3321090270225695,False,False,False,False,Zavier Scott,MIN,veteran_model,True,,False,ACT,,deep_bench,,deep_bench_discounted,17.0,3.259777593814477,0b8c9cb1-e3ed-4936-88ef-94b51df10e96,healthy17_qbroom_concentration_v1,1.0,concentration_v1_full_board,1.0,False,4.0,17.0,,,,,,,,33.31986938890707,212.12724988326613,25.99228043038729,113.38707277968209,2025.0,MIN,canonical_source_team_frame,False,,,0.0,none,2026-08-26,0,0,False,markdown_market_v1,17.829726674066457,0.0,85.07623748129592,17.829726674066457,17.829726674066457,False,incumbent,,,1.0472698251737775,0.0,17.829726674066457
00-0038589,TE,2026,0.9729688977014114,0.0,0.0,3.4379832054181048,False,,,,,,,0.0315347621198453,5.366046758507829,0.5916942877638453,,,0.7548177061527765,False,False,False,False,Josh Whyle,GB,veteran_model,False,,False,ACT,2.0,backup,,curated,17.0,10.142008945935014,0b8c9cb1-e3ed-4936-88ef-94b51df10e96,healthy17_qbroom_concentration_v1,1.0,not_applicable,1.0,False,3.0,17.0,,,,,,,,32.64024951982665,227.6640713446097,27.556451830260983,118.45985840964596,2025.0,GB,canonical_source_team_frame,False,9.0,0.0352777318902641,0.75,medium,2026-08-26,1,1,False,markdown_market_v1,16.540471260923994,0.0,57.61466392564991,16.540471260923994,16.540471260923994,False,incumbent,,,12.234446371624088,10.23504346232465,17.018918470846202
00-0041084,TE,2026,1.1133755609093772,0.0,0.0,2.7486317872107278,False,,,,,,,0.0473659355013348,5.031956469157313,0.4627580207421778,,,0.6852410885564331,False,False,False,False,Tanner Koziol,JAX,rookie_rule,True,drafted,False,,,deep_bench,,deep_bench_discounted,17.0,2.4814814814814814,0b8c9cb1-e3ed-4936-88ef-94b51df10e96,healthy17_qbroom_concentration_v1,1.0,not_applicable,1.0,False,3.0,17.0,above_median,,off_chart,0.7373203313010366,False,27.0,False,34.281392912743186,230.86210034575595,27.465841920542964,117.91153249278577,2025.0,JAX,canonical_source_team_frame,False,-47.0,-0.4329457435848833,0.62,medium,2026-08-26,1,1,False,markdown_market_v1,18.927384535459414,0.0,45.34139020689915,18.927384535459414,18.927384535459414,False,incumbent,,,38.57557502745128,0.0,16.74425225857143
00-0036841,WR,2026,0.9667896038958071,0.0,0.0,4.494523176269074,False,,,,,,,0.0460437778866712,4.986271087632405,0.4511315152664749,,,0.8182197332317644,False,False,False,False,Austin Trammell,JAX,veteran_model,True,,False,ACT,,deep_bench,,deep_bench_discounted,17.0,1.6807096371861898,0b8c9cb1-e3ed-4936-88ef-94b51df10e96,healthy17_qbroom_concentration_v1,1.0,not_applicable,1.0,False,8.0,17.0,,,,,,,,34.281392912743186,230.86210034575595,27.465841920542964,117.91153249278577,2025.0,JAX,canonical_source_team_frame,False,,,0.0,none,2026-08-26,0,0,False,markdown_market_v1,16.43542326622872,0.0,74.34715909911375,16.43542326622872,16.43542326622872,False,incumbent,,,9.657692046338886,0.0004337893461654,16.43542326622872
00-0036187,RB,2026,0.9471719622793162,0.0,0.0,4.91535558606132,False,,1.0560314236881785,,,,,0.0077833350814248,1.4799344643296146,0.3355227086281639,0.0472638601107765,3.358360204280665,0.3513664529422887,False,False,False,False,Reggie Gilliam,NE,veteran_model,True,,True,ACT,,deep_bench,,deep_bench_discounted,17.0,2.981231218045047,0b8c9cb1-e3ed-4936-88ef-94b51df10e96,healthy17_qbroom_concentration_v1,1.0,concentration_v1_full_board,1.0,False,,17.0,,,,,,,,33.74543089702036,243.75247513831917,27.01222693387557,121.7111389498118,2025.0,NE,canonical_source_team_frame,False,,,0.0,none,2026-08-26,0,0,False,markdown_market_v1,16.101923358748376,0.0,79.9957218365,16.101923358748376,16.101923358748376,False,incumbent,,,0.3012201564172432,0.0,16.101923358748376
00-0037120,RB,2026,0.9438111246249359,0.0,0.0,4.887423296121197,False,,0.9037934748951456,,,,,0.016595108935245,2.690247541762512,0.2592756193068668,0.0119346389342597,3.997121314776672,0.3478101104359924,False,False,False,False,Tyler Goodson,ATL,veteran_model,True,,True,ACT,,deep_bench,,deep_bench_discounted,17.0,1.2785196382345236,0b8c9cb1-e3ed-4936-88ef-94b51df10e96,healthy17_qbroom_concentration_v1,1.0,concentration_v1_full_board,1.0,False,3.0,17.0,,,,,,,,33.11019223657139,223.68381617318363,27.583501535610957,121.08084842723764,2025.0,ATL,canonical_source_team_frame,False,,,0.0,none,2026-08-26,0,0,False,markdown_market_v1,16.04478911862391,0.0,80.93320420761687,16.04478911862391,16.04478911862391,False,incumbent,,,0.2243668797892822,0.0,16.04478911862391
00-0036567,RB,2026,0.9459993613405224,0.0,0.0,4.98464092903866,False,,0.7346452640095847,,,,,0.0149294388190662,0.9924819122154556,0.1856921061668314,0.0178656941247697,5.772068708765959,0.2674909876496053,False,False,False,False,Elijah Mitchell,PHI,veteran_model,True,,True,ACT,,deep_bench,,deep_bench_discounted,17.0,1.1732229505956326,0b8c9cb1-e3ed-4936-88ef-94b51df10e96,healthy17_qbroom_concentration_v1,1.0,concentration_v1_full_board,1.0,False,5.0,17.0,,,,,,,,32.806418334792035,217.8630465484892,27.532262539569395,119.01828343531058,2025.0,PHI,canonical_source_team_frame,False,,,0.0,none,2026-08-26,0,0,False,markdown_market_v1,16.08198914278888,0.0,82.16277479633143,16.08198914278888,16.08198914278888,False,incumbent,,,0.6081422882239883,0.0,16.08198914278888
00-0041100,WR,2026,0.9158084655863922,0.0,0.0,2.9901268410410005,False,,,,,,,0.0326280402725812,5.469772313109414,0.4310344821045337,,,0.7141424729597373,False,False,False,False,Josh Cameron,JAX,rookie_rule,True,drafted,False,,,deep_bench,,deep_bench_discounted,17.0,2.163636363636364,0b8c9cb1-e3ed-4936-88ef-94b51df10e96,healthy17_qbroom_concentration_v1,1.0,not_applicable,1.0,False,5.0,17.0,no_data,,off_chart,0.7453600603236663,False,55.0,False,34.281392912743186,230.86210034575595,27.465841920542964,117.91153249278577,2025.0,JAX,canonical_source_team_frame,False,-46.0,-0.3093065220935401,0.62,medium,2026-08-26,1,1,False,markdown_market_v1,15.568743914968667,0.0,48.75851893454855,15.568743914968667,15.568743914968667,False,incumbent,,,16.411550422076846,0.0,15.568743914968667
00-0041217,RB,2026,0.9433566747615337,0.0,0.0,3.1382648702736704,False,,1.357811286836035,,,,,0.0050037374477222,1.4152601282190602,0.195343839436088,0.0209273044757972,5.632696211938457,0.2556763775621045,False,False,False,False,J'Mari Taylor,JAX,rookie_rule,True,udfa,False,,,deep_bench,,deep_bench_discounted,17.0,0.71,0b8c9cb1-e3ed-4936-88ef-94b51df10e96,healthy17_qbroom_concentration_v1,1.0,concentration_v1_full_board,1.0,False,6.0,17.0,above_median,,off_chart,1.0,False,300.0,False,34.281392912743186,230.86210034575595,27.465841920542964,117.91153249278577,2025.0,JAX,canonical_source_team_frame,False,,,0.0,none,2026-08-26,0,0,False,markdown_market_v1,16.037063470946073,0.0,52.45510884645716,16.037063470946073,16.037063470946073,False,incumbent,,,14.681641990412324,0.0359001453947342,16.037063470946073
00-0038400,QB,2026,0.405634880226724,-0.3559069431685565,0.0,4.516967232902761,True,1.7936346001860115,0.4469895795406088,1.075432575505926,0.0562597626193589,0.1076180760111607,11.261421616900316,,,,0.0113938441210865,1.1633940792883584,,False,False,False,False,Tanner McKee,PHI,veteran_model,False,,False,ACT,2.0,backup,,curated,17.0,5.534660660820866,0b8c9cb1-e3ed-4936-88ef-94b51df10e96,healthy17_qbroom_concentration_v1,1.0,not_applicable,1.0,False,3.0,17.0,,,,,,,,32.806418334792035,217.8630465484892,27.532262539569395,119.01828343531058,2025.0,PHI,canonical_source_team_frame,False,-61.0,-0.8922933720158611,0.75,medium,2026-08-26,1,1,False,markdown_market_v1,6.8957929638543085,0.0,74.57123281540396,6.8957929638543085,6.8957929638543085,False,incumbent,,,0.0,0.6999101238662309,17.23948240963577
00-0035645,WR,2026,0.0,0.0,0.0,4.432821031265309,False,,,,,,,0.0219731752495052,5.870806086095961,0.4396674572122259,,,0.6232304367950205,False,False,True,True,Gunner Olszewski,NYG,veteran_model,True,,False,RES,,deep_bench,,deep_bench_discounted,0.0,3.084596194266911,0b8c9cb1-e3ed-4936-88ef-94b51df10e96,healthy17_qbroom_concentration_v1,1.0,not_applicable,1.0,False,15.0,0.0,,,,,,,,33.24864013753459,223.72476972874463,27.99474579779997,122.73497314685248,2025.0,NYG,canonical_source_team_frame,False,,,0.0,none,2026-08-26,0,0,False,markdown_market_v1,0.0,0.0,0.0,0.0,0.0,False,incumbent,,,12.200186029096844,0.0,0.0
00-0032918,RB,2026,0.938377827805921,0.0,0.0,4.915245050869446,False,,0.7479848691446672,,,,,0.0014999885907863,0.8938243949093931,0.0979545409206657,0.0503051640343205,4.886976654971593,0.129794558492305,False,False,False,False,C.J. Ham,MIN,veteran_model,True,,False,RET,,deep_bench,,deep_bench_discounted,17.0,1.3098000583228808,0b8c9cb1-e3ed-4936-88ef-94b51df10e96,healthy17_qbroom_concentration_v1,1.0,concentration_v1_full_board,1.0,False,,17.0,,,,,,,,33.31986938890707,212.12724988326613,25.99228043038729,113.38707277968209,2025.0,MIN,canonical_source_team_frame,False,,,0.0,none,2026-08-26,0,0,False,markdown_market_v1,15.952423072700658,0.0,83.21490524593392,15.952423072700658,15.952423072700658,False,incumbent,,,15.952423072700658,0.0,15.952423072700658
00-0041056,QB,2026,2.08455241784384,-0.3738105240699821,0.0,3.0605566549687246,True,2.2399951685537234,0.3767768016297428,1.3570603900944034,0.0567011606482865,0.1343997101132234,5.710514848990827,,,,0.0181635877491492,1.698720686621756,,False,False,False,False,Cade Klubnik,NYJ,rookie_rule,True,drafted,False,,2.0,backup,,rookie_path,17.0,4.888888888888889,0b8c9cb1-e3ed-4936-88ef-94b51df10e96,healthy17_qbroom_concentration_v1,1.0,not_applicable,1.0,False,2.0,17.0,no_data,2.0,rank_2,1.0,False,9.0,False,32.41879516501858,201.132721478803,27.47972793367314,119.35043810725364,2025.0,NYJ,canonical_source_team_frame,False,-76.0,-0.8164612209448797,0.62,medium,2026-08-26,1,1,False,markdown_market_v1,35.43739110334528,0.0,50.81268477374146,35.43739110334528,35.43739110334528,False,incumbent,,,47.337465643104856,0.8377166227193027,17.587279293705908
00-0037086,TE,2026,0.8232790239518346,0.0,0.0,3.342554539024402,False,,,,,,,0.0514617239178644,3.830711100249826,0.4687805450518104,,,0.6494445631431444,False,False,False,False,Grant Calcaterra,PHI,veteran_model,True,,False,ACT,,deep_bench,,deep_bench_discounted,17.0,5.868680461173312,0b8c9cb1-e3ed-4936-88ef-94b51df10e96,healthy17_qbroom_concentration_v1,1.0,not_applicable,1.0,False,4.0,17.0,,,,,,,,32.806418334792035,217.8630465484892,27.532262539569395,119.01828343531058,2025.0,PHI,canonical_source_team_frame,False,,,0.0,none,2026-08-26,0,0,False,markdown_market_v1,13.99574340718119,0.0,52.77480896607877,13.99574340718119,13.99574340718119,False,incumbent,,,8.243054493085651,0.0,14.634931064302917
00-0038710,TE,2026,0.8474561984499457,0.0,0.0,3.341219356103995,False,,,,,,,0.030575410684116,4.783710227470255,0.5261461125718913,,,0.7031779415770854,False,False,False,False,Blake Whiteheart,CLE,veteran_model,False,,False,ACT,2.0,backup,,curated,17.0,11.769818515099791,0b8c9cb1-e3ed-4936-88ef-94b51df10e96,healthy17_qbroom_concentration_v1,1.0,not_applicable,1.0,False,4.0,17.0,,,,,,,,33.82707987620956,210.09032913022048,26.55432348725456,109.36695682546336,2025.0,CLE,canonical_source_team_frame,False,,,0.0,none,2026-08-26,0,0,False,markdown_market_v1,14.406755373649077,0.0,55.95411770795471,14.406755373649077,14.406755373649077,False,incumbent,,,3.721773638701189,11.857574534895567,15.593975566421063
00-0036727,RB,2026,0.9147580840686237,0.0,0.0,4.822663441961536,False,,0.8209513200179788,,,,,0.0044929947834698,1.1557169095660909,0.246879518424704,0.0537240749401559,3.3478930586186126,0.282273866791741,False,False,False,False,Adam Prentice,DEN,veteran_model,True,,False,ACT,,deep_bench,,deep_bench_discounted,17.0,2.785718373421718,0b8c9cb1-e3ed-4936-88ef-94b51df10e96,healthy17_qbroom_concentration_v1,1.0,concentration_v1_full_board,1.0,False,,17.0,,,,,,,,34.86796196556067,230.0636551213692,26.57618138477283,117.91787351632536,2025.0,DEN,canonical_source_team_frame,False,,,0.0,none,2026-08-26,0,0,False,markdown_market_v1,15.550887429166602,0.0,81.50675310893513,15.550887429166602,15.550887429166602,False,incumbent,,,0.7434967543418232,0.0,15.550887429166602
00-0040208,RB,2026,0.9211110440246458,0.0,0.0,4.887236033376735,False,,1.2951216491572193,,,,,0.0029971609967916,2.0000840631655485,0.2278072843397228,0.0217308093200895,4.55995762956534,0.3327370899890729,False,False,False,False,Tahj Brooks,CIN,veteran_model,True,,False,ACT,,deep_bench,,deep_bench_discounted,17.0,1.7113490167125462,0b8c9cb1-e3ed-4936-88ef-94b51df10e96,healthy17_qbroom_concentration_v1,1.0,concentration_v1_full_board,1.0,False,3.0,17.0,,,,,,,,35.76282862419232,238.6281952536197,25.12248933429627,107.39911528359622,2025.0,CIN,canonical_source_team_frame,False,,,0.0,none,2026-08-26,0,0,False,markdown_market_v1,15.658887748418978,0.0,83.55492883147996,15.658887748418978,15.658887748418978,False,incumbent,,,0.5998757875785465,0.0159711753435907,15.658887748418978
00-0036862,WR,2026,0.8305481623458361,0.0,0.0,4.410222895684337,False,,,,,,,0.0451074194456946,4.827687275360552,0.325484017843089,,,0.5241152540965341,False,False,False,False,Ben Skowronek,PIT,veteran_model,True,,False,ACT,,deep_bench,,deep_bench_discounted,17.0,3.002073494901435,0b8c9cb1-e3ed-4936-88ef-94b51df10e96,healthy17_qbroom_concentration_v1,1.0,not_applicable,1.0,False,5.0,17.0,,,,,,,,33.53074981559085,220.60629098765008,26.566881241231517,113.38878134930282,2025.0,PIT,canonical_source_team_frame,False,,,0.0,none,2026-08-26,0,0,False,markdown_market_v1,14.119318759879214,0.0,67.80001859025148,14.119318759879214,14.119318759879214,False,incumbent,,,0.870474720175968,0.0209401832748559,14.119318759879214
00-0039912,TE,2026,0.8891729714022383,0.0,0.0,3.32983427422719,False,,,,,,,0.0344464454362911,4.613108096961693,0.4910439578938924,,,0.6667290417603441,False,False,False,False,Ben Sinnott,WAS,veteran_model,True,,False,ACT,,deep_bench,,deep_bench_discounted,17.0,7.396997813547194,0b8c9cb1-e3ed-4936-88ef-94b51df10e96,healthy17_qbroom_concentration_v1,1.0,not_applicable,1.0,False,3.0,17.0,,,,,,,,32.67144533753111,214.92336904810367,27.29070180650144,124.16028766147345,2025.0,WAS,canonical_source_team_frame,False,-77.0,-0.9443471361253316,0.75,medium,2026-08-26,1,1,False,markdown_market_v1,15.115940513838051,0.0,51.507495899338885,15.115940513838051,15.115940513838051,False,incumbent,,,23.82788487214614,2.134350201002768,14.147946696248262
00-0039364,RB,2026,0.8862001367878909,0.0,0.0,4.836463949704448,False,,1.0623352711339549,,,,,0.0,2.596350287523813,0.2952113403409575,0.005708165348059,4.715014834476114,0.4234268852023856,False,False,False,False,Sione Vaki,DET,veteran_model,True,,False,ACT,,deep_bench,,deep_bench_discounted,17.0,1.1762601200822385,0b8c9cb1-e3ed-4936-88ef-94b51df10e96,healthy17_qbroom_concentration_v1,1.0,concentration_v1_full_board,1.0,False,3.0,17.0,,,,,,,,33.93703078284322,246.2148467705308,26.80245988676499,118.24421493778569,2025.0,DET,canonical_source_team_frame,False,-82.0,-1.088651352542947,0.62,medium,2026-08-26,1,1,False,markdown_market_v1,15.065402325394144,0.0,80.26056214883825,15.065402325394144,15.065402325394144,False,incumbent,,,0.0927741282448361,0.0,15.065402325394144
00-0039305,RB,2026,0.8809294097271357,0.0,0.0,4.874710740498427,False,,1.038875375537917,,,,,0.0,1.3868615408148144,0.2295596653335525,0.0406777854689542,4.096164168591826,0.2834918229945509,False,False,False,False,Jack Westover,NE,veteran_model,True,,False,ACT,,deep_bench,,deep_bench_discounted,17.0,2.678053760086433,0b8c9cb1-e3ed-4936-88ef-94b51df10e96,healthy17_qbroom_concentration_v1,1.0,concentration_v1_full_board,1.0,False,,17.0,,,,,,,,33.74543089702036,243.75247513831917,27.01222693387557,121.7111389498118,2025.0,NE,canonical_source_team_frame,False,,,0.0,none,2026-08-26,0,0,False,markdown_market_v1,14.975799965361308,0.0,79.44895895896535,14.975799965361308,14.975799965361308,False,incumbent,,,0.5966567054633679,0.0,14.975799965361308
00-0037231,WR,2026,0.8579566878659158,0.0,0.0,4.40087249345048,False,,,,,,,0.0276521951138076,5.183303864365849,0.4451225875569632,,,0.8662942745546003,False,False,False,False,Kevin Austin Jr.,NO,veteran_model,True,,False,ACT,,deep_bench,,deep_bench_discounted,17.0,2.466183079212942,0b8c9cb1-e3ed-4936-88ef-94b51df10e96,healthy17_qbroom_concentration_v1,1.0,not_applicable,1.0,False,11.0,17.0,,,,,,,,34.20731916190036,231.16668439742472,26.96687552570446,109.19074388858569,2025.0,NO,canonical_source_team_frame,False,,,0.0,none,2026-08-26,0,0,False,markdown_market_v1,14.585263693720568,0.0,70.26742672844864,14.585263693720568,14.585263693720568,False,incumbent,,,29.136263966544497,0.0,14.585263693720568
00-0038938,WR,2026,0.8025349530215595,0.0,0.0,4.399875736802908,False,,,,,,,0.0475375196285157,4.906272655136338,0.2599114219312219,,,0.4687403848707994,False,False,True,True,Jalin Hyatt,NYG,veteran_model,True,,False,ACT,,deep_bench,,deep_bench_discounted,17.0,2.5271416405936504,0b8c9cb1-e3ed-4936-88ef-94b51df10e96,healthy17_qbroom_concentration_v1,1.0,not_applicable,1.0,False,10.0,17.0,,,,,,,,33.24864013753459,223.72476972874463,27.99474579779997,122.73497314685248,2025.0,NYG,canonical_source_team_frame,False,,,0.0,none,2026-08-26,0,0,False,markdown_market_v1,13.643094201366512,0.0,66.24185162609831,13.643094201366512,13.643094201366512,False,incumbent,,,9.353493411937723,0.0070209672736079,13.643094201366512
00-0035891,WR,2026,0.8933011284225162,0.0,0.0,4.39886026733604,False,,,,,,,0.0239183030651724,5.616463570740969,0.3992728986366815,,,0.6994127200876349,False,False,False,False,Cody White,SEA,veteran_model,True,,False,ACT,,deep_bench,,deep_bench_discounted,17.0,1.5812183606383767,0b8c9cb1-e3ed-4936-88ef-94b51df10e96,healthy17_qbroom_concentration_v1,1.0,not_applicable,1.0,False,7.0,17.0,,,,,,,,32.23055547607071,233.1588091163081,27.961458857752422,119.77956467483948,2025.0,SEA,canonical_source_team_frame,False,,,0.0,none,2026-08-26,0,0,False,markdown_market_v1,15.186119183182775,0.0,75.51166070404369,15.186119183182775,15.186119183182775,False,incumbent,,,1.0983230531894317,0.0,15.186119183182775
00-0038647,WR,2026,0.8472695457562065,0.0,0.0,4.391443399690664,False,,,,,,,0.032585286171146,4.991363997124044,0.4054552807976313,,,0.6533909952226836,False,False,False,False,Ronnie Bell,NO,veteran_model,True,,False,ACT,,deep_bench,,deep_bench_discounted,17.0,1.675723221421756,0b8c9cb1-e3ed-4936-88ef-94b51df10e96,healthy17_qbroom_concentration_v1,1.0,not_applicable,1.0,False,8.0,17.0,,,,,,,,34.20731916190036,231.16668439742472,26.96687552570446,109.19074388858569,2025.0,NO,canonical_source_team_frame,False,,,0.0,none,2026-08-26,0,0,False,markdown_market_v1,14.403582277855511,0.0,70.08574531258358,14.403582277855511,14.403582277855511,False,incumbent,,,8.26489797408561,0.0131201047738795,14.403582277855511
00-0036429,TE,2026,0.8518631182176727,0.0,0.0,3.306247047368228,False,,,,,,,0.0258317741669787,4.825667614180878,0.5047336559638809,,,0.781814787766061,False,False,False,False,Charlie Woerner,ATL,veteran_model,False,,False,ACT,2.0,backup,,curated,17.0,13.945952344743738,0b8c9cb1-e3ed-4936-88ef-94b51df10e96,healthy17_qbroom_concentration_v1,1.0,not_applicable,1.0,False,3.0,17.0,,,,,,,,33.11019223657139,223.68381617318363,27.583501535610957,121.08084842723764,2025.0,ATL,canonical_source_team_frame,False,,,0.0,none,2026-08-26,0,0,False,markdown_market_v1,14.481673009700435,0.0,53.1132165146689,14.481673009700435,14.481673009700435,False,incumbent,,,15.52254025664302,10.81815555900495,14.36602109337348
00-0040582,WR,2026,0.7744607558311086,0.0,0.0,4.37309832591499,False,,,,,,,0.0490810457066981,3.574553526828673,0.4541781128787299,,,0.6923540420602482,False,False,True,True,Arian Smith,NYJ,veteran_model,True,,False,ACT,,deep_bench,,deep_bench_discounted,17.0,4.256371458038815,0b8c9cb1-e3ed-4936-88ef-94b51df10e96,healthy17_qbroom_concentration_v1,1.0,not_applicable,1.0,False,6.0,17.0,,,,,,,,32.41879516501858,201.132721478803,27.47972793367314,119.35043810725364,2025.0,NYJ,canonical_source_team_frame,False,,,0.0,none,2026-08-26,0,0,False,markdown_market_v1,13.165832849128847,0.0,65.49668497515877,13.165832849128847,13.165832849128847,False,incumbent,,,4.590669299453409,0.0014436825946362,13.165832849128847
00-0040673,QB,2026,0.33687030609865787,-0.4558751251573456,0.0,5.12630424421854,True,1.838373229110497,0.287999524324295,1.187940437964871,0.0672890546414354,0.1103023937466298,10.838731641336556,,,,0.0098411386599392,0.7812968320929551,,False,False,False,False,Jalen Milroe,SEA,veteran_model,True,,False,ACT,,deep_bench,,deep_bench_discounted,17.0,2.083265061104904,0b8c9cb1-e3ed-4936-88ef-94b51df10e96,healthy17_qbroom_concentration_v1,1.0,not_applicable,1.0,False,3.0,17.0,,,,,,,,32.23055547607071,233.1588091163081,27.961458857752422,119.77956467483948,2025.0,SEA,canonical_source_team_frame,False,-19.0,-0.2415215553375396,0.75,medium,2026-08-26,1,1,False,markdown_market_v1,5.726795203677184,0.0,77.12715628947537,5.726795203677184,5.726795203677184,False,incumbent,,,0.0,0.0,14.316988009192958
00-0040067,RB,2026,0.8679707124388346,0.0,0.0,4.802426454510089,False,,0.8866456053003646,,,,,0.01150830364318,2.131992436936464,0.2888075903481738,0.0262314262975675,2.91387270202422,0.3227457598734474,False,False,False,False,Jacardia Wright,SEA,veteran_model,True,,False,ACT,,deep_bench,,deep_bench_discounted,17.0,2.2956880051720443,0b8c9cb1-e3ed-4936-88ef-94b51df10e96,healthy17_qbroom_concentration_v1,1.0,concentration_v1_full_board,1.0,False,6.0,17.0,,,,,,,,32.23055547607071,233.1588091163081,27.961458857752422,119.77956467483948,2025.0,SEA,canonical_source_team_frame,False,42.0,0.4475518543231378,0.75,medium,2026-08-26,1,1,False,markdown_market_v1,14.755502111460189,0.0,81.58594187658407,14.755502111460189,14.755502111460189,False,incumbent,,,0.1156755382279804,0.0154308262006299,14.755502111460189
00-0037329,RB,2026,0.8649048783807539,0.0,0.0,4.828575241381203,False,,1.149296808158054,,,,,0.0,2.0297202718619296,0.2685727898290693,0.0229725797732494,3.9605147096676174,0.3288367361581613,False,False,False,False,Brittain Brown,CHI,veteran_model,True,,False,ACT,,deep_bench,,deep_bench_discounted,17.0,3.658156314311333,0b8c9cb1-e3ed-4936-88ef-94b51df10e96,healthy17_qbroom_concentration_v1,1.0,concentration_v1_full_board,1.0,False,4.0,17.0,,,,,,,,33.74412762295005,231.616563841159,27.71808021893144,128.0128941200731,2025.0,CHI,canonical_source_team_frame,False,,,0.0,none,2026-08-26,0,0,False,markdown_market_v1,14.703382932472817,0.0,81.90405271153959,14.703382932472817,14.703382932472817,False,incumbent,,,1.6961934435520098,0.0,14.703382932472817
00-0039050,TE,2026,0.7305727997582164,0.0,0.0,3.281351033725029,False,,,,,,,0.021954061429485,4.748643069817915,0.5168790903999997,,,0.6655519360892328,False,False,False,False,Payne Durham,TB,veteran_model,False,,False,ACT,2.0,backup,,curated,17.0,14.858112741063886,0b8c9cb1-e3ed-4936-88ef-94b51df10e96,healthy17_qbroom_concentration_v1,1.0,not_applicable,1.0,False,2.0,17.0,,,,,,,,33.55035103578723,223.7141596661014,27.73776146084954,117.79149136744992,2025.0,TB,canonical_source_team_frame,False,,,0.0,none,2026-08-26,0,0,False,markdown_market_v1,12.419737595889679,0.0,51.16812604102566,12.419737595889679,12.419737595889679,False,incumbent,,,3.115768060038039,10.445567364068856,13.45351198876208
00-0041485,RB,2026,0.8560361213978491,0.0,0.0,2.8025687643619093,False,,1.1797687398743382,,,,,0.0050037374477222,1.4152601282190602,0.195343839436088,0.0209273044757972,4.69126125648764,0.2556763775621045,False,False,False,False,Miles Davis,CAR,rookie_rule,True,udfa,False,,,deep_bench,,deep_bench_discounted,17.0,0.71,0b8c9cb1-e3ed-4936-88ef-94b51df10e96,healthy17_qbroom_concentration_v1,1.0,concentration_v1_full_board,1.0,False,6.0,17.0,no_data,,off_chart,1.0,False,300.0,False,33.086654804365814,214.5319014599454,26.991967859866016,116.4978523275508,2025.0,CAR,canonical_source_team_frame,False,,,0.0,none,2026-08-26,0,0,False,markdown_market_v1,14.552614063763436,0.0,47.267239153790165,14.552614063763436,14.552614063763436,False,incumbent,,,9.107444856168074,0.0,14.552614063763436
00-0034577,QB,2026,0.34893850076493016,-0.8518988716340841,0.0,8.034521523393433,True,2.3854275337814976,0.4056406770374417,1.5461565856431774,0.1136233117060841,0.0888160062411538,14.659418286370348,,,,0.010138176318448,0.8823444302862934,,False,False,False,False,Kyle Allen,BUF,veteran_model,False,,True,ACT,2.0,backup,,curated,17.0,4.184319984781939,0b8c9cb1-e3ed-4936-88ef-94b51df10e96,healthy17_qbroom_concentration_v1,1.0,not_applicable,1.0,False,2.0,17.0,,,,,,,,33.212884173930405,232.0006812309425,28.02188237819293,133.5452190763655,2025.0,BUF,canonical_source_team_frame,False,,,0.0,none,2026-08-26,0,0,False,markdown_market_v1,5.931954513003813,0.0,123.24167369006656,5.931954513003813,5.931954513003813,False,incumbent,,,0.0,0.2586716798308134,14.829886282509532
00-0040563,WR,2026,0.7573428893138053,0.0,0.0,4.345389274172334,False,,,,,,,0.0169161792435196,5.797084558038754,0.3402322007095449,,,0.5957089840826671,False,False,False,False,Efton Chism III,NE,veteran_model,True,,False,ACT,,deep_bench,,deep_bench_discounted,17.0,2.645512319874683,0b8c9cb1-e3ed-4936-88ef-94b51df10e96,healthy17_qbroom_concentration_v1,1.0,not_applicable,1.0,False,7.0,17.0,,,,,,,,33.74543089702036,243.75247513831917,27.01222693387557,121.7111389498118,2025.0,NE,canonical_source_team_frame,False,100.0,2.158321342919698,0.75,medium,2026-08-26,1,1,False,markdown_market_v1,12.874829118334691,0.0,66.38494554744535,12.874829118334691,12.874829118334691,False,incumbent,,,3.4126886528457407,0.0014436825946362,12.874829118334691
00-0026300,QB,2026,0.3377230652593038,-0.1394495523721801,0.0,2.8923627008986115,True,0.629999855542931,0.6352300901898841,0.3889545808600801,0.0248513831889948,0.0377999913325758,4.358273049939074,,,,0.0363920504217382,3.53619969838458,,False,False,False,False,Josh Johnson,CIN,veteran_model,True,,True,ACT,,deep_bench,,deep_bench_discounted,17.0,5.0191808612649575,0b8c9cb1-e3ed-4936-88ef-94b51df10e96,healthy17_qbroom_concentration_v1,1.0,not_applicable,1.0,False,3.0,17.0,,,,,,,,35.76282862419232,238.6281952536197,25.12248933429627,107.39911528359622,2025.0,CIN,canonical_source_team_frame,False,,,0.0,none,2026-08-26,0,0,False,markdown_market_v1,5.741292109408165,0.0,46.59570691076435,5.741292109408165,5.741292109408165,False,incumbent,,,0.0,1.525392106831264,14.353230273520412
00-0037348,TE,2026,0.7096447889565126,0.0,0.0,3.26349056652433,False,,,,,,,0.0369405109877389,3.5283808518705078,0.545373204889037,,,0.6062779275100851,False,False,True,True,Tanner Conner,NYG,veteran_model,True,,True,ACT,,deep_bench,,deep_bench_discounted,17.0,6.059986672921051,0b8c9cb1-e3ed-4936-88ef-94b51df10e96,healthy17_qbroom_concentration_v1,1.0,not_applicable,1.0,False,5.0,17.0,,,,,,,,33.24864013753459,223.72476972874463,27.99474579779997,122.73497314685248,2025.0,NYG,canonical_source_team_frame,False,,,0.0,none,2026-08-26,0,0,False,markdown_market_v1,12.063961412260715,0.0,49.01632586107967,12.063961412260715,12.063961412260715,False,incumbent,,,6.483035289187405,0.977938072385256,12.684064314824417
00-0041178,RB,2026,0.8186366070631754,0.0,0.0,2.7246439207317383,False,,1.0667744341595566,,,,,0.0050037374477222,1.4152601282190602,0.195343839436088,0.0209273044757972,4.472726783195999,0.2556763775621045,False,False,False,False,Robert Henry Jr.,WAS,rookie_rule,True,udfa,False,,,deep_bench,,deep_bench_discounted,17.0,0.71,0b8c9cb1-e3ed-4936-88ef-94b51df10e96,healthy17_qbroom_concentration_v1,1.0,concentration_v1_full_board,1.0,False,6.0,17.0,above_median,,off_chart,1.0,False,300.0,False,32.67144533753111,214.92336904810367,27.29070180650144,124.16028766147345,2025.0,WAS,canonical_source_team_frame,False,-68.0,-0.7144340452155411,0.75,medium,2026-08-26,1,1,False,markdown_market_v1,13.916822320073983,0.0,45.12522559023829,13.916822320073983,13.916822320073983,False,incumbent,,,5.811424839695755,0.0,13.916822320073983
00-0041191,RB,2026,0.8274876435268563,0.0,0.0,2.718118845717189,False,,1.054375351264842,,,,,0.0050037374477222,1.4152601282190602,0.195343839436088,0.0209273044757972,4.454427691852801,0.2556763775621045,False,False,False,False,Cash Jones,ATL,rookie_rule,True,udfa,False,,,deep_bench,,deep_bench_discounted,17.0,0.71,0b8c9cb1-e3ed-4936-88ef-94b51df10e96,healthy17_qbroom_concentration_v1,1.0,concentration_v1_full_board,1.0,False,5.0,17.0,no_data,,off_chart,1.0,False,300.0,False,33.11019223657139,223.68381617318363,27.583501535610957,121.08084842723764,2025.0,ATL,canonical_source_team_frame,False,-18.0,-0.3185633399393573,0.75,medium,2026-08-26,1,1,False,markdown_market_v1,14.067289939956558,0.0,45.605052087700656,14.067289939956558,14.067289939956558,False,incumbent,,,7.534447887402063,0.0,14.067289939956558
00-0038416,QB,2026,0.3326336879145728,-0.5700128331674146,0.0,7.396612619904924,True,2.277698082515525,0.3771718332745094,1.2836675113024074,0.057683336380951,0.108591520984119,9.689927601312135,,,,0.0100331147625402,0.7332095742394017,,False,False,False,False,Tyson Bagent,CHI,veteran_model,False,,False,ACT,2.0,backup,,curated,17.0,3.4508404441809346,0b8c9cb1-e3ed-4936-88ef-94b51df10e96,healthy17_qbroom_concentration_v1,1.0,not_applicable,1.0,False,2.0,17.0,,,,,,,,33.74412762295005,231.616563841159,27.71808021893144,128.0128941200731,2025.0,CHI,canonical_source_team_frame,False,13.0,0.2571151850914837,0.75,medium,2026-08-26,1,1,False,markdown_market_v1,5.654772694547738,0.0,115.7181049631536,5.654772694547738,5.654772694547738,False,incumbent,,,0.0,0.1104583308783525,14.136931736369345
00-0041106,WR,2026,0.8021998560505426,0.0,0.0,2.6193156081786744,False,,,,,,,0.0283599521275742,4.795974161046126,0.3796305396278191,,,0.6301820749772796,False,False,False,False,C.J. Williams,JAX,rookie_rule,True,drafted,False,,,deep_bench,,deep_bench_discounted,17.0,2.163636363636364,0b8c9cb1-e3ed-4936-88ef-94b51df10e96,healthy17_qbroom_concentration_v1,1.0,not_applicable,1.0,False,6.0,17.0,no_data,,off_chart,0.7453600603236663,False,55.0,False,34.281392912743186,230.86210034575595,27.465841920542964,117.91153249278577,2025.0,JAX,canonical_source_team_frame,False,-38.0,-0.2656690615092824,0.62,medium,2026-08-26,1,1,False,markdown_market_v1,13.637397552859223,0.0,42.70165708416234,13.637397552859223,13.637397552859223,False,incumbent,,,17.45564962296305,0.0,13.637397552859223
00-0040184,WR,2026,0.8353013861115574,0.0,0.0,4.327981229402855,False,,,,,,,0.0261493785174611,4.820025007870895,0.3900296299168622,,,0.6583051381685645,False,False,False,False,KeAndre Lambert-Smith,LAC,veteran_model,True,,False,ACT,,deep_bench,,deep_bench_discounted,17.0,2.6717187906030126,0b8c9cb1-e3ed-4936-88ef-94b51df10e96,healthy17_qbroom_concentration_v1,1.0,not_applicable,1.0,False,5.0,17.0,,,,,,,,34.81239421539152,230.9924120352485,26.622477258704382,118.76948607670286,2025.0,LAC,canonical_source_team_frame,False,30.0,0.4846857224172929,0.75,medium,2026-08-26,1,1,False,markdown_market_v1,14.200123563896476,0.0,74.64366836278498,14.200123563896476,14.200123563896476,False,incumbent,,,9.71909420716278,0.0232465009793463,14.200123563896476
00-0040946,RB,2026,0.8263144196154903,0.0,0.0,2.6934822597919084,False,,1.0627470416985447,,,,,0.0050037374477222,1.4152601282190602,0.195343839436088,0.0209273044757972,4.385336204747127,0.2556763775621045,False,False,False,False,Jaden Nixon,GB,rookie_rule,True,udfa,False,,,deep_bench,,deep_bench_discounted,17.0,0.71,0b8c9cb1-e3ed-4936-88ef-94b51df10e96,healthy17_qbroom_concentration_v1,1.0,concentration_v1_full_board,1.0,False,6.0,17.0,no_data,,off_chart,1.0,False,300.0,False,32.64024951982665,227.6640713446097,27.556451830260983,118.45985840964596,2025.0,GB,canonical_source_team_frame,False,,,0.0,none,2026-08-26,0,0,False,markdown_market_v1,14.047345133463336,0.0,45.37821445179706,14.047345133463336,14.047345133463336,False,incumbent,,,6.53650173194745,0.0,14.047345133463336
00-0040964,RB,2026,0.828042519977627,0.0,0.0,2.6877385261151643,False,,1.1348051212661292,,,,,0.0050037374477222,1.4152601282190602,0.195343839436088,0.0209273044757972,4.36922832752466,0.2556763775621045,False,False,False,False,EJ Smith,KC,rookie_rule,True,udfa,False,,,deep_bench,,deep_bench_discounted,17.0,0.71,0b8c9cb1-e3ed-4936-88ef-94b51df10e96,healthy17_qbroom_concentration_v1,1.0,concentration_v1_full_board,1.0,False,6.0,17.0,no_data,,off_chart,1.0,False,300.0,False,35.16321475705483,230.551485538654,25.943035799993208,113.16190955700952,2025.0,KC,canonical_source_team_frame,False,,,0.0,none,2026-08-26,0,0,False,markdown_market_v1,14.07672283961966,0.0,45.45568888800168,14.07672283961966,14.07672283961966,False,incumbent,,,13.475986640477435,0.0,14.07672283961966
00-0040959,RB,2026,0.828042519977627,0.0,0.0,2.6877385261151643,False,,1.1348051212661292,,,,,0.0050037374477222,1.4152601282190602,0.195343839436088,0.0209273044757972,4.36922832752466,0.2556763775621045,False,False,False,False,Jaydn Ott,KC,rookie_rule,True,udfa,False,,,deep_bench,,deep_bench_discounted,17.0,0.71,0b8c9cb1-e3ed-4936-88ef-94b51df10e96,healthy17_qbroom_concentration_v1,1.0,concentration_v1_full_board,1.0,False,5.0,17.0,no_data,,off_chart,1.0,False,300.0,False,35.16321475705483,230.551485538654,25.943035799993208,113.16190955700952,2025.0,KC,canonical_source_team_frame,False,,,0.0,none,2026-08-26,0,0,False,markdown_market_v1,14.07672283961966,0.0,45.45568888800168,14.07672283961966,14.07672283961966,False,incumbent,,,18.43993360980359,0.0477450645043879,14.07672283961966
00-0033246,TE,2026,0.7730959930212736,0.0,0.0,3.243748789938904,False,,,,,,,0.0335998697747656,3.8313491723530713,0.4853836821773514,,,0.7252051938736342,False,False,False,False,Johnny Mundt,PHI,veteran_model,False,,True,ACT,2.0,backup,,curated,17.0,12.380503251325106,0b8c9cb1-e3ed-4936-88ef-94b51df10e96,healthy17_qbroom_concentration_v1,1.0,not_applicable,1.0,False,3.0,17.0,,,,,,,,32.806418334792035,217.8630465484892,27.532262539569395,119.01828343531058,2025.0,PHI,canonical_source_team_frame,False,,,0.0,none,2026-08-26,0,0,False,markdown_market_v1,13.142631881361652,0.0,51.16604645894501,13.142631881361652,13.142631881361652,False,incumbent,,,14.19080179909418,7.461025861828491,13.026168557169148
00-0036182,WR,2026,0.9731400885336065,0.0,0.0,4.316884996858944,False,,,,,,,0.0340285325523003,4.582478074523488,0.3207967030804485,,,0.7675726943327155,False,False,False,False,Nick Westbrook-Ikhine,IND,veteran_model,True,,True,ACT,,deep_bench,,deep_bench_discounted,17.0,2.0131033544279413,0b8c9cb1-e3ed-4936-88ef-94b51df10e96,healthy17_qbroom_concentration_v1,1.0,not_applicable,1.0,False,4.0,17.0,,,,,,,,33.82190844602341,234.02468664293764,26.51465853299865,117.43030699843813,2025.0,IND,canonical_source_team_frame,False,,,0.0,none,2026-08-26,0,0,False,markdown_market_v1,16.54338150507131,0.0,87.07039831220976,16.54338150507131,16.54338150507131,False,incumbent,,,9.65623901308415,0.0,16.54338150507131
00-0033376,RB,2026,0.7911590718528742,0.0,0.0,4.644759287847029,False,,0.7238982603399945,,,,,0.0103913450583812,1.1237104072665658,0.1625353618419472,0.0437264528767977,3.03385843273328,0.1625353618419472,False,True,True,True,Patrick Ricard,NYG,veteran_model,True,,True,ACT,,deep_bench,,deep_bench_discounted,17.0,1.5853182851301102,0b8c9cb1-e3ed-4936-88ef-94b51df10e96,healthy17_qbroom_concentration_v1,1.0,concentration_v1_full_board,1.0,False,,17.0,,,,,,,,33.24864013753459,223.72476972874463,27.99474579779997,122.73497314685248,2025.0,NYG,canonical_source_team_frame,False,,,0.0,none,2026-08-26,0,0,False,markdown_market_v1,13.44970422149886,0.0,74.78749738057361,13.44970422149886,13.44970422149886,False,incumbent,,,0.8982434310461461,0.0,13.44970422149886
00-0033576,TE,2026,0.7705379432318256,0.0,0.0,3.23499194549529,False,,,,,,,0.0299659651213734,4.122287911534983,0.4532891012944472,,,0.557342096634437,False,False,False,False,Eric Saubert,SEA,veteran_model,False,,False,ACT,2.0,backup,,curated,17.0,10.719849043401789,0b8c9cb1-e3ed-4936-88ef-94b51df10e96,healthy17_qbroom_concentration_v1,1.0,not_applicable,1.0,False,3.0,17.0,,,,,,,,32.23055547607071,233.1588091163081,27.961458857752422,119.77956467483948,2025.0,SEA,canonical_source_team_frame,False,,,0.0,none,2026-08-26,0,0,False,markdown_market_v1,13.099145034941035,0.0,55.28935044368002,13.099145034941035,13.099145034941035,False,incumbent,,,6.540215028902352,4.54353529754248,13.827915035612
00-0041312,RB,2026,0.8088569984723998,0.0,0.0,2.63946967572281,False,,1.1101531603744783,,,,,0.0050037374477222,1.4152601282190602,0.195343839436088,0.0209273044757972,4.23386189872631,0.2556763775621045,False,False,False,False,Noah Whittington,HOU,rookie_rule,True,udfa,False,,,deep_bench,,deep_bench_discounted,17.0,0.71,0b8c9cb1-e3ed-4936-88ef-94b51df10e96,healthy17_qbroom_concentration_v1,1.0,concentration_v1_full_board,1.0,False,5.0,17.0,no_data,,off_chart,1.0,False,300.0,False,34.32483042096658,230.71531420889468,27.03402673302534,113.94163263281224,2025.0,HOU,canonical_source_team_frame,False,,,0.0,none,2026-08-26,0,0,False,markdown_market_v1,13.750568974030797,0.0,44.3646795908308,13.750568974030797,13.750568974030797,False,incumbent,,,7.174428828849872,0.0317435434044184,13.750568974030797
00-0041307,RB,2026,0.0,0.0,0.0,2.63946967572281,False,,1.1101531603744783,,,,,0.0050037374477222,1.4152601282190602,0.195343839436088,0.0209273044757972,4.23386189872631,0.2556763775621045,False,False,False,False,Joshua Pitsenberger,HOU,rookie_rule,True,udfa,False,,,deep_bench,,deep_bench_discounted,0.0,0.71,0b8c9cb1-e3ed-4936-88ef-94b51df10e96,healthy17_qbroom_concentration_v1,1.0,concentration_v1_full_board,1.0,False,,0.0,no_data,,off_chart,1.0,False,300.0,False,34.32483042096658,230.71531420889468,27.03402673302534,113.94163263281224,2025.0,HOU,canonical_source_team_frame,False,,,0.0,none,2026-08-26,0,0,False,markdown_market_v1,0.0,0.0,0.0,0.0,0.0,False,incumbent,,,36.39097978168219,0.0509702817978521,0.0
00-0040886,RB,2026,0.7772945202926362,0.0,0.0,2.3851853991805485,False,,0.8556908151038106,,,,,0.0071011560738257,1.4211917800328202,0.1865159629830184,0.0265406695976572,3.798826914780668,0.2445417620435194,False,False,False,False,Nicholas Singleton,TEN,rookie_rule,True,drafted,False,,,deep_bench,,deep_bench_discounted,17.0,4.142857142857143,0b8c9cb1-e3ed-4936-88ef-94b51df10e96,healthy17_qbroom_concentration_v1,1.0,concentration_v1_full_board,1.0,False,3.0,17.0,no_data,,off_chart,0.3,False,42.0,False,33.99714946554143,212.007639970746,25.993384614102037,108.23524626366611,2025.0,TEN,canonical_source_team_frame,False,,,0.0,none,2026-08-26,0,0,False,markdown_market_v1,13.214006844974817,0.0,38.733544301155376,13.214006844974817,13.214006844974817,False,incumbent,,,19.213485454257874,0.0,13.214006844974817
00-0039521,WR,2026,0.7503559617281119,0.0,0.0,4.305352782204285,False,,,,,,,0.0353143135497644,4.543984630385705,0.29000159062912,,,0.502876337676866,False,False,False,False,Xavier Weaver,ARI,veteran_model,True,,False,ACT,,deep_bench,,deep_bench_discounted,17.0,2.475655426067709,0b8c9cb1-e3ed-4936-88ef-94b51df10e96,healthy17_qbroom_concentration_v1,1.0,not_applicable,1.0,False,4.0,17.0,,,,,,,,36.21537296296883,240.75211132429325,24.991541448852136,107.82682362857648,2025.0,ARI,canonical_source_team_frame,False,,,0.0,none,2026-08-26,0,0,False,markdown_market_v1,12.756051349377902,0.0,67.85288013789716,12.756051349377902,12.756051349377902,False,incumbent,,,7.930260541089267,0.0,12.756051349377902
00-0033949,QB,2026,0.8244140356255142,-0.1103250941572901,0.0,2.8070639583353403,True,1.0538753814323591,0.6275859853584921,0.5372312286019194,0.0102891540815498,0.0632325228859415,5.806036713549557,,,,0.0127292534982924,2.665395258930548,,False,False,False,False,Joshua Dobbs,DET,veteran_model,False,,True,,2.0,backup,,curated,17.0,4.539433751357378,0b8c9cb1-e3ed-4936-88ef-94b51df10e96,healthy17_qbroom_concentration_v1,1.0,not_applicable,1.0,False,,17.0,,,,,,,,33.93703078284322,246.2148467705308,26.80245988676499,118.24421493778569,2025.0,DET,canonical_source_team_frame,False,,,0.0,none,2026-08-26,0,0,False,markdown_market_v1,14.015038605633741,0.0,46.69255469235108,14.015038605633741,14.015038605633741,False,incumbent,,,14.01503860563374,1.0236955881860688,14.01503860563374
00-0041433,RB,2026,0.7717265043372247,0.0,0.0,2.557243017151525,False,,1.0808115484704075,,,,,0.0050037374477222,1.4152601282190602,0.195343839436088,0.0209273044757972,4.003263302896083,0.2556763775621045,False,False,False,False,Kadarius Calloway,TB,rookie_rule,True,udfa,False,,,deep_bench,,deep_bench_discounted,17.0,0.71,0b8c9cb1-e3ed-4936-88ef-94b51df10e96,healthy17_qbroom_concentration_v1,1.0,concentration_v1_full_board,1.0,False,5.0,17.0,no_data,,off_chart,1.0,False,300.0,False,33.55035103578723,223.7141596661014,27.73776146084954,117.79149136744992,2025.0,TB,canonical_source_team_frame,False,,,0.0,none,2026-08-26,0,0,False,markdown_market_v1,13.11935057373282,0.0,42.26175345523155,13.11935057373282,13.11935057373282,False,incumbent,,,1.6890744863073694,0.0,13.11935057373282
00-0041443,WR,2026,0.7892786378324529,0.0,0.0,2.482269013831809,False,,,,,,,0.0277741351223999,4.526748765149669,0.3514708032082651,,,0.5785805203444359,False,False,False,False,Skyler Bell,BUF,rookie_rule,True,drafted,False,,,deep_bench,,deep_bench_discounted,17.0,2.163636363636364,0b8c9cb1-e3ed-4936-88ef-94b51df10e96,healthy17_qbroom_concentration_v1,1.0,not_applicable,1.0,False,5.0,17.0,above_median,,off_chart,0.3321589786643442,False,55.0,False,33.212884173930405,232.0006812309425,28.02188237819293,133.5452190763655,2025.0,BUF,canonical_source_team_frame,False,-46.0,-0.3093065220935401,0.62,medium,2026-08-26,1,1,False,markdown_market_v1,13.4177368431517,0.0,41.8682971719043,13.4177368431517,13.4177368431517,False,incumbent,,,23.9424987831557,0.0,13.4177368431517
00-0041446,WR,2026,0.7528921653259978,0.0,0.0,2.480735337667703,False,,,,,,,0.0273768858741559,4.531694336029257,0.3547653253241044,,,0.5861080136319174,False,False,False,False,Kendrick Law,DET,rookie_rule,True,drafted,False,,,deep_bench,,deep_bench_discounted,17.0,2.163636363636364,0b8c9cb1-e3ed-4936-88ef-94b51df10e96,healthy17_qbroom_concentration_v1,1.0,not_applicable,1.0,False,13.0,17.0,no_data,,off_chart,0.4903360396839989,False,55.0,False,33.93703078284322,246.2148467705308,26.80245988676499,118.24421493778569,2025.0,DET,canonical_source_team_frame,False,,,0.0,none,2026-08-26,0,0,False,markdown_market_v1,12.799166810541962,0.0,40.00266882997312,12.799166810541962,12.799166810541962,False,incumbent,,,15.184026538247842,0.0,12.799166810541962
00-0036980,WR,2026,0.7330220743275888,0.0,0.0,4.28831689690818,False,,,,,,,0.0214376127973409,3.741898348453073,0.5828674854525168,,,0.6577082902855318,False,False,False,False,Elijah Moore,PHI,veteran_model,True,,True,ACT,,deep_bench,,deep_bench_discounted,17.0,3.723320531078068,0b8c9cb1-e3ed-4936-88ef-94b51df10e96,healthy17_qbroom_concentration_v1,1.0,not_applicable,1.0,False,5.0,17.0,,,,,,,,32.806418334792035,217.8630465484892,27.532262539569395,119.01828343531058,2025.0,PHI,canonical_source_team_frame,False,-40.0,-0.3287885819990666,0.75,medium,2026-08-26,1,1,False,markdown_market_v1,12.46137526356901,0.0,67.69689692129603,12.46137526356901,12.46137526356901,False,incumbent,,,16.165585903437584,0.0070209672736079,12.46137526356901
00-0040218,WR,2026,0.7660556328491012,0.0,0.0,4.301441275370502,False,,,,,,,0.0278792492845469,4.378986280256141,0.3729587147498082,,,0.3729587147498082,False,True,False,False,Jimmy Horn Jr.,CAR,veteran_model,True,,False,ACT,,deep_bench,,deep_bench_discounted,17.0,4.673698089122198,0b8c9cb1-e3ed-4936-88ef-94b51df10e96,healthy17_qbroom_concentration_v1,1.0,not_applicable,1.0,False,4.0,17.0,,,,,,,,33.086654804365814,214.5319014599454,26.991967859866016,116.4978523275508,2025.0,CAR,canonical_source_team_frame,False,,,0.0,none,2026-08-26,0,0,False,markdown_market_v1,13.02294575843472,0.0,70.5569735329107,13.02294575843472,13.02294575843472,False,incumbent,,,11.706832675987949,0.0,13.02294575843472
00-0039394,WR,2026,0.7467041506664094,0.0,0.0,4.284593576011418,False,,,,,,,0.0361999232796238,4.737492730826436,0.1991542413969261,,,0.3852536469766142,False,False,False,False,Casey Washington,ATL,veteran_model,True,,False,ACT,,deep_bench,,deep_bench_discounted,17.0,2.270144854374609,0b8c9cb1-e3ed-4936-88ef-94b51df10e96,healthy17_qbroom_concentration_v1,1.0,not_applicable,1.0,False,11.0,17.0,,,,,,,,33.11019223657139,223.68381617318363,27.583501535610957,121.08084842723764,2025.0,ATL,canonical_source_team_frame,False,,,0.0,none,2026-08-26,0,0,False,markdown_market_v1,12.69397056132896,0.0,68.61629582615979,12.69397056132896,12.69397056132896,False,incumbent,,,10.736931148653506,0.0,12.69397056132896
00-0041087,TE,2026,0.7820071358355488,0.0,0.0,2.121293913332384,False,,,,,,,0.0382832349415818,3.799791152158052,0.3506383854373454,,,0.5185894951920819,False,False,False,False,Joe Royer,CLE,rookie_rule,True,drafted,False,,,deep_bench,,deep_bench_discounted,17.0,2.4814814814814814,0b8c9cb1-e3ed-4936-88ef-94b51df10e96,healthy17_qbroom_concentration_v1,1.0,not_applicable,1.0,False,2.0,17.0,no_data,,off_chart,0.5959347613773415,False,27.0,False,33.82707987620956,210.09032913022048,26.55432348725456,109.36695682546336,2025.0,CLE,canonical_source_team_frame,False,35.0,0.1274527752513168,0.75,medium,2026-08-26,1,1,False,markdown_market_v1,13.29412130920433,0.0,35.45836809445684,13.29412130920433,13.29412130920433,False,incumbent,,,14.728102753485548,0.0,13.134790037617528
00-0034798,TE,2026,0.668064849054635,0.0,0.0,3.1946307758784185,False,,,,,,,0.0360648182524247,3.511564957466382,0.4215251153018099,,,0.5727208254464202,False,False,False,False,Durham Smythe,BAL,veteran_model,False,,True,ACT,2.0,backup,,curated,17.0,13.224201561338203,0b8c9cb1-e3ed-4936-88ef-94b51df10e96,healthy17_qbroom_concentration_v1,1.0,not_applicable,1.0,False,2.0,17.0,,,,,,,,31.37799975249296,213.6518141922886,28.079230857805165,132.67231187281823,2025.0,BAL,canonical_source_team_frame,False,14.0,0.0373686420269332,0.75,medium,2026-08-26,1,1,False,markdown_market_v1,11.357102433928796,0.0,49.52752596724244,11.357102433928796,11.357102433928796,False,incumbent,,,4.632931260575439,10.109839521677625,12.104232564301393
00-0037098,WR,2026,0.7206871594737078,0.0,0.0,4.270893969582844,False,,,,,,,0.0366126430109699,4.283205669950269,0.257659803938858,,,0.3949532838749912,False,False,False,False,Samori Toure,PHI,veteran_model,True,,True,ACT,,deep_bench,,deep_bench_discounted,17.0,1.971421890543368,0b8c9cb1-e3ed-4936-88ef-94b51df10e96,healthy17_qbroom_concentration_v1,1.0,not_applicable,1.0,False,10.0,17.0,,,,,,,,32.806418334792035,217.8630465484892,27.532262539569395,119.01828343531058,2025.0,PHI,canonical_source_team_frame,False,,,0.0,none,2026-08-26,0,0,False,markdown_market_v1,12.251681711053031,0.0,67.48720336878006,12.251681711053031,12.251681711053031,False,incumbent,,,8.593592219574031,0.0175746389149475,12.251681711053031
00-0039746,RB,2026,0.7450311565908433,0.0,0.0,4.6656263714214585,False,,1.2373513579656823,,,,,0.0027854426563432,1.9697279566439176,0.2954155473337832,0.0186127818845538,3.013903323391503,0.4435790079608755,False,False,False,False,Will Shipley,PHI,veteran_model,True,,False,ACT,,deep_bench,,deep_bench_discounted,17.0,1.263542654413612,0b8c9cb1-e3ed-4936-88ef-94b51df10e96,healthy17_qbroom_concentration_v1,1.0,concentration_v1_full_board,1.0,False,3.0,17.0,,,,,,,,32.806418334792035,217.8630465484892,27.532262539569395,119.01828343531058,2025.0,PHI,canonical_source_team_frame,False,-30.0,-0.4271761999789155,0.75,medium,2026-08-26,1,1,False,markdown_market_v1,12.665529662044335,0.0,76.58046612288334,12.665529662044335,12.665529662044335,False,incumbent,,,1.575556177147203,0.0,12.665529662044335
00-0033455,TE,2026,0.6578139699841299,0.0,0.0,3.184181148650112,False,,,,,,,0.0244330301653766,3.892231579352599,0.4640739935125302,,,0.7314604292851298,False,False,False,False,Anthony Firkser,WAS,veteran_model,True,,True,ACT,,deep_bench,,deep_bench_discounted,17.0,4.242989876951125,0b8c9cb1-e3ed-4936-88ef-94b51df10e96,healthy17_qbroom_concentration_v1,1.0,not_applicable,1.0,False,4.0,17.0,,,,,,,,32.67144533753111,214.92336904810367,27.29070180650144,124.16028766147345,2025.0,WAS,canonical_source_team_frame,False,,,0.0,none,2026-08-26,0,0,False,markdown_market_v1,11.182837489730208,0.0,49.26118695202233,11.182837489730208,11.182837489730208,False,incumbent,,,4.713635156916822,0.0,11.901637748931694
00-0041565,QB,2026,0.4918169553504942,-0.0347749958055689,0.0,2.143590365765175,True,0.3517295403840435,0.3576124567474048,0.2140600223450035,0.0085450680352906,0.0211037724230426,10.833484331302156,,,,0.0173226643598615,1.63215830449827,,True,False,False,False,Drew Allar,PIT,rookie_rule,True,drafted,False,,,deep_bench,,deep_bench_discounted,17.0,4.461538461538462,0b8c9cb1-e3ed-4936-88ef-94b51df10e96,healthy17_qbroom_concentration_v1,1.0,not_applicable,1.0,False,4.0,17.0,no_data,,off_chart,0.3,False,13.0,False,33.53074981559085,220.60629098765008,26.566881241231517,113.38878134930282,2025.0,PIT,canonical_source_team_frame,False,34.0,0.3187003681709941,0.75,medium,2026-08-26,1,1,False,markdown_market_v1,8.3608882409584,0.0,37.90242866340941,8.3608882409584,8.3608882409584,False,incumbent,,,4.702476344721392,0.3916662677547102,13.848506085313916
00-0041239,RB,2026,0.7346621307037007,0.0,0.0,2.461389765097226,False,,0.956556534459618,,,,,0.0048429948184213,1.3697955856583404,0.1890685137027244,0.020255025008546,3.836231183311102,0.2474628984159981,False,False,False,False,Chip Trayanum,NYJ,rookie_rule,True,udfa,False,,,deep_bench,,deep_bench_discounted,17.0,0.71,0b8c9cb1-e3ed-4936-88ef-94b51df10e96,healthy17_qbroom_concentration_v1,1.0,concentration_v1_full_board,1.0,False,6.0,17.0,no_data,,off_chart,0.967875486877503,False,300.0,False,32.41879516501858,201.132721478803,27.47972793367314,119.35043810725364,2025.0,NYJ,canonical_source_team_frame,False,,,0.0,none,2026-08-26,0,0,False,markdown_market_v1,12.489256221962911,0.0,40.25251051984985,12.489256221962911,12.489256221962911,False,incumbent,,,14.285577600724984,0.0,12.489256221962911
00-0041200,RB,2026,0.7346621307037007,0.0,0.0,2.461389765097226,False,,0.956556534459618,,,,,0.0048429948184213,1.3697955856583404,0.1890685137027244,0.020255025008546,3.836231183311102,0.2474628984159981,False,False,False,False,Sam Scott,NYJ,rookie_rule,True,udfa,False,,,deep_bench,,deep_bench_discounted,17.0,0.71,0b8c9cb1-e3ed-4936-88ef-94b51df10e96,healthy17_qbroom_concentration_v1,1.0,concentration_v1_full_board,1.0,False,5.0,17.0,no_data,,off_chart,0.967875486877503,False,300.0,False,32.41879516501858,201.132721478803,27.47972793367314,119.35043810725364,2025.0,NYJ,canonical_source_team_frame,False,,,0.0,none,2026-08-26,0,0,False,markdown_market_v1,12.489256221962911,0.0,40.25251051984985,12.489256221962911,12.489256221962911,False,incumbent,,,1.3471439209973766,0.0,12.489256221962911
00-0040901,TE,2026,0.6488917508909536,0.0,0.0,2.109303739447917,False,,,,,,,0.0603029897352132,2.701341262422121,0.2649921871446088,,,0.3836951085645835,False,False,False,False,Jaren Kanak,TEN,rookie_rule,True,drafted,False,,,deep_bench,,deep_bench_discounted,17.0,2.4814814814814814,0b8c9cb1-e3ed-4936-88ef-94b51df10e96,healthy17_qbroom_concentration_v1,1.0,not_applicable,1.0,False,4.0,17.0,above_median,,off_chart,0.93870457533257,False,27.0,False,33.99714946554143,212.007639970746,25.993384614102037,108.23524626366611,2025.0,TEN,canonical_source_team_frame,False,48.0,0.1348839062932105,0.62,medium,2026-08-26,1,1,False,markdown_market_v1,11.031159765146212,0.0,30.675688400244816,11.031159765146212,11.031159765146212,False,incumbent,,,10.184847051297218,0.0,11.125194511129433
00-0039623,WR,2026,0.7240241705475522,0.0,0.0,4.257747211108528,False,,,,,,,0.0198744523718769,4.190992520054259,0.4506672046385434,,,0.5906665490784775,False,False,False,False,Mason Tipton,NO,veteran_model,True,,False,ACT,,deep_bench,,deep_bench_discounted,17.0,2.3483550093592758,0b8c9cb1-e3ed-4936-88ef-94b51df10e96,healthy17_qbroom_concentration_v1,1.0,not_applicable,1.0,False,7.0,17.0,,,,,,,,34.20731916190036,231.16668439742472,26.96687552570446,109.19074388858569,2025.0,NO,canonical_source_team_frame,False,-30.0,-0.2729332105734643,0.75,medium,2026-08-26,1,1,False,markdown_market_v1,12.308410899308388,0.0,67.99057393403646,12.308410899308388,12.308410899308388,False,incumbent,,,10.487900096717592,0.0220598647846164,12.308410899308388
00-0035289,QB,2026,0.3185036972870816,-0.2113769290367279,0.0,3.2859395174208634,True,2.229602681204811,0.4942493706226411,1.0247040844041928,0.013168089724406,0.102700340761782,3.905872555299879,,,,0.0108471501448571,1.5297729561669855,,False,False,False,False,Gardner Minshew,ARI,veteran_model,False,,True,ACT,2.0,backup,,curated,17.0,3.083346200948464,0b8c9cb1-e3ed-4936-88ef-94b51df10e96,healthy17_qbroom_concentration_v1,1.0,not_applicable,1.0,False,2.0,17.0,,,,,,,,36.21537296296883,240.75211132429325,24.991541448852136,107.82682362857648,2025.0,ARI,canonical_source_team_frame,False,-40.0,-0.4463563008354488,0.75,medium,2026-08-26,1,1,False,markdown_market_v1,5.414562853880387,0.0,54.4921803834263,5.414562853880387,5.414562853880387,False,incumbent,,,0.0,0.222296386156818,13.536407134700967
00-0039062,WR,2026,0.7582704990637978,0.0,0.0,4.251535268452628,False,,,,,,,0.0260440511394082,4.523931242994348,0.2976203895283503,,,0.7083199048054051,False,False,False,False,Jonathan Mingo,DAL,veteran_model,True,,False,ACT,,deep_bench,,deep_bench_discounted,17.0,2.7785495762811507,0b8c9cb1-e3ed-4936-88ef-94b51df10e96,healthy17_qbroom_concentration_v1,1.0,not_applicable,1.0,False,6.0,17.0,,,,,,,,34.85375341295928,250.071496061463,26.933211492050265,120.7564084896434,2025.0,DAL,canonical_source_team_frame,False,37.0,0.4422328958943801,0.62,medium,2026-08-26,1,1,False,markdown_market_v1,12.890598484084563,0.0,73.11203412189833,12.890598484084563,12.890598484084563,False,incumbent,,,6.306140014472107,0.0,12.890598484084563
00-0036887,TE,2026,0.725583271341254,0.0,0.0,3.172523120250677,False,,,,,,,0.0447494844704935,3.1166056418574177,0.3520856725512926,,,0.5111410348965356,False,False,False,False,Luke Farrell,SF,veteran_model,True,,False,ACT,,deep_bench,,deep_bench_discounted,17.0,6.260657497581111,0b8c9cb1-e3ed-4936-88ef-94b51df10e96,healthy17_qbroom_concentration_v1,1.0,not_applicable,1.0,False,3.0,17.0,,,,,,,,34.25083482490253,240.1256936965456,26.958300492590134,112.8835201485632,2025.0,SF,canonical_source_team_frame,False,-82.0,-1.108831628091664,0.62,medium,2026-08-26,1,1,False,markdown_market_v1,12.334915612801318,0.0,55.89723432759068,12.334915612801318,12.334915612801318,False,incumbent,,,2.828889779757193,0.0,13.391140705361776
00-0041099,WR,2026,0.714091659361617,0.0,0.0,2.3584015437118957,False,,,,,,,0.0257496145444252,4.313867534614746,0.3398318674817811,,,0.5629559260575822,False,False,False,False,Barion Brown,NO,rookie_rule,True,drafted,False,,,deep_bench,,deep_bench_discounted,17.0,2.163636363636364,0b8c9cb1-e3ed-4936-88ef-94b51df10e96,healthy17_qbroom_concentration_v1,1.0,not_applicable,1.0,False,6.0,17.0,above_median,,off_chart,0.5816731451153321,False,55.0,False,34.20731916190036,231.16668439742472,26.96687552570446,109.19074388858569,2025.0,NO,canonical_source_team_frame,False,40.0,0.5494286114742863,0.75,medium,2026-08-26,1,1,False,markdown_market_v1,12.13955820914749,0.0,37.837896128911936,12.13955820914749,12.13955820914749,False,incumbent,,,12.13955820914749,0.0,12.13955820914749
00-0040154,WR,2026,0.7308859999592437,0.0,0.0,4.227402947901814,False,,,,,,,0.0231458546543942,4.198317421919557,0.3492568704618483,,,0.5024811090256878,False,False,False,False,Tai Felton,MIN,veteran_model,True,,False,ACT,,deep_bench,,deep_bench_discounted,17.0,2.0075294181521564,0b8c9cb1-e3ed-4936-88ef-94b51df10e96,healthy17_qbroom_concentration_v1,1.0,not_applicable,1.0,False,4.0,17.0,,,,,,,,33.31986938890707,212.12724988326613,25.99228043038729,113.38707277968209,2025.0,MIN,canonical_source_team_frame,False,-55.0,-0.4232750287367721,0.75,medium,2026-08-26,1,1,False,markdown_market_v1,12.425061999307143,0.0,71.0723288625268,12.425061999307143,12.425061999307143,False,incumbent,,,0.6607409602893164,0.0060959556758171,12.425061999307143
00-0038783,TE,2026,0.670338914846327,0.0,0.0,3.141950779231201,False,,,,,,,0.0275006274054401,3.478405077159452,0.4255673882325744,,,0.4474659536304097,False,False,False,False,Nate Adkins,DEN,veteran_model,True,,False,ACT,,deep_bench,,deep_bench_discounted,17.0,4.679904956733314,0b8c9cb1-e3ed-4936-88ef-94b51df10e96,healthy17_qbroom_concentration_v1,1.0,not_applicable,1.0,False,4.0,17.0,,,,,,,,34.86796196556067,230.0636551213692,26.57618138477283,117.91787351632536,2025.0,DEN,canonical_source_team_frame,False,,,0.0,none,2026-08-26,0,0,False,markdown_market_v1,11.39576155238756,0.0,52.749903535544064,11.39576155238756,11.39576155238756,False,incumbent,,,5.004550729658968,0.0,12.105896088246292
00-0038640,WR,2026,0.671096509493565,0.0,0.0,4.219307693591924,False,,,,,,,0.0329621230004412,3.935663086165499,0.2678020088403173,,,0.451531480535861,False,False,False,False,Jalen Brooks,ARI,veteran_model,True,,False,ACT,,deep_bench,,deep_bench_discounted,17.0,2.304923286113313,0b8c9cb1-e3ed-4936-88ef-94b51df10e96,healthy17_qbroom_concentration_v1,1.0,not_applicable,1.0,False,8.0,17.0,,,,,,,,36.21537296296883,240.75211132429325,24.991541448852136,107.82682362857648,2025.0,ARI,canonical_source_team_frame,False,,,0.0,none,2026-08-26,0,0,False,markdown_market_v1,11.408640661390605,0.0,66.50546944990985,11.408640661390605,11.408640661390605,False,incumbent,,,3.1760503555127046,0.0004337893461654,11.408640661390605
00-0037091,WR,2026,0.7129410989469928,0.0,0.0,4.2187739113099445,False,,,,,,,0.0300847026082824,3.6018651263009014,0.368023080955183,,,0.4673354037998605,False,False,False,False,Bo Melton,GB,veteran_model,True,,False,ACT,,deep_bench,,deep_bench_discounted,17.0,2.2066291259224067,0b8c9cb1-e3ed-4936-88ef-94b51df10e96,healthy17_qbroom_concentration_v1,1.0,not_applicable,1.0,False,5.0,17.0,,,,,,,,32.64024951982665,227.6640713446097,27.556451830260983,118.45985840964596,2025.0,GB,canonical_source_team_frame,False,32.0,0.4956297022446372,0.75,medium,2026-08-26,1,1,False,markdown_market_v1,12.119998682098878,0.0,70.95325152175494,12.119998682098878,12.119998682098878,False,incumbent,,,9.860569335909824,0.0,12.119998682098878
00-0040024,WR,2026,0.6700361281952485,0.0,0.0,4.21825465927968,False,,,,,,,0.0263989199164964,3.8798160360294696,0.3556237872503698,,,0.5803758117419446,False,False,False,False,Darius Cooper,PHI,veteran_model,True,,False,ACT,,deep_bench,,deep_bench_discounted,17.0,2.993131875792188,0b8c9cb1-e3ed-4936-88ef-94b51df10e96,healthy17_qbroom_concentration_v1,1.0,not_applicable,1.0,False,7.0,17.0,,,,,,,,32.806418334792035,217.8630465484892,27.532262539569395,119.01828343531058,2025.0,PHI,canonical_source_team_frame,False,-32.0,-0.2881053925315949,0.75,medium,2026-08-26,1,1,False,markdown_market_v1,11.390614179319224,0.0,66.62613583704623,11.390614179319224,11.390614179319224,False,incumbent,,,13.085266121553074,0.0,11.390614179319224
00-0040172,WR,2026,0.7447194074503658,0.0,0.0,4.218197824097539,False,,,,,,,0.0297711661672602,4.033501167997514,0.2843061354833155,,,0.4653566128114202,False,False,False,False,Jordan Watkins,SF,veteran_model,True,,False,ACT,,deep_bench,,deep_bench_discounted,17.0,2.0211770735537384,0b8c9cb1-e3ed-4936-88ef-94b51df10e96,healthy17_qbroom_concentration_v1,1.0,not_applicable,1.0,False,7.0,17.0,,,,,,,,34.25083482490253,240.1256936965456,26.958300492590134,112.8835201485632,2025.0,SF,canonical_source_team_frame,False,-84.0,-1.0830965088327518,0.62,medium,2026-08-26,1,1,False,markdown_market_v1,12.66022992665622,0.0,74.3198814235473,12.66022992665622,12.66022992665622,False,incumbent,,,6.910768536204001,0.0,12.66022992665622
00-0040259,WR,2026,0.7187865494890859,0.0,0.0,4.217713712853959,False,,,,,,,0.0242627623992603,3.433640730076565,0.4694108457963457,,,0.6213722888448268,False,False,False,False,Gage Larvadain,CLE,veteran_model,True,,False,ACT,,deep_bench,,deep_bench_discounted,17.0,2.8834322757829005,0b8c9cb1-e3ed-4936-88ef-94b51df10e96,healthy17_qbroom_concentration_v1,1.0,not_applicable,1.0,False,9.0,17.0,,,,,,,,33.82707987620956,210.09032913022048,26.55432348725456,109.36695682546336,2025.0,CLE,canonical_source_team_frame,False,,,0.0,none,2026-08-26,0,0,False,markdown_market_v1,12.219371341314462,0.0,70.4158293381535,12.219371341314462,12.219371341314462,False,incumbent,,,1.8567925092009565,0.0,12.219371341314462
00-0036679,QB,2026,0.2900406195771928,-0.7714926285307068,0.0,7.822206607012717,True,1.3952160366841595,0.2654833140160024,1.1120848964238286,0.0734201901543954,0.0515551439794738,12.676554418546893,,,,0.0108551023399452,0.8823444302862934,,False,False,False,False,Shane Buechele,BUF,veteran_model,True,,True,ACT,,deep_bench,,deep_bench_discounted,17.0,0.7769279864985157,0b8c9cb1-e3ed-4936-88ef-94b51df10e96,healthy17_qbroom_concentration_v1,1.0,not_applicable,1.0,False,3.0,17.0,,,,,,,,33.212884173930405,232.0006812309425,28.02188237819293,133.5452190763655,2025.0,BUF,canonical_source_team_frame,False,,,0.0,none,2026-08-26,0,0,False,markdown_market_v1,4.930690532812277,0.0,120.93828087099328,4.930690532812277,4.930690532812277,False,incumbent,,,0.0,0.0,12.326726332030692
00-0039589,WR,2026,0.6585174552676318,0.0,0.0,4.21158063133375,False,,,,,,,0.0342161899296952,3.6298503150549775,0.298461635395026,,,0.3967960117957561,False,False,False,False,Kameron Johnson,TB,veteran_model,True,,False,ACT,,deep_bench,,deep_bench_discounted,17.0,2.6704704522550977,0b8c9cb1-e3ed-4936-88ef-94b51df10e96,healthy17_qbroom_concentration_v1,1.0,not_applicable,1.0,False,6.0,17.0,,,,,,,,33.55035103578723,223.7141596661014,27.73776146084954,117.79149136744992,2025.0,TB,canonical_source_team_frame,False,,,0.0,none,2026-08-26,0,0,False,markdown_market_v1,11.19479673954974,0.0,65.77119356902728,11.19479673954974,11.19479673954974,False,incumbent,,,0.6349843856449287,0.0,11.19479673954974
00-0037292,TE,2026,0.7967437896846813,0.0,0.0,3.132761510289562,False,,,,,,,0.0407828805030186,2.7195213674277747,0.3995785551246911,,,0.5240448969025314,False,False,False,False,Andrew Ogletree,IND,veteran_model,True,,False,ACT,,deep_bench,,deep_bench_discounted,17.0,3.410537017611796,0b8c9cb1-e3ed-4936-88ef-94b51df10e96,healthy17_qbroom_concentration_v1,1.0,not_applicable,1.0,False,3.0,17.0,,,,,,,,33.82190844602341,234.02468664293764,26.51465853299865,117.43030699843813,2025.0,IND,canonical_source_team_frame,False,,,0.0,none,2026-08-26,0,0,False,markdown_market_v1,13.544644424639582,0.0,63.19933061089384,13.544644424639582,13.544644424639582,False,incumbent,,,5.036150921529088,0.0,14.49003259165186
00-0040547,RB,2026,0.6979560792546353,0.0,0.0,4.542290533657724,False,,1.0185173247438064,,,,,0.0104378140311641,1.605705929658599,0.2811301641593298,0.0252349468421919,2.010243815192581,0.3843951712024814,False,False,False,False,Nate Carter,ATL,veteran_model,True,,False,ACT,,deep_bench,,deep_bench_discounted,17.0,3.823431519223865,0b8c9cb1-e3ed-4936-88ef-94b51df10e96,healthy17_qbroom_concentration_v1,1.0,concentration_v1_full_board,1.0,False,4.0,17.0,,,,,,,,33.11019223657139,223.68381617318363,27.583501535610957,121.08084842723764,2025.0,ATL,canonical_source_team_frame,False,,,0.0,none,2026-08-26,0,0,False,markdown_market_v1,11.8652533473288,0.0,75.19347300667356,11.8652533473288,11.8652533473288,False,incumbent,,,3.8910511701234594,0.0,11.8652533473288
00-0037304,TE,2026,0.6733957753876414,0.0,0.0,3.1323080502449745,False,,,,,,,0.0332625198873303,3.5533458925388826,0.322151057401554,,,0.5305210104952677,False,False,False,False,Connor Heyward,LV,veteran_model,True,,True,ACT,,deep_bench,,deep_bench_discounted,17.0,3.661474090558021,0b8c9cb1-e3ed-4936-88ef-94b51df10e96,healthy17_qbroom_concentration_v1,1.0,not_applicable,1.0,False,,17.0,,,,,,,,33.854801045689456,214.5498181545603,25.409147592119822,101.32508075439344,2025.0,LV,canonical_source_team_frame,False,,,0.0,none,2026-08-26,0,0,False,markdown_market_v1,11.447728181589904,0.0,53.6448533236751,11.447728181589904,11.447728181589904,False,incumbent,,,3.922046917702074,0.0,12.28391498868855
00-0040998,RB,2026,0.7181374016606563,0.0,0.0,2.316119958878309,False,,0.9837065825288044,,,,,0.0040498911373558,1.1454736604808415,0.1581060741764942,0.0169380000071465,3.931021143848888,0.2069376154001377,False,False,False,False,Roman Hemby,LV,rookie_rule,True,udfa,False,,,deep_bench,,deep_bench_discounted,17.0,0.71,0b8c9cb1-e3ed-4936-88ef-94b51df10e96,healthy17_qbroom_concentration_v1,1.0,concentration_v1_full_board,1.0,False,4.0,17.0,no_data,,off_chart,0.8093732294446015,False,300.0,False,33.854801045689456,214.5498181545603,25.409147592119822,101.32508075439344,2025.0,LV,canonical_source_team_frame,False,,,0.0,none,2026-08-26,0,0,False,markdown_market_v1,12.208335828231156,0.0,39.7478764400864,12.208335828231156,12.208335828231156,False,incumbent,,,15.657207353804065,0.0,12.208335828231156
00-0036959,WR,2026,0.688296290813817,0.0,0.0,4.203983026666339,False,,,,,,,0.0177604301756094,4.25343535974097,0.3560185341720353,,,0.624491029874952,False,False,False,False,Michael Bandy,DEN,veteran_model,True,,False,ACT,,deep_bench,,deep_bench_discounted,17.0,1.4577734018405395,0b8c9cb1-e3ed-4936-88ef-94b51df10e96,healthy17_qbroom_concentration_v1,1.0,not_applicable,1.0,False,7.0,17.0,,,,,,,,34.86796196556067,230.0636551213692,26.57618138477283,117.91787351632536,2025.0,DEN,canonical_source_team_frame,False,,,0.0,none,2026-08-26,0,0,False,markdown_market_v1,11.70103694383489,0.0,70.7497179367673,11.70103694383489,11.70103694383489,False,incumbent,,,2.4505505988184764,0.0,11.70103694383489
00-0038728,WR,2026,0.6788221309131064,0.0,0.0,4.1981453670430575,False,,,,,,,0.0179692263658466,4.537918695440347,0.284940993502749,,,0.5278700924866343,False,False,False,False,Jared Wayne,HOU,veteran_model,True,,False,ACT,,deep_bench,,deep_bench_discounted,17.0,2.0990770554310427,0b8c9cb1-e3ed-4936-88ef-94b51df10e96,healthy17_qbroom_concentration_v1,1.0,not_applicable,1.0,False,9.0,17.0,,,,,,,,34.32483042096658,230.71531420889468,27.03402673302534,113.94163263281224,2025.0,HOU,canonical_source_team_frame,False,61.0,0.7093095024194556,0.75,medium,2026-08-26,1,1,False,markdown_market_v1,11.539976225522809,0.0,69.1738805909138,11.539976225522809,11.539976225522809,False,incumbent,,,7.755774584856559,0.0168783717087017,11.539976225522809
00-0039398,QB,2026,0.2783830029788332,-0.4424568332678026,0.0,6.5433921491245775,True,1.0657688922924469,0.6141912729490714,0.4732487853569951,0.0440090137801767,0.0319730667687734,6.685081636481594,,,,0.0268882330095866,2.303294870285689,,False,False,False,False,Joe Milton III,DAL,veteran_model,False,,False,ACT,2.0,backup,,curated,17.0,3.3195039224406218,0b8c9cb1-e3ed-4936-88ef-94b51df10e96,healthy17_qbroom_concentration_v1,1.0,not_applicable,1.0,False,2.0,17.0,,,,,,,,34.85375341295928,250.071496061463,26.933211492050265,120.7564084896434,2025.0,DAL,canonical_source_team_frame,False,,,0.0,none,2026-08-26,0,0,False,markdown_market_v1,4.732511050640165,0.0,102.88032377123425,4.732511050640165,4.732511050640165,False,incumbent,,,0.0,0.4264689228684518,11.83127762660041
00-0037258,RB,2026,0.677646222296775,0.0,0.0,4.65626874687201,False,,1.0457890501206994,,,,,0.0023259648502193,0.949862670074937,0.1702511024600929,0.0072535012125827,4.5568766087393,0.1702511024600929,False,True,False,False,Dameon Pierce,PHI,veteran_model,True,,True,ACT,,deep_bench,,deep_bench_discounted,17.0,0.7059291772737178,0b8c9cb1-e3ed-4936-88ef-94b51df10e96,healthy17_qbroom_concentration_v1,1.0,concentration_v1_full_board,1.0,False,4.0,17.0,,,,,,,,32.806418334792035,217.8630465484892,27.532262539569395,119.01828343531058,2025.0,PHI,canonical_source_team_frame,False,,,0.0,none,2026-08-26,0,0,False,markdown_market_v1,11.519985779045175,0.0,76.65517627632994,11.519985779045175,11.519985779045175,False,incumbent,,,0.5165009127338329,0.0,11.519985779045175
00-0038573,WR,2026,0.6900970270775351,0.0,0.0,4.186048684751869,False,,,,,,,0.0159942802644651,4.037363221733525,0.3845580768783143,,,0.5459680722172604,False,False,False,False,Derius Davis,LAC,veteran_model,True,,False,ACT,,deep_bench,,deep_bench_discounted,17.0,2.514040172048824,0b8c9cb1-e3ed-4936-88ef-94b51df10e96,healthy17_qbroom_concentration_v1,1.0,not_applicable,1.0,False,6.0,17.0,,,,,,,,34.81239421539152,230.9924120352485,26.622477258704382,118.76948607670286,2025.0,LAC,canonical_source_team_frame,False,38.0,0.541183293416479,0.75,medium,2026-08-26,1,1,False,markdown_market_v1,11.731649460318096,0.0,72.1751942592066,11.731649460318096,11.731649460318096,False,incumbent,,,0.8189474156151132,0.0014436825946362,11.731649460318096
00-0039757,RB,2026,0.6766273933779746,0.0,0.0,4.626393141669828,False,,1.2920052938359887,,,,,0.0,0.8129560938289336,0.1301837016274669,0.0345466602659422,3.381672868467012,0.1660821902915884,False,False,False,False,Terrell Jennings,NE,veteran_model,True,,False,ACT,,deep_bench,,deep_bench_discounted,17.0,2.603141186860425,0b8c9cb1-e3ed-4936-88ef-94b51df10e96,healthy17_qbroom_concentration_v1,1.0,concentration_v1_full_board,1.0,False,4.0,17.0,,,,,,,,33.74543089702036,243.75247513831917,27.01222693387557,121.7111389498118,2025.0,NE,canonical_source_team_frame,False,,,0.0,none,2026-08-26,0,0,False,markdown_market_v1,11.50266568742557,0.0,75.41477043324056,11.50266568742557,11.50266568742557,False,incumbent,,,0.1764189097247218,0.0167208336202278,11.50266568742557
00-0040646,WR,2026,0.6819108555374285,0.0,0.0,4.184201874120156,False,,,,,,,0.0169516497168556,4.058969779187165,0.3650547106954751,,,0.5067588013731812,False,False,False,False,Jalen Royals,KC,veteran_model,True,,False,ACT,,deep_bench,,deep_bench_discounted,17.0,2.729723403208709,0b8c9cb1-e3ed-4936-88ef-94b51df10e96,healthy17_qbroom_concentration_v1,1.0,not_applicable,1.0,False,4.0,17.0,,,,,,,,35.16321475705483,230.551485538654,25.943035799993208,113.16190955700952,2025.0,KC,canonical_source_team_frame,False,96.0,1.6516618364456486,0.62,medium,2026-08-26,1,1,False,markdown_market_v1,11.592484544136283,0.0,70.82874250721531,11.592484544136283,11.592484544136283,False,incumbent,,,8.080807265669424,0.0157315825653088,11.592484544136283
00-0040894,WR,2026,0.6970058309912393,0.0,0.0,2.135731393304198,False,,,,,,,0.0232486744431328,3.90799193939974,0.3083910319173435,,,0.5112514694027772,False,False,False,False,Malik Benson,LV,rookie_rule,True,drafted,False,,,deep_bench,,deep_bench_discounted,17.0,2.163636363636364,0b8c9cb1-e3ed-4936-88ef-94b51df10e96,healthy17_qbroom_concentration_v1,1.0,not_applicable,1.0,False,5.0,17.0,no_data,,off_chart,0.5558279250700576,False,55.0,False,33.854801045689456,214.5498181545603,25.409147592119822,101.32508075439344,2025.0,LV,canonical_source_team_frame,False,-46.0,-0.3093065220935401,0.62,medium,2026-08-26,1,1,False,markdown_market_v1,11.849099126851067,0.0,36.86536725987634,11.849099126851067,11.849099126851067,False,incumbent,,,18.87420902188891,0.0209401832748559,11.849099126851067
00-0041467,WR,2026,0.6600780838234127,0.0,0.0,2.1312272362033324,False,,,,,,,0.0230584950397047,3.90262538247865,0.30904473970039,,,0.5131014105805963,False,False,False,False,Lewis Bond,HOU,rookie_rule,True,drafted,False,,,deep_bench,,deep_bench_discounted,17.0,2.163636363636364,0b8c9cb1-e3ed-4936-88ef-94b51df10e96,healthy17_qbroom_concentration_v1,1.0,not_applicable,1.0,False,6.0,17.0,no_data,,off_chart,0.6134722298298679,False,55.0,False,34.32483042096658,230.71531420889468,27.03402673302534,113.94163263281224,2025.0,HOU,canonical_source_team_frame,False,94.0,1.4202310876775432,0.75,medium,2026-08-26,1,1,False,markdown_market_v1,11.221327424998016,0.0,35.03981566859085,11.221327424998016,11.221327424998016,False,incumbent,,,19.928349040531387,0.0,11.221327424998016
00-0040244,TE,2026,0.6331518924520074,0.0,0.0,3.097096741503446,False,,,,,,,0.0125482228272611,4.336274792932166,0.3437142245606702,,,0.5559982411623569,False,False,False,False,Moliki Matavao,NO,veteran_model,True,,False,ACT,,deep_bench,,deep_bench_discounted,17.0,5.009344999040129,0b8c9cb1-e3ed-4936-88ef-94b51df10e96,healthy17_qbroom_concentration_v1,1.0,not_applicable,1.0,False,4.0,17.0,,,,,,,,34.20731916190036,231.16668439742472,26.96687552570446,109.19074388858569,2025.0,NO,canonical_source_team_frame,False,,,0.0,none,2026-08-26,0,0,False,markdown_market_v1,10.763582171684126,0.0,49.58510053568004,10.763582171684126,10.763582171684126,False,incumbent,,,8.706545400411036,0.0,10.99214181293669
00-0038090,WR,2026,0.664201201150495,0.0,0.0,4.167795478129516,False,,,,,,,0.0310130311059522,3.3356243295272447,0.3081744319770181,,,0.4208859720581738,False,False,False,False,Skyy Moore,GB,veteran_model,True,,True,ACT,,deep_bench,,deep_bench_discounted,17.0,2.5477296552890194,0b8c9cb1-e3ed-4936-88ef-94b51df10e96,healthy17_qbroom_concentration_v1,1.0,not_applicable,1.0,False,6.0,17.0,,,,,,,,32.64024951982665,227.6640713446097,27.556451830260983,118.45985840964596,2025.0,GB,canonical_source_team_frame,False,51.0,0.6224638598815838,0.75,medium,2026-08-26,1,1,False,markdown_market_v1,11.291420419558415,0.0,70.12467325921446,11.291420419558415,11.291420419558415,False,incumbent,,,0.8973730393738794,0.0,11.291420419558415
00-0040142,RB,2026,0.6512359572575495,0.0,0.0,4.514095300911019,False,,0.7656911630061902,,,,,0.0014148293859745,1.5931705668012317,0.2085128916865369,0.0126125792196928,3.2558271741876665,0.3963882184815815,False,False,False,False,Kaleb Johnson,PIT,veteran_model,True,,False,ACT,,deep_bench,,deep_bench_discounted,17.0,1.341190723253007,0b8c9cb1-e3ed-4936-88ef-94b51df10e96,healthy17_qbroom_concentration_v1,1.0,concentration_v1_full_board,1.0,False,3.0,17.0,,,,,,,,33.53074981559085,220.60629098765008,26.566881241231517,113.38878134930282,2025.0,PIT,canonical_source_team_frame,False,-32.0,-0.4284622272968093,0.75,medium,2026-08-26,1,1,False,markdown_market_v1,11.07101127337834,0.0,73.44158877431295,11.07101127337834,11.07101127337834,False,incumbent,,,0.3880258053062181,0.0,11.07101127337834
00-0040534,WR,2026,0.6623128725470507,0.0,0.0,4.149814922484222,False,,,,,,,0.0188032908982691,3.646305671778903,0.3565939347282965,,,0.4880162509296049,False,False,False,False,Ke'Shawn Williams,CIN,veteran_model,True,,True,ACT,,deep_bench,,deep_bench_discounted,17.0,2.63551675181831,0b8c9cb1-e3ed-4936-88ef-94b51df10e96,healthy17_qbroom_concentration_v1,1.0,not_applicable,1.0,False,7.0,17.0,,,,,,,,35.76282862419232,238.6281952536197,25.12248933429627,107.39911528359622,2025.0,CIN,canonical_source_team_frame,False,,,0.0,none,2026-08-26,0,0,False,markdown_market_v1,11.259318833299863,0.0,71.3944226799455,11.259318833299863,11.259318833299863,False,incumbent,,,0.3536762722793184,0.0067888553810149,11.259318833299863
00-0036331,WR,2026,0.6057569099323684,0.0,0.0,4.148868376097557,False,,,,,,,0.0286817226523411,3.568906155235698,0.2516395642147422,,,0.4367586793401571,False,False,False,False,Devin Duvernay,ARI,veteran_model,True,,True,ACT,,deep_bench,,deep_bench_discounted,17.0,1.7297269079510555,0b8c9cb1-e3ed-4936-88ef-94b51df10e96,healthy17_qbroom_concentration_v1,1.0,not_applicable,1.0,False,6.0,17.0,,,,,,,,36.21537296296883,240.75211132429325,24.991541448852136,107.82682362857648,2025.0,ARI,canonical_source_team_frame,False,,,0.0,none,2026-08-26,0,0,False,markdown_market_v1,10.297867468850264,0.0,65.39469625736952,10.297867468850264,10.297867468850264,False,incumbent,,,0.515241733877497,0.0209401832748559,10.297867468850264
00-0033319,QB,2026,0.25450108647787695,-0.7787911030831128,0.0,4.761771941211131,True,1.823488866906303,0.372554671572228,1.823488866906303,0.0799503096480466,0.1091694580886763,3.825099135253919,,,,0.0157786559744606,1.262266977385923,,False,True,False,False,Nick Mullens,JAX,veteran_model,False,,False,ACT,2.0,backup,,curated,17.0,4.544126426925981,0b8c9cb1-e3ed-4936-88ef-94b51df10e96,healthy17_qbroom_concentration_v1,1.0,not_applicable,1.0,False,2.0,17.0,,,,,,,,34.281392912743186,230.86210034575595,27.465841920542964,117.91153249278577,2025.0,JAX,canonical_source_team_frame,False,,,0.0,none,2026-08-26,0,0,False,markdown_market_v1,4.326518470123908,0.0,65.64934315280811,4.326518470123908,4.326518470123908,False,incumbent,,,0.0,0.4070796835443968,10.81629617530977
00-0036741,TE,2026,0.5875320124346334,0.0,0.0,3.0582952516571607,False,,,,,,,0.0313719212992032,2.642801707512245,0.3789214802887785,,,0.5650082887728465,False,False,False,False,Jack Stoll,CLE,veteran_model,True,,True,ACT,,deep_bench,,deep_bench_discounted,17.0,5.773020805552803,0b8c9cb1-e3ed-4936-88ef-94b51df10e96,healthy17_qbroom_concentration_v1,1.0,not_applicable,1.0,False,3.0,17.0,,,,,,,,33.82707987620956,210.09032913022048,26.55432348725456,109.36695682546336,2025.0,CLE,canonical_source_team_frame,False,,,0.0,none,2026-08-26,0,0,False,markdown_market_v1,9.988044211388768,0.0,51.13395334275819,9.988044211388768,9.988044211388768,False,incumbent,,,2.916141302866786,0.0,10.773811201224545
00-0040432,WR,2026,0.5657672740104321,0.0,0.0,4.135850334654888,False,,,,,,,0.0238788713593341,3.275147270346719,0.3419894738232856,,,0.4485898536313956,False,False,True,True,Beaux Collins,NYG,veteran_model,True,,False,ACT,,deep_bench,,deep_bench_discounted,17.0,2.315714881706746,0b8c9cb1-e3ed-4936-88ef-94b51df10e96,healthy17_qbroom_concentration_v1,1.0,not_applicable,1.0,False,11.0,17.0,,,,,,,,33.24864013753459,223.72476972874463,27.99474579779997,122.73497314685248,2025.0,NYG,canonical_source_team_frame,False,,,0.0,none,2026-08-26,0,0,False,markdown_market_v1,9.618043658177346,0.0,62.21680108290914,9.618043658177346,9.618043658177346,False,incumbent,,,4.771634198841013,0.0,9.618043658177346
00-0036842,RB,2026,0.596729483078596,0.0,0.0,4.375666501809504,False,,1.141991446665962,,,,,0.0088144220443167,1.9146802689376807,0.2496961917096088,0.0151959693931937,1.8035286541047943,0.3815915843905873,False,False,True,True,Kene Nwangwu,NYJ,veteran_model,True,,False,ACT,,deep_bench,,deep_bench_discounted,17.0,2.2146695425722447,0b8c9cb1-e3ed-4936-88ef-94b51df10e96,healthy17_qbroom_concentration_v1,1.0,concentration_v1_full_board,1.0,False,4.0,17.0,,,,,,,,32.41879516501858,201.132721478803,27.47972793367314,119.35043810725364,2025.0,NYJ,canonical_source_team_frame,False,,,0.0,none,2026-08-26,0,0,False,markdown_market_v1,10.144401212336131,0.0,69.96648709825772,10.144401212336131,10.144401212336131,False,incumbent,,,0.305797001348731,0.0,10.144401212336131
00-0037539,TE,2026,0.6050789103228966,0.0,0.0,3.056741935548036,False,,,,,,,0.0145307933913723,3.242872395305639,0.4578942454058221,,,0.5554589704580659,False,False,False,False,Lucas Krull,DEN,veteran_model,True,,False,ACT,,deep_bench,,deep_bench_discounted,17.0,2.157405447996581,0b8c9cb1-e3ed-4936-88ef-94b51df10e96,healthy17_qbroom_concentration_v1,1.0,not_applicable,1.0,False,5.0,17.0,,,,,,,,34.86796196556067,230.0636551213692,26.57618138477283,117.91787351632536,2025.0,DEN,canonical_source_team_frame,False,,,0.0,none,2026-08-26,0,0,False,markdown_market_v1,10.286341475489243,0.0,51.21021951708563,10.286341475489243,10.286341475489243,False,incumbent,,,7.767506126801687,0.0,10.56621206978786
00-0036876,TE,2026,0.5023010588488571,0.0,0.0,3.0556129403979457,False,,,,,,,0.0334941039289514,2.612809064378088,0.3540891948402024,,,0.6445428582751973,False,False,True,True,Kylen Granson,TEN,veteran_model,True,,True,ACT,,deep_bench,,deep_bench_discounted,17.0,5.290607810679238,0b8c9cb1-e3ed-4936-88ef-94b51df10e96,healthy17_qbroom_concentration_v1,1.0,not_applicable,1.0,False,3.0,17.0,,,,,,,,33.99714946554143,212.007639970746,25.993384614102037,108.23524626366611,2025.0,TEN,canonical_source_team_frame,False,,,0.0,none,2026-08-26,0,0,False,markdown_market_v1,8.539118000430571,0.0,44.56995440232683,8.539118000430571,8.539118000430571,False,incumbent,,,1.7056536647528908,0.0,9.29839181550587
00-0041081,TE,2026,0.6933136844677709,0.0,0.0,1.7166911514988796,False,,,,,,,0.0284754775845773,3.196408611677914,0.2931880734052798,,,0.4345481228192644,False,False,False,False,Max Bredeson,MIN,rookie_rule,True,drafted,False,,,deep_bench,,deep_bench_discounted,17.0,2.4814814814814814,0b8c9cb1-e3ed-4936-88ef-94b51df10e96,healthy17_qbroom_concentration_v1,1.0,not_applicable,1.0,False,,17.0,no_data,,off_chart,0.443262617836908,False,27.0,False,33.31986938890707,212.12724988326613,25.99228043038729,113.38707277968209,2025.0,MIN,canonical_source_team_frame,False,,,0.0,none,2026-08-26,0,0,False,markdown_market_v1,11.786332635952105,0.0,28.876866839887576,11.786332635952105,11.786332635952105,False,incumbent,,,21.241196878538165,0.0,10.735792164553652
00-0040317,WR,2026,0.5788958898560239,0.0,0.0,4.129144277319793,False,,,,,,,0.0264255273006594,2.956843010217633,0.3616783398830095,,,0.5734372912749414,False,False,False,False,Jacoby Jones,WAS,veteran_model,True,,False,ACT,,deep_bench,,deep_bench_discounted,17.0,1.6340639076883523,0b8c9cb1-e3ed-4936-88ef-94b51df10e96,healthy17_qbroom_concentration_v1,1.0,not_applicable,1.0,False,9.0,17.0,,,,,,,,32.67144533753111,214.92336904810367,27.29070180650144,124.16028766147345,2025.0,WAS,canonical_source_team_frame,False,,,0.0,none,2026-08-26,0,0,False,markdown_market_v1,9.841230127552407,0.0,63.84344350105301,9.841230127552407,9.841230127552407,False,incumbent,,,5.835839715576906,0.0036054906521916,9.841230127552407
00-0040009,WR,2026,0.6202486022093692,0.0,0.0,4.133360845464843,False,,,,,,,0.0231602982066494,2.9305149237645725,0.401949168586073,,,0.401949168586073,False,True,False,False,Savion Williams,GB,veteran_model,True,,False,ACT,,deep_bench,,deep_bench_discounted,17.0,4.116523693822968,0b8c9cb1-e3ed-4936-88ef-94b51df10e96,healthy17_qbroom_concentration_v1,1.0,not_applicable,1.0,False,4.0,17.0,,,,,,,,32.64024951982665,227.6640713446097,27.556451830260983,118.45985840964596,2025.0,GB,canonical_source_team_frame,False,-63.0,-0.4729015686530624,0.75,medium,2026-08-26,1,1,False,markdown_market_v1,10.544226237559275,0.0,69.47841056160549,10.544226237559275,10.544226237559275,False,incumbent,,,4.58512321171227,0.0,10.544226237559275
00-0037093,WR,2026,0.6425015931013263,0.0,0.0,4.125771405927903,False,,,,,,,0.0223174113700461,3.5125476129436186,0.293089067721392,,,0.4924570205555973,False,False,False,False,Dareke Young,LV,veteran_model,True,,True,ACT,,deep_bench,,deep_bench_discounted,17.0,1.694498680069875,0b8c9cb1-e3ed-4936-88ef-94b51df10e96,healthy17_qbroom_concentration_v1,1.0,not_applicable,1.0,False,6.0,17.0,,,,,,,,33.854801045689456,214.5498181545603,25.409147592119822,101.32508075439344,2025.0,LV,canonical_source_team_frame,False,,,0.0,none,2026-08-26,0,0,False,markdown_market_v1,10.922527082722546,0.0,70.49651238129091,10.922527082722546,10.922527082722546,False,incumbent,,,0.5587523134139332,0.0,10.922527082722546
00-0041104,RB,2026,0.6306750633360326,0.0,0.0,1.836367220320952,False,,0.7803818324963793,,,,,0.0050279462842518,1.0522316887734788,0.1391608839714231,0.0190392219311626,3.1208340788634263,0.1824055156944858,False,False,False,False,Demond Claiborne,MIN,rookie_rule,True,drafted,False,,,deep_bench,,deep_bench_discounted,17.0,4.142857142857143,0b8c9cb1-e3ed-4936-88ef-94b51df10e96,healthy17_qbroom_concentration_v1,1.0,concentration_v1_full_board,1.0,False,3.0,17.0,above_median,,off_chart,0.3,False,42.0,False,33.31986938890707,212.12724988326613,25.99228043038729,113.38707277968209,2025.0,MIN,canonical_source_team_frame,False,-45.0,-0.4748641482343227,0.75,medium,2026-08-26,1,1,False,markdown_market_v1,10.721476076712555,0.0,31.1794300908584,10.721476076712555,10.721476076712555,False,incumbent,,,4.953832803166678,0.0,10.721476076712555
00-0040629,WR,2026,0.629680304247997,0.0,0.0,4.124327287403081,False,,,,,,,0.0170855313474594,3.734252888639861,0.3086423358035391,,,0.4407067887821705,False,False,False,False,Dalevon Campbell,LAC,veteran_model,True,,True,ACT,,deep_bench,,deep_bench_discounted,17.0,1.1978517061137075,0b8c9cb1-e3ed-4936-88ef-94b51df10e96,healthy17_qbroom_concentration_v1,1.0,not_applicable,1.0,False,7.0,17.0,,,,,,,,34.81239421539152,230.9924120352485,26.622477258704382,118.76948607670286,2025.0,LAC,canonical_source_team_frame,False,,,0.0,none,2026-08-26,0,0,False,markdown_market_v1,10.70456517221595,0.0,71.14810997110446,10.70456517221595,10.70456517221595,False,incumbent,,,0.1172356539729951,0.0,10.70456517221595
00-0040241,WR,2026,0.5968350063399134,0.0,0.0,4.124042797982479,False,,,,,,,0.0220639012001657,3.5169973008749547,0.2917840362828421,,,0.5027121052644179,False,False,False,False,Dominic Lovett,DET,veteran_model,True,,False,ACT,,deep_bench,,deep_bench_discounted,17.0,2.5219544484352534,0b8c9cb1-e3ed-4936-88ef-94b51df10e96,healthy17_qbroom_concentration_v1,1.0,not_applicable,1.0,False,5.0,17.0,,,,,,,,33.93703078284322,246.2148467705308,26.80245988676499,118.24421493778569,2025.0,DET,canonical_source_team_frame,False,,,0.0,none,2026-08-26,0,0,False,markdown_market_v1,10.146195107778528,0.0,66.89983948006062,10.146195107778528,10.146195107778528,False,incumbent,,,0.1973877936339588,0.0168783717087017,10.146195107778528
00-0041069,WR,2026,0.6353328591680405,0.0,0.0,1.964354005534636,False,,,,,,,0.0218900380977998,3.584077434131505,0.2789614721132027,,,0.4597113462201235,False,False,False,False,Colbie Young,CIN,rookie_rule,True,drafted,False,,,deep_bench,,deep_bench_discounted,17.0,2.163636363636364,0b8c9cb1-e3ed-4936-88ef-94b51df10e96,healthy17_qbroom_concentration_v1,1.0,not_applicable,1.0,False,4.0,17.0,above_median,,off_chart,0.3,False,55.0,False,35.76282862419232,238.6281952536197,25.12248933429627,107.39911528359622,2025.0,CIN,canonical_source_team_frame,False,-56.0,-0.4269483661424975,0.75,medium,2026-08-26,1,1,False,markdown_market_v1,10.800658605856688,0.0,33.74530047433665,10.800658605856688,10.800658605856688,False,incumbent,,,28.33087615192927,0.0,10.800658605856688
00-0040225,TE,2026,0.49963622791544987,0.0,0.0,3.044343973472021,False,,,,,,,0.0177725497146659,3.650889344664596,0.3125938555024755,,,0.5357864793090243,False,False,True,True,Thomas Fidone II,NYG,veteran_model,True,,False,ACT,,deep_bench,,deep_bench_discounted,17.0,2.3741555035806954,0b8c9cb1-e3ed-4936-88ef-94b51df10e96,healthy17_qbroom_concentration_v1,1.0,not_applicable,1.0,False,4.0,17.0,,,,,,,,33.24864013753459,223.72476972874463,27.99474579779997,122.73497314685248,2025.0,NYG,canonical_source_team_frame,False,,,0.0,none,2026-08-26,0,0,False,markdown_market_v1,8.493815874562648,0.0,45.74042678718481,8.493815874562648,8.493815874562648,False,incumbent,,,0.264671577260437,0.0,9.40816524092956
00-0038579,QB,2026,0.2507769926106844,-0.1043776493535487,0.0,2.6313375821478786,True,0.7214014251332928,0.5001707408012922,0.4022698519877177,0.0073154316796791,0.0432840855079975,3.4828531753784318,,,,0.01350398143928,2.414171883939991,,False,False,False,False,Aidan O'Connell,LV,veteran_model,True,,False,ACT,,deep_bench,,deep_bench_discounted,17.0,1.2655878428881933,0b8c9cb1-e3ed-4936-88ef-94b51df10e96,healthy17_qbroom_concentration_v1,1.0,not_applicable,1.0,False,3.0,17.0,,,,,,,,33.854801045689456,214.5498181545603,25.409147592119822,101.32508075439344,2025.0,LV,canonical_source_team_frame,False,28.0,0.25268653438238,0.62,medium,2026-08-26,1,1,False,markdown_market_v1,4.263208874381635,0.0,43.17189856173414,4.263208874381635,4.263208874381635,False,incumbent,,,0.0,0.0,10.658022185954088
00-0039648,TE,2026,0.47646812979392467,0.0,0.0,3.0262270977504064,False,,,,,,,0.0283390590522628,2.7207845419646106,0.3355829525480817,,,0.4422378152437673,False,False,True,True,David Martin-Robinson,TEN,veteran_model,True,,False,ACT,,deep_bench,,deep_bench_discounted,17.0,6.710722496311387,0b8c9cb1-e3ed-4936-88ef-94b51df10e96,healthy17_qbroom_concentration_v1,1.0,not_applicable,1.0,False,5.0,17.0,,,,,,,,33.99714946554143,212.007639970746,25.993384614102037,108.23524626366611,2025.0,TEN,canonical_source_team_frame,False,,,0.0,none,2026-08-26,0,0,False,markdown_market_v1,8.09995820649672,0.0,44.15080892716204,8.09995820649672,8.09995820649672,False,incumbent,,,1.0863650018974995,0.0,8.879246340341076
00-0038576,WR,2026,0.6121482911837623,0.0,0.0,4.101569400853327,False,,,,,,,0.0157101306500268,3.895751791512694,0.247331590498657,,,0.4037772607246263,False,False,False,False,Charlie Jones,CIN,veteran_model,True,,False,ACT,,deep_bench,,deep_bench_discounted,17.0,1.727755541007782,0b8c9cb1-e3ed-4936-88ef-94b51df10e96,healthy17_qbroom_concentration_v1,1.0,not_applicable,1.0,False,6.0,17.0,,,,,,,,35.76282862419232,238.6281952536197,25.12248933429627,107.39911528359622,2025.0,CIN,canonical_source_team_frame,False,,,0.0,none,2026-08-26,0,0,False,markdown_market_v1,10.40652095012396,0.0,70.5416247967696,10.40652095012396,10.40652095012396,False,incumbent,,,0.2314521586433203,0.0,10.40652095012396
00-0038824,WR,2026,0.5349951842050868,0.0,0.0,4.098704645568158,False,,,,,,,0.0327666470544305,2.895855398740855,0.2369031616298409,,,0.4163248253347314,False,False,True,True,Ryan Miller,NYG,veteran_model,True,,True,ACT,,deep_bench,,deep_bench_discounted,17.0,2.616045496827501,0b8c9cb1-e3ed-4936-88ef-94b51df10e96,healthy17_qbroom_concentration_v1,1.0,not_applicable,1.0,False,14.0,17.0,,,,,,,,33.24864013753459,223.72476972874463,27.99474579779997,122.73497314685248,2025.0,NYG,canonical_source_team_frame,False,,,0.0,none,2026-08-26,0,0,False,markdown_market_v1,9.094918131486477,0.0,61.69367555621827,9.094918131486477,9.094918131486477,False,incumbent,,,0.5983931573775474,0.0220893997924527,9.094918131486477
00-0034365,TE,2026,0.5738585248051618,0.0,0.0,3.01714187853306,False,,,,,,,0.041326263362305,1.6770279780843258,0.3703173751689396,,,0.5436948804618219,False,False,False,False,Ian Thomas,LV,veteran_model,True,,False,ACT,,deep_bench,,deep_bench_discounted,17.0,5.6819153622024565,0b8c9cb1-e3ed-4936-88ef-94b51df10e96,healthy17_qbroom_concentration_v1,1.0,not_applicable,1.0,False,3.0,17.0,,,,,,,,33.854801045689456,214.5498181545603,25.409147592119822,101.32508075439344,2025.0,LV,canonical_source_team_frame,False,,,0.0,none,2026-08-26,0,0,False,markdown_market_v1,9.75559492168775,0.0,51.4772266845136,9.75559492168775,9.75559492168775,False,incumbent,,,6.509354071134055,0.0,10.11628834952705
00-0040387,TE,2026,0.5316003394279343,0.0,0.0,3.014314856041765,False,,,,,,,0.0072110563491011,4.317672741311597,0.2459168616993415,,,0.462843914435962,False,False,False,False,Zach Horton,DET,veteran_model,True,,False,ACT,,deep_bench,,deep_bench_discounted,17.0,2.5432532012498705,0b8c9cb1-e3ed-4936-88ef-94b51df10e96,healthy17_qbroom_concentration_v1,1.0,not_applicable,1.0,False,,17.0,,,,,,,,33.93703078284322,246.2148467705308,26.80245988676499,118.24421493778569,2025.0,DET,canonical_source_team_frame,False,,,0.0,none,2026-08-26,0,0,False,markdown_market_v1,9.037205770274882,0.0,48.70446174726521,9.037205770274882,9.037205770274882,False,incumbent,,,4.405769192519544,0.0170766670730667,9.55180983446992
00-0038519,WR,2026,0.5845369864394264,0.0,0.0,4.08649065789081,False,,,,,,,0.0116168068242597,3.788509055135528,0.2877425377582592,,,0.4949397339009395,False,False,False,False,Nikko Remigio,KC,veteran_model,True,,False,ACT,,deep_bench,,deep_bench_discounted,17.0,2.627159003424466,0b8c9cb1-e3ed-4936-88ef-94b51df10e96,healthy17_qbroom_concentration_v1,1.0,not_applicable,1.0,False,6.0,17.0,,,,,,,,35.16321475705483,230.551485538654,25.943035799993208,113.16190955700952,2025.0,KC,canonical_source_team_frame,False,,,0.0,none,2026-08-26,0,0,False,markdown_market_v1,9.937128769470249,0.0,69.17338673254926,9.937128769470249,9.937128769470249,False,incumbent,,,0.2225043448602309,0.0,9.937128769470249
00-0035140,WR,2026,0.5881459887077137,0.0,0.0,4.086212400831464,False,,,,,,,0.0185753244424953,3.5237481148659198,0.2566360002746612,,,0.48859198953377,False,False,False,False,Mecole Hardman,BUF,veteran_model,True,,False,ACT,,deep_bench,,deep_bench_discounted,17.0,0.8417745433801975,0b8c9cb1-e3ed-4936-88ef-94b51df10e96,healthy17_qbroom_concentration_v1,1.0,not_applicable,1.0,False,6.0,17.0,,,,,,,,33.212884173930405,232.0006812309425,28.02188237819293,133.5452190763655,2025.0,BUF,canonical_source_team_frame,False,-98.0,-1.86,0.62,medium,2026-08-26,1,1,False,markdown_market_v1,9.998481808031134,0.0,68.81052945861944,9.998481808031134,9.998481808031134,False,incumbent,,,0.4918758160872076,0.0,9.998481808031134
00-0040352,WR,2026,0.6894839957988653,0.0,0.0,4.077748595293089,False,,,,,,,0.0208261698454953,3.351449301693071,0.2471580069964853,,,0.4152950022029672,False,False,False,False,Coleman Owen,IND,veteran_model,True,,False,ACT,,deep_bench,,deep_bench_discounted,17.0,1.4531851897160186,0b8c9cb1-e3ed-4936-88ef-94b51df10e96,healthy17_qbroom_concentration_v1,1.0,not_applicable,1.0,False,8.0,17.0,,,,,,,,33.82190844602341,234.02468664293764,26.51465853299865,117.43030699843813,2025.0,IND,canonical_source_team_frame,False,,,0.0,none,2026-08-26,0,0,False,markdown_market_v1,11.72122792858071,0.0,82.24824473571915,11.72122792858071,11.72122792858071,False,incumbent,,,0.5095511034590009,0.0179144770480383,11.72122792858071
00-0040039,RB,2026,0.5817048583734419,0.0,0.0,4.343833972362557,False,,0.5742685272400524,,,,,0.0022271993441799,0.7296633588437568,0.1028364652053191,0.0234397460237719,3.039810022682341,0.1789594335371872,False,False,False,False,Amar Johnson,LAC,veteran_model,True,,False,ACT,,deep_bench,,deep_bench_discounted,17.0,1.1495829619589233,0b8c9cb1-e3ed-4936-88ef-94b51df10e96,healthy17_qbroom_concentration_v1,1.0,concentration_v1_full_board,1.0,False,5.0,17.0,,,,,,,,34.81239421539152,230.9924120352485,26.622477258704382,118.76948607670286,2025.0,LAC,canonical_source_team_frame,False,,,0.0,none,2026-08-26,0,0,False,markdown_market_v1,9.888982592348512,0.0,74.26751739110335,9.888982592348512,9.888982592348512,False,incumbent,,,1.161653431587891,0.0,9.888982592348512
00-0037132,WR,2026,0.5353442168946756,0.0,0.0,4.073375138193201,False,,,,,,,0.0180070091462174,3.5283942926662317,0.2368520229934109,,,0.4146882803478603,False,False,False,False,Britain Covey,PHI,veteran_model,True,,False,ACT,,deep_bench,,deep_bench_discounted,17.0,0.9212557513356564,0b8c9cb1-e3ed-4936-88ef-94b51df10e96,healthy17_qbroom_concentration_v1,1.0,not_applicable,1.0,False,8.0,17.0,,,,,,,,32.806418334792035,217.8630465484892,27.532262539569395,119.01828343531058,2025.0,PHI,canonical_source_team_frame,False,-21.0,-0.1865650255276113,0.75,medium,2026-08-26,1,1,False,markdown_market_v1,9.100851687209484,0.0,64.3363733449365,9.100851687209484,9.100851687209484,False,incumbent,,,1.0028605503825865,0.0,9.100851687209484
00-0040476,RB,2026,0.6064735590217161,0.0,0.0,4.499919781870149,False,,0.6785081125829242,,,,,0.0020426978092703,0.9395930396391384,0.1348840244587603,0.013089091863972,3.234047958196787,0.1480098949692828,False,False,False,False,Ulysses Bentley IV,IND,veteran_model,True,,False,ACT,,deep_bench,,deep_bench_discounted,17.0,1.5891977822320265,0b8c9cb1-e3ed-4936-88ef-94b51df10e96,healthy17_qbroom_concentration_v1,1.0,concentration_v1_full_board,1.0,False,4.0,17.0,,,,,,,,33.82190844602341,234.02468664293764,26.51465853299865,117.43030699843813,2025.0,IND,canonical_source_team_frame,False,,,0.0,none,2026-08-26,0,0,False,markdown_market_v1,10.310050503369173,0.0,82.78893519493596,10.310050503369173,10.310050503369173,False,incumbent,,,0.1632187455487361,0.0,10.310050503369173
00-0036646,WR,2026,0.5274951392403584,0.0,0.0,4.064683623557482,False,,,,,,,0.0225061627197351,3.159933066594311,0.2391713960541437,,,0.3955562748088135,False,False,False,False,Simi Fehoko,ARI,veteran_model,True,,False,ACT,,deep_bench,,deep_bench_discounted,17.0,1.4593163386918122,0b8c9cb1-e3ed-4936-88ef-94b51df10e96,healthy17_qbroom_concentration_v1,1.0,not_applicable,1.0,False,7.0,17.0,,,,,,,,36.21537296296883,240.75211132429325,24.991541448852136,107.82682362857648,2025.0,ARI,canonical_source_team_frame,False,,,0.0,none,2026-08-26,0,0,False,markdown_market_v1,8.967417367086092,0.0,64.06424615560535,8.967417367086092,8.967417367086092,False,incumbent,,,0.1702295043810877,0.0341119504474949,8.967417367086092
00-0040494,QB,2026,0.23169628634632344,-0.1339425469952165,0.0,2.92917445177864,True,0.8789577431378998,0.4921248094787422,0.452466214753502,0.022097880500513,0.0527374645882739,4.77340771187773,,,,0.0194925991350034,0.9544101735622852,,False,False,False,False,Max Brosmer,MIN,veteran_model,True,,False,ACT,,deep_bench,,deep_bench_discounted,17.0,1.920226417080566,0b8c9cb1-e3ed-4936-88ef-94b51df10e96,healthy17_qbroom_concentration_v1,1.0,not_applicable,1.0,False,4.0,17.0,,,,,,,,33.31986938890707,212.12724988326613,25.99228043038729,113.38707277968209,2025.0,MIN,canonical_source_team_frame,False,,,0.0,none,2026-08-26,0,0,False,markdown_market_v1,3.9388368678874985,0.0,47.8188589816384,3.9388368678874985,3.9388368678874985,False,incumbent,,,0.0,0.0,9.847092169718746
00-0039816,WR,2026,0.671856099874232,0.0,0.0,4.062971819054259,False,,,,,,,0.0197593745216973,3.298542358230677,0.2409873870968789,,,0.395360575101621,False,False,False,False,Anthony Gould,IND,veteran_model,True,,False,ACT,,deep_bench,,deep_bench_discounted,17.0,1.78968923125411,0b8c9cb1-e3ed-4936-88ef-94b51df10e96,healthy17_qbroom_concentration_v1,1.0,not_applicable,1.0,False,6.0,17.0,,,,,,,,33.82190844602341,234.02468664293764,26.51465853299865,117.43030699843813,2025.0,IND,canonical_source_team_frame,False,,,0.0,none,2026-08-26,0,0,False,markdown_market_v1,11.421553697861944,0.0,81.94857050500039,11.421553697861944,11.421553697861944,False,incumbent,,,0.5587258134358386,0.0131201047738795,11.421553697861944
00-0040429,RB,2026,0.5446101129535389,0.0,0.0,4.314134879121625,False,,0.7057179255359454,,,,,0.0106434868719035,1.256435988271829,0.1760284203571826,0.0168114733270008,1.898323002264349,0.2106431730540547,False,False,False,False,Josh Williams,TB,veteran_model,True,,False,ACT,,deep_bench,,deep_bench_discounted,17.0,1.626596652954162,0b8c9cb1-e3ed-4936-88ef-94b51df10e96,healthy17_qbroom_concentration_v1,1.0,concentration_v1_full_board,1.0,False,4.0,17.0,,,,,,,,33.55035103578723,223.7141596661014,27.73776146084954,117.79149136744992,2025.0,TB,canonical_source_team_frame,False,,,0.0,none,2026-08-26,0,0,False,markdown_market_v1,9.25837192021016,0.0,70.34457155671211,9.25837192021016,9.25837192021016,False,incumbent,,,0.176056544181978,0.0,9.25837192021016
00-0039884,WR,2026,0.49609002618151393,0.0,0.0,4.058983250458846,False,,,,,,,0.0330136487660124,2.5433398132552427,0.2249994679693583,,,0.2925632484237813,False,False,False,False,Tahj Washington,MIA,veteran_model,True,,False,ACT,,deep_bench,,deep_bench_discounted,17.0,2.1742664280249624,0b8c9cb1-e3ed-4936-88ef-94b51df10e96,healthy17_qbroom_concentration_v1,1.0,not_applicable,1.0,False,8.0,17.0,,,,,,,,32.36223621091209,214.6126867270503,26.74474106089619,118.31799054444193,2025.0,MIA,canonical_source_team_frame,False,,,0.0,none,2026-08-26,0,0,False,markdown_market_v1,8.433530445085736,0.0,60.67177178680541,8.433530445085736,8.433530445085736,False,incumbent,,,19.267844267729775,0.0,8.433530445085736
00-0034867,WR,2026,0.5779439759813414,0.0,0.0,4.058495952664057,False,,,,,,,0.018511896451843,3.2983959176554465,0.2470346792697713,,,0.3943778129643588,False,False,False,False,Malik Turner,SF,veteran_model,True,,False,ACT,,deep_bench,,deep_bench_discounted,17.0,0.8104211326217616,0b8c9cb1-e3ed-4936-88ef-94b51df10e96,healthy17_qbroom_concentration_v1,1.0,not_applicable,1.0,False,10.0,17.0,,,,,,,,34.25083482490253,240.1256936965456,26.958300492590134,112.8835201485632,2025.0,SF,canonical_source_team_frame,False,,,0.0,none,2026-08-26,0,0,False,markdown_market_v1,9.825047591682804,0.0,71.48469908857389,9.825047591682804,9.825047591682804,False,incumbent,,,0.3872465561545731,0.0,9.825047591682804
00-0039397,WR,2026,0.5206587938434033,0.0,0.0,4.057446848623086,False,,,,,,,0.021165959837459,3.1269088425674405,0.2473851255780385,,,0.4101188128454882,False,False,False,False,Tejhaun Palmer,ARI,veteran_model,True,,False,ACT,,deep_bench,,deep_bench_discounted,17.0,1.2210788316592502,0b8c9cb1-e3ed-4936-88ef-94b51df10e96,healthy17_qbroom_concentration_v1,1.0,not_applicable,1.0,False,9.0,17.0,,,,,,,,36.21537296296883,240.75211132429325,24.991541448852136,107.82682362857648,2025.0,ARI,canonical_source_team_frame,False,,,0.0,none,2026-08-26,0,0,False,markdown_market_v1,8.851199495337855,0.0,63.94802828385711,8.851199495337855,8.851199495337855,False,incumbent,,,6.168079277850616,0.0,8.851199495337855
00-0040506,WR,2026,0.558853614271455,0.0,0.0,4.0551336958681405,False,,,,,,,0.0192195798692323,3.238259822291719,0.2438451837420127,,,0.4299337895005881,False,False,False,False,Myles Price,MIN,veteran_model,True,,False,ACT,,deep_bench,,deep_bench_discounted,17.0,1.5770566871755338,0b8c9cb1-e3ed-4936-88ef-94b51df10e96,healthy17_qbroom_concentration_v1,1.0,not_applicable,1.0,False,5.0,17.0,,,,,,,,33.31986938890707,212.12724988326613,25.99228043038729,113.38707277968209,2025.0,MIN,canonical_source_team_frame,False,99.0,2.0778885674542247,0.75,medium,2026-08-26,1,1,False,markdown_market_v1,9.500511442614734,0.0,68.14777830583438,9.500511442614734,9.500511442614734,False,incumbent,,,0.1285137406048219,0.0220893997924527,9.500511442614734
00-0034487,WR,2026,0.5498135085511089,0.0,0.0,4.0476458038123,False,,,,,,,0.0178170621429687,3.3096476813548,0.2314220405328786,,,0.3146894512099484,False,False,False,False,Trent Sherfield,BUF,veteran_model,True,,True,ACT,,deep_bench,,deep_bench_discounted,17.0,1.5551526826975846,0b8c9cb1-e3ed-4936-88ef-94b51df10e96,healthy17_qbroom_concentration_v1,1.0,not_applicable,1.0,False,8.0,17.0,,,,,,,,33.212884173930405,232.0006812309425,28.02188237819293,133.5452190763655,2025.0,BUF,canonical_source_team_frame,False,,,0.0,none,2026-08-26,0,0,False,markdown_market_v1,9.346829645368851,0.0,68.15887729595715,9.346829645368851,9.346829645368851,False,incumbent,,,4.322543788695252,0.0220598647846164,9.346829645368851
00-0040120,WR,2026,0.5480254994255175,0.0,0.0,4.047627436707382,False,,,,,,,0.0173504084399207,3.299215998916232,0.2390714872473315,,,0.4296144094019958,False,False,False,False,Jimmy Holiday,KC,veteran_model,True,,False,ACT,,deep_bench,,deep_bench_discounted,17.0,1.0658735225828828,0b8c9cb1-e3ed-4936-88ef-94b51df10e96,healthy17_qbroom_concentration_v1,1.0,not_applicable,1.0,False,8.0,17.0,,,,,,,,35.16321475705483,230.551485538654,25.943035799993208,113.16190955700952,2025.0,KC,canonical_source_team_frame,False,-22.0,-0.1570402234912415,0.62,medium,2026-08-26,1,1,False,markdown_market_v1,9.316433490233797,0.0,68.5526914533128,9.316433490233797,9.316433490233797,False,incumbent,,,9.0667992533548,0.0061539854879737,9.316433490233797
00-0040509,TE,2026,0.49146023297598435,0.0,0.0,2.961908378991982,False,,,,,,,0.0217810109837594,2.5266229600148864,0.3244744082432189,,,0.4850486384138399,False,False,False,False,Ben Yurosek,MIN,veteran_model,True,,False,ACT,,deep_bench,,deep_bench_discounted,17.0,6.609903416919077,0b8c9cb1-e3ed-4936-88ef-94b51df10e96,healthy17_qbroom_concentration_v1,1.0,not_applicable,1.0,False,3.0,17.0,,,,,,,,33.31986938890707,212.12724988326613,25.99228043038729,113.38707277968209,2025.0,MIN,canonical_source_team_frame,False,,,0.0,none,2026-08-26,0,0,False,markdown_market_v1,8.354823960591734,0.0,49.84283964261807,8.354823960591734,8.354823960591734,False,incumbent,,,0.780924167298155,0.0,9.1963683820688
00-0039379,WR,2026,0.0,0.0,0.0,4.035625385761324,False,,,,,,,0.0191074261625451,3.087529840130524,0.2363204044408644,,,0.3465678407732469,False,False,False,False,Jamari Thrash,CLE,veteran_model,True,,False,ACT,,deep_bench,,deep_bench_discounted,0.0,2.59705669711226,0b8c9cb1-e3ed-4936-88ef-94b51df10e96,healthy17_qbroom_concentration_v1,1.0,not_applicable,1.0,False,8.0,0.0,,,,,,,,33.82707987620956,210.09032913022048,26.55432348725456,109.36695682546336,2025.0,CLE,canonical_source_team_frame,False,,,0.0,none,2026-08-26,0,0,False,markdown_market_v1,0.0,0.0,0.0,0.0,0.0,False,incumbent,,,12.172510179776248,0.0,0.0
00-0038590,WR,2026,0.0,0.0,0.0,4.0317469673381865,False,,,,,,,0.0170486519879287,3.005661457529329,0.2696425342102261,,,0.4678071965263475,False,False,False,False,Justin Shorter,LV,veteran_model,True,,False,RES,,deep_bench,,deep_bench_discounted,0.0,1.1139402301718189,0b8c9cb1-e3ed-4936-88ef-94b51df10e96,healthy17_qbroom_concentration_v1,1.0,not_applicable,1.0,False,13.0,0.0,,,,,,,,33.854801045689456,214.5498181545603,25.409147592119822,101.32508075439344,2025.0,LV,canonical_source_team_frame,False,,,0.0,none,2026-08-26,0,0,False,markdown_market_v1,0.0,0.0,0.0,0.0,0.0,False,incumbent,,,0.1418290826562098,0.0,0.0
00-0040488,TE,2026,0.48668310387878705,0.0,0.0,2.9490609685741305,False,,,,,,,0.0267489632344157,2.4419326176665,0.2561022288693169,,,0.3476329633531426,False,False,False,False,Carter Runyon,LV,veteran_model,True,,False,ACT,,deep_bench,,deep_bench_discounted,17.0,4.240706338961966,0b8c9cb1-e3ed-4936-88ef-94b51df10e96,healthy17_qbroom_concentration_v1,1.0,not_applicable,1.0,False,4.0,17.0,,,,,,,,33.854801045689456,214.5498181545603,25.409147592119822,101.32508075439344,2025.0,LV,canonical_source_team_frame,False,,,0.0,none,2026-08-26,0,0,False,markdown_market_v1,8.27361276593938,0.0,50.47197249872595,8.27361276593938,8.27361276593938,False,incumbent,,,0.7368201857392519,0.0,9.111034163739394
00-0038488,RB,2026,0.5329827531620049,0.0,0.0,4.451656325438663,False,,0.4620230353512964,,,,,0.011205812658516,0.852799995621936,0.1288352204414466,0.0169298030264184,2.132422140796877,0.1288352204414466,False,True,False,False,Brady Russell,SEA,veteran_model,True,,False,ACT,,deep_bench,,deep_bench_discounted,17.0,1.4746660268163287,0b8c9cb1-e3ed-4936-88ef-94b51df10e96,healthy17_qbroom_concentration_v1,1.0,concentration_v1_full_board,1.0,False,,17.0,,,,,,,,32.23055547607071,233.1588091163081,27.961458857752422,119.77956467483948,2025.0,SEA,canonical_source_team_frame,False,,,0.0,none,2026-08-26,0,0,False,markdown_market_v1,9.060706803754083,0.0,75.73592112663854,9.060706803754083,9.060706803754083,False,incumbent,,,0.1972882548409358,0.0,9.060706803754083
00-0039407,RB,2026,0.5376943546454525,0.0,0.0,4.474364856818834,False,,0.7351526863543386,,,,,0.0,1.3214531049769804,0.1659420446623917,0.0001805160263838,3.133008197918672,0.2410087314461975,False,False,False,False,Dylan Laube,LV,veteran_model,True,,False,ACT,,deep_bench,,deep_bench_discounted,17.0,1.8402279722077768,0b8c9cb1-e3ed-4936-88ef-94b51df10e96,healthy17_qbroom_concentration_v1,1.0,concentration_v1_full_board,1.0,False,3.0,17.0,,,,,,,,33.854801045689456,214.5498181545603,25.409147592119822,101.32508075439344,2025.0,LV,canonical_source_team_frame,False,-86.0,-1.097742046000505,0.62,medium,2026-08-26,1,1,False,markdown_market_v1,9.140804028972692,0.0,76.407443562197,9.140804028972692,9.140804028972692,False,incumbent,,,0.4117359450303254,0.0,9.140804028972692
00-0036590,TE,2026,0.4685202616747259,0.0,0.0,2.9386898106428103,False,,,,,,,0.0230476987337764,2.306139602045942,0.30693369013846,,,0.4588581435210216,False,False,False,False,Quintin Morris,JAX,veteran_model,True,,False,ACT,,deep_bench,,deep_bench_discounted,17.0,2.9520922004398624,0b8c9cb1-e3ed-4936-88ef-94b51df10e96,healthy17_qbroom_concentration_v1,1.0,not_applicable,1.0,False,4.0,17.0,,,,,,,,34.281392912743186,230.86210034575595,27.465841920542964,117.91153249278577,2025.0,JAX,canonical_source_team_frame,False,,,0.0,none,2026-08-26,0,0,False,markdown_market_v1,7.96484444847034,0.0,48.42216188444343,7.96484444847034,7.96484444847034,False,incumbent,,,2.414052029033518,0.0,8.581599161741098
00-0032951,WR,2026,0.6149212603475012,0.0,0.0,4.015177270253393,False,,,,,,,0.0168331031919195,3.1323801799392554,0.2137459811107651,,,0.4023100139230796,False,False,False,False,Laquon Treadwell,IND,veteran_model,True,,False,ACT,,deep_bench,,deep_bench_discounted,17.0,1.098223773199709,0b8c9cb1-e3ed-4936-88ef-94b51df10e96,healthy17_qbroom_concentration_v1,1.0,not_applicable,1.0,False,7.0,17.0,,,,,,,,33.82190844602341,234.02468664293764,26.51465853299865,117.43030699843813,2025.0,IND,canonical_source_team_frame,False,,,0.0,none,2026-08-26,0,0,False,markdown_market_v1,10.45366142590752,0.0,80.98067823304596,10.45366142590752,10.45366142590752,False,incumbent,,,0.2730274368252285,0.0007794073502629,10.45366142590752
00-0039603,RB,2026,0.5141932912010166,0.0,0.0,4.337585240973341,False,,0.6472378108284237,,,,,0.0,0.4948693503238867,0.1346349356663781,0.022617603123165,2.6575297501797377,0.1562928762843072,False,False,False,False,British Brooks,HOU,veteran_model,True,,False,ACT,,deep_bench,,deep_bench_discounted,17.0,1.7530740220154344,0b8c9cb1-e3ed-4936-88ef-94b51df10e96,healthy17_qbroom_concentration_v1,1.0,concentration_v1_full_board,1.0,False,4.0,17.0,,,,,,,,34.32483042096658,230.71531420889468,27.03402673302534,113.94163263281224,2025.0,HOU,canonical_source_team_frame,False,,,0.0,none,2026-08-26,0,0,False,markdown_market_v1,8.741285950417282,0.0,72.74854966690836,8.741285950417282,8.741285950417282,False,incumbent,,,0.2144564685458437,0.0,8.741285950417282
00-0038896,RB,2026,0.5024743932289819,0.0,0.0,4.344803287172848,False,,0.591024762519701,,,,,0.0,1.1203034349637342,0.1689406664015547,0.0085620151344002,2.6762888738610213,0.2140224194390028,False,False,False,False,Jacob Saylors,DET,veteran_model,True,,False,ACT,,deep_bench,,deep_bench_discounted,17.0,1.678284547138423,0b8c9cb1-e3ed-4936-88ef-94b51df10e96,healthy17_qbroom_concentration_v1,1.0,concentration_v1_full_board,1.0,False,4.0,17.0,,,,,,,,33.93703078284322,246.2148467705308,26.80245988676499,118.24421493778569,2025.0,DET,canonical_source_team_frame,False,32.0,0.2962215378205755,0.62,medium,2026-08-26,1,1,False,markdown_market_v1,8.542064684892692,0.0,72.13631507797552,8.542064684892692,8.542064684892692,False,incumbent,,,0.0645362126564325,0.0,8.542064684892692
00-0038492,WR,2026,0.5104011906830233,0.0,0.0,4.009540402904463,False,,,,,,,0.0164486122926496,3.007420078373046,0.2320781575173848,,,0.3978479716208588,False,False,False,False,Jason Brownlee,KC,veteran_model,True,,False,ACT,,deep_bench,,deep_bench_discounted,17.0,1.8143189864807776,0b8c9cb1-e3ed-4936-88ef-94b51df10e96,healthy17_qbroom_concentration_v1,1.0,not_applicable,1.0,False,7.0,17.0,,,,,,,,35.16321475705483,230.551485538654,25.943035799993208,113.16190955700952,2025.0,KC,canonical_source_team_frame,False,,,0.0,none,2026-08-26,0,0,False,markdown_market_v1,8.676820241611395,0.0,67.91307820469041,8.676820241611395,8.676820241611395,False,incumbent,,,0.2646460628094542,0.0,8.676820241611395
00-0033589,WR,2026,0.497826912710358,0.0,0.0,4.007871819801933,False,,,,,,,0.0133689337704405,3.211073663475517,0.2249664165583398,,,0.3331863980313518,False,False,False,False,David Moore,CAR,veteran_model,True,,False,ACT,,deep_bench,,deep_bench_discounted,17.0,1.1759490450152246,0b8c9cb1-e3ed-4936-88ef-94b51df10e96,healthy17_qbroom_concentration_v1,1.0,not_applicable,1.0,False,6.0,17.0,,,,,,,,33.086654804365814,214.5319014599454,26.991967859866016,116.4978523275508,2025.0,CAR,canonical_source_team_frame,False,46.0,0.4734070231355759,0.62,medium,2026-08-26,1,1,False,markdown_market_v1,8.463057516076086,0.0,65.73602517117777,8.463057516076086,8.463057516076086,False,incumbent,,,0.7707975453784646,0.0,8.463057516076086
00-0036497,WR,2026,0.4844602183803643,0.0,0.0,4.000409050763484,False,,,,,,,0.0175677123472507,2.766405148723749,0.2485892385100743,,,0.3943778129643588,False,False,False,False,Tim Jones,JAX,veteran_model,True,,False,ACT,,deep_bench,,deep_bench_discounted,17.0,1.7246069484503723,0b8c9cb1-e3ed-4936-88ef-94b51df10e96,healthy17_qbroom_concentration_v1,1.0,not_applicable,1.0,False,7.0,17.0,,,,,,,,34.281392912743186,230.86210034575595,27.465841920542964,117.91153249278577,2025.0,JAX,canonical_source_team_frame,False,,,0.0,none,2026-08-26,0,0,False,markdown_market_v1,8.235823712466193,0.0,66.14755954535121,8.235823712466193,8.235823712466193,False,incumbent,,,0.5404949972922135,0.0,8.235823712466193
00-0040075,WR,2026,0.45770721115318785,0.0,0.0,3.997235682077493,False,,,,,,,0.0267123327598606,2.3200619139059286,0.2217757031503373,,,0.3425903034377685,False,False,False,False,LaJohntay Wester,BAL,veteran_model,True,,False,ACT,,deep_bench,,deep_bench_discounted,17.0,2.009317132186685,0b8c9cb1-e3ed-4936-88ef-94b51df10e96,healthy17_qbroom_concentration_v1,1.0,not_applicable,1.0,False,7.0,17.0,,,,,,,,31.37799975249296,213.6518141922886,28.079230857805165,132.67231187281823,2025.0,BAL,canonical_source_team_frame,False,48.0,0.6058471330610775,0.75,medium,2026-08-26,1,1,False,markdown_market_v1,7.781022589604193,0.0,61.62673261720694,7.781022589604193,7.781022589604193,False,incumbent,,,0.2406502324804053,0.0,7.781022589604193
00-0037277,TE,2026,0.41919649612509746,0.0,0.0,2.915449363468285,False,,,,,,,0.0330738593622085,1.8243728433512452,0.2364922199871639,,,0.3627233414435482,False,False,False,False,Teagan Quitoriano,ARI,veteran_model,True,,True,ACT,,deep_bench,,deep_bench_discounted,17.0,3.681696011829464,0b8c9cb1-e3ed-4936-88ef-94b51df10e96,healthy17_qbroom_concentration_v1,1.0,not_applicable,1.0,False,4.0,17.0,,,,,,,,36.21537296296883,240.75211132429325,24.991541448852136,107.82682362857648,2025.0,ARI,canonical_source_team_frame,False,,,0.0,none,2026-08-26,0,0,False,markdown_market_v1,7.126340434126657,0.0,45.95174249233789,7.126340434126657,7.126340434126657,False,incumbent,,,0.2391050758008654,0.0,7.891588807273967
00-0035039,TE,2026,0.45355747046809247,0.0,0.0,2.91493003556354,False,,,,,,,0.0273119711004711,2.039409117035641,0.2615889685816438,,,0.2899131745228953,False,False,False,False,Stephen Carlson,CHI,veteran_model,True,,False,ACT,,deep_bench,,deep_bench_discounted,17.0,0.8112592559363611,0b8c9cb1-e3ed-4936-88ef-94b51df10e96,healthy17_qbroom_concentration_v1,1.0,not_applicable,1.0,False,5.0,17.0,,,,,,,,33.74412762295005,231.616563841159,27.71808021893144,128.0128941200731,2025.0,CHI,canonical_source_team_frame,False,,,0.0,none,2026-08-26,0,0,False,markdown_market_v1,7.7104769979575725,0.0,49.50023828688293,7.7104769979575725,7.7104769979575725,False,incumbent,,,0.8133017723707893,0.0,8.476829800800548
00-0035298,WR,2026,0.49487141759677195,0.0,0.0,3.992035546097919,False,,,,,,,0.0180750313911272,2.583498165954632,0.2623357972062479,,,0.3984031487727064,False,False,False,False,Scott Miller,CHI,veteran_model,True,,True,ACT,,deep_bench,,deep_bench_discounted,17.0,2.38979499866469,0b8c9cb1-e3ed-4936-88ef-94b51df10e96,healthy17_qbroom_concentration_v1,1.0,not_applicable,1.0,False,6.0,17.0,,,,,,,,33.74412762295005,231.616563841159,27.71808021893144,128.0128941200731,2025.0,CHI,canonical_source_team_frame,False,,,0.0,none,2026-08-26,0,0,False,markdown_market_v1,8.412814099145123,0.0,67.85948386561597,8.412814099145123,8.412814099145123,False,incumbent,,,11.34639772112484,0.0,8.412814099145123
00-0041156,QB,2026,0.4809833495014652,-0.4995731447464481,0.0,2.300238851414781,True,1.5274261846524968,0.178,0.8529700652540053,0.065374249156605,0.0458227855395749,8.63473252602067,,,,0.0055294117647058,0.6618284313725491,,False,False,False,False,Mark Gronowski,MIA,rookie_rule,True,udfa,False,,,deep_bench,,deep_bench_discounted,17.0,0.5882352941176471,0b8c9cb1-e3ed-4936-88ef-94b51df10e96,healthy17_qbroom_concentration_v1,1.0,not_applicable,1.0,False,,17.0,no_data,,off_chart,1.0,False,102.0,False,32.36223621091209,214.6126867270503,26.74474106089619,118.31799054444193,2025.0,MIA,canonical_source_team_frame,False,,,0.0,none,2026-08-26,0,0,False,markdown_market_v1,8.176716941524909,0.0,36.30677037453814,8.176716941524909,8.176716941524909,False,incumbent,,,7.058270165584063,0.0,9.854387105436176
00-0034419,WR,2026,0.436924196242384,0.0,0.0,3.9885984895178903,False,,,,,,,0.0188220078935368,2.868672898307885,0.1894630195466254,,,0.3628654478412924,False,False,True,True,Braxton Berrios,NYG,veteran_model,True,,True,ACT,,deep_bench,,deep_bench_discounted,17.0,1.7118741033979992,0b8c9cb1-e3ed-4936-88ef-94b51df10e96,healthy17_qbroom_concentration_v1,1.0,not_applicable,1.0,False,9.0,17.0,,,,,,,,33.24864013753459,223.72476972874463,27.99474579779997,122.73497314685248,2025.0,NYG,canonical_source_team_frame,False,-98.0,-2.25,0.75,medium,2026-08-26,1,1,False,markdown_market_v1,7.427711336120528,0.0,60.026468760852325,7.427711336120528,7.427711336120528,False,incumbent,,,3.597112312383457,0.0,7.427711336120528
00-0039458,TE,2026,0.4470876288663235,0.0,0.0,2.9059361728096635,False,,,,,,,0.0157464367188439,2.563890528255484,0.2774913734094487,,,0.3328838765902955,False,False,False,False,Brenden Bates,CLE,veteran_model,True,,False,ACT,,deep_bench,,deep_bench_discounted,17.0,5.252024896961007,0b8c9cb1-e3ed-4936-88ef-94b51df10e96,healthy17_qbroom_concentration_v1,1.0,not_applicable,1.0,False,6.0,17.0,,,,,,,,33.82707987620956,210.09032913022048,26.55432348725456,109.36695682546336,2025.0,CLE,canonical_source_team_frame,False,,,0.0,none,2026-08-26,0,0,False,markdown_market_v1,7.6004896907275,0.0,48.61714819921849,7.6004896907275,7.6004896907275,False,incumbent,,,1.6918423881114293,0.0218248062890934,8.25700605768484
00-0038564,TE,2026,0.409605812100939,0.0,0.0,2.903383408611496,False,,,,,,,0.029244934886879,1.862147740494713,0.2507524245488451,,,0.3893145939535753,False,False,False,False,Cameron Latu,PHI,veteran_model,True,,False,ACT,,deep_bench,,deep_bench_discounted,17.0,5.24093424871555,0b8c9cb1-e3ed-4936-88ef-94b51df10e96,healthy17_qbroom_concentration_v1,1.0,not_applicable,1.0,False,6.0,17.0,,,,,,,,32.806418334792035,217.8630465484892,27.532262539569395,119.01828343531058,2025.0,PHI,canonical_source_team_frame,False,,,0.0,none,2026-08-26,0,0,False,markdown_market_v1,6.963298805715963,0.0,45.84383553370167,6.963298805715963,6.963298805715963,False,incumbent,,,0.2973693698272996,0.0,7.703957631925814
00-0037475,TE,2026,0.4253641927702875,0.0,0.0,2.8991166332609355,False,,,,,,,0.0221178096256218,2.015436878631602,0.2970865493554339,,,0.4642870581821643,False,False,False,False,Stone Smartt,PHI,veteran_model,True,,True,ACT,,deep_bench,,deep_bench_discounted,17.0,4.229289658690671,0b8c9cb1-e3ed-4936-88ef-94b51df10e96,healthy17_qbroom_concentration_v1,1.0,not_applicable,1.0,False,5.0,17.0,,,,,,,,32.806418334792035,217.8630465484892,27.532262539569395,119.01828343531058,2025.0,PHI,canonical_source_team_frame,False,,,0.0,none,2026-08-26,0,0,False,markdown_market_v1,7.231191277094887,0.0,45.74974563040337,7.231191277094887,7.231191277094887,False,incumbent,,,3.823103213301238,0.0,7.609867728627515
00-0037745,RB,2026,0.48090336164498254,0.0,0.0,4.368273248614628,False,,0.4463687154357204,,,,,0.0104121403761795,0.9018014643646538,0.1823177579806157,0.0060545019647806,2.0210097592075185,0.1823177579806157,False,True,False,False,Velus Jones Jr.,SEA,veteran_model,True,,False,ACT,,deep_bench,,deep_bench_discounted,17.0,1.4121862649930623,0b8c9cb1-e3ed-4936-88ef-94b51df10e96,healthy17_qbroom_concentration_v1,1.0,concentration_v1_full_board,1.0,False,5.0,17.0,,,,,,,,32.23055547607071,233.1588091163081,27.961458857752422,119.77956467483948,2025.0,SEA,canonical_source_team_frame,False,,,0.0,none,2026-08-26,0,0,False,markdown_market_v1,8.175357147964704,0.0,74.3090707864414,8.175357147964704,8.175357147964704,False,incumbent,,,0.160172054137772,0.0,8.175357147964704
00-0038397,RB,2026,0.4773453182269833,0.0,0.0,4.307346227078015,False,,0.8212659160991511,,,,,0.0,0.7613425627043267,0.0728099684924563,0.0149785631387742,2.793381922313597,0.1301280579802214,False,False,False,False,Evan Hull,HOU,veteran_model,True,,True,ACT,,deep_bench,,deep_bench_discounted,17.0,1.2241200619840165,0b8c9cb1-e3ed-4936-88ef-94b51df10e96,healthy17_qbroom_concentration_v1,1.0,concentration_v1_full_board,1.0,False,6.0,17.0,,,,,,,,34.32483042096658,230.71531420889468,27.03402673302534,113.94163263281224,2025.0,HOU,canonical_source_team_frame,False,,,0.0,none,2026-08-26,0,0,False,markdown_market_v1,8.114870409858716,0.0,72.22881203584114,8.114870409858716,8.114870409858716,False,incumbent,,,0.3800297648636214,0.0,8.114870409858716
00-0037324,QB,2026,0.18870963196749813,-0.1302544396646024,0.0,2.5058847985765564,True,0.5461477841300093,0.4368653439753647,0.3514570355340579,0.020253826835206,0.0327688670478005,4.040358879922375,,,,0.0140152836255138,1.359960814312305,,False,False,False,False,Chris Oladokun,KC,veteran_model,True,,False,ACT,,deep_bench,,deep_bench_discounted,17.0,2.1816748048587518,0b8c9cb1-e3ed-4936-88ef-94b51df10e96,healthy17_qbroom_concentration_v1,1.0,not_applicable,1.0,False,4.0,17.0,,,,,,,,35.16321475705483,230.551485538654,25.943035799993208,113.16190955700952,2025.0,KC,canonical_source_team_frame,False,-94.0,-1.6577879941981457,0.62,medium,2026-08-26,1,1,False,markdown_market_v1,3.208063743447468,0.0,40.357409183659954,3.208063743447468,3.208063743447468,False,incumbent,,,0.0,0.0,8.02015935861867
00-0036775,WR,2026,0.4304634537997555,0.0,0.0,3.9651751198801657,False,,,,,,,0.0122271288034418,2.8106353225337872,0.2333623445071354,,,0.4101188128454882,False,False,False,False,Brandon Smith,PIT,veteran_model,True,,True,ACT,,deep_bench,,deep_bench_discounted,17.0,0.2695925286088461,0b8c9cb1-e3ed-4936-88ef-94b51df10e96,healthy17_qbroom_concentration_v1,1.0,not_applicable,1.0,False,11.0,17.0,,,,,,,,33.53074981559085,220.60629098765008,26.566881241231517,113.38878134930282,2025.0,PIT,canonical_source_team_frame,False,,,0.0,none,2026-08-26,0,0,False,markdown_market_v1,7.317878714595843,0.0,60.998578544968105,7.317878714595843,7.317878714595843,False,incumbent,,,8.428229494461645,0.0060959556758171,7.317878714595843
00-0041132,WR,2026,0.5555172959240573,0.0,0.0,1.4659061658182797,False,,,,,,,0.0147840497323756,2.706234054574466,0.2225101675423871,,,0.3752465595806449,False,False,False,False,Deion Burks,IND,rookie_rule,True,drafted,False,,,deep_bench,,deep_bench_discounted,17.0,2.163636363636364,0b8c9cb1-e3ed-4936-88ef-94b51df10e96,healthy17_qbroom_concentration_v1,1.0,not_applicable,1.0,False,5.0,17.0,above_median,,off_chart,0.8703700897088322,False,55.0,False,33.82190844602341,234.02468664293764,26.51465853299865,117.43030699843813,2025.0,IND,canonical_source_team_frame,False,33.0,0.4105568582344858,0.62,medium,2026-08-26,1,1,False,markdown_market_v1,9.443794030708974,0.0,29.450481113507436,9.443794030708974,9.443794030708974,False,incumbent,,,17.02149785733685,0.0,9.443794030708974
00-0039686,TE,2026,0.38627229209316327,0.0,0.0,2.880789625955588,False,,,,,,,0.0203836258634347,2.1124434366056395,0.2618414282961759,,,0.3733718934385158,False,False,False,False,Colson Yankoff,WAS,veteran_model,True,,False,ACT,,deep_bench,,deep_bench_discounted,17.0,5.246288943959496,0b8c9cb1-e3ed-4936-88ef-94b51df10e96,healthy17_qbroom_concentration_v1,1.0,not_applicable,1.0,False,4.0,17.0,,,,,,,,32.67144533753111,214.92336904810367,27.29070180650144,124.16028766147345,2025.0,WAS,canonical_source_team_frame,False,-79.0,-1.3195094282704176,0.75,medium,2026-08-26,1,1,False,markdown_market_v1,6.566628965583775,0.0,44.556834479878994,6.566628965583775,6.566628965583775,False,incumbent,,,0.8907221647424606,0.0,7.1972852767883655
00-0040566,TE,2026,0.4084983465265299,0.0,0.0,2.878781834506099,False,,,,,,,0.0200654044639164,2.2801010943251554,0.2281129706475145,,,0.331844373069603,False,False,False,False,CJ Dippre,NE,veteran_model,True,,False,ACT,,deep_bench,,deep_bench_discounted,17.0,3.12477903778724,0b8c9cb1-e3ed-4936-88ef-94b51df10e96,healthy17_qbroom_concentration_v1,1.0,not_applicable,1.0,False,3.0,17.0,,,,,,,,33.74543089702036,243.75247513831917,27.01222693387557,121.7111389498118,2025.0,NE,canonical_source_team_frame,False,,,0.0,none,2026-08-26,0,0,False,markdown_market_v1,6.944471890951008,0.0,44.03705161338233,6.944471890951008,6.944471890951008,False,incumbent,,,5.766356305511795,0.0,7.075373622666476
00-0039631,TE,2026,0.43786028545379835,0.0,0.0,2.8784145586596868,False,,,,,,,0.0204844554154385,2.168575924815979,0.2446548414382602,,,0.3123499189812876,False,False,False,False,Cam Grandy,CIN,veteran_model,True,,False,ACT,,deep_bench,,deep_bench_discounted,17.0,7.780314270615957,0b8c9cb1-e3ed-4936-88ef-94b51df10e96,healthy17_qbroom_concentration_v1,1.0,not_applicable,1.0,False,6.0,17.0,,,,,,,,35.76282862419232,238.6281952536197,25.12248933429627,107.39911528359622,2025.0,CIN,canonical_source_team_frame,False,-27.0,-0.4908542134495323,0.75,medium,2026-08-26,1,1,False,markdown_market_v1,7.443624852714572,0.0,49.51746615985404,7.443624852714572,7.443624852714572,False,incumbent,,,2.849335822593175,0.0,7.954101411616949
00-0036630,WR,2026,0.4537642202067254,0.0,0.0,3.954022347247816,False,,,,,,,0.0189764848696142,2.4444610665001143,0.2032993776550996,,,0.3921979497668343,False,False,False,False,Tylan Wallace,CLE,veteran_model,True,,True,ACT,,deep_bench,,deep_bench_discounted,17.0,1.943717977858448,0b8c9cb1-e3ed-4936-88ef-94b51df10e96,healthy17_qbroom_concentration_v1,1.0,not_applicable,1.0,False,6.0,17.0,,,,,,,,33.82707987620956,210.09032913022048,26.55432348725456,109.36695682546336,2025.0,CLE,canonical_source_team_frame,False,,,0.0,none,2026-08-26,0,0,False,markdown_market_v1,7.713991743514332,0.0,65.91044974035337,7.713991743514332,7.713991743514332,False,incumbent,,,0.8644936773187311,0.0,7.713991743514332
00-0041077,TE,2026,0.5652404848994735,0.0,0.0,1.2251057857676562,False,,,,,,,0.0192721942514817,2.331910727073654,0.2131792804553778,,,0.3163388336087608,False,False,False,False,Justin Joly,DEN,rookie_rule,True,drafted,False,,,deep_bench,,deep_bench_discounted,17.0,2.4814814814814814,0b8c9cb1-e3ed-4936-88ef-94b51df10e96,healthy17_qbroom_concentration_v1,1.0,not_applicable,1.0,False,3.0,17.0,no_data,,off_chart,0.3,False,27.0,False,34.86796196556067,230.0636551213692,26.57618138477283,117.91787351632536,2025.0,DEN,canonical_source_team_frame,False,-52.0,-0.5237246898204234,0.75,medium,2026-08-26,1,1,False,markdown_market_v1,9.60908824329105,0.0,20.54779533424106,9.60908824329105,9.60908824329105,False,incumbent,,,27.567682155580933,0.0,7.613688919703285
00-0039920,WR,2026,0.45035569236760675,0.0,0.0,3.949378912544158,False,,,,,,,0.0152846867282084,2.6153361481812416,0.2041390696084288,,,0.2435486921558728,False,False,False,False,Malachi Corley,CLE,veteran_model,True,,False,ACT,,deep_bench,,deep_bench_discounted,17.0,5.346838260373457,0b8c9cb1-e3ed-4936-88ef-94b51df10e96,healthy17_qbroom_concentration_v1,1.0,not_applicable,1.0,False,7.0,17.0,,,,,,,,33.82707987620956,210.09032913022048,26.55432348725456,109.36695682546336,2025.0,CLE,canonical_source_team_frame,False,,,0.0,none,2026-08-26,0,0,False,markdown_market_v1,7.656046770249315,0.0,65.85250476708836,7.656046770249315,7.656046770249315,False,incumbent,,,9.402999436983974,0.0,7.656046770249315
00-0038496,WR,2026,0.39162333846322045,0.0,0.0,3.9383504765778232,False,,,,,,,0.0147355814598511,2.4230658305093327,0.2271255244304287,,,0.3548300263526993,False,False,True,True,Xavier Gipson,NYG,veteran_model,True,,True,ACT,,deep_bench,,deep_bench_discounted,17.0,1.5311106953956288,0b8c9cb1-e3ed-4936-88ef-94b51df10e96,healthy17_qbroom_concentration_v1,1.0,not_applicable,1.0,False,13.0,17.0,,,,,,,,33.24864013753459,223.72476972874463,27.99474579779997,122.73497314685248,2025.0,NYG,canonical_source_team_frame,False,,,0.0,none,2026-08-26,0,0,False,markdown_market_v1,6.657596753874747,0.0,59.25635417860654,6.657596753874747,6.657596753874747,False,incumbent,,,0.6495796959113934,0.0,6.657596753874747
00-0041326,RB,2026,0.4302915203986596,0.0,0.0,1.3902517110442385,False,,0.5576906164570179,,,,,0.0031204781912744,0.8825979402852528,0.1218221773481758,0.013050884044408,1.9229905760755168,0.1594473268316222,False,False,False,False,CJ Donaldson,NO,rookie_rule,True,udfa,False,,,deep_bench,,deep_bench_discounted,17.0,0.71,0b8c9cb1-e3ed-4936-88ef-94b51df10e96,healthy17_qbroom_concentration_v1,1.0,concentration_v1_full_board,1.0,False,7.0,17.0,no_data,,off_chart,0.6236294817376784,False,300.0,False,34.20731916190036,231.16668439742472,26.96687552570446,109.19074388858569,2025.0,NO,canonical_source_team_frame,False,,,0.0,none,2026-08-26,0,0,False,markdown_market_v1,7.314955846777213,0.0,23.248607581314197,7.314955846777213,7.314955846777213,False,incumbent,,,15.77484232311446,0.0317435434044184,7.314955846777213
00-0039824,TE,2026,0.3938631617455339,0.0,0.0,2.8515238635669253,False,,,,,,,0.019465261211137,1.977257899003917,0.2413673868667686,,,0.3308783146597001,False,False,False,False,Jared Wiley,KC,veteran_model,True,,False,ACT,,deep_bench,,deep_bench_discounted,17.0,3.086648308452901,0b8c9cb1-e3ed-4936-88ef-94b51df10e96,healthy17_qbroom_concentration_v1,1.0,not_applicable,1.0,False,3.0,17.0,,,,,,,,35.16321475705483,230.551485538654,25.943035799993208,113.16190955700952,2025.0,KC,canonical_source_team_frame,False,,,0.0,none,2026-08-26,0,0,False,markdown_market_v1,6.695673749674076,0.0,48.24467598053329,6.695673749674076,6.695673749674076,False,incumbent,,,0.7855894818883725,0.0210657529910556,7.352349779428043
00-0039266,RB,2026,0.43449355707571313,0.0,0.0,4.31391246545742,False,,0.6869250647489192,,,,,0.0,0.6594352120220401,0.0581712411764529,0.0125880740593311,2.633703954661519,0.1499588330656661,False,False,False,False,Kendall Milton,CIN,veteran_model,True,,False,ACT,,deep_bench,,deep_bench_discounted,17.0,1.7026750947719462,0b8c9cb1-e3ed-4936-88ef-94b51df10e96,healthy17_qbroom_concentration_v1,1.0,concentration_v1_full_board,1.0,False,5.0,17.0,,,,,,,,35.76282862419232,238.6281952536197,25.12248933429627,107.39911528359622,2025.0,CIN,canonical_source_team_frame,False,,,0.0,none,2026-08-26,0,0,False,markdown_market_v1,7.3863904702871235,0.0,73.7698409781581,7.3863904702871235,7.3863904702871235,False,incumbent,,,0.1011149153508393,0.0,7.3863904702871235
00-0040431,WR,2026,0.37599642066181366,0.0,0.0,3.9203688133688326,False,,,,,,,0.0160152087034779,2.2357635190154195,0.2132671333877081,,,0.3747644534540454,False,False,True,True,Dalen Cambre,NYG,veteran_model,True,,False,ACT,,deep_bench,,deep_bench_discounted,17.0,2.0273767342507307,0b8c9cb1-e3ed-4936-88ef-94b51df10e96,healthy17_qbroom_concentration_v1,1.0,not_applicable,1.0,False,12.0,17.0,,,,,,,,33.24864013753459,223.72476972874463,27.99474579779997,122.73497314685248,2025.0,NYG,canonical_source_team_frame,False,,,0.0,none,2026-08-26,0,0,False,markdown_market_v1,6.391939151250832,0.0,58.99069657598263,6.391939151250832,6.391939151250832,False,incumbent,,,0.2023208897399203,0.0163327911594675,6.391939151250832
00-0033757,TE,2026,0.34935958141137985,0.0,0.0,2.841032758942217,False,,,,,,,0.018369800960682,1.8607168895342332,0.2568389025167477,,,0.4125490587883048,False,False,False,False,Robert Tonyan,PIT,veteran_model,True,,True,ACT,,deep_bench,,deep_bench_discounted,17.0,4.502926056298753,0b8c9cb1-e3ed-4936-88ef-94b51df10e96,healthy17_qbroom_concentration_v1,1.0,not_applicable,1.0,False,3.0,17.0,,,,,,,,33.53074981559085,220.60629098765008,26.566881241231517,113.38878134930282,2025.0,PIT,canonical_source_team_frame,False,,,0.0,none,2026-08-26,0,0,False,markdown_market_v1,5.939112883993458,0.0,43.74670681542794,5.939112883993458,5.939112883993458,False,incumbent,,,0.4852668660801066,0.0,6.54509577487272
00-0038953,WR,2026,0.401607855074125,0.0,0.0,3.917874887679901,False,,,,,,,0.0150398677176733,2.472981444152685,0.1725397888120484,,,0.3341318091650204,False,False,False,False,Dylan Drummond,ATL,veteran_model,True,,False,ACT,,deep_bench,,deep_bench_discounted,17.0,2.1841446571645,0b8c9cb1-e3ed-4936-88ef-94b51df10e96,healthy17_qbroom_concentration_v1,1.0,not_applicable,1.0,False,5.0,17.0,,,,,,,,33.11019223657139,223.68381617318363,27.583501535610957,121.08084842723764,2025.0,ATL,canonical_source_team_frame,False,,,0.0,none,2026-08-26,0,0,False,markdown_market_v1,6.827333536260125,0.0,62.74965880109093,6.827333536260125,6.827333536260125,False,incumbent,,,7.559773507372937,0.0007794073502629,6.827333536260125
00-0034418,WR,2026,0.40034853857446107,0.0,0.0,3.916546282146605,False,,,,,,,0.0148325148796998,2.465090749334045,0.1739489507648662,,,0.2924210586167236,False,False,False,False,Cedrick Wilson Jr.,DET,veteran_model,True,,True,ACT,,deep_bench,,deep_bench_discounted,17.0,1.795199216690978,0b8c9cb1-e3ed-4936-88ef-94b51df10e96,healthy17_qbroom_concentration_v1,1.0,not_applicable,1.0,False,6.0,17.0,,,,,,,,33.93703078284322,246.2148467705308,26.80245988676499,118.24421493778569,2025.0,DET,canonical_source_team_frame,False,,,0.0,none,2026-08-26,0,0,False,markdown_market_v1,6.805925155765838,0.0,63.55956952804792,6.805925155765838,6.805925155765838,False,incumbent,,,10.315381972399644,0.0,6.805925155765838
00-0041125,RB,2026,0.44382105947643485,0.0,0.0,1.2162615896757951,False,,0.5205539819945244,,,,,0.0029834878931652,0.6883883583277459,0.0924625280536044,0.0116418047936454,2.1702949782191854,0.1211309785599589,False,False,False,False,Seth McGowan,IND,rookie_rule,True,drafted,False,,,deep_bench,,deep_bench_discounted,17.0,4.142857142857143,0b8c9cb1-e3ed-4936-88ef-94b51df10e96,healthy17_qbroom_concentration_v1,1.0,concentration_v1_full_board,1.0,False,3.0,17.0,above_median,,off_chart,0.3,False,42.0,False,33.82190844602341,234.02468664293764,26.51465853299865,117.43030699843813,2025.0,IND,canonical_source_team_frame,False,98.0,1.326445094698948,0.62,medium,2026-08-26,1,1,False,markdown_market_v1,7.544958011099393,0.0,21.767370255203133,7.544958011099393,7.544958011099393,False,incumbent,,,3.413417975677503,0.0,7.544958011099393
00-0040390,WR,2026,0.3969507189632436,0.0,0.0,3.912608756696259,False,,,,,,,0.015554952006463,2.435247867866654,0.1633732306364942,,,0.3210346787395494,False,False,False,False,Jackson Meeks,DET,veteran_model,True,,False,ACT,,deep_bench,,deep_bench_discounted,17.0,1.828070734231939,0b8c9cb1-e3ed-4936-88ef-94b51df10e96,healthy17_qbroom_concentration_v1,1.0,not_applicable,1.0,False,,17.0,,,,,,,,33.93703078284322,246.2148467705308,26.80245988676499,118.24421493778569,2025.0,DET,canonical_source_team_frame,False,-13.0,-0.1076302483994477,0.62,medium,2026-08-26,1,1,False,markdown_market_v1,6.748162222375141,0.0,63.501806594657225,6.748162222375141,6.748162222375141,False,incumbent,,,12.252043292600552,0.0,6.748162222375141
00-0040653,WR,2026,0.412850793871221,0.0,0.0,3.910673514528094,False,,,,,,,0.0130914024219634,2.403538531726372,0.195407208542215,,,0.3323554384916798,False,False,False,False,Ricky White III,SEA,veteran_model,True,,False,ACT,,deep_bench,,deep_bench_discounted,17.0,0.6446899896272299,0b8c9cb1-e3ed-4936-88ef-94b51df10e96,healthy17_qbroom_concentration_v1,1.0,not_applicable,1.0,False,8.0,17.0,,,,,,,,32.23055547607071,233.1588091163081,27.961458857752422,119.77956467483948,2025.0,SEA,canonical_source_team_frame,False,,,0.0,none,2026-08-26,0,0,False,markdown_market_v1,7.018463495810757,0.0,67.34400501667167,7.018463495810757,7.018463495810757,False,incumbent,,,8.980138743663689,0.0209401832748559,7.018463495810757
00-0040984,RB,2026,0.40709611209036217,0.0,0.0,1.3500277174524586,False,,0.5403356358646365,,,,,0.0023580431237622,0.6669503443273066,0.0920570278045386,0.009862125447948,2.292954587024588,0.1204891204459973,False,False,False,False,Dontae McMillan,BAL,rookie_rule,True,udfa,False,,,deep_bench,,deep_bench_discounted,17.0,0.71,0b8c9cb1-e3ed-4936-88ef-94b51df10e96,healthy17_qbroom_concentration_v1,1.0,concentration_v1_full_board,1.0,False,5.0,17.0,no_data,,off_chart,0.4712563655464425,False,300.0,False,31.37799975249296,213.6518141922886,28.079230857805165,132.67231187281823,2025.0,BAL,canonical_source_team_frame,False,,,0.0,none,2026-08-26,0,0,False,markdown_market_v1,6.920633905536157,0.0,22.586257926543496,6.920633905536157,6.920633905536157,False,incumbent,,,1.4197269469614295,0.0,6.920633905536157
00-0040991,RB,2026,0.40709611209036217,0.0,0.0,1.3500277174524586,False,,0.5403356358646365,,,,,0.0023580431237622,0.6669503443273066,0.0920570278045386,0.009862125447948,2.292954587024588,0.1204891204459973,False,False,False,False,Elijah Tau-Tolliver,BAL,rookie_rule,True,udfa,False,,,deep_bench,,deep_bench_discounted,17.0,0.71,0b8c9cb1-e3ed-4936-88ef-94b51df10e96,healthy17_qbroom_concentration_v1,1.0,concentration_v1_full_board,1.0,False,6.0,17.0,no_data,,off_chart,0.4712563655464425,False,300.0,False,31.37799975249296,213.6518141922886,28.079230857805165,132.67231187281823,2025.0,BAL,canonical_source_team_frame,False,,,0.0,none,2026-08-26,0,0,False,markdown_market_v1,6.920633905536157,0.0,22.586257926543496,6.920633905536157,6.920633905536157,False,incumbent,,,2.987688651582678,0.0154308262006299,6.920633905536157
00-0041129,RB,2026,0.4019537363702633,0.0,0.0,1.2015121430989972,False,,0.4953783004018516,,,,,0.0028484871360023,0.6790125216728802,0.0916415873600114,0.0112321260664118,2.170493505567332,0.1200358973138473,False,False,False,False,Jam Miller,NE,rookie_rule,True,drafted,False,,,deep_bench,,deep_bench_discounted,17.0,4.142857142857143,0b8c9cb1-e3ed-4936-88ef-94b51df10e96,healthy17_qbroom_concentration_v1,1.0,concentration_v1_full_board,1.0,False,5.0,17.0,no_data,,off_chart,0.3279165100650804,False,42.0,False,33.74543089702036,243.75247513831917,27.01222693387557,121.7111389498118,2025.0,NE,canonical_source_team_frame,False,,,0.0,none,2026-08-26,0,0,False,markdown_market_v1,6.833213518294476,0.0,19.83168798841516,6.833213518294476,6.833213518294476,False,incumbent,,,10.602262458366884,0.0,6.833213518294476
00-0039754,TE,2026,0.34015811503627486,0.0,0.0,2.823549611900277,False,,,,,,,0.0243038630551424,1.6035862946346202,0.2020899822792667,,,0.2164993677087581,False,False,False,False,Devin Culp,TB,veteran_model,True,,False,ACT,,deep_bench,,deep_bench_discounted,17.0,2.759428986189589,0b8c9cb1-e3ed-4936-88ef-94b51df10e96,healthy17_qbroom_concentration_v1,1.0,not_applicable,1.0,False,5.0,17.0,,,,,,,,33.55035103578723,223.7141596661014,27.73776146084954,117.79149136744992,2025.0,TB,canonical_source_team_frame,False,,,0.0,none,2026-08-26,0,0,False,markdown_market_v1,5.782687955616672,0.0,44.06497490797093,5.782687955616672,5.782687955616672,False,incumbent,,,0.6736318548004824,0.0,6.350360855707359
00-0037755,TE,2026,0.3201035492490899,0.0,0.0,2.8107605369185054,False,,,,,,,0.014757278067255,1.8478222702508635,0.2422236570471233,,,0.2954924793432893,False,False,True,True,Jelani Woods,NYJ,veteran_model,True,,False,ACT,,deep_bench,,deep_bench_discounted,17.0,2.951811985357922,0b8c9cb1-e3ed-4936-88ef-94b51df10e96,healthy17_qbroom_concentration_v1,1.0,not_applicable,1.0,False,4.0,17.0,,,,,,,,32.41879516501858,201.132721478803,27.47972793367314,119.35043810725364,2025.0,NYJ,canonical_source_team_frame,False,45.0,0.1333650706360036,0.62,medium,2026-08-26,1,1,False,markdown_market_v1,5.441760337234529,0.0,42.09464064194915,5.441760337234529,5.441760337234529,False,incumbent,,,1.2553429260544382,0.0,5.90691782736565
00-0038752,WR,2026,0.38353958624982964,0.0,0.0,3.885568127615036,False,,,,,,,0.0072755692790687,2.539138797818315,0.1878663792124472,,,0.2976523502541023,False,False,False,False,Jake Bobo,SEA,veteran_model,True,,False,ACT,,deep_bench,,deep_bench_discounted,17.0,2.104978650127456,0b8c9cb1-e3ed-4936-88ef-94b51df10e96,healthy17_qbroom_concentration_v1,1.0,not_applicable,1.0,False,5.0,17.0,,,,,,,,32.23055547607071,233.1588091163081,27.961458857752422,119.77956467483948,2025.0,SEA,canonical_source_team_frame,False,,,0.0,none,2026-08-26,0,0,False,markdown_market_v1,6.520172966247104,0.0,66.84571448710801,6.520172966247104,6.520172966247104,False,incumbent,,,1.1543081086201938,0.0070209672736079,6.520172966247104
00-0038911,WR,2026,0.3643058425880987,0.0,0.0,3.879481522952106,False,,,,,,,0.0116592652700894,2.0068126327782725,0.2295540510023466,,,0.3501842481001544,False,False,False,False,Malik Cunningham,DET,veteran_model,True,,False,ACT,,deep_bench,,deep_bench_discounted,17.0,2.519002982634147,0b8c9cb1-e3ed-4936-88ef-94b51df10e96,healthy17_qbroom_concentration_v1,1.0,not_applicable,1.0,False,8.0,17.0,,,,,,,,33.93703078284322,246.2148467705308,26.80245988676499,118.24421493778569,2025.0,DET,canonical_source_team_frame,False,,,0.0,none,2026-08-26,0,0,False,markdown_market_v1,6.193199323997678,0.0,62.94684369627977,6.193199323997678,6.193199323997678,False,incumbent,,,0.0900536589648238,0.0,6.193199323997678
00-0041131,TE,2026,0.3673223364720803,0.0,0.0,1.0674842949309635,False,,,,,,,0.0382832349415818,0.991025514234846,0.1048926184038873,,,0.1481002399975078,False,False,False,False,Carsen Ryan,CLE,rookie_rule,True,drafted,False,,,deep_bench,,deep_bench_discounted,17.0,2.4814814814814814,0b8c9cb1-e3ed-4936-88ef-94b51df10e96,healthy17_qbroom_concentration_v1,1.0,not_applicable,1.0,False,5.0,17.0,no_data,,off_chart,0.5959347613773415,False,27.0,False,33.82707987620956,210.09032913022048,26.55432348725456,109.36695682546336,2025.0,CLE,canonical_source_team_frame,False,,,0.0,none,2026-08-26,0,0,False,markdown_market_v1,6.244479720025365,0.0,17.47352587102633,6.244479720025365,6.244479720025365,False,incumbent,,,6.197493519017377,0.0,6.249700409026253
00-0041168,WR,2026,0.37777528541959066,0.0,0.0,1.0020410103504358,False,,,,,,,0.0112451455115464,2.202999385427219,0.186509219615786,,,0.3182036002212705,False,False,False,False,Omari Kelly,CHI,rookie_rule,True,udfa,False,,,deep_bench,,deep_bench_discounted,17.0,0.6584992343032159,0b8c9cb1-e3ed-4936-88ef-94b51df10e96,healthy17_qbroom_concentration_v1,1.0,not_applicable,1.0,False,10.0,17.0,no_data,,off_chart,1.0,False,653.0,False,33.74412762295005,231.616563841159,27.71808021893144,128.0128941200731,2025.0,CHI,canonical_source_team_frame,False,,,0.0,none,2026-08-26,0,0,False,markdown_market_v1,6.422179852133041,0.0,16.783876701275204,6.422179852133041,6.422179852133041,False,incumbent,,,22.80608074225685,0.0,6.422179852133041
00-0040977,WR,2026,0.35294968826531736,0.0,0.0,1.0020410103504358,False,,,,,,,0.0112451455115464,2.202999385427219,0.186509219615786,,,0.3182036002212705,False,False,False,False,Cortez Braham,BAL,rookie_rule,True,udfa,False,,,deep_bench,,deep_bench_discounted,17.0,0.6584992343032159,0b8c9cb1-e3ed-4936-88ef-94b51df10e96,healthy17_qbroom_concentration_v1,1.0,not_applicable,1.0,False,11.0,17.0,no_data,,off_chart,1.0,False,653.0,False,31.37799975249296,213.6518141922886,28.079230857805165,132.67231187281823,2025.0,BAL,canonical_source_team_frame,False,,,0.0,none,2026-08-26,0,0,False,markdown_market_v1,6.000144700510395,0.0,16.00588119907878,6.000144700510395,6.000144700510395,False,incumbent,,,17.277846296901814,0.0,6.000144700510395
00-0040986,WR,2026,0.35294968826531736,0.0,0.0,1.0020410103504358,False,,,,,,,0.0112451455115464,2.202999385427219,0.186509219615786,,,0.3182036002212705,False,False,False,False,Ty Pezza,BAL,rookie_rule,True,udfa,False,,,deep_bench,,deep_bench_discounted,17.0,0.6584992343032159,0b8c9cb1-e3ed-4936-88ef-94b51df10e96,healthy17_qbroom_concentration_v1,1.0,not_applicable,1.0,False,,17.0,no_data,,off_chart,1.0,False,653.0,False,31.37799975249296,213.6518141922886,28.079230857805165,132.67231187281823,2025.0,BAL,canonical_source_team_frame,False,,,0.0,none,2026-08-26,0,0,False,markdown_market_v1,6.000144700510395,0.0,16.00588119907878,6.000144700510395,6.000144700510395,False,incumbent,,,21.525907536906704,0.0,6.000144700510395
00-0040989,WR,2026,0.35294968826531736,0.0,0.0,1.0020410103504358,False,,,,,,,0.0112451455115464,2.202999385427219,0.186509219615786,,,0.3182036002212705,False,False,False,False,Octavian Smith,BAL,rookie_rule,True,udfa,False,,,deep_bench,,deep_bench_discounted,17.0,0.6584992343032159,0b8c9cb1-e3ed-4936-88ef-94b51df10e96,healthy17_qbroom_concentration_v1,1.0,not_applicable,1.0,False,12.0,17.0,no_data,,off_chart,1.0,False,653.0,False,31.37799975249296,213.6518141922886,28.079230857805165,132.67231187281823,2025.0,BAL,canonical_source_team_frame,False,,,0.0,none,2026-08-26,0,0,False,markdown_market_v1,6.000144700510395,0.0,16.00588119907878,6.000144700510395,6.000144700510395,False,incumbent,,,16.105729256817924,0.0163327911594675,6.000144700510395
00-0041020,WR,2026,0.3770182092397746,0.0,0.0,1.0020410103504358,False,,,,,,,0.0112451455115464,2.202999385427219,0.186509219615786,,,0.3182036002212705,False,False,False,False,Xavier Loyd,KC,rookie_rule,True,udfa,False,,,deep_bench,,deep_bench_discounted,17.0,0.6584992343032159,0b8c9cb1-e3ed-4936-88ef-94b51df10e96,healthy17_qbroom_concentration_v1,1.0,not_applicable,1.0,False,13.0,17.0,no_data,,off_chart,1.0,False,653.0,False,35.16321475705483,230.551485538654,25.943035799993208,113.16190955700952,2025.0,KC,canonical_source_team_frame,False,,,0.0,none,2026-08-26,0,0,False,markdown_market_v1,6.409309557076168,0.0,16.767528473415698,6.409309557076168,6.409309557076168,False,incumbent,,,19.86663220853772,0.0220893997924527,6.409309557076168
00-0040967,WR,2026,0.3770182092397746,0.0,0.0,1.0020410103504358,False,,,,,,,0.0112451455115464,2.202999385427219,0.186509219615786,,,0.3182036002212705,False,False,False,False,Jacob De Jesus,KC,rookie_rule,True,udfa,False,,,deep_bench,,deep_bench_discounted,17.0,0.6584992343032159,0b8c9cb1-e3ed-4936-88ef-94b51df10e96,healthy17_qbroom_concentration_v1,1.0,not_applicable,1.0,False,12.0,17.0,no_data,,off_chart,1.0,False,653.0,False,35.16321475705483,230.551485538654,25.943035799993208,113.16190955700952,2025.0,KC,canonical_source_team_frame,False,,,0.0,none,2026-08-26,0,0,False,markdown_market_v1,6.409309557076168,0.0,16.767528473415698,6.409309557076168,6.409309557076168,False,incumbent,,,16.2257365727823,0.0,6.409309557076168
00-0041435,WR,2026,0.34911725782974623,0.0,0.0,1.0020410103504358,False,,,,,,,0.0112451455115464,2.202999385427219,0.186509219615786,,,0.3182036002212705,False,False,False,False,Dean Patterson IV,TB,rookie_rule,True,udfa,False,,,deep_bench,,deep_bench_discounted,17.0,0.6584992343032159,0b8c9cb1-e3ed-4936-88ef-94b51df10e96,healthy17_qbroom_concentration_v1,1.0,not_applicable,1.0,False,11.0,17.0,no_data,,off_chart,1.0,False,653.0,False,33.55035103578723,223.7141596661014,27.73776146084954,117.79149136744992,2025.0,TB,canonical_source_team_frame,False,,,0.0,none,2026-08-26,0,0,False,markdown_market_v1,5.934993383105686,0.0,15.573861373954031,5.934993383105686,5.934993383105686,False,incumbent,,,20.588017790007186,0.0,5.934993383105686
00-0040919,WR,2026,0.32751813626534665,0.0,0.0,1.0020410103504358,False,,,,,,,0.0112451455115464,2.202999385427219,0.186509219615786,,,0.3182036002212705,False,False,False,False,Tyren Montgomery,TEN,rookie_rule,True,udfa,False,,,deep_bench,,deep_bench_discounted,17.0,0.6584992343032159,0b8c9cb1-e3ed-4936-88ef-94b51df10e96,healthy17_qbroom_concentration_v1,1.0,not_applicable,1.0,False,12.0,17.0,no_data,,off_chart,1.0,False,653.0,False,33.99714946554143,212.007639970746,25.993384614102037,108.23524626366611,2025.0,TEN,canonical_source_team_frame,False,,,0.0,none,2026-08-26,0,0,False,markdown_market_v1,5.567808316510893,0.0,14.645060828464176,5.567808316510893,5.567808316510893,False,incumbent,,,21.743738091281944,0.0092302366021694,5.567808316510893
00-0041474,WR,2026,0.38129648749886275,0.0,0.0,1.0020410103504358,False,,,,,,,0.0112451455115464,2.202999385427219,0.186509219615786,,,0.3182036002212705,False,False,False,False,Mante Morrow,LAC,rookie_rule,True,udfa,False,,,deep_bench,,deep_bench_discounted,17.0,0.6584992343032159,0b8c9cb1-e3ed-4936-88ef-94b51df10e96,healthy17_qbroom_concentration_v1,1.0,not_applicable,1.0,False,,17.0,no_data,,off_chart,1.0,False,653.0,False,34.81239421539152,230.9924120352485,26.622477258704382,118.76948607670286,2025.0,LAC,canonical_source_team_frame,False,,,0.0,none,2026-08-26,0,0,False,markdown_market_v1,6.482040287480666,0.0,16.86240105714282,6.482040287480666,6.482040287480666,False,incumbent,,,36.9467538054247,0.0,6.482040287480666
00-0040954,WR,2026,0.3770182092397746,0.0,0.0,1.0020410103504358,False,,,,,,,0.0112451455115464,2.202999385427219,0.186509219615786,,,0.3182036002212705,False,False,False,False,Omari Evans,KC,rookie_rule,True,udfa,False,,,deep_bench,,deep_bench_discounted,17.0,0.6584992343032159,0b8c9cb1-e3ed-4936-88ef-94b51df10e96,healthy17_qbroom_concentration_v1,1.0,not_applicable,1.0,False,11.0,17.0,no_data,,off_chart,1.0,False,653.0,False,35.16321475705483,230.551485538654,25.943035799993208,113.16190955700952,2025.0,KC,canonical_source_team_frame,False,,,0.0,none,2026-08-26,0,0,False,markdown_market_v1,6.409309557076168,0.0,16.767528473415698,6.409309557076168,6.409309557076168,False,incumbent,,,15.38332750982399,0.0,6.409309557076168
00-0040948,WR,2026,0.37401227434335815,0.0,0.0,1.0020410103504358,False,,,,,,,0.0112451455115464,2.202999385427219,0.186509219615786,,,0.3182036002212705,False,False,False,False,J. Michael Sturdivant,GB,rookie_rule,True,udfa,False,,,deep_bench,,deep_bench_discounted,17.0,0.6584992343032159,0b8c9cb1-e3ed-4936-88ef-94b51df10e96,healthy17_qbroom_concentration_v1,1.0,not_applicable,1.0,False,9.0,17.0,no_data,,off_chart,1.0,False,653.0,False,32.64024951982665,227.6640713446097,27.556451830260983,118.45985840964596,2025.0,GB,canonical_source_team_frame,False,,,0.0,none,2026-08-26,0,0,False,markdown_market_v1,6.358208663837089,0.0,16.610113550672033,6.358208663837089,6.358208663837089,False,incumbent,,,17.79975671645552,0.0,6.358208663837089
00-0040953,WR,2026,0.3770182092397746,0.0,0.0,1.0020410103504358,False,,,,,,,0.0112451455115464,2.202999385427219,0.186509219615786,,,0.3182036002212705,False,False,False,False,Jeff Caldwell,KC,rookie_rule,True,udfa,False,,,deep_bench,,deep_bench_discounted,17.0,0.6584992343032159,0b8c9cb1-e3ed-4936-88ef-94b51df10e96,healthy17_qbroom_concentration_v1,1.0,not_applicable,1.0,False,10.0,17.0,above_median,,off_chart,1.0,False,653.0,False,35.16321475705483,230.551485538654,25.943035799993208,113.16190955700952,2025.0,KC,canonical_source_team_frame,False,,,0.0,none,2026-08-26,0,0,False,markdown_market_v1,6.409309557076168,0.0,16.767528473415698,6.409309557076168,6.409309557076168,False,incumbent,,,15.553628591466907,0.0,6.409309557076168
00-0040912,WR,2026,0.32751813626534665,0.0,0.0,1.0020410103504358,False,,,,,,,0.0112451455115464,2.202999385427219,0.186509219615786,,,0.3182036002212705,False,False,False,False,Hank Beatty,TEN,rookie_rule,True,udfa,False,,,deep_bench,,deep_bench_discounted,17.0,0.6584992343032159,0b8c9cb1-e3ed-4936-88ef-94b51df10e96,healthy17_qbroom_concentration_v1,1.0,not_applicable,1.0,False,13.0,17.0,no_data,,off_chart,1.0,False,653.0,False,33.99714946554143,212.007639970746,25.993384614102037,108.23524626366611,2025.0,TEN,canonical_source_team_frame,False,,,0.0,none,2026-08-26,0,0,False,markdown_market_v1,5.567808316510893,0.0,14.645060828464176,5.567808316510893,5.567808316510893,False,incumbent,,,24.45197848919618,0.0092302366021694,5.567808316510893
00-0041179,WR,2026,0.3468091809823837,0.0,0.0,1.0020410103504358,False,,,,,,,0.0112451455115464,2.202999385427219,0.186509219615786,,,0.3182036002212705,False,False,False,False,Chris Hilton Jr.,WAS,rookie_rule,True,udfa,False,,,deep_bench,,deep_bench_discounted,17.0,0.6584992343032159,0b8c9cb1-e3ed-4936-88ef-94b51df10e96,healthy17_qbroom_concentration_v1,1.0,not_applicable,1.0,False,12.0,17.0,above_median,,off_chart,1.0,False,653.0,False,32.67144533753111,214.92336904810367,27.29070180650144,124.16028766147345,2025.0,WAS,canonical_source_team_frame,False,,,0.0,none,2026-08-26,0,0,False,markdown_market_v1,5.895756076700524,0.0,15.523121858135973,5.895756076700524,5.895756076700524,False,incumbent,,,15.50923137374003,0.0,5.895756076700524
00-0041361,WR,2026,0.38973900569163805,0.0,0.0,1.0020410103504358,False,,,,,,,0.0112451455115464,2.202999385427219,0.186509219615786,,,0.3182036002212705,False,False,False,False,Will Pauling,SF,rookie_rule,True,udfa,False,,,deep_bench,,deep_bench_discounted,17.0,0.6584992343032159,0b8c9cb1-e3ed-4936-88ef-94b51df10e96,healthy17_qbroom_concentration_v1,1.0,not_applicable,1.0,False,15.0,17.0,no_data,,off_chart,1.0,False,653.0,False,34.25083482490253,240.1256936965456,26.958300492590134,112.8835201485632,2025.0,SF,canonical_source_team_frame,False,,,0.0,none,2026-08-26,0,0,False,markdown_market_v1,6.625563096757847,0.0,17.262051679432858,6.625563096757847,6.625563096757847,False,incumbent,,,19.629886334602727,0.040730753210439,6.625563096757847
00-0041373,WR,2026,0.38129648749886275,0.0,0.0,1.0020410103504358,False,,,,,,,0.0112451455115464,2.202999385427219,0.186509219615786,,,0.3182036002212705,False,False,False,False,Jerand Bradley,LAC,rookie_rule,True,udfa,False,,,deep_bench,,deep_bench_discounted,17.0,0.6584992343032159,0b8c9cb1-e3ed-4936-88ef-94b51df10e96,healthy17_qbroom_concentration_v1,1.0,not_applicable,1.0,False,,17.0,no_data,,off_chart,1.0,False,653.0,False,34.81239421539152,230.9924120352485,26.622477258704382,118.76948607670286,2025.0,LAC,canonical_source_team_frame,False,,,0.0,none,2026-08-26,0,0,False,markdown_market_v1,6.482040287480666,0.0,16.86240105714282,6.482040287480666,6.482040287480666,False,incumbent,,,18.37467914883424,0.0311395421241915,6.482040287480666
00-0041158,WR,2026,0.3477088711247828,0.0,0.0,1.0020410103504358,False,,,,,,,0.0112451455115464,2.202999385427219,0.186509219615786,,,0.3182036002212705,False,False,False,False,Donaven McCulley,MIA,rookie_rule,True,udfa,False,,,deep_bench,,deep_bench_discounted,17.0,0.6584992343032159,0b8c9cb1-e3ed-4936-88ef-94b51df10e96,healthy17_qbroom_concentration_v1,1.0,not_applicable,1.0,False,12.0,17.0,no_data,,off_chart,1.0,False,653.0,False,32.36223621091209,214.6126867270503,26.74474106089619,118.31799054444193,2025.0,MIA,canonical_source_team_frame,False,,,0.0,none,2026-08-26,0,0,False,markdown_market_v1,5.911050809121308,0.0,15.923966824324651,5.911050809121308,5.911050809121308,False,incumbent,,,28.65590748494287,0.0168783717087017,5.911050809121308
00-0041257,WR,2026,0.34911725782974623,0.0,0.0,1.0020410103504358,False,,,,,,,0.0112451455115464,2.202999385427219,0.186509219615786,,,0.3182036002212705,False,False,False,False,Eric Rivers Jr.,TB,rookie_rule,True,udfa,False,,,deep_bench,,deep_bench_discounted,17.0,0.6584992343032159,0b8c9cb1-e3ed-4936-88ef-94b51df10e96,healthy17_qbroom_concentration_v1,1.0,not_applicable,1.0,False,10.0,17.0,above_median,,off_chart,1.0,False,653.0,False,33.55035103578723,223.7141596661014,27.73776146084954,117.79149136744992,2025.0,TB,canonical_source_team_frame,False,,,0.0,none,2026-08-26,0,0,False,markdown_market_v1,5.934993383105686,0.0,15.573861373954031,5.934993383105686,5.934993383105686,False,incumbent,,,26.578626594202667,0.0,5.934993383105686
00-0041185,WR,2026,0.3617389451181994,0.0,0.0,1.0020410103504358,False,,,,,,,0.0112451455115464,2.202999385427219,0.186509219615786,,,0.3182036002212705,False,False,False,False,Vinny Anthony II,ATL,rookie_rule,True,udfa,False,,,deep_bench,,deep_bench_discounted,17.0,0.6584992343032159,0b8c9cb1-e3ed-4936-88ef-94b51df10e96,healthy17_qbroom_concentration_v1,1.0,not_applicable,1.0,False,6.0,17.0,below_median,,off_chart,1.0,False,653.0,False,33.11019223657139,223.68381617318363,27.583501535610957,121.08084842723764,2025.0,ATL,canonical_source_team_frame,False,,,0.0,none,2026-08-26,0,0,False,markdown_market_v1,6.14956206700939,0.0,16.26244363603123,6.14956206700939,6.14956206700939,False,incumbent,,,28.35378747068035,0.0183220543033379,6.14956206700939
00-0041187,WR,2026,0.0,0.0,0.0,1.0020410103504358,False,,,,,,,0.0112451455115464,2.202999385427219,0.186509219615786,,,0.3182036002212705,False,False,False,False,Le'Meke Brockington,ATL,rookie_rule,True,udfa,False,,,deep_bench,,deep_bench_discounted,0.0,0.6584992343032159,0b8c9cb1-e3ed-4936-88ef-94b51df10e96,healthy17_qbroom_concentration_v1,1.0,not_applicable,1.0,False,9.0,0.0,no_data,,off_chart,1.0,False,653.0,False,33.11019223657139,223.68381617318363,27.583501535610957,121.08084842723764,2025.0,ATL,canonical_source_team_frame,False,,,0.0,none,2026-08-26,0,0,False,markdown_market_v1,0.0,0.0,0.0,0.0,0.0,False,incumbent,,,19.11322304364609,0.0,0.0
00-0041266,WR,2026,0.3617389451181994,0.0,0.0,1.0020410103504358,False,,,,,,,0.0112451455115464,2.202999385427219,0.186509219615786,,,0.3182036002212705,False,False,False,False,Keelan Marion,ATL,rookie_rule,True,udfa,False,,,deep_bench,,deep_bench_discounted,17.0,0.6584992343032159,0b8c9cb1-e3ed-4936-88ef-94b51df10e96,healthy17_qbroom_concentration_v1,1.0,not_applicable,1.0,False,10.0,17.0,no_data,,off_chart,1.0,False,653.0,False,33.11019223657139,223.68381617318363,27.583501535610957,121.08084842723764,2025.0,ATL,canonical_source_team_frame,False,,,0.0,none,2026-08-26,0,0,False,markdown_market_v1,6.14956206700939,0.0,16.26244363603123,6.14956206700939,6.14956206700939,False,incumbent,,,21.06155751480277,0.0220598647846164,6.14956206700939
00-0041374,WR,2026,0.38129648749886275,0.0,0.0,1.0020410103504358,False,,,,,,,0.0112451455115464,2.202999385427219,0.186509219615786,,,0.3182036002212705,False,False,False,False,Sincere Brown,LAC,rookie_rule,True,udfa,False,,,deep_bench,,deep_bench_discounted,17.0,0.6584992343032159,0b8c9cb1-e3ed-4936-88ef-94b51df10e96,healthy17_qbroom_concentration_v1,1.0,not_applicable,1.0,False,11.0,17.0,no_data,,off_chart,1.0,False,653.0,False,34.81239421539152,230.9924120352485,26.622477258704382,118.76948607670286,2025.0,LAC,canonical_source_team_frame,False,,,0.0,none,2026-08-26,0,0,False,markdown_market_v1,6.482040287480666,0.0,16.86240105714282,6.482040287480666,6.482040287480666,False,incumbent,,,22.816401841453278,0.0209401832748559,6.482040287480666
00-0041265,WR,2026,0.37777528541959066,0.0,0.0,1.0020410103504358,False,,,,,,,0.0112451455115464,2.202999385427219,0.186509219615786,,,0.3182036002212705,False,False,False,False,Squirrel White,CHI,rookie_rule,True,udfa,False,,,deep_bench,,deep_bench_discounted,17.0,0.6584992343032159,0b8c9cb1-e3ed-4936-88ef-94b51df10e96,healthy17_qbroom_concentration_v1,1.0,not_applicable,1.0,False,,17.0,no_data,,off_chart,1.0,False,653.0,False,33.74412762295005,231.616563841159,27.71808021893144,128.0128941200731,2025.0,CHI,canonical_source_team_frame,False,,,0.0,none,2026-08-26,0,0,False,markdown_market_v1,6.422179852133041,0.0,16.783876701275204,6.422179852133041,6.422179852133041,False,incumbent,,,6.422179852133041,0.0,6.422179852133041
00-0041176,WR,2026,0.3468091809823837,0.0,0.0,1.0020410103504358,False,,,,,,,0.0112451455115464,2.202999385427219,0.186509219615786,,,0.3182036002212705,False,False,False,False,Jaden Bradley,WAS,rookie_rule,True,udfa,False,,,deep_bench,,deep_bench_discounted,17.0,0.6584992343032159,0b8c9cb1-e3ed-4936-88ef-94b51df10e96,healthy17_qbroom_concentration_v1,1.0,not_applicable,1.0,False,11.0,17.0,no_data,,off_chart,1.0,False,653.0,False,32.67144533753111,214.92336904810367,27.29070180650144,124.16028766147345,2025.0,WAS,canonical_source_team_frame,False,,,0.0,none,2026-08-26,0,0,False,markdown_market_v1,5.895756076700524,0.0,15.523121858135973,5.895756076700524,5.895756076700524,False,incumbent,,,19.75904573564831,0.0163327911594675,5.895756076700524
00-0041380,WR,2026,0.38129648749886275,0.0,0.0,1.0020410103504358,False,,,,,,,0.0112451455115464,2.202999385427219,0.186509219615786,,,0.3182036002212705,False,False,False,False,Devonte Ross,LAC,rookie_rule,True,udfa,False,,,deep_bench,,deep_bench_discounted,17.0,0.6584992343032159,0b8c9cb1-e3ed-4936-88ef-94b51df10e96,healthy17_qbroom_concentration_v1,1.0,not_applicable,1.0,False,10.0,17.0,no_data,,off_chart,1.0,False,653.0,False,34.81239421539152,230.9924120352485,26.622477258704382,118.76948607670286,2025.0,LAC,canonical_source_team_frame,False,,,0.0,none,2026-08-26,0,0,False,markdown_market_v1,6.482040287480666,0.0,16.86240105714282,6.482040287480666,6.482040287480666,False,incumbent,,,22.63231297195144,0.0120520856628785,6.482040287480666
00-0041407,WR,2026,0.0,0.0,0.0,1.0020410103504358,False,,,,,,,0.0112451455115464,2.202999385427219,0.186509219615786,,,0.3182036002212705,False,False,False,False,Kyron Hudson,CHI,rookie_rule,True,udfa,False,,,deep_bench,,deep_bench_discounted,0.0,0.6584992343032159,0b8c9cb1-e3ed-4936-88ef-94b51df10e96,healthy17_qbroom_concentration_v1,1.0,not_applicable,1.0,False,11.0,0.0,no_data,,off_chart,1.0,False,653.0,False,33.74412762295005,231.616563841159,27.71808021893144,128.0128941200731,2025.0,CHI,canonical_source_team_frame,False,,,0.0,none,2026-08-26,0,0,False,markdown_market_v1,0.0,0.0,0.0,0.0,0.0,False,incumbent,,,20.56720257671537,0.0232465009793463,0.0
00-0041359,WR,2026,0.38973900569163805,0.0,0.0,1.0020410103504358,False,,,,,,,0.0112451455115464,2.202999385427219,0.186509219615786,,,0.3182036002212705,False,False,False,False,Wesley Grimes,SF,rookie_rule,True,udfa,False,,,deep_bench,,deep_bench_discounted,17.0,0.6584992343032159,0b8c9cb1-e3ed-4936-88ef-94b51df10e96,healthy17_qbroom_concentration_v1,1.0,not_applicable,1.0,False,14.0,17.0,no_data,,off_chart,1.0,False,653.0,False,34.25083482490253,240.1256936965456,26.958300492590134,112.8835201485632,2025.0,SF,canonical_source_team_frame,False,,,0.0,none,2026-08-26,0,0,False,markdown_market_v1,6.625563096757847,0.0,17.262051679432858,6.625563096757847,6.625563096757847,False,incumbent,,,19.39313842785453,0.0,6.625563096757847
00-0038394,TE,2026,0.43639987126846363,0.0,0.0,2.7933601562385943,False,,,,,,,0.0147304522088792,2.0358589295964054,0.1701374741187032,,,0.2784397188258143,False,False,False,False,Will Mallory,IND,veteran_model,True,,False,ACT,,deep_bench,,deep_bench_discounted,17.0,1.30242742957733,0b8c9cb1-e3ed-4936-88ef-94b51df10e96,healthy17_qbroom_concentration_v1,1.0,not_applicable,1.0,False,4.0,17.0,,,,,,,,33.82190844602341,234.02468664293764,26.51465853299865,117.43030699843813,2025.0,IND,canonical_source_team_frame,False,51.0,0.1386914189275107,0.62,medium,2026-08-26,1,1,False,markdown_market_v1,7.4187978115638815,0.0,56.28991871117167,7.4187978115638815,7.4187978115638815,False,incumbent,,,5.962391888271634,0.0,7.580620691929687
00-0041319,WR,2026,0.33222277981206316,0.0,0.0,0.9759398321811332,False,,,,,,,0.0109522318049168,2.145615626806611,0.1816510248701371,,,0.3099150284186211,False,False,False,False,Cameron Dorner,NE,rookie_rule,True,udfa,False,,,deep_bench,,deep_bench_discounted,17.0,0.6584992343032159,0b8c9cb1-e3ed-4936-88ef-94b51df10e96,healthy17_qbroom_concentration_v1,1.0,not_applicable,1.0,False,9.0,17.0,no_data,,off_chart,0.9739519860966824,False,653.0,False,33.74543089702036,243.75247513831917,27.01222693387557,121.7111389498118,2025.0,NE,canonical_source_team_frame,False,,,0.0,none,2026-08-26,0,0,False,markdown_market_v1,5.647787256805074,0.0,14.80328225093936,5.647787256805074,5.647787256805074,False,incumbent,,,16.334507553466494,0.0,5.647787256805074
00-0041317,WR,2026,0.33222277981206316,0.0,0.0,0.9759398321811332,False,,,,,,,0.0109522318049168,2.145615626806611,0.1816510248701371,,,0.3099150284186211,False,False,False,False,Nick DeGennaro,NE,rookie_rule,True,udfa,False,,,deep_bench,,deep_bench_discounted,17.0,0.6584992343032159,0b8c9cb1-e3ed-4936-88ef-94b51df10e96,healthy17_qbroom_concentration_v1,1.0,not_applicable,1.0,False,10.0,17.0,no_data,,off_chart,0.9739519860966824,False,653.0,False,33.74543089702036,243.75247513831917,27.01222693387557,121.7111389498118,2025.0,NE,canonical_source_team_frame,False,,,0.0,none,2026-08-26,0,0,False,markdown_market_v1,5.647787256805074,0.0,14.80328225093936,5.647787256805074,5.647787256805074,False,incumbent,,,17.341729569062412,0.0,5.647787256805074
00-0041322,WR,2026,0.0,0.0,0.0,0.9759398321811332,False,,,,,,,0.0109522318049168,2.145615626806611,0.1816510248701371,,,0.3099150284186211,False,False,False,False,Jimmy Kibble,NE,rookie_rule,True,udfa,False,,,deep_bench,,deep_bench_discounted,0.0,0.6584992343032159,0b8c9cb1-e3ed-4936-88ef-94b51df10e96,healthy17_qbroom_concentration_v1,1.0,not_applicable,1.0,False,13.0,0.0,no_data,,off_chart,0.9739519860966824,False,653.0,False,33.74543089702036,243.75247513831917,27.01222693387557,121.7111389498118,2025.0,NE,canonical_source_team_frame,False,,,0.0,none,2026-08-26,0,0,False,markdown_market_v1,0.0,0.0,0.0,0.0,0.0,False,incumbent,,,10.525623170716305,0.0004337893461654,0.0
00-0041318,WR,2026,0.33222277981206316,0.0,0.0,0.9759398321811332,False,,,,,,,0.0109522318049168,2.145615626806611,0.1816510248701371,,,0.3099150284186211,False,False,False,False,Kyle Dixon,NE,rookie_rule,True,udfa,False,,,deep_bench,,deep_bench_discounted,17.0,0.6584992343032159,0b8c9cb1-e3ed-4936-88ef-94b51df10e96,healthy17_qbroom_concentration_v1,1.0,not_applicable,1.0,False,8.0,17.0,no_data,,off_chart,0.9739519860966824,False,653.0,False,33.74543089702036,243.75247513831917,27.01222693387557,121.7111389498118,2025.0,NE,canonical_source_team_frame,False,,,0.0,none,2026-08-26,0,0,False,markdown_market_v1,5.647787256805074,0.0,14.80328225093936,5.647787256805074,5.647787256805074,False,incumbent,,,16.110109518802567,0.0,5.647787256805074
00-0035976,WR,2026,0.0,0.0,0.0,3.864814906287207,False,,,,,,,0.0108357043556038,2.2067068175121287,0.1701247116996046,,,0.2701410899502539,False,False,False,False,Dan Chisena,CAR,veteran_model,True,,False,ACT,,deep_bench,,deep_bench_discounted,0.0,0.0,0b8c9cb1-e3ed-4936-88ef-94b51df10e96,healthy17_qbroom_concentration_v1,1.0,not_applicable,1.0,False,14.0,0.0,,,,,,,,33.086654804365814,214.5319014599454,26.991967859866016,116.4978523275508,2025.0,CAR,canonical_source_team_frame,False,,,0.0,none,2026-08-26,0,0,False,markdown_market_v1,0.0,0.0,0.0,0.0,0.0,False,incumbent,,,3.7376996565321994,0.0175746389149475,0.0
00-0040205,RB,2026,0.3431607939418755,0.0,0.0,4.119984362431715,False,,0.6647336208743259,,,,,0.0034675064180097,0.7640222757662034,0.0869601051752903,0.0132236119246439,1.4313229782071544,0.0869601051752903,False,True,True,True,Kalel Mullings,TEN,veteran_model,True,,False,ACT,,deep_bench,,deep_bench_discounted,17.0,1.7270043203069636,0b8c9cb1-e3ed-4936-88ef-94b51df10e96,healthy17_qbroom_concentration_v1,1.0,concentration_v1_full_board,1.0,False,5.0,17.0,,,,,,,,33.99714946554143,212.007639970746,25.993384614102037,108.23524626366611,2025.0,TEN,canonical_source_team_frame,False,,,0.0,none,2026-08-26,0,0,False,markdown_market_v1,5.833733497011883,0.0,65.24049605362532,5.833733497011883,5.833733497011883,False,incumbent,,,0.1025856438069697,0.0,5.833733497011883
00-0038643,TE,2026,0.33995816373550164,0.0,0.0,2.779103060484794,False,,,,,,,0.0182384884575792,1.571068248138577,0.192484983918268,,,0.2023623253555851,False,False,False,False,Brayden Willis,SF,veteran_model,True,,False,ACT,,deep_bench,,deep_bench_discounted,17.0,5.90439480382143,0b8c9cb1-e3ed-4936-88ef-94b51df10e96,healthy17_qbroom_concentration_v1,1.0,not_applicable,1.0,False,4.0,17.0,,,,,,,,34.25083482490253,240.1256936965456,26.958300492590134,112.8835201485632,2025.0,SF,canonical_source_team_frame,False,,,0.0,none,2026-08-26,0,0,False,markdown_market_v1,5.779288783503528,0.0,48.9028554363202,5.779288783503528,5.779288783503528,False,incumbent,,,0.2220315082137634,0.0,6.396761814091279
00-0040363,TE,2026,0.35212345383023413,0.0,0.0,2.7782721351080504,False,,,,,,,0.0125333539653846,1.7262120459339354,0.2282559875120435,,,0.2633761683918375,False,False,False,False,Keleki Latu,BUF,veteran_model,True,,False,ACT,,deep_bench,,deep_bench_discounted,17.0,5.894080884180674,0b8c9cb1-e3ed-4936-88ef-94b51df10e96,healthy17_qbroom_concentration_v1,1.0,not_applicable,1.0,False,5.0,17.0,,,,,,,,33.212884173930405,232.0006812309425,28.02188237819293,133.5452190763655,2025.0,BUF,canonical_source_team_frame,False,,,0.0,none,2026-08-26,0,0,False,markdown_market_v1,5.986098715113981,0.0,46.80353640766127,5.986098715113981,5.986098715113981,False,incumbent,,,4.9248150350570095,0.0,6.104019124009199
00-0041399,WR,2026,0.3553801930678779,0.0,0.0,1.1277357754754085,False,,,,,,,0.012260447532138,2.0638650796000007,0.1629847390434619,,,0.2702812714811756,False,False,False,False,CJ Daniels,LA,rookie_rule,True,drafted,False,,,deep_bench,,deep_bench_discounted,17.0,2.163636363636364,0b8c9cb1-e3ed-4936-88ef-94b51df10e96,healthy17_qbroom_concentration_v1,1.0,not_applicable,1.0,False,6.0,17.0,no_data,,off_chart,0.3,False,55.0,False,34.82297755064974,249.39921534190285,26.611874443882616,121.4158089351876,2025.0,LA,canonical_source_team_frame,False,-86.0,-1.1295051179029134,0.62,medium,2026-08-26,1,1,False,markdown_market_v1,6.041463282153924,0.0,18.787829961158263,6.041463282153924,6.041463282153924,False,incumbent,,,20.696677254512394,0.0168783717087017,6.041463282153924
00-0035544,WR,2026,0.3409405975313741,0.0,0.0,3.8547504750263375,False,,,,,,,0.0104198921482991,2.148804223798628,0.1665661144082245,,,0.2693378935969157,False,False,False,False,Tom Kennedy,DET,veteran_model,True,,False,ACT,,deep_bench,,deep_bench_discounted,17.0,1.825486963376873,0b8c9cb1-e3ed-4936-88ef-94b51df10e96,healthy17_qbroom_concentration_v1,1.0,not_applicable,1.0,False,7.0,17.0,,,,,,,,33.93703078284322,246.2148467705308,26.80245988676499,118.24421493778569,2025.0,DET,canonical_source_team_frame,False,,,0.0,none,2026-08-26,0,0,False,markdown_market_v1,5.79599015803336,0.0,62.54963453031544,5.79599015803336,5.79599015803336,False,incumbent,,,0.4941180930815907,0.0,5.79599015803336
00-0041117,QB,2026,0.2863698552681181,-0.1879173582581788,0.0,1.246128852604231,True,0.8771136566840868,0.1385967772660266,0.5143039601579661,0.0285040993581118,0.0263134097005226,5.175513819849578,,,,0.0066814483129845,0.624871838240908,,False,False,False,False,Athan Kaliakmanis,WAS,rookie_rule,True,drafted,False,,,deep_bench,,deep_bench_discounted,17.0,1.4259259259259258,0b8c9cb1-e3ed-4936-88ef-94b51df10e96,healthy17_qbroom_concentration_v1,1.0,not_applicable,1.0,False,3.0,17.0,no_data,,off_chart,0.3678484892555173,False,54.0,False,32.67144533753111,214.92336904810367,27.29070180650144,124.16028766147345,2025.0,WAS,canonical_source_team_frame,False,-58.0,-0.8748585731213403,0.75,medium,2026-08-26,1,1,False,markdown_market_v1,4.868287539558008,0.0,19.690301648715483,4.868287539558008,4.868287539558008,False,incumbent,,,3.684483042405256,0.0,6.643994285287135
00-0036463,WR,2026,0.3383190074184702,0.0,0.0,3.850439388393105,False,,,,,,,0.0105179295790088,2.1430208217720423,0.157924172378557,,,0.2779335841085618,False,False,False,False,Chris Blair,ATL,veteran_model,True,,False,ACT,,deep_bench,,deep_bench_discounted,17.0,0.2363223147724574,0b8c9cb1-e3ed-4936-88ef-94b51df10e96,healthy17_qbroom_concentration_v1,1.0,not_applicable,1.0,False,7.0,17.0,,,,,,,,33.11019223657139,223.68381617318363,27.583501535610957,121.08084842723764,2025.0,ATL,canonical_source_team_frame,False,,,0.0,none,2026-08-26,0,0,False,markdown_market_v1,5.751423126113994,0.0,61.673748390944816,5.751423126113994,5.751423126113994,False,incumbent,,,0.0476123105514662,0.0076965552340786,5.751423126113994
00-0040895,WR,2026,0.351222944517601,0.0,0.0,1.1029942110936888,False,,,,,,,0.0119756687329323,2.018907379071692,0.159554923979758,,,0.2646791984906604,False,False,False,False,Emmanuel Henderson Jr.,SEA,rookie_rule,True,drafted,False,,,deep_bench,,deep_bench_discounted,17.0,2.163636363636364,0b8c9cb1-e3ed-4936-88ef-94b51df10e96,healthy17_qbroom_concentration_v1,1.0,not_applicable,1.0,False,6.0,17.0,no_data,,off_chart,0.3,False,55.0,False,32.23055547607071,233.1588091163081,27.961458857752422,119.77956467483948,2025.0,SEA,canonical_source_team_frame,False,,,0.0,none,2026-08-26,0,0,False,markdown_market_v1,5.970790056799217,0.0,18.685474521239072,5.970790056799217,5.970790056799217,False,incumbent,,,11.844313444218315,0.0,5.970790056799217
00-0041228,WR,2026,0.416883124760968,0.0,0.0,0.929044077989488,False,,,,,,,0.0104259563587907,2.042514739122174,0.1729223496689907,,,0.295023025332186,False,False,False,False,Sahmir Hagans,IND,rookie_rule,True,udfa,False,,,deep_bench,,deep_bench_discounted,17.0,0.6584992343032159,0b8c9cb1-e3ed-4936-88ef-94b51df10e96,healthy17_qbroom_concentration_v1,1.0,not_applicable,1.0,False,10.0,17.0,no_data,,off_chart,0.9271517516679092,False,653.0,False,33.82190844602341,234.02468664293764,26.51465853299865,117.43030699843813,2025.0,IND,canonical_source_team_frame,False,,,0.0,none,2026-08-26,0,0,False,markdown_market_v1,7.087013120936456,0.0,18.566819383540697,7.087013120936456,7.087013120936456,False,incumbent,,,21.15204478541037,0.0,7.087013120936456
00-0041233,WR,2026,0.416883124760968,0.0,0.0,0.929044077989488,False,,,,,,,0.0104259563587907,2.042514739122174,0.1729223496689907,,,0.295023025332186,False,False,False,False,Raylen Sharpe,IND,rookie_rule,True,udfa,False,,,deep_bench,,deep_bench_discounted,17.0,0.6584992343032159,0b8c9cb1-e3ed-4936-88ef-94b51df10e96,healthy17_qbroom_concentration_v1,1.0,not_applicable,1.0,False,12.0,17.0,no_data,,off_chart,0.9271517516679092,False,653.0,False,33.82190844602341,234.02468664293764,26.51465853299865,117.43030699843813,2025.0,IND,canonical_source_team_frame,False,,,0.0,none,2026-08-26,0,0,False,markdown_market_v1,7.087013120936456,0.0,18.566819383540697,7.087013120936456,7.087013120936456,False,incumbent,,,23.481063465499627,0.0311395421241915,7.087013120936456
00-0041229,WR,2026,0.416883124760968,0.0,0.0,0.929044077989488,False,,,,,,,0.0104259563587907,2.042514739122174,0.1729223496689907,,,0.295023025332186,False,False,False,False,E.J. Horton,IND,rookie_rule,True,udfa,False,,,deep_bench,,deep_bench_discounted,17.0,0.6584992343032159,0b8c9cb1-e3ed-4936-88ef-94b51df10e96,healthy17_qbroom_concentration_v1,1.0,not_applicable,1.0,False,11.0,17.0,no_data,,off_chart,0.9271517516679092,False,653.0,False,33.82190844602341,234.02468664293764,26.51465853299865,117.43030699843813,2025.0,IND,canonical_source_team_frame,False,,,0.0,none,2026-08-26,0,0,False,markdown_market_v1,7.087013120936456,0.0,18.566819383540697,7.087013120936456,7.087013120936456,False,incumbent,,,20.17870408151136,0.0168783717087017,7.087013120936456
00-0036825,TE,2026,0.30910279617060055,0.0,0.0,2.769246319019736,False,,,,,,,0.0095806224831667,1.8778338591727155,0.2153127704742724,,,0.3926500075732873,False,False,False,False,Feleipe Franks,CAR,veteran_model,True,,True,ACT,,deep_bench,,deep_bench_discounted,17.0,5.217476105951978,0b8c9cb1-e3ed-4936-88ef-94b51df10e96,healthy17_qbroom_concentration_v1,1.0,not_applicable,1.0,False,4.0,17.0,,,,,,,,33.086654804365814,214.5319014599454,26.991967859866016,116.4978523275508,2025.0,CAR,canonical_source_team_frame,False,,,0.0,none,2026-08-26,0,0,False,markdown_market_v1,5.2547475349002095,0.0,45.46339001915796,5.2547475349002095,5.2547475349002095,False,incumbent,,,0.2130380164635333,0.0,5.814937481393173
00-0037708,WR,2026,0.3471402406166531,0.0,0.0,3.844978958179822,False,,,,,,,0.0080706302301038,2.200208853815961,0.1649332977300689,,,0.3267728979453336,False,False,False,False,Maurice Alexander,CHI,veteran_model,True,,False,ACT,,deep_bench,,deep_bench_discounted,17.0,1.0146737669149883,0b8c9cb1-e3ed-4936-88ef-94b51df10e96,healthy17_qbroom_concentration_v1,1.0,not_applicable,1.0,False,7.0,17.0,,,,,,,,33.74412762295005,231.616563841159,27.71808021893144,128.0128941200731,2025.0,CHI,canonical_source_team_frame,False,,,0.0,none,2026-08-26,0,0,False,markdown_market_v1,5.901384090483103,0.0,65.34805385695392,5.901384090483103,5.901384090483103,False,incumbent,,,0.1421842432919341,0.0,5.901384090483103
00-0039577,QB,2026,0.1435816483994352,-0.2121939105591062,0.0,2.784795663501468,True,0.5888667413979958,0.1869990434287069,0.4560460239599558,0.0135765804855951,0.0353320044838797,1.352831527220684,,,,0.0120969989771704,1.0514913946569142,,False,False,False,False,Kedon Slovis,ARI,veteran_model,True,,False,ACT,,deep_bench,,deep_bench_discounted,17.0,0.6186026500124635,0b8c9cb1-e3ed-4936-88ef-94b51df10e96,healthy17_qbroom_concentration_v1,1.0,not_applicable,1.0,False,4.0,17.0,,,,,,,,36.21537296296883,240.75211132429325,24.991541448852136,107.82682362857648,2025.0,ARI,canonical_source_team_frame,False,,,0.0,none,2026-08-26,0,0,False,markdown_market_v1,2.4408880227903986,0.0,45.46765369584787,2.4408880227903986,2.4408880227903986,False,incumbent,,,0.0,0.0,6.102220056975996
00-0036425,RB,2026,0.33375224794245156,0.0,0.0,4.358617295646752,False,,0.5454530010381778,,,,,0.0008792186088415,0.6184304180817373,0.0976398944070133,0.0056077731917365,1.914608106631748,0.1218673483754292,False,False,False,False,DeeJay Dallas,JAX,veteran_model,True,,True,ACT,,deep_bench,,deep_bench_discounted,17.0,1.0610025785549722,0b8c9cb1-e3ed-4936-88ef-94b51df10e96,healthy17_qbroom_concentration_v1,1.0,concentration_v1_full_board,1.0,False,5.0,17.0,,,,,,,,34.281392912743186,230.86210034575595,27.465841920542964,117.91153249278577,2025.0,JAX,canonical_source_team_frame,False,,,0.0,none,2026-08-26,0,0,False,markdown_market_v1,5.673788215021677,0.0,73.01985793120842,5.673788215021677,5.673788215021677,False,incumbent,,,0.2696674494507289,0.0,5.673788215021677
00-0038498,TE,2026,0.28448220210001773,0.0,0.0,2.7552310441093413,False,,,,,,,0.0172028535235828,1.349438797300257,0.2014944605429826,,,0.2587302858936595,False,False,False,False,E.J. Jenkins,PHI,veteran_model,True,,False,ACT,,deep_bench,,deep_bench_discounted,17.0,0.734960225372257,0b8c9cb1-e3ed-4936-88ef-94b51df10e96,healthy17_qbroom_concentration_v1,1.0,not_applicable,1.0,False,7.0,17.0,,,,,,,,32.806418334792035,217.8630465484892,27.532262539569395,119.01828343531058,2025.0,PHI,canonical_source_team_frame,False,,,0.0,none,2026-08-26,0,0,False,markdown_market_v1,4.836197435700301,0.0,43.48821793737491,4.836197435700301,4.836197435700301,False,incumbent,,,0.2269140366114524,0.0170766670730667,5.348340035599062
00-0041199,WR,2026,0.2915750103092112,0.0,0.0,0.8705594784723355,False,,,,,,,0.0097696280998057,1.9139356336141216,0.162036650478225,,,0.2764509210653669,False,False,False,False,Caullin Lacy,NYJ,rookie_rule,True,udfa,False,,,deep_bench,,deep_bench_discounted,17.0,0.6584992343032159,0b8c9cb1-e3ed-4936-88ef-94b51df10e96,healthy17_qbroom_concentration_v1,1.0,not_applicable,1.0,False,8.0,17.0,no_data,,off_chart,0.8687862766892962,False,653.0,False,32.41879516501858,201.132721478803,27.47972793367314,119.35043810725364,2025.0,NYJ,canonical_source_team_frame,False,,,0.0,none,2026-08-26,0,0,False,markdown_market_v1,4.95677517525659,0.0,13.03383239434417,4.95677517525659,4.95677517525659,False,incumbent,,,16.399491112020165,0.0004337893461654,4.95677517525659
00-0041201,WR,2026,0.2915750103092112,0.0,0.0,0.8705594784723355,False,,,,,,,0.0097696280998057,1.9139356336141216,0.162036650478225,,,0.2764509210653669,False,False,False,False,DT Sheffield,NYJ,rookie_rule,True,udfa,False,,,deep_bench,,deep_bench_discounted,17.0,0.6584992343032159,0b8c9cb1-e3ed-4936-88ef-94b51df10e96,healthy17_qbroom_concentration_v1,1.0,not_applicable,1.0,False,9.0,17.0,no_data,,off_chart,0.8687862766892962,False,653.0,False,32.41879516501858,201.132721478803,27.47972793367314,119.35043810725364,2025.0,NYJ,canonical_source_team_frame,False,,,0.0,none,2026-08-26,0,0,False,markdown_market_v1,4.95677517525659,0.0,13.03383239434417,4.95677517525659,4.95677517525659,False,incumbent,,,16.458286926623508,0.0,4.95677517525659
00-0041267,WR,2026,0.2915750103092112,0.0,0.0,0.8705594784723355,False,,,,,,,0.0097696280998057,1.9139356336141216,0.162036650478225,,,0.2764509210653669,False,False,False,False,Malik McClain,NYJ,rookie_rule,True,udfa,False,,,deep_bench,,deep_bench_discounted,17.0,0.6584992343032159,0b8c9cb1-e3ed-4936-88ef-94b51df10e96,healthy17_qbroom_concentration_v1,1.0,not_applicable,1.0,False,10.0,17.0,no_data,,off_chart,0.8687862766892962,False,653.0,False,32.41879516501858,201.132721478803,27.47972793367314,119.35043810725364,2025.0,NYJ,canonical_source_team_frame,False,,,0.0,none,2026-08-26,0,0,False,markdown_market_v1,4.95677517525659,0.0,13.03383239434417,4.95677517525659,4.95677517525659,False,incumbent,,,13.778387944070486,0.0279611505484638,4.95677517525659
00-0041311,WR,2026,0.2915750103092112,0.0,0.0,0.8705594784723355,False,,,,,,,0.0097696280998057,1.9139356336141216,0.162036650478225,,,0.2764509210653669,False,False,False,False,Jalen Walthall,NYJ,rookie_rule,True,udfa,False,,,deep_bench,,deep_bench_discounted,17.0,0.6584992343032159,0b8c9cb1-e3ed-4936-88ef-94b51df10e96,healthy17_qbroom_concentration_v1,1.0,not_applicable,1.0,False,,17.0,no_data,,off_chart,0.8687862766892962,False,653.0,False,32.41879516501858,201.132721478803,27.47972793367314,119.35043810725364,2025.0,NYJ,canonical_source_team_frame,False,,,0.0,none,2026-08-26,0,0,False,markdown_market_v1,4.95677517525659,0.0,13.03383239434417,4.95677517525659,4.95677517525659,False,incumbent,,,29.05847999926272,0.0,4.95677517525659
00-0036176,WR,2026,0.2810673522208279,0.0,0.0,3.8205675490993167,False,,,,,,,0.0023046978700589,2.1935490057430607,0.1866336375041768,,,0.3030481311578106,False,False,True,True,Mason Kinsey,TEN,veteran_model,True,,False,ACT,,deep_bench,,deep_bench_discounted,17.0,1.0256084263884566,0b8c9cb1-e3ed-4936-88ef-94b51df10e96,healthy17_qbroom_concentration_v1,1.0,not_applicable,1.0,False,7.0,17.0,,,,,,,,33.99714946554143,212.007639970746,25.993384614102037,108.23524626366611,2025.0,TEN,canonical_source_team_frame,False,,,0.0,none,2026-08-26,0,0,False,markdown_market_v1,4.778144987754074,0.0,55.77745815919903,4.778144987754074,4.778144987754074,False,incumbent,,,0.6161971888933864,0.0,4.778144987754074
00-0037012,QB,2026,0.12603861340083,-0.6993203565277952,0.0,4.388187938273467,True,0.7496817959691547,0.2374520446628307,0.5999377517287577,0.0443094532557018,0.0336744288913342,0.1820020845458619,,,,0.0158361102300927,1.7732391336760125,,False,False,False,False,Trey Lance,LAC,veteran_model,False,,False,ACT,2.0,backup,,curated,17.0,3.138394014409848,0b8c9cb1-e3ed-4936-88ef-94b51df10e96,healthy17_qbroom_concentration_v1,1.0,not_applicable,1.0,False,2.0,17.0,,,,,,,,34.81239421539152,230.9924120352485,26.622477258704382,118.76948607670286,2025.0,LAC,canonical_source_team_frame,False,-64.0,-0.9166919889094912,0.75,medium,2026-08-26,1,1,False,markdown_market_v1,2.14265642781411,0.0,59.58056709044941,2.14265642781411,2.14265642781411,False,incumbent,,,0.0,0.0,5.356641069535275
00-0037340,TE,2026,0.2912684455521512,0.0,0.0,2.7490186795152614,False,,,,,,,0.0114964059092415,1.552774127465126,0.2028795977492374,,,0.2028795977492374,False,True,False,False,Zaire Mitchell-Paden,NO,veteran_model,True,,True,ACT,,deep_bench,,deep_bench_discounted,17.0,3.5151363379156493,0b8c9cb1-e3ed-4936-88ef-94b51df10e96,healthy17_qbroom_concentration_v1,1.0,not_applicable,1.0,False,5.0,17.0,,,,,,,,34.20731916190036,231.16668439742472,26.96687552570446,109.19074388858569,2025.0,NO,canonical_source_team_frame,False,,,0.0,none,2026-08-26,0,0,False,markdown_market_v1,4.9515635743865705,0.0,43.94295585594162,4.9515635743865705,4.9515635743865705,False,incumbent,,,2.398718150553936,0.0,5.23521306592353
00-0031237,QB,2026,0.13249564542604997,-0.1224364689888783,0.0,2.353219102737617,True,0.5408869162901145,0.3728460761107355,0.2520761989965018,0.0163448414973439,0.0324532149774068,2.9713387953183,,,,0.0071258380937898,0.638536780263275,,False,False,False,False,Teddy Bridgewater,DET,veteran_model,True,,True,ACT,,deep_bench,,deep_bench_discounted,17.0,1.446009487176081,0b8c9cb1-e3ed-4936-88ef-94b51df10e96,healthy17_qbroom_concentration_v1,1.0,not_applicable,1.0,False,2.0,17.0,,,,,,,,33.93703078284322,246.2148467705308,26.80245988676499,118.24421493778569,2025.0,DET,canonical_source_team_frame,False,-91.0,-1.6232768262024824,0.62,medium,2026-08-26,1,1,False,markdown_market_v1,2.2524259722428495,0.0,38.65077948395012,2.2524259722428495,2.2524259722428495,False,incumbent,,,0.0,0.0,5.631064930607123
00-0041323,RB,2026,0.0,0.0,0.0,1.0360607028147708,False,,0.4091733589830004,,,,,0.0018417022548926,0.5209081804616222,0.0718992939432895,0.0077026151440949,1.739401152068857,0.094105609256788,False,False,False,False,Myles Montgomery,NE,rookie_rule,True,udfa,False,,,deep_bench,,deep_bench_discounted,0.0,0.71,0b8c9cb1-e3ed-4936-88ef-94b51df10e96,healthy17_qbroom_concentration_v1,1.0,concentration_v1_full_board,1.0,False,6.0,0.0,no_data,,off_chart,0.36806532599567,False,300.0,False,33.74543089702036,243.75247513831917,27.01222693387557,121.7111389498118,2025.0,NE,canonical_source_team_frame,False,,,0.0,none,2026-08-26,0,0,False,markdown_market_v1,0.0,0.0,0.0,0.0,0.0,False,incumbent,,,7.844957929151982,0.0,0.0
00-0039518,TE,2026,0.2873968328025805,0.0,0.0,2.734130837268279,False,,,,,,,0.0115869861080014,1.678852342880378,0.1608017467318108,,,0.2380989562096664,False,False,False,False,Treyton Welch,NO,veteran_model,True,,False,ACT,,deep_bench,,deep_bench_discounted,17.0,0.7370797708467012,0b8c9cb1-e3ed-4936-88ef-94b51df10e96,healthy17_qbroom_concentration_v1,1.0,not_applicable,1.0,False,6.0,17.0,,,,,,,,34.20731916190036,231.16668439742472,26.96687552570446,109.19074388858569,2025.0,NO,canonical_source_team_frame,False,,,0.0,none,2026-08-26,0,0,False,markdown_market_v1,4.885746157643869,0.0,43.69560524096912,4.885746157643869,4.885746157643869,False,incumbent,,,2.9336429124067265,0.0,5.102646518225773
00-0031484,TE,2026,0.25792871177646376,0.0,0.0,2.747827545534019,False,,,,,,,0.0206528702744587,1.246849746644745,0.1357705546887899,,,0.1357705546887899,False,True,True,True,Chris Manhertz,NYG,veteran_model,True,,False,ACT,,deep_bench,,deep_bench_discounted,17.0,5.095440452541448,0b8c9cb1-e3ed-4936-88ef-94b51df10e96,healthy17_qbroom_concentration_v1,1.0,not_applicable,1.0,False,,17.0,,,,,,,,33.24864013753459,223.72476972874463,27.99474579779997,122.73497314685248,2025.0,NYG,canonical_source_team_frame,False,,,0.0,none,2026-08-26,0,0,False,markdown_market_v1,4.384788100199884,0.0,41.315080110960025,4.384788100199884,4.384788100199884,False,incumbent,,,0.9781458987555184,0.0,4.76330390036037
00-0039650,WR,2026,0.2644776597013735,0.0,0.0,3.8022006038946574,False,,,,,,,0.0062540401948154,1.7494895455650692,0.1913195312333788,,,0.3116813800907178,False,False,True,True,Bryce Oliver,TEN,veteran_model,True,,False,ACT,,deep_bench,,deep_bench_discounted,17.0,1.0759267580314342,0b8c9cb1-e3ed-4936-88ef-94b51df10e96,healthy17_qbroom_concentration_v1,1.0,not_applicable,1.0,False,6.0,17.0,,,,,,,,33.99714946554143,212.007639970746,25.993384614102037,108.23524626366611,2025.0,TEN,canonical_source_team_frame,False,,,0.0,none,2026-08-26,0,0,False,markdown_market_v1,4.49612021492335,0.0,55.49543338636831,4.49612021492335,4.49612021492335,False,incumbent,,,0.559374166817532,0.0,4.49612021492335
00-0041215,WR,2026,0.288056772570343,0.0,0.0,0.7956067863559567,False,,,,,,,0.008928490940124,1.7491512256279136,0.1480857562829473,,,0.2526492839753168,False,False,False,False,Ben Patterson,JAX,rookie_rule,True,udfa,False,,,deep_bench,,deep_bench_discounted,17.0,0.6584992343032159,0b8c9cb1-e3ed-4936-88ef-94b51df10e96,healthy17_qbroom_concentration_v1,1.0,not_applicable,1.0,False,,17.0,no_data,,off_chart,0.7939862521971187,False,653.0,False,34.281392912743186,230.86210034575595,27.465841920542964,117.91153249278577,2025.0,JAX,canonical_source_team_frame,False,,,0.0,none,2026-08-26,0,0,False,markdown_market_v1,4.896965133695831,0.0,12.678149264200918,4.896965133695831,4.896965133695831,False,incumbent,,,16.30757986469806,0.0,4.896965133695831
00-0041220,WR,2026,0.288056772570343,0.0,0.0,0.7956067863559567,False,,,,,,,0.008928490940124,1.7491512256279136,0.1480857562829473,,,0.2526492839753168,False,False,False,False,Michael Wortham,JAX,rookie_rule,True,udfa,False,,,deep_bench,,deep_bench_discounted,17.0,0.6584992343032159,0b8c9cb1-e3ed-4936-88ef-94b51df10e96,healthy17_qbroom_concentration_v1,1.0,not_applicable,1.0,False,13.0,17.0,no_data,,off_chart,0.7939862521971187,False,653.0,False,34.281392912743186,230.86210034575595,27.465841920542964,117.91153249278577,2025.0,JAX,canonical_source_team_frame,False,,,0.0,none,2026-08-26,0,0,False,markdown_market_v1,4.896965133695831,0.0,12.678149264200918,4.896965133695831,4.896965133695831,False,incumbent,,,15.108710766533624,0.0163327911594675,4.896965133695831
00-0041205,WR,2026,0.288056772570343,0.0,0.0,0.7956067863559567,False,,,,,,,0.008928490940124,1.7491512256279136,0.1480857562829473,,,0.2526492839753168,False,False,False,False,Brady Boyd,JAX,rookie_rule,True,udfa,False,,,deep_bench,,deep_bench_discounted,17.0,0.6584992343032159,0b8c9cb1-e3ed-4936-88ef-94b51df10e96,healthy17_qbroom_concentration_v1,1.0,not_applicable,1.0,False,10.0,17.0,no_data,,off_chart,0.7939862521971187,False,653.0,False,34.281392912743186,230.86210034575595,27.465841920542964,117.91153249278577,2025.0,JAX,canonical_source_team_frame,False,,,0.0,none,2026-08-26,0,0,False,markdown_market_v1,4.896965133695831,0.0,12.678149264200918,4.896965133695831,4.896965133695831,False,incumbent,,,12.569004412828004,0.0,4.896965133695831
00-0041206,WR,2026,0.288056772570343,0.0,0.0,0.7956067863559567,False,,,,,,,0.008928490940124,1.7491512256279136,0.1480857562829473,,,0.2526492839753168,False,False,False,False,Alex Bullock,JAX,rookie_rule,True,udfa,False,,,deep_bench,,deep_bench_discounted,17.0,0.6584992343032159,0b8c9cb1-e3ed-4936-88ef-94b51df10e96,healthy17_qbroom_concentration_v1,1.0,not_applicable,1.0,False,,17.0,no_data,,off_chart,0.7939862521971187,False,653.0,False,34.281392912743186,230.86210034575595,27.465841920542964,117.91153249278577,2025.0,JAX,canonical_source_team_frame,False,,,0.0,none,2026-08-26,0,0,False,markdown_market_v1,4.896965133695831,0.0,12.678149264200918,4.896965133695831,4.896965133695831,False,incumbent,,,4.896965133695831,0.0,4.896965133695831
00-0041216,WR,2026,0.288056772570343,0.0,0.0,0.7956067863559567,False,,,,,,,0.008928490940124,1.7491512256279136,0.1480857562829473,,,0.2526492839753168,False,False,False,False,Trebor Pena,JAX,rookie_rule,True,udfa,False,,,deep_bench,,deep_bench_discounted,17.0,0.6584992343032159,0b8c9cb1-e3ed-4936-88ef-94b51df10e96,healthy17_qbroom_concentration_v1,1.0,not_applicable,1.0,False,12.0,17.0,no_data,,off_chart,0.7939862521971187,False,653.0,False,34.281392912743186,230.86210034575595,27.465841920542964,117.91153249278577,2025.0,JAX,canonical_source_team_frame,False,,,0.0,none,2026-08-26,0,0,False,markdown_market_v1,4.896965133695831,0.0,12.678149264200918,4.896965133695831,4.896965133695831,False,incumbent,,,20.04178116136493,0.0,4.896965133695831
00-0036145,TE,2026,0.297350744816593,0.0,0.0,2.7165820843868707,False,,,,,,,0.0105186747944925,1.5183215200187596,0.1706301413034235,,,0.256501526939282,False,False,False,False,Lawrence Cager,WAS,veteran_model,True,,False,ACT,,deep_bench,,deep_bench_discounted,17.0,0.6891278590961956,0b8c9cb1-e3ed-4936-88ef-94b51df10e96,healthy17_qbroom_concentration_v1,1.0,not_applicable,1.0,False,5.0,17.0,,,,,,,,32.67144533753111,214.92336904810367,27.29070180650144,124.16028766147345,2025.0,WAS,canonical_source_team_frame,False,,,0.0,none,2026-08-26,0,0,False,markdown_market_v1,5.054962661882081,0.0,42.01150395989914,5.054962661882081,5.054962661882081,False,incumbent,,,8.682033807544197,0.0,4.651954756808513
00-0035639,WR,2026,0.3024138002191182,0.0,0.0,3.793960815643052,False,,,,,,,0.0137245653187448,1.4180738680938765,0.1514767887372532,,,0.2107748267788985,False,False,False,False,Parris Campbell,DAL,veteran_model,True,,False,RET,,deep_bench,,deep_bench_discounted,17.0,0.9918187073263374,0b8c9cb1-e3ed-4936-88ef-94b51df10e96,healthy17_qbroom_concentration_v1,1.0,not_applicable,1.0,False,,17.0,,,,,,,,34.85375341295928,250.071496061463,26.933211492050265,120.7564084896434,2025.0,DAL,canonical_source_team_frame,False,,,0.0,none,2026-08-26,0,0,False,markdown_market_v1,5.141034603725009,0.0,65.36247024153877,5.141034603725009,5.141034603725009,False,incumbent,,,5.141034603725009,0.0,5.141034603725009
00-0037594,RB,2026,0.2783017515210817,0.0,0.0,4.037619213140689,False,,0.5629379156337374,,,,,0.0058112397631445,0.6344042682191761,0.0676903568780774,0.0113463414557087,0.9691901925414927,0.0676903568780774,False,True,True,True,Julius Chestnut,TEN,veteran_model,True,,False,ACT,,deep_bench,,deep_bench_discounted,17.0,1.873174148770708,0b8c9cb1-e3ed-4936-88ef-94b51df10e96,healthy17_qbroom_concentration_v1,1.0,concentration_v1_full_board,1.0,False,6.0,17.0,,,,,,,,33.99714946554143,212.007639970746,25.993384614102037,108.23524626366611,2025.0,TEN,canonical_source_team_frame,False,,,0.0,none,2026-08-26,0,0,False,markdown_market_v1,4.731129775858389,0.0,63.84593953110264,4.731129775858389,4.731129775858389,False,incumbent,,,0.1392351082225909,0.0,4.731129775858389
00-0036032,TE,2026,0.3153599635749962,0.0,0.0,2.707235903773313,False,,,,,,,0.0170396298287627,1.160480699934286,0.1452544836819611,,,0.2458433690691508,False,False,False,False,Sean McKeon,IND,veteran_model,True,,False,ACT,,deep_bench,,deep_bench_discounted,17.0,0.503224045241307,0b8c9cb1-e3ed-4936-88ef-94b51df10e96,healthy17_qbroom_concentration_v1,1.0,not_applicable,1.0,False,5.0,17.0,,,,,,,,33.82190844602341,234.02468664293764,26.51465853299865,117.43030699843813,2025.0,IND,canonical_source_team_frame,False,,,0.0,none,2026-08-26,0,0,False,markdown_market_v1,5.361119380774935,0.0,54.59220389055113,5.361119380774935,5.361119380774935,False,incumbent,,,0.6650409659668989,0.0,5.882905871309161
00-0039489,TE,2026,0.27422155471028564,0.0,0.0,2.706455227459734,False,,,,,,,0.0171429375950793,1.1142025999883594,0.1517090578481903,,,0.188867865692976,False,False,False,False,Hayden Rucci,SF,veteran_model,True,,True,ACT,,deep_bench,,deep_bench_discounted,17.0,3.2457193162753586,0b8c9cb1-e3ed-4936-88ef-94b51df10e96,healthy17_qbroom_concentration_v1,1.0,not_applicable,1.0,False,5.0,17.0,,,,,,,,34.25083482490253,240.1256936965456,26.958300492590134,112.8835201485632,2025.0,SF,canonical_source_team_frame,False,,,0.0,none,2026-08-26,0,0,False,markdown_market_v1,4.661766430074856,0.0,47.64937955850461,4.661766430074856,4.661766430074856,False,incumbent,,,0.3280908742672247,0.0007665124750971,5.143285936275704
00-0038396,RB,2026,0.26880930167372324,0.0,0.0,4.025830254287771,False,,0.397391179900036,,,,,0.0057151096546877,0.697825269213789,0.1009355499683885,0.0006303763827201,1.2902714638011985,0.2319280608339324,False,False,True,True,Eric Gray,NYG,veteran_model,True,,False,ACT,,deep_bench,,deep_bench_discounted,17.0,1.0218677525469306,0b8c9cb1-e3ed-4936-88ef-94b51df10e96,healthy17_qbroom_concentration_v1,1.0,concentration_v1_full_board,1.0,False,4.0,17.0,,,,,,,,33.24864013753459,223.72476972874463,27.99474579779997,122.73497314685248,2025.0,NYG,canonical_source_team_frame,False,34.0,0.3692042494700041,0.75,medium,2026-08-26,1,1,False,markdown_market_v1,4.569758128453295,0.0,64.47978769968381,4.569758128453295,4.569758128453295,False,incumbent,,,0.0868388980571076,0.0317435434044184,4.569758128453295
00-0041092,QB,2026,0.3532396644731298,-0.1832888908579584,0.0,0.9856971384438938,True,0.9684333885000346,0.1130330404889228,0.577796269982951,0.0278020338550921,0.0313254476977369,3.282674283299481,,,,0.0054490763247447,0.5096162059865268,,False,False,False,False,Taylen Green,CLE,rookie_rule,True,drafted,False,,,deep_bench,,deep_bench_discounted,17.0,1.4259259259259258,0b8c9cb1-e3ed-4936-88ef-94b51df10e96,healthy17_qbroom_concentration_v1,1.0,not_applicable,1.0,False,4.0,17.0,above_median,,off_chart,0.3,False,54.0,False,33.82707987620956,210.09032913022048,26.55432348725456,109.36695682546336,2025.0,CLE,canonical_source_team_frame,False,37.0,0.3618513569439218,0.75,medium,2026-08-26,1,1,False,markdown_market_v1,6.005074296043207,0.0,14.083219835183415,6.005074296043207,6.005074296043207,False,incumbent,,,6.673357843256195,0.0,5.002648975223726
00-0041368,WR,2026,0.26110802743177886,0.0,0.0,0.7440775467050569,False,,,,,,,0.008350217404422,1.6358635636361514,0.1384946535482168,,,0.236285892253608,False,False,False,False,Harrison Wallace III,ARI,rookie_rule,True,udfa,False,,,deep_bench,,deep_bench_discounted,17.0,0.6584992343032159,0b8c9cb1-e3ed-4936-88ef-94b51df10e96,healthy17_qbroom_concentration_v1,1.0,not_applicable,1.0,False,10.0,17.0,below_median,,off_chart,0.7425619700383687,False,653.0,False,36.21537296296883,240.75211132429325,24.991541448852136,107.82682362857648,2025.0,ARI,canonical_source_team_frame,False,,,0.0,none,2026-08-26,0,0,False,markdown_market_v1,4.43883646634024,0.0,11.635823423875005,4.43883646634024,4.43883646634024,False,incumbent,,,21.44321781857786,0.0175746389149475,4.43883646634024
00-0040900,WR,2026,0.28228488728151063,0.0,0.0,0.8796333847958209,False,,,,,,,0.0094047549895106,1.6130401920366382,0.1285913876868056,,,0.2141050459093053,False,False,False,False,Anthony Smith,DAL,rookie_rule,True,drafted,False,,,deep_bench,,deep_bench_discounted,17.0,2.163636363636364,0b8c9cb1-e3ed-4936-88ef-94b51df10e96,healthy17_qbroom_concentration_v1,1.0,not_applicable,1.0,False,7.0,17.0,no_data,,off_chart,0.3,False,55.0,False,34.85375341295928,250.071496061463,26.933211492050265,120.7564084896434,2025.0,DAL,canonical_source_team_frame,False,,,0.0,none,2026-08-26,0,0,False,markdown_market_v1,4.79884308378568,0.0,15.000709913009256,4.79884308378568,4.79884308378568,False,incumbent,,,19.77551906656904,0.0,4.79884308378568
00-0041123,QB,2026,0.5338473601678416,-0.1584067181250321,0.0,0.9861265663599312,True,0.7059340999933474,0.1130330404889228,0.4109860994996451,0.0240278007006934,0.0211780229998004,4.0051500611005855,,,,0.0054490763247447,0.5096162059865268,,False,False,False,False,Behren Morton,NE,rookie_rule,True,drafted,False,,,deep_bench,,deep_bench_discounted,17.0,1.4259259259259258,0b8c9cb1-e3ed-4936-88ef-94b51df10e96,healthy17_qbroom_concentration_v1,1.0,not_applicable,1.0,False,3.0,17.0,no_data,,off_chart,0.3,False,54.0,False,33.74543089702036,243.75247513831917,27.01222693387557,121.7111389498118,2025.0,NE,canonical_source_team_frame,False,25.0,0.3033900018242624,0.75,medium,2026-08-26,1,1,False,markdown_market_v1,9.075405122853308,0.0,15.63557583269884,9.075405122853308,9.075405122853308,False,incumbent,,,11.605919967921007,0.039968606222132,5.27963285525176
00-0041277,RB,2026,0.27464146932615563,0.0,0.0,0.8954197920450739,False,,0.3606223815798526,,,,,0.0015122004228948,0.4277116828688289,0.0590356787684017,0.0063245282169541,1.5536226462568643,0.0772690274645872,False,False,False,False,Davon Booth,CLE,rookie_rule,True,udfa,False,,,deep_bench,,deep_bench_discounted,17.0,0.71,0b8c9cb1-e3ed-4936-88ef-94b51df10e96,healthy17_qbroom_concentration_v1,1.0,concentration_v1_full_board,1.0,False,5.0,17.0,no_data,,off_chart,0.3022141826372613,False,300.0,False,33.82707987620956,210.09032913022048,26.55432348725456,109.36695682546336,2025.0,CLE,canonical_source_team_frame,False,,,0.0,none,2026-08-26,0,0,False,markdown_market_v1,4.668904978544646,0.0,15.241453372972334,4.668904978544646,4.668904978544646,False,incumbent,,,4.751297085450899,0.0,4.668904978544646
00-0041281,RB,2026,0.27464146932615563,0.0,0.0,0.8954197920450739,False,,0.3606223815798526,,,,,0.0015122004228948,0.4277116828688289,0.0590356787684017,0.0063245282169541,1.5536226462568643,0.0772690274645872,False,False,False,False,TJ Harden,CLE,rookie_rule,True,udfa,False,,,deep_bench,,deep_bench_discounted,17.0,0.71,0b8c9cb1-e3ed-4936-88ef-94b51df10e96,healthy17_qbroom_concentration_v1,1.0,concentration_v1_full_board,1.0,False,6.0,17.0,no_data,,off_chart,0.3022141826372613,False,300.0,False,33.82707987620956,210.09032913022048,26.55432348725456,109.36695682546336,2025.0,CLE,canonical_source_team_frame,False,,,0.0,none,2026-08-26,0,0,False,markdown_market_v1,4.668904978544646,0.0,15.241453372972334,4.668904978544646,4.668904978544646,False,incumbent,,,15.215437771337625,0.0,4.668904978544646
00-0036534,TE,2026,0.3354348428814799,0.0,0.0,2.6894596502990566,False,,,,,,,0.0093060631361137,1.1251017611113832,0.2095805648098162,,,0.2985731783299218,False,False,False,False,Shane Zylstra,BUF,veteran_model,True,,True,ACT,,deep_bench,,deep_bench_discounted,17.0,3.0591882845799714,0b8c9cb1-e3ed-4936-88ef-94b51df10e96,healthy17_qbroom_concentration_v1,1.0,not_applicable,1.0,False,4.0,17.0,,,,,,,,33.212884173930405,232.0006812309425,28.02188237819293,133.5452190763655,2025.0,BUF,canonical_source_team_frame,False,,,0.0,none,2026-08-26,0,0,False,markdown_market_v1,5.702392328985158,0.0,45.30357031482388,5.702392328985158,5.702392328985158,False,incumbent,,,15.587446009305255,0.0,4.604053031171813
00-0040058,TE,2026,0.24471469402807447,0.0,0.0,2.68810407795424,False,,,,,,,0.0080046667610473,1.2744827482877612,0.1926099791857043,,,0.296456744965828,False,False,False,False,Nick Kallerup,SEA,veteran_model,True,,False,ACT,,deep_bench,,deep_bench_discounted,17.0,4.394871254524093,0b8c9cb1-e3ed-4936-88ef-94b51df10e96,healthy17_qbroom_concentration_v1,1.0,not_applicable,1.0,False,5.0,17.0,,,,,,,,32.23055547607071,233.1588091163081,27.961458857752422,119.77956467483948,2025.0,SEA,canonical_source_team_frame,False,,,0.0,none,2026-08-26,0,0,False,markdown_market_v1,4.160149798477266,0.0,46.00756987849069,4.160149798477266,4.160149798477266,False,incumbent,,,0.6862877509685733,0.0218248062890934,4.546134470422676
00-0041194,QB,2026,0.6312344983098073,-0.1486324841751727,0.0,1.0601168376786934,True,0.4544382551514659,0.178,0.2537747696388023,0.0194500788431381,0.0272662953090879,2.5338787438628203,,,,0.0055294117647058,0.6618284313725491,,False,False,False,False,Jack Strand,ATL,rookie_rule,True,udfa,False,,,deep_bench,,deep_bench_discounted,17.0,0.5882352941176471,0b8c9cb1-e3ed-4936-88ef-94b51df10e96,healthy17_qbroom_concentration_v1,1.0,not_applicable,1.0,False,3.0,17.0,no_data,,off_chart,1.0,False,102.0,False,33.11019223657139,223.68381617318363,27.583501535610957,121.08084842723764,2025.0,ATL,canonical_source_team_frame,False,-13.0,-0.2202698270838076,0.75,medium,2026-08-26,1,1,False,markdown_market_v1,10.730986471266723,0.0,16.54450256463912,10.730986471266723,10.730986471266723,False,incumbent,,,14.641699235817343,0.0,4.864917324440793
00-0041273,RB,2026,0.26295667498245473,0.0,0.0,0.8560520507741607,False,,0.3264185684529426,,,,,0.0015011212343166,0.424578038465718,0.0586031518308264,0.0062781913427391,1.4502339957137689,0.0767029132686313,False,False,False,False,Desmond Reid,BUF,rookie_rule,True,udfa,False,,,deep_bench,,deep_bench_discounted,17.0,0.71,0b8c9cb1-e3ed-4936-88ef-94b51df10e96,healthy17_qbroom_concentration_v1,1.0,concentration_v1_full_board,1.0,False,,17.0,no_data,,off_chart,0.3,False,300.0,False,33.212884173930405,232.0006812309425,28.02188237819293,133.5452190763655,2025.0,BUF,canonical_source_team_frame,False,,,0.0,none,2026-08-26,0,0,False,markdown_market_v1,4.4702634747017305,0.0,14.53321437517413,4.4702634747017305,4.4702634747017305,False,incumbent,,,22.03924441787185,0.0,4.4702634747017305
00-0041221,RB,2026,0.26295667498245473,0.0,0.0,0.8560520507741607,False,,0.3264185684529426,,,,,0.0015011212343166,0.424578038465718,0.0586031518308264,0.0062781913427391,1.4502339957137689,0.0767029132686313,False,False,False,False,Jackson Acker,BUF,rookie_rule,True,udfa,False,,,deep_bench,,deep_bench_discounted,17.0,0.71,0b8c9cb1-e3ed-4936-88ef-94b51df10e96,healthy17_qbroom_concentration_v1,1.0,concentration_v1_full_board,1.0,False,,17.0,no_data,,off_chart,0.3,False,300.0,False,33.212884173930405,232.0006812309425,28.02188237819293,133.5452190763655,2025.0,BUF,canonical_source_team_frame,False,,,0.0,none,2026-08-26,0,0,False,markdown_market_v1,4.4702634747017305,0.0,14.53321437517413,4.4702634747017305,4.4702634747017305,False,incumbent,,,12.983326477386422,0.0036139107981076,4.4702634747017305
00-0040891,QB,2026,0.33406531997549893,-0.0757725339077894,0.0,0.8486654252868586,True,0.4040872395661686,0.1130330404889228,0.2413808970731577,0.0114934982863911,0.0242452343739701,2.624313147694716,,,,0.0054490763247447,0.5096162059865268,,False,False,False,False,Cole Payton,PHI,rookie_rule,True,drafted,False,,,deep_bench,,deep_bench_discounted,17.0,1.4259259259259258,0b8c9cb1-e3ed-4936-88ef-94b51df10e96,healthy17_qbroom_concentration_v1,1.0,not_applicable,1.0,False,4.0,17.0,no_data,,off_chart,0.3,False,54.0,False,32.806418334792035,217.8630465484892,27.532262539569395,119.01828343531058,2025.0,PHI,canonical_source_team_frame,False,-7.0,-0.1737161771222612,0.75,medium,2026-08-26,1,1,False,markdown_market_v1,5.679110439583482,0.0,13.863533851524023,5.679110439583482,5.679110439583482,False,incumbent,,,6.329557377906158,0.0,4.703440032099468
00-0041486,RB,2026,0.2740808709139532,0.0,0.0,0.8422665146775329,False,,0.3513596779532812,,,,,0.0015011212343166,0.424578038465718,0.0586031518308264,0.0062781913427391,1.411573477070738,0.0767029132686313,False,False,False,False,Anderson Castle,IND,rookie_rule,True,udfa,False,,,deep_bench,,deep_bench_discounted,17.0,0.71,0b8c9cb1-e3ed-4936-88ef-94b51df10e96,healthy17_qbroom_concentration_v1,1.0,concentration_v1_full_board,1.0,False,5.0,17.0,no_data,,off_chart,0.3,False,300.0,False,33.82190844602341,234.02468664293764,26.51465853299865,117.43030699843813,2025.0,IND,canonical_source_team_frame,False,,,0.0,none,2026-08-26,0,0,False,markdown_market_v1,4.659374805537205,0.0,15.04613186529081,4.659374805537205,4.659374805537205,False,incumbent,,,1.9442770412579755,0.0,4.659374805537205
00-0041231,RB,2026,0.2740808709139532,0.0,0.0,0.8422665146775329,False,,0.3513596779532812,,,,,0.0015011212343166,0.424578038465718,0.0586031518308264,0.0062781913427391,1.411573477070738,0.0767029132686313,False,False,False,False,Lincoln Pare,IND,rookie_rule,True,udfa,False,,,deep_bench,,deep_bench_discounted,17.0,0.71,0b8c9cb1-e3ed-4936-88ef-94b51df10e96,healthy17_qbroom_concentration_v1,1.0,concentration_v1_full_board,1.0,False,,17.0,no_data,,off_chart,0.3,False,300.0,False,33.82190844602341,234.02468664293764,26.51465853299865,117.43030699843813,2025.0,IND,canonical_source_team_frame,False,,,0.0,none,2026-08-26,0,0,False,markdown_market_v1,4.659374805537205,0.0,15.04613186529081,4.659374805537205,4.659374805537205,False,incumbent,,,16.893920561792953,0.0,4.659374805537205
00-0041165,RB,2026,0.2585260691899268,0.0,0.0,0.841977350985586,False,,0.3334934379155024,,,,,0.0015011212343166,0.424578038465718,0.0586031518308264,0.0062781913427391,1.4107625388362697,0.0767029132686313,False,False,False,False,Coleman Bennett,CHI,rookie_rule,True,udfa,False,,,deep_bench,,deep_bench_discounted,17.0,0.71,0b8c9cb1-e3ed-4936-88ef-94b51df10e96,healthy17_qbroom_concentration_v1,1.0,concentration_v1_full_board,1.0,False,6.0,17.0,no_data,,off_chart,0.3,False,300.0,False,33.74412762295005,231.616563841159,27.71808021893144,128.0128941200731,2025.0,CHI,canonical_source_team_frame,False,,,0.0,none,2026-08-26,0,0,False,markdown_market_v1,4.394943176228756,0.0,14.245778263681862,4.394943176228756,4.394943176228756,False,incumbent,,,1.2014163820911168,0.0213636823404814,4.394943176228756
00-0041241,RB,2026,0.2574637235116042,0.0,0.0,0.8315806089340761,False,,0.3407324178965022,,,,,0.0015011212343166,0.424578038465718,0.0586031518308264,0.0062781913427391,1.381605643007786,0.0767029132686313,False,False,False,False,Kentrel Bullock,CIN,rookie_rule,True,udfa,False,,,deep_bench,,deep_bench_discounted,17.0,0.71,0b8c9cb1-e3ed-4936-88ef-94b51df10e96,healthy17_qbroom_concentration_v1,1.0,concentration_v1_full_board,1.0,False,6.0,17.0,no_data,,off_chart,0.3,False,300.0,False,35.76282862419232,238.6281952536197,25.12248933429627,107.39911528359622,2025.0,CIN,canonical_source_team_frame,False,,,0.0,none,2026-08-26,0,0,False,markdown_market_v1,4.376883299697271,0.0,14.17525738019129,4.376883299697271,4.376883299697271,False,incumbent,,,2.9720406637077152,0.0,4.376883299697271
00-0041244,RB,2026,0.2574637235116042,0.0,0.0,0.8315806089340761,False,,0.3407324178965022,,,,,0.0015011212343166,0.424578038465718,0.0586031518308264,0.0062781913427391,1.381605643007786,0.0767029132686313,False,False,False,False,Jamal Haynes,CIN,rookie_rule,True,udfa,False,,,deep_bench,,deep_bench_discounted,17.0,0.71,0b8c9cb1-e3ed-4936-88ef-94b51df10e96,healthy17_qbroom_concentration_v1,1.0,concentration_v1_full_board,1.0,False,7.0,17.0,no_data,,off_chart,0.3,False,300.0,False,35.76282862419232,238.6281952536197,25.12248933429627,107.39911528359622,2025.0,CIN,canonical_source_team_frame,False,,,0.0,none,2026-08-26,0,0,False,markdown_market_v1,4.376883299697271,0.0,14.17525738019129,4.376883299697271,4.376883299697271,False,incumbent,,,7.554239884595769,0.0,4.376883299697271
00-0041350,RB,2026,0.2552985527371264,0.0,0.0,0.8272638508103052,False,,0.3636996279563584,,,,,0.0015011212343166,0.424578038465718,0.0586031518308264,0.0062781913427391,1.3694996134162112,0.0767029132686313,False,False,False,False,Kejon Owens,MIN,rookie_rule,True,udfa,False,,,deep_bench,,deep_bench_discounted,17.0,0.71,0b8c9cb1-e3ed-4936-88ef-94b51df10e96,healthy17_qbroom_concentration_v1,1.0,concentration_v1_full_board,1.0,False,,17.0,no_data,,off_chart,0.3,False,300.0,False,33.31986938890707,212.12724988326613,25.99228043038729,113.38707277968209,2025.0,MIN,canonical_source_team_frame,False,,,0.0,none,2026-08-26,0,0,False,markdown_market_v1,4.340075396531149,0.0,14.078197244285846,4.340075396531149,4.340075396531149,False,incumbent,,,6.071729273451655,0.0509702817978521,4.340075396531149
00-0041415,RB,2026,0.25383092463021695,0.0,0.0,0.8236597380840334,False,,0.3291080540879719,,,,,0.0015011212343166,0.424578038465718,0.0586031518308264,0.0062781913427391,1.3593921452503777,0.0767029132686313,False,False,False,False,Dean Connors,LA,rookie_rule,True,udfa,False,,,deep_bench,,deep_bench_discounted,17.0,0.71,0b8c9cb1-e3ed-4936-88ef-94b51df10e96,healthy17_qbroom_concentration_v1,1.0,concentration_v1_full_board,1.0,False,6.0,17.0,no_data,,off_chart,0.3,False,300.0,False,34.82297755064974,249.39921534190285,26.611874443882616,121.4158089351876,2025.0,LA,canonical_source_team_frame,False,,,0.0,none,2026-08-26,0,0,False,markdown_market_v1,4.315125718713688,0.0,14.01485748523018,4.315125718713688,4.315125718713688,False,incumbent,,,9.023566714454615,0.0,4.315125718713688
00-0041116,TE,2026,0.28056675749669646,0.0,0.0,0.6993101209630882,False,,,,,,,0.0192721942514817,0.930484159993776,0.0905650466374379,,,0.1314841493883936,False,False,False,False,Jack Endries,CIN,rookie_rule,True,drafted,False,,,deep_bench,,deep_bench_discounted,17.0,2.4814814814814814,0b8c9cb1-e3ed-4936-88ef-94b51df10e96,healthy17_qbroom_concentration_v1,1.0,not_applicable,1.0,False,5.0,17.0,above_median,,off_chart,0.3,False,27.0,False,35.76282862419232,238.6281952536197,25.12248933429627,107.39911528359622,2025.0,CIN,canonical_source_team_frame,False,53.0,0.1810226358902478,0.75,medium,2026-08-26,1,1,False,markdown_market_v1,4.76963487744384,0.0,12.084513997260682,4.76963487744384,4.76963487744384,False,incumbent,,,8.230775547461464,0.0161932957509394,4.385063691886327
00-0037282,TE,2026,0.25212088706713,0.0,0.0,2.6691086589111657,False,,,,,,,0.0094070869403676,1.0610570239194073,0.1804752438213835,,,0.207063118732589,False,False,False,False,James Mitchell,CAR,veteran_model,True,,False,ACT,,deep_bench,,deep_bench_discounted,17.0,5.500733934230961,0b8c9cb1-e3ed-4936-88ef-94b51df10e96,healthy17_qbroom_concentration_v1,1.0,not_applicable,1.0,False,5.0,17.0,,,,,,,,33.086654804365814,214.5319014599454,26.991967859866016,116.4978523275508,2025.0,CAR,canonical_source_team_frame,False,,,0.0,none,2026-08-26,0,0,False,markdown_market_v1,4.286055080141209,0.0,43.80842721296284,4.286055080141209,4.286055080141209,False,incumbent,,,5.420778724629606,0.0170766670730667,4.159974675198054
00-0040937,RB,2026,0.2489806276648784,0.0,0.0,0.8060610375916769,False,,0.320013565376005,,,,,0.0015011212343166,0.424578038465718,0.0586031518308264,0.0062781913427391,1.3100378884620405,0.0767029132686313,False,False,False,False,Dominic Richardson,DAL,rookie_rule,True,udfa,False,,,deep_bench,,deep_bench_discounted,17.0,0.71,0b8c9cb1-e3ed-4936-88ef-94b51df10e96,healthy17_qbroom_concentration_v1,1.0,concentration_v1_full_board,1.0,False,,17.0,no_data,,off_chart,0.3,False,300.0,False,34.85375341295928,250.071496061463,26.933211492050265,120.7564084896434,2025.0,DAL,canonical_source_team_frame,False,,,0.0,none,2026-08-26,0,0,False,markdown_market_v1,4.232670670302933,0.0,13.651542546303345,4.232670670302933,4.232670670302933,False,incumbent,,,9.018116895175236,0.0,4.232670670302933
00-0041309,WR,2026,0.24045205549508092,0.0,0.0,0.6548280425457977,False,,,,,,,0.0073486379772953,1.4396474399629586,0.1218827033386961,,,0.207944224349709,False,False,False,False,Daniel Sobkowicz,HOU,rookie_rule,True,udfa,False,,,deep_bench,,deep_bench_discounted,17.0,0.6584992343032159,0b8c9cb1-e3ed-4936-88ef-94b51df10e96,healthy17_qbroom_concentration_v1,1.0,not_applicable,1.0,False,12.0,17.0,no_data,,off_chart,0.6534942540094142,False,653.0,False,34.32483042096658,230.71531420889468,27.03402673302534,113.94163263281224,2025.0,HOU,canonical_source_team_frame,False,,,0.0,none,2026-08-26,0,0,False,markdown_market_v1,4.087684943416376,0.0,10.71859327051373,4.087684943416376,4.087684943416376,False,incumbent,,,17.39558424666178,0.0,4.087684943416376
00-0041308,WR,2026,0.24045205549508092,0.0,0.0,0.6548280425457977,False,,,,,,,0.0073486379772953,1.4396474399629586,0.1218827033386961,,,0.207944224349709,False,False,False,False,Treyvhon Saunders,HOU,rookie_rule,True,udfa,False,,,deep_bench,,deep_bench_discounted,17.0,0.6584992343032159,0b8c9cb1-e3ed-4936-88ef-94b51df10e96,healthy17_qbroom_concentration_v1,1.0,not_applicable,1.0,False,11.0,17.0,no_data,,off_chart,0.6534942540094142,False,653.0,False,34.32483042096658,230.71531420889468,27.03402673302534,113.94163263281224,2025.0,HOU,canonical_source_team_frame,False,,,0.0,none,2026-08-26,0,0,False,markdown_market_v1,4.087684943416376,0.0,10.71859327051373,4.087684943416376,4.087684943416376,False,incumbent,,,17.221282559279015,0.0,4.087684943416376
00-0036232,TE,2026,0.24059770348925447,0.0,0.0,2.6647923922776235,False,,,,,,,0.0072166844254536,1.3667223535833113,0.1369944748004862,,,0.2566695779105369,False,False,False,False,Harrison Bryant,SEA,veteran_model,True,,True,ACT,,deep_bench,,deep_bench_discounted,17.0,4.385255799630846,0b8c9cb1-e3ed-4936-88ef-94b51df10e96,healthy17_qbroom_concentration_v1,1.0,not_applicable,1.0,False,,17.0,,,,,,,,32.23055547607071,233.1588091163081,27.961458857752422,119.77956467483948,2025.0,SEA,canonical_source_team_frame,False,,,0.0,none,2026-08-26,0,0,False,markdown_market_v1,4.090160959317326,0.0,45.63093496309119,4.090160959317326,4.090160959317326,False,incumbent,,,3.37611359796474,0.0,4.169499555023169
00-0035594,RB,2026,0.23962073463649353,0.0,0.0,3.986650618564216,False,,0.3122602532333398,,,,,0.0004511317970994,0.5558654275676611,0.0666183354388973,0.0081316124880218,1.0662359804464612,0.1442378454684414,False,False,False,False,Travis Homer,PIT,veteran_model,True,,True,ACT,,deep_bench,,deep_bench_discounted,17.0,1.0256363839234102,0b8c9cb1-e3ed-4936-88ef-94b51df10e96,healthy17_qbroom_concentration_v1,1.0,concentration_v1_full_board,1.0,False,5.0,17.0,,,,,,,,33.53074981559085,220.60629098765008,26.566881241231517,113.38878134930282,2025.0,PIT,canonical_source_team_frame,False,,,0.0,none,2026-08-26,0,0,False,markdown_market_v1,4.07355248882039,0.0,64.72475364471708,4.07355248882039,4.07355248882039,False,incumbent,,,0.0431903622852258,0.0063634282850983,4.07355248882039
00-0041491,WR,2026,0.2423798565777592,0.0,0.0,0.6430444411326706,False,,,,,,,0.0072163995647234,1.4137410485048287,0.1196894295294163,,,0.2042022773091201,False,False,False,False,Aaron Anderson,CLE,rookie_rule,True,udfa,False,,,deep_bench,,deep_bench_discounted,17.0,0.6584992343032159,0b8c9cb1-e3ed-4936-88ef-94b51df10e96,healthy17_qbroom_concentration_v1,1.0,not_applicable,1.0,False,,17.0,below_median,,off_chart,0.6417346540614978,False,653.0,False,33.82707987620956,210.09032913022048,26.55432348725456,109.36695682546336,2025.0,CLE,canonical_source_team_frame,False,,,0.0,none,2026-08-26,0,0,False,markdown_market_v1,4.120457561821906,0.0,10.926079441387198,4.120457561821906,4.120457561821906,False,incumbent,,,37.20855735371728,0.0,4.120457561821906
00-0041287,WR,2026,0.2423798565777592,0.0,0.0,0.6430444411326706,False,,,,,,,0.0072163995647234,1.4137410485048287,0.1196894295294163,,,0.2042022773091201,False,False,False,False,Kole Wilson,CLE,rookie_rule,True,udfa,False,,,deep_bench,,deep_bench_discounted,17.0,0.6584992343032159,0b8c9cb1-e3ed-4936-88ef-94b51df10e96,healthy17_qbroom_concentration_v1,1.0,not_applicable,1.0,False,12.0,17.0,no_data,,off_chart,0.6417346540614978,False,653.0,False,33.82707987620956,210.09032913022048,26.55432348725456,109.36695682546336,2025.0,CLE,canonical_source_team_frame,False,,,0.0,none,2026-08-26,0,0,False,markdown_market_v1,4.120457561821906,0.0,10.926079441387198,4.120457561821906,4.120457561821906,False,incumbent,,,16.965782561492528,0.0,4.120457561821906
00-0041139,RB,2026,0.23236561557461316,0.0,0.0,0.7804605894191792,False,,0.2876667292124916,,,,,0.0015011212343166,0.424578038465718,0.0586031518308264,0.0062781913427391,1.238243320814802,0.0767029132686313,False,False,False,False,Damon Bankston,NYG,rookie_rule,True,udfa,False,,,deep_bench,,deep_bench_discounted,17.0,0.71,0b8c9cb1-e3ed-4936-88ef-94b51df10e96,healthy17_qbroom_concentration_v1,1.0,concentration_v1_full_board,1.0,False,6.0,17.0,no_data,,off_chart,0.3,False,300.0,False,33.24864013753459,223.72476972874463,27.99474579779997,122.73497314685248,2025.0,NYG,canonical_source_team_frame,False,,,0.0,none,2026-08-26,0,0,False,markdown_market_v1,3.950215464768424,0.0,12.754240995794705,3.950215464768424,3.950215464768424,False,incumbent,,,6.01459937925758,0.0,3.950215464768424
00-0041161,RB,2026,0.23569701641238558,0.0,0.0,0.7780157470400128,False,,0.3088854781831109,,,,,0.0015011212343166,0.424578038465718,0.0586031518308264,0.0062781913427391,1.2313869407860158,0.0767029132686313,False,False,False,False,Le'Veon Moss,MIA,rookie_rule,True,udfa,False,,,deep_bench,,deep_bench_discounted,17.0,0.71,0b8c9cb1-e3ed-4936-88ef-94b51df10e96,healthy17_qbroom_concentration_v1,1.0,concentration_v1_full_board,1.0,False,,17.0,no_data,,off_chart,0.3,False,300.0,False,32.36223621091209,214.6126867270503,26.74474106089619,118.31799054444193,2025.0,MIA,canonical_source_team_frame,False,,,0.0,none,2026-08-26,0,0,False,markdown_market_v1,4.006849279010555,0.0,12.986893945656558,4.006849279010555,4.006849279010555,False,incumbent,,,4.006849279010555,0.0,4.006849279010555
00-0041157,RB,2026,0.23569701641238558,0.0,0.0,0.7780157470400128,False,,0.3088854781831109,,,,,0.0015011212343166,0.424578038465718,0.0586031518308264,0.0062781913427391,1.2313869407860158,0.0767029132686313,False,False,False,False,Anthony Hankerson,MIA,rookie_rule,True,udfa,False,,,deep_bench,,deep_bench_discounted,17.0,0.71,0b8c9cb1-e3ed-4936-88ef-94b51df10e96,healthy17_qbroom_concentration_v1,1.0,concentration_v1_full_board,1.0,False,,17.0,no_data,,off_chart,0.3,False,300.0,False,32.36223621091209,214.6126867270503,26.74474106089619,118.31799054444193,2025.0,MIA,canonical_source_team_frame,False,,,0.0,none,2026-08-26,0,0,False,markdown_market_v1,4.006849279010555,0.0,12.986893945656558,4.006849279010555,4.006849279010555,False,incumbent,,,3.607370950615477,0.0,4.006849279010555
00-0041436,RB,2026,0.23569701641238558,0.0,0.0,0.7780157470400128,False,,0.3088854781831109,,,,,0.0015011212343166,0.424578038465718,0.0586031518308264,0.0062781913427391,1.2313869407860158,0.0767029132686313,False,False,False,False,DJ Herman,MIA,rookie_rule,True,udfa,False,,,deep_bench,,deep_bench_discounted,17.0,0.71,0b8c9cb1-e3ed-4936-88ef-94b51df10e96,healthy17_qbroom_concentration_v1,1.0,concentration_v1_full_board,1.0,False,,17.0,no_data,,off_chart,0.3,False,300.0,False,32.36223621091209,214.6126867270503,26.74474106089619,118.31799054444193,2025.0,MIA,canonical_source_team_frame,False,,,0.0,none,2026-08-26,0,0,False,markdown_market_v1,4.006849279010555,0.0,12.986893945656558,4.006849279010555,4.006849279010555,False,incumbent,,,23.646392566101248,0.0,4.006849279010555
00-0041451,WR,2026,0.0,0.0,0.0,0.6208852960189626,False,,,,,,,0.0069677243022928,1.3650238976468825,0.1155649627463001,,,0.1971655196513257,False,False,False,False,Brock Rechsteiner,NO,rookie_rule,True,udfa,False,,,deep_bench,,deep_bench_discounted,0.0,0.6584992343032159,0b8c9cb1-e3ed-4936-88ef-94b51df10e96,healthy17_qbroom_concentration_v1,1.0,not_applicable,1.0,False,13.0,0.0,no_data,,off_chart,0.6196206438714773,False,653.0,False,34.20731916190036,231.16668439742472,26.96687552570446,109.19074388858569,2025.0,NO,canonical_source_team_frame,False,,,0.0,none,2026-08-26,0,0,False,markdown_market_v1,0.0,0.0,0.0,0.0,0.0,False,incumbent,,,17.92765093792601,0.0311395421241915,0.0
00-0040788,WR,2026,0.223440051117296,0.0,0.0,0.6208852960189626,False,,,,,,,0.0069677243022928,1.3650238976468825,0.1155649627463001,,,0.1971655196513257,False,False,False,False,Damien Alford,NO,rookie_rule,True,udfa,False,,,deep_bench,,deep_bench_discounted,17.0,0.6584992343032159,0b8c9cb1-e3ed-4936-88ef-94b51df10e96,healthy17_qbroom_concentration_v1,1.0,not_applicable,1.0,False,,17.0,no_data,,off_chart,0.6196206438714773,False,653.0,False,34.20731916190036,231.16668439742472,26.96687552570446,109.19074388858569,2025.0,NO,canonical_source_team_frame,False,,,0.0,none,2026-08-26,0,0,False,markdown_market_v1,3.798480868994032,0.0,10.054319249798809,3.798480868994032,3.798480868994032,False,incumbent,,,39.91844979976983,0.0209401832748559,3.798480868994032
00-0041376,RB,2026,0.23154609531231796,0.0,0.0,0.7432536496035218,False,,0.2823672052823883,,,,,0.0015011212343166,0.424578038465718,0.0586031518308264,0.0062781913427391,1.1338992038859577,0.0767029132686313,False,False,False,False,Gregory Desrosiers,LAC,rookie_rule,True,udfa,False,,,deep_bench,,deep_bench_discounted,17.0,0.71,0b8c9cb1-e3ed-4936-88ef-94b51df10e96,healthy17_qbroom_concentration_v1,1.0,concentration_v1_full_board,1.0,False,,17.0,no_data,,off_chart,0.3,False,300.0,False,34.81239421539152,230.9924120352485,26.622477258704382,118.76948607670286,2025.0,LAC,canonical_source_team_frame,False,,,0.0,none,2026-08-26,0,0,False,markdown_market_v1,3.936283620309405,0.0,12.5890866983517,3.936283620309405,3.936283620309405,False,incumbent,,,31.07504416771933,0.0,3.936283620309405
00-0041005,WR,2026,0.23032356316211677,0.0,0.0,0.5932977801894261,False,,,,,,,0.0066581305565271,1.3043724075480108,0.11043011697117,,,0.1884049532000088,False,False,False,False,Corey Rucker,LV,rookie_rule,True,udfa,False,,,deep_bench,,deep_bench_discounted,17.0,0.6584992343032159,0b8c9cb1-e3ed-4936-88ef-94b51df10e96,healthy17_qbroom_concentration_v1,1.0,not_applicable,1.0,False,14.0,17.0,no_data,,off_chart,0.5920893197594148,False,653.0,False,33.854801045689456,214.5498181545603,25.409147592119822,101.32508075439344,2025.0,LV,canonical_source_team_frame,False,,,0.0,none,2026-08-26,0,0,False,markdown_market_v1,3.915500573755985,0.0,10.41346634581227,3.915500573755985,3.915500573755985,False,incumbent,,,30.05286695379461,0.0120696603059677,3.915500573755985
00-0041004,WR,2026,0.23032356316211677,0.0,0.0,0.5932977801894261,False,,,,,,,0.0066581305565271,1.3043724075480108,0.11043011697117,,,0.1884049532000088,False,False,False,False,Chase Roberts,LV,rookie_rule,True,udfa,False,,,deep_bench,,deep_bench_discounted,17.0,0.6584992343032159,0b8c9cb1-e3ed-4936-88ef-94b51df10e96,healthy17_qbroom_concentration_v1,1.0,not_applicable,1.0,False,10.0,17.0,below_median,,off_chart,0.5920893197594148,False,653.0,False,33.854801045689456,214.5498181545603,25.409147592119822,101.32508075439344,2025.0,LV,canonical_source_team_frame,False,,,0.0,none,2026-08-26,0,0,False,markdown_market_v1,3.915500573755985,0.0,10.41346634581227,3.915500573755985,3.915500573755985,False,incumbent,,,21.9051842306728,0.0131201047738795,3.915500573755985
00-0041011,WR,2026,0.23032356316211677,0.0,0.0,0.5932977801894261,False,,,,,,,0.0066581305565271,1.3043724075480108,0.11043011697117,,,0.1884049532000088,False,False,False,False,E.J. Williams Jr.,LV,rookie_rule,True,udfa,False,,,deep_bench,,deep_bench_discounted,17.0,0.6584992343032159,0b8c9cb1-e3ed-4936-88ef-94b51df10e96,healthy17_qbroom_concentration_v1,1.0,not_applicable,1.0,False,11.0,17.0,no_data,,off_chart,0.5920893197594148,False,653.0,False,33.854801045689456,214.5498181545603,25.409147592119822,101.32508075439344,2025.0,LV,canonical_source_team_frame,False,,,0.0,none,2026-08-26,0,0,False,markdown_market_v1,3.915500573755985,0.0,10.41346634581227,3.915500573755985,3.915500573755985,False,incumbent,,,16.5821658789974,0.047472333283659,3.915500573755985
00-0041022,WR,2026,0.23032356316211677,0.0,0.0,0.5932977801894261,False,,,,,,,0.0066581305565271,1.3043724075480108,0.11043011697117,,,0.1884049532000088,False,False,False,False,Jonathan Brady,LV,rookie_rule,True,udfa,False,,,deep_bench,,deep_bench_discounted,17.0,0.6584992343032159,0b8c9cb1-e3ed-4936-88ef-94b51df10e96,healthy17_qbroom_concentration_v1,1.0,not_applicable,1.0,False,,17.0,no_data,,off_chart,0.5920893197594148,False,653.0,False,33.854801045689456,214.5498181545603,25.409147592119822,101.32508075439344,2025.0,LV,canonical_source_team_frame,False,,,0.0,none,2026-08-26,0,0,False,markdown_market_v1,3.915500573755985,0.0,10.41346634581227,3.915500573755985,3.915500573755985,False,incumbent,,,29.39751018586,0.0131201047738795,3.915500573755985
00-0038809,TE,2026,0.30846707957945585,0.0,0.0,2.641840371085353,False,,,,,,,0.0049223913778719,1.094339009408251,0.1730986178219378,,,0.2457103962914543,False,False,False,False,Ben Sims,MIA,veteran_model,True,,True,ACT,,deep_bench,,deep_bench_discounted,17.0,5.569826586371617,0b8c9cb1-e3ed-4936-88ef-94b51df10e96,healthy17_qbroom_concentration_v1,1.0,not_applicable,1.0,False,4.0,17.0,,,,,,,,32.36223621091209,214.6126867270503,26.74474106089619,118.31799054444193,2025.0,MIA,canonical_source_team_frame,False,,,0.0,none,2026-08-26,0,0,False,markdown_market_v1,5.24394035285075,0.0,39.97874581705358,5.24394035285075,5.24394035285075,False,incumbent,,,20.56384992273726,0.0,3.541728178418915
00-0041542,WR,2026,0.21126512615584872,0.0,0.0,0.5736440234957807,False,,,,,,,0.0064375713662488,1.2611633836954892,0.1067719764503859,,,0.1821637953300292,False,False,False,False,Malick Meiga,CAR,rookie_rule,True,udfa,False,,,deep_bench,,deep_bench_discounted,17.0,0.6584992343032159,0b8c9cb1-e3ed-4936-88ef-94b51df10e96,healthy17_qbroom_concentration_v1,1.0,not_applicable,1.0,False,10.0,17.0,no_data,,off_chart,0.5724755948812562,False,653.0,False,33.086654804365814,214.5319014599454,26.991967859866016,116.4978523275508,2025.0,CAR,canonical_source_team_frame,False,,,0.0,none,2026-08-26,0,0,False,markdown_market_v1,3.5915071446494284,0.0,9.473944248294954,3.5915071446494284,3.5915071446494284,False,incumbent,,,11.300480833272015,0.0,3.5915071446494284
00-0041152,WR,2026,0.21126512615584872,0.0,0.0,0.5736440234957807,False,,,,,,,0.0064375713662488,1.2611633836954892,0.1067719764503859,,,0.1821637953300292,False,False,False,False,Kobe Prentice,CAR,rookie_rule,True,udfa,False,,,deep_bench,,deep_bench_discounted,17.0,0.6584992343032159,0b8c9cb1-e3ed-4936-88ef-94b51df10e96,healthy17_qbroom_concentration_v1,1.0,not_applicable,1.0,False,11.0,17.0,no_data,,off_chart,0.5724755948812562,False,653.0,False,33.086654804365814,214.5319014599454,26.991967859866016,116.4978523275508,2025.0,CAR,canonical_source_team_frame,False,,,0.0,none,2026-08-26,0,0,False,markdown_market_v1,3.5915071446494284,0.0,9.473944248294954,3.5915071446494284,3.5915071446494284,False,incumbent,,,13.637154574335984,0.0,3.5915071446494284
00-0037311,TE,2026,0.1803735412393027,0.0,0.0,2.633173527301848,False,,,,,,,0.0079631725355974,0.9494475156000056,0.1482538551238709,,,0.224044059892263,False,False,False,False,Ko Kieft,TB,veteran_model,True,,False,ACT,,deep_bench,,deep_bench_discounted,17.0,0.9101098364096888,0b8c9cb1-e3ed-4936-88ef-94b51df10e96,healthy17_qbroom_concentration_v1,1.0,not_applicable,1.0,False,3.0,17.0,,,,,,,,33.55035103578723,223.7141596661014,27.73776146084954,117.79149136744992,2025.0,TB,canonical_source_team_frame,False,,,0.0,none,2026-08-26,0,0,False,markdown_market_v1,3.0663502010681456,0.0,41.08514058748726,3.0663502010681456,3.0663502010681456,False,incumbent,,,0.3287631936682447,0.0,3.37052653522369
00-0041536,WR,2026,0.188147968048264,0.0,0.0,0.523390910693671,False,,,,,,,0.0058736188333377,1.1506813021486115,0.0974183983481207,,,0.1662056446647539,False,False,False,False,Kyre Duplessis,DET,rookie_rule,True,udfa,False,,,deep_bench,,deep_bench_discounted,17.0,0.6584992343032159,0b8c9cb1-e3ed-4936-88ef-94b51df10e96,healthy17_qbroom_concentration_v1,1.0,not_applicable,1.0,False,12.0,17.0,no_data,,off_chart,0.5223248402883528,False,653.0,False,33.93703078284322,246.2148467705308,26.80245988676499,118.24421493778569,2025.0,DET,canonical_source_team_frame,False,,,0.0,none,2026-08-26,0,0,False,markdown_market_v1,3.198515456820488,0.0,8.351068936833576,3.198515456820488,3.198515456820488,False,incumbent,,,16.226929880933355,0.0067888553810149,3.198515456820488
00-0040970,WR,2026,0.18139475303969133,0.0,0.0,0.4783032990107039,False,,,,,,,0.0053676347978482,1.0515556378275273,0.0890262714965571,,,0.1518878271156685,False,False,False,False,Michael Briscoe,MIN,rookie_rule,True,udfa,False,,,deep_bench,,deep_bench_discounted,17.0,0.6584992343032159,0b8c9cb1-e3ed-4936-88ef-94b51df10e96,healthy17_qbroom_concentration_v1,1.0,not_applicable,1.0,False,10.0,17.0,no_data,,off_chart,0.4773290654475616,False,653.0,False,33.31986938890707,212.12724988326613,25.99228043038729,113.38707277968209,2025.0,MIN,canonical_source_team_frame,False,,,0.0,none,2026-08-26,0,0,False,markdown_market_v1,3.0837108016747528,0.0,8.160866615848983,3.0837108016747528,3.0837108016747528,False,incumbent,,,15.386712740317408,0.0014436825946362,3.0837108016747528
00-0041352,WR,2026,0.18139475303969133,0.0,0.0,0.4783032990107039,False,,,,,,,0.0053676347978482,1.0515556378275273,0.0890262714965571,,,0.1518878271156685,False,False,False,False,Marcus Sanders Jr.,MIN,rookie_rule,True,udfa,False,,,deep_bench,,deep_bench_discounted,17.0,0.6584992343032159,0b8c9cb1-e3ed-4936-88ef-94b51df10e96,healthy17_qbroom_concentration_v1,1.0,not_applicable,1.0,False,12.0,17.0,no_data,,off_chart,0.4773290654475616,False,653.0,False,33.31986938890707,212.12724988326613,25.99228043038729,113.38707277968209,2025.0,MIN,canonical_source_team_frame,False,,,0.0,none,2026-08-26,0,0,False,markdown_market_v1,3.0837108016747528,0.0,8.160866615848983,3.0837108016747528,3.0837108016747528,False,incumbent,,,14.380785405820491,0.0175746389149475,3.0837108016747528
00-0041356,WR,2026,0.18139475303969133,0.0,0.0,0.4783032990107039,False,,,,,,,0.0053676347978482,1.0515556378275273,0.0890262714965571,,,0.1518878271156685,False,False,False,False,Luke Wysong,MIN,rookie_rule,True,udfa,False,,,deep_bench,,deep_bench_discounted,17.0,0.6584992343032159,0b8c9cb1-e3ed-4936-88ef-94b51df10e96,healthy17_qbroom_concentration_v1,1.0,not_applicable,1.0,False,,17.0,no_data,,off_chart,0.4773290654475616,False,653.0,False,33.31986938890707,212.12724988326613,25.99228043038729,113.38707277968209,2025.0,MIN,canonical_source_team_frame,False,,,0.0,none,2026-08-26,0,0,False,markdown_market_v1,3.0837108016747528,0.0,8.160866615848983,3.0837108016747528,3.0837108016747528,False,incumbent,,,33.184791666244,0.0,3.0837108016747528
00-0041481,WR,2026,0.18139475303969133,0.0,0.0,0.4783032990107039,False,,,,,,,0.0053676347978482,1.0515556378275273,0.0890262714965571,,,0.1518878271156685,False,False,False,False,Terrill Davis,MIN,rookie_rule,True,udfa,False,,,deep_bench,,deep_bench_discounted,17.0,0.6584992343032159,0b8c9cb1-e3ed-4936-88ef-94b51df10e96,healthy17_qbroom_concentration_v1,1.0,not_applicable,1.0,False,11.0,17.0,no_data,,off_chart,0.4773290654475616,False,653.0,False,33.31986938890707,212.12724988326613,25.99228043038729,113.38707277968209,2025.0,MIN,canonical_source_team_frame,False,,,0.0,none,2026-08-26,0,0,False,markdown_market_v1,3.0837108016747528,0.0,8.160866615848983,3.0837108016747528,3.0837108016747528,False,incumbent,,,14.334712643365208,0.0,3.0837108016747528
00-0041342,WR,2026,0.18139475303969133,0.0,0.0,0.4783032990107039,False,,,,,,,0.0053676347978482,1.0515556378275273,0.0890262714965571,,,0.1518878271156685,False,False,False,False,Dillon Bell,MIN,rookie_rule,True,udfa,False,,,deep_bench,,deep_bench_discounted,17.0,0.6584992343032159,0b8c9cb1-e3ed-4936-88ef-94b51df10e96,healthy17_qbroom_concentration_v1,1.0,not_applicable,1.0,False,6.0,17.0,no_data,,off_chart,0.4773290654475616,False,653.0,False,33.31986938890707,212.12724988326613,25.99228043038729,113.38707277968209,2025.0,MIN,canonical_source_team_frame,False,,,0.0,none,2026-08-26,0,0,False,markdown_market_v1,3.0837108016747528,0.0,8.160866615848983,3.0837108016747528,3.0837108016747528,False,incumbent,,,17.005281850450057,0.0,3.0837108016747528
00-0041475,WR,2026,0.18139475303969133,0.0,0.0,0.4783032990107039,False,,,,,,,0.0053676347978482,1.0515556378275273,0.0890262714965571,,,0.1518878271156685,False,False,False,False,Trayvon Rudolph,MIN,rookie_rule,True,udfa,False,,,deep_bench,,deep_bench_discounted,17.0,0.6584992343032159,0b8c9cb1-e3ed-4936-88ef-94b51df10e96,healthy17_qbroom_concentration_v1,1.0,not_applicable,1.0,False,9.0,17.0,no_data,,off_chart,0.4773290654475616,False,653.0,False,33.31986938890707,212.12724988326613,25.99228043038729,113.38707277968209,2025.0,MIN,canonical_source_team_frame,False,,,0.0,none,2026-08-26,0,0,False,markdown_market_v1,3.0837108016747528,0.0,8.160866615848983,3.0837108016747528,3.0837108016747528,False,incumbent,,,16.20256263193142,0.0,3.0837108016747528
00-0040981,QB,2026,0.5949961559226574,-0.1591534041277955,0.0,0.7910762235909103,True,0.4866055739740682,0.074451425642495,0.2717381647349809,0.0208268486907018,0.014598167219222,2.9871186124580817,,,,0.0023127673530715,0.2768206193619241,,False,False,False,False,Joe Fagnano,BAL,rookie_rule,True,udfa,False,,,deep_bench,,deep_bench_discounted,17.0,0.5882352941176471,0b8c9cb1-e3ed-4936-88ef-94b51df10e96,healthy17_qbroom_concentration_v1,1.0,not_applicable,1.0,False,3.0,17.0,no_data,,off_chart,0.4182664361937925,False,102.0,False,31.37799975249296,213.6518141922886,28.079230857805165,132.67231187281823,2025.0,BAL,canonical_source_team_frame,False,,,0.0,none,2026-08-26,0,0,False,markdown_market_v1,10.114934650685177,0.0,12.050263276160305,10.114934650685177,10.114934650685177,False,incumbent,,,14.62693446332179,0.0,3.346934931730256
00-0040985,QB,2026,0.8409882625790877,-0.1591534041277955,0.0,0.7910762235909103,True,0.4866055739740682,0.074451425642495,0.2717381647349809,0.0208268486907018,0.014598167219222,2.9871186124580817,,,,0.0023127673530715,0.2768206193619241,,False,False,False,False,Diego Pavia,BAL,rookie_rule,True,udfa,False,,,deep_bench,,deep_bench_discounted,17.0,0.5882352941176471,0b8c9cb1-e3ed-4936-88ef-94b51df10e96,healthy17_qbroom_concentration_v1,1.0,not_applicable,1.0,False,,17.0,no_data,,off_chart,0.4182664361937925,False,102.0,False,31.37799975249296,213.6518141922886,28.079230857805165,132.67231187281823,2025.0,BAL,canonical_source_team_frame,False,,,0.0,none,2026-08-26,0,0,False,markdown_market_v1,14.29680046384449,0.0,12.050263276160305,14.29680046384449,14.29680046384449,False,incumbent,,,21.59671081858731,0.0,3.346934931730256
00-0041133,TE,2026,0.1815275679261238,0.0,0.0,0.4927822163404355,False,,,,,,,0.0192721942514817,0.3800161516865884,0.0424032558840973,,,0.0588748580852696,False,False,False,False,Dallen Bentley,DEN,rookie_rule,True,drafted,False,,,deep_bench,,deep_bench_discounted,17.0,2.4814814814814814,0b8c9cb1-e3ed-4936-88ef-94b51df10e96,healthy17_qbroom_concentration_v1,1.0,not_applicable,1.0,False,6.0,17.0,above_median,,off_chart,0.3,False,27.0,False,34.86796196556067,230.0636551213692,26.57618138477283,117.91787351632536,2025.0,DEN,canonical_source_team_frame,False,-74.0,-0.8715752803523227,0.75,medium,2026-08-26,1,1,False,markdown_market_v1,3.0859686547441045,0.0,8.71069626150838,3.0859686547441045,3.0859686547441045,False,incumbent,,,3.130590683700841,0.0,3.081010651526689
00-0040942,QB,2026,0.3171140665946255,-0.1553283024121181,0.0,0.768138926150378,True,0.4749104687008452,0.0734843135096934,0.2652071946571549,0.0203262950575857,0.0142473140610253,2.882775963340298,,,,0.0022827248743923,0.2732247637112868,,False,False,False,False,Kyron Drones,GB,rookie_rule,True,udfa,False,,,deep_bench,,deep_bench_discounted,17.0,0.5882352941176471,0b8c9cb1-e3ed-4936-88ef-94b51df10e96,healthy17_qbroom_concentration_v1,1.0,not_applicable,1.0,False,4.0,17.0,no_data,,off_chart,0.4128332219645701,False,102.0,False,32.64024951982665,227.6640713446097,27.556451830260983,118.45985840964596,2025.0,GB,canonical_source_team_frame,False,,,0.0,none,2026-08-26,0,0,False,markdown_market_v1,5.390939132108634,0.0,10.43599653634772,5.390939132108634,5.390939132108634,False,incumbent,,,7.023551413794345,0.0,2.942020709580067
00-0040996,QB,2026,0.1729970633897342,-0.0542465842264357,0.0,0.5420876396686747,True,0.1658569001291461,0.178,0.0926204960655239,0.0070987196778034,0.0099514140077487,1.005448557330567,,,,0.0055294117647058,0.6618284313725491,,False,False,False,False,Jacob Clark,LV,rookie_rule,True,udfa,False,,,deep_bench,,deep_bench_discounted,17.0,0.5882352941176471,0b8c9cb1-e3ed-4936-88ef-94b51df10e96,healthy17_qbroom_concentration_v1,1.0,not_applicable,1.0,False,4.0,17.0,no_data,,off_chart,1.0,False,102.0,False,33.854801045689456,214.5498181545603,25.409147592119822,101.32508075439344,2025.0,LV,canonical_source_team_frame,False,,,0.0,none,2026-08-26,0,0,False,markdown_market_v1,2.940950077625481,0.0,8.385651031160418,2.940950077625481,2.940950077625481,False,incumbent,,,3.0164786817563285,0.0,2.8276571714292102
00-0040955,TE,2026,0.07530145306877041,0.0,0.0,0.3875180519326195,False,,,,,,,0.0058872224386443,0.602174867318908,0.0832014650049846,,,0.1085928655144741,False,False,False,False,John Michael Gyllenborg,KC,rookie_rule,True,udfa,False,,,deep_bench,,deep_bench_discounted,0.0,0.837037037037037,0b8c9cb1-e3ed-4936-88ef-94b51df10e96,healthy17_qbroom_concentration_v1,1.0,not_applicable,1.0,False,7.0,0.0,no_data,,off_chart,1.0,False,270.0,False,35.16321475705483,230.551485538654,25.943035799993208,113.16190955700952,2025.0,KC,canonical_source_team_frame,False,,,0.0,none,2026-08-26,0,0,False,markdown_market_v1,1.280124702169097,0.0,0.0,1.280124702169097,1.280124702169097,False,incumbent,,,12.801247021690967,0.0,0.0
00-0041452,TE,2026,0.1792872738055925,0.0,0.0,0.3875180519326195,False,,,,,,,0.0058872224386443,0.602174867318908,0.0832014650049846,,,0.1085928655144741,False,False,False,False,Johnny Pascuzzi,LAC,rookie_rule,True,udfa,False,,,deep_bench,,deep_bench_discounted,17.0,0.837037037037037,0b8c9cb1-e3ed-4936-88ef-94b51df10e96,healthy17_qbroom_concentration_v1,1.0,not_applicable,1.0,False,6.0,17.0,no_data,,off_chart,1.0,False,270.0,False,34.81239421539152,230.9924120352485,26.622477258704382,118.76948607670286,2025.0,LAC,canonical_source_team_frame,False,,,0.0,none,2026-08-26,0,0,False,markdown_market_v1,3.0478836546950725,0.0,6.554385451323057,3.0478836546950725,3.0478836546950725,False,incumbent,,,9.256055201635744,0.0,2.358086816146109
00-0041252,TE,2026,0.18069930518475305,0.0,0.0,0.3875180519326195,False,,,,,,,0.0058872224386443,0.602174867318908,0.0832014650049846,,,0.1085928655144741,False,False,False,False,Kenny Fletcher Jr.,TB,rookie_rule,True,udfa,False,,,deep_bench,,deep_bench_discounted,17.0,0.837037037037037,0b8c9cb1-e3ed-4936-88ef-94b51df10e96,healthy17_qbroom_concentration_v1,1.0,not_applicable,1.0,False,6.0,17.0,no_data,,off_chart,1.0,False,270.0,False,33.55035103578723,223.7141596661014,27.73776146084954,117.79149136744992,2025.0,TB,canonical_source_team_frame,False,,,0.0,none,2026-08-26,0,0,False,markdown_market_v1,3.071888188140802,0.0,6.010998905325468,3.071888188140802,3.071888188140802,False,incumbent,,,11.51108935006693,0.0,2.13419917014901
00-0041170,TE,2026,0.17424185923402108,0.0,0.0,0.3875180519326195,False,,,,,,,0.0058872224386443,0.602174867318908,0.0832014650049846,,,0.1085928655144741,False,False,False,False,Hayden Large,CHI,rookie_rule,True,udfa,False,,,deep_bench,,deep_bench_discounted,17.0,0.837037037037037,0b8c9cb1-e3ed-4936-88ef-94b51df10e96,healthy17_qbroom_concentration_v1,1.0,not_applicable,1.0,False,7.0,17.0,no_data,,off_chart,1.0,False,270.0,False,33.74412762295005,231.616563841159,27.71808021893144,128.0128941200731,2025.0,CHI,canonical_source_team_frame,False,,,0.0,none,2026-08-26,0,0,False,markdown_market_v1,2.9621116069783584,0.0,6.499889018523861,2.9621116069783584,2.9621116069783584,False,incumbent,,,8.72137076727583,0.0,2.322193922500861
00-0041384,TE,2026,0.16793059529330406,0.0,0.0,0.3875180519326195,False,,,,,,,0.0058872224386443,0.602174867318908,0.0832014650049846,,,0.1085928655144741,False,False,False,False,Evan Svoboda,LAC,rookie_rule,True,udfa,False,,,deep_bench,,deep_bench_discounted,17.0,0.837037037037037,0b8c9cb1-e3ed-4936-88ef-94b51df10e96,healthy17_qbroom_concentration_v1,1.0,not_applicable,1.0,False,5.0,17.0,no_data,,off_chart,1.0,False,270.0,False,34.81239421539152,230.9924120352485,26.622477258704382,118.76948607670286,2025.0,LAC,canonical_source_team_frame,False,,,0.0,none,2026-08-26,0,0,False,markdown_market_v1,2.854820119986169,0.0,6.554385451323057,2.854820119986169,2.854820119986169,False,incumbent,,,7.325419854546709,0.0097628335394758,2.358086816146109
00-0041357,TE,2026,0.2791427378091306,0.0,0.0,0.3875180519326195,False,,,,,,,0.0058872224386443,0.602174867318908,0.0832014650049846,,,0.1085928655144741,False,False,False,False,Khalil Dinkins,SF,rookie_rule,True,udfa,False,,,deep_bench,,deep_bench_discounted,17.0,0.837037037037037,0b8c9cb1-e3ed-4936-88ef-94b51df10e96,healthy17_qbroom_concentration_v1,1.0,not_applicable,1.0,False,,17.0,no_data,,off_chart,1.0,False,270.0,False,34.25083482490253,240.1256936965456,26.958300492590134,112.8835201485632,2025.0,SF,canonical_source_team_frame,False,,,0.0,none,2026-08-26,0,0,False,markdown_market_v1,4.7454265427552205,0.0,6.715618166911179,4.7454265427552205,4.7454265427552205,False,incumbent,,,25.758405748254766,0.0,2.4106510754774924
00-0041195,TE,2026,0.18766719481624278,0.0,0.0,0.3875180519326195,False,,,,,,,0.0058872224386443,0.602174867318908,0.0832014650049846,,,0.1085928655144741,False,False,False,False,Jack Velling,ATL,rookie_rule,True,udfa,False,,,deep_bench,,deep_bench_discounted,17.0,0.837037037037037,0b8c9cb1-e3ed-4936-88ef-94b51df10e96,healthy17_qbroom_concentration_v1,1.0,not_applicable,1.0,False,5.0,17.0,no_data,,off_chart,1.0,False,270.0,False,33.11019223657139,223.68381617318363,27.583501535610957,121.08084842723764,2025.0,ATL,canonical_source_team_frame,False,,,0.0,none,2026-08-26,0,0,False,markdown_market_v1,3.1903423118761274,0.0,6.282693638703805,3.1903423118761274,3.1903423118761274,False,incumbent,,,12.06054349049529,0.0,2.204764403140665
00-0041180,TE,2026,0.23452465633009273,0.0,0.0,0.3875180519326195,False,,,,,,,0.0058872224386443,0.602174867318908,0.0832014650049846,,,0.1085928655144741,False,False,False,False,Quentin Moore,WAS,rookie_rule,True,udfa,False,,,deep_bench,,deep_bench_discounted,17.0,0.837037037037037,0b8c9cb1-e3ed-4936-88ef-94b51df10e96,healthy17_qbroom_concentration_v1,1.0,not_applicable,1.0,False,6.0,17.0,no_data,,off_chart,1.0,False,270.0,False,32.67144533753111,214.92336904810367,27.29070180650144,124.16028766147345,2025.0,WAS,canonical_source_team_frame,False,,,0.0,none,2026-08-26,0,0,False,markdown_market_v1,3.9869191576115766,0.0,6.018447543178307,3.9869191576115766,3.9869191576115766,False,incumbent,,,20.731886710114814,0.0068162149192391,2.1263672073334385
00-0041263,TE,2026,0.18306842569474083,0.0,0.0,0.3875180519326195,False,,,,,,,0.0058872224386443,0.602174867318908,0.0832014650049846,,,0.1085928655144741,False,False,False,False,Lake McRee,PIT,rookie_rule,True,udfa,False,,,deep_bench,,deep_bench_discounted,17.0,0.837037037037037,0b8c9cb1-e3ed-4936-88ef-94b51df10e96,healthy17_qbroom_concentration_v1,1.0,not_applicable,1.0,False,6.0,17.0,no_data,,off_chart,1.0,False,270.0,False,33.53074981559085,220.60629098765008,26.566881241231517,113.38878134930282,2025.0,PIT,canonical_source_team_frame,False,,,0.0,none,2026-08-26,0,0,False,markdown_market_v1,3.112163236810594,0.0,6.028747182226059,3.112163236810594,3.112163236810594,False,incumbent,,,12.09845521112906,0.0032254465709228,2.1136863507752084
00-0040945,TE,2026,0.28440018907030185,0.0,0.0,0.3875180519326195,False,,,,,,,0.0058872224386443,0.602174867318908,0.0832014650049846,,,0.1085928655144741,False,False,False,False,R.J. Maryland,GB,rookie_rule,True,udfa,False,,,deep_bench,,deep_bench_discounted,17.0,0.837037037037037,0b8c9cb1-e3ed-4936-88ef-94b51df10e96,healthy17_qbroom_concentration_v1,1.0,not_applicable,1.0,False,,17.0,above_median,,off_chart,1.0,False,270.0,False,32.64024951982665,227.6640713446097,27.556451830260983,118.45985840964596,2025.0,GB,canonical_source_team_frame,False,,,0.0,none,2026-08-26,0,0,False,markdown_market_v1,4.834803214195132,0.0,6.4043086654483,4.834803214195132,4.834803214195132,False,incumbent,,,27.745832102809764,0.0,2.2891333376823955
00-0040927,TE,2026,0.20003679450885403,0.0,0.0,0.3875180519326195,False,,,,,,,0.0058872224386443,0.602174867318908,0.0832014650049846,,,0.1085928655144741,False,False,False,False,Dae'Quan Wright,PHI,rookie_rule,True,udfa,False,,,deep_bench,,deep_bench_discounted,17.0,0.837037037037037,0b8c9cb1-e3ed-4936-88ef-94b51df10e96,healthy17_qbroom_concentration_v1,1.0,not_applicable,1.0,False,8.0,17.0,no_data,,off_chart,1.0,False,270.0,False,32.806418334792035,217.8630465484892,27.532262539569395,119.01828343531058,2025.0,PHI,canonical_source_team_frame,False,,,0.0,none,2026-08-26,0,0,False,markdown_market_v1,3.4006255066505187,0.0,6.062510899695382,3.4006255066505187,3.4006255066505187,False,incumbent,,,14.564678529985631,0.0,2.160175170724395
00-0041314,TE,2026,0.17015582349601385,0.0,0.0,0.381213371712707,False,,,,,,,0.0057914409526618,0.5923778528160222,0.0818478283729138,,,0.1068261264224026,False,False,False,False,Tanner Arkin,NE,rookie_rule,True,udfa,False,,,deep_bench,,deep_bench_discounted,17.0,0.837037037037037,0b8c9cb1-e3ed-4936-88ef-94b51df10e96,healthy17_qbroom_concentration_v1,1.0,not_applicable,1.0,False,4.0,17.0,no_data,,off_chart,0.9837306154165724,False,270.0,False,33.74543089702036,243.75247513831917,27.01222693387557,121.7111389498118,2025.0,NE,canonical_source_team_frame,False,,,0.0,none,2026-08-26,0,0,False,markdown_market_v1,2.8926489994322355,0.0,5.820454023060184,2.8926489994322355,2.8926489994322355,False,incumbent,,,10.290343166134832,0.0007665124750971,2.0706829809097247
00-0041222,WR,2026,0.13391036899489137,0.0,0.0,0.3545507086328983,False,,,,,,,0.0039788534287678,0.7794840581902939,0.065992285044521,,,0.1125895155813388,False,False,False,False,Gabriel Benyard,BUF,rookie_rule,True,udfa,False,,,deep_bench,,deep_bench_discounted,17.0,0.6584992343032159,0b8c9cb1-e3ed-4936-88ef-94b51df10e96,healthy17_qbroom_concentration_v1,1.0,not_applicable,1.0,False,,17.0,no_data,,off_chart,0.3538285409186038,False,653.0,False,33.212884173930405,232.0006812309425,28.02188237819293,133.5452190763655,2025.0,BUF,canonical_source_team_frame,False,,,0.0,none,2026-08-26,0,0,False,markdown_market_v1,2.276476272913153,0.0,5.998756343873833,2.276476272913153,2.276476272913153,False,incumbent,,,27.97318059197728,0.0,2.276476272913153
00-0041272,WR,2026,0.13391036899489137,0.0,0.0,0.3545507086328983,False,,,,,,,0.0039788534287678,0.7794840581902939,0.065992285044521,,,0.1125895155813388,False,False,False,False,Ja'Mori Maclin,BUF,rookie_rule,True,udfa,False,,,deep_bench,,deep_bench_discounted,17.0,0.6584992343032159,0b8c9cb1-e3ed-4936-88ef-94b51df10e96,healthy17_qbroom_concentration_v1,1.0,not_applicable,1.0,False,13.0,17.0,no_data,,off_chart,0.3538285409186038,False,653.0,False,33.212884173930405,232.0006812309425,28.02188237819293,133.5452190763655,2025.0,BUF,canonical_source_team_frame,False,,,0.0,none,2026-08-26,0,0,False,markdown_market_v1,2.276476272913153,0.0,5.998756343873833,2.276476272913153,2.276476272913153,False,incumbent,,,19.6940560077124,0.0261086083108712,2.276476272913153
00-0040853,TE,2026,0.23099554077904477,0.0,0.0,0.36289534842386,False,,,,,,,0.0055131512647366,0.5639129769515449,0.0779148854660567,,,0.1016929290666247,False,False,False,False,Carson Towt,IND,rookie_rule,True,udfa,False,,,deep_bench,,deep_bench_discounted,17.0,0.837037037037037,0b8c9cb1-e3ed-4936-88ef-94b51df10e96,healthy17_qbroom_concentration_v1,1.0,not_applicable,1.0,False,6.0,17.0,no_data,,off_chart,0.936460499360064,False,270.0,False,33.82190844602341,234.02468664293764,26.51465853299865,117.43030699843813,2025.0,IND,canonical_source_team_frame,False,,,0.0,none,2026-08-26,0,0,False,markdown_market_v1,3.926924193243761,0.0,7.272837023330933,3.926924193243761,3.926924193243761,False,incumbent,,,15.969070941866953,0.0,2.588907887841184
00-0041172,QB,2026,0.27263403713829576,-0.0824419536380715,0.0,0.5113527505620691,True,0.2520631863920723,0.0534,0.1407612064696228,0.0107883717825304,0.0091555520149559,2.029528776668219,,,,0.0016588235294117,0.1985485294117647,,False,False,False,False,Miller Moss,CHI,rookie_rule,True,udfa,False,,,deep_bench,,deep_bench_discounted,17.0,0.5882352941176471,0b8c9cb1-e3ed-4936-88ef-94b51df10e96,healthy17_qbroom_concentration_v1,1.0,not_applicable,1.0,False,4.0,17.0,no_data,,off_chart,0.3,False,102.0,False,33.74412762295005,231.616563841159,27.71808021893144,128.0128941200731,2025.0,CHI,canonical_source_team_frame,False,,,0.0,none,2026-08-26,0,0,False,markdown_market_v1,4.634778631351028,0.0,7.307195622942784,4.634778631351028,4.634778631351028,False,incumbent,,,6.293951071642778,0.0,2.1460199709134047
00-0041237,TE,2026,0.1589501012115996,0.0,0.0,0.3400505882859593,False,,,,,,,0.0051660908276329,0.5284138812671854,0.0730100365133909,,,0.0952912196417517,False,False,False,False,Chase Curtis,NYJ,rookie_rule,True,udfa,False,,,deep_bench,,deep_bench_discounted,17.0,0.837037037037037,0b8c9cb1-e3ed-4936-88ef-94b51df10e96,healthy17_qbroom_concentration_v1,1.0,not_applicable,1.0,False,5.0,17.0,no_data,,off_chart,0.8775090259410324,False,270.0,False,32.41879516501858,201.132721478803,27.47972793367314,119.35043810725364,2025.0,NYJ,canonical_source_team_frame,False,,,0.0,none,2026-08-26,0,0,False,markdown_market_v1,2.702151720597193,0.0,5.091639819921122,2.702151720597193,2.702151720597193,False,incumbent,,,10.800904688253253,0.0,1.8022902797465197
00-0041294,WR,2026,0.11123354090074741,0.0,0.0,0.3006123031051306,False,,,,,,,0.0033735436534639,0.6608998156281657,0.0559527658847358,,,0.0954610800663811,False,False,False,False,Joseph Manjack,DEN,rookie_rule,True,udfa,False,,,deep_bench,,deep_bench_discounted,17.0,0.6584992343032159,0b8c9cb1-e3ed-4936-88ef-94b51df10e96,healthy17_qbroom_concentration_v1,1.0,not_applicable,1.0,False,11.0,17.0,no_data,,off_chart,0.3,False,653.0,False,34.86796196556067,230.0636551213692,26.57618138477283,117.91787351632536,2025.0,DEN,canonical_source_team_frame,False,,,0.0,none,2026-08-26,0,0,False,markdown_market_v1,1.890970195312706,0.0,4.903628114995188,1.890970195312706,1.890970195312706,False,incumbent,,,19.606727359547182,0.0220598647846164,1.890970195312706
00-0041248,WR,2026,0.11538373339732824,0.0,0.0,0.3006123031051306,False,,,,,,,0.0033735436534639,0.6608998156281657,0.0559527658847358,,,0.0954610800663811,False,False,False,False,Noah Thomas,CIN,rookie_rule,True,udfa,False,,,deep_bench,,deep_bench_discounted,17.0,0.6584992343032159,0b8c9cb1-e3ed-4936-88ef-94b51df10e96,healthy17_qbroom_concentration_v1,1.0,not_applicable,1.0,False,12.0,17.0,no_data,,off_chart,0.3,False,653.0,False,35.76282862419232,238.6281952536197,25.12248933429627,107.39911528359622,2025.0,CIN,canonical_source_team_frame,False,,,0.0,none,2026-08-26,0,0,False,markdown_market_v1,1.96152346775458,0.0,5.150362724682286,1.96152346775458,1.96152346775458,False,incumbent,,,23.051482327388293,0.0,1.96152346775458
00-0041292,WR,2026,0.11123354090074741,0.0,0.0,0.3006123031051306,False,,,,,,,0.0033735436534639,0.6608998156281657,0.0559527658847358,,,0.0954610800663811,False,False,False,False,Kolbe Katsis,DEN,rookie_rule,True,udfa,False,,,deep_bench,,deep_bench_discounted,17.0,0.6584992343032159,0b8c9cb1-e3ed-4936-88ef-94b51df10e96,healthy17_qbroom_concentration_v1,1.0,not_applicable,1.0,False,10.0,17.0,no_data,,off_chart,0.3,False,653.0,False,34.86796196556067,230.0636551213692,26.57618138477283,117.91787351632536,2025.0,DEN,canonical_source_team_frame,False,,,0.0,none,2026-08-26,0,0,False,markdown_market_v1,1.890970195312706,0.0,4.903628114995188,1.890970195312706,1.890970195312706,False,incumbent,,,15.757628250212257,0.0,1.890970195312706
00-0041293,WR,2026,0.11123354090074741,0.0,0.0,0.3006123031051306,False,,,,,,,0.0033735436534639,0.6608998156281657,0.0559527658847358,,,0.0954610800663811,False,False,False,False,Dane Key,DEN,rookie_rule,True,udfa,False,,,deep_bench,,deep_bench_discounted,17.0,0.6584992343032159,0b8c9cb1-e3ed-4936-88ef-94b51df10e96,healthy17_qbroom_concentration_v1,1.0,not_applicable,1.0,False,9.0,17.0,no_data,,off_chart,0.3,False,653.0,False,34.86796196556067,230.0636551213692,26.57618138477283,117.91787351632536,2025.0,DEN,canonical_source_team_frame,False,,,0.0,none,2026-08-26,0,0,False,markdown_market_v1,1.890970195312706,0.0,4.903628114995188,1.890970195312706,1.890970195312706,False,incumbent,,,19.542611172981623,0.0,1.890970195312706
00-0041299,WR,2026,0.11123354090074741,0.0,0.0,0.3006123031051306,False,,,,,,,0.0033735436534639,0.6608998156281657,0.0559527658847358,,,0.0954610800663811,False,False,False,False,Cameron Ross,DEN,rookie_rule,True,udfa,False,,,deep_bench,,deep_bench_discounted,17.0,0.6584992343032159,0b8c9cb1-e3ed-4936-88ef-94b51df10e96,healthy17_qbroom_concentration_v1,1.0,not_applicable,1.0,False,12.0,17.0,no_data,,off_chart,0.3,False,653.0,False,34.86796196556067,230.0636551213692,26.57618138477283,117.91787351632536,2025.0,DEN,canonical_source_team_frame,False,,,0.0,none,2026-08-26,0,0,False,markdown_market_v1,1.890970195312706,0.0,4.903628114995188,1.890970195312706,1.890970195312706,False,incumbent,,,18.20271775177132,0.0,1.890970195312706
00-0040930,WR,2026,0.11418656488655199,0.0,0.0,0.3006123031051306,False,,,,,,,0.0033735436534639,0.6608998156281657,0.0559527658847358,,,0.0954610800663811,False,False,False,False,Camden Brown,DAL,rookie_rule,True,udfa,False,,,deep_bench,,deep_bench_discounted,17.0,0.6584992343032159,0b8c9cb1-e3ed-4936-88ef-94b51df10e96,healthy17_qbroom_concentration_v1,1.0,not_applicable,1.0,False,12.0,17.0,no_data,,off_chart,0.3,False,653.0,False,34.85375341295928,250.071496061463,26.933211492050265,120.7564084896434,2025.0,DAL,canonical_source_team_frame,False,71.0,0.7452973306899104,0.62,medium,2026-08-26,1,1,False,markdown_market_v1,1.941171603071384,0.0,5.0554027200869145,1.941171603071384,1.941171603071384,False,incumbent,,,15.537304636378828,0.0,1.941171603071384
00-0040785,WR,2026,0.11538373339732824,0.0,0.0,0.3006123031051306,False,,,,,,,0.0033735436534639,0.6608998156281657,0.0559527658847358,,,0.0954610800663811,False,False,False,False,Dohnte Meyers,CIN,rookie_rule,True,udfa,False,,,deep_bench,,deep_bench_discounted,17.0,0.6584992343032159,0b8c9cb1-e3ed-4936-88ef-94b51df10e96,healthy17_qbroom_concentration_v1,1.0,not_applicable,1.0,False,11.0,17.0,no_data,,off_chart,0.3,False,653.0,False,35.76282862419232,238.6281952536197,25.12248933429627,107.39911528359622,2025.0,CIN,canonical_source_team_frame,False,,,0.0,none,2026-08-26,0,0,False,markdown_market_v1,1.96152346775458,0.0,5.150362724682286,1.96152346775458,1.96152346775458,False,incumbent,,,20.483362879421097,0.0,1.96152346775458
00-0041476,WR,2026,0.11303678793694094,0.0,0.0,0.3006123031051306,False,,,,,,,0.0033735436534639,0.6608998156281657,0.0559527658847358,,,0.0954610800663811,False,False,False,False,Rashad Rochelle,SEA,rookie_rule,True,udfa,False,,,deep_bench,,deep_bench_discounted,17.0,0.6584992343032159,0b8c9cb1-e3ed-4936-88ef-94b51df10e96,healthy17_qbroom_concentration_v1,1.0,not_applicable,1.0,False,11.0,17.0,no_data,,off_chart,0.3,False,653.0,False,32.23055547607071,233.1588091163081,27.961458857752422,119.77956467483948,2025.0,SEA,canonical_source_team_frame,False,,,0.0,none,2026-08-26,0,0,False,markdown_market_v1,1.921625394927996,0.0,4.959725608490713,1.921625394927996,1.921625394927996,False,incumbent,,,8.792434421436697,0.0,1.921625394927996
00-0040934,WR,2026,0.11418656488655199,0.0,0.0,0.3006123031051306,False,,,,,,,0.0033735436534639,0.6608998156281657,0.0559527658847358,,,0.0954610800663811,False,False,False,False,Jordan Hudson,DAL,rookie_rule,True,udfa,False,,,deep_bench,,deep_bench_discounted,17.0,0.6584992343032159,0b8c9cb1-e3ed-4936-88ef-94b51df10e96,healthy17_qbroom_concentration_v1,1.0,not_applicable,1.0,False,11.0,17.0,no_data,,off_chart,0.3,False,653.0,False,34.85375341295928,250.071496061463,26.933211492050265,120.7564084896434,2025.0,DAL,canonical_source_team_frame,False,,,0.0,none,2026-08-26,0,0,False,markdown_market_v1,1.941171603071384,0.0,5.0554027200869145,1.941171603071384,1.941171603071384,False,incumbent,,,21.488901834232287,0.0,1.941171603071384
00-0041516,WR,2026,0.11418656488655199,0.0,0.0,0.3006123031051306,False,,,,,,,0.0033735436534639,0.6608998156281657,0.0559527658847358,,,0.0954610800663811,False,False,False,False,Romello Brinson,DAL,rookie_rule,True,udfa,False,,,deep_bench,,deep_bench_discounted,17.0,0.6584992343032159,0b8c9cb1-e3ed-4936-88ef-94b51df10e96,healthy17_qbroom_concentration_v1,1.0,not_applicable,1.0,False,,17.0,no_data,,off_chart,0.3,False,653.0,False,34.85375341295928,250.071496061463,26.933211492050265,120.7564084896434,2025.0,DAL,canonical_source_team_frame,False,,,0.0,none,2026-08-26,0,0,False,markdown_market_v1,1.941171603071384,0.0,5.0554027200869145,1.941171603071384,1.941171603071384,False,incumbent,,,32.48871298372779,0.0,1.941171603071384
00-0040906,QB,2026,0.44968486857173007,-0.0167412257070151,0.0,0.3453031480992308,True,0.0690444782192132,0.1130330404889228,0.0396837242109909,0.0025393798920572,0.0041426686931527,0.4289139391573121,,,,0.0054490763247447,0.5096162059865268,,False,False,False,False,Garrett Nussmeier,KC,rookie_rule,True,drafted,False,,,deep_bench,,deep_bench_discounted,17.0,1.4259259259259258,0b8c9cb1-e3ed-4936-88ef-94b51df10e96,healthy17_qbroom_concentration_v1,1.0,not_applicable,1.0,False,3.0,17.0,no_data,,off_chart,0.3,False,54.0,False,35.16321475705483,230.551485538654,25.943035799993208,113.16190955700952,2025.0,KC,canonical_source_team_frame,False,97.0,1.047726892198537,0.62,medium,2026-08-26,1,1,False,markdown_market_v1,7.644642765719412,0.0,5.580989112079664,7.644642765719412,7.644642765719412,False,incumbent,,,11.469708813381404,0.0,1.9070436942264253
00-0041207,TE,2026,0.15963809299737908,0.0,0.0,0.3107732009527963,False,,,,,,,0.0047213051181851,0.482918950786225,0.0667240802708644,,,0.0870869169791285,False,False,False,False,Ethan Conner,JAX,rookie_rule,True,udfa,False,,,deep_bench,,deep_bench_discounted,17.0,0.837037037037037,0b8c9cb1-e3ed-4936-88ef-94b51df10e96,healthy17_qbroom_concentration_v1,1.0,not_applicable,1.0,False,7.0,17.0,no_data,,off_chart,0.80195799757693,False,270.0,False,34.281392912743186,230.86210034575595,27.465841920542964,117.91153249278577,2025.0,JAX,canonical_source_team_frame,False,,,0.0,none,2026-08-26,0,0,False,markdown_market_v1,2.7138475809554445,0.0,4.982096228949773,2.7138475809554445,2.7138475809554445,False,incumbent,,,10.890983202107073,0.0,1.8052769563830413
00-0035264,QB,2026,0.04135963514570944,-0.70423294716058,0.0,4.303749982407895,True,0.2415778130697074,0.2358465030769127,0.2415778130697074,0.0494886896100996,0.0144946687841824,0.1646330146393697,,,,0.010652376823562,0.7778987087126671,,False,True,False,False,Jarrett Stidham,DEN,veteran_model,False,,False,ACT,2.0,backup,,curated,17.0,3.4942155153360583,0b8c9cb1-e3ed-4936-88ef-94b51df10e96,healthy17_qbroom_concentration_v1,1.0,not_applicable,1.0,False,2.0,17.0,,,,,,,,34.86796196556067,230.0636551213692,26.57618138477283,117.91787351632536,2025.0,DEN,canonical_source_team_frame,False,-67.0,-0.9217499630124132,0.75,medium,2026-08-26,1,1,False,markdown_market_v1,0.7031137974770605,0.0,58.55022855277395,0.7031137974770605,0.7031137974770605,False,incumbent,,,0.0,0.0,1.757784493692651
00-0041366,TE,2026,0.024683317776682187,0.0,0.0,0.290645284721311,False,,,,,,,0.004415519311588,0.4516416329279895,0.0624025470942671,,,0.0814465394805537,False,False,False,False,Jameson Geers,ARI,rookie_rule,True,udfa,False,,,deep_bench,,deep_bench_discounted,0.0,0.837037037037037,0b8c9cb1-e3ed-4936-88ef-94b51df10e96,healthy17_qbroom_concentration_v1,1.0,not_applicable,1.0,False,7.0,0.0,no_data,,off_chart,0.750017407632529,False,270.0,False,36.21537296296883,240.75211132429325,24.991541448852136,107.82682362857648,2025.0,ARI,canonical_source_team_frame,False,,,0.0,none,2026-08-26,0,0,False,markdown_market_v1,0.4196164022035972,0.0,0.0,0.4196164022035972,0.4196164022035972,False,incumbent,,,4.196164022035972,0.0,0.0
00-0041149,QB,2026,0.5556079413483379,-0.1093286308544123,0.0,0.4636277712513941,True,0.3342681952689643,0.0536114278271131,0.1866674587589151,0.0143067681451419,0.0100280458580689,1.5076775501863753,,,,0.0016653913469096,0.199334647092477,,False,False,False,False,Haynes King,CAR,rookie_rule,True,udfa,False,,,deep_bench,,deep_bench_discounted,17.0,0.5882352941176471,0b8c9cb1-e3ed-4936-88ef-94b51df10e96,healthy17_qbroom_concentration_v1,1.0,not_applicable,1.0,False,3.0,17.0,no_data,,off_chart,0.3011877967815344,False,102.0,False,33.086654804365814,214.5319014599454,26.991967859866016,116.4978523275508,2025.0,CAR,canonical_source_team_frame,False,,,0.0,none,2026-08-26,0,0,False,markdown_market_v1,9.445335002921745,0.0,6.294945875687881,9.445335002921745,9.445335002921745,False,incumbent,,,14.54397183888272,0.0,1.7973797489802856
00-0041251,QB,2026,0.2832971313735404,-0.0470002757533806,0.0,0.3876055125500595,True,0.1437015832947492,0.0534,0.0802481652544883,0.0061504661926735,0.0086220949976849,1.2169780770788208,,,,0.0016588235294117,0.1985485294117647,,False,False,False,False,Jalon Daniels,TB,rookie_rule,True,udfa,False,,,deep_bench,,deep_bench_discounted,17.0,0.5882352941176471,0b8c9cb1-e3ed-4936-88ef-94b51df10e96,healthy17_qbroom_concentration_v1,1.0,not_applicable,1.0,False,4.0,17.0,above_median,,off_chart,0.3,False,102.0,False,33.55035103578723,223.7141596661014,27.73776146084954,117.79149136744992,2025.0,TB,canonical_source_team_frame,False,43.0,0.3737590621020347,0.75,medium,2026-08-26,1,1,False,markdown_market_v1,4.816051233350187,0.0,6.242439823116851,4.816051233350187,4.816051233350187,False,incumbent,,,6.807517001458483,0.0,1.828852581187744
00-0041535,TE,2026,0.1318434177204415,0.0,0.0,0.2557833974590603,False,,,,,,,0.0038858931847012,0.397468795735149,0.0549175794170395,,,0.0716773113989969,False,False,False,False,Louis Hansen,HOU,rookie_rule,True,udfa,False,,,deep_bench,,deep_bench_discounted,17.0,0.837037037037037,0b8c9cb1-e3ed-4936-88ef-94b51df10e96,healthy17_qbroom_concentration_v1,1.0,not_applicable,1.0,False,,17.0,no_data,,off_chart,0.6600554378910205,False,270.0,False,34.32483042096658,230.71531420889468,27.03402673302534,113.94163263281224,2025.0,HOU,canonical_source_team_frame,False,,,0.0,none,2026-08-26,0,0,False,markdown_market_v1,2.2413381012475053,0.0,4.196659733650598,2.2413381012475053,2.2413381012475053,False,incumbent,,,8.986573192655149,0.0204371872989166,1.4918675355355449
00-0041327,TE,2026,0.1333933642802004,0.0,0.0,0.2425249685866921,False,,,,,,,0.0036844694843876,0.3768661615939562,0.0520709489172628,,,0.0679619469758689,False,False,False,False,Cody Hardy,NO,rookie_rule,True,udfa,False,,,deep_bench,,deep_bench_discounted,17.0,0.837037037037037,0b8c9cb1-e3ed-4936-88ef-94b51df10e96,healthy17_qbroom_concentration_v1,1.0,not_applicable,1.0,False,7.0,17.0,no_data,,off_chart,0.6258417314423889,False,270.0,False,34.20731916190036,231.16668439742472,26.96687552570446,109.19074388858569,2025.0,NO,canonical_source_team_frame,False,,,0.0,none,2026-08-26,0,0,False,markdown_market_v1,2.267687192763407,0.0,3.926824019637267,2.267687192763407,2.267687192763407,False,incumbent,,,10.291434543212391,0.0,1.3761597093801865
00-0041016,TE,2026,0.0981177021411709,0.0,0.0,0.2317489662351421,False,,,,,,,0.0035207591165053,0.3601210377115694,0.0497573039707249,,,0.0649422244924657,False,False,False,False,Patrick Gurd,LV,rookie_rule,True,udfa,False,,,deep_bench,,deep_bench_discounted,17.0,0.837037037037037,0b8c9cb1-e3ed-4936-88ef-94b51df10e96,healthy17_qbroom_concentration_v1,1.0,not_applicable,1.0,False,6.0,17.0,no_data,,off_chart,0.5980339885571005,False,270.0,False,33.854801045689456,214.5498181545603,25.409147592119822,101.32508075439344,2025.0,LV,canonical_source_team_frame,False,,,0.0,none,2026-08-26,0,0,False,markdown_market_v1,1.6680009363999053,0.0,4.046035341982307,1.6680009363999053,1.6680009363999053,False,incumbent,,,4.013844883875208,0.0,1.4073516089026494
00-0041457,TE,2026,0.19883617056632147,0.0,0.0,0.2044425355028314,False,,,,,,,0.0031059164248557,0.3176888304345746,0.0438945189219902,,,0.0572902362937077,False,False,False,False,Miles Kitselman,DET,rookie_rule,True,udfa,False,,,deep_bench,,deep_bench_discounted,17.0,0.837037037037037,0b8c9cb1-e3ed-4936-88ef-94b51df10e96,healthy17_qbroom_concentration_v1,1.0,not_applicable,1.0,False,,17.0,no_data,,off_chart,0.5275690628687906,False,270.0,False,33.93703078284322,246.2148467705308,26.80245988676499,118.24421493778569,2025.0,DET,canonical_source_team_frame,False,,,0.0,none,2026-08-26,0,0,False,markdown_market_v1,3.380214899627465,0.0,3.264596359914941,3.380214899627465,3.380214899627465,False,incumbent,,,23.290222473308344,0.0,1.1679918358851449
00-0041414,QB,2026,0.5298930082814252,-0.0162739752679307,0.0,0.2379501412928663,True,0.0497570700387438,0.0534,0.0277861488196571,0.002129615903341,0.0029854242023246,0.7962269920701857,,,,0.0016588235294117,0.1985485294117647,,False,False,False,False,Matthew Caldwell,LA,rookie_rule,True,udfa,False,,,deep_bench,,deep_bench_discounted,17.0,0.5882352941176471,0b8c9cb1-e3ed-4936-88ef-94b51df10e96,healthy17_qbroom_concentration_v1,1.0,not_applicable,1.0,False,4.0,17.0,no_data,,off_chart,0.3,False,102.0,False,34.82297755064974,249.39921534190285,26.611874443882616,121.4158089351876,2025.0,LA,canonical_source_team_frame,False,,,0.0,none,2026-08-26,0,0,False,markdown_market_v1,9.008181140784227,0.0,3.854243281985217,9.008181140784227,9.008181140784227,False,incumbent,,,14.214500645225788,0.0,1.1987018841218862
00-0041203,QB,2026,0.26964815159287325,-0.1122247255445963,0.0,0.2841036385096552,True,0.3431228963463515,0.0534,0.1916122443280469,0.0146857517191154,0.0102936868903905,0.3016345671991701,,,,0.0016588235294117,0.1985485294117647,,False,False,False,False,Joey Aguilar,JAX,rookie_rule,True,udfa,False,,,deep_bench,,deep_bench_discounted,17.0,0.5882352941176471,0b8c9cb1-e3ed-4936-88ef-94b51df10e96,healthy17_qbroom_concentration_v1,1.0,not_applicable,1.0,False,4.0,17.0,no_data,,off_chart,0.3,False,102.0,False,34.281392912743186,230.86210034575595,27.465841920542964,117.91153249278577,2025.0,JAX,canonical_source_team_frame,False,,,0.0,none,2026-08-26,0,0,False,markdown_market_v1,4.5840185770788455,0.0,2.805075130149617,4.5840185770788455,4.5840185770788455,False,incumbent,,,7.049448559283711,0.0,0.8858736037715484
00-0041453,QB,2026,1.6674565619011779,-0.0162739752679307,0.0,0.1626262919006024,True,0.0497570700387438,0.0534,0.0277861488196571,0.002129615903341,0.0029854242023246,0.3016345671991701,,,,0.0016588235294117,0.1985485294117647,,False,False,False,False,Luke Altmyer,DET,rookie_rule,True,udfa,False,,,deep_bench,,deep_bench_discounted,17.0,0.5882352941176471,0b8c9cb1-e3ed-4936-88ef-94b51df10e96,healthy17_qbroom_concentration_v1,1.0,not_applicable,1.0,False,3.0,17.0,above_median,,off_chart,0.3,False,102.0,False,33.93703078284322,246.2148467705308,26.80245988676499,118.24421493778569,2025.0,DET,canonical_source_team_frame,False,31.0,0.2606461044387636,0.62,medium,2026-08-26,1,1,False,markdown_market_v1,28.346761552320025,0.0,2.544801736974432,28.346761552320025,28.346761552320025,False,incumbent,,,46.6730867278374,0.0,0.8572737890439578
00-0040938,TE,2026,0.11593714096621269,0.0,0.0,0.1162554155797858,False,,,,,,,0.0017661667315932,0.1806524601956724,0.0249604395014953,,,0.0325778596543422,False,False,False,False,DJ Rogers,DAL,rookie_rule,True,udfa,False,,,deep_bench,,deep_bench_discounted,17.0,0.837037037037037,0b8c9cb1-e3ed-4936-88ef-94b51df10e96,healthy17_qbroom_concentration_v1,1.0,not_applicable,1.0,False,6.0,17.0,no_data,,off_chart,0.3,False,270.0,False,34.85375341295928,250.071496061463,26.933211492050265,120.7564084896434,2025.0,DAL,canonical_source_team_frame,False,,,0.0,none,2026-08-26,0,0,False,markdown_market_v1,1.9709313964256157,0.0,1.961962381245233,1.9709313964256157,1.9709313964256157,False,incumbent,,,13.367357295704736,0.0,0.7046618520612691
00-0040939,TE,2026,0.12146252267201388,0.0,0.0,0.1162554155797858,False,,,,,,,0.0017661667315932,0.1806524601956724,0.0249604395014953,,,0.0325778596543422,False,False,False,False,Michael Trigg,DAL,rookie_rule,True,udfa,False,,,deep_bench,,deep_bench_discounted,17.0,0.837037037037037,0b8c9cb1-e3ed-4936-88ef-94b51df10e96,healthy17_qbroom_concentration_v1,1.0,not_applicable,1.0,False,5.0,17.0,no_data,,off_chart,0.3,False,270.0,False,34.85375341295928,250.071496061463,26.933211492050265,120.7564084896434,2025.0,DAL,canonical_source_team_frame,False,,,0.0,none,2026-08-26,0,0,False,markdown_market_v1,2.064862885424236,0.0,1.961962381245233,2.064862885424236,2.064862885424236,False,incumbent,,,14.306672185690935,0.0,0.7046618520612691
00-0040974,TE,2026,0.11666359426035407,0.0,0.0,0.1162554155797858,False,,,,,,,0.0017661667315932,0.1806524601956724,0.0249604395014953,,,0.0325778596543422,False,False,False,False,Lance Mason,SEA,rookie_rule,True,udfa,False,,,deep_bench,,deep_bench_discounted,17.0,0.837037037037037,0b8c9cb1-e3ed-4936-88ef-94b51df10e96,healthy17_qbroom_concentration_v1,1.0,not_applicable,1.0,False,6.0,17.0,no_data,,off_chart,0.3,False,270.0,False,32.23055547607071,233.1588091163081,27.961458857752422,119.77956467483948,2025.0,SEA,canonical_source_team_frame,False,,,0.0,none,2026-08-26,0,0,False,markdown_market_v1,1.983281102426019,0.0,1.917367835063348,1.983281102426019,1.983281102426019,False,incumbent,,,13.551544394719777,0.0,0.6979185143933795
00-0041422,TE,2026,0.06875454442453235,0.0,0.0,0.1162554155797858,False,,,,,,,0.0017661667315932,0.1806524601956724,0.0249604395014953,,,0.0325778596543422,False,False,False,False,Dan Villari,LA,rookie_rule,True,udfa,False,,,deep_bench,,deep_bench_discounted,17.0,0.837037037037037,0b8c9cb1-e3ed-4936-88ef-94b51df10e96,healthy17_qbroom_concentration_v1,1.0,not_applicable,1.0,False,7.0,17.0,no_data,,off_chart,0.3,False,270.0,False,34.82297755064974,249.39921534190285,26.611874443882616,121.4158089351876,2025.0,LA,canonical_source_team_frame,False,,,0.0,none,2026-08-26,0,0,False,markdown_market_v1,1.16882725521705,0.0,1.967642421232348,1.16882725521705,1.16882725521705,False,incumbent,,,5.55554440512846,0.0068162149192391,0.6814142385602266
00-0041246,TE,2026,0.09086445527360608,0.0,0.0,0.1162554155797858,False,,,,,,,0.0017661667315932,0.1806524601956724,0.0249604395014953,,,0.0325778596543422,False,False,False,False,Josh Kattus,CIN,rookie_rule,True,udfa,False,,,deep_bench,,deep_bench_discounted,17.0,0.837037037037037,0b8c9cb1-e3ed-4936-88ef-94b51df10e96,healthy17_qbroom_concentration_v1,1.0,not_applicable,1.0,False,7.0,17.0,no_data,,off_chart,0.3,False,270.0,False,35.76282862419232,238.6281952536197,25.12248933429627,107.39911528359622,2025.0,CIN,canonical_source_team_frame,False,,,0.0,none,2026-08-26,0,0,False,markdown_market_v1,1.5446957396513032,0.0,1.9977618787863896,1.5446957396513032,1.5446957396513032,False,incumbent,,,9.068071019743323,0.0218248062890934,0.7087651529744121
00-0041403,TE,2026,0.11597770169716698,0.0,0.0,0.1162554155797858,False,,,,,,,0.0017661667315932,0.1806524601956724,0.0249604395014953,,,0.0325778596543422,False,False,False,False,Rohan Jones,LA,rookie_rule,True,udfa,False,,,deep_bench,,deep_bench_discounted,17.0,0.837037037037037,0b8c9cb1-e3ed-4936-88ef-94b51df10e96,healthy17_qbroom_concentration_v1,1.0,not_applicable,1.0,False,8.0,17.0,no_data,,off_chart,0.3,False,270.0,False,34.82297755064974,249.39921534190285,26.611874443882616,121.4158089351876,2025.0,LA,canonical_source_team_frame,False,,,0.0,none,2026-08-26,0,0,False,markdown_market_v1,1.9716209288518387,0.0,1.967642421232348,1.9716209288518387,1.9716209288518387,False,incumbent,,,13.583481141476344,0.0,0.6814142385602266
