season,week,gsis_id,player_name,position,team,is_rookie,attempts,completions,passing_yards,passing_tds,interceptions,carries,rushing_yards,rushing_tds,targets,receptions,receiving_yards,receiving_tds,fantasy_points,floor,ceiling,pred_target_share,pred_carry_share,pred_dropback_share,depth_rank,is_out,is_doubtful,is_questionable,play_prob,injury_status,projected_games_estimate,pred_rookie_fp_pg,games_played_prior,veteran_weight,fantasy_points_veteran
2026,1,00-0036355,Justin Herbert,QB,LAC,0,33.17141639433698,21.561420656319036,256.8154146341735,1.9222209011425748,0.6632964022849737,5.343496778117354,27.492579085421372,0.26598682685483316,0.0,0.0,0.0,0.0,20.98008625503843,12.51523331386196,29.79383625503843,0.0,0.1823980081828609,0.97,1.0,false,false,false,1.0,,15.5,,,1.0,20.98008625503843
2026,1,00-0035228,Kyler Murray,QB,MIN,0,32.34766027793661,21.025979180658798,223.87066631499485,1.5241253767134009,0.6699483507401687,6.579384155470823,37.046018934276404,0.41705361840027455,0.0,0.0,0.0,0.0,19.918355061802345,11.453502120625876,28.732105061802343,0.0,0.2394621107588954,0.97,1.0,false,false,false,1.0,,15.0,,,1.0,19.918355061802345
2026,1,00-0034857,Josh Allen,QB,BUF,0,29.624793236088085,19.256115603457257,219.25037405335354,1.4362326084927715,0.633771118611651,7.046387154434654,33.74246815935305,0.5395047588068809,0.0,0.0,0.0,0.0,19.858678527658512,11.393825586482043,28.67242852765851,0.0,0.2379722945271171,0.97,1.0,false,false,false,1.0,,15.55,,,1.0,19.858678527658512
2026,1,00-0034796,Lamar Jackson,QB,BAL,0,29.88379302976631,19.424465469348103,244.96136630423467,1.680768689624666,0.7064386555584787,5.29536777219452,26.90571659470892,0.23185101804040875,0.0,0.0,0.0,0.0,19.19032986726444,10.72547692608797,28.004079867264437,0.0,0.17403352599450725,0.97,1.0,false,false,false,1.0,,15.0,,,1.0,19.19032986726444
2026,1,00-0040691,Jaxson Dart,QB,NYG,0,31.4142353202663,20.419252958173097,215.93514084937684,1.4452568174943727,0.7137636801412486,5.754349236628366,31.47134328159685,0.4390565588717307,0.0,0.0,0.0,0.0,18.77237922506014,10.30752628388367,27.58612922506014,0.0,0.20576543733090666,0.97,1.0,false,false,false,1.0,,15.0,,,1.0,18.77237922506014
2026,1,00-0036389,Jalen Hurts,QB,PHI,0,31.16155643760773,20.255011684445023,230.0106369648013,1.6140224929761509,0.6977990564422152,6.090219049930679,30.19856359530394,0.23737308086245423,0.0,0.0,0.0,0.0,18.705012182317347,10.240159241140878,27.518762182317346,0.0,0.21010336951147024,0.97,1.0,false,false,false,1.0,,15.4,,,1.0,18.705012182317347
2026,1,00-0033873,Patrick Mahomes,QB,KC,0,33.004499659438586,21.452924778635083,233.50190798358673,1.4707445308728593,0.44124791327861707,4.2676617449001055,16.34565807659992,0.45182764602604997,0.0,0.0,0.0,0.0,18.686090300093966,10.221237358917497,27.499840300093965,0.005172413793103448,0.15815791133726217,0.97,1.0,false,false,false,1.0,,15.0,,,1.0,18.686090300093966
2026,1,00-0036442,Joe Burrow,QB,CIN,0,37.58178371767632,24.42815941648961,282.0845993767945,2.0205117492361664,0.8556420605957303,1.6725280713901733,7.3815363928436115,0.03458373222765481,0.0,0.0,0.0,0.0,18.599802883475274,10.134949942298805,27.413552883475276,0.0,0.06729063984308244,0.97,1.0,false,false,false,1.0,,15.0,,,1.0,18.599802883475274
2026,1,00-0040743,Tyler Shough,QB,NO,0,34.3640127815199,22.336608307987934,250.3541511800191,1.4900567864356566,0.8765252579402604,4.163934405576549,22.04590369967814,0.3491878312636708,0.0,0.0,0.0,0.0,18.521060034612706,10.056207093436237,27.33481003461271,0.0,0.1708965016003024,0.97,1.0,false,false,false,1.0,,15.0,,,1.0,18.521060034612706
2026,1,00-0036971,Trevor Lawrence,QB,JAX,0,31.095017310818513,20.211761252032034,231.48817069254773,1.5001259170684376,0.7056857554283299,5.030282086402928,26.804366249889778,0.32246206248701204,0.0,0.0,0.0,0.0,18.463867985030053,9.999015043853584,27.277617985030055,0.0,0.1718583322859289,0.97,1.0,false,false,false,1.0,,15.0,,,1.0,18.463867985030053
2026,1,00-0037834,Brock Purdy,QB,SF,0,32.98940192818309,21.44311125331901,245.63400282076773,1.5205899835012626,0.8180039977053261,3.42214538398697,19.377977948484578,0.34212998104181985,0.0,0.0,0.0,0.0,18.262289732524486,9.797436791348018,27.076039732524485,0.0,0.13064418455959448,0.97,1.0,false,false,false,1.0,,15.0,,,1.0,18.262289732524486
2026,1,00-0039150,Bryce Young,QB,CAR,0,32.55067255815149,21.15793716279847,225.36685270983668,1.5207846165340229,0.7416498486266044,4.945990202619371,24.002526703087398,0.36515555089220764,0.0,0.0,0.0,0.0,18.20569885293834,9.740845911761872,27.01944885293834,0.0,0.18716713140548233,0.97,1.0,false,false,false,1.0,,15.2,,,1.0,18.20569885293834
2026,1,00-0039851,Drake Maye,QB,NE,0,30.27998164615418,19.68198807000022,240.10518328450172,1.2330747495372025,0.815357775283957,5.823772795517048,31.299312683277446,0.3035777593728634,0.0,0.0,0.0,0.0,17.85718860352589,9.392335662349423,26.67093860352589,0.000980392156862745,0.20584724686790573,0.97,1.0,false,false,false,1.0,,15.32,,,1.0,17.85718860352589
2026,1,00-0033106,Jared Goff,QB,DET,0,34.66567405607732,22.53268813645026,270.9727855988151,1.9659568300761374,0.8153497088104177,1.3670413442005764,6.8564571601957525,0.011998938138254712,0.0,0.0,0.0,0.0,17.82967867148542,9.364825730308953,26.643428671485424,0.0,0.04936363376983487,0.97,1.0,false,false,false,1.0,,16.0,,,1.0,17.82967867148542
2026,1,00-0033077,Dak Prescott,QB,DAL,0,34.39246261109568,22.355100697212194,260.29069475339065,1.7242047686928637,0.7845367943278027,2.695430774144681,11.413701560247725,0.08778447437258932,0.0,0.0,0.0,0.0,17.407450278511785,8.942597337335316,26.221200278511787,0.0,0.10026900002132588,0.97,1.0,false,false,false,1.0,,15.0,,,1.0,17.407450278511785
2026,1,00-0034855,Baker Mayfield,QB,TB,0,33.58517442886318,21.83036337876107,241.75815640723246,1.6769125669102827,0.7454694421690579,3.098017581367372,17.75030803973082,0.08555949769332137,0.0,0.0,0.0,0.0,17.175425429725323,8.710572488548854,25.98917542972532,0.0,0.1199060894436596,0.97,1.0,false,false,false,1.0,,16.0,,,1.0,17.175425429725323
2026,1,00-0039910,Jayden Daniels,QB,WAS,0,30.00580569469221,19.50377370154994,207.22244697201666,1.2313720957052523,0.7619940540902299,6.808251976290698,35.47130991385606,0.29411586399953854,0.0,0.0,0.0,0.0,17.002224328904056,8.537371387727587,25.815974328904055,0.0,0.24,0.97,1.0,false,false,false,1.0,,15.0,,,1.0,17.002224328904056
2026,1,00-0035710,Daniel Jones,QB,IND,0,33.366478127477855,21.688210782860608,249.48302348471353,1.5021133657360044,0.8179828429496232,3.181738072481696,12.461740832417401,0.2054590444692151,0.0,0.0,0.0,0.0,16.830737066490343,8.365884125313874,25.644487066490342,0.0,0.12346149055569927,0.97,1.0,false,false,false,1.0,,15.0,,,1.0,16.830737066490343
2026,1,00-0026498,Matthew Stafford,QB,LA,0,34.0214026927994,22.11391175031961,263.4921475135154,1.7888744594378938,0.8230949383628245,1.508011793431214,5.090263372835605,0.015248256646766089,0.0,0.0,0.0,0.0,16.649509738730703,8.184656797554235,25.463259738730706,0.0,0.05600593332772374,0.97,1.0,false,false,false,1.0,,15.75,,,1.0,16.649509738730703
2026,1,00-0038128,Malik Willis,QB,MIA,0,30.11268579996778,19.57324576997906,226.8395797565796,1.0412344607398731,0.7449114720548705,6.0452725267382545,32.00066400915372,0.25197553498741854,0.0,0.0,0.0,0.0,16.460617699952817,7.995764758776348,25.27436769995282,0.0,0.2158619500555478,0.97,1.0,false,false,false,1.0,,15.0,,,1.0,16.460617699952817
2026,1,00-0039918,Caleb Williams,QB,CHI,0,32.673603849442145,21.237842502137394,221.28405010006577,1.6526109025247409,1.143694463497431,3.9946149076842836,27.962304353789985,0.05008808066763052,0.0,0.0,0.0,0.0,16.271175606491514,7.8063226653150455,25.084925606491517,0.0025951557093425604,0.1418062151609036,0.97,1.0,false,false,false,1.0,,15.95,,,1.0,16.271175606491514
2026,1,00-0039163,C.J. Stroud,QB,HOU,0,32.49670868323109,21.12286064410021,239.14893140619373,1.3880276512475234,0.8970668280677826,3.242920921012619,14.542001724348319,0.22161306274609832,0.0,0.0,0.0,0.0,16.1078127540137,7.642959812837232,24.9215627540137,0.0,0.12274322228878662,0.97,1.0,false,false,false,1.0,,15.0,,,1.0,16.1078127540137
2026,1,00-0034869,Sam Darnold,QB,SEA,0,29.950060115171514,19.467539074861484,228.85004206623768,1.4920942673878266,0.6292922385258906,3.4984284126218124,14.617025295049636,0.08065246520253135,0.0,0.0,0.0,0.0,15.809411595869184,7.344558654692715,24.623161595869185,0.0,0.11778880691166563,0.97,1.0,false,false,false,1.0,,15.65,,,1.0,15.809411595869184
2026,1,00-0023459,Aaron Rodgers,QB,PIT,0,32.923793030636965,21.400465469914028,231.3813135716626,1.4306949834907392,0.5559010835969137,1.4984251598950555,3.9595919357940503,0.169178562730508,0.0,0.0,0.0,0.0,15.277260879598087,6.812407938421618,24.091010879598088,0.004545454545454545,0.05438177791718801,0.97,1.0,false,false,false,1.0,,15.0,,,1.0,15.277260879598087
2026,1,00-0039732,Bo Nix,QB,DEN,0,32.70976604030755,21.261347926199907,200.4094585308788,1.2457319489429324,0.6761558112988432,5.0936216664556495,18.82177093894116,0.2908528411496296,0.0,0.0,0.0,0.0,15.27428865520109,6.809435714024621,24.08803865520109,0.0012254901960784314,0.19749406276386017,0.97,1.0,false,false,false,1.0,,15.95,,,1.0,15.27428865520109
2026,1,00-0033119,Jacoby Brissett,QB,ARI,0,35.863538514166855,23.311300034208458,234.7776845144918,1.2630362744102572,0.949422112851736,2.9771296873596667,14.669195568905028,0.05947248933007373,0.0,0.0,0.0,0.0,14.368162745388174,5.903309804211705,23.181912745388175,0.0,0.13513265772108418,0.97,1.0,false,false,false,1.0,,15.0,,,1.0,14.368162745388174
2026,1,00-0036264,Jordan Love,QB,GB,0,30.53639257354558,19.848655172804627,218.65244053518228,1.3748184180421228,0.8181448463220905,3.0425958370984265,14.381288118830275,0.052082982725820785,0.0,0.0,0.0,0.0,14.359708309169553,5.894855367993085,23.173458309169554,0.0,0.1066657799885525,0.97,1.0,false,false,false,1.0,,15.1,,,1.0,14.359708309169553
2026,1,00-0040676,Cam Ward,QB,TEN,0,32.307327151950005,20.999762648767504,225.61886344547815,1.0971752006466444,0.707496062548222,2.5728785052505687,10.306705605972189,0.20922098132870282,0.0,0.0,0.0,0.0,14.284459663878698,5.819606722702229,23.0982096638787,0.0,0.09495056598874116,0.97,1.0,false,false,false,1.0,,15.75,,,1.0,14.284459663878698
2026,1,00-0029604,Kirk Cousins,QB,LV,0,32.80062016976269,21.320403110345747,219.8672307201595,1.3780355500131884,0.7420179376306957,1.4949084555589807,4.963886401876626,0.08199471348338828,0.0,0.0,0.0,0.0,13.811152474685736,5.346299533509267,22.624902474685737,0.0,0.05527344608377803,0.97,1.0,false,false,false,1.0,,15.0,,,1.0,13.811152474685736
2026,1,00-0033537,Deshaun Watson,QB,CLE,0,32.00663317457944,20.804311563476638,197.38968480620514,0.9926856986963691,0.7623889551095377,4.822449886024181,21.803778025590187,0.17911507908254864,0.0,0.0,0.0,0.0,13.596620553868917,5.131767612692448,22.410370553868916,0.0,0.1887672806423544,0.97,1.0,false,false,false,1.0,,15.0,,,1.0,13.596620553868917
2026,1,00-0036212,Tua Tagovailoa,QB,ATL,0,30.951570328265785,20.11852071337276,220.3637502577855,1.1672367696429968,0.8671855301355816,1.602546323572001,5.600518655819442,0.035027288013081304,0.0,0.0,0.0,0.0,12.519341622272675,4.054488681096206,21.333091622272676,0.0,0.057896513379636735,0.97,1.0,false,false,false,1.0,,15.0,,,1.0,12.519341622272675
2026,1,00-0030565,Geno Smith,QB,NYJ,0,29.652520329315895,19.27413821405533,202.28381972518488,1.046382057866983,0.6981669844966013,3.5195758469071934,11.601855374019468,0.05353300558243885,0.0,0.0,0.0,0.0,12.361930622378704,3.8970776812022354,21.175680622378707,0.0,0.12465377619803113,0.97,1.0,false,false,false,1.0,,15.3,,,1.0,12.361930622378704
2026,1,00-0041251,Jalon Daniels,QB,TB,1,0.3462389116377651,0.22505529256454732,2.4749050004936897,0.017566391222411163,0.008584893931632,0.0,0.0,0.0,0.0,0.0,0.0,0.0,3.1497674970461276,2.997675519999999,11.963517497046128,0.03507,0.0,0.010000000000000009,2.0,false,false,false,1.0,,15.0,9.2795990235979,0.0,0.57176064,0.15209197704612823
2026,1,00-0041562,Fernando Mendoza,QB,LV,1,0.3381507233996156,0.21979797020975014,2.369093627621014,0.014804406995267734,0.007867723424316504,0.0,0.0,0.0,0.0,0.0,0.0,0.0,3.135921446237278,2.9976755199999996,11.949671446237279,0.03507,0.0,0.010000000000000009,2.0,false,false,false,1.0,,15.0,15.917975207207325,0.0,0.57176064,0.1382459262372785
2026,1,00-0041056,Cade Klubnik,QB,NYJ,1,0.3056960858692363,0.1987024558150036,2.101777430909639,0.011014583255564689,0.007704842865165445,0.0,0.0,0.0,0.0,0.0,0.0,0.0,2.747193742107115,2.6344739975788016,11.560943742107115,0.03507,0.0,0.010000000000000009,2.0,false,false,false,1.0,,15.0,6.26459237384198,0.0,0.57176064,0.11271974452831343
2026,1,00-0041414,Matthew Caldwell,QB,LA,1,0.35073611023504564,0.22797847165277968,2.5227407080500184,0.016633463288789938,0.008111979291517465,0.0,0.0,0.0,0.0,0.0,0.0,0.0,1.4941275228941258,1.3429080000000002,10.307877522894126,0.01612274112,0.0,0.010000000000000009,,false,false,false,1.0,,12.0,10.100842578721068,0.0,0.808156,0.15121952289412555
2026,1,00-0040985,Diego Pavia,QB,BAL,1,0.184848204307833,0.12015133280009145,1.3497750547267209,0.010065706807118019,0.004314100542292854,0.0,0.0,0.0,0.0,0.0,0.0,0.0,1.3669376819912822,1.281312053658327,10.180687681991284,0.01612274112,0.0,0.006000000000000005,,false,false,false,1.0,,15.0,6.7645525359158185,0.0,0.808156,0.0856256283329552
2026,1,00-0041453,Luke Altmyer,QB,DET,1,0.5360671245785158,0.34844363097603526,3.901640820310726,0.02951850857800177,0.012803606836647174,0.0,0.0,0.0,0.0,0.0,0.0,0.0,1.155228523451142,0.9066960700000001,9.968978523451142,0.016112159999999997,0.0,0.015000000000000013,3.0,false,false,false,1.0,,15.0,8.222624379235048,0.0,0.87047199,0.2485324534511418
2026,1,00-0041568,Ty Simpson,QB,LA,1,0.35073611023504564,0.22797847165277968,2.5217973128708646,0.01665826181589066,0.008059052736567752,0.0,0.0,0.0,0.0,0.0,0.0,0.0,1.058082904305262,0.9066960700000002,9.871832904305263,0.016112159999999997,0.0,0.010000000000000009,3.0,false,false,false,1.0,,15.0,12.623206133138746,0.0,0.87047199,0.15138683430526173
2026,1,00-0041149,Haynes King,QB,CAR,1,0.3355739438984693,0.21812306353400504,2.371060939664768,0.015384399392357077,0.00824334408664213,0.0,0.0,0.0,0.0,0.0,0.0,0.0,1.046589416982735,0.9066960700000002,9.860339416982736,0.016112159999999997,0.0,0.010000000000000009,3.0,false,false,false,1.0,,15.0,9.413434177940353,0.0,0.87047199,0.13989334698273476
2026,1,00-0041561,Carson Beck,QB,ARI,1,0.3697272011769782,0.24032268076503585,2.4556310559433108,0.01207827708832312,0.010264548972157922,0.0,0.0,0.0,0.0,0.0,0.0,0.0,1.0327053226467091,0.9066960700000001,9.84645532264671,0.016112159999999997,0.0,0.010000000000000009,3.0,false,false,false,1.0,,15.0,12.77982206231828,0.0,0.87047199,0.12600925264670906
2026,1,00-0041092,Taylen Green,QB,CLE,1,0.32996529045958223,0.21447743879872846,2.160101676210221,0.009955925728984063,0.008800501345993389,0.0,0.0,0.0,0.0,0.0,0.0,0.0,1.0153228372723586,0.9066960700000003,9.82907283727236,0.016112159999999997,0.0,0.010000000000000009,3.0,false,false,false,1.0,,15.0,7.478556797464978,0.0,0.87047199,0.10862676727235832
2026,1,00-0040981,Joe Fagnano,QB,BAL,1,0.184848204307833,0.12015133280009145,1.350923610181303,0.010032416319068935,0.004378537042206084,0.0,0.0,0.0,0.0,0.0,0.0,0.0,0.9921056055991159,0.9066960700000002,9.805855605599117,0.016112159999999997,0.0,0.006000000000000005,3.0,false,false,false,1.0,,15.0,8.207193010766717,0.0,0.87047199,0.08540953559911568
2026,1,00-0041123,Behren Morton,QB,NE,1,0.4682471388580548,0.3043606402577356,3.179576867002592,0.01646181702975982,0.012098788324640135,0.0,0.0,0.0,0.0,0.0,0.0,0.0,0.9200326577058089,0.7511998915559462,9.73378265770581,0.016112159999999997,0.0,0.015000000000000013,3.0,false,false,false,1.0,,15.0,5.968349732062842,0.0,0.87047199,0.16883276614986267
2026,1,00-0040906,Garrett Nussmeier,QB,KC,1,0.34025257380864554,0.2211641729756196,2.3677868188671614,0.011658742570567955,0.008143777035318262,0.0,0.0,0.0,0.0,0.0,0.0,0.0,0.7458164145987959,0.6207575256324741,9.559566414598796,0.016112159999999997,0.0,0.010000000000000009,3.0,false,false,false,1.0,,15.0,4.917516718222511,0.0,0.87047199,0.12505888896632175
2026,1,00-0041156,Mark Gronowski,QB,MIA,1,0.31044005979348255,0.20178603886576366,2.0747399910729527,0.008250455267772417,0.007688788814462349,0.0,0.0,0.0,0.0,0.0,0.0,0.0,0.73042136453434,0.6298075214492569,9.544171364534341,0.016112159999999997,0.0,0.010000000000000009,3.0,false,false,false,1.0,,15.0,4.962940697711019,0.0,0.87047199,0.10061384308508309
2026,1,00-0041117,Athan Kaliakmanis,QB,WAS,1,0.3093382030380643,0.20106983197474182,2.1202035624803472,0.013417206288556506,0.008202206200417212,0.0,0.0,0.0,0.0,0.0,0.0,0.0,0.6945539947992604,0.5724814395466549,9.508303994799261,0.016112159999999997,0.0,0.010000000000000009,3.0,false,false,false,1.0,,15.0,4.541822689193943,0.0,0.87047199,0.12207255525260549
2026,1,00-0041172,Miller Moss,QB,CHI,1,0.3368412767983729,0.21894682991894238,2.403971099937937,0.017797270532273327,0.007866392072997679,0.0,0.0,0.0,0.0,0.0,0.0,0.0,0.5891151419806154,0.4375,9.402865141980616,0.014128199999999997,0.0,0.010000000000000009,4.0,false,false,false,1.0,,15.0,8.084925516942581,0.0,0.9375,0.15161514198061543
2026,1,00-0040891,Cole Payton,QB,PHI,1,0.32125315915059544,0.20881455344788705,2.3213331313903858,0.015156400334592516,0.007395808547359009,0.0,0.0,0.0,0.0,0.0,0.0,0.0,0.5761873094992674,0.4375,9.389937309499269,0.014128199999999997,0.0,0.010000000000000009,4.0,false,false,false,1.0,,15.0,7.1886553509093645,0.0,0.9375,0.13868730949926747
2026,1,00-0040996,Jacob Clark,QB,LV,1,0.3381507233996156,0.21979797020975014,2.3591833763880614,0.014411566843039488,0.007741340502342982,0.0,0.0,0.0,0.0,0.0,0.0,0.0,0.5740309214229944,0.43749999999999994,9.387780921422994,0.014128199999999997,0.0,0.010000000000000009,4.0,false,false,false,1.0,,15.0,7.637955882423732,0.0,0.9375,0.13653092142299444
2026,1,00-0041565,Drew Allar,QB,PIT,1,0.3394205467075979,0.22062335535993866,2.3939242798451073,0.01143892948023453,0.008359121523271519,0.0,0.0,0.0,0.0,0.0,0.0,0.0,0.5622944460681993,0.4375,9.3760444460682,0.014128199999999997,0.0,0.010000000000000009,4.0,false,false,false,1.0,,15.0,8.731148009246967,0.0,0.9375,0.12479444606819937
2026,1,00-0041194,Jack Strand,QB,ATL,1,0.2393162654247357,0.1555555725260782,1.6581020629951664,0.009490690390490207,0.006285645756093158,0.0,0.0,0.0,0.0,0.0,0.0,0.0,0.5292155525695812,0.4375,9.342965552569582,0.014128199999999997,0.0,0.007500000000000007,4.0,false,false,false,1.0,,15.0,8.184286043614094,0.0,0.9375,0.09171555256958118
2026,1,00-0041203,Joey Aguilar,QB,JAX,1,0.3205671887713252,0.20836867270136136,2.264909606231498,0.014831485826882065,0.007262340523334566,0.0,0.0,0.0,0.0,0.0,0.0,0.0,0.41539764651011934,0.28000000000000025,9.22914764651012,0.013466879999999999,0.0,0.010000000000000009,5.0,false,false,false,1.0,,15.0,8.367293117258813,0.0,0.96,0.13539764651011907
2026,1,00-0039398,Joe Milton III,QB,DAL,0,0.5318422053262223,0.3456974334620445,4.270883880776317,0.028300436495235087,0.015025908265672436,0.0,0.0,0.0,0.0,0.0,0.0,0.0,0.2539852846806482,0.0,9.06773528468065,0.0,0.0,0.015000000000000013,2.0,false,false,false,1.0,,9.32,,,1.0,0.2539852846806482
2026,1,00-0040464,DJ Uiagalelei,QB,LAC,0,0.5129600473351085,0.3334240307678205,3.823524928707257,0.029475070103977034,0.01129766184309293,0.0,0.0,0.0,0.0,0.0,0.0,0.0,0.24824595387801254,0.0,9.061995953878013,0.016112159999999997,0.0,0.015000000000000013,3.0,false,false,false,1.0,,15.0,,,1.0,0.24824595387801254
2026,1,00-0033949,Joshua Dobbs,QB,DET,0,0.5360671245785158,0.34844363097603526,3.8229752663068144,0.029482730308229597,0.01472634869554814,0.0,0.0,0.0,0.0,0.0,0.0,0.0,0.24139723449409467,0.0,9.055147234494095,0.0,0.0,0.015000000000000013,2.0,false,false,false,1.0,,9.65,,,1.0,0.24139723449409467
2026,1,00-0037012,Trey Lance,QB,LAC,0,0.5129600473351085,0.3334240307678205,3.8019458209760875,0.024713888558823026,0.011350187453250045,0.0,0.0,0.0,0.0,0.0,0.0,0.0,0.2282330121678355,0.0,9.041983012167837,0.0,0.0,0.015000000000000013,2.0,false,false,false,1.0,,9.3,,,1.0,0.2282330121678355
2026,1,00-0037077,Sam Howell,QB,DAL,0,0.5318422053262223,0.3456974334620445,3.7040560827075097,0.025332026694796856,0.013156970127143678,0.0,0.0,0.0,0.0,0.0,0.0,0.0,0.22317640983320047,0.0,9.036926409833201,0.001055672268907563,0.0,0.015000000000000013,3.0,false,false,false,1.0,,8.5,,,1.0,0.22317640983320047
2026,1,00-0035264,Jarrett Stidham,QB,DEN,0,0.5058211243346532,0.3287837308175246,3.437153306848589,0.026726278481843693,0.014494734912242626,0.0,0.0,0.0,0.0,0.0,0.0,0.0,0.2154017763768331,0.0,9.029151776376834,0.0,0.0,0.015000000000000013,2.0,false,false,false,1.0,,8.2,,,1.0,0.2154017763768331
2026,1,00-0036879,Sam Ehlinger,QB,DEN,0,0.5058211243346532,0.3287837308175246,3.2362214251679835,0.02603807724969982,0.013988771290170465,0.0,0.0,0.0,0.0,0.0,0.0,0.0,0.20562362342517768,0.0,9.019373623425178,0.0,0.0,0.015000000000000013,3.0,false,false,false,1.0,,7.5,,,1.0,0.20562362342517768
2026,1,00-0040673,Jalen Milroe,QB,SEA,0,0.463145259512962,0.3010444186834253,3.342412371862022,0.02138852993120619,0.012604537764965618,0.0,0.0,0.0,0.0,0.0,0.0,0.0,0.19404153906937438,0.0,9.007791539069375,0.0,0.0,0.015000000000000013,3.0,false,false,false,1.0,,10.5,,,1.0,0.19404153906937438
2026,1,00-0040014,Kyle McCord,QB,GB,0,0.4722122562919424,0.3069379665897626,3.2873999662548457,0.020841117199052635,0.012881026894559729,0.0,0.0,0.0,0.0,0.0,0.0,0.0,0.18909841365728491,0.0,9.002848413657286,0.028139999999999995,0.0,0.015000000000000013,3.0,false,false,false,1.0,,15.0,,,1.0,0.18909841365728491
2026,1,00-0035704,Drew Lock,QB,SEA,0,0.463145259512962,0.3010444186834253,2.9930507013405956,0.021122407488194113,0.012103692688482898,0.0,0.0,0.0,0.0,0.0,0.0,0.0,0.1800042726294345,0.0,8.993754272629435,0.0,0.0,0.015000000000000013,2.0,false,false,false,1.0,,9.65,,,1.0,0.1800042726294345
2026,1,00-0036679,Shane Buechele,QB,BUF,0,0.45811535932095016,0.2977749835586176,3.1327798921594154,0.018664405860071617,0.010585502078180901,0.0,0.0,0.0,0.0,0.0,0.0,0.0,0.17879781497030128,0.0,8.992547814970301,0.0,0.0,0.015000000000000013,3.0,false,false,false,1.0,,9.75,,,1.0,0.17879781497030128
2026,1,00-0038391,Sean Clifford,QB,CIN,0,0.3874410692543954,0.25183669501535705,2.8512311239042334,0.019805394282472688,0.00978334131420039,0.0,0.0,0.0,0.0,0.0,0.0,0.0,0.1737041394576593,0.0,8.98745413945766,0.0,0.0,0.010000000000000009,3.0,false,false,false,1.0,,7.6,,,1.0,0.1737041394576593
2026,1,00-0038416,Tyson Bagent,QB,CHI,0,0.3368412767983729,0.21894682991894238,2.9715755255826597,0.017628273431071012,0.008596656440212597,0.0,0.0,0.0,0.0,0.0,0.0,0.0,0.17218280186716522,0.0,8.985932801867166,0.0,0.0,0.010000000000000009,2.0,false,false,false,1.0,,8.95,,,1.0,0.17218280186716522
2026,1,00-0026300,Josh Johnson,QB,CIN,0,0.3874410692543954,0.25183669501535705,2.7428714809131565,0.019534928976658504,0.009084913358603614,0.0,0.0,0.0,0.0,0.0,0.0,0.0,0.16968474842595305,0.0,8.983434748425953,0.0,0.0,0.010000000000000009,3.0,false,false,false,1.0,,9.0,,,1.0,0.16968474842595305
2026,1,00-0026158,Joe Flacco,QB,CIN,0,0.3874410692543954,0.25183669501535705,2.612576971148261,0.019366030957222686,0.008547619026955342,0.0,0.0,0.0,0.0,0.0,0.0,0.0,0.1648719646209105,0.0,8.978621964620912,0.0,0.0,0.010000000000000009,2.0,false,false,false,1.0,,12.7,,,1.0,0.1648719646209105
2026,1,00-0038476,Tommy DeVito,QB,NE,0,0.4682471388580548,0.3043606402577356,3.0247623116944866,0.016479464210444657,0.01116889822557453,0.0,0.0,0.0,0.0,0.0,0.0,0.0,0.16457055285840905,0.0,8.97832055285841,0.0,0.0,0.015000000000000013,2.0,false,false,false,1.0,,8.25,,,1.0,0.16457055285840905
2026,1,00-0028118,Tyrod Taylor,QB,GB,0,0.4722122562919424,0.3069379665897626,2.91601147724324,0.017797563583125706,0.012733594009341256,0.0,0.0,0.0,0.0,0.0,0.0,0.0,0.16236352540354995,0.0,8.97611352540355,0.0,0.0,0.015000000000000013,2.0,false,false,false,1.0,,10.1,,,1.0,0.16236352540354995
2026,1,00-0034577,Kyle Allen,QB,BUF,0,0.45811535932095016,0.2977749835586176,2.671376642644964,0.019589217282263045,0.01280692934398264,0.0,0.0,0.0,0.0,0.0,0.0,0.0,0.15959807614688545,0.0,8.973348076146886,0.0,0.0,0.015000000000000013,2.0,false,false,false,1.0,,8.55,,,1.0,0.15959807614688545
2026,1,00-0039107,Stetson Bennett,QB,LA,0,0.35073611023504564,0.22797847165277968,2.554858072760342,0.017803488180164365,0.008272344444087143,0.0,0.0,0.0,0.0,0.0,0.0,0.0,0.15686358674289685,0.0,8.970613586742898,0.03507,0.0,0.010000000000000009,2.0,false,false,false,1.0,,15.0,,,1.0,0.15686358674289685
2026,1,00-0040415,Connor Bazelak,QB,TB,0,0.3462389116377651,0.22505529256454732,2.495628952101091,0.017681937493349894,0.009006870349405645,0.0,0.0,0.0,0.0,0.0,0.0,0.0,0.15253916735863193,0.0,8.966289167358633,0.016112159999999997,0.0,0.010000000000000009,3.0,false,false,false,1.0,,15.0,,,1.0,0.15253916735863193
2026,1,00-0027973,Andy Dalton,QB,PHI,0,0.32125315915059544,0.20881455344788705,2.5091753926769123,0.01569722088156883,0.007529655227537918,0.0,0.0,0.0,0.0,0.0,0.0,0.0,0.148096588778276,0.0,8.961846588778277,0.0,0.0,0.010000000000000009,2.0,false,false,false,1.0,,9.7,,,1.0,0.148096588778276
2026,1,00-0033869,Mitchell Trubisky,QB,TEN,0,0.3330652283706189,0.2164923984409023,2.6796720568910897,0.013807036845847038,0.008108016592016782,0.0,0.0,0.0,0.0,0.0,0.0,0.0,0.14619899647499818,0.0,8.959948996475,0.0,0.0,0.010000000000000009,2.0,false,false,false,1.0,,10.15,,,1.0,0.14619899647499818
2026,1,00-0035100,Jake Browning,QB,TB,0,0.3462389116377651,0.22505529256454732,2.519212226045856,0.015675286280811326,0.008814796069250043,0.0,0.0,0.0,0.0,0.0,0.0,0.0,0.14584004202657946,0.0,8.95959004202658,0.0,0.0,0.010000000000000009,2.0,false,false,false,1.0,,9.75,,,1.0,0.14584004202657946
2026,1,00-0040656,Hunter Dekkers,QB,NO,0,0.3542681730053601,0.2302743124534841,2.4791058860847572,0.01571293473309212,0.009315639748820624,0.0,0.0,0.0,0.0,0.0,0.0,0.0,0.1433846948781175,0.0,8.957134694878118,0.014128199999999997,0.0,0.010000000000000009,4.0,false,false,false,1.0,,15.0,,,1.0,0.1433846948781175
2026,1,00-0032950,Carson Wentz,QB,MIN,0,0.33348103379316124,0.21676267196555482,2.4474635799515987,0.01505087174483227,0.00741235689063534,0.0,0.0,0.0,0.0,0.0,0.0,0.0,0.14327731639612235,0.0,8.957027316396124,0.0,0.0,0.010000000000000009,3.0,false,false,false,1.0,,9.35,,,1.0,0.14327731639612235
2026,1,00-0035282,Easton Stick,QB,IND,0,0.3439843105925555,0.2235898018851611,2.4692073590739896,0.014954677785428208,0.007956975400966649,0.0,0.0,0.0,0.0,0.0,0.0,0.0,0.1426730547027391,0.0,8.95642305470274,0.0,0.0,0.010000000000000009,4.0,false,false,false,1.0,,7.75,,,1.0,0.1426730547027391
2026,1,00-0038400,Tanner McKee,QB,PHI,0,0.32125315915059544,0.20881455344788705,2.5195140135100194,0.014723922206659256,0.008920953469131349,0.0,0.0,0.0,0.0,0.0,0.0,0.0,0.14183434242877507,0.0,8.955584342428775,0.0,0.0,0.010000000000000009,3.0,false,false,false,1.0,,9.47,,,1.0,0.14183434242877507
2026,1,00-0036972,Mac Jones,QB,SF,0,0.3400969270946713,0.22106300261153636,2.5302914045696316,0.014694575654869016,0.009341602485232591,0.0,0.0,0.0,0.0,0.0,0.0,0.0,0.14130675383179614,0.0,8.955056753831796,0.0,0.0,0.010000000000000009,2.0,false,false,false,1.0,,12.85,,,1.0,0.14130675383179614
2026,1,00-0039923,J.J. McCarthy,QB,MIN,0,0.33348103379316124,0.21676267196555482,2.413857131731243,0.014917630915481237,0.008284440497772088,0.0,0.0,0.0,0.0,0.0,0.0,0.0,0.1396559279356305,0.0,8.95340592793563,0.0,0.0,0.010000000000000009,2.0,false,false,false,1.0,,13.12,,,1.0,0.1396559279356305
2026,1,00-0040589,Kurtis Rourke,QB,SF,0,0.3400969270946713,0.22106300261153636,2.4221994754982217,0.01490000474912168,0.00874628076123483,0.0,0.0,0.0,0.0,0.0,0.0,0.0,0.1389954364939459,0.0,8.952745436493947,0.016112159999999997,0.0,0.010000000000000009,3.0,false,false,false,1.0,,15.0,,,1.0,0.1389954364939459
2026,1,00-0039534,Carter Bradley,QB,JAX,0,0.3205671887713252,0.20836867270136136,2.2917674209700833,0.015353535900954651,0.00767609277186187,0.0,0.0,0.0,0.0,0.0,0.0,0.0,0.1377326548988982,0.0,8.951482654898898,0.014128199999999997,0.0,0.010000000000000009,4.0,false,false,false,1.0,Injured Reserve,12.0,,,1.0,0.1377326548988982
2026,1,00-0038658,Adrian Martinez,QB,SF,0,0.3400969270946713,0.22106300261153636,2.4546354403882167,0.01427208570529255,0.010061652493842294,0.0,0.0,0.0,0.0,0.0,0.0,0.0,0.1351504554490143,0.0,8.948900455449015,0.0,0.0,0.010000000000000009,4.0,false,false,false,1.0,,9.75,,,1.0,0.1351504554490143
2026,1,00-0034955,Brett Rypien,QB,HOU,0,0.3350176152910425,0.21776144993917765,2.3730953588953976,0.013474478413628005,0.008399762060404756,0.0,0.0,0.0,0.0,0.0,0.0,0.0,0.1320222038895184,0.0,8.945772203889518,0.0,0.0,0.010000000000000009,3.0,false,false,false,1.0,,7.9,,,1.0,0.1320222038895184
2026,1,00-0028986,Case Keenum,QB,CHI,0,0.3368412767983729,0.21894682991894238,1.9973188680860134,0.01708517474817893,0.008311591019186097,0.0,0.0,0.0,0.0,0.0,0.0,0.0,0.13161027167778405,0.0,8.945360271677785,0.0,0.0,0.010000000000000009,3.0,false,false,false,1.0,,7.6,,,1.0,0.13161027167778405
2026,1,00-0038998,Jake Haener,QB,NYG,0,0.32385809608521987,0.21050776245539293,2.27446974044966,0.014751957350873913,0.009546558563842287,0.0,0.0,0.0,0.0,0.0,0.0,0.0,0.13089350189379748,0.0,8.944643501893799,0.0,0.0,0.010000000000000009,3.0,false,false,false,1.0,,9.16,,,1.0,0.13089350189379748
2026,1,00-0033319,Nick Mullens,QB,JAX,0,0.3205671887713252,0.20836867270136136,2.1470089467648394,0.015254412915372313,0.008359587804226461,0.0,0.0,0.0,0.0,0.0,0.0,0.0,0.1301788339236299,0.0,8.94392883392363,0.0,0.0,0.010000000000000009,3.0,false,false,false,1.0,,9.55,,,1.0,0.1301788339236299
2026,1,00-0040211,Graham Mertz,QB,HOU,0,0.3350176152910425,0.21776144993917765,2.332394462164233,0.013284863491297236,0.008501753725883918,0.0,0.0,0.0,0.0,0.0,0.0,0.0,0.12943172499999042,0.0,8.943181724999992,0.01612274112,0.0,0.010000000000000009,,false,false,false,1.0,Injured Reserve,12.0,,,1.0,0.12943172499999042
2026,1,00-0039376,Spencer Rattler,QB,NO,0,0.3542681730053601,0.2302743124534841,2.303984016201427,0.012768039871217485,0.007644768429053977,0.0,0.0,0.0,0.0,0.0,0.0,0.0,0.12794198327481907,0.0,8.94169198327482,0.005027956989247312,0.0,0.010000000000000009,2.0,false,false,false,1.0,,11.84,,,1.0,0.12794198327481907
2026,1,00-0040203,Will Howard,QB,PIT,0,0.3394205467075979,0.22062335535993866,2.420535751716916,0.011908627975226824,0.00869476953398605,0.0,0.0,0.0,0.0,0.0,0.0,0.0,0.12706640290161184,0.0,8.940816402901612,0.016112159999999997,0.0,0.010000000000000009,3.0,false,false,false,1.0,,15.0,,,1.0,0.12706640290161184
2026,1,00-0040494,Max Brosmer,QB,MIN,0,0.33348103379316124,0.21676267196555482,2.1220921032302114,0.014184759070843853,0.007427082373307217,0.0,0.0,0.0,0.0,0.0,0.0,0.0,0.12676855566596942,0.0,8.94051855566597,0.0,0.0,0.010000000000000009,4.0,false,false,false,1.0,,12.0,,,1.0,0.12676855566596942
2026,1,00-0032268,Marcus Mariota,QB,WAS,0,0.3093382030380643,0.20106983197474182,2.217524300621963,0.013502138270813396,0.008258200079002194,0.0,0.0,0.0,0.0,0.0,0.0,0.0,0.12619312495012774,0.0,8.939943124950128,0.0,0.0,0.010000000000000009,2.0,false,false,false,1.0,,11.05,,,1.0,0.12619312495012774
2026,1,00-0039677,Sam Hartman,QB,WAS,0,0.3093382030380643,0.20106983197474182,2.143624453916839,0.01399112052950657,0.00846142666719609,0.0,0.0,0.0,0.0,0.0,0.0,0.0,0.12478660694030767,0.0,8.938536606940309,0.016112159999999997,0.0,0.010000000000000009,3.0,false,false,false,1.0,,15.0,,,1.0,0.12478660694030767
2026,1,00-0036898,Davis Mills,QB,HOU,0,0.3350176152910425,0.21776144993917765,2.166402139911931,0.01293996708496129,0.008412030744186757,0.0,0.0,0.0,0.0,0.0,0.0,0.0,0.12159189244794891,0.0,8.93534189244795,0.0,0.0,0.010000000000000009,2.0,false,false,false,1.0,,10.15,,,1.0,0.12159189244794891
2026,1,00-0038102,Kenny Pickett,QB,CAR,0,0.3355739438984693,0.21812306353400504,2.0020007600786647,0.013629628536773764,0.007917952160260602,0.0,0.0,0.0,0.0,0.0,0.0,0.0,0.11876264022972044,0.0,8.93251264022972,0.0,0.0,0.010000000000000009,2.0,false,false,false,1.0,,10.65,,,1.0,0.11876264022972044
2026,1,00-0039152,Will Levis,QB,TEN,0,0.3330652283706189,0.2164923984409023,2.298786775642159,0.011000658406995566,0.008972889149909341,0.0,0.0,0.0,0.0,0.0,0.0,0.0,0.11800832635384996,0.0,8.931758326353851,0.0,0.0,0.010000000000000009,3.0,false,false,false,1.0,,9.75,,,1.0,0.11800832635384996
2026,1,00-0038579,Aidan O'Connell,QB,LV,0,0.3381507233996156,0.21979797020975014,2.098084875162938,0.012429903884896766,0.008058483529455561,0.0,0.0,0.0,0.0,0.0,0.0,0.0,0.11752604348719349,0.0,8.931276043487195,0.0,0.0,0.010000000000000009,3.0,false,false,false,1.0,,9.7,,,1.0,0.11752604348719349
2026,1,00-0036928,Kyle Trask,QB,CAR,0,0.3355739438984693,0.21812306353400504,1.9772911075160942,0.014272716797590906,0.010483042057116084,0.0,0.0,0.0,0.0,0.0,0.0,0.0,0.1152164273767752,0.0,8.928966427376777,0.0,0.0,0.010000000000000009,4.0,false,false,false,1.0,,8.05,,,1.0,0.1152164273767752
2026,1,00-0037013,Zach Wilson,QB,NO,0,0.3542681730053601,0.2302743124534841,2.007711336599301,0.013309394815428754,0.009465615587010675,0.0,0.0,0.0,0.0,0.0,0.0,0.0,0.1146148015516657,0.0,8.928364801551666,0.0,0.0,0.010000000000000009,3.0,false,false,false,1.0,,9.3,,,1.0,0.1146148015516657
2026,1,00-0038550,Hendon Hooker,QB,TEN,0,0.3330652283706189,0.2164923984409023,2.0996260414920758,0.01114039785922389,0.008156292710028094,0.0,0.0,0.0,0.0,0.0,0.0,0.0,0.11223404767652241,0.0,8.925984047676524,0.0,0.0,0.010000000000000009,4.0,false,false,false,1.0,,8.37,,,1.0,0.11223404767652241
2026,1,00-0037324,Chris Oladokun,QB,KC,0,0.34025257380864554,0.2211641729756196,2.038195549549474,0.010671213849879312,0.006416237693238582,0.0,0.0,0.0,0.0,0.0,0.0,0.0,0.11138020199501904,0.0,8.92513020199502,0.0,0.0,0.010000000000000009,4.0,false,false,false,1.0,Injured Reserve,9.0,,,1.0,0.11138020199501904
2026,1,00-0040668,Shedeur Sanders,QB,CLE,0,0.32996529045958223,0.21447743879872846,2.1459564234857953,0.010164943434037321,0.00877878308566608,0.0,0.0,0.0,0.0,0.0,0.0,0.0,0.10894046450424894,0.0,8.92269046450425,0.0,0.0,0.010000000000000009,2.0,false,false,false,1.0,,12.38,,,1.0,0.10894046450424894
2026,1,00-0032434,Brandon Allen,QB,NYG,0,0.32385809608521987,0.21050776245539293,1.866604134357984,0.012043079568992296,0.006991054245697974,0.0,0.0,0.0,0.0,0.0,0.0,0.0,0.1088543751588926,0.0,8.922604375158894,0.0,0.0,0.010000000000000009,3.0,false,false,false,1.0,,8.25,,,1.0,0.1088543751588926
2026,1,00-0034771,Mason Rudolph,QB,PIT,0,0.3394205467075979,0.22062335535993866,2.089055888121205,0.010707921303909606,0.009305562808786352,0.0,0.0,0.0,0.0,0.0,0.0,0.0,0.10778279512291393,0.0,8.921532795122914,0.0,0.0,0.010000000000000009,2.0,false,false,false,1.0,,10.4,,,1.0,0.10778279512291393
2026,1,00-0039577,Kedon Slovis,QB,ARI,0,0.3697272011769782,0.24032268076503585,1.9943096334355874,0.012295776866309463,0.010894278152535393,0.0,0.0,0.0,0.0,0.0,0.0,0.0,0.10716693649759054,0.0,8.92091693649759,0.0,0.0,0.010000000000000009,4.0,false,false,false,1.0,,10.12,,,1.0,0.10716693649759054
2026,1,00-0040234,Quinn Ewers,QB,MIA,0,0.31044005979348255,0.20178603886576366,2.138117055379003,0.00876616681375996,0.0071072995030201785,0.0,0.0,0.0,0.0,0.0,0.0,0.0,0.10637475046415959,0.0,8.92012475046416,0.007116477272727272,0.0,0.010000000000000009,2.0,false,false,false,1.0,,10.87,,,1.0,0.10637475046415959
2026,1,00-0040206,Riley Leonard,QB,IND,0,0.3439843105925555,0.2235898018851611,1.956381162341254,0.012262152739865695,0.012238908916967793,0.0,0.0,0.0,0.0,0.0,0.0,0.0,0.10282603961917737,0.0,8.916576039619178,0.0,0.0,0.010000000000000009,2.0,false,false,false,1.0,,11.25,,,1.0,0.10282603961917737
2026,1,00-0040222,Cam Miller,QB,MIA,0,0.31044005979348255,0.20178603886576366,2.1015843415330915,0.00857445910550469,0.008136315924620675,0.0,0.0,0.0,0.0,0.0,0.0,0.0,0.10208857823410106,0.0,8.915838578234101,0.02008008,0.0,0.010000000000000009,2.0,false,false,false,1.0,,15.0,,,1.0,0.10208857823410106
2026,1,00-0036945,Justin Fields,QB,KC,0,0.34025257380864554,0.2211641729756196,1.94948327962076,0.008168439776077724,0.005490483625154896,0.0,0.0,0.0,0.0,0.0,0.0,0.0,0.09967212303883151,0.0,8.913422123038831,0.004817307692307693,0.0,0.010000000000000009,2.0,false,false,false,1.0,,12.35,,,1.0,0.09967212303883151
2026,1,00-0038108,Bailey Zappe,QB,NYJ,0,0.3056960858692363,0.1987024558150036,1.9232227521003444,0.009687799445905794,0.008654763809602714,0.0,0.0,0.0,0.0,0.0,0.0,0.0,0.09837058024843154,0.0,8.912120580248432,0.0,0.0,0.010000000000000009,4.0,false,false,false,1.0,,8.15,,,1.0,0.09837058024843154
2026,1,00-0035289,Gardner Minshew,QB,ARI,0,0.3697272011769782,0.24032268076503585,2.0152904038818606,0.01019733307722615,0.012299579397790788,0.0,0.0,0.0,0.0,0.0,0.0,0.0,0.09680178966859745,0.0,8.910551789668599,0.0,0.0,0.010000000000000009,2.0,false,false,false,1.0,,11.0,,,1.0,0.09680178966859745
2026,1,00-0039917,Michael Penix Jr.,QB,ATL,0,0.2393162654247357,0.1555555725260782,1.7287377389465461,0.00909440424820991,0.0065288422831413255,0.0,0.0,0.0,0.0,0.0,0.0,0.0,0.09246944198441884,0.0,8.906219441984419,0.0,0.0,0.007500000000000007,2.0,false,false,false,1.0,,11.53,,,1.0,0.09246944198441884
2026,1,00-0040704,Dillon Gabriel,QB,CLE,0,0.32996529045958223,0.21447743879872846,1.842941364990321,0.008973644561305448,0.008617140917876085,0.0,0.0,0.0,0.0,0.0,0.0,0.0,0.09237795100908246,0.0,8.906127951009083,0.0,0.0,0.010000000000000009,,false,false,false,1.0,Injured Reserve,12.0,,,1.0,0.09237795100908246
2026,1,00-0035993,Tyler Huntley,QB,BAL,0,0.184848204307833,0.12015133280009145,1.322095626546449,0.010996546622690976,0.003960002181291465,0.0,0.0,0.0,0.0,0.0,0.0,0.0,0.08895000719003894,0.0,8.90270000719004,0.0,0.0,0.006000000000000005,2.0,false,false,false,1.0,,10.0,,,1.0,0.08895000719003894
2026,1,00-0040398,Brady Cook,QB,NYJ,0,0.3056960858692363,0.1987024558150036,1.7913243498385016,0.008346950455482699,0.008231420768686878,0.0,0.0,0.0,0.0,0.0,0.0,0.0,0.0885779342780971,0.0,8.902327934278098,0.0,0.0,0.010000000000000009,3.0,false,false,false,1.0,,11.25,,,1.0,0.0885779342780971
2026,1,00-0039464,Austin Reed,QB,BAL,0,0.184848204307833,0.12015133280009145,1.3664105938775706,0.010360110991023535,0.0046171184156203115,0.0,0.0,0.0,0.0,0.0,0.0,0.0,0.08686263088795633,0.0,8.900612630887958,0.014128199999999997,0.0,0.006000000000000005,4.0,false,false,false,1.0,,15.0,,,1.0,0.08686263088795633
2026,1,00-0037327,Skylar Thompson,QB,BAL,0,0.184848204307833,0.12015133280009145,1.32389126255088,0.009483933275980889,0.004493705341354499,0.0,0.0,0.0,0.0,0.0,0.0,0.0,0.08190397292324976,0.0,8.89565397292325,0.0,0.0,0.006000000000000005,,false,false,false,1.0,Injured Reserve,7.8,,,1.0,0.08190397292324976
2026,1,00-0032156,Trevor Siemian,QB,ATL,0,0.2393162654247357,0.1555555725260782,1.4873491794599494,0.008541716255249979,0.006515975448698066,0.0,0.0,0.0,0.0,0.0,0.0,0.0,0.08062888130200176,0.0,8.894378881302002,0.0,0.0,0.007500000000000007,3.0,false,false,false,1.0,,7.75,,,1.0,0.08062888130200176
2026,1,00-0033662,Cooper Rush,QB,ATL,0,0.2393162654247357,0.1555555725260782,1.506220090315189,0.008586866416456397,0.007056077144369496,0.0,0.0,0.0,0.0,0.0,0.0,0.0,0.08048411498969416,0.0,8.894234114989695,0.0,0.0,0.007500000000000007,3.0,false,false,false,1.0,,10.85,,,1.0,0.08048411498969416
2026,1,00-0039164,Anthony Richardson,QB,IND,0,0.3439843105925555,0.2235898018851611,2.072931257884978,0.0063777416477265305,0.014851632834918414,0.0,0.0,0.0,0.0,0.0,0.0,0.0,0.07872495123646842,0.0,8.89247495123647,0.008104838709677419,0.0,0.010000000000000009,3.0,false,false,false,1.0,,9.95,,,1.0,0.07872495123646842
2026,1,00-0031503,Jameis Winston,QB,NYG,0,0.32385809608521987,0.21050776245539293,2.130841334610205,0.006111986784238574,0.017588687334285324,0.0,0.0,0.0,0.0,0.0,0.0,0.0,0.07450422585279184,0.0,8.888254225852792,0.006139705882352941,0.0,0.010000000000000009,2.0,false,false,false,1.0,,10.35,,,1.0,0.07450422585279184
2026,1,00-0038542,Bijan Robinson,RB,ATL,0,0.0,0.0,0.0,0.0,0.0,15.98356920679479,68.09280005439437,0.6648320503624388,4.395096966403873,3.5367525044937898,28.0843965784301,0.14663703107644047,18.023286656409514,12.014779869079199,25.124536656409518,0.13773918454529754,0.5774515936443488,0.0,1.0,false,false,false,1.0,,16.0,,,1.0,18.023286656409514
2026,1,00-0039139,Jahmyr Gibbs,RB,DET,0,0.0,0.0,0.0,0.0,0.0,13.410152720064854,59.05164657775813,0.9493120222825888,3.9079051702444643,2.795411530028194,24.662120141547557,0.17087834557344353,17.88793040909496,11.879423621764644,24.989180409094963,0.10934932374328314,0.48423836665887227,0.0,1.0,false,false,false,1.0,,15.9,,,1.0,17.88793040909496
2026,1,00-0038597,Chase Brown,RB,CIN,0,0.0,0.0,0.0,0.0,0.0,12.495857073340353,55.76019764040414,0.6180876052840872,3.814665963361431,2.920309766161059,22.626569040246846,0.1505503659077619,15.370814261377252,9.362307474046936,22.472064261377255,0.09845796602571083,0.5027444574690324,0.0,1.0,false,false,false,1.0,,15.6,,,1.0,15.370814261377252
2026,1,00-0039040,De'Von Achane,RB,MIA,0,0.0,0.0,0.0,0.0,0.0,10.985869276655295,45.88431381896765,0.4080229730524932,4.171961641786227,3.307332156939198,31.21460423775472,0.1088786474962417,14.118633685903845,8.11012689857353,21.21988368590385,0.1343886367165884,0.3922786201325576,0.0,1.0,false,false,false,1.0,,15.4,,,1.0,14.118633685903845
2026,1,00-0040122,Ashton Jeanty,RB,LV,0,0.0,0.0,0.0,0.0,0.0,17.427926561583522,73.28384672081503,0.4458884974232887,2.5471848039534604,1.8699552278997125,15.332952966123655,0.0690781091253149,13.821434835885203,7.812928048554887,20.922684835885207,0.07532690684039382,0.6443883273063227,0.0,1.0,false,false,false,1.0,,15.75,,,1.0,13.821434835885203
2026,1,00-0037840,Kyren Williams,RB,LA,0,0.0,0.0,0.0,0.0,0.0,13.589696523360525,63.67970241079759,0.610857408675413,2.297584322733075,1.718567466141767,14.60519913675602,0.06403635349168572,13.596420193899721,7.587913406569405,20.697670193899725,0.06550749283252734,0.5047066878035297,0.0,1.0,false,false,false,1.0,,15.6,,,1.0,13.596420193899721
2026,1,00-0036275,D'Andre Swift,RB,CHI,0,0.0,0.0,0.0,0.0,0.0,12.872985046567818,59.62806289141493,0.7244693721472211,1.9987272532554865,1.4821353791692145,11.619794345141694,0.05836307503332685,13.303915785908165,7.295408998577849,20.40516578590817,0.05933736127154898,0.45698254511720443,0.0,1.0,false,false,false,1.0,,15.65,,,1.0,13.303915785908165
2026,1,00-0036223,Jonathan Taylor,RB,IND,0,0.0,0.0,0.0,0.0,0.0,14.230226239712126,57.737503811979145,0.5866726496489325,2.39250940080934,2.008225583287188,14.869914908910689,0.06838423014350738,13.199308734130812,7.190801946800495,20.300558734130817,0.06955286410266645,0.5521777413718236,0.0,1.0,false,false,false,1.0,,15.2,,,1.0,13.199308734130812
2026,1,00-0040666,Omarion Hampton,RB,LAC,0,0.0,0.0,0.0,0.0,0.0,9.95217569858418,47.05505414502989,0.5541159476505221,2.6289447952533176,2.137988099354719,19.397984529015623,0.12242979246661956,12.842566407462122,6.834059620131806,19.943816407462126,0.0768757179699769,0.3397133188030454,0.0,1.0,false,false,false,1.0,,12.75,,,1.0,12.842566407462122
2026,1,00-0033280,Christian McCaffrey,RB,SF,0,0.0,0.0,0.0,0.0,0.0,11.983257776015154,46.97241910442623,0.406736112647797,3.3112655782773035,2.4626332978484835,24.772177929210443,0.10612632892519336,12.714267650650093,6.705760863319777,19.815517650650097,0.09736240802186265,0.45747411779770264,0.0,1.0,false,false,false,1.0,,14.0,,,1.0,12.714267650650093
2026,1,00-0035700,Josh Jacobs,RB,GB,0,0.0,0.0,0.0,0.0,0.0,13.987533206650992,57.891739780501375,0.682585289586616,1.7507897260200949,1.350823042463082,10.200396606528383,0.04620608955844877,12.532784956036446,6.52427816870613,19.63403495603645,0.055614494415124234,0.4903678370328822,0.0,1.0,false,false,false,1.0,,15.2,,,1.0,12.532784956036446
2026,1,00-0037228,Jaylen Warren,RB,PIT,0,0.0,0.0,0.0,0.0,0.0,12.077561289565585,54.54069732071318,0.5139653141340844,2.336091183815793,1.852935973163456,15.412719268485427,0.051876437344316184,12.24332814095372,6.234821353623404,19.344578140953725,0.06882586238446778,0.4383263665142825,0.0,1.0,false,false,false,1.0,,15.4,,,1.0,12.24332814095372
2026,1,00-0034844,Saquon Barkley,RB,PHI,0,0.0,0.0,0.0,0.0,0.0,12.890596385596846,57.252597242003084,0.5327602274160982,1.952084208059178,1.5963807153765759,12.769235246778416,0.04681931759568578,12.07604123432543,6.067534446995114,19.177291234325434,0.060764669621321654,0.44470612853524605,0.0,1.0,false,false,false,1.0,,15.4,,,1.0,12.07604123432543
2026,1,00-0041512,Jadarian Price,RB,SEA,1,0.0,0.0,0.0,0.0,0.0,10.180569524149682,42.98584022655688,0.40695256881085784,1.1301448086266184,0.8916475315248023,6.967078591515864,0.02576953774555178,11.635004392713322,5.626497605383006,18.736254392713327,0.036602279265960734,0.3427702375170728,0.0,1.0,false,false,false,1.0,,15.0,11.635004392713322,0.0,0.0,8.483272052670536
2026,1,00-0041027,Jeremiyah Love,RB,ARI,1,0.0,0.0,0.0,0.0,0.0,5.05277927749378,19.284572843761442,0.07255179887472966,1.3802345704239154,1.0776373661754621,7.9404225779818,0.026993874247291116,11.39741094708191,7.0,18.498660947081916,0.037331161083905114,0.22934690938885713,0.0,1.0,false,false,false,1.0,,15.0,21.609858110223886,0.0,0.0,4.3974109470819105
2026,1,00-0038120,Breece Hall,RB,NYJ,0,0.0,0.0,0.0,0.0,0.0,13.52006323533008,51.97679506282923,0.48030197636439714,1.6643394083031038,1.5538634285937931,14.67668972063775,0.027010014818635734,11.26308385403869,5.254577066708374,18.364333854038694,0.05444424986897079,0.47884376130181583,0.0,1.0,false,false,false,1.0,,15.55,,,1.0,11.26308385403869
2026,1,00-0036919,Kenny Gainwell,RB,TB,0,0.0,0.0,0.0,0.0,0.0,4.609705109756797,20.665816384684685,0.37641822716403145,3.5346313694555866,2.981348361516538,26.50493758716971,0.1470495871375764,10.839230644511625,4.830723857181309,17.94048064451163,0.10208648567938888,0.1784146470064363,0.0,2.0,false,false,false,1.0,,15.95,,,1.0,10.839230644511625
2026,1,00-0032764,Derrick Henry,RB,BAL,0,0.0,0.0,0.0,0.0,0.0,11.122165256861711,50.724564689356164,0.6854564195655836,0.9581116449059381,0.7328514086389785,6.264104769027824,0.016277797284260133,10.642123655576441,4.633616868246125,17.743373655576445,0.031099408787667798,0.3655326163574621,0.0,1.0,false,false,false,1.0,,16.0,,,1.0,10.642123655576441
2026,1,00-0039361,Bucky Irving,RB,TB,0,0.0,0.0,0.0,0.0,0.0,12.259478593642521,52.58256580933744,0.22929387773654095,2.251165173284479,1.783273831638504,14.552019923235699,0.08703497432500219,10.394705517265075,4.386198729934759,17.49595551726508,0.06501768280855875,0.4744925095399628,0.0,1.0,false,false,false,1.0,,13.74,,,1.0,10.394705517265075
2026,1,00-0036997,Javonte Williams,RB,DAL,0,0.0,0.0,0.0,0.0,0.0,9.971083617325318,44.99890477089172,0.4183841206687826,1.6643697416558156,1.3392060113920514,10.645205940462004,0.04854767902078318,9.705207880664819,3.696701093334503,16.806457880664823,0.04694164147714423,0.3709205196544103,0.0,1.0,false,false,false,1.0,,15.65,,,1.0,9.705207880664819
2026,1,00-0033293,Aaron Jones,RB,MIN,0,0.0,0.0,0.0,0.0,0.0,8.784808996478718,34.40687244293443,0.25475089502947856,2.825306045765172,2.3413613667873143,18.27255612884453,0.0915198009505299,9.68692839984526,3.6784216125149447,16.788178399845265,0.08472164109691308,0.3197303661257322,0.0,1.0,false,false,false,1.0,,14.2,,,1.0,9.68692839984526
2026,1,00-0040715,Cam Skattebo,RB,NYG,0,0.0,0.0,0.0,0.0,0.0,7.360113751128729,34.136099596554324,0.31178468313168883,2.416381676042892,2.091156216739274,16.626959839303257,0.08750222235175198,9.563183593225677,3.554676805895361,16.66443359322568,0.07461235971099664,0.263184760348954,0.0,1.0,false,false,false,1.0,,12.38,,,1.0,9.563183593225677
2026,1,00-0036555,Chuba Hubbard,RB,CAR,0,0.0,0.0,0.0,0.0,0.0,10.530603306690802,44.913554284888825,0.2638360715269942,2.0124681584169406,1.741823137928039,12.71528984029038,0.06127309871308183,9.455362571886416,3.4468557845561003,16.556612571886422,0.05997093025273237,0.3985011559138515,0.0,1.0,false,false,false,1.0,,15.1,,,1.0,9.455362571886416
2026,1,00-0040784,Quinshon Judkins,RB,CLE,0,0.0,0.0,0.0,0.0,0.0,10.795350455250746,43.82758579527788,0.2538108955534845,2.340856425013171,1.7814654596044404,13.480795738076848,0.046182643447867634,9.312264846948025,3.303758059617709,16.41351484694803,0.07094250494507412,0.42256715926164584,0.0,1.0,false,false,false,1.0,,14.62,,,1.0,9.312264846948025
2026,1,00-0038134,Kenneth Walker III,RB,KC,0,0.0,0.0,0.0,0.0,0.0,10.897203619284861,48.517279784367254,0.2837691418938184,1.6601921124124475,1.3131527064164292,11.336073578737977,0.050477280244301516,9.303966575555672,3.2954597882253553,16.405216575555677,0.048792933256285184,0.4038461965507272,0.0,1.0,false,false,false,1.0,,15.0,,,1.0,9.303966575555672
2026,1,00-0035261,Tony Pollard,RB,TEN,0,0.0,0.0,0.0,0.0,0.0,12.039284932077315,48.12704615262245,0.40876846019874447,1.3510338027468136,1.0477783875371007,7.996713930744262,0.016459140030460048,9.211519997248999,3.2030132099186828,16.312769997249003,0.040563640021991414,0.44430272011197663,0.0,1.0,false,false,false,1.0,,15.85,,,1.0,9.211519997248999
2026,1,00-0036875,Rhamondre Stevenson,RB,NE,0,0.0,0.0,0.0,0.0,0.0,7.232578873490899,32.05511481286052,0.37655494855563126,2.0942381455410555,1.701744984406507,15.227044675351186,0.06395167261537203,9.073000660253697,3.0644938729233813,16.1742506602537,0.06708759024075665,0.2556429485039519,0.0,1.0,false,false,false,1.0,,14.55,,,1.0,9.073000660253697
2026,1,00-0036139,Rico Dowdle,RB,PIT,0,0.0,0.0,0.0,0.0,0.0,7.984983538956994,33.87673664287008,0.22878195368373366,2.5192627210993312,2.146666148916247,16.067066923742406,0.08776578434924023,9.040332933775339,3.031826146445023,16.141582933775343,0.07422245781925553,0.2897959892226941,0.0,2.0,false,false,false,1.0,,15.8,,,1.0,9.040332933775339
2026,1,00-0040242,Jacory Croskey-Merritt,RB,WAS,0,0.0,0.0,0.0,0.0,0.0,10.57168399690703,46.78025366278341,0.5825538283908757,0.47185107761411527,0.36199896794366215,2.9680622786040036,0.008771525654852652,8.884782686356774,2.8762758990264574,15.98603268635678,0.015253566257901034,0.3726660188390997,0.0,1.0,false,false,false,1.0,,15.75,,,1.0,8.884782686356774
2026,1,00-0038611,Chris Rodriguez Jr.,RB,JAX,0,0.0,0.0,0.0,0.0,0.0,11.321850857298497,52.07393005505526,0.4071836295668345,0.532634184882378,0.39764666984854957,3.3133621297870715,0.010286561548066942,8.44119703502219,2.432690247691874,15.542447035022196,0.016615368120607318,0.38680820942125554,0.0,2.0,false,false,false,1.0,,12.6,,,1.0,8.44119703502219
2026,1,00-0037248,James Cook,RB,BUF,0,0.0,0.0,0.0,0.0,0.0,8.259600641422994,37.8231846097431,0.26483156729811,1.791176377045935,1.340544846767633,12.718463568689902,0.05361068677592575,8.305363189055148,2.296856401724832,15.406613189055154,0.05864820969005297,0.27894523440711777,0.0,1.0,false,false,false,1.0,,15.85,,,1.0,8.305363189055148
2026,1,00-0035685,David Montgomery,RB,HOU,0,0.0,0.0,0.0,0.0,0.0,7.360231371973526,30.78896040934215,0.4116606653382728,0.9279910025232647,0.772416110839057,6.691746196622432,0.01288840098963237,7.067781169402946,1.0592743820726298,14.16903116940295,0.027699767420202203,0.2785817284452778,0.0,1.0,false,false,false,1.0,,15.4,,,1.0,7.067781169402946
2026,1,00-0036973,Travis Etienne,RB,NO,0,0.0,0.0,0.0,0.0,0.0,6.034266893060758,24.812062064070005,0.1623321403294438,2.004351342892959,1.619756849231974,13.801942143800346,0.05853588208285201,6.806365404492785,0.7978586171624684,13.90761540449279,0.05657723429935759,0.24765882487618637,0.0,1.0,false,false,false,1.0,,15.7,,,1.0,6.806365404492785
2026,1,00-0040734,TreVeyon Henderson,RB,NE,0,0.0,0.0,0.0,0.0,0.0,6.73993403044881,30.942001715380826,0.2441849746202241,1.1140985357307862,0.8947884945491202,7.452725905472581,0.02672985377962402,6.35975022703355,0.351243439703234,13.461000227033555,0.0356894397191987,0.23822990919343012,0.0,2.0,false,false,false,1.0,,15.75,,,1.0,6.35975022703355
2026,1,00-0039738,Blake Corum,RB,LA,0,0.0,0.0,0.0,0.0,0.0,6.815680005111466,32.515122162781374,0.3700199579465352,0.5783750704763427,0.4394271663039661,3.647986658213238,0.01114909787069157,6.342752383306789,0.33424559597647274,13.444002383306794,0.01649032003259503,0.2531270124093921,0.0,2.0,false,false,false,1.0,,15.63,,,1.0,6.342752383306789
2026,1,00-0040637,Lucas Scott,RB,BAL,0,0.0,0.0,0.0,0.0,0.0,7.426211971398002,33.28109949662905,0.18855212113863265,0.9041984042418061,0.7251356890355738,6.680652069196426,0.03158160737483833,6.042113216698946,0.03360642936863023,13.143363216698951,0.02934943536922932,0.2440642292970355,0.0,1.0,false,false,false,1.0,,15.0,,,1.0,6.042113216698946
2026,1,00-0037197,Isiah Pacheco,RB,DET,0,0.0,0.0,0.0,0.0,0.0,7.010255863920343,27.23304250198895,0.15785774392772184,1.3422834576104818,1.059815628250773,9.003439470806114,0.049227849594792476,5.925977386665365,0.0,13.02722738666537,0.037559199102142025,0.2531391640548857,0.0,2.0,false,false,false,1.0,,13.15,,,1.0,5.925977386665365
2026,1,00-0040236,Kyle Monangai,RB,CHI,0,0.0,0.0,0.0,0.0,0.0,6.333951117382635,29.645424014699106,0.15290189800453283,1.3061641524030565,0.9572074594208014,7.936477459149984,0.038740198726194386,5.865250187190074,0.0,12.966500187190078,0.03877684364630003,0.2248511197518409,0.0,2.0,false,false,false,1.0,,15.75,,,1.0,5.865250187190074
2026,1,00-0033526,Samaje Perine,RB,CIN,0,0.0,0.0,0.0,0.0,0.0,4.335774136261239,18.600207598542777,0.3152876028878233,1.2582643419152044,1.0084708745082023,7.351154015696227,0.04148990830985841,5.744272103118194,0.0,12.8455221031182,0.03247627682673526,0.17444072887912968,0.0,2.0,false,false,false,1.0,,15.4,,,1.0,5.744272103118194
2026,1,00-0040730,RJ Harvey,RB,DEN,0,0.0,0.0,0.0,0.0,0.0,4.079784850912599,15.590323705767721,0.16812826211053322,2.004417752939053,1.7107618298965184,10.580971177372353,0.04573072890594925,5.61104526430942,0.0,12.712295264309425,0.05944051137372796,0.15818475304425997,0.0,2.0,false,false,false,1.0,,15.75,,,1.0,5.61104526430942
2026,1,00-0039032,Tyjae Spears,RB,TEN,0,0.0,0.0,0.0,0.0,0.0,3.4838673404530787,14.613058707503438,0.07956356424989276,2.107732718234532,1.8083330200135033,13.315448610201358,0.06274572465498643,5.455039485213258,0.0,12.556289485213263,0.06328288091031677,0.1285700724424586,0.0,2.0,false,false,false,1.0,,14.05,,,1.0,5.455039485213258
2026,1,00-0040719,Bhayshul Tuten,RB,JAX,0,0.0,0.0,0.0,0.0,0.0,6.333310947586051,28.781437668049623,0.23779304933094683,0.6669347183968376,0.5266387684259778,4.629084706932528,0.020281829587189715,5.416140279433012,0.0,12.517390279433016,0.0208048341114721,0.21637598818611678,0.0,1.0,false,false,false,1.0,,15.0,,,1.0,5.416140279433012
2026,1,00-0040583,Woody Marks,RB,HOU,0,0.0,0.0,0.0,0.0,0.0,6.231131721826267,25.72172216007292,0.10059673276580243,1.1578300945551356,0.9293118350066096,7.512661115724189,0.02411497840469389,5.001020429609299,0.0,12.102270429609304,0.034560275093274896,0.2358457713498636,0.0,2.0,false,false,false,1.0,,15.38,,,1.0,5.001020429609299
2026,1,00-0036158,J.K. Dobbins,RB,DEN,0,0.0,0.0,0.0,0.0,0.0,7.035270862343107,27.301115742577995,0.12615106865710293,1.0387056928677578,0.8298457566872531,5.257879513380003,0.025294890304612655,4.994421036053347,0.0,12.095671036053352,0.030802559726050914,0.2727772724854071,0.0,1.0,false,false,false,1.0,,12.5,,,1.0,4.994421036053347
2026,1,00-0039384,Tyrone Tracy Jr.,RB,NYG,0,0.0,0.0,0.0,0.0,0.0,4.475117388911568,19.95248270760254,0.11594166067520852,1.3236397122149428,1.1042783485736365,8.782295680590488,0.03219297049884911,4.866563974437285,0.0,11.96781397443729,0.040870978005954864,0.16002234983847985,0.0,4.0,false,false,false,1.0,,15.32,,,1.0,4.866563974437285
2026,1,00-0040162,Dylan Sampson,RB,CLE,0,0.0,0.0,0.0,0.0,0.0,3.4655804447067844,14.218556640232952,0.028530094709693546,2.0660011406205,1.7374348184883426,12.721196052303188,0.03853702954179197,4.83381283325087,0.0,11.935062833250875,0.06261268079872688,0.13565474226917465,0.0,2.0,false,false,false,1.0,,15.0,,,1.0,4.83381283325087
2026,1,00-0037256,Rachaad White,RB,WAS,0,0.0,0.0,0.0,0.0,0.0,4.699195098903646,20.210921317103374,0.07565243659892913,1.26961310944155,1.0599740372130908,8.041943980432627,0.04344668104358861,4.599855272821798,0.0,11.701105272821803,0.04104288112404029,0.16565292055352682,0.0,2.0,false,false,false,1.0,,15.7,,,1.0,4.599855272821798
2026,1,00-0039921,Trey Benson,RB,ARI,0,0.0,0.0,0.0,0.0,0.0,2.6496016018581927,11.138470717666113,0.02999635418297561,1.9836862493184884,1.613245403306332,12.159554540078366,0.06771358496780908,4.529307563985488,0.0,11.630557563985493,0.053652699693278835,0.12026607637596132,0.0,,false,false,false,1.0,Injured Reserve,11.05,,,1.0,4.529307563985488
2026,1,00-0039344,Jonathon Brooks,RB,CAR,0,0.0,0.0,0.0,0.0,0.0,4.998837104148562,22.721490900584076,0.17843380507650897,0.6976837505656941,0.5790701877577137,4.435079087645939,0.01284386895813108,4.442393230788555,0.0,11.543643230788561,0.02079076052390959,0.18916697421909084,0.0,2.0,false,false,false,1.0,,8.37,,,1.0,4.442393230788555
2026,1,00-0041052,Kaelon Black,RB,SF,1,0.0,0.0,0.0,0.0,0.0,2.116301457161937,8.796195924405758,0.03275539947273014,0.6387275818980392,0.5087625845269848,4.4928799944008215,0.014999063695942446,4.406684404716357,2.2824874492966787,11.507934404716362,0.01878075133916867,0.08079214852967087,0.0,2.0,false,false,false,1.0,,15.0,5.612105649332696,0.0,0.3456,2.124196955419678
2026,1,00-0033906,Alvin Kamara,RB,NO,0,0.0,0.0,0.0,0.0,0.0,3.5988585868816596,14.05762939917768,0.04953149743719158,1.578306809087965,1.359572134505977,9.852646927136096,0.04752028546179139,4.332910464531253,0.0,11.434160464531256,0.04455118831868892,0.14770461836012633,0.0,2.0,false,false,false,1.0,,13.55,,,1.0,4.332910464531253
2026,1,00-0039874,Jaylen Wright,RB,MIA,0,0.0,0.0,0.0,0.0,0.0,4.238742596010001,18.492677316805324,0.10768077685951674,1.1543247045115308,0.8558309341510419,8.328580425850879,0.02385901616482015,4.327195466562684,0.0,11.428445466562689,0.037183497042212785,0.15135516860675194,0.0,2.0,false,false,false,1.0,,12.79,,,1.0,4.327195466562684
2026,1,00-0038555,Tank Bigsby,RB,PHI,0,0.0,0.0,0.0,0.0,0.0,4.127779962398323,20.1503996313969,0.2349794983870611,0.4518198483956994,0.34468944499920834,3.0741207449347607,0.011445208859365372,4.145689726110933,0.0,11.246939726110938,0.01406429277116923,0.1424021815293637,0.0,2.0,false,false,false,1.0,,15.05,,,1.0,4.145689726110933
2026,1,00-0037563,Malik Davis,RB,DAL,0,0.0,0.0,0.0,0.0,0.0,4.035908291889337,18.1291677554925,0.24685763184480547,0.5014891160643767,0.3899455796203457,3.2760269837474683,0.014104729933500183,4.096239224214177,0.0,11.19748922421418,0.014143925896876863,0.15013425404476727,0.0,2.0,false,false,false,1.0,,10.55,,,1.0,4.096239224214177
2026,1,00-0037525,Jordan Mason,RB,MIN,0,0.0,0.0,0.0,0.0,0.0,4.684059790255298,20.56876488535391,0.18432186539241152,0.5249981897068506,0.41324734490951703,3.4042538537329032,0.01168052083119968,3.986563536159866,0.0,11.08781353615987,0.01574296995949931,0.170480217873087,0.0,2.0,false,false,false,1.0,,14.9,,,1.0,3.986563536159866
2026,1,00-0033553,James Conner,RB,ARI,0,0.0,0.0,0.0,0.0,0.0,3.4334929947072537,11.54388618498159,0.10193818123821378,1.5169912983823943,1.1917913419918853,8.037537130963468,0.0371226701008563,3.984298781620812,0.0,11.085548781620817,0.04103001601054107,0.15584710186172773,0.0,,false,false,false,1.0,Injured Reserve,11.45,,,1.0,3.984298781620812
2026,1,00-0038489,Ben VanSumeren,RB,BUF,0,0.0,0.0,0.0,0.0,0.0,6.679588347555753,28.231861813172518,0.15998731856128132,0.04940153497736326,0.03966732295936381,0.3562050387534649,0.0009033866189961361,3.863818239233627,0.0,10.96506823923363,0.0016175467807035425,0.22558467633502755,0.0,1.0,false,false,false,1.0,,8.2,,,1.0,3.863818239233627
2026,1,00-0040021,Phil Mafah,RB,DAL,0,0.0,0.0,0.0,0.0,0.0,1.9453320647733536,9.382046257179471,0.17510346922061776,1.0417256171037652,0.878191774263231,6.580626179711124,0.040328685513167886,3.7670519463550045,0.0,10.86830194635501,0.029380677389023422,0.07236561321302752,0.0,4.0,false,false,false,1.0,,9.75,,,1.0,3.7670519463550045
2026,1,00-0036924,Michael Carter,RB,TEN,0,0.0,0.0,0.0,0.0,0.0,4.338181683069754,17.471148265224816,0.06410240814807251,1.0382737075393909,0.8292393303502411,6.186034495379624,0.015358723967339711,3.6717243991031587,0.0,10.772974399103163,0.031173284362907165,0.16009804012465303,0.0,4.0,false,false,false,1.0,,12.6,,,1.0,3.6717243991031587
2026,1,00-0040878,Mike Washington Jr.,RB,LV,1,0.0,0.0,0.0,0.0,0.0,1.9398840442562544,7.913274817895262,0.04169959480775644,0.5085589427540584,0.3879587871572946,3.021511462274347,0.008809794292866064,3.6201691117148016,1.8356753619368111,10.721419111714807,0.01503941608171751,0.07172618211520236,0.0,,false,false,false,1.0,,15.0,5.9755333889031315,0.0,0.562,1.7844937497779905
2026,1,00-0039391,Kimani Vidal,RB,LAC,0,0.0,0.0,0.0,0.0,0.0,3.527390597069961,16.56912752936038,0.12337711292109062,0.7103649329057526,0.5455023930316736,5.05818039095882,0.026532750228431597,3.6076923639607275,0.0,10.708942363960732,0.02077252224406719,0.1204059898797572,0.0,3.0,false,false,false,1.0,,13.42,,,1.0,3.6076923639607275
2026,1,00-0035250,Devin Singletary,RB,NYG,0,0.0,0.0,0.0,0.0,0.0,3.169323462060359,13.86998726235694,0.169070008772323,0.7296398367491063,0.6340052864659802,4.812807566378085,0.014100220808752457,3.6013061468259355,0.0,10.702556146825941,0.022529615457169545,0.11332944897798007,0.0,3.0,false,false,false,1.0,,15.7,,,1.0,3.6013061468259355
2026,1,00-0034975,Justice Hill,RB,BAL,0,0.0,0.0,0.0,0.0,0.0,0.7429089516399385,3.2458361809877023,0.08798550178763527,1.474111863617,1.2058621616516763,11.104602431225908,0.06388345841223167,3.552119784072239,0.0,10.653369784072243,0.047848293765260085,0.024415880050046128,0.0,2.0,false,false,false,1.0,,13.55,,,1.0,3.552119784072239
2026,1,00-0039811,MarShawn Lloyd,RB,GB,0,0.0,0.0,0.0,0.0,0.0,3.759266687151768,15.795332658060934,0.1670868454174481,0.5739534373899324,0.43329622804190127,3.3881511405629756,0.01689217749454775,3.4555187453762675,0.0,10.556768745376273,0.018231846899641555,0.13179046276235784,0.0,2.0,false,false,false,1.0,,8.05,,,1.0,3.4555187453762675
2026,1,00-0038797,Emanuel Wilson,RB,SEA,0,0.0,0.0,0.0,0.0,0.0,3.8549520204816488,16.92919647371934,0.150710409955884,0.5408033946162879,0.4533344438541797,3.195244051804346,0.01185014186681601,3.4411418073427478,0.0,10.542391807342753,0.01751513321711392,0.12979262275484332,0.0,3.0,false,false,false,1.0,,15.4,,,1.0,3.4411418073427478
2026,1,00-0040202,Devin Neal,RB,NO,0,0.0,0.0,0.0,0.0,0.0,2.5511601137858206,11.02084290283971,0.08586697431840265,1.0469501171764293,0.9156302313334016,6.8982999158944835,0.03387139987971023,3.4259747583954985,0.0,10.527224758395503,0.029552474564532496,0.10470490070264656,0.0,,false,false,false,1.0,Injured Reserve,12.0,,,1.0,3.4259747583954985
2026,1,00-0040964,EJ Smith,RB,KC,1,0.0,0.0,0.0,0.0,0.0,1.99647489527717,7.961602307846816,0.03444593256778686,0.524182400441677,0.3980863032549518,3.4335006923123847,0.012668207119596049,3.366614973073602,1.5463335316784326,10.467864973073608,0.015405685093699602,0.07398859571090667,0.0,,false,false,false,1.0,Injured Reserve,12.0,5.350723294542276,0.0,0.562,1.8202814413951693
2026,1,00-0037157,Bam Knight,RB,ARI,0,0.0,0.0,0.0,0.0,0.0,2.7396575233490243,10.384095170045505,0.14243680988791393,1.018114165379823,0.798415666912963,5.418065212531815,0.016186883224598384,3.3303738638457685,0.0,10.431623863845774,0.027536901860041412,0.12435373707352741,0.0,3.0,false,false,false,1.0,,11.2,,,1.0,3.3303738638457685
2026,1,00-0041588,Justin Jones,RB,SEA,1,0.0,0.0,0.0,0.0,0.0,2.0587886709307175,8.566942459729319,0.0819967087335466,0.5858854757793851,0.463350204681015,3.6619592527924696,0.013309133839738517,3.1952310583410544,0.93715562696815,10.296481058341058,0.01897521772312306,0.06931748563362643,0.0,,false,false,false,1.0,,15.0,4.397700150478269,0.0,0.562,2.2580754313729043
2026,1,00-0037509,Sincere McCormick,RB,SF,0,0.0,0.0,0.0,0.0,0.0,4.428578790691856,20.193966437431243,0.08757288014841175,0.3658265113378288,0.3057801199588215,2.564381019943399,0.008628832174330938,3.158825139632742,0.0,10.260075139632747,0.010756536804462086,0.16906589286799728,0.0,4.0,false,false,false,1.0,,8.53,,,1.0,3.158825139632742
2026,1,00-0039373,Audric Estimé,RB,NO,0,0.0,0.0,0.0,0.0,0.0,2.5499612495467523,11.944704921340815,0.058850456659750916,0.9185520295241066,0.7858557895311838,6.118796594946468,0.03237909411146943,3.1395832457872346,0.0,10.24083324578724,0.02592815554758315,0.10465569682852306,0.0,4.0,false,false,false,1.0,,11.53,,,1.0,3.1395832457872346
2026,1,00-0038705,Emari Demercado,RB,KC,0,0.0,0.0,0.0,0.0,0.0,3.6918212983949323,16.397358813968953,0.04527423459521003,0.8028330489719672,0.576459851636426,5.123333892101587,0.021280174667181854,3.1278555778178316,0.0,10.229105577817837,0.023595208699978054,0.13681748472270946,0.0,2.0,false,false,false,1.0,,13.6,,,1.0,3.1278555778178316
2026,1,00-0041013,Emmett Johnson,RB,KC,1,0.0,0.0,0.0,0.0,0.0,1.6156253768349982,6.508822851422806,0.028020159316323533,0.46988492458100717,0.35697385688220357,3.089257840363028,0.011449377710640926,3.1171266665661292,1.5635275183435555,10.218376666566133,0.01380988597150968,0.0598744582812951,0.0,3.0,false,false,false,1.0,,15.0,5.89793790438694,0.0,0.6401,1.5535991482225737
2026,1,00-0036727,Adam Prentice,RB,DEN,0,0.0,0.0,0.0,0.0,0.0,5.109573473242031,21.245807548168106,0.056326275536669655,0.4232073830990842,0.32675375311364163,1.9499055814875166,0.009431795296186811,3.040873491076343,0.0,10.142123491076347,0.012550109991622914,0.1981125592555438,0.0,1.0,false,false,false,1.0,,13.05,,,1.0,3.040873491076343
2026,1,00-0039405,Jawhar Jordan,RB,HOU,0,0.0,0.0,0.0,0.0,0.0,3.8904033539553975,17.296399446417908,0.05128015731553122,0.5982451368115913,0.48706253280251344,3.872655081986779,0.01706195833801684,3.014020679564271,0.0,10.115270679564276,0.017857124804971033,0.14725016591477047,0.0,3.0,false,false,false,1.0,,10.87,,,1.0,3.014020679564271
2026,1,00-0038454,Keaton Mitchell,RB,LAC,0,0.0,0.0,0.0,0.0,0.0,2.5043697192083205,11.640883025393258,0.1054517611572309,0.7665146727810255,0.5842096369632318,5.032008081680705,0.01841033500195437,2.9946713246257395,0.0,10.095921324625744,0.02241445537805037,0.08548560381054585,0.0,2.0,false,false,false,1.0,,12.35,,,1.0,2.9946713246257395
2026,1,00-0040466,Raheim Sanders,RB,CLE,0,0.0,0.0,0.0,0.0,0.0,2.6844419751017425,11.18431638638681,0.15620159999073535,0.6234478634707625,0.48184712853667727,3.5072574819164113,0.01120318009556167,2.955433195884782,0.0,10.056683195884787,0.018894346814551693,0.10507829498668343,0.0,3.0,false,false,false,1.0,,10.87,,,1.0,2.955433195884782
2026,1,00-0035537,Ty Johnson,RB,BUF,0,0.0,0.0,0.0,0.0,0.0,1.376701253352054,6.434076690477949,0.06176991647885028,1.0910806222564953,0.8376770830129721,8.122113382670676,0.04325717817896153,2.9234586582747055,0.0,10.02470865827471,0.03572508321508049,0.0464942883435464,0.0,3.0,false,false,false,1.0,,15.6,,,1.0,2.9234586582747055
2026,1,00-0036893,Najee Harris,RB,NYG,0,0.0,0.0,0.0,0.0,0.0,3.1430593342006437,14.66481529326083,0.04125570650747193,0.6795475999097631,0.5677410835059958,3.9776805487494657,0.014316422397139685,2.765423441134695,0.0,9.8666734411347,0.020982881333648916,0.11239028982497466,0.0,2.0,false,false,false,1.0,,11.8,,,1.0,2.765423441134695
2026,1,00-0041572,Roydell Williams,RB,DET,1,0.0,0.0,0.0,0.0,0.0,1.7790167066107399,7.352268830347438,0.04912110839737302,0.6079227655087198,0.4530421633431709,3.9919674929574613,0.020609120753869663,2.749677500821522,0.7438303302404052,9.850927500821527,0.017010633677266667,0.06423999504338715,0.0,,false,false,false,1.0,,15.0,3.7040899336870656,0.0,0.562,2.005847170581117
2026,1,00-0041496,Jonah Coleman,RB,DEN,1,0.0,0.0,0.0,0.0,0.0,0.8373652984613289,3.2244310837885273,0.011922114141038375,0.5307181585681956,0.42121682448916936,2.799287823983147,0.0126981293037347,2.7259700197583854,1.55465984382341,9.827220019758391,0.015738315375804793,0.03246701181198537,0.0,3.0,false,false,false,1.0,,15.0,5.491009658634086,0.0,0.6401,1.1713101759349753
2026,1,00-0039794,Braelon Allen,RB,NYJ,0,0.0,0.0,0.0,0.0,0.0,3.0069445760324647,11.65854120577526,0.12739752528965395,0.4780117437061093,0.40411931352696406,3.1621904312557554,0.009958327419535772,2.7103275934852036,0.0,9.811577593485207,0.01563682905349932,0.10649777488103047,0.0,2.0,false,false,false,1.0,,11.84,,,1.0,2.7103275934852036
2026,1,00-0041595,Barika Kpeenu,RB,TB,1,0.0,0.0,0.0,0.0,0.0,1.7190619228050028,7.440141518159494,0.03755931184217334,0.6283445193415929,0.49888734771240667,4.181137979914389,0.017431774104062655,2.6910070354674467,0.7000452222702358,9.79225703546745,0.018147715297781638,0.06653480403557564,0.0,,false,false,false,1.0,,15.0,3.5892385763712653,0.0,0.562,1.9909618131972109
2026,1,00-0037746,Brian Robinson,RB,ATL,0,0.0,0.0,0.0,0.0,0.0,3.6203817717009286,14.88465382698197,0.10803609963334788,0.35906449328038276,0.29381266815040097,2.2720966305481403,0.004310047790387697,2.6835645984458254,0.0,9.78481459844583,0.011252823517128672,0.13079651963973837,0.0,2.0,false,false,false,1.0,,15.45,,,1.0,2.6835645984458254
2026,1,00-0041350,Kejon Owens,RB,MIN,1,0.0,0.0,0.0,0.0,0.0,1.4354678552428386,5.950445740526282,0.033160370243064945,0.5926787884771358,0.461910474234949,3.6041252695803556,0.014952566757513346,2.6646508605965664,0.9586056633474838,9.765900860596572,0.017772488640080814,0.0522450360733491,0.0,,false,false,false,1.0,,15.0,3.8946426021520137,0.0,0.562,1.7060451972490827
2026,1,00-0041081,Max Bredeson,RB,MIN,1,0.0,0.0,0.0,0.0,0.0,1.4342827374920377,6.016740147987152,0.03333348352001722,0.6006061117632573,0.46828474058294756,3.668697862893843,0.01530321509134906,2.6601756976915802,0.9315269643523354,9.761425697691584,0.018010203007100507,0.05220190273572985,0.0,,false,false,false,1.0,,15.0,3.8554226245546217,0.0,0.562,1.7286487333392448
2026,1,00-0041239,Chip Trayanum,RB,NYJ,1,0.0,0.0,0.0,0.0,0.0,1.8676260895540586,7.234830520339447,0.031667847119984716,0.5075527265872163,0.41761881523020394,3.1391190076299345,0.008108064451864265,2.651124154024297,0.9574549165660613,9.7523741540243,0.01660318041508474,0.06614622179358719,0.0,,false,false,false,1.0,,15.0,3.8796393666044953,0.0,0.562,1.6936692374582358
2026,1,00-0040586,Jaydon Blue,RB,DAL,0,0.0,0.0,0.0,0.0,0.0,3.796182222522914,17.87519003485042,0.08157804499248782,0.2192396785983661,0.17376876157137827,1.379963297475035,0.006215300281925889,2.626044166450406,0.0,9.727294166450411,0.006183403923271434,0.14121653540588228,0.0,2.0,false,false,false,1.0,,11.25,,,1.0,2.626044166450406
2026,1,00-0041323,Myles Montgomery,RB,NE,1,0.0,0.0,0.0,0.0,0.0,1.6960421363417637,6.709573024661483,0.020591650642646488,0.5117569249678705,0.41386866707174924,3.5759297455411128,0.011914360491918153,2.6095666017241532,0.9721115908247564,9.710816601724158,0.01639380839195066,0.05994835591914899,0.0,,false,false,false,1.0,Injured Reserve,12.0,3.8568878666636808,0.0,0.562,1.6374550108993968
2026,1,00-0036020,Salvon Ahmed,RB,CHI,0,0.0,0.0,0.0,0.0,0.0,1.5841634495011305,7.050092700286527,0.06047189502873056,1.0303720794031808,0.7569967394141448,5.49264782104816,0.037110934652686785,2.5967677696361178,0.0,9.698017769636122,0.03058924634168109,0.056236765786323306,0.0,4.0,false,false,false,1.0,,7.85,,,1.0,2.5967677696361178
2026,1,00-0037263,Tyler Allgeier,RB,ARI,0,0.0,0.0,0.0,0.0,0.0,2.6695865985723186,10.119235774569109,0.07426906082884258,0.795150242243269,0.6122230596878216,4.160993968100642,0.014978815259845613,2.575733290486926,0.0,9.67698329048693,0.02150640363251643,0.12117320035245227,0.0,2.0,false,false,false,1.0,,16.0,,,1.0,2.575733290486926
2026,1,00-0041376,Gregory Desrosiers,RB,LAC,1,0.0,0.0,0.0,0.0,0.0,1.4777969178256372,6.45642824179679,0.04907107716836842,0.6044295843043072,0.46756181466768276,4.078043430696923,0.01945421763508702,2.57334973776289,0.6411889870251033,9.674599737762895,0.017674756175780012,0.050443974330444966,0.0,,false,false,false,1.0,,15.0,3.396062547598754,0.0,0.562,1.932160750737787
2026,1,00-0038636,Kenny McIntosh,RB,SEA,0,0.0,0.0,0.0,0.0,0.0,2.7773578618070376,12.93884490570209,0.13827238147929033,0.29183374759753494,0.22434625036446262,1.8411084903704233,0.006062245489267841,2.568349351783063,0.0,9.669599351783068,0.00945169171884942,0.09351103704986699,0.0,5.0,false,false,false,1.0,,9.63,,,1.0,2.568349351783063
2026,1,00-0041231,Lincoln Pare,RB,IND,1,0.0,0.0,0.0,0.0,0.0,1.55759484541237,6.164542933575739,0.02595351905559308,0.5719604883453862,0.4539615993187494,3.813346589882777,0.011979133340412399,2.486131058133547,0.8067845920929131,9.587381058133552,0.01662751674226403,0.06043960153718514,0.0,,false,false,false,1.0,,15.0,3.5213204205906643,0.0,0.562,1.679346466040634
2026,1,00-0040888,Adam Randall,RB,BAL,1,0.0,0.0,0.0,0.0,0.0,1.5169207668241595,6.668848248552265,0.03684147401435642,0.595900333395923,0.48296855673188227,4.432651585264105,0.021097853834210676,2.4836518756521153,0.5428973684471936,9.584901875652118,0.019342368046060765,0.04985396313565106,0.0,,false,false,false,1.0,Injured Reserve,12.0,3.1802462159884692,0.0,0.562,1.9407545072049217
2026,1,00-0033955,Jeremy McNichols,RB,WAS,0,0.0,0.0,0.0,0.0,0.0,1.4728114069538643,6.121244357518495,0.02410056322496014,1.082914258653182,0.853884400117204,6.79604822877449,0.029698699673019927,2.468409236134383,0.0,9.569659236134388,0.035007452943661456,0.051918574532770025,0.0,,false,false,false,1.0,Injured Reserve,12.0,,,1.0,2.468409236134383
2026,1,00-0040886,Nicholas Singleton,RB,TEN,1,0.0,0.0,0.0,0.0,0.0,1.5187710752776276,6.12650157672774,0.02675409541472032,0.5340478581379937,0.42020753831082547,3.3941011772790923,0.007984455661492291,2.4568862994121337,0.8761871792433491,9.558136299412139,0.016034332396407693,0.05604935208197697,0.0,3.0,false,false,false,1.0,,15.0,4.01522865404861,0.0,0.6401,1.5806991201687846
2026,1,00-0038951,Sean Tucker,RB,TB,0,0.0,0.0,0.0,0.0,0.0,1.87109802125707,8.552270096744547,0.19388176684110778,0.237599556448401,0.18904791961936332,1.6291854126242162,0.008222946001986137,2.4198217476148027,0.0,9.521071747614808,0.0068623008120178505,0.07241922965320316,0.0,3.0,false,false,false,1.0,,15.3,,,1.0,2.4198217476148027
2026,1,00-0039798,Isaiah Davis,RB,NYJ,0,0.0,0.0,0.0,0.0,0.0,2.0563812326851436,8.833416465583534,0.053704683378029805,0.7574906343730476,0.6260544786367033,4.9433842888778745,0.013697755810746207,2.4081491892155,0.0,9.509399189215504,0.024779206191638002,0.07283141409843995,0.0,3.0,false,false,false,1.0,,15.0,,,1.0,2.4081491892155
2026,1,00-0040998,Roman Hemby,RB,LV,1,0.0,0.0,0.0,0.0,0.0,1.569036601990561,6.336413931367251,0.03354101832361177,0.44163678365779824,0.33679124258804977,2.6141762014239425,0.007566229061283581,2.364020625093817,0.8855268849172759,9.465270625093822,0.013060353064390358,0.05801429492294275,0.0,3.0,false,false,false,1.0,,15.0,3.9389741094937847,0.0,0.6401,1.4784937401765412
2026,1,00-0040567,Brock Lampe,RB,SEA,0,0.0,0.0,0.0,0.0,0.0,2.0570340441448325,8.987068145664098,0.087172231735527,0.6068919607046462,0.47536686336082545,3.8120024204265093,0.013884445752507312,2.3616139848980917,0.0,9.462863984898096,0.019655559942776284,0.06925840899368749,0.0,,false,false,false,1.0,,15.0,,,1.0,2.3616139848980917
2026,1,00-0039796,Rasheen Ali,RB,BAL,0,0.0,0.0,0.0,0.0,0.0,0.2008167027474402,0.918777879987348,0.003499518460425392,1.1993646456868188,0.9884020422844051,9.43632150839553,0.0520594147645734,2.357265580472686,0.0,9.45851558047269,0.03893025577969317,0.0065998888766972815,0.0,3.0,false,false,false,1.0,,13.42,,,1.0,2.357265580472686
2026,1,00-0039875,Ray Davis,RB,BUF,0,0.0,0.0,0.0,0.0,0.0,1.6384342915310603,7.994439209063815,0.01705192670888851,0.831905713010262,0.653341261378365,6.078123099069993,0.030343985169588347,2.344972963462607,0.0,9.446222963462612,0.027238959448228392,0.05533359993456683,0.0,2.0,false,false,false,1.0,,15.95,,,1.0,2.344972963462607
2026,1,00-0041217,J'Mari Taylor,RB,JAX,1,0.0,0.0,0.0,0.0,0.0,2.049629035332666,8.66580220321752,0.026919465149981225,0.4501514820067103,0.3575308597423683,2.8533647225425285,0.009513620991655156,2.3331937218375858,0.6051476526693942,9.434443721837589,0.014042344250266478,0.07002506455238863,0.0,6.0,false,false,false,1.0,,15.0,4.49127735989602,0.0,0.781,1.7280460691681916
2026,1,00-0041096,Kaytron Allen,RB,WAS,1,0.0,0.0,0.0,0.0,0.0,1.650469309481293,6.626814869215636,0.026716351839673344,0.4783886664600222,0.37817759811146573,2.959851559735223,0.010926943911571575,2.3069525158911155,0.7442485003770944,9.40820251589112,0.015464907397847545,0.058181253522188545,0.0,3.0,false,false,false,1.0,,15.0,3.6306353863867473,0.0,0.6401,1.562704015514021
2026,1,00-0041585,Grant Finley,RB,NYG,1,0.0,0.0,0.0,0.0,0.0,1.3577626795454978,5.948597700903101,0.02742874869654599,0.5144072879118604,0.42020345095060235,3.2287649064639026,0.010054625560320378,2.154504817914952,0.591664860686451,9.255754817914955,0.015883724820530656,0.04855121231952893,0.0,,false,false,false,1.0,,15.0,2.9136729724943704,0.0,0.562,1.562839957228501
2026,1,00-0040078,Brashard Smith,RB,KC,0,0.0,0.0,0.0,0.0,0.0,1.7692466050295186,7.270690375402419,0.02415557943504493,0.7446897269597218,0.596575577974464,5.2279374172837825,0.02285467122713609,2.1284998612161705,0.0,9.229749861216176,0.021886380420990677,0.06556760221833385,0.0,4.0,false,false,false,1.0,,15.75,,,1.0,2.1284998612161705
2026,1,00-0041273,Desmond Reid,RB,BUF,1,0.0,0.0,0.0,0.0,0.0,1.2530878338599791,5.124045335430843,0.01590673892645602,0.560075486709145,0.4508295501969031,3.909497762329691,0.014110573014479771,2.116870830046683,0.5825830984281115,9.218120830046688,0.01833846460221267,0.042319585985280614,0.0,,false,false,false,1.0,,15.0,2.864386129856269,0.0,0.562,1.5342877316185715
2026,1,00-0041436,DJ Herman,RB,MIA,1,0.0,0.0,0.0,0.0,0.0,1.5117100176299898,5.865560088630723,0.019697504859407456,0.7066926429743352,0.5546568013573667,4.959425990601877,0.012140671886383764,2.113306158729794,0.2851216889744199,9.214556158729797,0.022764221970723003,0.053979480806001554,0.0,,false,false,false,1.0,,15.0,2.4791472299709447,0.0,0.562,1.828184469755374
2026,1,00-0041104,Demond Claiborne,RB,MIN,1,0.0,0.0,0.0,0.0,0.0,1.1547114721723204,4.89111298370813,0.026968882684165026,0.533478711627001,0.4160883372842259,3.2706429869059566,0.013701931603888565,2.060349341061247,0.5840605209872907,9.161599341061253,0.01599727293510452,0.04202667603988055,0.0,3.0,false,false,false,1.0,,15.0,3.0991299453512298,0.0,0.6401,1.4762888200739561
2026,1,00-0038389,Israel Abanikanda,RB,DAL,0,0.0,0.0,0.0,0.0,0.0,1.8835103422094097,8.69737675973705,0.03851482720272481,0.6120996429130078,0.4609207289975466,3.73513859762853,0.01867253839934166,2.047296458346503,0.0,9.148546458346509,0.017263569065684367,0.07006586863767314,0.0,5.0,false,false,false,1.0,,7.8,,,1.0,2.047296458346503
2026,1,00-0041415,Dean Connors,RB,LA,1,0.0,0.0,0.0,0.0,0.0,1.446290804196301,6.2291300102145755,0.027397758356400417,0.4181900022682622,0.33121513061293417,2.780883293322032,0.010692357364226895,2.016643612420771,0.5558864571304123,9.117893612420776,0.011923209218121645,0.05371368228362117,0.0,4.0,false,false,false,1.0,,15.0,3.684302983812009,0.0,0.75,1.4607571552903589
2026,1,00-0036755,Jaret Patterson,RB,LAC,0,0.0,0.0,0.0,0.0,0.0,2.1009347215401633,9.265896289468563,0.09770135672410753,0.28420360030961483,0.22755214799082651,2.19201139021054,0.008144334056779542,2.0084170606440592,0.0,9.109667060644064,0.008310694033173392,0.07171452036809356,0.0,4.0,false,false,false,1.0,,9.3,,,1.0,2.0084170606440592
2026,1,00-0040959,Jaydn Ott,RB,KC,1,0.0,0.0,0.0,0.0,0.0,1.3963379778030527,5.568358356475881,0.024091544521308073,0.28646334391095607,0.21755238920550662,1.876392814431826,0.006923118688796653,1.9886370473539798,0.840521561797074,9.089887047353985,0.008419138192090805,0.051747751178765566,0.0,5.0,false,false,false,1.0,,15.0,5.350723294542276,0.0,0.8,1.1481154855569058
2026,1,00-0038614,Scott Matlock,RB,LAC,0,0.0,0.0,0.0,0.0,0.0,1.4777969178256372,6.582432879810741,0.05114982474657129,0.6044295843043072,0.46265781934245653,4.051209608556761,0.019168748125149036,1.947933505409529,0.0,9.049183505409534,0.017674756175780012,0.050443974330444966,0.0,,false,false,false,1.0,,15.0,,,1.0,1.947933505409529
2026,1,00-0035291,Trayveon Williams,RB,DET,0,0.0,0.0,0.0,0.0,0.0,1.0984436285964323,4.965664419186234,0.02289611040141957,0.7716825898420554,0.596887881893944,5.279792644476885,0.030796814444274286,1.943591137334419,0.0,9.044841137334423,0.021592890734965148,0.03966461528678317,0.0,6.0,false,false,false,1.0,,10.85,,,1.0,1.943591137334419
2026,1,00-0041241,Kentrel Bullock,RB,CIN,1,0.0,0.0,0.0,0.0,0.0,1.2592413511802685,5.285529274167109,0.026571370855449125,0.4413875818744163,0.3351184299368594,2.812161497920191,0.01367702850021957,1.9151768618438627,0.5287989585642612,9.016426861843867,0.011392379819822347,0.050662920214760696,0.0,6.0,false,false,false,1.0,,15.0,3.800985020011389,0.0,0.781,1.3863779032796015
2026,1,00-0041244,Jamal Haynes,RB,CIN,1,0.0,0.0,0.0,0.0,0.0,1.2592413511802685,5.285529274167109,0.026571370855449125,0.4413875818744163,0.3351184299368594,2.812161497920191,0.01367702850021957,1.9151768618438627,0.5287989585642612,9.016426861843867,0.011392379819822347,0.050662920214760696,0.0,6.0,false,false,false,1.0,,15.0,3.800985020011389,0.0,0.781,1.3863779032796015
2026,1,00-0037329,Brittain Brown,RB,CHI,0,0.0,0.0,0.0,0.0,0.0,1.4645829041091736,6.835669914211541,0.1446566722793526,0.26157827651300786,0.18089887702443738,1.5208888447389346,0.004078188528548268,1.9089639177668902,0.0,9.010213917766896,0.007765624183570119,0.051991734677995435,0.0,,false,false,false,1.0,Injured Reserve,8.1,,,1.0,1.9089639177668902
2026,1,00-0040946,Jaden Nixon,RB,GB,1,0.0,0.0,0.0,0.0,0.0,1.5453547364316749,6.208763500046495,0.03409689823120666,0.3903792601508529,0.299878669368163,2.401397220872478,0.009596913454398844,1.8671658774355073,0.44410826586181384,8.968415877435513,0.012400544086349495,0.05417626170082616,0.0,6.0,false,false,false,1.0,,15.0,3.4509492365134826,0.0,0.781,1.4230576115736935
2026,1,00-0040332,Ja'Quinden Jackson,RB,PHI,0,0.0,0.0,0.0,0.0,0.0,1.5901804382950167,7.05019268012767,0.038900031125432936,0.5343655192558157,0.4217289792435994,3.6662711348553216,0.013882308919411257,1.8100694010109637,0.0,8.911319401010969,0.016633782549211256,0.05485882617322482,0.0,,false,false,false,1.0,Injured Reserve,12.0,,,1.0,1.8100694010109637
2026,1,00-0041178,Robert Henry Jr.,RB,WAS,1,0.0,0.0,0.0,0.0,0.0,1.427724978047583,5.615852769762171,0.022850978606024076,0.37957082127265157,0.29985242215450086,2.330803696376936,0.00853578344480805,1.7301917698524796,0.4473531287790753,8.831441769852486,0.012270415278320648,0.05032921753258993,0.0,5.0,false,false,false,1.0,,15.0,3.519604284968781,0.0,0.8,1.2828386410734043
2026,1,00-0040937,Dominic Richardson,RB,NYJ,1,0.0,0.0,0.0,0.0,0.0,1.3624887956874168,5.2223787947848095,0.02295437460160398,0.3567769264222087,0.29345733013276537,2.198454374758825,0.005635495688083797,1.7268045782697168,0.5197247094444613,8.828054578269722,0.011670968092631153,0.04825563670099327,0.0,6.0,false,false,false,1.0,,15.0,3.580252058069371,0.0,0.781,1.2070798688252555
2026,1,00-0040394,Anthony Tyus III,RB,CAR,0,0.0,0.0,0.0,0.0,0.0,1.6757672388426224,7.279895362236844,0.0543635514380255,0.4401446622184865,0.3508204708608438,2.6928220206150826,0.008363882149378585,1.724456810670461,0.0,8.825706810670466,0.013116175144744146,0.06341471255469788,0.0,5.0,false,false,false,1.0,,15.0,,,1.0,1.724456810670461
2026,1,00-0032104,Ameer Abdullah,RB,JAX,0,0.0,0.0,0.0,0.0,0.0,0.8187970377723534,3.47455028153319,0.01687007587784918,0.790551813299019,0.6608790107354603,4.577992200197348,0.01815100320471611,1.6762597334039058,0.0,8.77750973340391,0.024661033349328693,0.027973996482737983,0.0,4.0,false,false,false,1.0,,14.45,,,1.0,1.6762597334039058
2026,1,00-0041191,Cash Jones,RB,ATL,1,0.0,0.0,0.0,0.0,0.0,1.4285597719098782,5.530974875866088,0.03445622574191501,0.3963672544249401,0.3216554394125104,2.59422233813996,0.00666699261367688,1.66059204782499,0.2796775768783235,8.761842047824995,0.012421865279031677,0.05161075766199219,0.0,5.0,false,false,false,1.0,,15.0,2.7793023553382836,0.0,0.8,1.3809144709466665
2026,1,00-0038551,Kendre Miller,RB,NO,0,0.0,0.0,0.0,0.0,0.0,1.7046619003392487,7.829852123830769,0.038884155029232446,0.37662549560908776,0.31003352712211835,2.4087369402374113,0.011027892545304126,1.633364718976156,0.0,8.734614718976161,0.010631084706652147,0.0699628588743256,0.0,3.0,false,false,false,1.0,,10.85,,,1.0,1.633364718976156
2026,1,00-0037304,Connor Heyward,RB,LV,0,0.0,0.0,0.0,0.0,0.0,1.3435909216177346,5.84510308752343,0.13967672269254083,0.1362909179618336,0.09815545057481484,0.8812358449023566,0.0036526613992620125,1.6307656483682107,0.0,8.732015648368215,0.004030478379334103,0.049678560642646266,0.0,,false,false,false,1.0,,14.2,,,1.0,1.6307656483682107
2026,1,00-0040991,Elijah Tau-Tolliver,RB,BAL,1,0.0,0.0,0.0,0.0,0.0,0.969556969803123,4.222871756551147,0.0234376382780976,0.427321673348655,0.346222500023557,3.1677542348295296,0.015036895187893282,1.6266081297605046,0.31047582980293464,8.72785812976051,0.013870462251405733,0.031864721274582924,0.0,5.0,false,false,false,1.0,,15.0,2.868511448972243,0.0,0.8,1.31613229995757
2026,1,00-0041312,Noah Whittington,RB,HOU,1,0.0,0.0,0.0,0.0,0.0,1.122476099217883,4.524016731555831,0.01945568916207309,0.37262451486476156,0.2962023997525912,2.340587839803784,0.00774689396866,1.6102479988325462,0.46436964315959495,8.71149799883255,0.011122534990915294,0.042485258418552295,0.0,5.0,false,false,false,1.0,,15.0,3.4677265714709273,0.0,0.8,1.1458783556729513
2026,1,00-0038685,Chris Brooks,RB,GB,0,0.0,0.0,0.0,0.0,0.0,1.4068891695920724,6.130820541171472,0.022904572671741567,0.5388319396575468,0.43317345662980344,3.2112079602888453,0.015992826617918822,1.6007607025137978,0.0,8.702010702513803,0.017116199309037555,0.049322006164018405,0.0,3.0,false,false,false,1.0,,14.4,,,1.0,1.6007607025137978
2026,1,00-0040651,Damien Martinez,RB,GB,0,0.0,0.0,0.0,0.0,0.0,1.7466342133166315,7.380372590206406,0.04117172312755403,0.39511336433595234,0.30054335223122486,2.4421678317458313,0.009769435575279898,1.5884443466434524,0.0,8.689694346643456,0.012550924687086358,0.061232615402439135,0.0,5.0,false,false,false,1.0,,15.0,,,1.0,1.5884443466434524
2026,1,00-0039299,George Holani,RB,SEA,0,0.0,0.0,0.0,0.0,0.0,1.4671014854908964,6.434089345776354,0.11923703003373279,0.1418795967137266,0.11298225699237488,0.8653700582911549,0.0029848601785276547,1.5762595386726885,0.0,8.677509538672693,0.004595089568538139,0.04939593246237048,0.0,2.0,false,false,false,1.0,,11.53,,,1.0,1.5762595386726885
2026,1,00-0040039,Amar Johnson,RB,LAC,0,0.0,0.0,0.0,0.0,0.0,1.284828895296418,5.8859289998473425,0.03590137134018867,0.4637055119418096,0.36347048352615063,3.276846933123437,0.012920534187088271,1.5726795099868902,0.0,8.673929509986895,0.013559696735179028,0.043857092291617245,0.0,5.0,false,false,false,1.0,,9.75,,,1.0,1.5726795099868902
2026,1,00-0036265,AJ Dillon,RB,CAR,0,0.0,0.0,0.0,0.0,0.0,2.0135294336195453,8.866695732443747,0.03717726144309667,0.3003006181795061,0.23986956025098136,1.7820200770001904,0.006351827577071788,1.5659156753163856,0.0,8.66716567531639,0.008948865775775632,0.07619637578163604,0.0,3.0,false,false,false,1.0,,10.05,,,1.0,1.5659156753163856
2026,1,00-0041486,Anderson Castle,RB,IND,1,0.0,0.0,0.0,0.0,0.0,1.0759011189833572,4.3115429613307015,0.018048151165909115,0.3990691171379142,0.31687056349084136,2.6725833150386937,0.008454620730432641,1.5568180976197912,0.38251827511395975,8.658068097619795,0.011601375552578798,0.041748362943220936,0.0,5.0,false,false,false,1.0,,15.0,3.08689119807563,0.0,0.8,1.1742998225058314
2026,1,00-0040198,Ollie Gordon II,RB,MIA,0,0.0,0.0,0.0,0.0,0.0,1.667435997058332,7.1586681146405695,0.05457989509512402,0.3116471495260412,0.22545957137100386,2.282945463932208,0.007030434309388776,1.5392829056553585,0.0,8.640532905655363,0.010038883181937342,0.05954007603889328,0.0,3.0,false,false,false,1.0,,15.75,,,1.0,1.5392829056553585
2026,1,00-0040547,Nate Carter,RB,ATL,0,0.0,0.0,0.0,0.0,0.0,2.643339921380287,11.419172672151932,0.03955457716781502,0.09793681049764341,0.07685683926890671,0.6763219181718821,0.002218747090684805,1.537046243852287,0.0,8.638296243852292,0.003069269351285831,0.09549812250294414,0.0,4.0,false,false,false,1.0,,10.12,,,1.0,1.537046243852287
2026,1,00-0041326,CJ Donaldson,RB,NO,1,0.0,0.0,0.0,0.0,0.0,0.7014142304175568,2.960739251263377,0.01166813596362575,0.3135520018817004,0.2564626678030796,2.134269132830073,0.00801595981391784,1.5271453834417308,0.6430773025640446,8.628395383441735,0.008850696330459146,0.028787494344409942,0.0,5.0,false,false,false,1.0,,15.0,4.09945459369791,0.0,0.8,0.8840680808776862
2026,1,00-0041490,Eli Heidenreich,RB,PIT,1,0.0,0.0,0.0,0.0,0.0,1.299771165416769,5.414709924312861,0.02812583281831994,0.3983624798090908,0.3041350391168845,2.521209634774718,0.007968899390498578,1.5190818031518367,0.20478641487328342,8.62033180315184,0.011736545818255081,0.047172103587615824,0.0,6.0,false,false,false,1.0,,15.0,2.249393173088067,0.0,0.781,1.3142953882785533
2026,1,00-0041139,Damon Bankston,RB,NYG,1,0.0,0.0,0.0,0.0,0.0,0.9830983052649781,4.307127016054516,0.019859992298609762,0.36400318371391865,0.2973429761745568,2.2847279442471824,0.0071148208841766225,1.5115470923426955,0.39316974104125046,8.6127970923427,0.011239588823437513,0.03515387134213067,0.0,6.0,false,false,false,1.0,,15.0,2.9136729724943704,0.0,0.781,1.118377351301445
2026,1,00-0040984,Dontae McMillan,RB,BAL,1,0.0,0.0,0.0,0.0,0.0,0.9885426956304612,4.224817417654419,0.023672274151836863,0.41312385322566464,0.33449587886311033,3.0414259157932695,0.01435857340768813,1.5040198035848245,0.21471450601979525,8.605269803584829,0.013409614275863175,0.03248869168635422,0.0,6.0,false,false,false,1.0,,15.0,2.269736831901994,0.0,0.781,1.2893052975650292
2026,1,00-0037276,Ty Chandler,RB,NO,0,0.0,0.0,0.0,0.0,0.0,1.2661441780187959,4.899540629197733,0.01647582418166289,0.5405864871296225,0.43132903538159645,4.115374067947484,0.011945706526503853,1.5033496893451186,0.0,8.604599689345124,0.01525924506691274,0.05196518231776571,0.0,,false,false,false,1.0,Injured Reserve,11.3,,,1.0,1.5033496893451186
2026,1,00-0040556,Corey Kiner,RB,NE,0,0.0,0.0,0.0,0.0,0.0,1.9954629284557968,8.355379005335653,0.01719081302510332,0.3442997686849274,0.2738367163125296,2.3476080372567036,0.007093988853674516,1.4898442318444323,0.0,8.591094231844437,0.011029424638597716,0.07053169216453374,0.0,3.0,false,false,false,1.0,,10.87,,,1.0,1.4898442318444323
2026,1,00-0041277,Davon Booth,RB,CLE,1,0.0,0.0,0.0,0.0,0.0,1.0020162152555006,3.7031606277399183,0.012230937586949242,0.3699685771603517,0.2990698902921893,2.0846128374678004,0.0061838966035759994,1.4536421791115872,0.4653059371554745,8.554892179111594,0.011212348324426864,0.03922236219841071,0.0,5.0,false,false,false,1.0,,15.0,3.3148659277334867,0.0,0.8,0.9883362419561127
2026,1,00-0041125,Seth McGowan,RB,IND,1,0.0,0.0,0.0,0.0,0.0,1.9655858993587652,7.789032388947604,0.03274761153101347,0.8563079750945618,0.6793058703004733,5.691487048666205,0.0179228642877631,1.4453445235238747,0.0,8.54659452352388,0.024893809069938863,0.07627094356035931,0.0,2.0,false,false,false,1.0,,15.0,0.9774134540438304,0.0,0.3456,2.331380668974514
2026,1,00-0040601,Jordan Waters,RB,LA,0,0.0,0.0,0.0,0.0,0.0,1.4399055644595093,6.2067886341296425,0.02826533222433417,0.40585915728464694,0.31783502929829904,2.6618768764355507,0.010062649428078434,1.4346694702692941,0.0,8.535919470269299,0.011571638774594979,0.053476541359035554,0.0,4.0,false,false,false,1.0,,15.0,,,1.0,1.4346694702692941
2026,1,00-0038738,Hunter Luepke,RB,DAL,0,0.0,0.0,0.0,0.0,0.0,0.8147208196577469,3.8348993546159345,0.010884885487512878,0.59922270574488,0.47167176135169964,4.018884642088462,0.018570725693928404,1.433783828110787,0.0,8.535033828110791,0.016900389807649664,0.030307304742248364,0.0,,false,false,false,1.0,,14.3,,,1.0,1.433783828110787
2026,1,00-0041129,Jam Miller,RB,NE,1,0.0,0.0,0.0,0.0,0.0,1.3523904922045151,5.405313861957993,0.01651114841874034,0.34935375487936043,0.2826270174527347,2.4504063091407264,0.00819531522433472,1.4174213263557163,0.20098350993465908,8.51867132635572,0.011191325879684588,0.04780163465939533,0.0,5.0,false,false,false,1.0,,15.0,2.2213553660943526,0.0,0.8,1.2164378164210572
2026,1,00-0040238,LeQuint Allen Jr.,RB,JAX,0,0.0,0.0,0.0,0.0,0.0,1.6568743173313374,7.55523062203431,0.017245059199005257,0.34077449404430593,0.27936024033266776,2.186387986480414,0.007549641410757998,1.4022903048427198,0.0,8.503540304842724,0.010630360997032538,0.0566066976151568,0.0,3.0,false,false,false,1.0,,15.38,,,1.0,1.4022903048427198
2026,1,00-0038098,Pierre Strong,RB,GB,0,0.0,0.0,0.0,0.0,0.0,1.6100705818125853,7.18733743267206,0.046411141036590574,0.263489315832528,0.20172746943600176,1.6042755331234888,0.00597956929779219,1.3952330280218534,0.0,8.496483028021858,0.008369837260311205,0.056445036948923645,0.0,4.0,false,false,false,1.0,,10.25,,,1.0,1.3952330280218534
2026,1,00-0037410,Jashaun Corbin,RB,DAL,0,0.0,0.0,0.0,0.0,0.0,0.3957272777518872,1.6623731738209544,0.00807582304813674,0.7168207083792187,0.5788158937089543,4.878250412306525,0.01892226905836434,1.3948668049607087,0.0,8.496116804960714,0.020217106724527475,0.014720904280665224,0.0,3.0,false,false,false,1.0,,7.65,,,1.0,1.3948668049607087
2026,1,00-0040177,Jordan James,RB,SF,0,0.0,0.0,0.0,0.0,0.0,1.3775570877101617,6.073461962954665,0.02292612753132025,0.392928840852483,0.31026695000560245,2.794695845461376,0.009377308135059012,1.3909033448454822,0.0,8.492153344845487,0.01155343696307804,0.05258976525378066,0.0,3.0,false,false,false,1.0,,15.0,,,1.0,1.3909033448454822
2026,1,00-0040692,Jarquez Hunter,RB,MIA,0,0.0,0.0,0.0,0.0,0.0,1.1057345590023417,4.4297815798460425,0.015371636462983144,0.5240654275460097,0.4070055157177645,3.6682538865677206,0.008887346263149881,1.362362958715939,0.0,8.463612958715943,0.016881372458652403,0.039483086510053576,0.0,4.0,false,false,false,1.0,,15.0,,,1.0,1.362362958715939
2026,1,00-0040179,DJ Giddens,RB,IND,0,0.0,0.0,0.0,0.0,0.0,1.9719514545232797,8.094817731894564,0.027597472447216137,0.2235896142909639,0.18103082827412179,1.5531374459517795,0.003088274119922283,1.3299408254615868,0.0,8.431190825461591,0.00649999454643159,0.07651794721399838,0.0,3.0,false,false,false,1.0,,11.25,,,1.0,1.3299408254615868
2026,1,00-0040618,Max Hurleman,RB,PIT,0,0.0,0.0,0.0,0.0,0.0,1.2940071408885747,5.448182914787189,0.029278479432248313,0.39837676222287766,0.3007394447224768,2.49490282040908,0.0077406048520303975,1.317162523947776,0.0,8.418412523947781,0.01173696660638725,0.04696291202423909,0.0,6.0,false,false,false,1.0,,15.0,,,1.0,1.317162523947776
2026,1,00-0039652,Jabari Small,RB,DET,0,0.0,0.0,0.0,0.0,0.0,1.2513599008217184,5.380494883582453,0.036379081463512916,0.34197886923173293,0.252290529650154,2.2465932269253615,0.01157895203337862,1.3027475416822847,0.0,8.403997541682289,0.009569105813957954,0.04518639624212921,0.0,5.0,false,false,false,1.0,,15.0,,,1.0,1.3027475416822847
2026,1,00-0040067,Jacardia Wright,RB,SEA,0,0.0,0.0,0.0,0.0,0.0,2.0420963204054043,8.600389575675475,0.057195349727359485,0.06420400382026573,0.05082840385363261,0.4025753168079858,0.0012717927044871066,1.3019277476930582,0.0,8.403177747693062,0.0020793909416599215,0.06875546983080644,0.0,5.0,false,false,false,1.0,,9.75,,,1.0,1.3019277476930582
2026,1,00-0038930,Carlos Washington,RB,MIA,0,0.0,0.0,0.0,0.0,0.0,1.050242991132418,4.035900264649832,0.014258638737188363,0.5072637232213716,0.39340955183707715,3.495394630323213,0.008230570774928366,1.2814742984070822,0.0,8.382724298407087,0.0163401502872672,0.037501617850194076,0.0,5.0,false,false,false,1.0,,15.0,,,1.0,1.2814742984070822
2026,1,00-0038440,Zavier Scott,RB,MIN,0,0.0,0.0,0.0,0.0,0.0,1.0343313639822105,4.4787899880058495,0.017665626267163344,0.44417942263012533,0.35372456043380934,2.844479226785089,0.013143467162560544,1.2709060424912466,0.0,8.372156042491252,0.013319480798587911,0.03764534275405646,0.0,4.0,false,false,false,1.0,,13.5,,,1.0,1.2709060424912466
2026,1,00-0033854,Dare Ogunbowale,RB,LV,0,0.0,0.0,0.0,0.0,0.0,0.5947590012775946,2.324835536301517,0.07106625790113871,0.40885151457346164,0.3207208233790603,2.3506888782582576,0.006686246536743412,1.2547882914623305,0.0,8.356038291462335,0.01209080703607706,0.02199089815012539,0.0,4.0,false,false,false,1.0,,14.55,,,1.0,1.2547882914623305
2026,1,00-0035806,JaMycal Hasty,RB,NE,0,0.0,0.0,0.0,0.0,0.0,0.6045562513653935,2.3389849933737734,0.009386336429681083,0.5399211007578945,0.43818741426578567,4.282939439649545,0.01275262492291338,1.2332136256836843,0.0,8.33446362568369,0.017296029893785453,0.021368663285790016,0.0,6.0,false,false,false,1.0,,9.35,,,1.0,1.2332136256836843
2026,1,00-0040568,Lan Larison,RB,NE,0,0.0,0.0,0.0,0.0,0.0,1.2489406298932988,4.996314732648201,0.015902625584441415,0.3676613163501197,0.29400754119998657,2.542330212847863,0.008350714500569812,1.1933920762596604,0.0,8.294642076259665,0.01177779699562372,0.04414509274175392,0.0,4.0,false,false,false,1.0,,15.0,,,1.0,1.1933920762596604
2026,1,00-0038622,Deuce Vaughn,RB,HOU,0,0.0,0.0,0.0,0.0,0.0,1.5345276927853153,6.18712683689072,0.018175619064527606,0.3002360653965354,0.24040442425131067,1.7946240957508164,0.005770277763411922,1.1822548984831014,0.0,8.283504898483105,0.008961799370928876,0.05808124166192516,0.0,6.0,false,false,false,1.0,,8.55,,,1.0,1.1822548984831014
2026,1,00-0039471,Frank Gore Jr.,RB,BUF,0,0.0,0.0,0.0,0.0,0.0,0.9374796610220548,3.9982453887538942,0.012669648381880236,0.42055185351915225,0.335160483506711,2.9388539945373777,0.010597091884675504,1.1684708634351726,0.0,8.269720863435177,0.013770063968468225,0.0316607902910242,0.0,4.0,false,false,false,1.0,,15.0,,,1.0,1.1684708634351726
2026,1,00-0039466,Ian Wheeler,RB,BUF,0,0.0,0.0,0.0,0.0,0.0,0.938330652348447,3.9635524730980087,0.012616652735500304,0.41550034449491324,0.3310213354955265,2.8932651212695126,0.010386923534859909,1.15472455255444,0.0,8.255974552554445,0.013604663193702888,0.03168953017631943,0.0,4.0,false,false,false,1.0,,15.0,,,1.0,1.15472455255444
2026,1,00-0038794,Jaleel McLaughlin,RB,DEN,0,0.0,0.0,0.0,0.0,0.0,1.3243185415332333,5.738623959516291,0.02080350321447632,0.28147884280919466,0.23586226574559266,1.3603371082182727,0.0071309029218038465,1.11336480933673,0.0,8.214614809336735,0.008347185277585423,0.05134756098658224,0.0,5.0,false,false,false,1.0,,13.15,,,1.0,1.11336480933673
2026,1,00-0036670,Jermar Jefferson,RB,MIN,0,0.0,0.0,0.0,0.0,0.0,0.9948489470781061,4.68442995109321,0.030607379634858694,0.3046226117854598,0.2253741909028961,1.78979877532391,0.007615566742099464,1.1021347418063572,0.0,8.203384741806362,0.009134630786061424,0.03620834763926931,0.0,5.0,false,false,false,1.0,,7.8,,,1.0,1.1021347418063572
2026,1,00-0035125,Alec Ingold,RB,LAC,0,0.0,0.0,0.0,0.0,0.0,0.16222605665269604,0.7495127754921534,0.00430735288912529,0.6307102158783277,0.4469845006062957,4.068556639938465,0.022516652132481933,1.089735472279001,0.0,8.190985472279007,0.018443255546556108,0.005537518003189831,0.0,,false,false,false,1.0,,12.25,,,1.0,1.089735472279001
2026,1,00-0036906,Khalil Herbert,RB,SF,0,0.0,0.0,0.0,0.0,0.0,1.4256388880155801,5.425214038955265,0.018836968352242443,0.2662777406385943,0.20549921006816627,1.9181543575825333,0.0037218735968959915,1.0751891014167767,0.0,8.176439101416781,0.007829466232268305,0.05442534115375609,0.0,5.0,false,false,false,1.0,,11.25,,,1.0,1.0751891014167767
2026,1,00-0040142,Kaleb Johnson,RB,PIT,0,0.0,0.0,0.0,0.0,0.0,1.7036657554386565,7.415039475607768,0.03182143958937004,0.09830749398761872,0.07080356989979136,0.5877608222164901,0.0011683765366473124,1.0690224964383215,0.0,8.170272496438326,0.0028963330281919614,0.061830497269461306,0.0,5.0,false,false,false,1.0,,13.12,,,1.0,1.0690224964383215
2026,1,00-0040260,Ahmani Marshall,RB,CLE,0,0.0,0.0,0.0,0.0,0.0,1.051222368683226,4.017577843752017,0.01375192493641796,0.38813667693161885,0.31037993475808195,2.180547647549153,0.006407853348771166,1.0511511535993339,0.0,8.152401153599339,0.011762954715358537,0.04114846034208266,0.0,4.0,false,false,false,1.0,,15.0,,,1.0,1.0511511535993339
2026,1,00-0039325,Carson Steele,RB,PHI,0,0.0,0.0,0.0,0.0,0.0,0.9228004683024528,4.392908649884108,0.02804192923057835,0.24836387679318192,0.18989133237817576,1.6578781705618737,0.006529324245003151,1.002397535276263,0.0,8.103647535276268,0.007731095234981187,0.03183522401863605,0.0,5.0,false,false,false,1.0,,9.95,,,1.0,1.002397535276263
2026,1,00-0029892,Kyle Juszczyk,RB,SF,0,0.0,0.0,0.0,0.0,0.0,0.13119593317254605,0.4881059758953464,0.0017542827339555368,0.6169242850179695,0.47263725986547495,3.9311462806640836,0.012190449240125259,0.9982308773659028,0.0,8.099480877365908,0.01813966066345079,0.005008549837497959,0.0,,false,false,false,1.0,,14.95,,,1.0,0.9982308773659028
2026,1,00-0040208,Tahj Brooks,RB,CIN,0,0.0,0.0,0.0,0.0,0.0,1.0480211967196904,4.646241851884321,0.01783701295492858,0.22995176464184508,0.1779855021022303,1.3568209029563985,0.006792585394593918,0.9260693676834372,0.0,8.027319367683441,0.005935141699984778,0.042164922731469844,0.0,3.0,false,false,false,1.0,,13.87,,,1.0,0.9260693676834372
2026,1,00-0040526,Tre Stewart,RB,ARI,0,0.0,0.0,0.0,0.0,0.0,0.6959200080879161,2.672825115213037,0.01057593770233494,0.38165804477140297,0.2954025290023659,2.2106942436612216,0.007292914916771115,0.8909675806044282,0.0,7.992217580604433,0.010322693152044123,0.03158798242934499,0.0,6.0,false,false,false,1.0,,15.0,,,1.0,0.8909675806044282
2026,1,00-0037085,Tyler Badie,RB,DEN,0,0.0,0.0,0.0,0.0,0.0,0.23681676656678924,1.0060032098062759,0.002970877430417498,0.4965089335359405,0.42979614679775385,2.467643596029516,0.01407155416799326,0.8794154169717976,0.0,7.980665416971802,0.014723849291259987,0.009182053246687305,0.0,4.0,false,false,false,1.0,,12.75,,,1.0,0.8794154169717976
2026,1,00-0037258,Dameon Pierce,RB,PHI,0,0.0,0.0,0.0,0.0,0.0,1.102984176871962,4.832055683259118,0.021865445871221204,0.13634849956287637,0.11703447564378917,1.1017812903854074,0.00479797275336813,0.8703986847557778,0.0,7.971648684755783,0.0042442695325825485,0.038051290138943754,0.0,4.0,false,false,false,1.0,,11.2,,,1.0,0.8703986847557778
2026,1,00-0038040,Zamir White,RB,NO,0,0.0,0.0,0.0,0.0,0.0,0.576577159055503,2.368105636645333,0.007130559207128455,0.3553841329397004,0.2971947801509337,2.4272760501651307,0.008000646035178943,0.8675201802858246,0.0,7.968770180285829,0.01003150042875355,0.02366392209571399,0.0,6.0,false,false,false,1.0,,10.85,,,1.0,0.8675201802858246
2026,1,00-0039746,Will Shipley,RB,PHI,0,0.0,0.0,0.0,0.0,0.0,0.4270277485878692,1.9231982671524013,0.007943349824821214,0.39824316851482044,0.31705612305983316,2.5746742068617126,0.00805141234748134,0.8628119434950599,0.0,7.964061943495064,0.012396552599444924,0.014731813111751622,0.0,3.0,false,false,false,1.0,,14.37,,,1.0,0.8628119434950599
2026,1,00-0039703,Cody Schrader,RB,DEN,0,0.0,0.0,0.0,0.0,0.0,0.7849500874259122,3.1533053044079096,0.02420523340139292,0.2502885304988211,0.1885848609082306,1.2699085067145097,0.007300501220483104,0.8199406497517288,0.0,7.9211906497517335,0.007422244301126582,0.030434726405673938,0.0,5.0,false,false,false,1.0,,8.05,,,1.0,0.8199406497517288
2026,1,00-0031595,Michael Burton,RB,CLE,0,0.0,0.0,0.0,0.0,0.0,0.44864988953719825,1.5919406175066144,0.02402723846427632,0.3386548128308817,0.2646289510168515,1.9330177902993277,0.00813677528222029,0.8101088742764254,0.0,7.91135887427643,0.010263346558639452,0.017561700299648264,0.0,,false,false,false,1.0,,9.85,,,1.0,0.8101088742764254
2026,1,00-0034959,Andrew Beck,RB,NYJ,0,0.0,0.0,0.0,0.0,0.0,0.2416333398995365,0.9643580854719785,0.002361568022312093,0.4498710553940672,0.34791402342982347,2.7697795233656475,0.009272165262738566,0.7911301840238901,0.0,7.892380184023895,0.01471628444685102,0.00855799379924937,0.0,,false,false,false,1.0,,11.7,,,1.0,0.7911301840238901
2026,1,00-0036842,Kene Nwangwu,RB,NYJ,0,0.0,0.0,0.0,0.0,0.0,1.2483576046019793,4.86963834044534,0.017067931673055557,0.12556118422953705,0.09774137339870005,0.7926197208715932,0.0014144984690082616,0.7748617603827763,0.0,7.876111760382781,0.004107386061961122,0.04421342122685293,0.0,4.0,false,false,false,1.0,,11.2,,,1.0,0.7748617603827763
2026,1,00-0040644,Trevor Etienne,RB,CAR,0,0.0,0.0,0.0,0.0,0.0,0.9395239637767383,4.249108278089486,0.020604350103600556,0.14063123370033612,0.11702047266362833,0.8651290793711051,0.0028385184824322204,0.7691014199258841,0.0,7.870351419925889,0.004190767378020428,0.03555365012524129,0.0,,false,false,false,1.0,Injured Reserve,12.0,,,1.0,0.7691014199258841
2026,1,00-0039266,Kendall Milton,RB,CIN,0,0.0,0.0,0.0,0.0,0.0,1.2602341393326988,5.314240624265712,0.02079582489635185,0.05701313677370382,0.04328903126725927,0.30526031082727934,0.0014677294199859708,0.7388204506745852,0.0,7.84007045067459,0.001471530544849617,0.050702862952433335,0.0,5.0,false,false,false,1.0,,9.75,,,1.0,0.7388204506745852
2026,1,00-0040429,Josh Williams,RB,TB,0,0.0,0.0,0.0,0.0,0.0,0.9878200539107462,4.304499849572032,0.01715075185247396,0.06838729734100905,0.053148780348043795,0.4313189659285656,0.0018580153415379756,0.6407832650621752,0.0,7.7420332650621795,0.0019751476521667173,0.03823272032116236,0.0,4.0,false,false,false,1.0,,10.12,,,1.0,0.6407832650621752
2026,1,00-0039603,British Brooks,RB,HOU,0,0.0,0.0,0.0,0.0,0.0,1.0126365539222104,4.513076067167583,0.013609464874736752,0.061516984536679156,0.04962411688138676,0.4046496379081274,0.0013147045991680109,0.6309417042323865,0.0,7.732191704232391,0.001836231342141131,0.03832787683179558,0.0,4.0,false,false,false,1.0,,10.74,,,1.0,0.6309417042323865
2026,1,00-0037120,Tyler Goodson,RB,ATL,0,0.0,0.0,0.0,0.0,0.0,0.8100794432232931,3.2793816097132886,0.01456854499155831,0.09866192458378938,0.08336579756813478,0.6365710098099504,0.0014513959845364652,0.5710807053770275,0.0,7.672330705377032,0.0030919939063278495,0.029266408485844216,0.0,3.0,false,false,false,1.0,,12.9,,,1.0,0.5710807053770275
2026,1,00-0037557,Ronnie Rivers,RB,LA,0,0.0,0.0,0.0,0.0,0.0,0.7800480132939921,3.573933609082605,0.011101831849322697,0.07992581468460178,0.06013773025581359,0.5137021877197464,0.0018403983818870838,0.5465546913233075,0.0,7.647804691323312,0.002278801992501987,0.02897014281669769,0.0,3.0,false,false,false,1.0,,10.65,,,1.0,0.5465546913233075
2026,1,00-0036567,Elijah Mitchell,RB,PHI,0,0.0,0.0,0.0,0.0,0.0,0.1569411049170121,0.669983153373254,0.006627541687047298,0.26700150165363606,0.2053040364892,1.8473572628800186,0.007542619390211227,0.5420590445780784,0.0,7.643309044578083,0.008311249058518135,0.005414231358113914,0.0,6.0,false,false,false,1.0,,8.35,,,1.0,0.5420590445780784
2026,1,00-0033376,Patrick Ricard,RB,NYG,0,0.0,0.0,0.0,0.0,0.0,0.16174467056224615,0.6740733262451981,0.002295581432304174,0.3014438182893478,0.24332880975460489,1.8791192001039865,0.0034678932955265426,0.5332289107565077,0.0,7.6344789107565125,0.009307898179270042,0.005783705768557861,0.0,,false,false,false,1.0,,10.85,,,1.0,0.5332289107565077
2026,1,00-0038397,Evan Hull,RB,ARI,0,0.0,0.0,0.0,0.0,0.0,0.7114377103192278,2.7678979139533193,0.007139453138572738,0.13980971245377632,0.11187346542583641,0.7663586793783429,0.002919900885933133,0.5256552489060379,0.0,7.626905248906042,0.003781428902409952,0.03229233479704492,0.0,5.0,false,false,false,1.0,,9.35,,,1.0,0.5256552489060379
2026,1,00-0035628,D'Ernest Johnson,RB,TEN,0,0.0,0.0,0.0,0.0,0.0,0.9826300495492997,3.723585163783418,0.012913943210966818,0.04801548445646544,0.037445361413797965,0.26860567399050367,0.0004813592200703317,0.5170362597774131,0.0,7.618286259777418,0.001441624053383206,0.036263383277464284,0.0,6.0,false,false,false,1.0,,11.6,,,1.0,0.5170362597774131
2026,1,00-0039407,Dylan Laube,RB,LV,0,0.0,0.0,0.0,0.0,0.0,0.7012070030399402,2.81742809682188,0.012967868191528053,0.09553985307590712,0.07589519622804768,0.5658872678961197,0.0010726980647688053,0.4984701302376288,0.0,7.599720130237634,0.0028253629658216432,0.0259267564725916,0.0,2.0,false,false,false,1.0,,14.21,,,1.0,0.4984701302376288
2026,1,00-0039244,Chris Collier,RB,LV,0,0.0,0.0,0.0,0.0,0.0,0.6220923528693328,2.6727474291213875,0.0166202909695523,0.0774013809217283,0.057502582188993644,0.451581453801738,0.0012244136416448466,0.4770036981484891,0.0,7.578253698148494,0.0022889609740759866,0.02300153430639087,0.0,,false,false,false,1.0,Injured Reserve,8.84,,,1.0,0.4770036981484891
2026,1,00-0036425,DeeJay Dallas,RB,JAX,0,0.0,0.0,0.0,0.0,0.0,0.5956932562136231,2.4335232328989242,0.005935685482226427,0.1111533162754091,0.08812333204037469,0.7473547035495033,0.0015358081096873593,0.4510400872367002,0.0,7.552290087236705,0.003467395297111951,0.020351711456415438,0.0,5.0,false,false,false,1.0,,12.25,,,1.0,0.4510400872367002
2026,1,00-0035924,Jonathan Ward,RB,BAL,0,0.0,0.0,0.0,0.0,0.0,0.6434300843395664,2.857396615511493,0.01016716049406608,0.054527429290904275,0.044114501034004924,0.4016796406813592,0.001656098796407911,0.44096168239613415,0.0,7.542211682396139,0.0017699094073999736,0.021146483327663484,0.0,6.0,false,false,false,1.0,,8.2,,,1.0,0.44096168239613415
2026,1,00-0038458,Owen Wright,RB,HOU,0,0.0,0.0,0.0,0.0,0.0,0.7050204816058145,2.778075985534801,0.009277468544180179,0.047342737389705646,0.03755883602253353,0.2841868034333448,0.000887240338534246,0.4047733682156347,0.0,7.506023368215639,0.001413141734310814,0.026684735089028452,0.0,6.0,false,false,false,1.0,,10.12,,,1.0,0.4047733682156347
2026,1,00-0039021,Roschon Johnson,RB,CHI,0,0.0,0.0,0.0,0.0,0.0,0.5107592604165785,2.458483008618133,0.006341833731293607,0.05629977383410381,0.04114480143549585,0.3402315256937076,0.0017481124949779367,0.3695559322243092,0.0,7.470805932224314,0.0016714036465253007,0.018131619505732284,0.0,3.0,false,false,false,1.0,,12.0,,,1.0,0.3695559322243092
2026,1,00-0040476,Ulysses Bentley IV,RB,IND,0,0.0,0.0,0.0,0.0,0.0,0.49954470117109095,1.9397779602644003,0.00626895079393905,0.056690129756542626,0.04504242845524164,0.3522884155108058,0.000733544073972763,0.31626403524023317,0.0,7.417514035240238,0.001648044053488571,0.019383912817713272,0.0,4.0,false,false,false,1.0,,9.75,,,1.0,0.31626403524023317
2026,1,00-0040205,Kalel Mullings,RB,TEN,0,0.0,0.0,0.0,0.0,0.0,0.5247630627442881,2.025398476246476,0.006457701557246308,0.04753763208808288,0.03715001879258393,0.2827220532101612,0.0006989209377689312,0.31090180670833906,0.0,7.412151806708343,0.0014272769427370346,0.019366071781420132,0.0,5.0,false,false,false,1.0,,10.87,,,1.0,0.31090180670833906
2026,1,00-0036187,Reggie Gilliam,RB,NE,0,0.0,0.0,0.0,0.0,0.0,0.1834564362100536,0.7534913613751829,0.0015510641309169043,0.1392875156683684,0.10119647123315562,0.8742051404204066,0.0028543323680940654,0.2903985004067804,0.0,7.391648500406785,0.0044619871893309855,0.0064844566640900915,0.0,,false,false,false,1.0,,12.1,,,1.0,0.2903985004067804
2026,1,00-0038488,Brady Russell,RB,SEA,0,0.0,0.0,0.0,0.0,0.0,0.14256076328103842,0.6070228061646925,0.01051520448132921,0.08616745172502463,0.06685799286667213,0.5553470216909119,0.001235681481749143,0.25360029143070273,0.0,7.354850291430708,0.0027907265578720605,0.004799887331896411,0.0,,false,false,false,1.0,,12.0,,,1.0,0.25360029143070273
2026,1,00-0036569,Gary Brightwell,RB,CIN,0,0.0,0.0,0.0,0.0,0.0,0.2816239989522711,1.2209918363539316,0.010578068057850207,0.019823230289492427,0.014607404592373703,0.11598685186232699,0.0005513871849290244,0.21508200487067494,0.0,7.31633200487068,0.0005116450439196065,0.011330547695330742,0.0,4.0,false,false,false,1.0,,8.45,,,1.0,0.21508200487067494
2026,1,00-0037594,Julius Chestnut,RB,TEN,0,0.0,0.0,0.0,0.0,0.0,0.28180355383054617,1.0764519194868587,0.004538027733407214,0.0540879354455783,0.04134655404626404,0.34882978974635137,0.0005422360456428181,0.21435630764388525,0.0,7.31560630764389,0.0016239442258857446,0.010399794191309156,0.0,4.0,false,false,false,1.0,,14.15,,,1.0,0.21435630764388525
2026,1,00-0036984,Trey Sermon,RB,ATL,0,0.0,0.0,0.0,0.0,0.0,0.20704497581997974,0.8280890507345198,0.014115399398065198,0.025892386491799445,0.019866422295355766,0.1554325713622514,0.00033920270428374583,0.20494619711912654,0.0,7.306196197119132,0.0008114488095652201,0.007480084685495488,0.0,,false,false,false,1.0,Injured Reserve,11.05,,,1.0,0.20494619711912654
2026,1,00-0039364,Sione Vaki,RB,DET,0,0.0,0.0,0.0,0.0,0.0,0.22086228502286437,1.0548497581944514,0.005052573978149413,0.04218789428749627,0.029855102640729905,0.27344613936590406,0.0012728787424143011,0.20063740872014774,0.0,7.301887408720153,0.0011804835351729504,0.007975300087074692,0.0,3.0,false,false,false,1.0,,11.84,,,1.0,0.20063740872014774
2026,1,00-0035567,Craig Reynolds,RB,WAS,0,0.0,0.0,0.0,0.0,0.0,0.31919397289989654,1.1687212828396656,0.003692246730334037,0.03935127416905965,0.031002469285901214,0.21432523071359053,0.0008025238814716518,0.196275744312061,0.0,7.297525744312066,0.0012721116817316443,0.011252015019824852,0.0,6.0,false,false,false,1.0,,10.8,,,1.0,0.196275744312061
2026,1,00-0040649,Robbie Ouzts,RB,SEA,0,0.0,0.0,0.0,0.0,0.0,0.13692425901386268,0.6110378771377345,0.010098740049344274,0.04480085069722277,0.03470178940503174,0.28779265459684394,0.0008106416235920379,0.19004113261610747,0.0,7.291291132616112,0.001450976225396375,0.004610111514164132,0.0,,false,false,false,1.0,Injured Reserve,10.87,,,1.0,0.19004113261610747
2026,1,00-0038678,Jordan Mims,RB,PHI,0,0.0,0.0,0.0,0.0,0.0,0.2289066942649249,0.9120920139431059,0.00703325476952981,0.01899349697806312,0.015433636734528989,0.14023431968807015,0.0004339302558060884,0.16546938024966198,0.0,7.266719380249667,0.000591231445887804,0.007896935623249886,0.0,4.0,false,false,false,1.0,,9.1,,,1.0,0.16546938024966198
2026,1,00-0035594,Travis Homer,RB,PIT,0,0.0,0.0,0.0,0.0,0.0,0.1897839261573079,0.7403355487529557,0.003534294452264085,0.044710478742846865,0.03219788201301986,0.25810008516012245,0.0004707789575642869,0.15607188586329793,0.0,7.257321885863303,0.0013172590515377325,0.006887756292921269,0.0,3.0,false,false,false,1.0,,11.45,,,1.0,0.15607188586329793
2026,1,00-0038396,Eric Gray,RB,NYG,0,0.0,0.0,0.0,0.0,0.0,0.16272957568394783,0.7210325472602361,0.004488340109666278,0.024942468010571348,0.02082560508616719,0.16026529856848765,0.00047165476696705904,0.13871535892883963,0.0,7.239965358928845,0.0007701665733256215,0.005818924248487164,0.0,5.0,false,false,false,1.0,,10.4,,,1.0,0.13871535892883963
2026,1,00-0038896,Jacob Saylors,RB,DET,0,0.0,0.0,0.0,0.0,0.0,0.1714914872796961,0.7602788922637169,0.0037098562502049922,0.02344053323138203,0.01708803823353019,0.16058415885916433,0.0007894345103363286,0.13617008790906626,0.0,7.237420087909071,0.0006559029314606515,0.0061925288570329725,0.0,4.0,false,false,false,1.0,,13.5,,,1.0,0.13617008790906626
2026,1,00-0038409,Lew Nichols III,RB,PIT,0,0.0,0.0,0.0,0.0,0.0,0.1279212389814371,0.5465707538063928,0.005479293619395936,0.026393030710059617,0.018958743235028934,0.1611329992366696,0.00044463578679427527,0.12527269497647645,0.0,7.226522694976481,0.0007775908372688045,0.004642597171597987,0.0,4.0,false,false,false,1.0,,9.75,,,1.0,0.12527269497647645
2026,1,00-0037744,Trey McBride,TE,ARI,0,0.0,0.0,0.0,0.0,0.0,0.0,0.0,0.0,9.827927221386231,7.387382260731462,73.66388629541125,0.375255768793315,17.005305503032478,12.217584914797184,22.787284112658146,0.2658156389386639,0.0,0.0,1.0,false,false,false,1.0,,15.85,,,1.0,17.005305503032478
2026,1,00-0033288,George Kittle,TE,SF,0,0.0,0.0,0.0,0.0,0.0,0.0,0.0,0.0,8.01460301374703,6.227943921793638,70.64052958203638,0.5390161447008012,16.526093748202083,11.73837315996679,22.30807235782775,0.2356564371872741,0.0017482517034247817,0.0,1.0,false,false,false,1.0,,13.85,,,1.0,16.526093748202083
2026,1,00-0040126,Colston Loveland,TE,CHI,0,0.0,0.0,0.0,0.0,0.0,0.0,0.0,0.0,7.616119877987471,5.7835107585700065,61.85019876832028,0.4729859995893304,14.80644663293802,10.018726044702726,20.588425242563687,0.2261041149819162,0.004545454407713503,0.0,1.0,false,false,false,1.0,,15.38,,,1.0,14.80644663293802
2026,1,00-0034351,Dallas Goedert,TE,PHI,0,0.0,0.0,0.0,0.0,0.0,0.0,0.0,0.0,7.191181300084982,5.494541082632168,57.182145454994966,0.5228952734867017,14.350127269051875,9.562406680816581,20.132105878677542,0.22384780025506124,0.0,0.0,1.0,false,false,false,1.0,,14.2,,,1.0,14.350127269051875
2026,1,00-0036970,Kyle Pitts,TE,ATL,0,0.0,0.0,0.0,0.0,0.0,0.0,0.0,0.0,7.637721776653926,5.598857595823478,62.74462992292579,0.2963689706033015,13.651534411735867,8.863813823500573,19.433513021361534,0.2393607188514306,0.0,0.0,1.0,false,false,false,1.0,,16.0,,,1.0,13.651534411735867
2026,1,00-0039338,Brock Bowers,TE,LV,0,0.0,0.0,0.0,0.0,0.0,0.0,0.0,0.0,7.350434380502123,5.5839992034681005,57.449374728001565,0.3543164266020814,13.454835235880743,8.66711464764545,19.23681384550641,0.21737154090945485,0.005789473411080345,0.0,1.0,false,false,false,1.0,,14.37,,,1.0,13.454835235880743
2026,1,00-0040663,Harold Fannin Jr.,TE,CLE,0,0.0,0.0,0.0,0.0,0.0,0.0,0.0,0.0,7.776395610230959,5.976814760122035,56.610347043379534,0.29069875497556535,13.382041994313383,8.59432140607809,19.16402060393905,0.23567314002632966,0.019052418456726436,0.0,1.0,false,false,false,1.0,,15.38,,,1.0,13.382041994313383
2026,1,00-0030506,Travis Kelce,TE,KC,0,0.0,0.0,0.0,0.0,0.0,0.0,0.0,0.0,7.310347857244512,5.413557725254244,55.004378833164004,0.3760092419177931,13.170051060077403,8.38233047184211,18.952029669703073,0.2148506262690545,0.001076040145921546,0.0,1.0,false,false,false,1.0,,15.75,,,1.0,13.170051060077403
2026,1,00-0040128,Tyler Warren,TE,IND,0,0.0,0.0,0.0,0.0,0.0,0.0,0.0,0.0,5.01959878103942,3.6841820219102366,40.23734752456131,0.24992022251497237,9.207438109456202,4.4197175212209086,14.98941671908187,0.1459252246822695,0.010298289046890015,0.0,1.0,false,false,false,1.0,,15.75,,,1.0,9.207438109456202
2026,1,00-0039065,Sam LaPorta,TE,DET,0,0.0,0.0,0.0,0.0,0.0,0.0,0.0,0.0,4.350232240784829,3.2423840190695614,39.09102608198569,0.28993169836157034,8.891076817437554,4.1033562292022605,14.673055427063222,0.12172632981938263,0.0,0.0,1.0,false,false,false,1.0,,13.45,,,1.0,8.891076817437554
2026,1,00-0034753,Mark Andrews,TE,BAL,0,0.0,0.0,0.0,0.0,0.0,0.0,0.0,0.0,4.079361837774185,3.1018691654402963,36.07779027269318,0.30021173538676765,8.51091860503022,3.7231980167949263,14.292897214655888,0.13241227372641534,0.013926888550628258,0.0,1.0,false,false,false,1.0,,15.65,,,1.0,8.51091860503022
2026,1,00-0038996,Tucker Kraft,TE,GB,0,0.0,0.0,0.0,0.0,0.0,0.0,0.0,0.0,4.033304817815486,3.2967682739016047,35.8432915457058,0.2710666493391448,8.507497324507055,3.7197767362717613,14.289475934132724,0.1281194451459321,0.0037499998500000057,0.0,1.0,false,false,false,1.0,,13.15,,,1.0,8.507497324507055
2026,1,00-0038129,Cade Otton,TE,TB,0,0.0,0.0,0.0,0.0,0.0,0.0,0.0,0.0,4.274732268293002,3.247233830234626,34.812228096323466,0.25044060693993964,8.231100281506611,3.443379693271318,14.013078891132281,0.12346192541077612,0.0,0.0,1.0,false,false,false,1.0,,14.95,,,1.0,8.231100281506611
2026,1,00-0037252,Greg Dulcich,TE,MIA,0,0.0,0.0,0.0,0.0,0.0,0.0,0.0,0.0,4.019426520869258,3.027792849293595,33.80116727269435,0.19542607578585816,7.5804660312781795,2.792745443042886,13.362444640903849,0.12947512391097815,0.004999999833333338,0.0,1.0,false,false,false,1.0,,10.9,,,1.0,7.5804660312781795
2026,1,00-0036244,Colby Parkinson,TE,LA,0,0.0,0.0,0.0,0.0,0.0,0.0,0.0,0.0,3.6915771446097283,2.828928649919169,30.12868266436921,0.2535789274238714,7.363270480899319,2.575549892664025,13.145249090524988,0.10525226906735731,0.0,0.0,1.0,false,false,false,1.0,,14.85,,,1.0,7.363270480899319
2026,1,00-0041032,Kenyon Sadiq,TE,NYJ,1,0.0,0.0,0.0,0.0,0.0,0.0,0.0,0.0,1.1751110781882026,0.9074802272133725,8.760126433394136,0.053714024812029894,7.005777019424966,4.9,12.787755629050634,0.038440501285674486,0.05102496,0.0,2.0,false,false,false,1.0,,15.0,9.257368015236038,0.0,0.30000000000000004,2.1057770194249654
2026,1,00-0038935,Brenton Strange,TE,JAX,0,0.0,0.0,0.0,0.0,0.0,0.0,0.0,0.0,3.8160876862338995,2.8692251687800776,29.053737596334344,0.19309539279866236,6.9331712852054865,2.145450696970193,12.715149894831155,0.1190417428826781,0.0,0.0,1.0,false,false,false,1.0,,13.55,,,1.0,6.9331712852054865
2026,1,00-0034383,Dalton Schultz,TE,HOU,0,0.0,0.0,0.0,0.0,0.0,0.0,0.0,0.0,3.7452061751369565,2.87931797517143,28.938633088359687,0.1677129756568835,6.779459137948701,1.991738549713407,12.56143774757437,0.11179132093944842,0.0,0.0,1.0,false,false,false,1.0,,15.9,,,1.0,6.779459137948701
2026,1,00-0036040,Juwan Johnson,TE,NO,0,0.0,0.0,0.0,0.0,0.0,0.0,0.0,0.0,3.5002394610616765,2.68762055192166,29.42413862650081,0.1880748402987083,6.75848345636399,1.9707628681286966,12.540462065989658,0.09880197341375965,0.0,0.0,1.0,false,false,false,1.0,,15.5,,,1.0,6.75848345636399
2026,1,00-0039793,AJ Barner,TE,SEA,0,0.0,0.0,0.0,0.0,0.0,0.0,0.0,0.0,3.3167543163779123,2.686188910517574,27.736672526253244,0.2072818049512193,6.703546992850215,1.9158264046149212,12.485525602475883,0.10742054187920787,0.013975813305318411,0.0,1.0,false,false,false,1.0,,15.63,,,1.0,6.703546992850215
2026,1,00-0037809,Chig Okonkwo,TE,WAS,0,0.0,0.0,0.0,0.0,0.0,0.0,0.0,0.0,3.48579071637689,2.849686379259014,26.424249232262863,0.19681044210064289,6.672973955089158,1.8852533668538642,12.454952564714826,0.11268542592354698,0.0,0.0,1.0,false,false,false,1.0,,15.85,,,1.0,6.672973955089158
2026,1,00-0035229,T.J. Hockenson,TE,MIN,0,0.0,0.0,0.0,0.0,0.0,0.0,0.0,0.0,3.5445106915319142,2.670238339964198,24.731564260598184,0.2261677220283585,6.500401098194168,1.712680509958874,12.282379707819835,0.10628822428715301,0.007499999625000019,0.0,1.0,false,false,false,1.0,,14.25,,,1.0,6.500401098194168
2026,1,00-0038046,Charlie Kolar,TE,LAC,0,0.0,0.0,0.0,0.0,0.0,0.0,0.0,0.0,3.121685979679298,2.236406348758696,27.465808177967528,0.2526614391696729,6.498955801573485,1.7112352133381918,12.280934411199155,0.0912844771019746,0.0,0.0,1.0,false,false,false,1.0,,13.35,,,1.0,6.498955801573485
2026,1,00-0036894,Pat Freiermuth,TE,PIT,0,0.0,0.0,0.0,0.0,0.0,0.0,0.0,0.0,3.217164462614999,2.550576865597448,27.212670047980673,0.20148197761252976,6.480735736070693,1.6930151478353999,12.262714345696363,0.09478402217607959,0.0,0.0,1.0,false,false,false,1.0,,15.1,,,1.0,6.480735736070693
2026,1,00-0033090,Hunter Henry,TE,NE,0,0.0,0.0,0.0,0.0,0.0,0.0,0.0,0.0,3.3924894781227,2.4499161177564224,27.19066632671156,0.18230262748538992,6.262798515339918,1.4750779271046248,12.044777124965588,0.10867624796585595,0.0,0.0,1.0,false,false,false,1.0,,15.65,,,1.0,6.262798515339918
2026,1,00-0038933,Dalton Kincaid,TE,BUF,0,0.0,0.0,0.0,0.0,0.0,0.0,0.0,0.0,2.8940377845608727,2.182378697292368,27.37361675516334,0.20384387752754618,6.142803637973979,1.3550830497386857,11.924782247599648,0.09475902932562495,0.0,0.0,1.0,false,false,false,1.0,,13.85,,,1.0,6.142803637973979
2026,1,00-0038041,Jake Ferguson,TE,DAL,0,0.0,0.0,0.0,0.0,0.0,0.0,0.0,0.0,3.1684336619021747,2.408585172597116,24.63808718244491,0.19389801322754371,6.03578197020687,1.248061381971576,11.817760579832537,0.08936204094479634,0.0014231498592152795,0.0,1.0,false,false,false,1.0,,15.55,,,1.0,6.03578197020687
2026,1,00-0040736,Mason Taylor,TE,NYJ,0,0.0,0.0,0.0,0.0,0.0,0.0,0.0,0.0,3.4633577045241912,2.6992722796080146,25.273944867587314,0.11486146575869577,5.915835560918921,1.128114972683627,11.69781417054459,0.11329414620001613,0.0,0.0,1.0,false,false,false,1.0,,14.25,,,1.0,5.915835560918921
2026,1,00-0031610,Darren Waller,TE,CAR,0,0.0,0.0,0.0,0.0,0.0,0.0,0.0,0.0,3.0360556439947426,2.102491327656486,22.827876406300245,0.19259410706070532,5.540843610650742,0.7531230224154486,11.32282222027641,0.09047352153519195,0.002963121878948247,0.0,2.0,false,false,false,1.0,,10.8,,,1.0,5.540843610650742
2026,1,00-0039847,Theo Johnson,TE,NYG,0,0.0,0.0,0.0,0.0,0.0,0.0,0.0,0.0,3.093513877127558,2.022045840148399,21.793014958341892,0.1665822816196745,5.200841025700636,0.4131204374653423,10.982819635326305,0.09552065903313205,0.0,0.0,2.0,false,false,false,1.0,,14.37,,,1.0,5.200841025700636
2026,1,00-0034829,Mike Gesicki,TE,CIN,0,0.0,0.0,0.0,0.0,0.0,0.0,0.0,0.0,2.8567739850721225,1.9495528063473795,20.453995397638444,0.1512786879814509,4.902624473999929,0.11490388576463584,10.684603083625598,0.07373441309590117,0.0,0.0,1.0,false,false,false,1.0,,14.25,,,1.0,4.902624473999929
2026,1,00-0033881,Evan Engram,TE,DEN,0,0.0,0.0,0.0,0.0,0.0,0.0,0.0,0.0,2.5505805977351756,2.0306854527422287,19.883123231687826,0.13869481423178673,4.851166661301732,0.06344607306643812,10.6331452709274,0.07563683508938539,0.0018028845460429021,0.0,1.0,false,false,false,1.0,,14.5,,,1.0,4.851166661301732
2026,1,00-0033110,Tyler Higbee,TE,LA,0,0.0,0.0,0.0,0.0,0.0,0.0,0.0,0.0,2.4146948242741613,1.8228752896888385,19.328563447220915,0.1735734389617935,4.797172268181691,0.009451679946397284,10.57915087780736,0.06884648468776017,0.0,0.0,2.0,false,false,false,1.0,,11.7,,,1.0,4.797172268181691
2026,1,00-0037005,Tommy Tremble,TE,CAR,0,0.0,0.0,0.0,0.0,0.0,0.0,0.0,0.0,2.4375413506116237,1.9522462946962367,19.15564733379005,0.13948978900906106,4.704749762129608,0.0,10.486728371755277,0.07263798024047792,0.0,0.0,1.0,false,false,false,1.0,,14.25,,,1.0,4.704749762129608
2026,1,00-0041395,Eli Raridon,TE,NE,1,0.0,0.0,0.0,0.0,0.0,0.0,0.0,0.0,0.974592073372506,0.7445155741423843,8.283001034530741,0.04616395049177723,4.537005682872383,2.6872063023262616,10.318984292498051,0.031220438711573623,0.05102496,0.0,2.0,false,false,false,1.0,,15.0,5.688665526726496,0.0,0.30000000000000004,1.849799380546122
2026,1,00-0037838,Isaiah Likely,TE,NYG,0,0.0,0.0,0.0,0.0,0.0,0.0,0.0,0.0,2.3591128169457174,1.883963020069004,18.508054221327164,0.12678566026614418,4.495482403798586,0.0,10.277461013424254,0.07284402784622508,0.0,0.0,1.0,false,false,false,1.0,,14.05,,,1.0,4.495482403798586
2026,1,00-0040628,Drake Dabney,TE,GB,0,0.0,0.0,0.0,0.0,0.0,0.0,0.0,0.0,2.237441289894289,1.747632598343986,19.02969124670988,0.11797061459371762,4.35842541057728,0.0,10.140404020202949,0.07107316445353992,0.0,0.0,5.0,false,false,false,1.0,,9.75,,,1.0,4.35842541057728
2026,1,00-0035689,Dawson Knox,TE,BUF,0,0.0,0.0,0.0,0.0,0.0,0.0,0.0,0.0,2.2415077311445875,1.6334415023535243,18.18815370025831,0.1425657954685066,4.307651645190395,0.0,10.089630254816065,0.07339333921701856,0.0,0.0,2.0,false,false,false,1.0,,14.9,,,1.0,4.307651645190395
2026,1,00-0040189,Oronde Gadsden II,TE,LAC,0,0.0,0.0,0.0,0.0,0.0,0.0,0.0,0.0,1.9901857767817002,1.5158152709121127,19.66176971520928,0.1350055554762002,4.292025575290242,0.0,10.07400418491591,0.058197098988146324,0.0,0.0,3.0,false,false,false,1.0,,15.0,,,1.0,4.292025575290242
2026,1,00-0038558,Darnell Washington,TE,PIT,0,0.0,0.0,0.0,0.0,0.0,0.0,0.0,0.0,2.2935169719653596,1.679961222833904,17.445960250755515,0.11668437703324225,4.124663510108909,0.0,9.906642119734578,0.0675715419768376,0.0,0.0,2.0,false,false,false,1.0,,13.75,,,1.0,4.124663510108909
2026,1,00-0036290,Cole Kmet,TE,CHI,0,0.0,0.0,0.0,0.0,0.0,0.0,0.0,0.0,2.001019237153651,1.587212177803489,16.40042087348045,0.144640806476255,4.095099104009064,0.0,9.877077713634733,0.0594054047108789,0.0,0.0,2.0,false,false,false,1.0,,15.5,,,1.0,4.095099104009064
2026,1,00-0039066,Michael Mayer,TE,LV,0,0.0,0.0,0.0,0.0,0.0,0.0,0.0,0.0,2.1929745466675534,1.661503448211211,16.152746843291396,0.10029811787459347,3.8785668397879114,0.0,9.66054544941358,0.06485198448255185,0.0,0.0,2.0,false,false,false,1.0,,13.7,,,1.0,3.8785668397879114
2026,1,00-0040584,Gunnar Helm,TE,TEN,0,0.0,0.0,0.0,0.0,0.0,0.0,0.0,0.0,2.339541717894683,1.7637262782543335,16.649157771814036,0.06494518054404853,3.818313138700028,0.0,9.600291748325697,0.070242748825505,0.0,0.0,1.0,false,false,false,1.0,,15.38,,,1.0,3.818313138700028
2026,1,00-0041524,Will Kacmarek,TE,MIA,1,0.0,0.0,0.0,0.0,0.0,0.0,0.0,0.0,1.4449954970247478,1.0805684874815602,12.237599532877919,0.06595709071269364,3.783117133564515,1.0830461485190006,9.565095743190184,0.0465466827311533,0.05102496,0.0,2.0,false,false,false,1.0,,15.0,4.247279768644087,0.0,0.30000000000000004,2.7000709850455142
2026,1,00-0033885,David Njoku,TE,LAC,0,0.0,0.0,0.0,0.0,0.0,0.0,0.0,0.0,1.9378160532757045,1.3998392983301071,13.861575649025385,0.14891552299024555,3.679490001174119,0.0,9.461468610799788,0.05666570125713209,0.0,0.0,2.0,false,false,false,1.0,,13.25,,,1.0,3.679490001174119
2026,1,00-0041503,Nate Boerkircher,TE,JAX,1,0.0,0.0,0.0,0.0,0.0,0.0,0.0,0.0,1.2959623334660217,0.9862495119548702,9.453035828740795,0.07039578452576002,3.430097244576998,1.0761694425934882,9.212075854202668,0.04042716718555031,0.05102496,0.0,2.0,false,false,false,1.0,,15.0,3.8913127199742075,0.0,0.30000000000000004,2.35392780198351
2026,1,00-0036754,Brock Wright,TE,DET,0,0.0,0.0,0.0,0.0,0.0,0.0,0.0,0.0,1.667569852877671,1.2634220842623893,13.327807756240476,0.1203866269431413,3.3185226215452848,0.0,9.100501231170954,0.04666122328026002,0.0,0.0,2.0,false,false,false,1.0,,12.0,,,1.0,3.3185226215452848
2026,1,00-0041483,Eli Stowers,TE,PHI,1,0.0,0.0,0.0,0.0,0.0,0.0,0.0,0.0,0.7183830897195747,0.5417944660260019,5.952509499080409,0.04443731067231758,3.17083901414227,1.7671697341743218,8.952817623767938,0.022361899618948657,0.02337267204,0.0,3.0,false,false,false,1.0,,15.0,5.821593615403753,0.0,0.6,1.4036692799679482
2026,1,00-0041041,Oscar Delp,TE,NO,1,0.0,0.0,0.0,0.0,0.0,0.0,0.0,0.0,0.7039613853418205,0.5322563132619572,5.4239020093343155,0.039634993325470824,2.9870124710202086,1.6745559968719947,8.768991080645877,0.019870861651779544,0.02337267204,0.0,3.0,false,false,false,1.0,,15.0,5.4988464663282,0.0,0.6,1.3124564741482139
2026,1,00-0039041,Elijah Higgins,TE,ARI,0,0.0,0.0,0.0,0.0,0.0,0.0,0.0,0.0,1.4756440886168776,1.243695702252111,11.515552916793505,0.07528831551688366,2.8469808870327635,0.0,8.628959496658432,0.03991169932640495,0.0,0.0,2.0,false,false,false,1.0,,15.4,,,1.0,2.8469808870327635
2026,1,00-0037112,Jake Tonges,TE,SF,0,0.0,0.0,0.0,0.0,0.0,0.0,0.0,0.0,1.4962530692408313,1.068388435331351,11.111104752107929,0.09666337413427413,2.7594791553477886,0.0,8.541457764973458,0.043994901160172115,0.0,0.0,2.0,false,false,false,1.0,,10.8,,,1.0,2.7594791553477886
2026,1,00-0035249,Josh Oliver,TE,MIN,0,0.0,0.0,0.0,0.0,0.0,0.0,0.0,0.0,1.4103475527092648,1.0574746370513215,10.183680056556154,0.10420352070314291,2.7010637669257944,0.0,8.483042376551463,0.04229168707639374,0.0,0.0,2.0,false,false,false,1.0,,13.55,,,1.0,2.7010637669257944
2026,1,00-0036423,Albert Okwuegbunam,TE,LV,0,0.0,0.0,0.0,0.0,0.0,0.0,0.0,0.0,1.6763295215985665,1.228124948981894,9.939142989497745,0.07821633992594591,2.691337287487344,0.0,8.473315897113013,0.0495734418292974,0.0,0.0,4.0,false,false,false,1.0,,7.85,,,1.0,2.691337287487344
2026,1,00-0038809,Ben Sims,TE,MIA,0,0.0,0.0,0.0,0.0,0.0,0.0,0.0,0.0,1.3631628600301098,1.035394109957149,11.966327618622737,0.05613888246749814,2.5688601666244115,0.0,8.35083877625008,0.04391066220438634,0.0,0.0,,false,false,false,1.0,,9.3,,,1.0,2.5688601666244115
2026,1,00-0041566,Jeremiah Franklin,TE,MIA,1,0.0,0.0,0.0,0.0,0.0,0.0,0.0,0.0,0.9615929678588173,0.7192181547574015,8.14640463275736,0.044287327607349825,2.5628944409412493,0.763311857264013,8.344873050566918,0.03097515728152189,0.024922144799999997,0.0,,false,false,false,1.0,,15.0,3.704053285433756,0.0,0.5992,1.7995825836772363
2026,1,00-0040737,Terrance Ferguson,TE,LA,0,0.0,0.0,0.0,0.0,0.0,0.0,0.0,0.0,1.281250543832647,0.8542693219071059,11.942670726192832,0.08400821647195088,2.5525856933580946,0.0,8.334564302983763,0.036530328826821355,0.001920785489610117,0.0,3.0,false,false,false,1.0,,13.5,,,1.0,2.5525856933580946
2026,1,00-0040945,R.J. Maryland,TE,GB,1,0.0,0.0,0.0,0.0,0.0,0.0,0.0,0.0,0.6998254171363785,0.5176080256637507,5.266326547963444,0.03626724706064006,2.5222095246622205,1.2603653618382848,8.30418813428789,0.022230217698025488,0.024922144799999997,0.0,,false,false,false,1.0,,15.0,4.406468319107081,0.0,0.5992,1.2618441628239356
2026,1,00-0035631,Drew Sample,TE,CIN,0,0.0,0.0,0.0,0.0,0.0,0.0,0.0,0.0,1.3393398089964574,1.0516404563935322,9.688110735908989,0.08101826140491303,2.506561098413909,0.0,8.288539708039577,0.03456886518442479,0.00368145443389532,0.0,2.0,false,false,false,1.0,,13.45,,,1.0,2.506561098413909
2026,1,00-0041558,Sam Roush,TE,CHI,1,0.0,0.0,0.0,0.0,0.0,0.0,0.0,0.0,0.7733008225922606,0.5752264616910823,5.563610674138156,0.045828673790322294,2.4852667710324496,1.078707199185618,8.267245380658117,0.02295742463460454,0.02337267204,0.0,3.0,false,false,false,1.0,,15.0,4.103327569810877,0.0,0.6,1.4065595718468316
2026,1,00-0035644,Noah Fant,TE,NO,0,0.0,0.0,0.0,0.0,0.0,0.0,0.0,0.0,1.1870319147311186,1.0334227811778542,9.996624148876053,0.06917911529757095,2.4481598878508852,0.0,8.230138497476554,0.03350659204469829,0.0,0.0,2.0,false,false,false,1.0,,14.25,,,1.0,2.4481598878508852
2026,1,00-0040879,Matthew Hibner,TE,BAL,1,0.0,0.0,0.0,0.0,0.0,0.0,0.0,0.0,0.7252501616994821,0.5569710710246017,6.748298039603011,0.05447934256845771,2.4391013694745025,0.8804244390788534,8.221079979100171,0.02354094261554317,0.02337267204,0.0,3.0,false,false,false,1.0,,15.0,3.759738028092783,0.0,0.6,1.5586769303956491
2026,1,00-0033858,Jonnu Smith,TE,GB,0,0.0,0.0,0.0,0.0,0.0,0.0,0.0,0.0,1.4138320416090238,1.0042784887399752,8.896779419130358,0.06963341919031137,2.3117569457948792,0.0,8.093735555420547,0.04491090678303779,0.02798161002642012,0.0,2.0,false,false,false,1.0,,16.0,,,1.0,2.3117569457948792
2026,1,00-0036534,Shane Zylstra,TE,BUF,0,0.0,0.0,0.0,0.0,0.0,0.0,0.0,0.0,1.1873705569166175,0.936178543072714,9.751731037511464,0.06648071470471877,2.310235935052173,0.0,8.09221454467784,0.03887788957818245,0.0,0.0,4.0,false,false,false,1.0,,8.1,,,1.0,2.310235935052173
2026,1,00-0039814,Erick All,TE,CIN,0,0.0,0.0,0.0,0.0,0.0,0.0,0.0,0.0,1.1631574468538204,0.8790323768232162,9.275072593347762,0.07847149187947756,2.2773685874348577,0.0,8.059347197060527,0.03002153202530234,0.0,0.0,4.0,false,false,false,1.0,,9.16,,,1.0,2.2773685874348577
2026,1,00-0036637,Noah Gray,TE,KC,0,0.0,0.0,0.0,0.0,0.0,0.0,0.0,0.0,1.3055169314459378,0.96740610311088,9.508884322859698,0.05954414744673258,2.2755594200772453,0.0,8.057538029702915,0.038369053812952136,0.0,0.0,2.0,false,false,false,1.0,,14.9,,,1.0,2.2755594200772453
2026,1,00-0038115,Daniel Bellinger,TE,TEN,0,0.0,0.0,0.0,0.0,0.0,0.0,0.0,0.0,1.2872891109582485,0.9334387884705098,9.695333656980788,0.05959340743220031,2.2605325987617904,0.0,8.04251120838746,0.0386497599060631,0.0,0.0,2.0,false,false,false,1.0,,13.9,,,1.0,2.2605325987617904
2026,1,00-0041077,Justin Joly,TE,DEN,1,0.0,0.0,0.0,0.0,0.0,0.0,0.0,0.0,0.7159938438984265,0.5384140585426913,4.585787406057978,0.034029205804189645,2.2403943985796535,1.0392263646060265,8.022373008205323,0.02123261987645032,0.02337267204,0.0,3.0,false,false,false,1.0,,15.0,3.7992339454886928,0.0,0.6,1.201168033973627
2026,1,00-0033217,Mo Alie-Cox,TE,IND,0,0.0,0.0,0.0,0.0,0.0,0.0,0.0,0.0,1.2141500530787823,0.8966857703692027,9.0889679831751,0.06654766852919651,2.204868579861892,0.0,7.986847189487561,0.0352966695192365,0.0,0.0,2.0,false,false,false,1.0,,13.3,,,1.0,2.204868579861892
2026,1,00-0037004,Hunter Long,TE,JAX,0,0.0,0.0,0.0,0.0,0.0,0.0,0.0,0.0,1.1836686151062816,0.9420643889775415,8.036879923101345,0.07325721761785152,2.185295686994785,0.0,7.967274296620454,0.036924197377874696,0.0,0.0,3.0,false,false,false,1.0,,11.3,,,1.0,2.185295686994785
2026,1,00-0039359,Cade Stover,TE,HOU,0,0.0,0.0,0.0,0.0,0.0,0.0,0.0,0.0,1.1054599516040107,0.9012703015092021,8.382043647832347,0.06322474870621769,2.118823158529743,0.0,7.900801768155412,0.03299706944196521,0.011434323193108144,0.0,3.0,false,false,false,1.0,,12.0,,,1.0,2.118823158529743
2026,1,00-0041457,Miles Kitselman,TE,DET,1,0.0,0.0,0.0,0.0,0.0,0.0,0.0,0.0,0.7451444595382947,0.5332788198621328,5.909087693882615,0.04857743377771975,2.1179112164853016,0.7022590245685887,7.89988982611097,0.020850312172869225,0.024922144799999997,0.0,,false,false,false,1.0,,15.0,3.167795466788441,0.0,0.5992,1.4156521919167129
2026,1,00-0039912,Ben Sinnott,TE,WAS,0,0.0,0.0,0.0,0.0,0.0,0.0,0.0,0.0,1.1537924229249954,0.8893443689082027,8.876050584475282,0.05546977809982115,2.109768095954658,0.0,7.891746705580326,0.037298736838625175,0.0,0.0,3.0,false,false,false,1.0,,11.84,,,1.0,2.109768095954658
2026,1,00-0041510,Max Klare,TE,LA,1,0.0,0.0,0.0,0.0,0.0,0.0,0.0,0.0,0.7508689425722364,0.5594435403666205,5.876417142722815,0.04205743594139583,2.063202979177153,0.663773108889876,7.845181588802822,0.021408372866684372,0.020200319999999997,0.0,5.0,false,false,false,1.0,,15.0,4.718295414736657,0.0,0.8,1.3994298702872772
2026,1,00-0039074,Davis Allen,TE,LA,0,0.0,0.0,0.0,0.0,0.0,0.0,0.0,0.0,0.9114170300014311,0.7794250130897171,8.091584745483178,0.07614850863070204,2.0454745394222473,0.0,7.827453149047916,0.025985833890632085,0.0,0.0,6.0,false,false,false,1.0,,13.4,,,1.0,2.0454745394222473
2026,1,00-0034613,Tanner Hudson,TE,CIN,0,0.0,0.0,0.0,0.0,0.0,0.0,0.0,0.0,1.0812895492354349,0.8227902272597318,8.14756345813852,0.06580226220390643,2.0323601462970227,0.0,7.814338755922691,0.027908490736831427,0.0,0.0,3.0,false,false,false,1.0,,12.45,,,1.0,2.0323601462970227
2026,1,00-0040187,Mitchell Evans,TE,CAR,0,0.0,0.0,0.0,0.0,0.0,0.0,0.0,0.0,1.0659206270914783,0.8443859395453173,7.874435527297527,0.06372227817991413,2.014163161354555,0.0,7.796141770980224,0.03176410583933723,0.003738144086994458,0.0,3.0,false,false,false,1.0,,14.62,,,1.0,2.014163161354555
2026,1,00-0036628,John Bates,TE,WAS,0,0.0,0.0,0.0,0.0,0.0,0.0,0.0,0.0,1.145835463192185,0.8491778492177638,8.085503612921665,0.053672057076005475,1.9797605529659634,0.0,7.761739162591632,0.037041511586307044,0.0,0.0,2.0,false,false,false,1.0,,13.2,,,1.0,1.9797605529659634
2026,1,00-0033246,Johnny Mundt,TE,PHI,0,0.0,0.0,0.0,0.0,0.0,0.0,0.0,0.0,1.0152918731048635,0.7400844946384699,8.357750739684104,0.06622331322604946,1.9731994479631771,0.0,7.755178057588846,0.03160410549080144,0.0,0.0,2.0,false,false,false,1.0,,13.7,,,1.0,1.9731994479631771
2026,1,00-0041577,Connor Hulstein,TE,NYJ,1,0.0,0.0,0.0,0.0,0.0,0.0,0.0,0.0,0.6569401506543453,0.5095526153661083,4.848035641495071,0.03142870806596496,1.937829838471864,0.7549014105604588,7.719808448097533,0.02148997586234574,0.024922144799999997,0.0,,false,false,false,1.0,,15.0,3.0664149812059627,0.0,0.5992,1.1829284279114052
2026,1,00-0041472,Marlin Klein,TE,HOU,1,0.0,0.0,0.0,0.0,0.0,0.0,0.0,0.0,0.5864189407128765,0.44188177499350456,4.314377243997294,0.028929054027047724,1.923673550983975,0.8767797274284548,7.7056521606096435,0.017504122587805798,0.021192299999999997,0.0,4.0,false,false,false,1.0,,15.0,4.55401273326934,0.0,0.75,1.0468938235555203
2026,1,00-0040739,Elijah Arroyo,TE,SEA,0,0.0,0.0,0.0,0.0,0.0,0.0,0.0,0.0,1.021558045408863,0.7441438411359017,8.373357409093819,0.056574777198725425,1.9209282452376362,0.0,7.702906854863305,0.03308545292517262,0.0,0.0,3.0,false,false,false,1.0,,14.25,,,1.0,1.9209282452376362
2026,1,00-0036422,Adam Trautman,TE,DEN,0,0.0,0.0,0.0,0.0,0.0,0.0,0.0,0.0,1.0751355116042978,0.8631730017987485,7.1168697269192664,0.0569292234414619,1.9164353151394466,0.0,7.6984139247651155,0.03188287696619561,0.0,0.0,2.0,false,false,false,1.0,,14.15,,,1.0,1.9164353151394466
2026,1,00-0036429,Charlie Woerner,TE,ATL,0,0.0,0.0,0.0,0.0,0.0,0.0,0.0,0.0,1.043129334527194,0.8754022795117263,7.662565538536259,0.0446468856879115,1.9095401474928213,0.0,7.69151875711849,0.03269092468524427,0.0,0.0,2.0,false,false,false,1.0,,11.9,,,1.0,1.9095401474928213
2026,1,00-0040887,Josh Cuevas,TE,BAL,1,0.0,0.0,0.0,0.0,0.0,0.0,0.0,0.0,0.6359469701469339,0.48838881227903513,5.917350892935476,0.04777106531189387,1.8964575472068788,0.5297072537629328,7.678436156832547,0.020642244457659123,0.021192299999999997,0.0,4.0,false,false,false,1.0,,15.0,3.4855793084956774,0.0,0.75,1.366750293443946
2026,1,00-0041084,Tanner Koziol,TE,JAX,1,0.0,0.0,0.0,0.0,0.0,0.0,0.0,0.0,0.7118029037241664,0.5396067917217062,5.252250799637645,0.0376916180952043,1.8722505149859878,0.5812689347292912,7.654229124611657,0.02220448407250836,0.021192299999999997,0.0,4.0,false,false,false,1.0,,15.0,3.616057319173861,0.0,0.75,1.2909815802566966
2026,1,00-0032392,Austin Hooper,TE,ATL,0,0.0,0.0,0.0,0.0,0.0,0.0,0.0,0.0,1.044129240214976,0.7797270093436098,7.672789623238337,0.05379251975434768,1.8697610901935295,0.0,7.651739699819198,0.03272226101186234,0.0,0.0,3.0,false,false,false,1.0,,14.75,,,1.0,1.8697610901935295
2026,1,00-0041366,Jameson Geers,TE,ARI,1,0.0,0.0,0.0,0.0,0.0,0.0,0.0,0.0,0.7738555190639393,0.5576578082108842,5.067770751510249,0.031010548892067426,1.8505168548102526,0.6000186780959389,7.632495464435921,0.02093044592338546,0.024922144799999997,0.0,,false,false,false,1.0,,12.0,2.7475507667740415,0.0,0.5992,1.2504981767143137
2026,1,00-0041094,Bauer Sharp,TE,TB,1,0.0,0.0,0.0,0.0,0.0,0.0,0.0,0.0,0.6659976338218093,0.48740024295079354,5.0858653337280915,0.04359123582459817,1.840452578680588,0.5829183874093964,7.6224311883062565,0.019235204693531852,0.021192299999999997,0.0,4.0,false,false,false,1.0,,15.0,3.5892077409087775,0.0,0.75,1.2575341912711917
2026,1,00-0041314,Tanner Arkin,TE,NE,1,0.0,0.0,0.0,0.0,0.0,0.0,0.0,0.0,0.5548767513530686,0.42455158240065355,4.700365198528191,0.02681985257179839,1.8378292196893007,0.7823220020050377,7.619807829314969,0.01777512467154472,0.021192299999999997,0.0,4.0,false,false,false,1.0,,15.0,4.184795225704414,0.0,0.75,1.055507217684263
2026,1,00-0039356,Ja'Tavion Sanders,TE,CAR,0,0.0,0.0,0.0,0.0,0.0,0.0,0.0,0.0,1.0197897611862885,0.8201685050324947,7.013568246796391,0.05073840286062472,1.825955746875882,0.0,7.60793435650155,0.030389420267231335,0.0,0.0,4.0,false,false,false,1.0,,14.05,,,1.0,1.825955746875882
2026,1,00-0041252,Kenny Fletcher Jr.,TE,TB,1,0.0,0.0,0.0,0.0,0.0,0.0,0.0,0.0,0.6677779158759259,0.48870311530593696,5.0994603892109955,0.0437077598044357,1.8245748000525233,0.5636790869988724,7.606553409678191,0.019286622428346684,0.0205772724,0.0,6.0,false,false,false,1.0,,15.0,4.073665608257604,0.0,0.7996,1.260895713053651
2026,1,00-0040955,John Michael Gyllenborg,TE,KC,1,0.0,0.0,0.0,0.0,0.0,0.0,0.0,0.0,0.6994450907429801,0.5016351557713519,5.213354437142906,0.0381606784955252,1.762384409684931,0.5104497392261373,7.5443630193106,0.020556643640154835,0.024922144799999997,0.0,,false,false,false,1.0,Injured Reserve,12.0,2.525511864136781,0.0,0.5992,1.2519346704587937
2026,1,00-0040244,Moliki Matavao,TE,NO,0,0.0,0.0,0.0,0.0,0.0,0.0,0.0,0.0,0.930313743972849,0.7867840998027791,6.814470880063543,0.04496145935918548,1.7379999439642462,0.0,7.519978553589915,0.026260155861045246,0.0,0.0,,false,false,false,1.0,Injured Reserve,9.75,,,1.0,1.7379999439642462
2026,1,00-0040853,Carson Towt,TE,IND,1,0.0,0.0,0.0,0.0,0.0,0.0,0.0,0.0,0.7777361012705851,0.5716820134175676,6.01934606357632,0.04172224816804378,1.733920174839624,0.30997006605616173,7.515898784465294,0.022609638792270473,0.024922144799999997,0.0,,false,false,false,1.0,,12.0,2.1973285171072185,0.0,0.5992,1.4239501087834623
2026,1,00-0041016,Patrick Gurd,TE,LV,1,0.0,0.0,0.0,0.0,0.0,0.0,0.0,0.0,0.7779116314447455,0.5619790922099488,5.26716869650172,0.039349605751848205,1.7320608302360636,0.40726723386485353,7.514039439861732,0.023004878523516726,0.029215434239999998,0.0,2.0,false,false,false,1.0,,15.0,1.906603930463858,0.0,0.30000000000000004,1.32479359637121
2026,1,00-0040901,Jaren Kanak,TE,TEN,1,0.0,0.0,0.0,0.0,0.0,0.0,0.0,0.0,0.7470878584164231,0.552722508645303,5.565671811603967,0.031477402415198856,1.7235390262874046,0.4253849219905119,7.505517635913073,0.022430677080019307,0.024922144799999997,0.0,,false,false,false,1.0,Injured Reserve,12.0,2.3594937300217227,0.0,0.5992,1.2981541042968927
2026,1,00-0037078,Cole Turner,TE,MIA,0,0.0,0.0,0.0,0.0,0.0,0.0,0.0,0.0,0.9991838637645218,0.6719590555224021,7.932505285930263,0.04213288350312028,1.7180068851341501,0.0,7.499985494759819,0.0321860479098355,0.0,0.0,,false,false,false,1.0,Injured Reserve,7.9,,,1.0,1.7180068851341501
2026,1,00-0041246,Josh Kattus,TE,CIN,1,0.0,0.0,0.0,0.0,0.0,0.0,0.0,0.0,0.7469110549848161,0.5324418192570478,5.679135755538868,0.04472455536451467,1.685663618699811,0.31696089170178854,7.46764222832548,0.01927805579367715,0.0205772724,0.0,6.0,false,false,false,1.0,,15.0,2.9503439031546517,0.0,0.7996,1.3687027269980225
2026,1,00-0041398,Riley Nowakowski,TE,PIT,1,0.0,0.0,0.0,0.0,0.0,0.0,0.0,0.0,0.9218169182490842,0.6513601633711171,6.446501578637964,0.04673038179481666,1.6671335285441842,0.09074091654037053,7.449112138169854,0.027158547919116007,0.024922144799999997,0.0,,false,false,false,1.0,,15.0,1.8027921043700075,0.0,0.5992,1.5763926120038136
2026,1,00-0037805,Jeremy Ruckert,TE,NYJ,0,0.0,0.0,0.0,0.0,0.0,0.0,0.0,0.0,0.9617853170433471,0.7499027272175565,6.33409500357825,0.04094799155686358,1.629000176916563,0.0,7.410978786542231,0.03146214039046475,0.0,0.0,3.0,false,false,false,1.0,,14.3,,,1.0,1.629000176916563
2026,1,00-0041195,Jack Velling,TE,ATL,1,0.0,0.0,0.0,0.0,0.0,0.0,0.0,0.0,0.6191614686549903,0.4681466194422263,4.759641889932604,0.02874589659659909,1.6221872069277117,0.5056010189126303,7.40416581655338,0.01940407605254423,0.020200319999999997,0.0,5.0,false,false,false,1.0,,15.0,3.6445912825782325,0.0,0.8,1.1165861880150814
2026,1,00-0041263,Lake McRee,TE,PIT,1,0.0,0.0,0.0,0.0,0.0,0.0,0.0,0.0,0.7542424733175954,0.5329512736376517,5.274610607226738,0.03823540016052756,1.614554300559404,0.32472956523591323,7.396532910185074,0.02222147364482789,0.021192299999999997,0.0,4.0,false,false,false,1.0,,15.0,2.5887429962671433,0.0,0.75,1.2898247353234908
2026,1,00-0040939,Michael Trigg,TE,DAL,1,0.0,0.0,0.0,0.0,0.0,0.0,0.0,0.0,0.6465076345528011,0.4752807385190379,5.144761366208679,0.038608467842023604,1.6119452360822175,0.39053755389016986,7.393923845707886,0.018234007044145142,0.021192299999999997,0.0,4.0,false,false,false,1.0,,15.0,2.7835578977527273,0.0,0.75,1.2214076821920477
2026,1,00-0040974,Lance Mason,TE,PIT,1,0.0,0.0,0.0,0.0,0.0,0.0,0.0,0.0,0.748409541146558,0.5280845870984257,5.252425541073791,0.03750903887208167,1.5987922705769617,0.3204108961386669,7.380770880202631,0.022049623937212447,0.020200319999999997,0.0,5.0,false,false,false,1.0,,15.0,2.8804358551316303,0.0,0.8,1.2783813744382948
2026,1,00-0041327,Cody Hardy,TE,NO,1,0.0,0.0,0.0,0.0,0.0,0.0,0.0,0.0,0.557006052651387,0.4211452420857812,4.291636318546456,0.03136099740522663,1.5791474267727208,0.5406725684009341,7.36112603639839,0.015722723492944426,0.020200319999999997,0.0,5.0,false,false,false,1.0,,15.0,3.741837700376457,0.0,0.8,1.0384748583717867
2026,1,00-0041384,Evan Svoboda,TE,LAC,1,0.0,0.0,0.0,0.0,0.0,0.0,0.0,0.0,0.6110103232645524,0.4541613689762275,5.1470259133294265,0.04395615594786122,1.5655382708550234,0.3329373748586859,7.347516880480692,0.017867190430487557,0.020200319999999997,0.0,5.0,false,false,false,1.0,,15.0,2.897287770289767,0.0,0.8,1.2326008959963375
2026,1,00-0040194,Jackson Hawes,TE,BUF,0,0.0,0.0,0.0,0.0,0.0,0.0,0.0,0.0,0.7898472637677871,0.5991042067962781,5.985285387502141,0.05855965243609549,1.548990660163065,0.0,7.330969269788733,0.025861846182320323,0.0,0.0,3.0,false,false,false,1.0,,14.25,,,1.0,1.548990660163065
2026,1,00-0041452,Johnny Pascuzzi,TE,LAC,1,0.0,0.0,0.0,0.0,0.0,0.0,0.0,0.0,0.6339565435801825,0.4718350621136055,5.322788051572278,0.04604328609956691,1.5215859253852195,0.2412123415169849,7.303564535010889,0.018538184802315498,0.021192299999999997,0.0,4.0,false,false,false,1.0,,15.0,2.2452229499361747,0.0,0.75,1.2803735838682346
2026,1,00-0041116,Jack Endries,TE,CIN,1,0.0,0.0,0.0,0.0,0.0,0.0,0.0,0.0,0.7300931365752588,0.520453024855975,5.5512607681009145,0.04371750918678815,1.5031791666103165,0.16529500982352108,7.285157776235984,0.01884397898189459,0.0205772724,0.0,6.0,false,false,false,1.0,,15.0,2.1627095551077575,0.0,0.7996,1.3378841567867954
2026,1,00-0033576,Eric Saubert,TE,SEA,0,0.0,0.0,0.0,0.0,0.0,0.0,0.0,0.0,0.8078715833290894,0.6228371869691888,5.986958949513624,0.04671752541613702,1.5018382344173733,0.0,7.2838168440430415,0.026164736658817526,0.0,0.0,2.0,false,false,false,1.0,,12.15,,,1.0,1.5018382344173733
2026,1,00-0041570,Tyler Moore,TE,IND,1,0.0,0.0,0.0,0.0,0.0,0.0,0.0,0.0,0.7527980552544593,0.5541186429841239,5.805416899959143,0.04086179759683187,1.4461364959006224,0.06630537733959296,7.228115105526291,0.02188466252887151,0.024922144799999997,0.0,,false,false,false,1.0,,15.0,1.5452636967536266,0.0,0.5992,1.3798311185610295
2026,1,00-0038720,Julian Hill,TE,NE,0,0.0,0.0,0.0,0.0,0.0,0.0,0.0,0.0,0.8089848705921846,0.6012690211691132,6.346232100981907,0.03449262568735443,1.4428479853914307,0.0,7.224826595017099,0.02591531704491917,0.0,0.0,,false,false,false,1.0,Injured Reserve,12.0,,,1.0,1.4428479853914307
2026,1,00-0039530,Brevyn Spann-Ford,TE,DAL,0,0.0,0.0,0.0,0.0,0.0,0.0,0.0,0.0,0.786150675322636,0.5630756455239582,5.951338310586268,0.046777823479647165,1.438876417460468,0.0,7.220855027086136,0.022172479001749013,0.0,0.0,2.0,false,false,false,1.0,,14.68,,,1.0,1.438876417460468
2026,1,00-0036145,Lawrence Cager,TE,WAS,0,0.0,0.0,0.0,0.0,0.0,0.0,0.0,0.0,0.8485425322722906,0.585391893648886,5.779554945939629,0.045395041428617985,1.4357176368145568,0.0,7.217696246440226,0.02743090002911401,0.0,0.0,5.0,false,false,false,1.0,,7.75,,,1.0,1.4357176368145568
2026,1,00-0041087,Joe Royer,TE,CLE,1,0.0,0.0,0.0,0.0,0.0,0.0,0.0,0.0,0.6906002754299599,0.5222542242298465,4.388330155357937,0.027639514249854617,1.4267965968594478,0.2998722715946798,7.208775206485116,0.02092948244550446,0.021192299999999997,0.0,4.0,false,false,false,1.0,Injured Reserve,12.0,2.326413411643487,0.0,0.75,1.126924325264768
2026,1,00-0041131,Carsen Ryan,TE,CLE,1,0.0,0.0,0.0,0.0,0.0,0.0,0.0,0.0,0.7619640461359387,0.5753994977274355,4.861297743330542,0.030078539910654685,1.4246706707563825,0.1826701592319646,7.2066492803820505,0.023092248432393016,0.02337267204,0.0,3.0,false,false,false,1.0,,15.0,1.6986759096043293,0.0,0.6,1.242000511524418
2026,1,00-0036556,Brevin Jordan,TE,HOU,0,0.0,0.0,0.0,0.0,0.0,0.0,0.0,0.0,0.7260407612769181,0.6046560049660258,5.83103909565603,0.03946004863916071,1.4245202063665932,0.0,7.206498815992262,0.02167171898248334,0.0,0.0,4.0,false,false,false,1.0,,8.3,,,1.0,1.4245202063665932
2026,1,00-0041170,Hayden Large,TE,CHI,1,0.0,0.0,0.0,0.0,0.0,0.0,0.0,0.0,0.604427909440898,0.4502025198235376,4.3335130455309665,0.036190856245098504,1.4195473960815193,0.3188484342342939,7.201526005707188,0.01794399769487568,0.0205772724,0.0,6.0,false,false,false,1.0,,15.0,2.691759012916555,0.0,0.7996,1.1006989618472254
2026,1,00-0037086,Grant Calcaterra,TE,PHI,0,0.0,0.0,0.0,0.0,0.0,0.0,0.0,0.0,0.7425874391854379,0.5666843529085273,5.824116666450107,0.044659113893109684,1.4170507029121961,0.0,7.199029312537865,0.02311533499464614,0.0,0.0,,false,false,false,1.0,Injured Reserve,12.0,,,1.0,1.4170507029121961
2026,1,00-0041180,Quentin Moore,TE,WAS,1,0.0,0.0,0.0,0.0,0.0,0.0,0.0,0.0,0.5585623136025699,0.4215234969361306,4.187744526105489,0.02796652590423411,1.3865944121229639,0.3784973071508797,7.168573021748633,0.01805668708607061,0.0205772724,0.0,6.0,false,false,false,1.0,,15.0,2.8968062224914437,0.0,0.7996,1.0080971049720842
2026,1,00-0038547,Luke Schoonmaker,TE,DAL,0,0.0,0.0,0.0,0.0,0.0,0.0,0.0,0.0,0.7247195888448563,0.5541322600807623,5.823728770326685,0.0411463516628571,1.3833832470905736,0.0,7.165361856716242,0.020439885597279567,0.0,0.0,3.0,false,false,false,1.0,,14.1,,,1.0,1.3833832470905736
2026,1,00-0041001,Matt Lauter,TE,MIN,1,0.0,0.0,0.0,0.0,0.0,0.0,0.0,0.0,0.5735029817179894,0.4246350524545994,4.234443040943403,0.03445548407223894,1.3820840258384157,0.32727176485604237,7.164062635464084,0.01719746922920061,0.020200319999999997,0.0,5.0,false,false,false,1.0,,15.0,2.691171085262586,0.0,0.8,1.0548122609823734
2026,1,00-0034981,Foster Moreau,TE,HOU,0,0.0,0.0,0.0,0.0,0.0,0.0,0.0,0.0,0.81950431566175,0.6004875640225902,5.4975217648761605,0.03368692761865184,1.3523613062221174,0.0,7.134339915847786,0.024461529133320833,0.0,0.0,2.0,false,false,false,1.0,,12.65,,,1.0,1.3523613062221174
2026,1,00-0038589,Josh Whyle,TE,GB,0,0.0,0.0,0.0,0.0,0.0,0.0,0.0,0.0,0.7031331340753534,0.5564899836382928,5.116127658151504,0.04347236122724712,1.3289369168169258,0.0,7.110915526442595,0.022335288571183744,0.0,0.0,3.0,false,false,false,1.0,,12.0,,,1.0,1.3289369168169258
2026,1,00-0034270,Tyler Conklin,TE,DET,0,0.0,0.0,0.0,0.0,0.0,0.0,0.0,0.0,0.6960999925765519,0.5082371470045735,5.7962829135885725,0.03940276392870262,1.3242820219356464,0.0,7.106260631561315,0.019477970966523914,0.0032397248704110052,0.0,3.0,false,false,false,1.0,,12.55,,,1.0,1.3242820219356464
2026,1,00-0041535,Louis Hansen,TE,HOU,1,0.0,0.0,0.0,0.0,0.0,0.0,0.0,0.0,0.5362209273982552,0.4040562791156813,3.9450624908360146,0.026452699771737,1.3242481252621792,0.36696939843247445,7.106226734887848,0.016005753217854538,0.0205772724,0.0,6.0,false,false,false,1.0,,15.0,2.7884633497462437,0.0,0.7996,0.9572787268297047
2026,1,00-0040598,Mark Redman,TE,LA,0,0.0,0.0,0.0,0.0,0.0,0.0,0.0,0.0,0.7211891488383095,0.5449936117849989,5.446889031480624,0.03481415742198211,1.2985674594649539,0.0,7.080546069090623,0.02056215849445914,0.021192299999999997,0.0,4.0,false,false,false,1.0,,15.0,,,1.0,1.2985674594649539
2026,1,00-0041357,Khalil Dinkins,TE,SF,1,0.0,0.0,0.0,0.0,0.0,0.0,0.0,0.0,0.44288160742335886,0.3260093782022344,3.5659973168606034,0.024826262434855077,1.2680840596912946,0.43651737519386935,7.050062669316963,0.013022217260436352,0.0205772724,0.0,6.0,false,false,false,1.0,,15.0,3.0097970996364936,0.0,0.7996,0.8315666844974252
2026,1,00-0037539,Lucas Krull,TE,DEN,0,0.0,0.0,0.0,0.0,0.0,0.0,0.0,0.0,0.7584508834619801,0.5619514515832406,4.456001482209418,0.03934650208205566,1.2436306122965164,0.0,7.025609221922185,0.02249167285548715,0.0,0.0,5.0,false,false,false,1.0,,9.95,,,1.0,1.2436306122965164
2026,1,00-0040240,Caleb Lohner,TE,DEN,0,0.0,0.0,0.0,0.0,0.0,0.0,0.0,0.0,0.7349771137374991,0.5624704150972962,4.50123089918485,0.03006414782436278,1.1929783919619579,0.0,6.974957001587627,0.021795564035733194,0.024922144799999997,0.0,,false,false,false,1.0,Injured Reserve,12.0,,,1.0,1.1929783919619579
2026,1,00-0037282,James Mitchell,TE,CAR,0,0.0,0.0,0.0,0.0,0.0,0.0,0.0,0.0,0.6297990377362673,0.5290431638109017,4.554667405635372,0.03303586010831606,1.1827250650243353,0.0,6.9647036746500035,0.018767817024757407,0.0,0.0,6.0,false,false,false,1.0,,8.2,,,1.0,1.1827250650243353
2026,1,00-0040938,DJ Rogers,TE,DAL,1,0.0,0.0,0.0,0.0,0.0,0.0,0.0,0.0,0.6162455750630955,0.45364300231520893,4.887299963363155,0.03718564474278944,1.1733539575434677,0.007867090435206503,6.955332567169137,0.017380500331440476,0.020200319999999997,0.0,5.0,false,false,false,1.0,,15.0,1.2048223192842937,0.0,0.8,1.1654868671082612
2026,1,00-0040390,Jackson Meeks,TE,DET,0,0.0,0.0,0.0,0.0,0.0,0.0,0.0,0.0,0.6431538936510168,0.46402401952086125,5.004007190903757,0.034493341787735526,1.1713847893376501,0.0,6.953363398963319,0.017996455970603464,0.021192299999999997,0.0,4.0,false,false,false,1.0,,15.0,,,1.0,1.1713847893376501
2026,1,00-0040331,Patrick Herbert,TE,JAX,0,0.0,0.0,0.0,0.0,0.0,0.0,0.0,0.0,0.6564684397059519,0.5067922740663027,4.608137686582127,0.03083854711432673,1.1526373254104758,0.0,6.9346159350361445,0.020478341598903955,0.0205772724,0.0,6.0,false,false,false,1.0,,15.0,,,1.0,1.1526373254104758
2026,1,00-0038406,Zack Kuntz,TE,DAL,0,0.0,0.0,0.0,0.0,0.0,0.0,0.0,0.0,0.6305308861046595,0.4713705614952783,4.81151592072542,0.03330228235422089,1.1523358476931458,0.0,6.9343144573188145,0.01778340116081716,0.021192299999999997,0.0,4.0,false,false,false,1.0,,15.0,,,1.0,1.1523358476931458
2026,1,00-0034365,Ian Thomas,TE,LV,0,0.0,0.0,0.0,0.0,0.0,0.0,0.0,0.0,0.6387958890707266,0.5299429683534642,4.458959504477343,0.028712724094785542,1.1481152633699117,0.0,6.93009387299558,0.01889086270904761,0.0,0.0,3.0,false,false,false,1.0,,11.05,,,1.0,1.1481152633699117
2026,1,00-0040792,Layne Pryor,TE,HOU,0,0.0,0.0,0.0,0.0,0.0,0.0,0.0,0.0,0.6604294423624597,0.5042050351718275,4.691787577085804,0.027133375372661164,1.136184045116375,0.0,6.918162654742043,0.019713275129987422,0.024922144799999997,0.0,,false,false,false,1.0,,15.0,,,1.0,1.136184045116375
2026,1,00-0040566,CJ Dippre,TE,NE,0,0.0,0.0,0.0,0.0,0.0,0.0,0.0,0.0,0.6179785807555078,0.479713261376252,5.043642619719895,0.025268492644160524,1.1356884792132047,0.0,6.917667088838874,0.019796551739620243,0.02337267204,0.0,3.0,false,false,false,1.0,,15.0,,,1.0,1.1356884792132047
2026,1,00-0040528,JJ Galbreath,TE,IND,0,0.0,0.0,0.0,0.0,0.0,0.0,0.0,0.0,0.6395210646310914,0.47632274535256397,4.789745154793324,0.028603396821144357,1.1269176417587625,0.0,6.908896251384431,0.01859157656142624,0.021192299999999997,0.0,4.0,false,false,false,1.0,,15.0,,,1.0,1.1269176417587625
2026,1,00-0038394,Will Mallory,TE,IND,0,0.0,0.0,0.0,0.0,0.0,0.0,0.0,0.0,0.605343424865599,0.453869257782857,5.064488916136137,0.027574441380039203,1.125764797676706,0.0,6.907743407302375,0.01759799520573542,0.0,0.0,,false,false,false,1.0,Injured Reserve,9.4,,,1.0,1.125764797676706
2026,1,00-0037348,Tanner Conner,TE,NYG,0,0.0,0.0,0.0,0.0,0.0,0.0,0.0,0.0,0.596609352287707,0.44914665338702003,4.643089619645844,0.034750895874767714,1.1219609906002108,0.0,6.903939600225879,0.018421937246574684,0.0,0.0,5.0,false,false,false,1.0,,10.5,,,1.0,1.1219609906002108
2026,1,00-0038783,Nate Adkins,TE,DEN,0,0.0,0.0,0.0,0.0,0.0,0.0,0.0,0.0,0.6564724483827828,0.47879000023811286,4.157436935715193,0.036793138676218314,1.1152925258669422,0.0,6.897271135492611,0.019467527653564107,0.0,0.0,3.0,false,false,false,1.0,,11.8,,,1.0,1.1152925258669422
2026,1,00-0040363,Keleki Latu,TE,BUF,0,0.0,0.0,0.0,0.0,0.0,0.0,0.0,0.0,0.5875583481080708,0.47522885616459215,4.428994867971573,0.03171471100616343,1.1084166089987302,0.0,6.890395218624398,0.019238331661014067,0.0,0.0,4.0,false,false,false,1.0,,10.5,,,1.0,1.1084166089987302
2026,1,00-0040702,Mitch Van Vooren,TE,DAL,0,0.0,0.0,0.0,0.0,0.0,0.0,0.0,0.0,0.6069819381389915,0.4525653314340584,4.6659307955985705,0.03130130781606792,1.106966257890323,0.0,6.888944867515992,0.01711923006655744,0.020200319999999997,0.0,5.0,false,false,false,1.0,,15.0,,,1.0,1.106966257890323
2026,1,00-0040387,Zach Horton,TE,DET,0,0.0,0.0,0.0,0.0,0.0,0.0,0.0,0.0,0.6057140663364198,0.43759395675446944,4.695499922665261,0.032883592814452196,1.1044455059077087,0.0,6.886424115533377,0.016948830805824867,0.020200319999999997,0.0,5.0,false,false,false,1.0,,15.0,,,1.0,1.1044455059077087
2026,1,00-0037317,Nick Muse,TE,ATL,0,0.0,0.0,0.0,0.0,0.0,0.0,0.0,0.0,0.5846630327140149,0.434062835635823,4.750711727318329,0.03240699505643355,1.1035759787062571,0.0,6.885554588331926,0.01832291982984407,0.0,0.0,4.0,false,false,false,1.0,,7.55,,,1.0,1.1035759787062571
2026,1,00-0040697,Thomas Gordon,TE,DET,0,0.0,0.0,0.0,0.0,0.0,0.0,0.0,0.0,0.6037943625818389,0.4373675949227809,4.646121185250906,0.03357326415963621,1.1034192984056888,0.0,6.885397908031358,0.016895114480017064,0.0205772724,0.0,6.0,false,false,false,1.0,,15.0,,,1.0,1.1034192984056888
2026,1,00-0034798,Durham Smythe,TE,BAL,0,0.0,0.0,0.0,0.0,0.0,0.0,0.0,0.0,0.513241772825295,0.4201450843385284,4.488032597690556,0.03834918023509595,1.0990434255181598,0.0,6.881022035143829,0.01665934840147798,0.0,0.0,2.0,false,false,false,1.0,,12.35,,,1.0,1.0990434255181598
2026,1,00-0040292,Bryce Pierre,TE,CAR,0,0.0,0.0,0.0,0.0,0.0,0.0,0.0,0.0,0.6247464725827843,0.4758277957723837,4.290262078884648,0.027292076319734158,1.0686064615792534,0.0,6.850585071204922,0.018617252141954355,0.0205772724,0.0,6.0,false,false,false,1.0,,12.0,,,1.0,1.0686064615792534
2026,1,00-0039631,Cam Grandy,TE,CIN,0,0.0,0.0,0.0,0.0,0.0,0.0,0.0,0.0,0.5724966040187591,0.46845111455195787,4.100892712600748,0.0308423426450052,1.063594441682064,0.0,6.845573051307733,0.014776353088238459,0.0,0.0,5.0,false,false,false,1.0,,9.16,,,1.0,1.063594441682064
2026,1,00-0040215,Gavin Bartholomew,TE,MIN,0,0.0,0.0,0.0,0.0,0.0,0.0,0.0,0.0,0.6005163631489344,0.4498186205004296,4.309827570907521,0.030128683178875813,1.0615734766644365,0.0,6.843552086290105,0.018007511741174466,0.021192299999999997,0.0,4.0,false,false,false,1.0,,15.0,,,1.0,1.0615734766644365
2026,1,00-0039843,Qadir Ismail,TE,CHI,0,0.0,0.0,0.0,0.0,0.0,0.0,0.0,0.0,0.5916064576852859,0.44737216189227147,4.077252536079762,0.031050956746657195,1.0414031559801908,0.0,6.823381765605859,0.017563359909700475,0.020200319999999997,0.0,5.0,false,false,false,1.0,,15.0,,,1.0,1.0414031559801908
2026,1,00-0039518,Treyton Welch,TE,NO,0,0.0,0.0,0.0,0.0,0.0,0.0,0.0,0.0,0.5687316607986184,0.4369010783992976,4.20875345545993,0.027698335062922044,1.023966434322823,0.0,6.805945043948491,0.016053704626467078,0.021192299999999997,0.0,4.0,false,false,false,1.0,,15.0,,,1.0,1.023966434322823
2026,1,00-0040060,Marshall Lang,TE,MIN,0,0.0,0.0,0.0,0.0,0.0,0.0,0.0,0.0,0.5651483796248219,0.4244649642963689,4.0256916707677135,0.029097543169143834,1.001619390388003,0.0,6.783598000013672,0.016946942175288773,0.0205772724,0.0,6.0,false,false,false,1.0,,15.0,,,1.0,1.001619390388003
2026,1,00-0033455,Anthony Firkser,TE,WAS,0,0.0,0.0,0.0,0.0,0.0,0.0,0.0,0.0,0.5809314790406949,0.46411131952057266,3.840134456982242,0.025508194800815086,1.0011739340236874,0.0,6.783152543649356,0.018779816826220177,0.0,0.0,6.0,false,false,false,1.0,,9.15,,,1.0,1.0011739340236874
2026,1,00-0040504,Bryson Nesbit,TE,MIN,0,0.0,0.0,0.0,0.0,0.0,0.0,0.0,0.0,0.5649264442360149,0.423729079228105,4.039284703534628,0.028714603682010422,0.9999451716736304,0.0,6.781923781299299,0.01694028706251421,0.020200319999999997,0.0,5.0,false,false,false,1.0,,15.0,,,1.0,0.9999451716736304
2026,1,00-0037475,Stone Smartt,TE,PHI,0,0.0,0.0,0.0,0.0,0.0,0.0,0.0,0.0,0.5736766933448394,0.4059170803922377,4.112175129995321,0.029262181395365017,0.9927076817639598,0.0,6.774686291389629,0.017857464650671798,0.0,0.0,6.0,false,false,false,1.0,,11.25,,,1.0,0.9927076817639598
2026,1,00-0038710,Blake Whiteheart,TE,CLE,0,0.0,0.0,0.0,0.0,0.0,0.0,0.0,0.0,0.6439350864345441,0.47583970618422505,3.550773422262698,0.026439474056843697,0.989553892751557,0.0,6.771532502377226,0.01951523705834814,0.0,0.0,2.0,false,false,false,1.0,,11.84,,,1.0,0.989553892751557
2026,1,00-0039275,Messiah Swinson,TE,GB,0,0.0,0.0,0.0,0.0,0.0,0.0,0.0,0.0,0.5682825120538447,0.4254490591566342,4.140689361983503,0.024677839324318947,0.9875850313008983,0.0,6.769563640926567,0.018051707822546687,0.0205772724,0.0,6.0,false,false,false,1.0,,15.0,,,1.0,0.9875850313008983
2026,1,00-0039263,McCallan Castles,TE,GB,0,0.0,0.0,0.0,0.0,0.0,0.0,0.0,0.0,0.5664150426379305,0.4246165715627297,4.110588969257636,0.024922892388845392,0.9852128228215656,0.0,6.767191432447234,0.017992386953879114,0.0205772724,0.0,6.0,false,false,false,1.0,,15.0,,,1.0,0.9852128228215656
2026,1,00-0041237,Chase Curtis,TE,NYJ,1,0.0,0.0,0.0,0.0,0.0,0.0,0.0,0.0,0.5249003185837039,0.40883853028166117,3.8324914655522675,0.02601948392526431,0.9806077683398161,0.03240318795134234,6.7625863779654845,0.01717065879633913,0.020200319999999997,0.0,5.0,false,false,false,1.0,,15.0,1.1102205201451856,0.0,0.8,0.9482045803884738
2026,1,00-0039023,Joel Wilson,TE,TEN,0,0.0,0.0,0.0,0.0,0.0,0.0,0.0,0.0,0.5786969465900536,0.4362867188146778,4.100335053903188,0.021191108751548348,0.9734668767142867,0.0,6.755445486339955,0.017374883274999454,0.020200319999999997,0.0,5.0,false,false,false,1.0,,15.0,,,1.0,0.9734668767142867
2026,1,00-0040081,Jake Briningstool,TE,KC,0,0.0,0.0,0.0,0.0,0.0,0.0,0.0,0.0,0.5638268420419287,0.40973190200760434,4.058416786839814,0.025691799761787898,0.9697243792623131,0.0,6.751702988887982,0.016570832535686253,0.021192299999999997,0.0,4.0,false,false,false,1.0,,15.0,,,1.0,0.9697243792623131
2026,1,00-0040046,Rivaldo Fairweather,TE,ARI,0,0.0,0.0,0.0,0.0,0.0,0.0,0.0,0.0,0.604593946595246,0.44175222274139964,3.8241521782163677,0.019554401148227277,0.9414938474524001,0.0,6.723472457078069,0.016352433488004147,0.020200319999999997,0.0,5.0,false,false,false,1.0,,15.0,,,1.0,0.9414938474524001
2026,1,00-0039550,Shawn Bowman,TE,ARI,0,0.0,0.0,0.0,0.0,0.0,0.0,0.0,0.0,0.6011307025597092,0.44048333966053727,3.7712175472615,0.02010308506369204,0.9382236047688395,0.0,6.720202214394508,0.01625876323532834,0.0205772724,0.0,6.0,false,false,false,1.0,,15.0,,,1.0,0.9382236047688395
2026,1,00-0040094,Tre Watson,TE,KC,0,0.0,0.0,0.0,0.0,0.0,0.0,0.0,0.0,0.5374349473080511,0.3905529619136313,3.8684483414983757,0.024489204879321224,0.9243330253393962,0.0,6.706311634965065,0.01579517654465413,0.020200319999999997,0.0,5.0,false,false,false,1.0,,15.0,,,1.0,0.9243330253393962
2026,1,00-0036232,Harrison Bryant,TE,SEA,0,0.0,0.0,0.0,0.0,0.0,0.0,0.0,0.0,0.4652597326266859,0.359916572575066,3.5885722527527872,0.034092731177134496,0.9233301849131518,0.0,6.70530879453882,0.015068481963389238,0.0,0.0,4.0,false,false,false,1.0,,10.6,,,1.0,0.9233301849131518
2026,1,00-0039702,Mason Pline,TE,KC,0,0.0,0.0,0.0,0.0,0.0,0.0,0.0,0.0,0.5345278023768344,0.3895030349445463,3.8160589124632542,0.025040139974620918,0.9213497660385972,0.0,6.703328375664266,0.015709735752871854,0.0205772724,0.0,6.0,false,false,false,1.0,,15.0,,,1.0,0.9213497660385972
2026,1,00-0037340,Zaire Mitchell-Paden,TE,NO,0,0.0,0.0,0.0,0.0,0.0,0.0,0.0,0.0,0.47906112058570977,0.36400745848673954,3.656508595404148,0.027867530215498548,0.8968634993201456,0.0,6.6788421089458145,0.013522555992588755,0.0,0.0,4.0,false,false,false,1.0,,10.5,,,1.0,0.8968634993201456
2026,1,00-0039050,Payne Durham,TE,TB,0,0.0,0.0,0.0,0.0,0.0,0.0,0.0,0.0,0.4958651666676172,0.32211082305634997,3.6917082807491575,0.028525518539247008,0.8624347623667478,0.0,6.6444133719924166,0.014321474276882878,0.0,0.0,2.0,false,false,false,1.0,,11.4,,,1.0,0.8624347623667478
2026,1,00-0036590,Quintin Morris,TE,JAX,0,0.0,0.0,0.0,0.0,0.0,0.0,0.0,0.0,0.43339151682692956,0.33279965307985127,2.9894184388146767,0.029920193484074778,0.8112626578657676,0.0,6.593241267491436,0.013519522022451505,0.0,0.0,5.0,false,false,false,1.0,,12.4,,,1.0,0.8112626578657676
2026,1,00-0037755,Jelani Woods,TE,NYJ,0,0.0,0.0,0.0,0.0,0.0,0.0,0.0,0.0,0.4947406618193603,0.38200025444850505,3.0617807092447933,0.019458529584946208,0.8049295028826616,0.0,6.58690811250833,0.01618406923374837,0.0,0.0,4.0,false,false,false,1.0,,8.1,,,1.0,0.8049295028826616
2026,1,00-0036876,Kylen Granson,TE,TEN,0,0.0,0.0,0.0,0.0,0.0,0.0,0.0,0.0,0.4791841760399466,0.37345722913970286,3.1235210480492523,0.018490990385378984,0.796755276256902,0.0,6.578733885882571,0.014387097037542868,0.0,0.0,3.0,false,false,false,1.0,,14.25,,,1.0,0.796755276256902
2026,1,00-0037292,Andrew Ogletree,TE,IND,0,0.0,0.0,0.0,0.0,0.0,0.0,0.0,0.0,0.4260850852028695,0.30767660151271137,3.1682542431606087,0.027884187617656882,0.7918071515347136,0.0,6.573785761160382,0.012386759281808104,0.0,0.0,3.0,false,false,false,1.0,,13.15,,,1.0,0.7918071515347136
2026,1,00-0041133,Dallen Bentley,TE,DEN,1,0.0,0.0,0.0,0.0,0.0,0.0,0.0,0.0,0.6058639560813841,0.4581652721877342,3.8240088109273547,0.030245365323911606,0.7665287589179546,0.0,6.548507368543623,0.01796674536512267,0.021192299999999997,0.0,4.0,false,false,false,1.0,,15.0,0.0,0.0,0.75,1.0220383452239394
2026,1,00-0035345,Chris Myarick,TE,LV,0,0.0,0.0,0.0,0.0,0.0,0.0,0.0,0.0,0.432584907015311,0.31710254196921056,2.6892780814103845,0.023545447558746227,0.7273030354627265,0.0,6.509281645088395,0.01279266543233434,0.0,0.0,4.0,false,false,false,1.0,,7.5,,,1.0,0.7273030354627265
2026,1,00-0035039,Stephen Carlson,TE,CHI,0,0.0,0.0,0.0,0.0,0.0,0.0,0.0,0.0,0.3771294362395989,0.2804597990613299,2.554625430428341,0.0238837246638257,0.6792246900871182,0.0,6.461203299712787,0.011196057675121036,0.0,0.0,4.0,false,false,false,1.0,,7.5,,,1.0,0.6792246900871182
2026,1,00-0036887,Luke Farrell,TE,SF,0,0.0,0.0,0.0,0.0,0.0,0.0,0.0,0.0,0.35839941849119594,0.26298266690372735,2.745243285890725,0.022539749135068905,0.6727454903032133,0.0,6.454724099928882,0.010538155153381617,0.0,0.0,3.0,false,false,false,1.0,,13.7,,,1.0,0.6727454903032133
2026,1,00-0032394,Nick Vannett,TE,SEA,0,0.0,0.0,0.0,0.0,0.0,0.0,0.0,0.0,0.3939625182055689,0.3076662173030876,2.2569384030029687,0.02064058960248422,0.6572035952182897,0.0,6.439182204843958,0.01275936145670115,0.0,0.0,5.0,false,false,false,1.0,,9.35,,,1.0,0.6572035952182897
2026,1,00-0037011,Tre' McKitty,TE,WAS,0,0.0,0.0,0.0,0.0,0.0,0.0,0.0,0.0,0.3890801063153588,0.27310569487575553,2.682240402322441,0.017211646221720268,0.6445996124383213,0.0,6.4265782220639895,0.012577822670919264,0.0,0.0,6.0,false,false,false,1.0,,7.55,,,1.0,0.6445996124383213
2026,1,00-0039648,David Martin-Robinson,TE,TEN,0,0.0,0.0,0.0,0.0,0.0,0.0,0.0,0.0,0.38552580880671594,0.28174843990360643,2.391743075668337,0.019353889252992997,0.637046082988398,0.0,6.419024692614067,0.011575084276816845,0.0,0.0,4.0,false,false,false,1.0,,12.0,,,1.0,0.637046082988398
2026,1,00-0040509,Ben Yurosek,TE,MIN,0,0.0,0.0,0.0,0.0,0.0,0.0,0.0,0.0,0.3317662314958728,0.2549368450895526,2.4211804850165417,0.017524063708029537,0.602199275839384,0.0,6.384177885465053,0.009948578715923265,0.0,0.0,3.0,false,false,false,1.0,,11.62,,,1.0,0.602199275839384
2026,1,00-0036332,Josiah Deguara,TE,NYG,0,0.0,0.0,0.0,0.0,0.0,0.0,0.0,0.0,0.31990925405623205,0.2384254830747914,2.1424902282368663,0.022793355526035196,0.5894346390546892,0.0,6.371413248680358,0.009878068756757329,0.0,0.0,4.0,false,false,false,1.0,,11.1,,,1.0,0.5894346390546892
2026,1,00-0031484,Chris Manhertz,TE,NYG,0,0.0,0.0,0.0,0.0,0.0,0.0,0.0,0.0,0.27907291964388314,0.20958193873910633,1.7758495138431758,0.01629428473630637,0.48493259854126214,0.0,6.266911208166931,0.008617135807852346,0.0,0.0,,false,false,false,1.0,,10.25,,,1.0,0.48493259854126214
2026,1,00-0040488,Carter Runyon,TE,LV,0,0.0,0.0,0.0,0.0,0.0,0.0,0.0,0.0,0.2850162575540478,0.24049618407271012,1.7741050310936597,0.01103734769593065,0.48413077335766,0.0,6.266109382983329,0.008428675079817146,0.0,0.0,,false,false,false,1.0,Injured Reserve,10.5,,,1.0,0.48413077335766
2026,1,00-0033757,Robert Tonyan,TE,PIT,0,0.0,0.0,0.0,0.0,0.0,0.0,0.0,0.0,0.2777697655924073,0.22774353482421053,1.674684832903421,0.011833883895500191,0.4662153214875538,0.0,6.248193931113223,0.008183646166585757,0.0,0.0,3.0,false,false,false,1.0,,8.7,,,1.0,0.4662153214875538
2026,1,00-0039824,Jared Wiley,TE,KC,0,0.0,0.0,0.0,0.0,0.0,0.0,0.0,0.0,0.2815329769995685,0.22069416636912875,1.7448308030705166,0.01149284944110801,0.4641343433228285,0.0,6.246112952948497,0.00827423504393239,0.0,0.0,3.0,false,false,false,1.0,,8.68,,,1.0,0.4641343433228285
2026,1,00-0040058,Nick Kallerup,TE,SEA,0,0.0,0.0,0.0,0.0,0.0,0.0,0.0,0.0,0.27124091296965225,0.1718162818500569,1.9563744232970173,0.015947849968000572,0.4631408239877621,0.0,6.24511943361343,0.00878474649362339,0.0,0.0,4.0,false,false,false,1.0,,10.87,,,1.0,0.4631408239877621
2026,1,00-0039305,Jack Westover,TE,NE,0,0.0,0.0,0.0,0.0,0.0,0.0,0.0,0.0,0.250680801997807,0.2010394317589577,1.7722259439558106,0.011837011431281158,0.4492840947422257,0.0,6.231262704367895,0.00803040044011243,0.0,0.0,4.0,false,false,false,1.0,,10.87,,,1.0,0.4492840947422257
2026,1,00-0039754,Devin Culp,TE,TB,0,0.0,0.0,0.0,0.0,0.0,0.0,0.0,0.0,0.20943220417597203,0.13198352226091853,0.9366452305679455,0.032353440939283586,0.4197686909534146,0.0,6.2017473005790835,0.00604877722106174,0.0,0.0,4.0,false,false,false,1.0,,9.47,,,1.0,0.4197686909534146
2026,1,00-0039686,Colson Yankoff,TE,WAS,0,0.0,0.0,0.0,0.0,0.0,0.0,0.0,0.0,0.22273479519425052,0.16392905364662683,1.5566192506643326,0.00959316297471395,0.37714995656134376,0.0,6.159128566187013,0.007200364940596847,0.0,0.0,4.0,false,false,false,1.0,,11.68,,,1.0,0.37714995656134376
2026,1,00-0033439,Pharaoh Brown,TE,IND,0,0.0,0.0,0.0,0.0,0.0,0.0,0.0,0.0,0.17201775583977147,0.14307587170885724,1.1079953869092947,0.008535526539529072,0.3050885696369612,0.0,6.08706717926263,0.00500074423578941,0.0,0.0,5.0,false,false,false,1.0,,11.05,,,1.0,0.3050885696369612
2026,1,00-0037277,Teagan Quitoriano,TE,ARI,0,0.0,0.0,0.0,0.0,0.0,0.0,0.0,0.0,0.15531145191047593,0.11231165139278412,1.0251487414773757,0.005368131794296769,0.24703531630630232,0.0,6.029013925931971,0.004200703962707162,0.0,0.0,3.0,false,false,false,1.0,,8.25,,,1.0,0.24703531630630232
2026,1,00-0037311,Ko Kieft,TE,TB,0,0.0,0.0,0.0,0.0,0.0,0.0,0.0,0.0,0.11406457809211028,0.08217409667117856,0.8807011940347073,0.007092568225175326,0.21279962542570124,0.0,5.99477823505137,0.0032943893438367976,0.0,0.0,3.0,false,false,false,1.0,,9.05,,,1.0,0.21279962542570124
2026,1,00-0040225,Thomas Fidone II,TE,NYG,0,0.0,0.0,0.0,0.0,0.0,0.0,0.0,0.0,0.08689865882388109,0.06599566503105639,0.6417676639333482,0.004590408430763452,0.15771488200897193,0.0,5.939693491634641,0.0026832325600103166,0.0,0.0,3.0,false,false,false,1.0,,9.75,,,1.0,0.15771488200897193
2026,1,00-0038498,E.J. Jenkins,TE,PHI,0,0.0,0.0,0.0,0.0,0.0,0.0,0.0,0.0,0.06712411131138792,0.048690696078047956,0.506126909922123,0.007255840099098503,0.14283842766485128,0.0,5.92481703729052,0.002089445952496357,0.0,0.0,5.0,false,false,false,1.0,,8.53,,,1.0,0.14283842766485128
2026,1,00-0039489,Hayden Rucci,TE,SF,0,0.0,0.0,0.0,0.0,0.0,0.0,0.0,0.0,0.06952564106184858,0.049937397667704754,0.5533371196376726,0.0037476330774738388,0.12775690809631504,0.0,5.909735517721984,0.002044289010658867,0.0,0.0,5.0,false,false,false,1.0,,9.75,,,1.0,0.12775690809631504
2026,1,00-0038564,Cameron Latu,TE,PHI,0,0.0,0.0,0.0,0.0,0.0,0.0,0.0,0.0,0.06476619151775377,0.047355130798907026,0.516847659232938,0.004018160957907042,0.12314886246964307,0.0,5.9051274720953115,0.0020160483927690515,0.0,0.0,4.0,false,false,false,1.0,,13.12,,,1.0,0.12314886246964307
2026,1,00-0038735,Princeton Fant,TE,DAL,0,0.0,0.0,0.0,0.0,0.0,0.0,0.0,0.0,0.06594513973891007,0.04803295888385796,0.5188404591070357,0.0036487535296623394,0.12180952597253557,0.0,5.903788135598204,0.0018599071043579718,0.0,0.0,,false,false,false,1.0,Injured Reserve,8.37,,,1.0,0.12180952597253557
2026,1,00-0036825,Feleipe Franks,TE,CAR,0,0.0,0.0,0.0,0.0,0.0,0.0,0.0,0.0,0.055705868637076904,0.03769014726676745,0.411598142451363,0.003144818225173862,0.09771887086294692,0.0,5.879697480488615,0.0016600176995247055,0.0028965516242568405,0.0,5.0,false,false,false,1.0,,11.85,,,1.0,0.09771887086294692
2026,1,00-0037031,Nikola Kalinic,TE,CHI,0,0.0,0.0,0.0,0.0,0.0,0.0,0.0,0.0,0.05295519409494281,0.03897827860154465,0.3643626865166877,0.0031923643963485907,0.09456873363130497,0.0,5.8765473432569735,0.001572111191308685,0.0,0.0,,false,false,false,1.0,Injured Reserve,8.1,,,1.0,0.09456873363130497
2026,1,00-0038590,Justin Shorter,TE,LV,0,0.0,0.0,0.0,0.0,0.0,0.0,0.0,0.0,0.05118976844451639,0.035702165265744955,0.3427016255586066,0.0027402672319718105,0.08641393121343648,0.0,5.868392540839105,0.001513815139292842,0.0,0.0,,false,false,false,1.0,Injured Reserve,9.0,,,1.0,0.08641393121343648
2026,1,00-0038643,Brayden Willis,TE,SF,0,0.0,0.0,0.0,0.0,0.0,0.0,0.0,0.0,0.046405060781833214,0.029756163825339146,0.37098512101281567,0.0027542127798343592,0.08337995260562686,0.0,5.865358562231296,0.0013644657474048765,0.0,0.0,4.0,false,false,false,1.0,,10.1,,,1.0,0.08337995260562686
2026,1,00-0036900,Ja'Marr Chase,WR,CIN,0,0.0,0.0,0.0,0.0,0.0,0.0,0.0,0.0,8.96440568993864,6.5301445513395615,85.59870417125308,0.5940813824286244,18.654503263036617,12.494503263036616,26.054503263036615,0.23137468898663868,0.00789473642659282,0.0,1.0,false,false,false,1.0,,15.65,,,1.0,18.654503263036617
2026,1,00-0039075,Puka Nacua,WR,LA,0,0.0,0.0,0.0,0.0,0.0,0.0,0.0,0.0,7.882507085996955,5.68733561443835,75.95259489781635,0.44610037629505184,15.959197361990297,9.799197361990297,23.359197361990297,0.2247418174511459,0.02002224627215262,0.0,1.0,false,false,false,1.0,,14.8,,,1.0,15.959197361990297
2026,1,00-0036963,Amon-Ra St. Brown,WR,DET,0,0.0,0.0,0.0,0.0,0.0,0.0,0.0,0.0,7.296012663516857,5.057095394294218,70.50615000861741,0.49885530719991766,15.100842238355465,8.940842238355465,22.500842238355467,0.2041538921805746,0.004859334856925764,0.0,1.0,false,false,false,1.0,,15.95,,,1.0,15.100842238355465
2026,1,00-0038543,Jaxon Smith-Njigba,WR,SEA,0,0.0,0.0,0.0,0.0,0.0,0.0,0.0,0.0,6.187400676002855,4.303056779272663,61.5775376354363,0.3958769047355027,12.836071971229309,6.676071971229309,20.236071971229308,0.20039287509418072,0.01078296663675938,0.0,1.0,false,false,false,1.0,,16.0,,,1.0,12.836071971229309
2026,1,00-0041438,Carnell Tate,WR,TEN,1,0.0,0.0,0.0,0.0,0.0,0.0,0.0,0.0,3.230318219201695,2.085026272955384,25.0904974136507,0.1321041086118773,12.386700665991718,7.000000000000001,19.786700665991717,0.096987555110591,0.015,0.0,1.0,false,false,false,1.0,,15.0,15.088266673839867,0.0,0.0,5.386700665991717
2026,1,00-0036322,Justin Jefferson,WR,MIN,0,0.0,0.0,0.0,0.0,0.0,0.0,0.0,0.0,6.170171147149628,4.2774928129973855,53.882548350712376,0.36990490007737775,11.88517704853289,5.72517704853289,19.28517704853289,0.1850231504013098,0.00483870952133195,0.0,1.0,false,false,false,1.0,,15.65,,,1.0,11.88517704853289
2026,1,00-0035640,DK Metcalf,WR,PIT,0,0.0,0.0,0.0,0.0,0.0,0.0,0.0,0.0,6.331427195985637,4.271712592177668,55.87457146329687,0.3357643080988638,11.873755587100536,5.713755587100536,19.27375558710054,0.18653635607510835,0.008333333101851859,0.0,1.0,false,false,false,1.0,,15.05,,,1.0,11.873755587100536
2026,1,00-0039064,Zay Flowers,WR,BAL,0,0.0,0.0,0.0,0.0,0.0,0.0,0.0,0.0,5.494528576555201,3.749462287158255,57.905507369280926,0.3877668912580705,11.866614371634771,5.706614371634771,19.266614371634773,0.17834726381453,0.014135014131160896,0.0,1.0,false,false,false,1.0,,15.95,,,1.0,11.866614371634771
2026,1,00-0035676,A.J. Brown,WR,NE,0,0.0,0.0,0.0,0.0,0.0,0.0,0.0,0.0,5.531297035993193,3.7771911114179058,54.73628464608232,0.28179105912678837,10.941565930786869,4.7815659307868685,18.34156593078687,0.17719159105219748,0.0,0.0,1.0,false,false,false,1.0,,14.8,,,1.0,10.941565930786869
2026,1,00-0036358,CeeDee Lamb,WR,DAL,0,0.0,0.0,0.0,0.0,0.0,0.0,0.0,0.0,5.491528780575497,3.7578487708666874,51.18793509604705,0.3422836781492085,10.930344349366644,4.770344349366644,18.330344349366644,0.15488227689283607,0.0018610421235892116,0.0,1.0,false,false,false,1.0,,14.5,,,1.0,10.930344349366644
2026,1,00-0038117,Wan'Dale Robinson,WR,TEN,0,0.0,0.0,0.0,0.0,0.0,0.0,0.0,0.0,5.510287998640591,3.9972655850903123,48.50125738125451,0.2429482332932086,10.305080722975015,4.145080722975015,17.705080722975016,0.16544170718742854,0.007164676708216495,0.0,2.0,false,false,false,1.0,,15.6,,,1.0,10.305080722975015
2026,1,00-0039067,Rashee Rice,WR,KC,0,0.0,0.0,0.0,0.0,0.0,0.0,0.0,0.0,5.505510168450657,4.121776593894844,43.71738391885115,0.2853836165984846,10.205816685370868,4.045816685370868,17.60581668537087,0.1618065693618207,0.01970108610221727,0.0,1.0,false,false,false,1.0,,11.3,,,1.0,10.205816685370868
2026,1,00-0040124,Tetairoa McMillan,WR,CAR,0,0.0,0.0,0.0,0.0,0.0,0.0,0.0,0.0,5.626064034842211,3.2964133264806565,48.1929134113826,0.33557330584709766,10.129144502701504,3.9691445027015035,17.529144502701506,0.16765497253697473,0.0,0.0,1.0,false,false,false,1.0,,15.75,,,1.0,10.129144502701504
2026,1,00-0037740,Garrett Wilson,WR,NYJ,0,0.0,0.0,0.0,0.0,0.0,0.0,0.0,0.0,5.834789067511989,3.6816613061285914,46.407822087450626,0.29251711209143755,10.07754618742228,3.91754618742228,17.47754618742228,0.1908689491695967,0.0,0.0,1.0,false,false,false,1.0,,13.0,,,1.0,10.07754618742228
2026,1,00-0037239,Chris Olave,WR,NO,0,0.0,0.0,0.0,0.0,0.0,0.0,0.0,0.0,5.743225139771352,3.1819607425349026,50.324907993151704,0.2996772470481922,10.012515024139226,3.852515024139226,17.412515024139225,0.1621151877982689,0.003124999791666681,0.0,1.0,false,false,false,1.0,,14.3,,,1.0,10.012515024139226
2026,1,00-0039337,Malik Nabers,WR,NYG,0,0.0,0.0,0.0,0.0,0.0,0.0,0.0,0.0,5.144193677848577,3.3289701209359097,43.961301400737774,0.30727998788332844,9.568780188309658,3.408780188309658,16.96878018830966,0.15884097819481222,0.0,0.0,1.0,false,false,false,1.0,,11.53,,,1.0,9.568780188309658
2026,1,00-0040129,Emeka Egbuka,WR,TB,0,0.0,0.0,0.0,0.0,0.0,0.0,0.0,0.0,4.896834743978718,3.0138712341712512,44.477669113256624,0.2897351920218911,9.20004929762826,3.0400492976282596,16.60004929762826,0.14142935930614833,0.003614990998299472,0.0,1.0,false,false,false,1.0,,15.75,,,1.0,9.20004929762826
2026,1,00-0031381,Davante Adams,WR,LA,0,0.0,0.0,0.0,0.0,0.0,0.0,0.0,0.0,4.862709314212067,3.027670234612088,42.20688323639178,0.3145206209214433,9.135482283779927,2.975482283779927,16.535482283779928,0.1386429618254399,0.0,0.0,2.0,false,false,false,1.0,,14.65,,,1.0,9.135482283779927
2026,1,00-0035659,Terry McLaurin,WR,WAS,0,0.0,0.0,0.0,0.0,0.0,0.0,0.0,0.0,5.192769834124408,3.3732287207451535,42.040143220370844,0.2428320180549773,9.034235151112103,2.874235151112103,16.434235151112105,0.1678670718044301,0.0,0.0,1.0,false,false,false,1.0,,13.9,,,1.0,9.034235151112103
2026,1,00-0039919,Rome Odunze,WR,CHI,0,0.0,0.0,0.0,0.0,0.0,0.0,0.0,0.0,5.158789780058667,3.0409263908849646,39.99994204667398,0.3311727836720503,9.027957297584665,2.867957297584665,16.427957297584665,0.15315194827344839,0.0,0.0,1.0,false,false,false,1.0,,14.37,,,1.0,9.027957297584665
2026,1,00-0039893,Brian Thomas Jr.,WR,JAX,0,0.0,0.0,0.0,0.0,0.0,0.0,0.0,0.0,4.585124207389104,2.959619789270911,43.500528739409475,0.27191953722872086,8.941189886584183,2.7811898865841833,16.341189886584182,0.14303161296585098,0.005555555349794246,0.0,1.0,false,false,false,1.0,,15.0,,,1.0,8.941189886584183
2026,1,00-0036410,Tee Higgins,WR,CIN,0,0.0,0.0,0.0,0.0,0.0,0.0,0.0,0.0,4.514719152765473,2.86875005711702,42.41905605107913,0.30183933818516684,8.921691691335933,2.7616916913359333,16.321691691335936,0.11652660265092066,0.0,0.0,2.0,false,false,false,1.0,,14.4,,,1.0,8.921691691335933
2026,1,00-0039915,Ladd McConkey,WR,LAC,0,0.0,0.0,0.0,0.0,0.0,0.0,0.0,0.0,4.33806045731335,2.9183304324256927,40.27963201097943,0.3012851754934197,8.754004686484153,2.594004686484153,16.154004686484154,0.12685375244670966,0.0,0.0,1.0,false,false,false,1.0,,15.47,,,1.0,8.754004686484153
2026,1,00-0037238,Drake London,WR,ATL,0,0.0,0.0,0.0,0.0,0.0,0.0,0.0,0.0,4.824798990993373,3.104153054685593,41.20669115827467,0.23922980632133878,8.660201008441092,2.500201008441092,16.06020100844109,0.15120573759676492,0.0,0.0,1.0,false,false,false,1.0,,14.45,,,1.0,8.660201008441092
2026,1,00-0036554,Nico Collins,WR,HOU,0,0.0,0.0,0.0,0.0,0.0,0.0,0.0,0.0,4.2968870155054555,2.8441640405219992,42.66652911962488,0.24812957455527027,8.599594399816109,2.4395943998161087,15.99959439981611,0.12825853983148292,0.004411764576124572,0.0,1.0,false,false,false,1.0,,14.55,,,1.0,8.599594399816109
2026,1,00-0036912,DeVonta Smith,WR,PHI,0,0.0,0.0,0.0,0.0,0.0,0.0,0.0,0.0,4.21145514938628,2.7711079090930513,38.29673652312724,0.25263730935851175,8.116605417556846,1.9566054175568457,15.516605417556846,0.13109459096126924,0.0,0.0,1.0,false,false,false,1.0,,15.35,,,1.0,8.116605417556846
2026,1,00-0037240,Jameson Williams,WR,DET,0,0.0,0.0,0.0,0.0,0.0,0.0,0.0,0.0,3.8551188281332567,2.4747159870787003,39.27022713899977,0.28426475102865434,8.107327207150604,1.9473272071506038,15.507327207150604,0.107872278993914,0.008540899518938104,0.0,2.0,false,false,false,1.0,,15.45,,,1.0,8.107327207150604
2026,1,00-0038124,Christian Watson,WR,GB,0,0.0,0.0,0.0,0.0,0.0,0.0,0.0,0.0,4.517753566827701,2.731642762538533,38.866103381100146,0.2451658391579807,8.089248135596433,1.929248135596433,15.489248135596434,0.14350814194140582,0.004999999833333338,0.0,1.0,false,false,false,1.0,,13.05,,,1.0,8.089248135596433
2026,1,00-0037247,George Pickens,WR,DAL,0,0.0,0.0,0.0,0.0,0.0,0.0,0.0,0.0,3.986364228393497,2.7599192780090878,37.09858485137906,0.24588670288829742,7.945097980476778,1.7850979804767775,15.345097980476778,0.11243083536257725,0.0,0.0,2.0,false,false,false,1.0,,15.55,,,1.0,7.945097980476778
2026,1,00-0038606,Parker Washington,WR,JAX,0,0.0,0.0,0.0,0.0,0.0,0.0,0.0,0.0,3.9478973739135985,2.664407921798598,37.26313967273236,0.25037103978155406,7.892948127761159,1.7329481277611585,15.292948127761159,0.12315350766387426,0.011635265865354691,0.0,2.0,false,false,false,1.0,,14.8,,,1.0,7.892948127761159
2026,1,00-0037664,Alec Pierce,WR,IND,0,0.0,0.0,0.0,0.0,0.0,0.0,0.0,0.0,4.02804437741305,2.4437609901525494,38.900127004025464,0.24848935721663457,7.824709833854904,1.6647098338549036,15.224709833854904,0.11709965406486851,0.0,0.0,1.0,false,false,false,1.0,,15.25,,,1.0,7.824709833854904
2026,1,00-0041547,KC Concepcion,WR,CLE,1,0.0,0.0,0.0,0.0,0.0,0.0,0.0,0.0,2.4827379257046807,1.5959234206463977,16.85646233790043,0.09213072106891172,7.810153698035641,3.9757997171857298,15.210153698035642,0.07524239662440484,0.05102496,0.0,2.0,false,false,false,1.0,,15.0,9.514067862543811,0.0,0.30000000000000004,3.8343539808499116
2026,1,00-0034348,Courtland Sutton,WR,DEN,0,0.0,0.0,0.0,0.0,0.0,0.0,0.0,0.0,4.784782134804863,2.8788481741097836,33.6148333600773,0.2248555961304505,7.589465086900217,1.4294650869002172,14.989465086900218,0.14189152759580786,0.0,0.0,1.0,false,false,false,1.0,,15.8,,,1.0,7.589465086900217
2026,1,00-0038559,Michael Wilson,WR,ARI,0,0.0,0.0,0.0,0.0,0.0,0.0,0.0,0.0,4.403412678450985,2.6746586598936557,34.91565948797702,0.2135203215329126,7.4473465378888335,1.2873465378888334,14.847346537888834,0.11909896443738248,0.0,0.0,2.0,false,false,false,1.0,,15.65,,,1.0,7.4473465378888335
2026,1,00-0036252,Michael Pittman,WR,PIT,0,0.0,0.0,0.0,0.0,0.0,0.0,0.0,0.0,4.2173627187082845,2.8964371237389996,32.011922111868536,0.20114428305367277,7.304495033247891,1.1444950332478907,14.704495033247891,0.124251839189377,0.0,0.0,2.0,false,false,false,1.0,,15.8,,,1.0,7.304495033247891
2026,1,00-0038544,Quentin Johnston,WR,LAC,0,0.0,0.0,0.0,0.0,0.0,0.0,0.0,0.0,3.562636636960605,2.3238064687917084,32.99784698506534,0.24813059418066705,7.112374732382245,0.9523747323822445,14.512374732382245,0.10417877538813064,0.0035277579206941436,0.0,2.0,false,false,false,1.0,,14.5,,,1.0,7.112374732382245
2026,1,00-0039849,Marvin Harrison Jr.,WR,ARI,0,0.0,0.0,0.0,0.0,0.0,0.0,0.0,0.0,4.249956957770171,2.540996536662901,33.67660416228289,0.19940311130909016,7.1050756207457315,0.9450756207457314,14.505075620745732,0.11494845237897,0.0,0.0,1.0,false,false,false,1.0,,14.37,,,1.0,7.1050756207457315
2026,1,00-0037261,Khalil Shakir,WR,BUF,0,0.0,0.0,0.0,0.0,0.0,0.0,0.0,0.0,3.6147839891619533,2.7792442988264714,30.237704017068356,0.19269597466624624,6.959190548530785,0.7991905485307846,14.359190548530785,0.11835831026883827,0.001309137885891797,0.0,2.0,false,false,false,1.0,,15.35,,,1.0,6.959190548530785
2026,1,00-0037545,Rashid Shaheed,WR,SEA,0,0.0,0.0,0.0,0.0,0.0,0.0,0.0,0.0,3.892829747122085,2.61424319895641,30.88665747211513,0.20397466563125313,6.9267569399554425,0.7667569399554424,14.326756939955443,0.12607803924893052,0.01038170137279277,0.0,2.0,false,false,false,1.0,,14.55,,,1.0,6.9267569399554425
2026,1,00-0034960,Jakobi Meyers,WR,JAX,0,0.0,0.0,0.0,0.0,0.0,0.0,0.0,0.0,3.6612051782863886,2.591862140918307,30.355021724076845,0.20545783922936472,6.86011134870218,0.7001113487021797,14.26011134870218,0.11421022819955826,0.012711420588880988,0.0,3.0,false,false,false,1.0,,15.35,,,1.0,6.86011134870218
2026,1,00-0036550,Rashod Bateman,WR,BAL,0,0.0,0.0,0.0,0.0,0.0,0.0,0.0,0.0,3.6780780025668114,2.2115065925243997,31.503436216333206,0.2382880517296053,6.791578524535352,0.6315785245353522,14.191578524535352,0.11938697537277472,0.0,0.0,2.0,false,false,false,1.0,,14.55,,,1.0,6.791578524535352
2026,1,00-0033921,Chris Godwin Jr.,WR,TB,0,0.0,0.0,0.0,0.0,0.0,0.0,0.0,0.0,3.7442659089044055,2.76665847290694,28.13150612966945,0.19188625733115525,6.731126629860817,0.5711266298608164,14.131126629860816,0.10814110670558187,0.0,0.0,2.0,false,false,false,1.0,,12.1,,,1.0,6.731126629860817
2026,1,00-0036407,Jerry Jeudy,WR,CLE,0,0.0,0.0,0.0,0.0,0.0,0.0,0.0,0.0,4.203004798157592,2.575381440605897,30.936365985245175,0.17348761078374034,6.709943703832856,0.5499437038328558,14.109943703832856,0.12737717934827533,0.006249999739583344,0.0,1.0,false,false,false,1.0,,15.95,,,1.0,6.709943703832856
2026,1,00-0036613,Jaylen Waddle,WR,DEN,0,0.0,0.0,0.0,0.0,0.0,0.0,0.0,0.0,3.8839156538070334,2.5611935969051705,29.88520712519528,0.14959980061433528,6.44731311311071,0.2873131131107103,13.847313113110712,0.11517655551404243,0.007012721743961584,0.0,2.0,false,false,false,1.0,,15.25,,,1.0,6.44731311311071
2026,1,00-0031408,Mike Evans,WR,SF,0,0.0,0.0,0.0,0.0,0.0,0.0,0.0,0.0,3.7419456008340424,2.273002749048313,30.113508157138543,0.1780787991256496,6.352826359516065,0.19282635951606508,13.752826359516066,0.11002585741659512,0.0,0.0,1.0,false,false,false,1.0,,12.85,,,1.0,6.352826359516065
2026,1,00-0038563,Tre Tucker,WR,LV,0,0.0,0.0,0.0,0.0,0.0,0.0,0.0,0.0,3.507583679181058,2.4005178951847985,28.017984718352853,0.18227993636984127,6.295995985239131,0.1359959852391306,13.695995985239131,0.103728409743365,0.030949819470920476,0.0,1.0,false,false,false,1.0,,15.8,,,1.0,6.295995985239131
2026,1,00-0031588,Stefon Diggs,WR,WAS,0,0.0,0.0,0.0,0.0,0.0,0.0,0.0,0.0,3.4857190934726168,2.5188174034653037,28.438614758603336,0.15373864170018856,6.285110729526768,0.12511072952676816,13.68511072952677,0.11268311056438443,0.0,0.0,2.0,false,false,false,1.0,,14.65,,,1.0,6.285110729526768
2026,1,00-0038997,Josh Downs,WR,IND,0,0.0,0.0,0.0,0.0,0.0,0.0,0.0,0.0,3.305148737665087,2.3134766611285142,28.469565713917873,0.18551592537444028,6.273528784766944,0.1135287847669435,13.673528784766944,0.0960842874482142,0.010413256684177979,0.0,2.0,false,false,false,1.0,,15.25,,,1.0,6.273528784766944
2026,1,00-0035719,Deebo Samuel Sr.,WR,SF,0,0.0,0.0,0.0,0.0,0.0,0.0,0.0,0.0,3.4241925773540602,2.5232872693362647,27.853721323704995,0.15238231399118723,6.222953285653888,0.06295328565388747,13.622953285653889,0.10068284375885835,0.024149120069418384,0.0,2.0,false,false,false,1.0,,15.3,,,1.0,6.222953285653888
2026,1,00-0039491,Jalen Coker,WR,CAR,0,0.0,0.0,0.0,0.0,0.0,0.0,0.0,0.0,3.3795114270976567,2.3642160367533664,26.693571092338036,0.17185693858439752,6.064714777493555,0.0,13.464714777493555,0.10070839791185215,0.0,0.0,2.0,false,false,false,1.0,,13.11,,,1.0,6.064714777493555
2026,1,00-0039880,Malik Washington,WR,MIA,0,0.0,0.0,0.0,0.0,0.0,0.0,0.0,0.0,3.4732964043900565,2.373453037895941,29.48098137672163,0.12115396394839967,6.0484749592585025,0.0,13.448474959258503,0.11188299624412644,0.035548503844524695,0.0,1.0,false,false,false,1.0,,15.47,,,1.0,6.0484749592585025
2026,1,00-0034827,DJ Moore,WR,BUF,0,0.0,0.0,0.0,0.0,0.0,0.0,0.0,0.0,3.734178231347891,2.188599368844921,26.475898207975877,0.1742689308497726,5.8818027747411445,0.0,13.281802774741145,0.12226761738188438,0.02282072009382359,0.0,1.0,false,false,false,1.0,,16.0,,,1.0,5.8818027747411445
2026,1,00-0040735,Luther Burden III,WR,CHI,0,0.0,0.0,0.0,0.0,0.0,0.0,0.0,0.0,3.210015374470473,2.343984448490482,25.144612827081566,0.1671506185615322,5.861349442567832,0.0,13.261349442567832,0.0952975658144157,0.013130683848562728,0.0,2.0,false,false,false,1.0,,15.0,,,1.0,5.861349442567832
2026,1,00-0030279,Keenan Allen,WR,IND,0,0.0,0.0,0.0,0.0,0.0,0.0,0.0,0.0,3.0583745171633563,2.1861835407194716,25.751681140075867,0.12127384144151007,5.488994703376119,0.0,12.88899470337612,0.08891029105062759,0.0,0.0,3.0,false,false,false,1.0,,15.5,,,1.0,5.488994703376119
2026,1,00-0039424,Devaughn Vele,WR,NO,0,0.0,0.0,0.0,0.0,0.0,0.0,0.0,0.0,2.995264947897285,1.9199133268556101,25.09102508084643,0.1476503882183945,5.314918164250621,0.0,12.714918164250621,0.08454795480179837,0.0,0.0,2.0,false,false,false,1.0,,12.79,,,1.0,5.314918164250621
2026,1,00-0037816,Romeo Doubs,WR,NE,0,0.0,0.0,0.0,0.0,0.0,0.0,0.0,0.0,2.850622058150853,1.8323764889597622,25.84061442671973,0.13575995067005267,5.230997635652051,0.0,12.63099763565205,0.09131786897095162,0.0,0.0,2.0,false,false,false,1.0,,15.1,,,1.0,5.230997635652051
2026,1,00-0038994,Jordan Addison,WR,MIN,0,0.0,0.0,0.0,0.0,0.0,0.0,0.0,0.0,3.205383774377914,1.9193697605746112,25.56483320803788,0.11227940386886466,5.149529504591587,0.0,12.549529504591588,0.09611892280404855,0.004338856987897964,0.0,2.0,false,false,false,1.0,,14.8,,,1.0,5.149529504591587
2026,1,00-0039894,Xavier Worthy,WR,KC,0,0.0,0.0,0.0,0.0,0.0,0.0,0.0,0.0,2.873274726682519,1.7624091445610144,24.74233682364586,0.15011174062088856,5.137313270650932,0.0,12.537313270650932,0.0844453487748904,0.025057477840411013,0.0,2.0,false,false,false,1.0,,14.84,,,1.0,5.137313270650932
2026,1,00-0039146,Jayden Reed,WR,GB,0,0.0,0.0,0.0,0.0,0.0,0.0,0.0,0.0,2.9338102277456786,2.146108851773469,21.258573623981164,0.1224788265462274,5.00683917344895,0.0,12.406839173448951,0.09319358578651135,0.012106321256137673,0.0,2.0,false,false,false,1.0,,12.35,,,1.0,5.00683917344895
2026,1,00-0036259,Jauan Jennings,WR,MIN,0,0.0,0.0,0.0,0.0,0.0,0.0,0.0,0.0,2.7765500107153636,1.770435553013557,21.93374654502909,0.16399093784197544,4.947755834568318,0.0,12.347755834568318,0.08325960787435659,0.0,0.0,3.0,false,false,false,1.0,,14.9,,,1.0,4.947755834568318
2026,1,00-0037741,Jahan Dotson,WR,ATL,0,0.0,0.0,0.0,0.0,0.0,0.0,0.0,0.0,2.9843919719219616,1.7549304985531098,23.711591650713117,0.1355272090651484,4.9392529180153115,0.0,12.339252918015312,0.09352870248785537,0.0,0.0,2.0,false,false,false,1.0,,14.95,,,1.0,4.9392529180153115
2026,1,00-0041029,Jordyn Tyson,WR,NO,1,0.0,0.0,0.0,0.0,0.0,0.0,0.0,0.0,1.2078917391263986,0.7887378616979318,9.79039017662247,0.06073180587586222,4.937767714615353,2.8056000000000005,12.337767714615353,0.03409540656388922,0.024922144799999997,0.0,,false,false,false,1.0,Injured Reserve,12.0,12.63960268909506,0.0,0.5992,2.132167714615352
2026,1,00-0035535,Darius Slayton,WR,NYG,0,0.0,0.0,0.0,0.0,0.0,0.0,0.0,0.0,2.7011482412930157,1.770226866567652,21.7895017792538,0.15909601559296907,4.903753138050846,0.0,12.303753138050848,0.08340530232050271,0.0,0.0,2.0,false,false,false,1.0,,14.95,,,1.0,4.903753138050846
2026,1,00-0039890,Adonai Mitchell,WR,NYJ,0,0.0,0.0,0.0,0.0,0.0,0.0,0.0,0.0,3.0531883581140873,1.6873436038880438,23.50988294973287,0.13556110861348775,4.851698550542258,0.0,12.251698550542258,0.09987659310168967,0.0037964998813593788,0.0,2.0,false,false,false,1.0,,15.63,,,1.0,4.851698550542258
2026,1,00-0040867,Makai Lemon,WR,PHI,1,0.0,0.0,0.0,0.0,0.0,0.0,0.0,0.0,1.028152972190017,0.6746577121225776,8.748507842057998,0.05721839193027605,4.692818847910034,2.8,12.092818847910035,0.032004447050683955,0.023326020000000003,0.0,3.0,false,false,false,1.0,,15.0,9.453365028400231,0.0,0.6,1.8928188479100336
2026,1,00-0038977,Tank Dell,WR,HOU,0,0.0,0.0,0.0,0.0,0.0,0.0,0.0,0.0,2.5025699464011306,1.5584714661672567,20.842350785290385,0.12781476071983516,4.4095951090153065,0.0,11.809595109015307,0.07469965256086775,0.022913825991802233,0.0,,false,false,false,1.0,Injured Reserve,10.1,,,1.0,4.4095951090153065
2026,1,00-0038618,Xavier Hutchinson,WR,HOU,0,0.0,0.0,0.0,0.0,0.0,0.0,0.0,0.0,2.418926442980079,1.6144369360065098,19.747323286612076,0.1169321930626864,4.2907624230438355,0.0,11.690762423043836,0.07220296284655564,0.003982920924781121,0.0,2.0,false,false,false,1.0,,15.0,,,1.0,4.2907624230438355
2026,1,00-0041037,Denzel Boston,WR,CLE,1,0.0,0.0,0.0,0.0,0.0,0.0,0.0,0.0,1.1425761079977568,0.7347178698319359,7.719058098115448,0.04231073503687363,4.218917071574514,2.4584289817097913,11.618917071574515,0.03462716052365251,0.023326020000000003,0.0,3.0,false,false,false,1.0,,15.0,7.9065605441392,0.0,0.6,1.7604880898647224
2026,1,00-0039410,Ryan Flournoy,WR,DAL,0,0.0,0.0,0.0,0.0,0.0,0.0,0.0,0.0,2.162519414513715,1.539897524631841,18.96841300005158,0.12604795422745838,4.193026550001749,0.0,11.593026550001749,0.060991382204819575,0.005185459386711402,0.0,3.0,false,false,false,1.0,,14.05,,,1.0,4.193026550001749
2026,1,00-0038393,Dontayvion Wicks,WR,PHI,0,0.0,0.0,0.0,0.0,0.0,0.0,0.0,0.0,2.2740563659030806,1.5198134817387219,18.986394752011122,0.11783028425796742,4.125434662487638,0.0,11.525434662487639,0.07078705068350975,0.004049599865013337,0.0,2.0,false,false,false,1.0,,14.7,,,1.0,4.125434662487638
2026,1,00-0041523,Caleb Douglas,WR,MIA,1,0.0,0.0,0.0,0.0,0.0,0.0,0.0,0.0,1.0820362500101337,0.685991734869992,9.359989143373316,0.045983289796654954,4.065018685145898,2.1671282971586443,11.465018685145898,0.03485491694370725,0.023326020000000003,0.0,3.0,false,false,false,1.0,,15.0,7.315711130883864,0.0,0.6,1.8978903879872535
2026,1,00-0035045,D.J. Montgomery,WR,IND,0,0.0,0.0,0.0,0.0,0.0,0.0,0.0,0.0,2.1959581881736985,1.4336586780384708,18.737761002748105,0.12218009804348803,4.040515366574209,0.0,11.44051536657421,0.06383890545446363,0.0,0.0,,false,false,false,1.0,Injured Reserve,7.6,,,1.0,4.040515366574209
2026,1,00-0033908,Cooper Kupp,WR,SEA,0,0.0,0.0,0.0,0.0,0.0,0.0,0.0,0.0,2.2155776906201843,1.3616376897527194,20.00590590337845,0.11253804871000206,4.037456572350576,0.0,11.437456572350577,0.07175646231217161,0.0,0.0,3.0,false,false,false,1.0,,14.7,,,1.0,4.037456572350576
2026,1,00-0041035,De'Zhaun Stribling,WR,SF,1,0.0,0.0,0.0,0.0,0.0,0.0,0.0,0.0,0.7860579183157166,0.4975702555020373,6.460538129458989,0.03793733734605598,4.0022802374139355,2.631032144889663,11.402280237413937,0.023112761559792208,0.023326020000000003,0.0,3.0,false,false,false,1.0,,15.0,7.94882845474843,0.0,0.6,1.371248092524272
2026,1,00-0039901,Keon Coleman,WR,BUF,0,0.0,0.0,0.0,0.0,0.0,0.0,0.0,0.0,2.163987035892129,1.3489346377729334,18.430306110257337,0.13258998758847712,3.98750517432953,0.0,11.38750517432953,0.07085509114231861,0.0,0.0,3.0,false,false,false,1.0,,13.74,,,1.0,3.98750517432953
2026,1,00-0041511,Omar Cooper Jr.,WR,NYJ,1,0.0,0.0,0.0,0.0,0.0,0.0,0.0,0.0,0.8911866793568874,0.5866598310728629,6.5725929446009586,0.03673325857536788,3.9463441025653405,2.482025425580175,11.34634410256534,0.029152701671754468,0.023326020000000003,0.0,3.0,false,false,false,1.0,,15.0,7.669382240935603,0.0,0.6,1.464318676985166
2026,1,00-0033555,Mack Hollins,WR,NE,0,0.0,0.0,0.0,0.0,0.0,0.0,0.0,0.0,1.957350832193606,1.3243146574538471,18.404726242451307,0.09398620971212583,3.7287045399717327,0.0,11.128704539971732,0.06270249200989658,0.0008742559280960656,0.0,4.0,false,false,false,1.0,,14.85,,,1.0,3.7287045399717327
2026,1,00-0039916,Ricky Pearsall,WR,SF,0,0.0,0.0,0.0,0.0,0.0,0.0,0.0,0.0,1.9863617735376748,1.2537090801362476,17.657562560793476,0.10102633210068615,3.625623328819712,0.0,11.025623328819712,0.058405754809561734,0.0037295545308284475,0.0,,false,false,false,1.0,Injured Reserve,12.0,,,1.0,3.625623328819712
2026,1,00-0034837,Calvin Ridley,WR,TEN,0,0.0,0.0,0.0,0.0,0.0,0.0,0.0,0.0,2.0435204857493137,1.3322805586569697,17.360736036310634,0.08830814971782402,3.5982030605949773,0.0,10.998203060594978,0.06135496328290939,0.0,0.0,3.0,false,false,false,1.0,,13.0,,,1.0,3.5982030605949773
2026,1,00-0036309,Darnell Mooney,WR,NYG,0,0.0,0.0,0.0,0.0,0.0,0.0,0.0,0.0,1.9535309591066545,1.2319108515208506,15.303626272244447,0.11126828411356961,3.429883183426713,0.0,10.829883183426713,0.060320584315193555,0.0,0.0,3.0,false,false,false,1.0,,15.1,,,1.0,3.429883183426713
2026,1,00-0040170,Elic Ayomanor,WR,TEN,0,0.0,0.0,0.0,0.0,0.0,0.0,0.0,0.0,1.9731836236734364,1.2121868084352485,16.633812930062685,0.08091989028017714,3.36108744312258,0.0,10.76108744312258,0.059243158864898816,0.0,0.0,5.0,false,false,false,1.0,,15.38,,,1.0,3.36108744312258
2026,1,00-0039342,Xavier Legette,WR,CAR,0,0.0,0.0,0.0,0.0,0.0,0.0,0.0,0.0,1.9148623173941375,1.2851350416355147,14.555863349594713,0.10011256566682201,3.341396770595918,0.0,10.74139677059592,0.057062306302705576,0.0017051183313095614,0.0,3.0,false,false,false,1.0,,15.0,,,1.0,3.341396770595918
2026,1,00-0041489,Germie Bernard,WR,PIT,1,0.0,0.0,0.0,0.0,0.0,0.0,0.0,0.0,1.1023535297617904,0.6827024257596084,8.31354839370903,0.05279367177975337,3.333591763796704,1.502772467987672,10.733591763796705,0.032477513234089525,0.021192299999999997,0.0,4.0,false,false,false,1.0,,15.0,7.841909167759719,0.0,0.75,1.830819295809032
2026,1,00-0040130,Jayden Higgins,WR,HOU,0,0.0,0.0,0.0,0.0,0.0,0.0,0.0,0.0,1.8463551466221892,1.1866075530860767,15.650105279798387,0.09659924528206555,3.331213552758309,0.0,10.731213552758309,0.05511218104212795,0.0,0.0,,false,false,false,1.0,Injured Reserve,12.0,,,1.0,3.331213552758309
2026,1,00-0039868,Troy Franklin,WR,DEN,0,0.0,0.0,0.0,0.0,0.0,0.0,0.0,0.0,2.000774195046578,1.3660870321680658,14.395296211064196,0.08711618854607063,3.3283137845509096,0.0,10.72831378455091,0.0593324625680182,0.005698374695100804,0.0,3.0,false,false,false,1.0,,15.79,,,1.0,3.3283137845509096
2026,1,00-0040705,Chimere Dike,WR,TEN,0,0.0,0.0,0.0,0.0,0.0,0.0,0.0,0.0,1.948490086791325,1.3673432834568071,14.789538738393741,0.07433688721364985,3.2923184805780803,0.0,10.69231848057808,0.05850175643742495,0.014191503888690787,0.0,4.0,false,false,false,1.0,,15.75,,,1.0,3.2923184805780803
2026,1,00-0037614,John Metchie III,WR,CAR,0,0.0,0.0,0.0,0.0,0.0,0.0,0.0,0.0,1.970077585506918,1.3668964132677426,13.63013819183614,0.09111491925158555,3.27659974796087,0.0,10.676599747960871,0.05870770425796179,0.003201123381551187,0.0,6.0,false,false,false,1.0,,13.6,,,1.0,3.27659974796087
2026,1,00-0041040,Antonio Williams,WR,WAS,1,0.0,0.0,0.0,0.0,0.0,0.0,0.0,0.0,0.8007741599214847,0.5137444611245916,6.208502255307524,0.036406311021578416,3.2746386046176346,1.92160605183282,10.674638604617634,0.025886688163858945,0.023326020000000003,0.0,3.0,false,false,false,1.0,,15.0,6.157047682366865,0.0,0.6,1.3530325527848146
2026,1,00-0039855,Jalen McMillan,WR,TB,0,0.0,0.0,0.0,0.0,0.0,0.0,0.0,0.0,1.7721886214694615,1.2463590895768224,14.182815191366764,0.09398089180209854,3.22852595952609,0.0,10.62852595952609,0.0511839819818844,0.0036815055702574075,0.0,3.0,false,false,false,1.0,,11.21,,,1.0,3.22852595952609
2026,1,00-0037291,Jalen Nailor,WR,LV,0,0.0,0.0,0.0,0.0,0.0,0.0,0.0,0.0,1.8370828342688215,1.135894150358811,14.349612122314259,0.09045875543503351,3.113607895200438,0.0,10.513607895200439,0.05432733710576209,0.004338856987897964,0.0,2.0,false,false,false,1.0,,15.0,,,1.0,3.113607895200438
2026,1,00-0038619,Andrei Iosivas,WR,CIN,0,0.0,0.0,0.0,0.0,0.0,0.0,0.0,0.0,1.6238103272565592,1.041248286431501,14.340888742266019,0.09993195672384232,3.074928901001157,0.0,10.474928901001157,0.04191115646003857,0.005728209071071883,0.0,3.0,false,false,false,1.0,,15.1,,,1.0,3.074928901001157
2026,1,00-0040727,Tre Harris,WR,LAC,0,0.0,0.0,0.0,0.0,0.0,0.0,0.0,0.0,1.553413638970742,1.0902400154496776,14.014423980746585,0.09689738222021652,3.0730667068456357,0.0,10.473066706845636,0.04542498914996172,0.006975484181644069,0.0,3.0,false,false,false,1.0,,15.38,,,1.0,3.0730667068456357
2026,1,00-0040788,Damien Alford,WR,NO,1,0.0,0.0,0.0,0.0,0.0,0.0,0.0,0.0,0.9928214075093004,0.6504611528766101,7.845894092288676,0.04975171586180637,3.0595671886530367,1.3260063313767207,10.459567188653036,0.028024572432993573,0.024922144799999997,0.0,,false,false,false,1.0,,15.0,5.041959887657356,0.0,0.5992,1.733560857276316
2026,1,00-0037666,Jalen Tolbert,WR,MIA,0,0.0,0.0,0.0,0.0,0.0,0.0,0.0,0.0,1.7825041951570206,1.0757024284748948,15.103408281829447,0.07799069967781189,3.053987454724711,0.0,10.453987454724711,0.057418626846767684,0.0,0.0,2.0,false,false,false,1.0,,14.35,,,1.0,3.053987454724711
2026,1,00-0040870,Ja'Kobi Lane,WR,BAL,1,0.0,0.0,0.0,0.0,0.0,0.0,0.0,0.0,0.85781643298589,0.5613062385243837,7.655996483769659,0.05379505446668316,3.046143953020758,1.3964677393193095,10.446143953020758,0.02784391991898427,0.023326020000000003,0.0,3.0,false,false,false,1.0,,15.0,5.140845561999723,0.0,0.6,1.6496762137014487
2026,1,00-0041491,Aaron Anderson,WR,CLE,1,0.0,0.0,0.0,0.0,0.0,0.0,0.0,0.0,1.2141518938171305,0.7827227532293997,8.041952144528478,0.044832839705636236,3.044598015228516,1.188683009312451,10.444598015228516,0.03679635188677078,0.024922144799999997,0.0,,false,false,false,1.0,,15.0,4.821690977254516,0.0,0.5992,1.855915005916065
2026,1,00-0040667,Matthew Golden,WR,GB,0,0.0,0.0,0.0,0.0,0.0,0.0,0.0,0.0,1.7176822236011082,1.0781961216011589,14.237976583977256,0.08609653327382959,3.018572979641862,0.0,10.418572979641862,0.054562822143454585,0.010346509071472337,0.0,3.0,false,false,false,1.0,,14.62,,,1.0,3.018572979641862
2026,1,00-0035662,Marquise Brown,WR,PHI,0,0.0,0.0,0.0,0.0,0.0,0.0,0.0,0.0,1.5822729591794447,1.0407016295839582,14.13388393638792,0.09271444333322602,3.0103766832221064,0.0,10.410376683222108,0.049253148618461244,0.0,0.0,4.0,false,false,false,1.0,,13.25,,,1.0,3.0103766832221064
2026,1,00-0041525,Chris Bell,WR,MIA,1,0.0,0.0,0.0,0.0,0.0,0.0,0.0,0.0,0.9304520474051704,0.5893504723906838,8.107963906402052,0.03958147776183736,2.9858098688489876,1.3481741392470743,10.385809868848987,0.02997203543976077,0.021192299999999997,0.0,4.0,false,false,false,1.0,,15.0,7.030332286590211,0.0,0.75,1.6376357296019133
2026,1,00-0035359,David Sills,WR,TB,0,0.0,0.0,0.0,0.0,0.0,0.0,0.0,0.0,1.6915903894299602,1.0243273681128324,12.63764432942828,0.09918460467396012,2.883199429099421,0.0,10.283199429099422,0.048856160661679256,0.0,0.0,,false,false,false,1.0,Injured Reserve,11.1,,,1.0,2.883199429099421
2026,1,00-0035208,Olamide Zaccheaus,WR,ATL,0,0.0,0.0,0.0,0.0,0.0,0.0,0.0,0.0,1.7436664256080203,1.1376923661317753,13.011065703612202,0.06866382916919894,2.850781911508189,0.0,10.25078191150819,0.054645254340946595,0.004635936375394842,0.0,3.0,false,false,false,1.0,,14.65,,,1.0,2.850781911508189
2026,1,00-0041599,Matthew Henry,WR,TB,1,0.0,0.0,0.0,0.0,0.0,0.0,0.0,0.0,1.1194783824961725,0.7128349886377527,8.754601188686038,0.06734957939064634,2.829900523501463,0.8375079396512282,10.229900523501463,0.0323325410538308,0.024922144799999997,0.0,,false,false,false,1.0,,15.0,4.08198325164272,0.0,0.5992,1.9923925838502348
2026,1,00-0041047,Chris Brazzell II,WR,CAR,1,0.0,0.0,0.0,0.0,0.0,0.0,0.0,0.0,1.136752701087239,0.7505419490473065,8.634457278862712,0.05853302696764874,2.8129437532641717,0.8477579145247014,10.212943753264172,0.03387487979195351,0.024922144799999997,0.0,,false,false,false,1.0,Injured Reserve,12.0,4.080350296136429,0.0,0.5992,1.9651858387394703
2026,1,00-0034775,Christian Kirk,WR,SF,0,0.0,0.0,0.0,0.0,0.0,0.0,0.0,0.0,1.6719176760405907,1.1060858897590333,12.372984127770325,0.07627411456772089,2.8010289899423912,0.0,10.201028989942392,0.04916003476782922,0.0,0.0,,false,false,false,1.0,Injured Reserve,12.0,,,1.0,2.8010289899423912
2026,1,00-0041067,Bryce Lance,WR,NO,1,0.0,0.0,0.0,0.0,0.0,0.0,0.0,0.0,0.7547867015653102,0.4937648173447398,6.034230781473018,0.03788066681013993,2.680982339788802,1.356510443435921,10.080982339788802,0.021305518222600565,0.023326020000000003,0.0,3.0,false,false,false,1.0,,15.0,4.715748004942683,0.0,0.6,1.3244718963528812
2026,1,00-0040134,Pat Bryant,WR,DEN,0,0.0,0.0,0.0,0.0,0.0,0.0,0.0,0.0,1.6095251623912081,1.0548587486087468,11.892703907587313,0.07121250863154051,2.6714041911567215,0.0,10.071404191156722,0.047730069533227164,0.0,0.0,5.0,false,false,false,1.0,,14.25,,,1.0,2.6714041911567215
2026,1,00-0041474,Mante Morrow,WR,LAC,1,0.0,0.0,0.0,0.0,0.0,0.0,0.0,0.0,1.0656033641824243,0.6998541342615918,8.897158280582975,0.06968383239322151,2.651880118010282,0.6442071613310634,10.051880118010281,0.031160419891910724,0.024922144799999997,0.0,,false,false,false,1.0,,15.0,3.6149762534134084,0.0,0.5992,2.0076729566792184
2026,1,00-0041571,Liam Clifford,WR,LAC,1,0.0,0.0,0.0,0.0,0.0,0.0,0.0,0.0,1.0656033641824243,0.6998541342615918,8.897158280582975,0.06968383239322151,2.651880118010282,0.6442071613310634,10.051880118010281,0.031160419891910724,0.024922144799999997,0.0,,false,false,false,1.0,,15.0,3.6149762534134084,0.0,0.5992,2.0076729566792184
2026,1,00-0037231,Kevin Austin Jr.,WR,NO,0,0.0,0.0,0.0,0.0,0.0,0.0,0.0,0.0,1.5123244325976888,1.0046956430728606,11.897940620907567,0.0747074604246858,2.642734467711732,0.0,10.042734467711732,0.042688690315254726,0.0,0.0,5.0,false,false,false,1.0,,10.74,,,1.0,2.642734467711732
2026,1,00-0041222,Gabriel Benyard,WR,BUF,1,0.0,0.0,0.0,0.0,0.0,0.0,0.0,0.0,1.0386436801998031,0.6805048908011491,8.703614242638844,0.056639782612932094,2.6188521826870774,0.7281471719444514,10.018852182687079,0.03400814857220742,0.024922144799999997,0.0,,false,false,false,1.0,,15.0,3.7074394716818757,0.0,0.5992,1.890705010742626
2026,1,00-0041042,Malachi Fields,WR,NYG,1,0.0,0.0,0.0,0.0,0.0,0.0,0.0,0.0,0.6388240345274392,0.41857867884826055,4.788790735914632,0.03461545569969731,2.6119061470085705,1.5067556603706629,10.01190614700857,0.019725430435413287,0.021192299999999997,0.0,4.0,false,false,false,1.0,,15.0,7.132173128120559,0.0,0.75,1.1051504866379076
2026,1,00-0041311,Jalen Walthall,WR,NYJ,1,0.0,0.0,0.0,0.0,0.0,0.0,0.0,0.0,0.8361817192802705,0.5518156229392224,6.051943590531251,0.0343729193653216,2.562818729919824,1.1995712317355471,9.962818729919825,0.027353366887332472,0.024922144799999997,0.0,,false,false,false,1.0,,15.0,4.356189693133247,0.0,0.5992,1.363247498184277
2026,1,00-0041516,Romello Brinson,WR,DAL,1,0.0,0.0,0.0,0.0,0.0,0.0,0.0,0.0,1.076691141611343,0.7003124644255874,8.876264572484205,0.0617375329827758,2.5212283628786736,0.5628642433080109,9.921228362878674,0.030366839943181678,0.024922144799999997,0.0,,false,false,false,1.0,,15.0,3.362716024031767,0.0,0.5992,1.9583641195706627
2026,1,00-0041356,Luke Wysong,WR,MIN,1,0.0,0.0,0.0,0.0,0.0,0.0,0.0,0.0,1.0193803995382513,0.6602753648887728,7.643062475794177,0.05716394190200745,2.5180505517956098,0.7504852879153745,9.91805055179561,0.030567867321969328,0.024922144799999997,0.0,,false,false,false,1.0,,15.0,3.640033547102227,0.0,0.5992,1.7675652638802353
2026,1,00-0040648,Tory Horton,WR,SEA,0,0.0,0.0,0.0,0.0,0.0,0.0,0.0,0.0,1.358285027610619,0.8462681102278476,11.637949988172766,0.08235325445480116,2.504182635773931,0.0,9.904182635773932,0.04399111292984981,0.0,0.0,4.0,false,false,false,1.0,,12.38,,,1.0,2.504182635773931
2026,1,00-0041005,Corey Rucker,WR,LV,1,0.0,0.0,0.0,0.0,0.0,0.0,0.0,0.0,0.9089074600899106,0.5792150843649087,6.67865232513948,0.045833341485438994,2.46915749330143,0.9470771275099392,9.86915749330143,0.02687876728318555,0.024922144799999997,0.0,,false,false,false,1.0,,12.0,3.8850472507963283,0.0,0.5992,1.5220803657914908
2026,1,00-0041446,Kendrick Law,WR,DET,1,0.0,0.0,0.0,0.0,0.0,0.0,0.0,0.0,1.0857915709494084,0.6951938363120931,9.39984300352339,0.07135276387793321,2.451891826838923,0.38859710690689164,9.851891826838923,0.030382153311577797,0.024922144799999997,0.0,,false,false,false,1.0,Injured Reserve,12.0,3.0328483798793657,0.0,0.5992,2.0632947199320313
2026,1,00-0041022,Jonathan Brady,WR,LV,1,0.0,0.0,0.0,0.0,0.0,0.0,0.0,0.0,0.8838164286664082,0.5640477644078441,6.417264673560114,0.044502724156606034,2.4426245291942053,0.9698339524907134,9.842624529194206,0.026136759956652326,0.024922144799999997,0.0,,false,false,false,1.0,,15.0,3.8925359671493833,0.0,0.5992,1.472790576703492
2026,1,00-0041048,Ted Hurst III,WR,TB,1,0.0,0.0,0.0,0.0,0.0,0.0,0.0,0.0,0.7756339102339002,0.4922856836869893,6.2155005293958,0.046804836694424486,2.399366679396754,1.004701922603638,9.799366679396755,0.022401696752252055,0.021192299999999997,0.0,4.0,false,false,false,1.0,,15.0,5.413472447207668,0.0,0.75,1.394664756793116
2026,1,00-0041322,Jimmy Kibble,WR,NE,1,0.0,0.0,0.0,0.0,0.0,0.0,0.0,0.0,0.9789159368116314,0.6356968867413139,8.313683934027555,0.043273081802391644,2.395502591148688,0.6687988201902684,9.795502591148688,0.0313589509334423,0.024922144799999997,0.0,,false,false,false,1.0,,12.0,3.395363501972063,0.0,0.5992,1.7267037709584194
2026,1,00-0041529,Kevin Coleman Jr.,WR,MIA,1,0.0,0.0,0.0,0.0,0.0,0.0,0.0,0.0,0.8500436067974717,0.5389133526110038,7.353125313556311,0.036124391256029315,2.3742426447041636,0.8832704132013527,9.774242644704163,0.027381891607769833,0.020200319999999997,0.0,5.0,false,false,false,1.0,,15.0,5.907324297509577,0.0,0.8,1.4909722315028109
2026,1,00-0041044,Zachariah Branch,WR,ATL,1,0.0,0.0,0.0,0.0,0.0,0.0,0.0,0.0,0.7439483198674066,0.4836950448189453,5.9270900891099,0.03195878645574418,2.3601459631112807,1.0919891906468804,9.760145963111281,0.023314806409430316,0.021192299999999997,0.0,4.0,false,false,false,1.0,,15.0,5.636113535051922,0.0,0.75,1.2681567724644003
2026,1,00-0041158,Donaven McCulley,WR,MIA,1,0.0,0.0,0.0,0.0,0.0,0.0,0.0,0.0,0.8372211443595271,0.530784127044335,7.24220727078696,0.03557947374089246,2.3574623679471407,0.8889806713787549,9.757462367947142,0.02696885011929458,0.0205772724,0.0,6.0,false,false,false,1.0,,15.0,5.90451299087355,0.0,0.7996,1.4684816965683858
2026,1,00-0039451,Isaiah Williams,WR,NYJ,0,0.0,0.0,0.0,0.0,0.0,0.0,0.0,0.0,1.5363990647966772,1.094404334781262,10.11295222782368,0.0415490734063424,2.3549939980016843,0.0,9.754993998001684,0.05025903620676008,0.0031473213161670953,0.0,4.0,false,false,false,1.0,,13.89,,,1.0,2.3549939980016843
2026,1,00-0038608,Kayshon Boutte,WR,HOU,0,0.0,0.0,0.0,0.0,0.0,0.0,0.0,0.0,1.273181649883113,0.8010278626544074,11.087789326547922,0.06649107798384747,2.3087532632122847,0.0,9.708753263212285,0.03800342405210702,0.0,0.0,4.0,false,false,false,1.0,,14.1,,,1.0,2.3087532632122847
2026,1,00-0037742,Treylon Burks,WR,WAS,0,0.0,0.0,0.0,0.0,0.0,0.0,0.0,0.0,1.5036861940476478,0.8546193621923662,10.519358438859262,0.06383261470193219,2.289550894289886,0.0,9.689550894289887,0.04860977982285038,0.0,0.0,5.0,false,false,false,1.0,,11.1,,,1.0,2.289550894289886
2026,1,00-0040669,Isaac TeSlaa,WR,DET,0,0.0,0.0,0.0,0.0,0.0,0.0,0.0,0.0,1.1799238561914447,0.7097701179085296,10.644346536494481,0.08530450912235925,2.2860318262921333,0.0,9.686031826292133,0.0330161224805335,0.0,0.0,3.0,false,false,false,1.0,,14.62,,,1.0,2.2860318262921333
2026,1,00-0038839,Mitchell Tinsley,WR,CIN,0,0.0,0.0,0.0,0.0,0.0,0.0,0.0,0.0,1.248142836249153,0.7256391817357212,10.6496065632036,0.08091947649603977,2.27611669703232,0.0,9.67611669703232,0.03221503695132583,0.0,0.0,5.0,false,false,false,1.0,,12.38,,,1.0,2.27611669703232
2026,1,00-0037570,Dennis Houston,WR,TB,0,0.0,0.0,0.0,0.0,0.0,0.0,0.0,0.0,1.2751729105024474,0.7934958327695296,10.121993870633718,0.0757129785872714,2.25997309135653,0.0,9.65997309135653,0.036829277924617945,0.0,0.0,6.0,false,false,false,1.0,,7.5,,,1.0,2.25997309135653
2026,1,00-0036955,Terrace Marshall Jr.,WR,MIA,0,0.0,0.0,0.0,0.0,0.0,0.0,0.0,0.0,1.3621494687724147,0.855770622859673,10.780607788645481,0.05330061487115926,2.2536350909511764,0.0,9.653635090951177,0.04387801850310728,0.0,0.0,6.0,false,false,false,1.0,,8.65,,,1.0,2.2536350909511764
2026,1,00-0039386,Bub Means,WR,NO,0,0.0,0.0,0.0,0.0,0.0,0.0,0.0,0.0,1.2540686211916414,0.8152236744067971,10.243610403299247,0.06593291064328873,2.235182178596454,0.0,9.635182178596455,0.035398850835315326,0.0,0.0,6.0,false,false,false,1.0,,8.53,,,1.0,2.235182178596454
2026,1,00-0037837,Calvin Austin III,WR,NYG,0,0.0,0.0,0.0,0.0,0.0,0.0,0.0,0.0,1.2999620947071349,0.8178515052404094,9.731781686576069,0.07360862186760718,2.2326814051036594,0.0,9.63268140510366,0.04013986713381606,0.0,0.0,,false,false,false,1.0,Injured Reserve,12.0,,,1.0,2.2326814051036594
2026,1,00-0031235,Odell Beckham Jr.,WR,NYG,0,0.0,0.0,0.0,0.0,0.0,0.0,0.0,0.0,1.3045449336569837,0.8500795432749858,9.343007380945176,0.06858601411355733,2.1958963660508473,0.0,9.595896366050848,0.040281374757224146,0.0,0.0,5.0,false,false,false,1.0,,9.4,,,1.0,2.1958963660508473
2026,1,00-0036415,Van Jefferson,WR,WAS,0,0.0,0.0,0.0,0.0,0.0,0.0,0.0,0.0,1.2980375364579464,0.8402023939889405,9.862624826043039,0.05601824446071548,2.1625743433575373,0.0,9.562574343357538,0.041961759773273884,0.0,0.0,6.0,false,false,false,1.0,,14.65,,,1.0,2.1625743433575373
2026,1,00-0041397,Kaden Wetjen,WR,PIT,1,0.0,0.0,0.0,0.0,0.0,0.0,0.0,0.0,0.7837390130979547,0.4858239815965556,5.870595167429009,0.037501788693838335,2.1564184148226286,0.8585241843201423,9.556418414822629,0.023090499991832446,0.0205772724,0.0,6.0,false,false,false,1.0,,15.0,5.581947046471261,0.0,0.7996,1.2978942305024863
2026,1,00-0040729,Jack Bech,WR,LV,0,0.0,0.0,0.0,0.0,0.0,0.0,0.0,0.0,1.269734782457738,0.8216245319236195,9.676097264161083,0.06047751181973045,2.1520993292581103,0.0,9.55209932925811,0.03754937353652228,0.0,0.0,3.0,false,false,false,1.0,,14.62,,,1.0,2.1520993292581103
2026,1,00-0041069,Colbie Young,WR,CIN,1,0.0,0.0,0.0,0.0,0.0,0.0,0.0,0.0,0.8181363817879708,0.5286916818954732,6.592084151358927,0.05039188254228305,2.149129636819587,0.6588782445345229,9.549129636819588,0.021116408318881126,0.021192299999999997,0.0,4.0,false,false,false,1.0,,15.0,4.1257643704231555,0.0,0.75,1.4902513922850642
2026,1,00-0041051,Zavion Thomas,WR,CHI,1,0.0,0.0,0.0,0.0,0.0,0.0,0.0,0.0,0.7396036493367119,0.47650754405664464,5.491891515185687,0.04033428195006988,2.1396809433353257,0.8719785560596931,9.539680943335325,0.02195703734312306,0.021192299999999997,0.0,4.0,false,false,false,1.0,,15.0,4.755616611514404,0.0,0.75,1.2677023872756326
2026,1,00-0034272,Marquez Valdes-Scantling,WR,DAL,0,0.0,0.0,0.0,0.0,0.0,0.0,0.0,0.0,1.2000847534703023,0.7318374800012666,9.79789063128418,0.07028321285903892,2.1333258202839183,0.0,9.533325820283919,0.03384701537745185,0.0,0.0,5.0,false,false,false,1.0,,12.95,,,1.0,2.1333258202839183
2026,1,00-0033307,Kendrick Bourne,WR,ARI,0,0.0,0.0,0.0,0.0,0.0,0.0,0.0,0.0,1.2994274159456511,0.8328571761171194,9.578200626955015,0.052418554231216136,2.1051885641999175,0.0,9.505188564199917,0.03514557251425091,0.0,0.0,3.0,false,false,false,1.0,,13.9,,,1.0,2.1051885641999175
2026,1,00-0036988,Josh Palmer,WR,BUF,0,0.0,0.0,0.0,0.0,0.0,0.0,0.0,0.0,1.185927038320254,0.7600146894628819,9.491496208207751,0.0648061072350309,2.0980009536938424,0.0,9.498000953693843,0.03883062467316476,0.0,0.0,4.0,false,false,false,1.0,,13.85,,,1.0,2.0980009536938424
2026,1,00-0041550,Brenen Thompson,WR,LAC,1,0.0,0.0,0.0,0.0,0.0,0.0,0.0,0.0,0.7662091012548685,0.5020944072010791,6.514903503057791,0.05020730503521992,2.0883325240933948,0.6335039363752171,9.488332524093394,0.022405519842200808,0.021192299999999997,0.0,4.0,false,false,false,1.0,,15.0,3.9888443332190446,0.0,0.75,1.4548285877181777
2026,1,00-0039626,Cole Burgess,WR,PIT,0,0.0,0.0,0.0,0.0,0.0,0.0,0.0,0.0,1.2405656827155431,0.7734174112822185,9.373165949618237,0.05752741440683892,2.055898492685076,0.0,9.455898492685076,0.03654951636691163,0.024922144799999997,0.0,,false,false,false,1.0,Injured Reserve,12.0,,,1.0,2.055898492685076
2026,1,00-0035500,Greg Dortch,WR,DET,0,0.0,0.0,0.0,0.0,0.0,0.0,0.0,0.0,1.0333987599422423,0.8251752192220778,7.947813414751983,0.06987420698203553,2.0392018025894894,0.0,9.43920180258949,0.028916120180511602,0.01951433570312241,0.0,4.0,false,false,false,1.0,,14.45,,,1.0,2.0392018025894894
2026,1,00-0041575,Jeff Weimer,WR,KC,1,0.0,0.0,0.0,0.0,0.0,0.0,0.0,0.0,0.9341486366844755,0.5902813106662954,7.396693615507278,0.049791931853751546,2.036834817525999,0.40813255418646666,9.436834817526,0.027454564890663592,0.024922144799999997,0.0,,false,false,false,1.0,,15.0,2.64699705921395,0.0,0.5992,1.6287022633395325
2026,1,00-0032385,Sterling Shepard,WR,HOU,0,0.0,0.0,0.0,0.0,0.0,0.0,0.0,0.0,1.185901599001142,0.846950250596593,8.563927010881615,0.0523361525313734,2.017359866872995,0.0,9.417359866872996,0.03539818639001729,0.00626868106839332,0.0,6.0,false,false,false,1.0,,13.85,,,1.0,2.017359866872995
2026,1,00-0039739,Roman Wilson,WR,PIT,0,0.0,0.0,0.0,0.0,0.0,0.0,0.0,0.0,1.3627761607743092,0.757046332699731,8.90350639265729,0.06054052960856385,2.010640149616843,0.0,9.410640149616842,0.040150078538065265,0.0,0.0,3.0,false,false,false,1.0,,12.75,,,1.0,2.010640149616843
2026,1,00-0038976,Marvin Mims Jr.,WR,DEN,0,0.0,0.0,0.0,0.0,0.0,0.0,0.0,0.0,1.2228809229476445,0.9439410768418534,7.725202404196103,0.0446443987827651,1.984327709958054,0.0,9.384327709958054,0.036264230499157134,0.01358613016108557,0.0,4.0,false,false,false,1.0,,15.35,,,1.0,1.984327709958054
2026,1,00-0038612,A.T. Perry,WR,PIT,0,0.0,0.0,0.0,0.0,0.0,0.0,0.0,0.0,1.120632770952537,0.6596748530111469,9.350881539409519,0.06153014775305371,1.9639438934704212,0.0,9.363943893470422,0.033016055799295334,0.0,0.0,6.0,false,false,false,1.0,,7.9,,,1.0,1.9639438934704212
2026,1,00-0038621,DeMario Douglas,WR,NE,0,0.0,0.0,0.0,0.0,0.0,0.0,0.0,0.0,1.0399047979179896,0.7016969107413662,9.298370832625423,0.04830666844126368,1.9213740046514907,0.0,9.32137400465149,0.03331269040278842,0.007867384875394854,0.0,3.0,false,false,false,1.0,,15.4,,,1.0,1.9213740046514907
2026,1,00-0041099,Barion Brown,WR,NO,1,0.0,0.0,0.0,0.0,0.0,0.0,0.0,0.0,0.6664530409520327,0.4355824318964165,5.36495960174535,0.0334781163645942,1.9052404536644238,0.7322933634059072,9.305240453664423,0.018812105961941713,0.021192299999999997,0.0,4.0,false,false,false,1.0,,15.0,4.102120543882146,0.0,0.75,1.1729470902585166
2026,1,00-0041248,Noah Thomas,WR,CIN,1,0.0,0.0,0.0,0.0,0.0,0.0,0.0,0.0,0.7625120252799473,0.49190582286390777,6.228347419245597,0.04703686126038755,1.901882844387036,0.5049211120362433,9.301882844387036,0.019680722716033994,0.0205772724,0.0,6.0,false,false,false,1.0,,15.0,3.9165281596773562,0.0,0.7996,1.3969617323507926
2026,1,00-0036345,K.J. Osborn,WR,TEN,0,0.0,0.0,0.0,0.0,0.0,0.0,0.0,0.0,1.2283942608372012,0.7498291006589991,8.642028562638174,0.04770714799716466,1.9002748449058044,0.0,9.300274844905804,0.03688149215835597,0.0,0.0,6.0,false,false,false,1.0,,9.3,,,1.0,1.9002748449058044
2026,1,00-0041185,Vinny Anthony II,WR,ATL,1,0.0,0.0,0.0,0.0,0.0,0.0,0.0,0.0,0.6712199914621175,0.43681375832811437,5.311455770393093,0.028807228764115487,1.8806941825320815,0.739891474579965,9.280694182532082,0.021035552794672507,0.0205772724,0.0,6.0,false,false,false,1.0,,15.0,4.8328759343990475,0.0,0.7996,1.1408027079521166
2026,1,00-0041287,Kole Wilson,WR,CLE,1,0.0,0.0,0.0,0.0,0.0,0.0,0.0,0.0,0.7611245556886455,0.48943147171661605,5.142000929626194,0.02818527923664009,1.8740696273570971,0.7013263872580211,9.274069627357097,0.023066806651952293,0.0205772724,0.0,6.0,false,false,false,1.0,,15.0,4.6723759110472844,0.0,0.7996,1.172743240099076
2026,1,00-0040590,Konata Mumpfield,WR,LA,0,0.0,0.0,0.0,0.0,0.0,0.0,0.0,0.0,1.0674149869243064,0.6579883216311213,8.74536485075944,0.05669369877081511,1.8726869993319561,0.0,9.272686999331956,0.030433564032200152,0.0,0.0,4.0,false,false,false,1.0,,13.12,,,1.0,1.8726869993319561
2026,1,00-0041070,Reggie Virgil,WR,ARI,1,0.0,0.0,0.0,0.0,0.0,0.0,0.0,0.0,0.7481374268421528,0.47196263731192717,5.384032642733328,0.030409960391810827,1.8694949701612176,0.6766693062250926,9.269494970161219,0.020234849490666517,0.020200319999999997,0.0,5.0,false,false,false,1.0,,15.0,4.576172195061589,0.0,0.8,1.192825663936125
2026,1,00-0040581,Dont'e Thornton Jr.,WR,LV,0,0.0,0.0,0.0,0.0,0.0,0.0,0.0,0.0,1.1205327181931524,0.6682177121581835,8.504920590699049,0.0554758330736437,1.8515647696699506,0.0,9.251564769669951,0.03313707884247061,0.0,0.0,,false,false,false,1.0,Injured Reserve,12.0,,,1.0,1.8515647696699506
2026,1,00-0041451,Brock Rechsteiner,WR,NO,1,0.0,0.0,0.0,0.0,0.0,0.0,0.0,0.0,0.5992241926796434,0.3919998519962441,4.790539432830409,0.03007348189326256,1.8496831741658146,0.7981884875269543,9.249683174165813,0.016914423545198842,0.0205772724,0.0,6.0,false,false,false,1.0,,15.0,5.0344711713043,0.0,0.7996,1.0514946866388604
2026,1,00-0039679,Ben Nikkel,WR,IND,0,0.0,0.0,0.0,0.0,0.0,0.0,0.0,0.0,1.027846656666766,0.673937058692788,8.447854471379026,0.054706181099638644,1.8469595924285225,0.0,9.246959592428523,0.02988062609298005,0.024922144799999997,0.0,,false,false,false,1.0,,15.0,,,1.0,1.8469595924285225
2026,1,00-0036255,Denzel Mims,WR,DAL,0,0.0,0.0,0.0,0.0,0.0,0.0,0.0,0.0,1.0376098908477045,0.621845425382741,8.769820273754558,0.055529453930954195,1.832004176343922,0.0,9.232004176343922,0.0292645980458975,0.0,0.0,6.0,false,false,false,1.0,,7.5,,,1.0,1.832004176343922
2026,1,00-0040785,Dohnte Meyers,WR,CIN,1,0.0,0.0,0.0,0.0,0.0,0.0,0.0,0.0,0.7252683872878938,0.4694785573185537,5.763169161052782,0.04460421198906513,1.829440329340109,0.5160195839818862,9.229440329340107,0.0187194503846385,0.020200319999999997,0.0,5.0,false,false,false,1.0,,15.0,3.8935186652676537,0.0,0.8,1.3134207453582227
2026,1,00-0036387,Jalen Reagor,WR,MIA,0,0.0,0.0,0.0,0.0,0.0,0.0,0.0,0.0,1.1116408835513654,0.644782272606025,9.186084787772632,0.04421433455178122,1.8286767586939756,0.0,9.228676758693975,0.0358085513928478,0.004388076810562134,0.0,6.0,false,false,false,1.0,,9.0,,,1.0,1.8286767586939756
2026,1,00-0039052,Trey Palmer,WR,NO,0,0.0,0.0,0.0,0.0,0.0,0.0,0.0,0.0,1.0622664301515048,0.658489522348531,8.572207764604803,0.052135984053430534,1.8285262031295944,0.0,9.228526203129595,0.02998481125583453,0.0029771667183085895,0.0,6.0,false,false,false,1.0,,10.6,,,1.0,1.8285262031295944
2026,1,00-0040876,Elijah Sarratt,WR,BAL,1,0.0,0.0,0.0,0.0,0.0,0.0,0.0,0.0,0.6756649623549046,0.44251069095151,5.991095030316253,0.04233787738005853,1.826324514394848,0.5306770561313616,9.226324514394848,0.021931453374457486,0.020200319999999997,0.0,5.0,false,false,false,1.0,,15.0,3.9490327389202955,0.0,0.8,1.2956474582634865
2026,1,00-0041435,Dean Patterson IV,WR,TB,1,0.0,0.0,0.0,0.0,0.0,0.0,0.0,0.0,0.6923246679949091,0.4401940801369425,5.4748120719666185,0.04170849754232925,1.8063745524330779,0.568448279845498,9.20637455243308,0.019995576601142373,0.0205772724,0.0,6.0,false,false,false,1.0,,15.0,4.074494535289665,0.0,0.7996,1.23792627258758
2026,1,00-0038104,Tyquan Thornton,WR,KC,0,0.0,0.0,0.0,0.0,0.0,0.0,0.0,0.0,0.9921607476780084,0.5381135917102897,9.089712127292927,0.05660147423553381,1.7866936498527852,0.0,9.186693649852785,0.029159536886736087,0.0,0.0,3.0,false,false,false,1.0,,12.15,,,1.0,1.7866936498527852
2026,1,00-0041368,Harrison Wallace III,WR,ARI,1,0.0,0.0,0.0,0.0,0.0,0.0,0.0,0.0,0.7109284476527449,0.4489136726765026,5.080416999838743,0.02886903445363667,1.7746728710026547,0.6445032916204578,9.174672871002654,0.019228459398973018,0.0205772724,0.0,6.0,false,false,false,1.0,,15.0,4.34625386890544,0.0,0.7996,1.1301695793821969
2026,1,00-0041443,Skyler Bell,WR,BUF,1,0.0,0.0,0.0,0.0,0.0,0.0,0.0,0.0,0.6572227792618093,0.4299647723109443,5.569834437017188,0.03589077249253565,1.7742877555417331,0.5719949045738562,9.174287755541734,0.02151934330152094,0.020200319999999997,0.0,5.0,false,false,false,1.0,,15.0,4.062267373837158,0.0,0.8,1.202292850967877
2026,1,00-0041152,Kobe Prentice,WR,NYG,1,0.0,0.0,0.0,0.0,0.0,0.0,0.0,0.0,0.5878607417642229,0.38484239887397903,4.436413479885562,0.03188088269992583,1.7614016660235539,0.7416326229614636,9.161401666023554,0.018151800089923766,0.0205772724,0.0,6.0,false,false,false,1.0,,15.0,4.720530634686161,0.0,0.7996,1.0197690430620903
2026,1,00-0041257,Eric Rivers Jr.,WR,TB,1,0.0,0.0,0.0,0.0,0.0,0.0,0.0,0.0,0.6923246679949091,0.4401940801369425,5.4748120719666185,0.04170849754232925,1.7613474222078844,0.5234211496203045,9.161347422207886,0.019995576601142373,0.0205772724,0.0,6.0,false,false,false,1.0,,15.0,3.849808256720835,0.0,0.7996,1.23792627258758
2026,1,00-0041233,Raylen Sharpe,WR,IND,1,0.0,0.0,0.0,0.0,0.0,0.0,0.0,0.0,0.6406021993229817,0.4173223632199309,5.257032063884579,0.03516836910681277,1.760946837444122,0.6069110531948565,9.160946837444122,0.018623006328964995,0.0205772724,0.0,6.0,false,false,false,1.0,,15.0,4.182534053684677,0.0,0.7996,1.1540357842492655
2026,1,00-0041228,Sahmir Hagans,WR,IND,1,0.0,0.0,0.0,0.0,0.0,0.0,0.0,0.0,0.6406021993229817,0.4173223632199309,5.257032063884579,0.03516836910681277,1.760946837444122,0.6069110531948565,9.160946837444122,0.018623006328964995,0.0205772724,0.0,6.0,false,false,false,1.0,,15.0,4.182534053684677,0.0,0.7996,1.1540357842492655
2026,1,00-0037300,Mike Woods,WR,DEN,0,0.0,0.0,0.0,0.0,0.0,0.0,0.0,0.0,1.1345307432398815,0.716024085210964,7.510990702118565,0.04823433389437597,1.7565291587890761,0.0,9.156529158789077,0.03364422783050691,0.0,0.0,6.0,false,false,false,1.0,,8.25,,,1.0,1.7565291587890761
2026,1,00-0032398,Chris Moore,WR,BAL,0,0.0,0.0,0.0,0.0,0.0,0.0,0.0,0.0,0.9461989815122428,0.5811676805557189,8.41310570028826,0.0554304033786392,1.75506067085638,0.0,9.15506067085638,0.030712734864435407,0.0019447158206947353,0.0,6.0,false,false,false,1.0,,11.25,,,1.0,1.75506067085638
2026,1,00-0040912,Hank Beatty,WR,TEN,1,0.0,0.0,0.0,0.0,0.0,0.0,0.0,0.0,0.6081251966786693,0.39203413701680817,4.714129082634518,0.024698706611761732,1.7531120548854684,0.7414727699346382,9.153112054885469,0.018258441436641876,0.0205772724,0.0,6.0,false,false,false,1.0,,15.0,4.711603206780362,0.0,0.7996,1.0116392849508302
2026,1,00-0041380,Devonte Ross,WR,LAC,1,0.0,0.0,0.0,0.0,0.0,0.0,0.0,0.0,0.6767681180343207,0.44385919071403845,5.715355163146348,0.04431256589744969,1.7474440763166268,0.4661739739032553,9.147444076316628,0.01979008272331002,0.0205772724,0.0,6.0,false,false,false,1.0,,15.0,3.6074875370603534,0.0,0.7996,1.2812701024133715
2026,1,00-0036427,Tyler Johnson,WR,DAL,0,0.0,0.0,0.0,0.0,0.0,0.0,0.0,0.0,0.9483633528826154,0.6380074475302502,8.046508564900467,0.049868334951986754,1.7418683137322175,0.0,9.141868313732218,0.026747501704031954,0.0,0.0,6.0,false,false,false,1.0,,11.9,,,1.0,1.7418683137322175
2026,1,00-0041274,Max Tomczak,WR,BUF,1,0.0,0.0,0.0,0.0,0.0,0.0,0.0,0.0,0.6777040182879794,0.44296578475902465,5.782243453269661,0.03704092824213106,1.7368740923890278,0.4934383928502508,9.136874092389029,0.02218995732731552,0.0205772724,0.0,6.0,false,false,false,1.0,,15.0,3.705703128931246,0.0,0.7996,1.243435699538777
2026,1,00-0041374,Sincere Brown,WR,LAC,1,0.0,0.0,0.0,0.0,0.0,0.0,0.0,0.0,0.6665776631432981,0.4375452969643472,5.590759142402823,0.04361189036171447,1.7279184524355518,0.46962589906063545,9.127918452435551,0.019492092998458253,0.0205772724,0.0,6.0,false,false,false,1.0,,15.0,3.6017351634579278,0.0,0.7996,1.2582925533749163
2026,1,00-0041373,Jerand Bradley,WR,LAC,1,0.0,0.0,0.0,0.0,0.0,0.0,0.0,0.0,0.6639711367779171,0.43546627504220126,5.60728374112235,0.04347466136249631,1.7271316012756017,0.4700889839461877,9.127131601275602,0.01941587284118902,0.020200319999999997,0.0,5.0,false,false,false,1.0,,15.0,3.6074875370603534,0.0,0.8,1.257042617329414
2026,1,00-0040919,Tyren Montgomery,WR,TEN,1,0.0,0.0,0.0,0.0,0.0,0.0,0.0,0.0,0.5885710821240059,0.3801231804359793,4.49646666063553,0.023857525814898736,1.7198425664095165,0.7469275650205918,9.119842566409517,0.017671345790232804,0.0205772724,0.0,6.0,false,false,false,1.0,,15.0,4.700098459575511,0.0,0.7996,0.9729150013889247
2026,1,00-0040989,Octavian Smith,WR,BAL,1,0.0,0.0,0.0,0.0,0.0,0.0,0.0,0.0,0.682029857033714,0.44667922728102016,6.047532304710053,0.042736708376872705,1.7183103441756842,0.41045763616242237,9.118310344175686,0.022138051908729743,0.0205772724,0.0,6.0,false,false,false,1.0,,15.0,3.356044505230939,0.0,0.7996,1.3078527080132618
2026,1,00-0041168,Omari Kelly,WR,CHI,1,0.0,0.0,0.0,0.0,0.0,0.0,0.0,0.0,0.6579677162697668,0.4242791853243782,4.852531077254849,0.03585289677032116,1.7114469128584089,0.5867972391866187,9.111446912858408,0.019533464619409305,0.0205772724,0.0,6.0,false,false,false,1.0,,15.0,4.052779609732761,0.0,0.7996,1.1246496736717901
2026,1,00-0032464,Kalif Raymond,WR,CHI,0,0.0,0.0,0.0,0.0,0.0,0.0,0.0,0.0,1.0223604647482452,0.7035577512531261,6.9535116992387955,0.050428650497186644,1.7014808241601256,0.0,9.101480824160125,0.03035140094663079,0.002061643116071698,0.0,3.0,false,false,false,1.0,,14.65,,,1.0,1.7014808241601256
2026,1,00-0040953,Jeff Caldwell,WR,KC,1,0.0,0.0,0.0,0.0,0.0,0.0,0.0,0.0,0.9891190724679195,0.623338910042765,8.002745243459927,0.05286020234738155,1.697733450692856,0.0,9.097733450692857,0.029070142259208613,0.024922144799999997,0.0,,false,false,false,1.0,Injured Reserve,12.0,1.6333864304585983,0.0,0.5992,1.7407746484730473
2026,1,00-0033891,Zay Jones,WR,HOU,0,0.0,0.0,0.0,0.0,0.0,0.0,0.0,0.0,1.0241102036654788,0.6488720920937637,7.570910246098588,0.04839586418050391,1.696338301786646,0.0,9.096338301786647,0.03056884644038184,0.0,0.0,6.0,false,false,false,1.0,,10.65,,,1.0,1.696338301786646
2026,1,00-0038941,Tyler Scott,WR,LA,0,0.0,0.0,0.0,0.0,0.0,0.0,0.0,0.0,1.010638696353851,0.6728657199890391,7.262755897003712,0.04822672994117917,1.6885016893364853,0.0,9.088501689336486,0.028814788864385044,0.006992239276658322,0.0,6.0,false,false,false,1.0,,8.75,,,1.0,1.6885016893364853
2026,1,00-0041272,Ja'Mori Maclin,WR,BUF,1,0.0,0.0,0.0,0.0,0.0,0.0,0.0,0.0,0.6500894257475627,0.4256799200776329,5.472052686518498,0.035470832339708346,1.6884112178390487,0.5027010350713159,9.08841121783905,0.021285777016224805,0.0205772724,0.0,6.0,false,false,false,1.0,,15.0,3.694198381726395,0.0,0.7996,1.1857101827677328
2026,1,00-0040934,Jordan Hudson,WR,DAL,1,0.0,0.0,0.0,0.0,0.0,0.0,0.0,0.0,0.6676219628962845,0.4332449044246832,5.603338157355565,0.038362014812864005,1.681626251215767,0.4578754421783431,9.081626251215768,0.018829512481623508,0.0205772724,0.0,6.0,false,false,false,1.0,,15.0,3.5085584047377383,0.0,0.7996,1.2237508090374238
2026,1,00-0040570,Jeremiah Webb,WR,NE,0,0.0,0.0,0.0,0.0,0.0,0.0,0.0,0.0,0.9505666382274377,0.6208688643473437,8.144526258360994,0.04062863241811041,1.6790932846921058,0.0,9.079093284692107,0.030450799140352938,0.024922144799999997,0.0,,false,false,false,1.0,,12.0,,,1.0,1.6790932846921058
2026,1,00-0040986,Ty Pezza,WR,BAL,1,0.0,0.0,0.0,0.0,0.0,0.0,0.0,0.0,0.6594816044919269,0.43229571079959384,5.809289435958103,0.041290381307252835,1.6788319801168394,0.4178650378779183,9.07883198011684,0.02140615669905045,0.020200319999999997,0.0,5.0,false,false,false,1.0,,15.0,3.3502921316285135,0.0,0.8,1.2609669422389211
2026,1,00-0040930,Camden Brown,WR,DAL,1,0.0,0.0,0.0,0.0,0.0,0.0,0.0,0.0,0.6782511095935216,0.4397610198707038,5.730485103766147,0.039003603683384444,1.671659293215827,0.424828140868202,9.071659293215827,0.01912929538501449,0.0205772724,0.0,6.0,false,false,false,1.0,,15.0,3.366732054883563,0.0,0.7996,1.246831152347625
2026,1,00-0040237,Tez Johnson,WR,TB,0,0.0,0.0,0.0,0.0,0.0,0.0,0.0,0.0,0.9577080369374532,0.6340821288291703,7.423832830176954,0.04907805141398819,1.6709337203307948,0.0,9.070933720330796,0.02766032368826897,0.005828470201087168,0.0,5.0,false,false,false,1.0,,15.0,,,1.0,1.6709337203307948
2026,1,00-0041179,Chris Hilton Jr.,WR,GB,1,0.0,0.0,0.0,0.0,0.0,0.0,0.0,0.0,0.632929709869662,0.3985254502992153,4.901797283894744,0.03021615622383648,1.6671559396569124,0.5971538236252039,9.067155939656914,0.020105250385909854,0.0205772724,0.0,6.0,false,false,false,1.0,,15.0,4.049811615159472,0.0,0.7996,1.0700021160317086
2026,1,00-0041176,Jaden Bradley,WR,WAS,1,0.0,0.0,0.0,0.0,0.0,0.0,0.0,0.0,0.5996631144337651,0.38507302647338937,4.61710103116715,0.0272382671945054,1.664874540622574,0.6546618078654372,9.064874540622576,0.019385355851439294,0.0205772724,0.0,6.0,false,false,false,1.0,,15.0,4.276988221107621,0.0,0.7996,1.0102127327571369
2026,1,00-0034407,Ray-Ray McCloud,WR,CHI,0,0.0,0.0,0.0,0.0,0.0,0.0,0.0,0.0,0.9985563518599031,0.7121113697129611,6.425622849212349,0.05113925445497346,1.6615091813640368,0.0,9.061509181364038,0.029644714607159672,0.0,0.0,,false,false,false,1.0,Injured Reserve,12.0,,,1.0,1.6615091813640368
2026,1,00-0036271,Quez Watkins,WR,PHI,0,0.0,0.0,0.0,0.0,0.0,0.0,0.0,0.0,0.9378839546796969,0.602446081946408,7.348468059555929,0.05262739218172797,1.6530572409923687,0.0,9.05305724099237,0.0291945441769194,0.0021705727467768833,0.0,6.0,false,false,false,1.0,,7.75,,,1.0,1.6530572409923687
2026,1,00-0041004,Chase Roberts,WR,LV,1,0.0,0.0,0.0,0.0,0.0,0.0,0.0,0.0,0.5269738120701462,0.33611856384204764,3.8444516720079127,0.02655006538026933,1.6519587047448852,0.7720945814204302,9.051958704744884,0.015583991859375264,0.0205772724,0.0,6.0,false,false,false,1.0,,15.0,4.73263149568189,0.0,0.7996,0.879864123324455
2026,1,00-0041308,Treyvhon Saunders,WR,HOU,1,0.0,0.0,0.0,0.0,0.0,0.0,0.0,0.0,0.6598641708165092,0.4328952814336054,5.245409519226365,0.03161622262631533,1.6476719579578654,0.5005383888437316,9.047671957957865,0.019696402239722847,0.0205772724,0.0,6.0,false,false,false,1.0,,15.0,3.6448301202305595,0.0,0.7996,1.1471335691141338
2026,1,00-0037801,KaVontae Turpin,WR,DAL,0,0.0,0.0,0.0,0.0,0.0,0.0,0.0,0.0,0.9040058338052485,0.5628804326943535,7.661384421995165,0.05196219339508218,1.6407920352643632,0.0,9.040792035264364,0.025496448704670268,0.019857199579993167,0.0,4.0,false,false,false,1.0,,15.35,,,1.0,1.6407920352643632
2026,1,00-0041342,Dillon Bell,WR,MIN,1,0.0,0.0,0.0,0.0,0.0,0.0,0.0,0.0,0.635809397423818,0.4108609393493005,4.856680278258578,0.03573523659964552,1.6370225341355595,0.5260821473625281,9.03702253413556,0.019065833825445497,0.0205772724,0.0,6.0,false,false,false,1.0,,15.0,3.73610080275371,0.0,0.7996,1.1109403867730314
2026,1,00-0041352,Marcus Sanders Jr.,WR,MIN,1,0.0,0.0,0.0,0.0,0.0,0.0,0.0,0.0,0.6465508334861776,0.4174315301308744,4.972916004472638,0.03636993807706957,1.6361685655508147,0.503225806510259,9.036168565550813,0.019387934184202985,0.0205772724,0.0,6.0,false,false,false,1.0,,15.0,3.644049577954023,0.0,0.7996,1.1329427590405556
2026,1,00-0040977,Cortez Braham,WR,BAL,1,0.0,0.0,0.0,0.0,0.0,0.0,0.0,0.0,0.6352192519257032,0.4171311364716373,5.52154412161726,0.03970690673899579,1.6346315722967455,0.42710458322940736,9.034631572296746,0.020618623404137212,0.0205772724,0.0,6.0,false,false,false,1.0,,15.0,3.338787384423662,0.0,0.7996,1.2075269890673381
2026,1,00-0041481,Terrill Davis,WR,MIN,1,0.0,0.0,0.0,0.0,0.0,0.0,0.0,0.0,0.635809397423818,0.4108609393493005,4.856680278258578,0.03573523659964552,1.6174226930157762,0.5064823062427448,9.017422693015776,0.019065833825445497,0.0205772724,0.0,6.0,false,false,false,1.0,,15.0,3.6382972043515975,0.0,0.7996,1.1109403867730314
2026,1,00-0040782,Isaiah Bond,WR,CLE,0,0.0,0.0,0.0,0.0,0.0,0.0,0.0,0.0,1.109931998794556,0.5973262477425646,7.8617519349752,0.03794141089271446,1.6111499065963715,0.0,9.011149906596373,0.03363784103620783,0.0065146166907877326,0.0,4.0,false,false,false,1.0,,15.0,,,1.0,1.6111499065963715
2026,1,00-0039884,Tahj Washington,WR,PHI,0,0.0,0.0,0.0,0.0,0.0,0.0,0.0,0.0,0.9316730067924056,0.5415137332956524,7.766929618646312,0.04732017143834709,1.6021277237903662,0.0,9.002127723790366,0.029001209178947294,0.0,0.0,6.0,false,false,false,1.0,,10.12,,,1.0,1.6021277237903662
2026,1,00-0041309,Daniel Sobkowicz,WR,HOU,1,0.0,0.0,0.0,0.0,0.0,0.0,0.0,0.0,0.6268881485010721,0.4120017593829877,4.912805887083427,0.029982661072752066,1.5942277850508149,0.5110494705229722,8.994227785050816,0.018712095122415312,0.0205772724,0.0,6.0,false,false,false,1.0,,15.0,3.6333253730257082,0.0,0.7996,1.0831783145278426
2026,1,00-0040970,Michael Briscoe,WR,MIN,1,0.0,0.0,0.0,0.0,0.0,0.0,0.0,0.0,0.6196078054830364,0.4007465469097094,4.700095719482554,0.034794942019633006,1.591150790554354,0.5116250195785912,8.991150790554356,0.01858000134026643,0.0205772724,0.0,6.0,false,false,false,1.0,,15.0,3.632544830749172,0.0,0.7996,1.0795257709757629
2026,1,00-0041475,Trayvon Rudolph,WR,MIN,1,0.0,0.0,0.0,0.0,0.0,0.0,0.0,0.0,0.6196078054830364,0.4007465469097094,4.700095719482554,0.034794942019633006,1.591150790554354,0.5116250195785912,8.991150790554356,0.01858000134026643,0.0205772724,0.0,6.0,false,false,false,1.0,,15.0,3.632544830749172,0.0,0.7996,1.0795257709757629
2026,1,00-0040948,J. Michael Sturdivant,WR,GB,1,0.0,0.0,0.0,0.0,0.0,0.0,0.0,0.0,0.6143434395193459,0.38682256821730454,4.757853765206588,0.02932884497937102,1.5750246367040424,0.536443622089853,8.975024636704042,0.01951485051479262,0.0205772724,0.0,6.0,false,false,false,1.0,,15.0,3.7154453963000824,0.0,0.7996,1.0385810146141894
2026,1,00-0035406,Lil'Jordan Humphrey,WR,DEN,0,0.0,0.0,0.0,0.0,0.0,0.0,0.0,0.0,1.0410705709716002,0.6524997096327809,6.678945734557908,0.04212791492069223,1.5731617726127252,0.0,8.973161772612725,0.030872689599737577,0.0,0.0,6.0,false,false,false,1.0,,12.25,,,1.0,1.5731617726127252
2026,1,00-0040522,Xavier Restrepo,WR,TEN,0,0.0,0.0,0.0,0.0,0.0,0.0,0.0,0.0,0.9662989676154801,0.5904580110918288,7.37533684647184,0.038668368738854486,1.56000190817214,0.0,8.96000190817214,0.029012304056556453,0.0,0.0,6.0,false,false,false,1.0,,10.12,,,1.0,1.56000190817214
2026,1,00-0041319,Cameron Dorner,WR,NE,1,0.0,0.0,0.0,0.0,0.0,0.0,0.0,0.0,0.619762763315125,0.402095375002164,5.301085734841546,0.027422416978161022,1.5585356863692135,0.46179723601392864,8.958535686369213,0.019853706895889913,0.0205772724,0.0,6.0,false,false,false,1.0,,15.0,3.401115875574489,0.0,0.7996,1.0967384503552848
2026,1,00-0041359,Wesley Grimes,WR,SF,1,0.0,0.0,0.0,0.0,0.0,0.0,0.0,0.0,0.5072820496688814,0.32052328494215665,4.2260273594594615,0.024526422168808338,1.5544783886274032,0.6641938347264504,8.954478388627404,0.01491580809042923,0.0205772724,0.0,6.0,false,false,false,1.0,,15.0,4.20462504654791,0.0,0.7996,0.8902845539009527
2026,1,00-0036165,Isaiah Hodgins,WR,NYG,0,0.0,0.0,0.0,0.0,0.0,0.0,0.0,0.0,0.955406313733236,0.602414653402843,6.504928351161769,0.04856428919156254,1.544293223668395,0.0,8.944293223668396,0.029500769790292092,0.0,0.0,6.0,false,false,false,1.0,,10.3,,,1.0,1.544293223668395
2026,1,00-0039236,Johnny Wilson,WR,PHI,0,0.0,0.0,0.0,0.0,0.0,0.0,0.0,0.0,0.8802424570551308,0.538724056599979,6.796993218332994,0.053997471634666956,1.5424082082412802,0.0,8.94240820824128,0.027400273957850666,0.0,0.0,,false,false,false,1.0,Injured Reserve,9.47,,,1.0,1.5424082082412802
2026,1,00-0041361,Will Pauling,WR,SF,1,0.0,0.0,0.0,0.0,0.0,0.0,0.0,0.0,0.4912973651443919,0.31070620199072213,4.065412267640879,0.02373250569130047,1.5288241969952043,0.6691817340925914,8.928824196995205,0.01444580429883249,0.0205772724,0.0,6.0,false,false,false,1.0,,15.0,4.198872672945484,0.0,0.7996,0.8596424629026129
2026,1,00-0039394,Casey Washington,WR,CAR,0,0.0,0.0,0.0,0.0,0.0,0.0,0.0,0.0,0.9607733418431011,0.5370746809812275,7.2231034700244034,0.04470738427499319,1.527629333633627,0.0,8.927629333633627,0.028630749178005073,0.0,0.0,6.0,false,false,false,1.0,,9.79,,,1.0,1.527629333633627
2026,1,00-0038359,Xavier Smith,WR,LA,0,0.0,0.0,0.0,0.0,0.0,0.0,0.0,0.0,0.8125691783297555,0.5590401214862495,6.969714792094714,0.04454764907315082,1.5232974951346259,0.0,8.923297495134626,0.02316753692071265,0.0,0.0,6.0,false,false,false,1.0,,15.16,,,1.0,1.5232974951346259
2026,1,00-0041205,Brady Boyd,WR,JAX,1,0.0,0.0,0.0,0.0,0.0,0.0,0.0,0.0,0.7262308249201195,0.480683334723546,5.697344828034369,0.03712020486520036,1.5060618026628645,0.23292275594467937,8.906061802662865,0.022654558868099656,0.0205772724,0.0,6.0,false,false,false,1.0,,15.0,2.43542824803894,0.0,0.7996,1.2731390467181851
2026,1,00-0041220,Michael Wortham,WR,JAX,1,0.0,0.0,0.0,0.0,0.0,0.0,0.0,0.0,0.7262308249201195,0.480683334723546,5.697344828034369,0.03712020486520036,1.5060618026628645,0.23292275594467937,8.906061802662865,0.022654558868099656,0.0205772724,0.0,6.0,false,false,false,1.0,,15.0,2.43542824803894,0.0,0.7996,1.2731390467181851
2026,1,00-0041216,Trebor Pena,WR,JAX,1,0.0,0.0,0.0,0.0,0.0,0.0,0.0,0.0,0.7262308249201195,0.480683334723546,5.697344828034369,0.03712020486520036,1.5060618026628645,0.23292275594467937,8.906061802662865,0.022654558868099656,0.0205772724,0.0,6.0,false,false,false,1.0,,15.0,2.43542824803894,0.0,0.7996,1.2731390467181851
2026,1,00-0041106,C.J. Williams,WR,JAX,1,0.0,0.0,0.0,0.0,0.0,0.0,0.0,0.0,0.7262308249201195,0.480683334723546,5.697344828034369,0.03712020486520036,1.5060618026628645,0.23292275594467937,8.906061802662865,0.022654558868099656,0.0205772724,0.0,6.0,false,false,false,1.0,,15.0,2.43542824803894,0.0,0.7996,1.2731390467181851
2026,1,00-0036980,Elijah Moore,WR,PHI,0,0.0,0.0,0.0,0.0,0.0,0.0,0.0,0.0,0.8485538876150337,0.5515217294890377,7.016173334451066,0.040163128020258856,1.4941178310556975,0.0,8.894117831055699,0.026413869045168008,0.00898385919097425,0.0,5.0,false,false,false,1.0,,13.55,,,1.0,1.4941178310556975
2026,1,00-0040718,Travis Hunter,WR,JAX,0,0.0,0.0,0.0,0.0,0.0,0.0,0.0,0.0,0.8381364946070753,0.5563589367905476,6.769912343966199,0.0416709188851791,1.4833756844982422,0.0,8.883375684498242,0.026145423610554105,0.021192299999999997,0.0,4.0,false,false,false,1.0,,15.0,,,1.0,1.4833756844982422
2026,1,00-0041011,E.J. Williams Jr.,WR,LV,1,0.0,0.0,0.0,0.0,0.0,0.0,0.0,0.0,0.5269738120701462,0.33611856384204764,3.8444516720079127,0.02655006538026933,1.4809500463998924,0.6010859230754374,8.880950046399892,0.015583991859375264,0.0205772724,0.0,6.0,false,false,false,1.0,,15.0,3.8792948771939026,0.0,0.7996,0.879864123324455
2026,1,00-0039379,Jamari Thrash,WR,CLE,0,0.0,0.0,0.0,0.0,0.0,0.0,0.0,0.0,1.0132120405272451,0.6453524736324705,6.294456424872354,0.033443488641939,1.47545904797134,0.0,8.87545904797134,0.030706624903365568,0.0,0.0,,false,false,false,1.0,Injured Reserve,11.37,,,1.0,1.47545904797134
2026,1,00-0035298,Scott Miller,WR,CHI,0,0.0,0.0,0.0,0.0,0.0,0.0,0.0,0.0,0.9438686378463714,0.626225597839585,5.765981256300885,0.04536432161287341,1.475009653146914,0.0,8.875009653146915,0.028021169104264942,0.0,0.0,6.0,false,false,false,1.0,,10.45,,,1.0,1.475009653146914
2026,1,00-0040138,Jaylin Noel,WR,HOU,0,0.0,0.0,0.0,0.0,0.0,0.0,0.0,0.0,0.8335615717016334,0.5698996050250787,6.543135368573652,0.040610455352104814,1.467875873995073,0.0,8.867875873995073,0.024881126652922043,0.005993798439076465,0.0,3.0,false,false,false,1.0,,15.75,,,1.0,1.467875873995073
2026,1,00-0041317,Nick DeGennaro,WR,NE,1,0.0,0.0,0.0,0.0,0.0,0.0,0.0,0.0,0.5595690072464446,0.3643840694318364,4.6500123159567766,0.024666089534522827,1.4584870366378502,0.4811051984031991,8.85848703663785,0.017925438111947776,0.0205772724,0.0,6.0,false,false,false,1.0,,15.0,3.3781063811647862,0.0,0.7996,0.9773818382346511
2026,1,00-0041318,Kyle Dixon,WR,NE,1,0.0,0.0,0.0,0.0,0.0,0.0,0.0,0.0,0.5595690072464446,0.3643840694318364,4.6500123159567766,0.024666089534522827,1.4584870366378502,0.4811051984031991,8.85848703663785,0.017925438111947776,0.0205772724,0.0,6.0,false,false,false,1.0,,15.0,3.3781063811647862,0.0,0.7996,0.9773818382346511
2026,1,00-0039792,Devontez Walker,WR,BAL,0,0.0,0.0,0.0,0.0,0.0,0.0,0.0,0.0,0.7206100485558713,0.4318479136021029,7.161530444023871,0.050951217478053014,1.4537082628728082,0.0,8.853708262872809,0.02339032887836398,0.0,0.0,4.0,false,false,false,1.0,,10.89,,,1.0,1.4537082628728082
2026,1,00-0041399,CJ Daniels,WR,LA,1,0.0,0.0,0.0,0.0,0.0,0.0,0.0,0.0,0.7214147761874933,0.4762452979365347,5.911975780251993,0.03937413343525253,1.4444578820948024,0.14077020552155317,8.844457882094803,0.020568591460515376,0.0205772724,0.0,6.0,false,false,false,1.0,,15.0,2.0061338119103413,0.0,0.7996,1.3036876765732492
2026,1,00-0041467,Lewis Bond,WR,HOU,1,0.0,0.0,0.0,0.0,0.0,0.0,0.0,0.0,0.6778946879147577,0.4451240541712714,5.350674985393365,0.03245115646272632,1.4360436046713114,0.2611451131843454,8.836043604671312,0.02023459833077271,0.020200319999999997,0.0,5.0,false,false,false,1.0,,15.0,2.480624057408693,0.0,0.8,1.174898491486966
2026,1,00-0036626,Dyami Brown,WR,WAS,0,0.0,0.0,0.0,0.0,0.0,0.0,0.0,0.0,0.8744162952044268,0.527268901296743,6.580639883339136,0.04170856952736158,1.435584306794826,0.0,8.835584306794827,0.028267323163341386,0.008285079752759042,0.0,6.0,false,false,false,1.0,,13.85,,,1.0,1.435584306794826
2026,1,00-0040024,Darius Cooper,WR,PHI,0,0.0,0.0,0.0,0.0,0.0,0.0,0.0,0.0,0.7923010719111613,0.5412856400211435,6.335957645513542,0.041794316233498705,1.4256473019734899,0.0,8.82564730197349,0.02466282585379187,0.0,0.0,6.0,false,false,false,1.0,,11.62,,,1.0,1.4256473019734899
2026,1,00-0041267,Malik McClain,WR,NYJ,1,0.0,0.0,0.0,0.0,0.0,0.0,0.0,0.0,0.5308121652689701,0.34975555249120244,3.887321493819485,0.021856967830226733,1.4182965841691644,0.548667075314653,8.818296584169165,0.0173640484718548,0.0205772724,0.0,6.0,false,false,false,1.0,,15.0,3.6074891661132575,0.0,0.7996,0.8696295088545114
2026,1,00-0041294,Joseph Manjack,WR,DEN,1,0.0,0.0,0.0,0.0,0.0,0.0,0.0,0.0,0.5717158371541412,0.37045647169789303,3.7070042620667225,0.02565155173628826,1.4125002600807224,0.5174340517584275,8.812500260080723,0.01695409136696787,0.0205772724,0.0,6.0,false,false,false,1.0,,15.0,3.4770724546218332,0.0,0.7996,0.8950662083222949
2026,1,00-0041293,Dane Key,WR,DEN,1,0.0,0.0,0.0,0.0,0.0,0.0,0.0,0.0,0.5670888213252258,0.3671166428451762,3.703425265774473,0.02546868086263469,1.4098189907530476,0.5195477361546159,8.809818990753048,0.016816878360047634,0.0205772724,0.0,6.0,false,false,false,1.0,,15.0,3.482824828224259,0.0,0.7996,0.8902712545984317
2026,1,00-0040894,Malik Benson,WR,LV,1,0.0,0.0,0.0,0.0,0.0,0.0,0.0,0.0,0.6106228656879508,0.3891286959286283,4.486857024263778,0.03079178854921566,1.4018189024517764,0.37925377280147643,8.801818902451776,0.018057712831397284,0.021192299999999997,0.0,4.0,false,false,false,1.0,,15.0,2.539580220856206,0.0,0.75,1.0225651296503
2026,1,00-0041299,Cameron Ross,WR,DEN,1,0.0,0.0,0.0,0.0,0.0,0.0,0.0,0.0,0.5620976147214176,0.364562762651568,3.6183946679065953,0.025195489786508294,1.3973616486980467,0.5197864805367693,8.797361648698047,0.01666886536601619,0.0205772724,0.0,6.0,false,false,false,1.0,,15.0,3.4713200810194076,0.0,0.7996,0.8775751681612773
2026,1,00-0041292,Kolbe Katsis,WR,DEN,1,0.0,0.0,0.0,0.0,0.0,0.0,0.0,0.0,0.5620976147214176,0.364562762651568,3.6183946679065953,0.025195489786508294,1.3973616486980467,0.5197864805367693,8.797361648698047,0.01666886536601619,0.0205772724,0.0,6.0,false,false,false,1.0,,15.0,3.4713200810194076,0.0,0.7996,0.8775751681612773
2026,1,00-0039355,Luke McCaffrey,WR,WAS,0,0.0,0.0,0.0,0.0,0.0,0.0,0.0,0.0,0.7859420763510467,0.4682221647864021,6.823597691848948,0.039239022929858675,1.386016071550449,0.0,8.78601607155045,0.02540721025182708,0.0,0.0,4.0,false,false,false,1.0,,12.79,,,1.0,1.386016071550449
2026,1,00-0040277,Jahdae Walker,WR,CHI,0,0.0,0.0,0.0,0.0,0.0,0.0,0.0,0.0,0.8188882781046675,0.48869356794608587,6.237827143325319,0.04504402953882369,1.38274045951156,0.0,8.78274045951156,0.024310805548776016,0.0,0.0,5.0,false,false,false,1.0,,11.62,,,1.0,1.38274045951156
2026,1,00-0039521,Xavier Weaver,WR,ARI,0,0.0,0.0,0.0,0.0,0.0,0.0,0.0,0.0,0.9123445035849319,0.5606543421639895,6.098451760507628,0.034711054565093644,1.3787658456053142,0.0,8.778765845605314,0.024676153138871126,0.0,0.0,,false,false,false,1.0,Injured Reserve,10.42,,,1.0,1.3787658456053142
2026,1,00-0040302,A.J. Henning,WR,MIA,0,0.0,0.0,0.0,0.0,0.0,0.0,0.0,0.0,0.7815108913466368,0.49831819205693156,6.820520652369324,0.0320290813685397,1.372544745505102,0.0,8.772544745505103,0.025174292643369883,0.0205772724,0.0,6.0,false,false,false,1.0,,15.0,,,1.0,1.372544745505102
2026,1,00-0037098,Samori Toure,WR,PHI,0,0.0,0.0,0.0,0.0,0.0,0.0,0.0,0.0,0.8329404460381814,0.5345885027396865,5.837124205923586,0.04027302650349514,1.359939082353016,0.0,8.759939082353016,0.02592785229693945,0.0,0.0,6.0,false,false,false,1.0,,8.2,,,1.0,1.359939082353016
2026,1,00-0036849,Tutu Atwell,WR,LA,0,0.0,0.0,0.0,0.0,0.0,0.0,0.0,0.0,0.8006355300595005,0.4149064224369702,6.599179212010497,0.04725077050085294,1.3583289666431375,0.0,8.758328966643138,0.022827291137001996,0.0,0.0,5.0,false,false,false,1.0,,12.85,,,1.0,1.3583289666431375
2026,1,00-0040954,Omari Evans,WR,KC,1,0.0,0.0,0.0,0.0,0.0,0.0,0.0,0.0,0.5856209156876939,0.36905597459789413,4.738130249371307,0.0312965758762218,1.3580230421282216,0.327374587335866,8.758023042128222,0.017211358877686007,0.0205772724,0.0,6.0,false,false,false,1.0,,15.0,2.664254180021227,0.0,0.7996,1.0306484547923556
2026,1,00-0041020,Xavier Loyd,WR,KC,1,0.0,0.0,0.0,0.0,0.0,0.0,0.0,0.0,0.5856209156876939,0.36905597459789413,4.738130249371307,0.0312965758762218,1.3580230421282216,0.327374587335866,8.758023042128222,0.017211358877686007,0.0205772724,0.0,6.0,false,false,false,1.0,,15.0,2.664254180021227,0.0,0.7996,1.0306484547923556
2026,1,00-0037382,Brandon Johnson,WR,LV,0,0.0,0.0,0.0,0.0,0.0,0.0,0.0,0.0,0.7538739040660442,0.4935415402448568,6.144894675010427,0.04148391048283144,1.356934470642888,0.0,8.75693447064289,0.02229402014838043,0.0,0.0,6.0,false,false,false,1.0,,8.15,,,1.0,1.356934470642888
2026,1,00-0040967,Jacob De Jesus,WR,KC,1,0.0,0.0,0.0,0.0,0.0,0.0,0.0,0.0,0.5756440322659214,0.3630940612870267,4.624344412406406,0.030736576855355437,1.3403181537487039,0.330370190088904,8.740318153748705,0.01691813895255523,0.0205772724,0.0,6.0,false,false,false,1.0,,15.0,2.6585018064188013,0.0,0.7996,1.0099479636597999
2026,1,00-0040375,Jordan Moore,WR,CIN,0,0.0,0.0,0.0,0.0,0.0,0.0,0.0,0.0,0.7252755054330456,0.4703968773683355,5.973154890236296,0.04354856376713447,1.3290037489947721,0.0,8.729003748994772,0.018719634106647256,0.0205772724,0.0,6.0,false,false,false,1.0,,15.0,,,1.0,1.3290037489947721
2026,1,00-0041100,Josh Cameron,WR,JAX,1,0.0,0.0,0.0,0.0,0.0,0.0,0.0,0.0,0.7766340820433728,0.5135915351093296,6.135387594879788,0.03973009358556565,1.3281217353110881,0.0,8.728121735311088,0.024226873780191557,0.020200319999999997,0.0,5.0,false,false,false,1.0,,15.0,1.178565252112631,0.0,0.8,1.3655108561107023
2026,1,00-0040900,Anthony Smith,WR,DAL,1,0.0,0.0,0.0,0.0,0.0,0.0,0.0,0.0,0.6680715418809647,0.4339124628378419,5.569670841928602,0.038357479826838466,1.3243480009273618,0.10332357493562894,8.724348000927362,0.018842192341744928,0.0205772724,0.0,6.0,false,false,false,1.0,,15.0,1.736611127267326,0.0,0.7996,1.2210244259917329
2026,1,00-0032775,Demarcus Robinson,WR,SF,0,0.0,0.0,0.0,0.0,0.0,0.0,0.0,0.0,0.7720023473749779,0.47417227273439055,6.3212296631419544,0.035464658855450165,1.3190831921812871,0.0,8.719083192181287,0.02269948023258909,0.0026704544645316823,0.0,4.0,false,false,false,1.0,,14.65,,,1.0,1.3190831921812871
2026,1,00-0036841,Austin Trammell,WR,JAX,0,0.0,0.0,0.0,0.0,0.0,0.0,0.0,0.0,0.808613103373073,0.48039052319109987,6.114114950437466,0.037730432918787506,1.3181846157475716,0.0,8.718184615747571,0.025224450027850273,0.0,0.0,6.0,false,false,false,1.0,,10.2,,,1.0,1.3181846157475716
2026,1,00-0041476,Rashad Rochelle,WR,SEA,1,0.0,0.0,0.0,0.0,0.0,0.0,0.0,0.0,0.716743792191598,0.47135345999332,5.776633075366117,0.04166936076134163,1.3174465423654955,0.01841361026751409,8.717446542365495,0.023213358362298188,0.0205772724,0.0,6.0,false,false,false,1.0,,15.0,1.390917214870008,0.0,0.7996,1.2990329320979814
2026,1,00-0040597,Brennan Presley,WR,LA,0,0.0,0.0,0.0,0.0,0.0,0.0,0.0,0.0,0.7214147761874933,0.4780140378774493,6.043641467419059,0.03833904524965691,1.3124124561172967,0.0,8.712412456117297,0.020568591460515376,0.0205772724,0.0,6.0,false,false,false,1.0,,15.0,,,1.0,1.3124124561172967
2026,1,00-0040890,Cyrus Allen,WR,KC,1,0.0,0.0,0.0,0.0,0.0,0.0,0.0,0.0,0.623419041502736,0.39287620332770845,5.043946586350127,0.03331657188534709,1.3107558122160816,0.21358551894127786,8.710755812216082,0.018322243224333134,0.020200319999999997,0.0,5.0,false,false,false,1.0,,15.0,2.1650978879811933,0.0,0.8,1.0971702932748038
2026,1,00-0039747,Ainias Smith,WR,CAR,0,0.0,0.0,0.0,0.0,0.0,0.0,0.0,0.0,0.7496198809881599,0.5474243600324866,5.357281473044812,0.037256410012840226,1.306690967414009,0.0,8.706690967414008,0.02233844118764371,0.004650407507599838,0.0,6.0,false,false,false,1.0,,8.37,,,1.0,1.306690967414009
2026,1,00-0035645,Gunner Olszewski,WR,NYG,0,0.0,0.0,0.0,0.0,0.0,0.0,0.0,0.0,0.7193312895413926,0.49169595649936365,5.9854288313935395,0.03396910732109218,1.2940534835652708,0.0,8.694053483565272,0.022211311010489874,0.0,0.0,,false,false,false,1.0,Injured Reserve,12.0,,,1.0,1.2940534835652708
2026,1,00-0041132,Deion Burks,WR,IND,1,0.0,0.0,0.0,0.0,0.0,0.0,0.0,0.0,0.6701793437767652,0.4362018092940641,5.538301561721714,0.03682309327070797,1.2794292582399658,0.06845873314948236,8.679429258239965,0.019482846256048684,0.0205772724,0.0,6.0,false,false,false,1.0,,15.0,1.5525809699481807,0.0,0.7996,1.2109705250904834
2026,1,00-0040099,Xavier Guillory,WR,BAL,0,0.0,0.0,0.0,0.0,0.0,0.0,0.0,0.0,0.6597764996618604,0.4345191989059915,5.8994181990476,0.04016362306152144,1.26544275717988,0.0,8.66544275717988,0.02141572872073292,0.0205772724,0.0,6.0,false,false,false,1.0,,15.0,,,1.0,1.26544275717988
2026,1,00-0039473,Xavier Johnson,WR,CIN,0,0.0,0.0,0.0,0.0,0.0,0.0,0.0,0.0,0.6936662841966639,0.451042907704726,5.596824042288475,0.04155362436130657,1.260047058101413,0.0,8.660047058101414,0.017903788194978378,0.0205772724,0.0,6.0,false,false,false,1.0,,15.0,,,1.0,1.260047058101413
2026,1,00-0040323,Chandler Brayboy,WR,JAX,0,0.0,0.0,0.0,0.0,0.0,0.0,0.0,0.0,0.7149793238310257,0.4754408910516607,5.6964216332201065,0.0354858568914729,1.2579981957225086,0.0,8.65799819572251,0.022303571571732277,0.0205772724,0.0,6.0,false,false,false,1.0,,15.0,,,1.0,1.2579981957225086
2026,1,00-0040131,Kyle Williams,WR,NE,0,0.0,0.0,0.0,0.0,0.0,0.0,0.0,0.0,0.6974046884183628,0.3794279591798962,6.601676887620041,0.036045759415117555,1.2558702044326058,0.0,8.655870204432606,0.022340916704344533,0.00247058816262976,0.0,5.0,false,false,false,1.0,,14.62,,,1.0,1.2558702044326058
2026,1,00-0039920,Malachi Corley,WR,CLE,0,0.0,0.0,0.0,0.0,0.0,0.0,0.0,0.0,0.8387514396003092,0.6230155334092983,4.949292044575287,0.022652930311941117,1.2538623197384737,0.0,8.653862319738474,0.025419383912534566,0.023255037379748652,0.0,6.0,false,false,false,1.0,,12.47,,,1.0,1.2538623197384737
2026,1,00-0040218,Jimmy Horn Jr.,WR,CAR,0,0.0,0.0,0.0,0.0,0.0,0.0,0.0,0.0,0.7580751414461196,0.5520364014624382,5.060909861025171,0.030387454946486456,1.240452117243874,0.0,8.640452117243875,0.02259040534075203,0.011823077344721631,0.0,4.0,false,false,false,1.0,,13.12,,,1.0,1.240452117243874
2026,1,00-0040621,Montorie Foster Jr,WR,SEA,0,0.0,0.0,0.0,0.0,0.0,0.0,0.0,0.0,0.68475697287113,0.4531711421627067,5.526494158360966,0.03862474412182785,1.2375690227297704,0.0,8.637569022729771,0.022177393338470512,0.020200319999999997,0.0,5.0,false,false,false,1.0,,15.0,,,1.0,1.2375690227297704
2026,1,00-0040653,Ricky White III,WR,SEA,0,0.0,0.0,0.0,0.0,0.0,0.0,0.0,0.0,0.6810833999172852,0.4503504522205245,5.535706450975892,0.03845005198740071,1.2346214092425178,0.0,8.634621409242518,0.022058416423181303,0.0205772724,0.0,6.0,false,false,false,1.0,,15.0,,,1.0,1.2346214092425178
2026,1,00-0036775,Brandon Smith,WR,PIT,0,0.0,0.0,0.0,0.0,0.0,0.0,0.0,0.0,0.7402820462932383,0.46235936431786706,5.516831867243303,0.03426621170172073,1.2196398212525217,0.0,8.619639821252521,0.021810171878927913,0.0205772724,0.0,6.0,false,false,false,1.0,,15.0,,,1.0,1.2196398212525217
2026,1,00-0040265,Ja'Seem Reed,WR,CAR,0,0.0,0.0,0.0,0.0,0.0,0.0,0.0,0.0,0.6999768729034779,0.46392102534474267,5.434954678412532,0.035036275374940196,1.2176341454356372,0.0,8.617634145435638,0.02085909486212262,0.0205772724,0.0,6.0,false,false,false,1.0,,15.0,,,1.0,1.2176341454356372
2026,1,00-0039437,Cornelius Johnson,WR,BAL,0,0.0,0.0,0.0,0.0,0.0,0.0,0.0,0.0,0.6352192519257032,0.41871595341738277,5.642719685654944,0.03863651074747284,1.2148069864677142,0.0,8.614806986467714,0.020618623404137212,0.0205772724,0.0,6.0,false,false,false,1.0,,15.0,,,1.0,1.2148069864677142
2026,1,00-0039259,Dayton Wade,WR,BAL,0,0.0,0.0,0.0,0.0,0.0,0.0,0.0,0.0,0.6352192519257032,0.41871595341738277,5.642719685654944,0.03863651074747284,1.2148069864677142,0.0,8.614806986467714,0.020618623404137212,0.0205772724,0.0,6.0,false,false,false,1.0,,15.0,,,1.0,1.2148069864677142
2026,1,00-0040053,Tyrone Broden,WR,SEA,0,0.0,0.0,0.0,0.0,0.0,0.0,0.0,0.0,0.6706453521899406,0.44383209266745616,5.4126029643325175,0.03782875699128451,1.212064931048415,0.0,8.612064931048415,0.02172035679136122,0.0205772724,0.0,6.0,false,false,false,1.0,,15.0,,,1.0,1.212064931048415
2026,1,00-0039722,JaQuae Jackson,WR,LAC,0,0.0,0.0,0.0,0.0,0.0,0.0,0.0,0.0,0.6402676428135217,0.4221513400874578,5.451613164335964,0.040790725329950164,1.2120570085007552,0.0,8.612057008500756,0.018722734240408954,0.0205772724,0.0,6.0,false,false,false,1.0,,15.0,,,1.0,1.2120570085007552
2026,1,00-0040419,Garrett Greene,WR,TB,0,0.0,0.0,0.0,0.0,0.0,0.0,0.0,0.0,0.6668561921020744,0.42599590298873014,5.353551406289405,0.03903416523803403,1.195556035045875,0.0,8.595556035045876,0.019260001394636413,0.0205772724,0.0,6.0,false,false,false,1.0,,15.0,,,1.0,1.195556035045875
2026,1,00-0040769,Jaden Smith,WR,DAL,0,0.0,0.0,0.0,0.0,0.0,0.0,0.0,0.0,0.6509097980065659,0.4247012635896152,5.50847962166863,0.03635897780088518,1.1937030925617893,0.0,8.593703092561789,0.01835816502022372,0.0205772724,0.0,6.0,false,false,false,1.0,,15.0,,,1.0,1.1937030925617893
2026,1,00-0040361,Stephen Gosnell,WR,BUF,0,0.0,0.0,0.0,0.0,0.0,0.0,0.0,0.0,0.6500894257475627,0.4273165574205908,5.593997352816984,0.03446062014868798,1.1934800135944172,0.0,8.593480013594418,0.021285777016224805,0.0205772724,0.0,6.0,false,false,false,1.0,,15.0,,,1.0,1.1934800135944172
2026,1,00-0037422,Kendric Pryor,WR,CIN,0,0.0,0.0,0.0,0.0,0.0,0.0,0.0,0.0,0.6165022026843023,0.41385810225964575,5.385589257511741,0.040165463533369715,1.1934098092110381,0.0,8.593409809211039,0.015912154172780916,0.0,0.0,6.0,false,false,false,1.0,,8.05,,,1.0,1.1934098092110381
2026,1,00-0040432,Beaux Collins,WR,ATL,0,0.0,0.0,0.0,0.0,0.0,0.0,0.0,0.0,0.7441876858627177,0.46020458264865405,5.61374999312302,0.027606276471875066,1.1872172407922064,0.0,8.587217240792206,0.023322307967929265,0.0,0.0,,false,false,false,1.0,Injured Reserve,10.87,,,1.0,1.1872172407922064
2026,1,00-0035589,Gary Jennings,WR,LAC,0,0.0,0.0,0.0,0.0,0.0,0.0,0.0,0.0,0.6305653281802687,0.4168029505091287,5.25881664898964,0.04007770787658192,1.1831508626675844,0.0,8.583150862667585,0.01843901873419192,0.0205772724,0.0,6.0,false,false,false,1.0,,15.0,,,1.0,1.1831508626675844
2026,1,00-0040164,Jaylin Lane,WR,WAS,0,0.0,0.0,0.0,0.0,0.0,0.0,0.0,0.0,0.7318094897604176,0.4389897107394605,5.5703966026020995,0.030217753345436818,1.1773358910722915,0.0,8.577335891072291,0.023657261940917416,0.0009200806154812703,0.0,6.0,false,false,false,1.0,,15.0,,,1.0,1.1773358910722915
2026,1,00-0039751,Jordan Whittington,WR,LA,0,0.0,0.0,0.0,0.0,0.0,0.0,0.0,0.0,0.6664932404485381,0.4463392882787198,5.198975289072138,0.0347965989362731,1.175016410803572,0.0,8.575016410803572,0.019002698068410706,0.003386035042030689,0.0,3.0,false,false,false,1.0,,14.84,,,1.0,1.175016410803572
2026,1,00-0039329,Julian Hicks,WR,SEA,0,0.0,0.0,0.0,0.0,0.0,0.0,0.0,0.0,0.6463553083073688,0.42849630424703866,5.142591100788284,0.036396914601774064,1.1611369019365114,0.0,8.561136901936512,0.02093366913612812,0.0205772724,0.0,6.0,false,false,false,1.0,,15.0,,,1.0,1.1611369019365114
2026,1,00-0036491,Tarik Black,WR,DET,0,0.0,0.0,0.0,0.0,0.0,0.0,0.0,0.0,0.6059495059173943,0.3830057063213331,5.242558489286301,0.040102722207985546,1.1478778884978764,0.0,8.547877888497876,0.01695541877504121,0.0,0.0,6.0,false,false,false,1.0,,7.5,,,1.0,1.1478778884978764
2026,1,00-0038647,Ronnie Bell,WR,NO,0,0.0,0.0,0.0,0.0,0.0,0.0,0.0,0.0,0.6821848136716332,0.4105597478746426,5.161958320148842,0.036793039117516184,1.147513814594624,0.0,8.547513814594625,0.01925616992021782,0.0,0.0,6.0,false,false,false,1.0,,9.35,,,1.0,1.147513814594624
2026,1,00-0040617,Luke Floriea,WR,CLE,0,0.0,0.0,0.0,0.0,0.0,0.0,0.0,0.0,0.7372121375097979,0.47689939003566356,5.026069950572429,0.02626326329537406,1.1370859648651508,0.0,8.53708596486515,0.02234211169553606,0.0205772724,0.0,6.0,false,false,false,1.0,,15.0,,,1.0,1.1370859648651508
2026,1,00-0040275,JP Richardson,WR,CHI,0,0.0,0.0,0.0,0.0,0.0,0.0,0.0,0.0,0.6602511011558128,0.42770113696943163,4.943629804247857,0.03496814017861926,1.131872958465933,0.0,8.531872958465934,0.01960125277493909,0.0205772724,0.0,6.0,false,false,false,1.0,,15.0,,,1.0,1.131872958465933
2026,1,00-0038938,Jalin Hyatt,WR,NYG,0,0.0,0.0,0.0,0.0,0.0,0.0,0.0,0.0,0.7256208848573357,0.4219174177251046,4.906184689757834,0.03628041378817716,1.1302183694299508,0.0,8.530218369429951,0.02240551938113033,0.0,0.0,6.0,false,false,false,1.0,,11.45,,,1.0,1.1302183694299508
2026,1,00-0033375,Tim Patrick,WR,NYJ,0,0.0,0.0,0.0,0.0,0.0,0.0,0.0,0.0,0.6808345469077046,0.46342900566140843,4.68702122979399,0.02944655340007883,1.1088104490412805,0.0,8.508810449041281,0.02227161479584456,0.0,0.0,5.0,false,false,false,1.0,,13.65,,,1.0,1.1088104490412805
2026,1,00-0040337,Eli Pancol,WR,IND,0,0.0,0.0,0.0,0.0,0.0,0.0,0.0,0.0,0.6110396899218482,0.40029126857244945,5.057550343158196,0.03255025631149139,1.1013478407572173,0.0,8.501347840757218,0.017763591858862903,0.0205772724,0.0,6.0,false,false,false,1.0,,15.0,,,1.0,1.1013478407572173
2026,1,00-0040438,Antwane Wells Jr.,WR,ATL,0,0.0,0.0,0.0,0.0,0.0,0.0,0.0,0.0,0.6442951249275202,0.42173346369203185,5.14309819247435,0.0267291969464988,1.0964184646184596,0.0,8.49641846461846,0.02019174680158179,0.0205772724,0.0,6.0,false,false,false,1.0,,15.0,,,1.0,1.0964184646184596
2026,1,00-0040895,Emmanuel Henderson Jr.,WR,SEA,1,0.0,0.0,0.0,0.0,0.0,0.0,0.0,0.0,0.6981098410672898,0.4594984450792172,5.586847998546991,0.04055270378636346,1.0933100934945825,0.0,8.493310093494582,0.02260985598129886,0.0205772724,0.0,6.0,false,false,false,1.0,,15.0,0.42223113353276265,0.0,0.7996,1.2614994676520972
2026,1,00-0040616,Kisean Johnson,WR,GB,0,0.0,0.0,0.0,0.0,0.0,0.0,0.0,0.0,0.632929709869662,0.4000661233182328,5.014529050047721,0.029333257398198684,1.0775185727121972,0.0,8.477518572712198,0.020105250385909854,0.0205772724,0.0,6.0,false,false,false,1.0,,15.0,,,1.0,1.0775185727121972
2026,1,00-0040239,Kaden Prather,WR,GB,0,0.0,0.0,0.0,0.0,0.0,0.0,0.0,0.0,0.632929709869662,0.4000661233182328,5.014529050047721,0.029333257398198684,1.0775185727121972,0.0,8.477518572712198,0.020105250385909854,0.0205772724,0.0,6.0,false,false,false,1.0,,15.0,,,1.0,1.0775185727121972
2026,1,00-0040753,Will Sheppard,WR,GB,0,0.0,0.0,0.0,0.0,0.0,0.0,0.0,0.0,0.632929709869662,0.4000661233182328,5.014529050047721,0.029333257398198684,1.0775185727121972,0.0,8.477518572712198,0.020105250385909854,0.0205772724,0.0,6.0,false,false,false,1.0,,15.0,,,1.0,1.0775185727121972
2026,1,00-0039415,Brenden Rice,WR,GB,0,0.0,0.0,0.0,0.0,0.0,0.0,0.0,0.0,0.632929709869662,0.4000661233182328,5.014529050047721,0.029333257398198684,1.0775185727121972,0.0,8.477518572712198,0.020105250385909854,0.0205772724,0.0,6.0,false,false,false,1.0,,15.0,,,1.0,1.0775185727121972
2026,1,00-0040049,Josh Kelly,WR,HOU,0,0.0,0.0,0.0,0.0,0.0,0.0,0.0,0.0,0.6176388441228575,0.40784968854022674,4.917465531479169,0.02863657839746017,1.0714157120729046,0.0,8.471415712072904,0.01843601100157948,0.0205772724,0.0,6.0,false,false,false,1.0,,15.0,,,1.0,1.0714157120729046
2026,1,00-0040498,Dontae Fleming,WR,MIN,0,0.0,0.0,0.0,0.0,0.0,0.0,0.0,0.0,0.6098242259582384,0.39626605404039417,4.697987669124857,0.033244763614833604,1.0655334026418815,0.0,8.465533402641881,0.018286623950448624,0.0205772724,0.0,6.0,false,false,false,1.0,,15.0,,,1.0,1.0655334026418815
2026,1,00-0040558,Isaiah Neyor,WR,GB,0,0.0,0.0,0.0,0.0,0.0,0.0,0.0,0.0,0.6232272035435117,0.39428729207683455,4.903224036260411,0.02885744028102982,1.0577543373890546,0.0,8.457754337389055,0.019797046621706248,0.0205772724,0.0,6.0,false,false,false,1.0,,15.0,,,1.0,1.0577543373890546
2026,1,00-0038953,Dylan Drummond,WR,ATL,0,0.0,0.0,0.0,0.0,0.0,0.0,0.0,0.0,0.6657678573186313,0.4342726526937192,4.589531123675513,0.02559975604308448,1.0468243013197773,0.0,8.446824301319777,0.02086468682363801,0.0,0.0,5.0,false,false,false,1.0,,11.62,,,1.0,1.0468243013197773
2026,1,00-0038181,Lucky Jackson,WR,DET,0,0.0,0.0,0.0,0.0,0.0,0.0,0.0,0.0,0.5555763127849449,0.35914319462353556,4.6864863886013195,0.03543852829331279,1.0404230032435442,0.0,8.440423003243545,0.015545897723772057,0.0205772724,0.0,6.0,false,false,false,1.0,,15.0,,,1.0,1.0404230032435442
2026,1,00-0038891,Shedrick Jackson,WR,LV,0,0.0,0.0,0.0,0.0,0.0,0.0,0.0,0.0,0.5804596535405,0.381143512414801,4.727540303452064,0.030887378346596984,1.0392218128395894,0.0,8.43922181283959,0.017165707874430065,0.004600403077406352,0.0,6.0,false,false,false,1.0,,8.5,,,1.0,1.0392218128395894
2026,1,00-0038728,Jared Wayne,WR,HOU,0,0.0,0.0,0.0,0.0,0.0,0.0,0.0,0.0,0.6142581964595089,0.44424998189160264,4.364343415356268,0.024959677272507575,1.030442387062275,0.0,8.430442387062275,0.018335101452079765,0.0,0.0,6.0,false,false,false,1.0,,9.75,,,1.0,1.030442387062275
2026,1,00-0032208,Phillip Dorsett,WR,LV,0,0.0,0.0,0.0,0.0,0.0,0.0,0.0,0.0,0.6522893121597555,0.37224000960157144,4.533322718798525,0.03359111197269214,1.0271189533175769,0.0,8.427118953317578,0.019289898469000217,0.0,0.0,6.0,false,false,false,1.0,,7.6,,,1.0,1.0271189533175769
2026,1,00-0040646,Jalen Royals,WR,KC,0,0.0,0.0,0.0,0.0,0.0,0.0,0.0,0.0,0.6406173570631476,0.434213013866093,4.19653914918472,0.028694403809752446,1.0260333516430797,0.0,8.42603335164308,0.018827700548811267,0.0,0.0,4.0,false,false,false,1.0,,10.12,,,1.0,1.0260333516430797
2026,1,00-0040184,KeAndre Lambert-Smith,WR,LAC,0,0.0,0.0,0.0,0.0,0.0,0.0,0.0,0.0,0.580263577768997,0.34400468686451335,4.625799974303581,0.036426112824521746,1.025141361242002,0.0,8.425141361242002,0.016968092762298135,0.0,0.0,5.0,false,false,false,1.0,,13.12,,,1.0,1.025141361242002
2026,1,00-0037091,Bo Melton,WR,GB,0,0.0,0.0,0.0,0.0,0.0,0.0,0.0,0.0,0.6254483089916172,0.31024300167064767,5.039953092444031,0.03201361016408125,1.0063199718995381,0.0,8.406319971899539,0.019867600871998695,0.006455086777280155,0.0,4.0,false,false,false,1.0,,13.55,,,1.0,1.0063199718995381
2026,1,00-0040120,Jimmy Holiday,WR,KC,0,0.0,0.0,0.0,0.0,0.0,0.0,0.0,0.0,0.566586892919994,0.35907445109753994,4.623895318407771,0.029349131417937612,0.9975587714459426,0.0,8.397558771445944,0.016651950243251855,0.0205772724,0.0,6.0,false,false,false,1.0,,15.0,,,1.0,0.9975587714459426
2026,1,00-0039397,Tejhaun Palmer,WR,NE,0,0.0,0.0,0.0,0.0,0.0,0.0,0.0,0.0,0.5595690072464446,0.3658216228692799,4.760202528762002,0.02389357285681812,0.9852033128863888,0.0,8.38520331288639,0.017925438111947776,0.0205772724,0.0,6.0,false,false,false,1.0,,15.0,,,1.0,0.9852033128863888
2026,1,00-0037524,Tay Martin,WR,DET,0,0.0,0.0,0.0,0.0,0.0,0.0,0.0,0.0,0.5374407069772315,0.38133072288778824,4.045414231721754,0.032663434539397,0.9818527532963456,0.0,8.381852753296346,0.015038434992626982,0.0,0.0,5.0,false,false,false,1.0,,8.25,,,1.0,0.9818527532963456
2026,1,00-0040445,Courtney Jackson,WR,TEN,0,0.0,0.0,0.0,0.0,0.0,0.0,0.0,0.0,0.5885710821240059,0.3816120059934877,4.60291914317663,0.023076334771505506,0.9803619289401837,0.0,8.380361928940184,0.017671345790232804,0.0205772724,0.0,6.0,false,false,false,1.0,,15.0,,,1.0,0.9803619289401837
2026,1,00-0034386,Justin Watson,WR,HOU,0,0.0,0.0,0.0,0.0,0.0,0.0,0.0,0.0,0.5985159329700531,0.415139231840102,4.056477925326419,0.02638705654348454,0.9791093636336512,0.0,8.37910936363365,0.017865207847357522,0.0,0.0,6.0,false,false,false,1.0,,11.4,,,1.0,0.9791093636336512
2026,1,00-0040298,Andrew Armstrong,WR,KC,0,0.0,0.0,0.0,0.0,0.0,0.0,0.0,0.0,0.5457362979306692,0.34616895488138005,4.422200211727702,0.028243649032623296,0.95785087024989,0.0,8.35785087024989,0.01603915267478876,0.0205772724,0.0,6.0,false,false,false,1.0,,15.0,,,1.0,0.95785087024989
2026,1,00-0040551,Nick Nash,WR,WAS,0,0.0,0.0,0.0,0.0,0.0,0.0,0.0,0.0,0.5686487769065905,0.3679285858970519,4.355119400147076,0.02495314457179183,0.9531593933425104,0.0,8.35315939334251,0.01838275296493587,0.0205772724,0.0,6.0,false,false,false,1.0,,15.0,,,1.0,0.9531593933425104
2026,1,00-0039062,Jonathan Mingo,WR,DAL,0,0.0,0.0,0.0,0.0,0.0,0.0,0.0,0.0,0.5471511414034558,0.2831209081171382,4.4912607584793705,0.03092551981829738,0.9178001028748595,0.0,8.317800102874859,0.015431771000606572,0.0,0.0,5.0,false,false,false,1.0,,11.85,,,1.0,0.9178001028748595
2026,1,00-0040553,Quincy Skinner Jr.,WR,NYJ,0,0.0,0.0,0.0,0.0,0.0,0.0,0.0,0.0,0.5463677540420755,0.3611088648639217,4.121982153251099,0.021757479156538338,0.9038519551282617,0.0,8.303851955128263,0.01787290643543891,0.0205772724,0.0,6.0,false,false,false,1.0,,15.0,,,1.0,0.9038519551282617
2026,1,00-0040405,Jamaal Pritchett,WR,NYJ,0,0.0,0.0,0.0,0.0,0.0,0.0,0.0,0.0,0.5463677540420755,0.3611088648639217,4.121982153251099,0.021757479156538338,0.9038519551282617,0.0,8.303851955128263,0.01787290643543891,0.0205772724,0.0,6.0,false,false,false,1.0,,15.0,,,1.0,0.9038519551282617
2026,1,00-0040633,Kyrese Rowan,WR,DEN,0,0.0,0.0,0.0,0.0,0.0,0.0,0.0,0.0,0.5620976147214176,0.36601403921197057,3.70354097245451,0.02438056444848057,0.882651523148305,0.0,8.282651523148305,0.01666886536601619,0.0205772724,0.0,6.0,false,false,false,1.0,,15.0,,,1.0,0.882651523148305
2026,1,00-0035341,Trenton Irwin,WR,SF,0,0.0,0.0,0.0,0.0,0.0,0.0,0.0,0.0,0.5212114833958473,0.32353936384796284,3.9684624492575393,0.025941952932965813,0.8760373263715118,0.0,8.276037326371512,0.015325380556901073,0.0,0.0,6.0,false,false,false,1.0,,9.0,,,1.0,0.8760373263715118
2026,1,00-0040247,Junior Bergen,WR,NYJ,0,0.0,0.0,0.0,0.0,0.0,0.0,0.0,0.0,0.5308121652689701,0.3511541028619027,3.977121212944071,0.021115725600517263,0.8755605777594133,0.0,8.275560577759414,0.0173640484718548,0.0205772724,0.0,6.0,false,false,false,1.0,,15.0,,,1.0,0.8755605777594133
2026,1,00-0035976,Dan Chisena,WR,CAR,0,0.0,0.0,0.0,0.0,0.0,0.0,0.0,0.0,0.5135268953385632,0.35186865267301076,3.6206314910236195,0.025818474330039698,0.8688426477556109,0.0,8.268842647755612,0.015302943052513505,0.0,0.0,6.0,false,false,false,1.0,,8.15,,,1.0,0.8688426477556109
2026,1,00-0040317,Jacoby Jones,WR,WAS,0,0.0,0.0,0.0,0.0,0.0,0.0,0.0,0.0,0.5106890722917196,0.33772851592598535,3.9445691944365846,0.02228896706989928,0.8659192377890395,0.0,8.26591923778904,0.01650908511383831,0.0,0.0,6.0,false,false,false,1.0,,9.75,,,1.0,0.8659192377890395
2026,1,00-0040324,Cam Camper,WR,NYJ,0,0.0,0.0,0.0,0.0,0.0,0.0,0.0,0.0,0.5219035534513146,0.3455815494949015,3.8832734424760313,0.020739416696678465,0.8583453939225755,0.0,8.258345393922577,0.017072627932650828,0.0205772724,0.0,6.0,false,false,false,1.0,,15.0,,,1.0,0.8583453939225755
2026,1,00-0040009,Savion Williams,WR,GB,0,0.0,0.0,0.0,0.0,0.0,0.0,0.0,0.0,0.4610136322468908,0.3195030171912995,3.8285555135496265,0.02197391426506447,0.8342020541366489,0.0,8.234202054136649,0.01464427149351262,0.014585885759864985,0.0,,false,false,false,1.0,Injured Reserve,12.0,,,1.0,0.8342020541366489
2026,1,00-0034487,Trent Sherfield,WR,BUF,0,0.0,0.0,0.0,0.0,0.0,0.0,0.0,0.0,0.4795961557804353,0.32783073499483073,3.5483765318520746,0.024978772129052616,0.8325410209543539,0.0,8.232541020954354,0.015703342379460684,0.0,0.0,6.0,false,false,false,1.0,,11.2,,,1.0,0.8325410209543539
2026,1,00-0036182,Nick Westbrook-Ikhine,WR,IND,0,0.0,0.0,0.0,0.0,0.0,0.0,0.0,0.0,0.5003810010711629,0.3235089105985853,3.7182962444138807,0.022382090087104924,0.829631075562603,0.0,8.229631075562603,0.014546622786638005,0.0,0.0,5.0,false,false,false,1.0,,14.15,,,1.0,0.829631075562603
2026,1,00-0040571,Gee Scott Jr.,WR,NYJ,0,0.0,0.0,0.0,0.0,0.0,0.0,0.0,0.0,0.5001777724619629,0.3315031974816685,3.695594289772624,0.019855065681904625,0.8201930205503587,0.0,8.22019302055036,0.016361929235689267,0.0205772724,0.0,6.0,false,false,false,1.0,,15.0,,,1.0,0.8201930205503587
2026,1,00-0040172,Jordan Watkins,WR,SF,0,0.0,0.0,0.0,0.0,0.0,0.0,0.0,0.0,0.4762253193869662,0.29451904375030413,3.826800333182241,0.021651552431986604,0.8071083916604478,0.0,8.207108391660448,0.014002635173895642,0.0,0.0,5.0,false,false,false,1.0,,10.12,,,1.0,0.8071083916604478
2026,1,00-0038640,Jalen Brooks,WR,ARI,0,0.0,0.0,0.0,0.0,0.0,0.0,0.0,0.0,0.5197366120028502,0.3110395564465118,3.5840113606074584,0.019695029130247243,0.7876108672887412,0.0,8.187610867288742,0.014057299823987443,0.0,0.0,4.0,false,false,false,1.0,,10.95,,,1.0,0.7876108672887412
2026,1,00-0037055,Lance McCutcheon,WR,TEN,0,0.0,0.0,0.0,0.0,0.0,0.0,0.0,0.0,0.49391011051142303,0.29003216793989434,3.8018685246020913,0.019323526822306706,0.7861601813339437,0.0,8.186160181333944,0.014829230686363456,0.0,0.0,6.0,false,false,false,1.0,,7.5,,,1.0,0.7861601813339437
2026,1,00-0034419,Braxton Berrios,WR,NYG,0,0.0,0.0,0.0,0.0,0.0,0.0,0.0,0.0,0.4783661945660768,0.34063372026231975,2.9778781127025797,0.022481504097112946,0.7733105561152555,0.0,8.173310556115256,0.014770857988376494,0.0,0.0,6.0,false,false,false,1.0,,10.4,,,1.0,0.7733105561152555
2026,1,00-0038840,Brycen Tremayne,WR,CAR,0,0.0,0.0,0.0,0.0,0.0,0.0,0.0,0.0,0.429754675173709,0.2983797686741719,3.130538322333263,0.020957225254200813,0.737176952432703,0.0,8.137176952432704,0.012806556736232634,0.0,0.0,6.0,false,false,false,1.0,,12.95,,,1.0,0.737176952432703
2026,1,00-0040582,Arian Smith,WR,NYJ,0,0.0,0.0,0.0,0.0,0.0,0.0,0.0,0.0,0.49858038963828843,0.3069043478872593,3.2779432943363775,0.016642705825118915,0.7345549122716106,0.0,8.13455491227161,0.0163096752848697,0.007011383490931776,0.0,6.0,false,false,false,1.0,,14.25,,,1.0,0.7345549122716106
2026,1,00-0035021,Ashton Dulin,WR,IND,0,0.0,0.0,0.0,0.0,0.0,0.0,0.0,0.0,0.4099303983602096,0.2572756730466676,3.3455124037312793,0.01827222880423871,0.7014602862452278,0.0,8.101460286245228,0.011917124872761033,0.003562059794999505,0.0,4.0,false,false,false,1.0,,13.05,,,1.0,0.7014602862452278
2026,1,00-0040563,Efton Chism III,WR,NE,0,0.0,0.0,0.0,0.0,0.0,0.0,0.0,0.0,0.3544064584189732,0.2211890398437852,3.519003649686165,0.016849077219269676,0.6741838681280199,0.0,8.07418386812802,0.01135318603173811,0.0,0.0,6.0,false,false,false,1.0,,12.38,,,1.0,0.6741838681280199
2026,1,00-0034854,KhaDarel Hodge,WR,SF,0,0.0,0.0,0.0,0.0,0.0,0.0,0.0,0.0,0.42144515820800477,0.23813830795827456,3.1373788029924428,0.01980098765746215,0.6706821142022918,0.0,8.070682114202292,0.012391913146886188,0.0,0.0,6.0,false,false,false,1.0,,12.25,,,1.0,0.6706821142022918
2026,1,00-0036959,Michael Bandy,WR,DEN,0,0.0,0.0,0.0,0.0,0.0,0.0,0.0,0.0,0.398319090786679,0.27627919547120444,2.818502182102565,0.017052887029075443,0.6604467358559136,0.0,8.060446735855914,0.011812053855321487,0.0,0.0,6.0,false,false,false,1.0,,8.75,,,1.0,0.6604467358559136
2026,1,00-0040259,Gage Larvadain,WR,CLE,0,0.0,0.0,0.0,0.0,0.0,0.0,0.0,0.0,0.4370101802282524,0.26536410716750236,2.854438029303958,0.0137662241335579,0.6334052548992456,0.0,8.033405254899247,0.013244125756972085,0.0020569109291353744,0.0,6.0,false,false,false,1.0,,14.25,,,1.0,0.6334052548992456
2026,1,00-0035891,Cody White,WR,SEA,0,0.0,0.0,0.0,0.0,0.0,0.0,0.0,0.0,0.3246519682459651,0.19291994874348134,2.778353751334418,0.018908333866701186,0.5842053270771302,0.0,7.984205327077131,0.010514583542991422,0.0,0.0,6.0,false,false,false,1.0,,10.2,,,1.0,0.5842053270771302
2026,1,00-0036630,Tylan Wallace,WR,CLE,0,0.0,0.0,0.0,0.0,0.0,0.0,0.0,0.0,0.4171331299968792,0.2364748008949535,2.5386604792330942,0.015258047800660344,0.581889135622225,0.0,7.981889135622225,0.012641727540975242,0.0,0.0,5.0,false,false,false,1.0,,12.9,,,1.0,0.581889135622225
2026,1,00-0038752,Jake Bobo,WR,SEA,0,0.0,0.0,0.0,0.0,0.0,0.0,0.0,0.0,0.32611682868026237,0.23432050581905176,2.2635852207884755,0.016832500187427143,0.5616740290224621,0.0,7.961674029022462,0.01056202633996092,0.0,0.0,,false,false,false,1.0,Injured Reserve,11.5,,,1.0,0.5616740290224621
2026,1,00-0037828,Danny Gray,WR,PHI,0,0.0,0.0,0.0,0.0,0.0,0.0,0.0,0.0,0.2824178041421998,0.17746361631117363,2.4251036551283387,0.01583937469388168,0.5150102299872976,0.0,7.915010229987298,0.008791129241776876,0.0,0.0,6.0,false,false,false,1.0,,7.5,,,1.0,0.5150102299872976
2026,1,00-0037132,Britain Covey,WR,PHI,0,0.0,0.0,0.0,0.0,0.0,0.0,0.0,0.0,0.2950237053258075,0.18335171905135922,2.16510726920209,0.015652904119353803,0.493779870687691,0.0,7.893779870687691,0.009183526976228366,0.0,0.0,6.0,false,false,false,1.0,,10.8,,,1.0,0.493779870687691
2026,1,00-0036862,Ben Skowronek,WR,PIT,0,0.0,0.0,0.0,0.0,0.0,0.0,0.0,0.0,0.29312689553606225,0.176047002980389,2.260061193511043,0.013771530568015451,0.48468230573958604,0.0,7.884682305739586,0.008636097560369078,0.0,0.0,5.0,false,false,false,1.0,,14.3,,,1.0,0.48468230573958604
2026,1,00-0039392,Jha'Quan Jackson,WR,TB,0,0.0,0.0,0.0,0.0,0.0,0.0,0.0,0.0,0.2660595313599239,0.16251726013066922,1.987483155632527,0.016621064069574542,0.46099196011136917,0.0,7.860991960111369,0.007684275868977876,0.002194038405281067,0.0,6.0,false,false,false,1.0,,9.79,,,1.0,0.46099196011136917
2026,1,00-0038092,Erik Ezukanma,WR,PHI,0,0.0,0.0,0.0,0.0,0.0,0.0,0.0,0.0,0.27808604415420485,0.1516934853966647,2.2200550057349897,0.013278534596878949,0.4533701935514374,0.0,7.853370193551438,0.008656289789942434,0.04278374821734383,0.0,6.0,false,false,false,1.0,,7.75,,,1.0,0.4533701935514374
2026,1,00-0036497,Tim Jones,WR,JAX,0,0.0,0.0,0.0,0.0,0.0,0.0,0.0,0.0,0.26508679986985895,0.1855455234057318,1.866943972954097,0.012201595242247423,0.44544949215462604,0.0,7.845449492154627,0.008269305442203487,0.0,0.0,6.0,false,false,false,1.0,,9.8,,,1.0,0.44544949215462604
2026,1,00-0033589,David Moore,WR,CAR,0,0.0,0.0,0.0,0.0,0.0,0.0,0.0,0.0,0.27302078011662384,0.20794169380602576,1.5644476511398957,0.011028853106067745,0.43055957755642177,0.0,7.830559577556422,0.00813593501762547,0.004999999821428578,0.0,5.0,false,false,false,1.0,,10.95,,,1.0,0.43055957755642177
2026,1,00-0040154,Tai Felton,WR,MIN,0,0.0,0.0,0.0,0.0,0.0,0.0,0.0,0.0,0.2530695373255673,0.1817648228340087,1.7317255925798012,0.012397348476141715,0.42932147294883916,0.0,7.829321472948839,0.007588723545895319,0.0,0.0,4.0,false,false,false,1.0,,13.87,,,1.0,0.42932147294883916
2026,1,00-0035544,Tom Kennedy,WR,DET,0,0.0,0.0,0.0,0.0,0.0,0.0,0.0,0.0,0.23827752714026793,0.16478991435159226,1.752276334467112,0.013870980484701487,0.42324343070651244,0.0,7.823243430706513,0.006667379406849874,0.0,0.0,6.0,false,false,false,1.0,,9.75,,,1.0,0.42324343070651244
2026,1,00-0038573,Derius Davis,WR,LAC,0,0.0,0.0,0.0,0.0,0.0,0.0,0.0,0.0,0.21984501132818088,0.15149694588800322,1.6213153341740585,0.012919816171939772,0.39114737633704766,0.0,7.791147376337048,0.006428717376829932,0.002944855407639515,0.0,6.0,false,false,false,1.0,,13.9,,,1.0,0.39114737633704766
2026,1,00-0036176,Mason Kinsey,WR,TEN,0,0.0,0.0,0.0,0.0,0.0,0.0,0.0,0.0,0.2385436730109991,0.1448447382028278,1.841117498127413,0.00823186545548626,0.3783476807484867,0.0,7.778347680748487,0.007162070750464513,0.0,0.0,6.0,false,false,false,1.0,,10.5,,,1.0,0.3783476807484867
2026,1,00-0039650,Bryce Oliver,WR,TEN,0,0.0,0.0,0.0,0.0,0.0,0.0,0.0,0.0,0.22573146578383754,0.16332382046321448,1.5290213529740895,0.009620009130867437,0.37394601054582804,0.0,7.773946010545829,0.006777395133323694,0.0,0.0,6.0,false,false,false,1.0,,9.79,,,1.0,0.37394601054582804
2026,1,00-0038632,Colton Dowell,WR,SF,0,0.0,0.0,0.0,0.0,0.0,0.0,0.0,0.0,0.20847381892896197,0.1196086392477731,1.6414671431523746,0.010808565819367377,0.3486067484792148,0.0,7.748606748479215,0.00612983541809333,0.0,0.0,6.0,false,false,false,1.0,,7.7,,,1.0,0.3486067484792148
2026,1,00-0040352,Coleman Owen,WR,IND,0,0.0,0.0,0.0,0.0,0.0,0.0,0.0,0.0,0.22107585569440233,0.12114501592096188,1.6139784125576797,0.010389275209521678,0.34487850843386,0.0,7.74487850843386,0.006426916835642068,0.0,0.0,,false,false,false,1.0,Injured Reserve,10.12,,,1.0,0.34487850843386
2026,1,00-0036635,Ihmir Smith-Marsette,WR,ARI,0,0.0,0.0,0.0,0.0,0.0,0.0,0.0,0.0,0.23217077853624057,0.14732999857047613,1.4910087410068553,0.007925782641528163,0.34398556852033063,0.0,7.743985568520331,0.00627951575640514,0.0071497574524467715,0.0,6.0,false,false,false,1.0,,10.6,,,1.0,0.34398556852033063
2026,1,00-0038824,Ryan Miller,WR,MIA,0,0.0,0.0,0.0,0.0,0.0,0.0,0.0,0.0,0.18531361009760206,0.10691045738131012,1.6859236451942474,0.007899267982371644,0.32289842979496475,0.0,7.722898429794965,0.005969384563992174,0.0,0.0,6.0,false,false,false,1.0,,12.16,,,1.0,0.32289842979496475
2026,1,00-0035140,Mecole Hardman,WR,BUF,0,0.0,0.0,0.0,0.0,0.0,0.0,0.0,0.0,0.20661371326374742,0.11315818008949145,1.4984429376022292,0.009682125370838722,0.3210952260747467,0.0,7.721095226074747,0.006765120697001009,0.0,0.0,6.0,false,false,false,1.0,,10.25,,,1.0,0.3210952260747467
2026,1,00-0037387,Jalen Virgil,WR,BUF,0,0.0,0.0,0.0,0.0,0.0,0.0,0.0,0.0,0.17889292882925134,0.11287804621666944,1.506260687205658,0.009586821639175708,0.3210250447722895,0.0,7.72102504477229,0.005857463361229106,0.0,0.0,6.0,false,false,false,1.0,,7.95,,,1.0,0.3210250447722895
2026,1,00-0037093,Dareke Young,WR,LV,0,0.0,0.0,0.0,0.0,0.0,0.0,0.0,0.0,0.18602445882912094,0.10926023872567307,1.4100726269520591,0.009089976363483045,0.3048073596017773,0.0,7.704807359601777,0.005501229066107406,0.0,0.0,5.0,false,false,false,1.0,,11.0,,,1.0,0.3048073596017773
2026,1,00-0035602,Alex Bachman,WR,LA,0,0.0,0.0,0.0,0.0,0.0,0.0,0.0,0.0,0.1709925553487616,0.12032415722219705,1.1760022744607668,0.00815850821079757,0.28687543393305914,0.0,7.68687543393306,0.004875248095617277,0.0,0.0,6.0,false,false,false,1.0,,11.55,,,1.0,0.28687543393305914
2026,1,00-0038090,Skyy Moore,WR,GB,0,0.0,0.0,0.0,0.0,0.0,0.0,0.0,0.0,0.16963326880572732,0.1046523281656094,1.3526074560513692,0.007544869217474135,0.2851822890755911,0.0,7.685182289075591,0.005388464611373388,0.00247058816262976,0.0,5.0,false,false,false,1.0,,13.7,,,1.0,0.2851822890755911
2026,1,00-0036331,Devin Duvernay,WR,ARI,0,0.0,0.0,0.0,0.0,0.0,0.0,0.0,0.0,0.18979850847799526,0.10944167376264424,1.264778256703773,0.007100412916574839,0.2785219769324706,0.0,7.678521976932471,0.0051334742987206965,0.0,0.0,6.0,false,false,false,1.0,,15.2,,,1.0,0.2785219769324706
2026,1,00-0039589,Kameron Johnson,WR,TB,0,0.0,0.0,0.0,0.0,0.0,0.0,0.0,0.0,0.15554422447251753,0.08740126305547707,1.2064723039173793,0.007723138416307807,0.2543873239450618,0.0,7.654387323945063,0.004492395835487374,0.002247045592516933,0.0,6.0,false,false,false,1.0,,13.89,,,1.0,0.2543873239450618
2026,1,00-0038496,Xavier Gipson,WR,NYG,0,0.0,0.0,0.0,0.0,0.0,0.0,0.0,0.0,0.1480789754840254,0.11281778785332543,0.8884642575178476,0.007149515812222229,0.24456130847844357,0.0,7.644561308478444,0.004572341320905564,0.0,0.0,6.0,false,false,false,1.0,,12.7,,,1.0,0.24456130847844357
2026,1,00-0039365,Jacob Cowing,WR,SF,0,0.0,0.0,0.0,0.0,0.0,0.0,0.0,0.0,0.14592265052110034,0.08170404807645043,1.1139922336593457,0.006988140155742808,0.23503211237684185,0.0,7.635032112376842,0.0042906194939091764,0.0,0.0,6.0,false,false,false,1.0,,10.26,,,1.0,0.23503211237684185
2026,1,00-0039816,Anthony Gould,WR,IND,0,0.0,0.0,0.0,0.0,0.0,0.0,0.0,0.0,0.1364532408851685,0.10271442019903508,0.9469716105144673,0.006114337345173745,0.23409760532152427,0.0,7.634097605321525,0.003966844902027975,0.0,0.0,6.0,false,false,false,1.0,,12.63,,,1.0,0.23409760532152427
2026,1,00-0037156,Irvin Charles,WR,SEA,0,0.0,0.0,0.0,0.0,0.0,0.0,0.0,0.0,0.14045588200864972,0.07507976851921677,0.951652302036973,0.00788029829698229,0.21752678850480783,0.0,7.617526788504808,0.004548979368471295,0.0,0.0,,false,false,false,1.0,Injured Reserve,9.0,,,1.0,0.21752678850480783
2026,1,00-0040534,Ke'Shawn Williams,WR,CIN,0,0.0,0.0,0.0,0.0,0.0,0.0,0.0,0.0,0.11855984142020173,0.08777897413151599,0.8712436172509602,0.006358357045136901,0.21305347812743342,0.0,7.6130534781274335,0.0030600741849170087,0.006713757428820562,0.0,6.0,false,false,false,1.0,,13.5,,,1.0,0.21305347812743342
2026,1,00-0037487,Deven Thompkins,WR,LV,0,0.0,0.0,0.0,0.0,0.0,0.0,0.0,0.0,0.1242897322880178,0.08689889542895002,0.7659586380991328,0.005402600062953666,0.19591035961658532,0.0,7.595910359616585,0.0036755719768529465,0.0019099887795985652,0.0,6.0,false,false,false,1.0,,11.2,,,1.0,0.19591035961658532
2026,1,00-0038492,Jason Brownlee,WR,KC,0,0.0,0.0,0.0,0.0,0.0,0.0,0.0,0.0,0.11413105589488436,0.061172593805247616,0.815401415352817,0.0053625302515833825,0.1748879168500296,0.0,7.57488791685003,0.0033543039694703546,0.0,0.0,6.0,false,false,false,1.0,,8.6,,,1.0,0.1748879168500296
2026,1,00-0040241,Dominic Lovett,WR,DET,0,0.0,0.0,0.0,0.0,0.0,0.0,0.0,0.0,0.09808756503168074,0.06022506765988877,0.7711788813233499,0.005971979046068435,0.17317483006863438,0.0,7.573174830068635,0.0027446441089481782,0.0,0.0,4.0,false,false,false,1.0,,10.12,,,1.0,0.17317483006863438
2026,1,00-0034867,Malik Turner,WR,SF,0,0.0,0.0,0.0,0.0,0.0,0.0,0.0,0.0,0.11456320523019851,0.059136468826160866,0.821411985062448,0.005251734736307782,0.17278807575025235,0.0,7.572788075750252,0.0033685457322085166,0.0,0.0,6.0,false,false,false,1.0,,8.1,,,1.0,0.17278807575025235
2026,1,00-0032951,Laquon Treadwell,WR,IND,0,0.0,0.0,0.0,0.0,0.0,0.0,0.0,0.0,0.09354312246031503,0.060131637547938495,0.7055593317688923,0.004462359628024616,0.15746172849297543,0.0,7.557461728492976,0.0027194008441598838,0.0,0.0,6.0,false,false,false,1.0,,9.45,,,1.0,0.15746172849297543
2026,1,00-0037745,Velus Jones Jr.,WR,SEA,0,0.0,0.0,0.0,0.0,0.0,0.0,0.0,0.0,0.09397169742792216,0.06941526731280934,0.6156352955970303,0.004284907678626484,0.15668824294427128,0.0,7.556688242944271,0.0030434845925037136,0.013557691786242622,0.0,4.0,false,false,false,1.0,,9.95,,,1.0,0.15668824294427128
2026,1,00-0040075,LaJohntay Wester,WR,BAL,0,0.0,0.0,0.0,0.0,0.0,0.0,0.0,0.0,0.08308801554689543,0.051936678393532526,0.7199038181263466,0.005204244405531707,0.15515252663935744,0.0,7.5551525266393575,0.002696959351853697,0.0,0.0,6.0,false,false,false,1.0,,14.62,,,1.0,0.15515252663935744
2026,1,00-0037708,Maurice Alexander,WR,CHI,0,0.0,0.0,0.0,0.0,0.0,0.0,0.0,0.0,0.08067803273267024,0.051494017516899124,0.5963548861089376,0.004332189732424982,0.1371226445223428,0.0,7.537122644522343,0.0023951349875972216,0.0,0.0,6.0,false,false,false,1.0,,7.8,,,1.0,0.1371226445223428
2026,1,00-0036646,Simi Fehoko,WR,ARI,0,0.0,0.0,0.0,0.0,0.0,0.0,0.0,0.0,0.0948819659126924,0.050542005405994656,0.6083967857739234,0.0037655054584186734,0.13397471673389905,0.0,7.5339747167338995,0.0025662695525416617,0.0,0.0,6.0,false,false,false,1.0,,10.6,,,1.0,0.13397471673389905
2026,1,00-0038576,Charlie Jones,WR,CIN,0,0.0,0.0,0.0,0.0,0.0,0.0,0.0,0.0,0.0810245506373149,0.04547323737603799,0.5964653473098006,0.004725841236539098,0.13347481952625265,0.0,7.533474819526253,0.002091274185084233,0.0,0.0,6.0,false,false,false,1.0,,13.3,,,1.0,0.13347481952625265
2026,1,00-0038740,Jalen Moreno-Cropper,WR,NO,0,0.0,0.0,0.0,0.0,0.0,0.0,0.0,0.0,0.0615066939945574,0.038069932246765054,0.4539123438433428,0.0029602021229113117,0.1012223793685672,0.0,7.501222379368568,0.0017361620004636108,0.0,0.0,6.0,false,false,false,1.0,,10.12,,,1.0,0.1012223793685672
2026,1,00-0038519,Nikko Remigio,WR,KC,0,0.0,0.0,0.0,0.0,0.0,0.0,0.0,0.0,0.05076892404144659,0.03390478448457921,0.4050456384256753,0.0021170548337592415,0.0871116773297022,0.0,7.487111677329702,0.0014920952242377023,0.0010914221548981883,0.0,6.0,false,false,false,1.0,,13.11,,,1.0,0.0871116773297022
2026,1,00-0040629,Dalevon Campbell,WR,LAC,0,0.0,0.0,0.0,0.0,0.0,0.0,0.0,0.0,0.04380695471580514,0.028778194819863476,0.3550106630818323,0.002748934747616375,0.08077286961374497,0.0,7.480772869613745,0.0012810048738704247,0.0,0.0,6.0,false,false,false,1.0,,9.75,,,1.0,0.08077286961374497
2026,1,00-0038911,Malik Cunningham,WR,DET,0,0.0,0.0,0.0,0.0,0.0,0.0,0.0,0.0,0.044096195927914694,0.028431722305312955,0.3433312381900651,0.002856768754536707,0.07990545865153971,0.0,7.47990545865154,0.0012338808119203026,0.01944715820694735,0.0,6.0,false,false,false,1.0,,7.85,,,1.0,0.07990545865153971
2026,1,00-0040431,Dalen Cambre,WR,NYG,0,0.0,0.0,0.0,0.0,0.0,0.0,0.0,0.0,0.048954037026727,0.030796366834078267,0.33286189097047103,0.0023660320004805072,0.07827874793400841,0.0,7.4782787479340085,0.0015115891070342517,0.0,0.0,6.0,false,false,false,1.0,,10.5,,,1.0,0.07827874793400841
2026,1,00-0040506,Myles Price,WR,MIN,0,0.0,0.0,0.0,0.0,0.0,0.0,0.0,0.0,0.043691902145177486,0.027236838748312907,0.3218747113815654,0.0022488325804531275,0.07291730536918821,0.0,7.472917305369188,0.0013101765233304709,0.0,0.0,5.0,false,false,false,1.0,,15.38,,,1.0,0.07291730536918821
2026,1,00-0036463,Chris Blair,WR,ATL,0,0.0,0.0,0.0,0.0,0.0,0.0,0.0,0.0,0.03202750235827203,0.01874157097916582,0.2205058997129427,0.0012436727577959494,0.04825419749723579,0.0,7.448254197497236,0.0010037189376189085,0.0,0.0,5.0,false,false,false,1.0,,8.53,,,1.0,0.04825419749723579
2026,1,00-0037380,Kaden Davis,WR,CHI,0,0.0,0.0,0.0,0.0,0.0,0.0,0.0,0.0,0.02871760826404614,0.01785656799230895,0.19098647877502048,0.0015205629238171368,0.04607859341271382,0.0,7.4460785934127145,0.0008525560922046976,0.0,0.0,6.0,false,false,false,1.0,,8.37,,,1.0,0.04607859341271382
2026,1,00-0039710,Jeshaun Jones,WR,MIN,0,0.0,0.0,0.0,0.0,0.0,0.0,0.0,0.0,0.028210346240961005,0.017490933089288896,0.19160668490253846,0.001409525086337132,0.04510875209756553,0.0,7.445108752097566,0.0008459355520187771,0.0,0.0,6.0,false,false,false,1.0,,9.75,,,1.0,0.04510875209756553
